t,x,y,yaw,hx,hy,v,w,actual_v,actual_w,distance,bearing,error,stale,close,state,estimate_distance,estimate_speed,rejected_measurements
0.032,-9.895465867617852e-20,-9.05499575168298e-06,1.4335101498603523e-18,1.5,0.0,0.0,-0.013693828585980103,-3.3507354409815345e-18,4.479350741066638e-17,1.500000000027331,6.036663834380559e-06,2.7331026331012254e-11,0,0,FOLLOWING,1.500000000027331,0.0,0
0.064,-3.134906349017321e-09,-7.5679873617993505e-06,-0.0004009269357107127,1.5143999447040637,3.45599336448732e-05,0.0,-0.012548780874569423,-1.1458429155133966e-07,-0.012528966908512105,1.514399948424932,0.0004287451623660435,0.014399948424931974,0,0,FOLLOWING,1.514399948424932,0.011249989200003106,0
0.096,-4.934327846756214e-09,-6.064487317969439e-06,-0.000769723488871124,1.5287995576340385,0.00013823893832010103,0.01059049730881808,-0.011313879224046962,-9.064646522147972e-08,-0.011524892416609705,1.5287995693787682,0.0008641135114369902,0.028799569378768153,0,0,FOLLOWING,1.5287995693787682,0.03009363995873091,0
0.128,0.0003242528196282529,-5.100598144730772e-06,-0.001103338743594745,1.5431985070234793,0.0003110346252658269,0.030907114374236093,-0.010003778303379077,0.010141313374456857,-0.010425492636783884,1.5428742865919338,0.001308238927861202,0.04287428659193382,0,0,FOLLOWING,1.5428742865919338,0.05378161027011825,0
0.16,0.0012867442959840173,-5.198843813901156e-06,-0.0013995271836594685,1.5575964611212292,0.0005529430132776847,0.050873472674119395,-0.008636616067264551,0.030092886142421862,-0.009255937161333239,1.556309816908898,0.0017581587767985128,0.056309816908898025,0,0,FOLLOWING,1.556309816908898,0.08026819135363994,0
0.192,0.002892483452758659,-6.697442586896821e-06,-0.0016565821715138164,1.571993088199063,0.0008639585287963936,0.07037019435623007,-0.007225597623873586,0.05019191605901708,-0.00803304123968694,1.569100846299255,0.002211457926067156,0.06910084629925506,0,0,FOLLOWING,1.569100846299255,0.1080513697550028,0
0.224,0.00512707393295728,-9.836760129752004e-06,-0.001873195923848844,1.5863880565593291,0.0012440740060383204,0.08931719621414948,-0.0057823546576195725,0.06984071372762529,-0.006769260377149808,1.5812614797903377,0.0026661772957521515,0.08126147979033771,0,0,FOLLOWING,1.5812614797903377,0.13604727797914087,0
0.256,0.007972179281256086,-1.4761688699513203e-05,-0.0020484042807308823,1.6007810345425937,0.0016932806871600148,0.10765246188871666,-0.004317151317620116,0.08891694350757082,-0.005475339391118763,1.5928097710673708,0.0031207499771466586,0.09280977106737076,0,0,FOLLOWING,1.5928097710673708,0.16349185576639733,0
0.28800000000000003,0.011407482825226025,-2.15236265135788e-05,-0.0021815443090233188,1.6151716905352809,0.0022115682224593813,0.12532905843982337,-0.002838916276819426,0.10735871545218845,-0.004160696576465584,1.6037657623952029,0.0035739499975086875,0.10376576239520285,0,0,FOLLOWING,1.6037657623952029,0.18986401723369345,0
0.32,0.01541148428259723,-3.0084251277148454e-05,-0.002271169481510514,1.6295596929773128,0.002798924670614489,0.14231339031965015,-0.0013577467608017913,0.1251289732626828,-0.0028008476339056506,1.6141506877995746,0.004023800379971991,0.1141506877995746,0,0,FOLLOWING,1.6141506877995746,0.21482579290062775,0
0.352,0.019961310091419965,-4.027528034889497e-05,-0.002315280213027094,1.6439447103697498,0.0034553364989586832,0.158584730067601,0.00011560343278264422,0.14218471474109406,-0.0013785120969194268,1.6239871624127076,0.004467769197873669,0.12398716241270757,0,0,FOLLOWING,1.6239871624127076,0.23817585055431417,0
0.384,0.025033700730543392,-5.1925260600601626e-05,-0.0023137002662081416,1.6583264112824274,0.004180788583792339,0.17413260106681783,0.0015754488737504957,0.1585138433642576,4.9331233038238343e-05,1.6332981951280081,0.004905216374417267,0.1332981951280081,0,0,FOLLOWING,1.6332981951280081,0.2598135432618518,0
0.41600000000000004,0.03060514254784181,-6.47417459034725e-05,-0.0022666727552637274,1.6727044643615931,0.004975264210731911,0.18895552462112655,0.003017676980308773,0.174108361095142,0.0014695764762703402,1.6421070563033415,0.005335908619199865,0.14210705630334153,0,0,FOLLOWING,1.6421070563033415,0.27971122517998326,0
0.448,0.03665213525913318,-7.840597830270875e-05,-0.0021747725647682306,1.6870785383375397,0.005838745075093632,0.20305950609504034,0.004439626663877958,0.1889686485996558,0.0028718563875006434,1.6504370102051504,0.0057599828412429445,0.15043701020515043,0,0,FOLLOWING,1.6504370102051504,0.297893046933141,0
0.48,0.0431512568478223,-9.245855150775292e-05,-0.0020403984256907384,1.7014483020322388,0.006771211282316836,0.2164568638536106,0.005843383377585671,0.2030971104091037,0.004199173805070891,1.658311249443528,0.006179361743408167,0.15831124944352792,0,0,FOLLOWING,1.658311249443528,0.31441881682105266,0
0.512,0.0500798485456151,-0.00010645108188557864,-0.001865006698649796,1.7158134243669707,0.007772641348421594,0.22916415361763798,0.007229399743137756,0.21651759080664207,0.005480978642403017,1.6657522101789706,0.006595075050219091,0.16575221017897057,0,0,FOLLOWING,1.6657522101789706,0.32937181160230855,0
0.544,0.05741566121237286,-0.00011990510006204239,-0.0016492135374481995,1.7301735743699518,0.008843012200502987,0.24120188721527,0.00859662562613502,0.22924285938924527,0.0067435277009585725,1.6727819253919007,0.007007329889218325,0.17278192539190074,0,0,FOLLOWING,1.6727819253919007,0.34284965674490986,0
0.5760000000000001,0.06513712423331879,-0.00013231179835945968,-0.0013936435160119547,1.7445284211839616,0.009982299177264342,0.25259327460581027,0.009944430111968612,0.24129411177877394,0.007986558013786919,1.6794217557328328,0.007416354660082535,0.1794217557328328,0,0,FOLLOWING,1.6794217557328328,0.3549575833372165,0
0.608,0.07322343403832005,-0.00014313784309941463,-0.001098922924870749,1.7588776340739645,0.011190476029583785,0.2633633864552157,0.011272531481497478,0.25269531103346654,0.009210016061756804,1.6856923007777023,0.007822391530201252,0.18569230077770227,0,0,FOLLOWING,1.6856923007777023,0.36580351728296473,0
0.64,0.08165461038704899,-0.0001518306799536633,-0.000765673355775885,1.7732208824347302,0.012467514921120082,0.27353846675462773,0.012580932538179428,0.2634721833756517,0.01041404879546826,1.6916133425262077,0.00822568938478566,0.19161334252620765,0,0,FOLLOWING,1.6916133425262077,0.37549457391303337,0
0.672,0.09041153061921131,-0.00015782318853050465,-0.00039450635497353004,1.7875578357984512,0.013813386428954133,0.28314537174487675,0.013869863174474794,0.2736515295566305,0.011598970237686912,1.6972038109436713,0.008626497895063355,0.19720381094367134,0,0,FOLLOWING,1.6972038109436713,0.38413462407311433,0
0.704,0.09947594636813871,-0.0001605377127813847,1.3980908624930928e-05,1.8018881638423558,0.015228059544265427,0.29221111913748776,0.0151397301944692,0.2832606765054027,0.012765229767018466,1.7024817670480412,0.009025062627315925,0.20248176704804122,0,0,FOLLOWING,1.7024817670480412,0.391822671142129,0
0.736,0.10883048624909479,-0.00015938951083514633,0.0004592090413805325,1.81621153639632,0.016711501673048135,0.3007625324708482,0.01639107412178041,0.292327038703099,0.013913382934321688,1.707464400030402,0.009421621098614715,0.207464400030402,0,0,FOLLOWING,1.707464400030402,0.3986518363256437,0
0.768,0.11845864751348252,-0.00015378967556609597,0.0009406189839664987,1.830527623450474,0.018263678636861513,0.3088259662538667,0.017624532525069115,0.300877773055802,0.015044065248372847,1.7121680354173703,0.009816399677581519,0.21216803541737028,0,0,FOLLOWING,1.7121680354173703,0.4047087951564961,0
0.8,0.12834477920677426,-0.0001431475808797686,0.0014576738314583256,1.8448360951628051,0.019884554673616606,0.3164270987377881,0.01884080928273334,0.30893951310029644,0.016157969085184718,1.7166081517370413,0.010209611228178424,0.2166081517370413,0,0,FOLLOWING,1.7166081517370413,0.4100735439723106,0
0.8320000000000001,0.13847405895427273,-0.00012687290935217566,0.002009860013434326,1.859136621866758,0.02157409243840125,0.32359078056459106,0.020040649160419775,0.3165381696139428,0.01725582368986712,1.7207994035638163,0.010601453398599171,0.22079940356381633,0,0,FOLLOWING,1.7207994035638163,0.4148194032559659,0
0.864,0.14883246512863776,-0.00010437731528538753,0.0025966879284219997,1.8734288740788303,0.023332253004340386,0.33034092901713336,0.021224817069905793,0.32369878605995406,0.018338378126375753,1.7247556491876286,0.010992107463806201,0.22475564918762858,0,0,FOLLOWING,1.7247556491876286,0.41901318673397836,0
0.896,0.15940674582892794,-7.507577411616785e-05,0.003217692120327645,1.8877125225061628,0.025158995863492017,0.33670045903940915,0.022394081400735292,0.330445438736129,0.019406386965776786,1.7284899814772756,0.011381737637868707,0.22848998147727562,0,0,FOLLOWING,1.7284899814772756,0.42271548231139605,0
0.928,0.17018438582202408,-3.838766499062834e-05,0.003872431076752532,1.9019872380541283,0.02705427892778145,0.34269124354272096,0.0235492008556412,0.3368011729104582,0.020460598471316142,1.7320147607865122,0.011770490780218681,0.23201476078651218,0,0,FOLLOWING,1.7320147607865122,0.42598100429830005,0
0.96,0.18115357236093513,6.262371362956763e-06,0.004560486721023787,1.9162526918339116,0.029018058529970858,0.34833409673170174,0.024690914269543483,0.34278796755542235,0.02150174502794504,1.7353416489879585,0.01215849642776808,0.2353416489879585,0,0,FOLLOWING,1.7353416489879585,0.4288589867602288,0
0.992,0.19230316059667218,5.944376222377162e-05,0.005281463661739019,1.9305085551700885,0.031050289424665478,0.35364877525950306,0.025819932944400513,0.3484267224973344,0.02253053556540683,1.7384816439177606,0.01254586709231685,0.2384816439177606,0,0,FOLLOWING,1.7384816439177606,0.4313935958432463,0
1.024,0.2036226391366543,0.000121719487543304,0.006034988255900493,1.9447544996081985,0.033150924789354774,0.3586539929534122,0.026936935084997855,0.35373726286246104,0.023547649733554225,1.7414451136777094,0.012932698769693256,0.24144511367770938,0,0,FOLLOWING,1.7414451136777094,0.43362434509122744,0
1.056,0.21510209616845455,0.00019364569192160285,0.0068207075344223645,1.9589901969223122,0.03531991622549324,0.3633674456480533,0.028042561971611393,0.35873835662561127,0.02455373360203022,1.7442418303757352,0.013319071613594224,0.2442418303757352,0,0,FOLLOWING,1.7442418303757352,0.43558650248956626,0
1.088,0.226732186458791,0.0002757714004083083,0.007638288031999797,1.9732153191225934,0.03755721375961385,0.36780584333480704,0.029137415553152798,0.36344774185612166,0.025549396672004506,1.7468810029946378,0.013705050733123772,0.24688100299463778,0,0,FOLLOWING,1.7468810029946378,0.43731148155312843,0
1.12,0.23850409945006007,0.0003686383184957894,0.008487414557063365,1.987429538462855,0.039862765844480785,0.3719849473969453,0.030222057188197482,0.3678821609218168,0.026535210004181995,1.7493713091665635,0.014090687078607262,0.24937130916656347,0,0,FOLLOWING,1.7493713091665635,0.4388272114771903,0
1.1520000000000001,0.25040952860687155,0.00047278070006910155,0.009367788931812766,2.001632527448113,0.042236519360275504,0.3759196111642814,0.03129700730092565,0.37205739946699246,0.027511705284061373,1.7517209257006063,0.014476018385382134,0.25172092570060633,0,0,FOLLOWING,1.7517209257006063,0.44015848338561253,0
1.184,0.2624406421099038,0.0005887252700147335,0.01027912872713206,2.015823958842129,0.04467841961582242,0.37962382240259046,0.03236274575449392,0.37598832843992974,0.0284793746622101,1.7539375577660699,0.014861070149974629,0.25393755776606985,0,0,FOLLOWING,1.7539375577660699,0.44132727119581655,0
1.216,0.2745900549513062,0.0007169911906826597,0.011221166012519324,2.0300035056749515,0.04718841034984722,0.38311074666427936,0.03341971277577668,0.37968894782222185,0.029438671223649335,1.7560284666770534,0.015245856617356755,0.25602846667705337,0,0,FOLLOWING,1.7560284666770534,0.44235302669718585,0
1.248,0.28685080245260725,0.0008580900634761418,0.012193646137012494,2.044170841250449,0.049766433732275184,0.38639277067893335,0.03446831029306393,0.3831724310192543,0.0303900099566365,1.7580004962572888,0.01563038176186898,0.2580004962572888,0,0,FOLLOWING,1.7580004962572888,0.443252949203805,0
1.28,0.29921631520075176,0.0010125259585547822,0.01319632655343438,2.058325639153837,0.05241243036556076,0.38948154516551325,0.03550890357237771,0.3864511691193274,0.03133376910651305,1.7598600977895176,0.016014640247871956,0.2598600977895176,0,0,FOLLOWING,1.7598600977895176,0.4440422306686862,0
1.312,0.3116803953501988,0.001180754576701788,0.01422916701650536,2.072467573259197,0.05512633928605948,0.3923880331241813,0.036541424318507744,0.389536795353561,0.03227627089603632,1.761613354853547,0.016398450238361926,0.2616133548535471,0,0,FOLLOWING,1.761613354853547,0.44473427749305644,0
1.344,0.32423719454921573,0.001363313494330716,0.015291724308663364,2.0865963177369933,0.05790809796542884,0.395122529625412,0.03756663029346166,0.3924403107034075,0.03320492184611919,1.7632660014116064,0.016781984597249954,0.2632660014116064,0,0,FOLLOWING,1.7632660014116064,0.4453409104761177,0
1.3760000000000001,0.33688119254337545,0.0015606840718838941,0.016383790977745862,2.100711547061578,0.06075764231207281,0.39769472246886445,0.038584776484030435,0.3951719895781472,0.03412708989433095,1.7648234470860529,0.01716521048713206,0.2648234470860529,0,0,FOLLOWING,1.7648234470860529,0.4458725444630253,0
1.408,0.3496071775932247,0.0017733396397458644,0.017505166687980217,2.114812936018692,0.063674906672615,0.40011372163261255,0.03959609223889299,0.3977415149090948,0.03504299748467793,1.7662907953051088,0.017548090534634853,0.2662907953051088,0,0,FOLLOWING,1.7662907953051088,0.44633834928865407,0
1.44,0.36241022795691347,0.0020017466303614874,0.018655657379554005,2.1289001597129573,0.06665982383341407,0.4023880944811053,0.04060078186208236,0.40015799212203607,0.03595284073927607,1.7676728616865363,0.01793058296394557,0.26767286168653626,0,0,FOLLOWING,1.7676728616865363,0.44674639360278123,0
1.472,0.3752856944867347,0.0022463646760529647,0.01983507462414354,2.1429728935753634,0.06971232502211056,0.4045258992066313,0.041599026258400604,0.4024299834686922,0.03685679563936124,1.7689741913400594,0.018312642138638025,0.2689741913400594,0,0,FOLLOWING,1.7689741913400594,0.44710377311442107,0
1.504,0.388229184300807,0.002507646684909038,0.021043235011947388,2.1570308133707448,0.07283233990921223,0.4065347164304547,0.04259098462789505,0.40456554157471347,0.03775501901154684,1.7701990750979275,0.018694219099291504,0.2701990750979275,0,0,FOLLOWING,1.7701990750979275,0.44741672472114125,0
1.536,0.4012365454722975,0.0027860389273147664,0.02227995957523295,2.1710735952052507,0.07601979660971381,0.40842167898574244,0.0435767961319898,0.4065722412046668,0.03864764966875854,1.771351564730087,0.019075262071561547,0.27135156473008704,0,0,FOLLOWING,1.771351564730087,0.44769072790228476,0
1.568,0.4143038526770971,0.003081981131682114,0.023545073250677402,2.1851009155338095,0.07927462168475397,0.4101934999296196,0.04455658151006207,0.40845720918301803,0.039534809622432915,1.7724354872029642,0.019455716941566642,0.2724354872029642,0,0,FOLLOWING,1.7724354872029642,0.44793059465976615,0
1.6,0.4274273937423073,0.0033959065871470265,0.0248384043813743,2.199112451167581,0.08259674014330731,0.41185649884609277,0.04553044463284353,0.4102271525155403,0.040416605321980395,1.7734544580394462,0.019835527697497732,0.27345445803944624,0,0,FOLLOWING,1.7734544580394462,0.44814054919136487,0
1.6320000000000001,0.44060365704001647,0.0037282422513181344,0.02615978425837031,2.2131078792814036,0.08598607544391135,0.4134166265110668,0.04649847398361947,0.41188838477715856,0.04129312889003326,1.7744118938355562,0.020214636837352036,0.2744118938355562,0,0,FOLLOWING,1.7744118938355562,0.4483242983827319,0
1.6640000000000001,0.4538293196732718,0.004079408861464544,0.027509046700871745,2.227086877421234,0.08944254949643038,0.4148794879965525,0.047460744061717484,0.41344685084183375,0.04216445933082802,1.7753110239868766,0.02059298574339597,0.27531102398687657,0,0,FOLLOWING,1.7753110239868766,0.44848509410809206,0
1.696,0.46710123640374046,0.004449821047787471,0.02888602767375883,2.241049123511572,0.09296608266385542,0.4162503642943732,0.048417316705434824,0.41490815003523607,0.04303066369603439,1.7761549016751954,0.020970515024447665,0.2761549016751954,0,0,FOLLOWING,1.7761549016751954,0.4486257882375186,0
1.728,0.4804164292732311,0.0048398874476445084,0.03029056494071614,2.2549942958628857,0.09655659376413772,0.41753423254086053,0.049368242333558264,0.41627755779363107,0.0438917981977344,1.7769464141631945,0.021347164827387546,0.27694641416319454,0,0,FOLLOWING,1.7769464141631945,0.44874888116175415,0
1.76,0.4937720778739382,0.00525001081978425,0.03172249775108455,2.268922073179022,0.10021400007206127,0.41873578492358193,0.050313561106121125,0.41756004591304047,0.04474790926219883,1.7776882924422788,0.021722875119509488,0.2776882924422788,0,0,FOLLOWING,1.7776882924422788,0.4488565645644432,0
1.792,0.5071655102249412,0.005680588157818152,0.03318166655843864,2.282832134564606,0.10393821732114594,0.4198594463496441,0.0512533040060694,0.418760301471856,0.045599034521290785,1.7783831202760048,0.022097585943414426,0.27838312027600476,0,0,FOLLOWING,1.7783831202760048,0.4489507590966118,0
1.824,0.5205941942150917,0.006132010802300163,0.03466791276885203,2.29672415953244,0.10772915970559094,0.4209093909527512,0.052187493844322065,0.4198827445082436,0.04644520374020761,1.7790333426789624,0.022471237646199557,0.2790333426789624,0,0,FOLLOWING,1.7790333426789624,0.44903314753935597,0
1.856,0.5340557295749442,0.00660466455091135,0.03618107851683648,2.310597828010883,0.11158673988225187,0.4218895575132355,0.053116146191136894,0.4209315445309552,0.04728643968227181,1.7796412738684289,0.022843771084665426,0.27964127386842885,0,0,FOLLOWING,1.7796412738684289,0.44910520397781795,0
1.8880000000000001,0.5475478403427996,0.007098929766355686,0.03772100646697881,2.324452820351227,0.1155108689726515,0.42280366386198664,0.054039270237090285,0.4219106359389952,0.04812275891198248,1.7802091047237174,0.023215127808230707,0.2802091047237174,0,0,FOLLOWING,1.7802091047237174,0.44916821945243474,0
1.92,0.5610683677922329,0.007615181481667881,0.039287539639375355,2.3382888173350604,0.11950145656502975,0.42365522033565145,0.05495686958711291,0.42282373242200755,0.048954172538687946,1.7807389097858337,0.02358525022117658,0.2807389097858337,0,0,FOLLOWING,1.7807389097858337,0.4492233245018303,0
1.952,0.5746152637906614,0.008153789502712535,0.04088052125704769,2.3521055001816267,0.1235584107164247,0.42444754234681825,0.05586894299114557,0.4236743404096145,0.04978068690349028,1.7812326538278738,0.023954081725757484,0.28123265382787377,0,0,FOLLOWING,1.7812326538278738,0.44927150896521684,0
1.984,0.5881865845605663,0.008715118507724634,0.04249979461361025,2.3659025505551625,0.12768163795479226,0.4251837621291877,0.056775485014971615,0.42446577163399724,0.05060230421211717,1.7816921980245213,0.024321566847643486,0.2816921980245213,0,0,FOLLOWING,1.7816921980245213,0.44931363937041474,0
2.016,0.6017804848169209,0.009299528143795173,0.04414520295955881,2.379679650572238,0.1318710432811594,0.4258668397141446,0.05767648665475021,0.42520115486629173,0.05141902311682136,1.782119305747099,0.024687651345064128,0.282119305747099,0,0,FOLLOWING,1.782119305747099,0.44935047419622615,0
2.048,0.6153952122561964,0.009907373120254725,0.04581658940563813,2.3934364828090793,0.13612653017181275,0.4264995731915016,0.0585719358987132,0.42588344688359686,0.05223083925010286,1.7825156480087672,0.02505228230294764,0.28251564800876716,0,0,FOLLOWING,1.7825156480087672,0.44938267726448916,0
2.08,0.6290291023725092,0.010538996444424194,0.04751379145635184,2.407172730308879,0.14044800058052187,0.42708460883748034,0.0594618402060638,0.4265154325015591,0.05303757741614693,1.7828828090837454,0.02541541743310196,0.2828828090837454,0,0,FOLLOWING,1.7828828090837454,0.44941082948737787,0
2.112,0.6426805735632012,0.011194749732178823,0.049236638044656625,2.4208880765891028,0.1448353549408007,0.4276244480234725,0.06034620685554693,0.4270997734415831,0.053838969759327754,1.7832222898949357,0.025777016724016694,0.2832222898949357,0,0,FOLLOWING,1.7832222898949357,0.4494354391690352,0
2.144,0.6563481225765269,0.011874973321190902,0.05098496932209543,2.434582205648779,0.1492884921681984,0.42812145809344493,0.06122502285016967,0.4276389603255795,0.05463536685241351,1.7835355139053808,0.026137033831466924,0.2835355139053808,0,0,FOLLOWING,1.7835355139053808,0.4494569510371018,0
2.176,0.6700303201780956,0.012580002775011223,0.052758625142103055,2.44825480197578,0.15380730966263023,0.4285778792966674,0.062098274006675586,0.4281353577061308,0.05542675938117741,1.7838238309528698,0.026495424002456178,0.2838238309528698,0,0,FOLLOWING,1.7838238309528698,0.4494757541588462,0
2.208,0.6837258070890042,0.013310169100996833,0.054557445004595494,2.4619055505540914,0.15839170331074126,0.42899583212468434,0.06296594517188146,0.4285912035234662,0.05621313629815173,1.7840885212450128,0.026852144057235048,0.2840885212450128,0,0,FOLLOWING,1.7840885212450128,0.4494921888781294,0
2.24,0.6974332901551367,0.01406579883312794,0.05638126801990816,2.4755341368710693,0.16304156748830412,0.4293773242030195,0.06382802055802728,0.4290086161225183,0.05699448542883304,1.7843307991340387,0.027207152426676193,0.2843307991340387,0,0,FOLLOWING,1.7843307991340387,0.4495065528930895,0
2.2720000000000002,0.7111515387365658,0.014847214106717885,0.05822993288361952,2.4891402469246886,0.1677567950626544,0.4297242567509051,0.06468448404803873,0.4293896011060862,0.057770793811918866,1.7845518166734724,0.02756040918243292,0.2845518166734724,0,0,FOLLOWING,1.7845518166734724,0.4495191065800038,0
2.3040000000000003,0.7248793813039346,0.015654732729774978,0.06010327786119653,2.502723567230775,0.17253727739515734,0.4300384306370744,0.0655353194672929,0.42973605778468904,0.05854204800624135,1.7847526669694471,0.027911876058219473,0.2847526669694471,0,0,FOLLOWING,1.7847526669694471,0.4495300776560136,0
2.336,0.7386157022289922,0.016488668251427044,0.0620011407813686,2.5162837848302293,0.17738290434371085,0.43032155205906125,0.06638051082438522,0.4300497852262451,0.05930823436355549,1.7849343873394559,0.028261516463006238,0.28493438733945586,0,0,FOLLOWING,1.7849343873394559,0.4495396652621834,0
2.368,0.7523594387572522,0.017349330027624933,0.06392335903721734,2.5298205872962383,0.1822935642652851,0.4305752378715452,0.06722004252345846,0.4303324879301764,0.06006933926964816,1.7850979622905236,0.028609295486960354,0.28509796229052364,0,0,FOLLOWING,1.7850979622905236,0.4495480435384171,0
2.4,0.7661095781515417,0.01823702328430881,0.06586976959405283,2.543333662741472,0.18726914401849248,0.43080102058753655,0.0680538995505064,0.4305857811509601,0.060825349356432884,1.785244326328027,0.028955179900900824,0.2852443263280271,0,0,FOLLOWING,1.785244326328027,0.44955536475306085,0
2.432,0.7798651549959668,0.019152049178193943,0.06784020900322033,2.55682269982527,0.19230952896619558,0.43100035307440543,0.06888206763594025,0.4308111958947228,0.06157625168726967,1.7853743666055917,0.029299138149999307,0.2853743666055917,0,0,FOLLOWING,1.7853743666055917,0.44956176204230835,0
2.464,0.7936252486505182,0.020094704855315008,0.06983451342106471,2.570287387760814,0.19741460297814795,0.4311746129652264,0.06970453339551952,0.4310101836107687,0.062322033918149534,1.7854889254258242,0.029641140342384867,0.28548892542582416,0,0,FOLLOWING,1.7854889254258242,0.44956735180778123,0
2.496,0.8073889808471993,0.021065283507449475,0.07185251863234679,2.5837274163222905,0.2025842484336704,0.43132510680440106,0.07052128445162115,0.43118412059847777,0.0630626844368246,1.785588802600974,0.029981158233266497,0.2855888026009741,0,0,FOLLOWING,1.785588802600974,0.44957223581471095,0
2.528,0.8211555134191599,0.02206407442652993,0.07389406007747423,2.597142475852036,0.20781834622436046,0.43145307394516047,0.07133230953664733,0.43133431214851786,0.06379819248200368,1.7856747576820073,0.030319165205130075,0.28567475768200734,0,0,FOLLOWING,1.7856747576820073,0.4495765030279229,0
2.56,0.8349240461548874,0.023091363057144324,0.07595897288297403,2.610532257267671,0.21311677575683619,0.4315596902152736,0.07213759858025369,0.4314619964359724,0.0645285482446563,1.7857475120640172,0.030655136244516105,0.28574751206401716,0,0,FOLLOWING,1.7857475120640172,0.4495802312182297,0
2.592,0.8486938147700281,0.024147431047213355,0.07804709189469032,2.623896452069225,0.21847941495551626,0.43164607136615135,0.0729371427819206,0.43156834818174683,0.06525374295318932,1.7858077509753845,0.030989047915838425,0.28580775097538447,0,0,FOLLOWING,1.7858077509753845,0.4495834883678321,0
2.624,0.8624640889898999,0.025232556296931042,0.08015825171324374,2.637234752346241,0.22390614026542977,0.4317132763193763,0.07373093467027322,0.43165448209747476,0.06597376894410294,1.785856125357582,0.031320878332656545,0.285856125357582,0,0,FOLLOWING,1.785856125357582,0.4495863338997624,0
2.656,0.876234170736204,0.02634701300604605,0.08229228673133787,2.650546850784871,0.22939682665506655,0.4317623102237675,0.0745189681504499,0.4317214561279486,0.06668861971972935,1.7858932536421053,0.03165060712678082,0.28589325364210527,0,0,FOLLOWING,1.7858932536421053,0.4495888197533226,0
2.688,0.8900033924118709,0.027491071719559872,0.08444903117254297,2.663832440674955,0.2349513476192543,0.43179412733510264,0.07530123854066556,0.43177027450427097,0.06739828999438875,1.7859197234305622,0.03197821541553809,0.28591972343056216,0,0,FOLLOWING,1.7859197234305622,0.4495909913247376,0
2.72,0.9037711152783561,0.02866499937191175,0.08662831913122317,2.67709121591709,0.24056957518207644,0.4318096337297941,0.07607774259907925,0.4318018906198095,0.0681027757301247,1.7859360930835837,0.032303685767512094,0.2859360930835837,0,0,FOLLOWING,1.7859360930835837,0.44959288828986244,0
2.7520000000000002,0.9175367279200688,0.0298690593297193,0.08882998461331428,2.690322871029681,0.24625137989981793,0.43180968986300644,0.07684847854191684,0.43181720974029664,0.06880207416328953,1.7859428932238441,0.03262700216701915,0.28594289322384414,0,0,FOLLOWING,1.7859428932238441,0.44959454532367965,0
2.7840000000000003,0.9312996447909513,0.031103511433138675,0.09105386157768572,2.7035271011559794,0.2519966308639494,0.4317951129809802,0.07761344605377159,0.43181709155858317,0.06949618382279411,1.7859406281581514,0.03294814997757391,0.28594062815815136,0,0,FOLLOWING,1.7859406281581514,0.44959599272950324,0
2.816,0.9450593048385387,0.03236861203590796,0.09329978397785316,2.7167036020711075,0.2578051957041432,0.43176667939664926,0.07837264629088558,0.43180235260378286,0.070185104541068,1.78592977722325,0.03326711590455786,0.2859297772232501,0,0,FOLLOWING,1.78592977722325,0.44959725698918374,0
2.848,0.9588151702011193,0.0336646140441324,0.09556758580383176,2.7298520701890667,0.2636769405913221,0.431725126637007,0.07912608187817426,0.43177376851392363,0.07086883745845815,1.7859107960596938,0.03358388795729117,0.28591079605969383,0,0,FOLLOWING,1.7859107960596938,0.4495983612442061,0
2.88,0.9725667249738883,0.03499176695386931,0.0978571011239464,2.742972202569734,0.2696117302407437,0.4316711554701104,0.0798737569006719,0.43173207618054227,0.07154738502187498,1.785884117817869,0.03389845541068261,0.28588411781786904,0,0,FOLLOWING,1.785884117817869,0.44959932571634265,0
2.912,0.9863134740402385,0.036350316887567236,0.10016816412643115,2.7560636969258385,0.2756094279151172,0.43160543181905225,0.0806156768900331,0.4316779757731109,0.0722207509782202,1.7858501542999972,0.034210808766619305,0.28585015429999716,0,0,FOLLOWING,1.7858501542999972,0.4496001680754309,0
2.944,1.0000549419645646,0.037740506629412335,0.1025006091606743,2.76912625162993,0.2816698954277529,0.4315285885697791,0.08135184880666124,0.4316121326506129,0.07288894036329666,1.785809297041726,0.03452093971523551,0.2858092970417261,0,0,FOLLOWING,1.785809297041726,0.4496009037609124,0
2.976,1.0137906719431808,0.03916257565963095,0.10485427077797979,2.7821595657213267,0.28779299314574813,0.43144122727911643,0.08208228101799699,0.4315351791671401,0.07355195948670952,1.7857619183366702,0.03482884109619211,0.2857619183366702,0,0,FOLLOWING,1.7857619183366702,0.44960154626293036,0
3.008,1.0275202248101536,0.04061676018779756,0.1072289837717328,2.795163338913047,0.293978579993202,0.43134391978898984,0.08280698327343217,0.4314477163778501,0.07420981591323207,1.785708372207086,0.03513450686007426,0.2857083722070859,0,0,FOLLOWING,1.785708372207086,0.4496021073680599,0
3.04,1.041243178095038,0.042103293185192646,0.10962458321686822,2.808137271598733,0.30022651345446716,0.4312372097524168,0.08352596667630942,0.43135031565128396,0.07486251844103087,1.785648995323668,0.03543793203001752,0.28564899532366805,0,0,FOLLOWING,1.785648995323668,0.4496025973741184,0
3.072,1.0549591251296941,0.04362240441625452,0.11204090450856061,2.8210810648595492,0.3065366495774331,0.4311216140764573,0.08423924365339493,0.43124352019357937,0.07551007707733781,1.7855841078772565,0.03573911266364435,0.2855841078772565,0,0,FOLLOWING,1.7855841078772565,0.44960302527792867,0
3.104,1.0686676742015175,0.04517432046916593,0.11447778340005618,2.833994420471071,0.3129088429768426,0.43099762428701854,0.08494682792219739,0.43112784648978525,0.07615250301163194,1.785514014405113,0.036038045815398434,0.2855140144051129,0,0,FOLLOWING,1.785514014405113,0.449603398939443,0
3.136,1.0823684477505744,0.046759264785615276,0.11693505603958744,2.846877040910157,0.31934294683764164,0.43086570782006095,0.08564873445646745,0.43100378566712677,0.07678980858697498,1.7854390045742392,0.0363347294993422,0.2854390045742392,0,0,FOLLOWING,1.7854390045742392,0.44960372522519665,0
3.168,1.096061081608286,0.04837745768976969,0.11941255900631374,2.8597286293618023,0.32583881291836203,0.43072630924345745,0.08634497945018045,0.4308718047848104,0.07742200726957581,1.7853593539240744,0.03662916265248455,0.2853593539240744,0,0,FOLLOWING,1.7853593539240744,0.4496040101336835,0
3.2,1.1097452242754293,0.05002911641649431,0.12191012934524559,2.8725488897259766,0.33239629155453665,0.43057985141352617,0.08703558028028408,0.4307323480545459,0.07804911361702559,1.7852753245707853,0.03692134509868844,0.2852753245707853,0,0,FOLLOWING,1.7852753245707853,0.44960425890493677,0
3.232,1.1234205362373633,0.05171445513885402,0.1244276046011113,2.8853375266244488,0.33901523166214753,0.4304267365699535,0.08772055546845951,0.43058583799586214,0.07867114324525469,1.7851871658752123,0.03721127751321088,0.2851871658752123,0,0,FOLLOWING,1.7851871658752123,0.4496044761162948,0
3.2640000000000002,1.1370866893144973,0.053433684994926685,0.12696482285114136,2.89809424540759,0.34569548074110745,0.430267347372629,0.0883999246421272,0.4304326765298802,0.07928811279470266,1.785095115076435,0.037498961387912005,0.2850951150764349,0,0,FOLLOWING,1.785095115076435,0.44960466576609437,0
3.2960000000000003,1.1507433660461421,0.05518701411396023,0.12952162273674536,2.9108187521611653,0.35243688487877345,0.4301020478836768,0.08907370849489699,0.43027324601507544,0.07990003989571604,1.7849993978927965,0.037784398997168234,0.2849993978927965,0,0,FOLLOWING,1.7849993978927965,0.44960483134680884,0
3.3280000000000003,1.1643902591059745,0.056974647641902,0.13209784349406198,2.9235107537131,0.359239288753492,0.4299311844977679,0.08974192874666483,0.4301079102283192,0.08050694313332621,1.7849002290921296,0.038067593364521535,0.28490022909212964,0,0,FOLLOWING,1.7849002290921296,0.4496049759089612,0
3.36,1.1780270707474627,0.05879678776632733,0.13469332498337497,2.936169957640241,0.36610253563817907,0.42975508682361835,0.09040460810350325,0.4299370152942464,0.0811088420118254,1.7847978130328237,0.038348548230085766,0.2847978130328237,0,0,FOLLOWING,1.7847978130328237,0.4496051021169732,0
3.392,1.1916535122776777,0.06065363374079366,0.1373079077173856,2.9487960722750888,0.3730264674039301,0.42957406851938346,0.09106177021751352,0.4297608905658949,0.08170575691901619,1.7846923441772795,0.03862726801873004,0.2846923441772795,0,0,FOLLOWING,1.7846923441772795,0.4496052122979671,0
3.424,1.20526930355801,0.06254538190864496,0.13994143288833924,2.961388806712522,0.38001092452366314,0.42938842808451294,0.09171343964676934,0.4295798494592635,0.08229770909040648,1.7845840075792168,0.03890375780905597,0.28458400757921676,0,0,FOLLOWING,1.7845840075792168,0.4496053084844097,0
3.456,1.2188741725303933,0.06447222572628927,0.14259374239401035,2.9739478708164957,0.3870557460757952,0.42919844961046183,0.09235964181546644,0.4293941902444154,0.08288472057353966,1.7844729793462093,0.03917802330317821,0.2844729793462093,0,0,FOLLOWING,1.7844729793462093,0.4496053924513668,0
3.488,1.23246785476771,0.06643435578597286,0.145264678862547,2.9864729752267287,0.39416076974794967,0.42900440349252544,0.09300040297439813,0.42920419679546373,0.08346681419235702,1.7843594270787582,0.039450070797318326,0.28435942707875816,0,0,FOLLOWING,1.7843594270787582,0.4496054657490621,0
3.52,1.2460500930471274,0.06843195983807014,0.14795408567618837,2.998963831365369,0.40132583184069526,0.428806547104917,0.09363575016183451,0.42901013930173015,0.08404401351196664,1.784243510287128,0.03971990715321286,0.2842435102871279,0,0,FOLLOWING,1.784243510287128,0.4496055297313149,0
3.552,1.2596206369451854,0.07046522281291122,0.15066180699386075,3.0114201514436436,0.40855076727131845,0.42860512544109425,0.09426571116491249,0.428812274942198,0.08461634280360755,1.784125380787116,0.039987539770344166,0.284125380787116,0,0,FOLLOWING,1.784125380787116,0.4496055855803919,0
3.584,1.273179242453513,0.0725343268421645,0.15338768777267137,3.0238416484684896,0.4158354095776259,0.42840037172120965,0.09489031448158473,0.4286108485252323,0.08518382701020537,1.784005183075847,0.04025297655898599,0.284005183075847,0,0,FOLLOWING,1.784005183075847,0.44960563432871653,0
3.616,1.2867256716141173,0.07463945127979363,0.15613157378831138,3.0362280362491645,0.4231795909217819,0.42819250796846847,0.0955095892832119,0.4284060930954792,0.0857464917122817,1.7838830546886415,0.04051622591406767,0.2838830546886415,0,0,FOLLOWING,1.7838830546886415,0.449605676877835,0
3.648,1.3002596921732439,0.07678077272260489,0.15889331165439005,3.048579029403842,0.4305831420941729,0.42798174555605867,0.0961235653778372,0.4281982305096996,0.08630436309454667,1.7837591265379342,0.04077729668984445,0.2837591265379342,0,0,FOLLOWING,1.7837591265379342,0.44960571401498467,0
3.68,1.3137810772528604,0.07895846503040142,0.1616727488407137,3.060894343366187,0.4380458925173074,0.4277682857262341,0.09673227317420717,0.4279874719831983,0.08685746791294162,1.7836335232351792,0.04103619817537679,0.2836335232351792,0,0,FOLLOWING,1.7836335232351792,0.449605746427568,0
3.712,1.3272896050388674,0.08117269934575953,0.1644697336905363,3.073173694391909,0.44556767024974564,0.4275523200830261,0.09733574364656564,0.42777401860845377,0.08740583346247754,1.7835063633966144,0.0412929400708022,0.2835063633966144,0,0,FOLLOWING,1.7835063633966144,0.4496057747157966,0
3.744,1.3407850584851826,0.08342364411344186,0.16728411543680022,3.085416799565304,0.4531483019900614,0.42733403106000095,0.09793400830025788,0.4275580618473758,0.08794948754571247,1.7833777599337275,0.04154753246439317,0.2833777599337275,0,0,FOLLOWING,1.7833777599337275,0.44960579940373463,0
3.7760000000000002,1.3542672250329013,0.0857114650994608,0.17011574421739106,3.0976233768057715,0.4607876130808348,0.4271135923643712,0.09852709913817786,0.427339783998669,0.08848845844189573,1.7832478203292037,0.04179998581038999,0.2832478203292037,0,0,FOLLOWING,1.7832478203292037,0.44960582094894785,0
3.8080000000000003,1.3677358963437622,0.08803632540980515,0.17296447108942972,3.1097931448743106,0.4684854275126765,0.42689116939871163,0.09911504862807835,0.42711935864154177,0.0890227748769246,1.7831166468991047,0.042050310907597366,0.28311664689910465,0,0,FOLLOWING,1.7831166468991047,0.44960583975092955,0
3.84,1.381190868047205,0.09039838550884277,0.17583014804262742,3.1219258233800042,0.4762415679282823,0.4266669196614626,0.09969788967074975,0.4268969510570681,0.08955246599404096,1.7829843370419842,0.04229851887872868,0.2829843370419842,0,0,FOLLOWING,1.7829843370419842,0.4496058561584615,0
3.872,1.3946319395003277,0.09279780323740974,0.1787126280117277,3.1340211327864753,0.48405585562651965,0.4264409931273279,0.10027565556910448,0.42667271862833794,0.0900775613252954,1.7828509834756114,0.04254462115048807,0.28285098347561144,0,0,FOLLOWING,1.7828509834756114,0.44960587047604056,0
3.904,1.4080589135601018,0.0952347338305988,0.18161176488806097,3.1460787944183313,0.4919281105665466,0.4262135326086272,0.10084837999815359,0.426446811220538,0.09059809076382822,1.7827166744619356,0.042788629434373365,0.2827166744619356,0,0,FOLLOWING,1.7827166744619356,0.4496058829694968,0
3.936,1.4214715963672258,0.09770932993525565,0.18452741353023824,3.1580985304675813,0.499858151371957,0.42598467409857493,0.10141609697588887,0.42621937154198974,0.09111408453695574,1.7825814940208844,0.04303055570818351,0.2825814940208844,0,0,FOLLOWING,1.7825814940208844,0.4496058938708954,0
3.968,1.4348697971410354,0.10022174162719383,0.18745942977400798,3.1700800640000373,0.5078457953349615,0.4257545470974535,0.10197884083507822,0.42599053548714866,0.09162557318002888,1.7824455221335775,0.04327041219821992,0.28244552213357754,0,0,FOLLOWING,1.7824455221335775,0.4496059033828184,0
4.0,1.4482533279849192,0.10277211642813786,0.19040767044130327,3.1820231189616988,0.5158908584205967,0.42552327492254904,0.10253664619596314,0.42576043246249207,0.09213258751112671,1.7823088349354883,0.04350821136215971,0.2823088349354883,0,0,FOLLOWING,1.7823088349354883,0.44960591168210895,0
4.032,1.4616220037017147,0.10536059932240248,0.19337199334850666,3.1939274201851062,0.523993155270965,0.42529097500268365,0.10308954793986065,0.4255291856962099,0.09263515860660126,1.782171504900054,0.04374396587258905,0.28217150490005394,0,0,FOLLOWING,1.782171504900054,0.44960591892313195,0
4.064,1.4749756416185855,0.1079873327733174,0.19635225731395511,3.2057926933956864,0.5321524992095054,0.4250577591581623,0.10363758118366405,0.42529691253248936,0.09313331777733941,1.7820336010132398,0.043977688601176984,0.2820336010132398,0,0,FOLLOWING,1.7820336010132398,0.44960592524063153,0
4.096,1.4883140614209114,0.11065245673940406,0.19934832216471313,3.2176186652180694,0.5403687022452942,0.4248237338668595,0.1041807812552293,0.42506372471122633,0.09362709654589942,1.7818951889394965,0.04420939260347648,0.2818951889394965,0,0,FOLLOWING,1.7818951889394965,0.4496059307522192,0
4.128,1.5016370849947416,0.11335610869031323,0.2023600487426396,3.229405063182387,0.5486415750773773,0.42458900051717186,0.10471918366964615,0.4248297286339042,0.09411652662441629,1.781756331179555,0.04443909110433286,0.281756331179555,0,0,FOLLOWING,1.781756331179555,0.44960593556055045,0
4.16,1.514944536277387,0.11609842362252973,0.2053872989097719,3.2411516157305535,0.5569709270991302,0.4243536556485054,0.10525282410637359,0.4245950256163326,0.09460163989329912,1.7816170872204713,0.044666797483883997,0.2816170872204713,0,0,FOLLOWING,1.7816170872204713,0.4496059397552243,0
4.192,1.5282362411157482,0.11887953407485062,0.20842993555305375,3.2528580522225163,0.5653565664026513,0.4241177911799238,0.10578173838723182,0.4243597121289477,0.09508246838069624,1.7814775136783032,0.0448925252641377,0.2814775136783032,0,0,FOLLOWING,1.7814775136783032,0.4496059434144396,0
4.224,1.5415120271319978,0.12169957014364394,0.21148782258843163,3.264524102942496,0.5737982997831818,0.42388149462758434,0.10630596245523155,0.42412388002527013,0.09555904424276293,1.781337664433806,0.04511628809610341,0.2813376644338059,0,0,FOLLOWING,1.781337664433806,0.4496059466064449,0
4.256,1.5547717235962515,0.12455865949789385,0.2145608249643403,3.2761494991052014,0.5822959327435578,0.4236448493115112,0.10682553235423756,0.42388761675917486,0.09603139974459804,1.7811975907614843,0.04533809974747016,0.2811975907614843,0,0,FOLLOWING,1.7811975907614843,0.44960594939080323,0
4.288,1.568015161305887,0.12745692739403663,0.2176488086646064,3.287733972862018,0.5908492694986921,0.4234079345522484,0.1073404842094345,0.4236510055914898,0.096499567242032,1.7810573414523376,0.045557974090808084,0.28105734145233763,0,0,FOLLOWING,1.7810573414523376,0.4496059518194948,0
4.32,1.5812421724711796,0.13039449669059439,0.2207516407107901,3.2992772573071836,0.599458112980084,0.4231708258579227,0.10785085420858645,0.4234141257865035,0.0969635791640738,1.7809169629306216,0.04577592509227765,0.2809169629306216,0,0,FOLLOWING,1.7809169629306216,0.4496059539378816,0
4.352,1.5944525906069462,0.13337148786261066,0.22386918916398715,3.310779086483935,0.6081222648403607,0.4229335951021757,0.10835667858407641,0.42317705279887297,0.09742346799604931,1.7807764993649147,0.04599196680083503,0.28077649936491467,0,0,FOLLOWING,1.7807764993649147,0.44960595578554874,0
4.384,1.6076462504299023,0.13638801901589276,0.22700132312611548,3.3222391953906367,0.6168415254578463,0.4226963106934515,0.10885799359570056,0.422939858451423,0.09787926626350055,1.7806359927737878,0.04620611333791208,0.2806359927737878,0,0,FOLLOWING,1.7806359927737878,0.44960595739703896,0
4.416,1.6208229877614497,0.13944420590106527,0.23014791274070756,3.333657319986887,0.6256156939411627,0.42245903773605376,0.10935483551420176,0.42270261110429125,0.09833100651672777,1.7804954831263353,0.046418378887559564,0.2804954831263353,0,0,FOLLOWING,1.7804954831263353,0.4496059588024948,0
4.448,1.6339826394356327,0.14254016192743998,0.2333088291932283,3.3450331971995992,0.6344445681338549,0.42222183818339953,0.10984724060551879,0.4224653758158703,0.09877872131596868,1.7803550084378301,0.04662877768703458,0.2803550084378301,0,0,FOLLOWING,1.7803550084378301,0.4496059600282157,0
4.48,1.6471250432120048,0.14567599817670446,0.23648394471094145,3.3563665649290666,0.6433279446190532,0.4219847709838615,0.11033524511575069,0.42222821449593634,0.09922244321728685,1.7802146048607497,0.04683732401782256,0.28021460486074967,0,0,FOLLOWING,1.7802146048607497,0.4496059610971511,0
4.5120000000000005,1.6602500376931715,0.14885182341643452,0.2396731325623426,3.3676571620549978,0.6522656187241558,0.4217478922195552,0.11081888525678668,0.4219911860513808,0.09966220475904095,1.7800743067713902,0.04704403219707174,0.2800743067713902,0,0,FOLLOWING,1.7800743067713902,0.44960596202932424,0
4.5440000000000005,1.6733574622467748,0.1520677441134346,0.24287626705618007,3.378904728442534,0.6612573845255468,0.4215112552384444,0.11129819719260976,0.42175434652489285,0.10009803844898377,1.7799341468523056,0.04724891656943245,0.27993414685230555,0,0,FOLLOWING,1.7799341468523056,0.4496059628422042,0
4.5760000000000005,1.6864471569317083,0.15532386444690793,0.2460932235400811,3.3901090049482443,0.6703030348533401,0.42127491078008644,0.11177321702624217,0.4215177492269594,0.10052997675194164,1.7797941561707677,0.04745199149928228,0.27979415617076775,0,0,FOLLOWING,1.7797941561707677,0.4496059635510331,0
4.6080000000000005,1.699518962428353,0.15862028632146083,0.24932387839880274,3.4012697334260924,0.6794023612961517,0.4210389070953346,0.11224398078731629,0.42128144486151603,0.10095805207809487,1.7796543642534481,0.04765327136332739,0.27965436425344814,0,0,FOLLOWING,1.7796543642534481,0.44960596416910764,0
4.64,1.7125727199726397,0.16195710937994467,0.2525681090521273,3.4123866567333883,0.6885551542059039,0.4208032900603041,0.1127105244202446,0.4210454816455559,0.10138229677183941,1.779514799157511,0.047852770543560914,0.2795147991575111,0,0,FOLLOWING,1.779514799157511,0.449605964708029,0
4.672,1.7256082712937517,0.16533443101613776,0.25582579395241356,3.4234595187367107,0.6977612027026516,0.4205681032848807,0.11317288377298873,0.4208099054230181,0.10180274310106803,1.7793754875382923,0.048050503420571655,0.27937548753829233,0,0,FOLLOWING,1.7793754875382923,0.44960596517791657,0
4.704,1.7386254585552905,0.16875234638727016,0.25909681258182904,3.4344880643178097,0.707020294679446,0.42033338821605204,0.11363109458638673,0.4205747597732032,0.10221942324717703,1.7792364547137378,0.04824648436718687,0.2792364547137378,0,0,FOLLOWING,1.7792364547137378,0.44960596558759935,0
4.736,1.7516241242997377,0.17221094842639464,0.2623810454492738,3.4454720393794815,0.7163322168072167,0.42009918423629883,0.11408519248403041,0.4203400861140272,0.1026323692954337,1.7790977247257524,0.048440727742433305,0.27909772472575245,0,0,FOLLOWING,1.7790977247257524,0.4496059659447772,0
4.768,1.7646041113960507,0.17571032785460597,0.26567837408701245,3.456411190851428,0.7256967545396905,0.41986552875732747,0.11453521296268064,0.4201059238003507,0.10304161322585954,1.7789593203986318,0.04863324788581325,0.2789593203986318,0,0,FOLLOWING,1.7789593203986318,0.44960596625616883,0
4.8,1.777565262990245,0.17925057319311122,0.26898868104703183,3.4673052666960826,0.7351136921183314,0.41963245730931886,0.11498119138318687,0.41987231021762345,0.10344718690464984,1.7788212633946892,0.0488240591118736,0.27882126339468916,0,0,FOLLOWING,1.7788212633946892,0.44960596652763324,0
4.832,1.7905074224588131,0.18283177077515345,0.2723118498971365,3.478154015914419,0.7445828125773148,0.41940000362597574,0.11542316296191067,0.41963928087108376,0.10384912207601034,1.7786835742672513,0.04901317570506552,0.2786835742672513,0,0,FOLLOWING,1.7786835742672513,0.4496059667642808,0
4.864,1.8034304333648472,0.18645400475779178,0.27564776521679785,3.488957188551737,0.7541038977485245,0.4191681997255345,0.11586116276262123,0.4194068694707298,0.10424745035439771,1.7785462725111303,0.04920061191487585,0.2785462725111303,0,0,FOLLOWING,1.7785462725111303,0.4496059669705706,0
4.896,1.8163341394167332,0.19011735713353878,0.2789963125927704,3.499714535703415,0.7636767282665782,0.4189370759879405,0.11629522568885205,0.4191751080122805,0.1046422032173152,1.778409376610693,0.04938638195122435,0.278409376610693,0,0,FOLLOWING,1.778409376610693,0.4496059671503893,0
4.928,1.8292183844292917,0.19382190774185876,0.2823573786144878,3.5104258095206515,0.7733010835738854,0.4187066612284122,0.11672538647670985,0.4189440268542812,0.1050334119983723,1.7782729040856706,0.04957049998011631,0.2782729040856706,0,0,FOLLOWING,1.7782729040856706,0.44960596730712826,0
4.96,1.8420830122872498,0.19756773428052798,0.28573085086925293,3.521090763216171,0.7829767419257249,0.41847698276752354,0.11715167968809642,0.4187136547916281,0.10542110788087031,1.7781368715347896,0.04975298011953433,0.2781368715347896,0,0,FOLLOWING,1.7781368715347896,0.44960596744374415,0
4.992,1.854927866910929,0.2013549123168599,0.2891166179372324,3.5317091510699132,0.7927034803953569,0.4182480664980115,0.11757413970435515,0.4184840191255858,0.10580532189171346,1.7780012946773522,0.049933836435568646,0.27800129467735224,0,0,FOLLOWING,1.7780012946773522,0.44960596756281646,0
5.024,1.8677527922240456,0.20518351529879636,0.292514569386267,3.542280728434691,0.8024810748791561,0.4180199369484452,0.11799280072031079,0.4182551457305613,0.10618608489560896,1.7778661883928546,0.050113082938769704,0.2778661883928546,0,0,FOLLOWING,1.7778661883928546,0.4496059676665938,0
5.056,1.8805576321235176,0.2090536145658675,0.295924595766513,3.5528052517418294,0.8123093001017795,0.4177926173439299,0.11840769673868914,0.41802705911770754,0.10656342758982393,1.777731566758748,0.050290733580716784,0.2777315667587481,0,0,FOLLOWING,1.777731566758748,0.4496059677570375,0
5.088,1.8933422304511889,0.212965279360022,0.2993465886049217,3.5632824785067765,0.8221879296213521,0.41756612966397266,0.11881886156489922,0.41779978249559724,0.10693738049911135,1.7775974430864252,0.0504668022507902,0.2775974430864252,0,0,FOLLOWING,1.7775974430864252,0.4496059678358572,0
5.12,1.9061064309673685,0.21691857683632926,0.3027804403995697,3.5737121673346923,0.832116735834687,0.417340494697665,0.11922632880216986,0.41757333782804007,0.10730797397103475,1.7774638299555274,0.05064130277314244,0.27746382995552743,0,0,FOLLOWING,1.7774638299555274,0.4496059679045445,0
5.152,1.9188500773261097,0.22091357207355586,0.30622604461384817,3.5840940779260073,0.842095489982528,0.41711573209629416,0.11963013184702989,0.4173477458892273,0.10767523817159755,1.7773307392466438,0.050814248903860104,0.27733073924664375,0,0,FOLLOWING,1.7773307392466438,0.4496059679643998,0
5.184,1.931573013052135,0.22495032808461743,0.30968329567052216,3.59442797108196,0.8521239621548211,0.41689186042352155,0.12003030388510302,0.4171230263163096,0.10803920308113224,1.7771981821724885,0.0509856543283051,0.2771981821724885,0,0,FOLLOWING,1.7771981821724885,0.44960596801655617,0
5.216,1.9442750815193348,0.22902890582690827,0.31315208894567065,3.6047136087101097,0.8622019212960109,0.4166688972032514,0.1204268778872175,0.41689919765952355,0.10839989849062535,1.7770661693076335,0.05115553265862837,0.2770661693076335,0,0,FOLLOWING,1.7770661693076335,0.44960596806200215,0
5.248,1.9569561259307635,0.23314936421251006,0.3166323207625125,3.6149507538298207,0.8723291352103651,0.41644685896527933,0.12081988660581405,0.4166762774300467,0.1087573539981141,1.776934710616854,0.051323897431451604,0.27693471061685404,0,0,FOLLOWING,1.776934710616854,0.44960596810159914,0
5.28,1.969615989300058,0.23731176011828164,0.3201238883851308,3.625139170577722,0.8825053705673226,0.4162257612888537,0.12120936257163846,0.4164542821455975,0.10911159900551541,1.7768038154821668,0.051490762105705475,0.2768038154821668,0,0,FOLLOWING,1.7768038154821668,0.4496059681360992,0
5.312,1.9822545144342143,0.24151614839583113,0.3236266900121005,3.6352786242131425,0.8927303929068712,0.4160056188442303,0.12159533809070726,0.41623322737397017,0.1094626627156364,1.776673492728617,0.05165614006062125,0.27667349272861697,0,0,FOLLOWING,1.776673492728617,0.4496059681661571,0
5.344,1.9948715439176574,0.24576258188137226,0.32714062477003036,3.645368881123519,0.9030039666449483,0.41578644543233156,0.12197784524153497,0.41601312777456756,0.10981057412944789,1.776543750648878,0.05182004459386602,0.27654375064887793,0,0,FOLLOWING,1.776543750648878,0.4496059681923431,0
5.376,2.0074669200975404,0.25005111140546665,0.3306655927070244,3.655409708829778,0.9133258550788695,0.4155682540225918,0.12235691587261223,0.4157939971380234,0.11015536204360436,1.7764145970267198,0.05198248891981655,0.2764145970267198,0,0,FOLLOWING,1.7764145970267198,0.4496059682151555,0
5.408,2.0200404850702145,0.2543817858026533,0.3342014947860705,3.6654008759916943,0.9236958203927822,0.4153510567890873,0.12273258160012192,0.415575848424016,0.11049705504815192,1.7762860391594033,0.05214348616796555,0.2762860391594033,0,0,FOLLOWING,1.7762860391594033,0.44960596823502735,0
5.44,2.032592080668817,0.2587546519209678,0.3377482328783635,3.6753421524132186,0.934113623663144,0.4151348651450151,0.12310487380588342,0.41535869379738893,0.11083568152450272,1.7761580838790465,0.0523030493814538,0.2761580838790465,0,0,FOLLOWING,1.7761580838790465,0.4496059682523377,0
5.472,2.045121548451923,0.26316975463135067,0.34130570975657076,3.685233309047781,0.9445790248642283,0.4149196897756151,0.12347382363551636,0.4151425446625908,0.11117126964358977,1.7760307375730149,0.052461191515722816,0.2760307375730149,0,0,FOLLOWING,1.7760307375730149,0.4496059682674157,0
5.5040000000000004,2.057628729693204,0.2676271368369493,0.3448738290880418,3.6950741180035704,0.9550917828736547,0.41470554066961496,0.1238394619968148,0.41492741169657965,0.11150384736416846,1.7759040062033926,0.05261792543728277,0.2759040062033926,0,0,FOLLOWING,1.7759040062033926,0.4496059682805489,0
5.5360000000000005,2.070113465372058,0.272126839482313,0.34845249542797485,3.7048643525487837,0.9656516554779436,0.4144924271492411,0.1242018195583123,0.4147133048802481,0.1118334424314446,1.7757778953255572,0.05277326392258802,0.2757778953255572,0,0,FOLLOWING,1.7757778953255572,0.4496059682919875,0
5.5680000000000005,2.082575596165154,0.2766689015624832,0.35204161421253827,3.714603787116851,0.9762583993780971,0.41428035789889833,0.12456092674804788,0.4145002335284179,0.11216008237568699,1.7756524101059228,0.05292721965701985,0.2756524101059228,0,0,FOLLOWING,1.7756524101059228,0.44960596830195,0
5.6000000000000005,2.0950149624388503,0.28125336013198077,0.3556410917519586,3.72429219731163,0.9869117701952054,0.41406934099255394,0.12491681375250845,0.41428820631847946,0.11248379451114003,1.7755275553388767,0.053079805233968436,0.27552755533887674,0,0,FOLLOWING,1.7755275553388767,0.44960596831062605,0
5.632,2.10743140424245,0.28588025031369096,0.3592508352235811,3.7339293599125782,0.997611522476076,0.4138593839199084,0.1252695105157326,0.4140772313177788,0.11280460593520536,1.7754033354629573,0.053231033154003626,0.27540333546295725,0,0,FOLLOWING,1.7754033354629573,0.44960596831818234,0
5.664,2.119824761302245,0.2905496053076491,0.36287075266489754,3.7435150528798955,1.0083574096988888,0.4136504936113899,0.12561904673859658,0.4138673160097606,0.11312254352741516,1.7752797545762997,0.05338091582414518,0.2752797545762997,0,0,FOLLOWING,1.7752797545762997,0.44960596832476185,0
5.696,2.1321948730163225,0.295261456399727,0.36650075296656043,3.7530490553596407,1.0191491842788787,0.4134426764620553,0.12596545187824365,0.41365846731894934,0.11343763394897768,1.7751568164513993,0.05352946555721144,0.27515681645139933,0,0,FOLLOWING,1.7751568164513993,0.44960596833049093,0
5.728,2.1445415784500845,0.3000158329702224,0.37014074586537626,3.7625311476888177,1.0299865975740368,0.41323593835441536,0.12630875514766715,0.41345069163482956,0.11374990364216299,1.775034524549204,0.05367669457125335,0.2750345245492041,0,0,FOLLOWING,1.775034524549204,0.44960596833547983,0
5.76,2.15686471633246,0.3048127625023528,0.37379064193728917,3.7719611114004397,1.0408693998908394,0.4130302846802663,0.1266489855154297,0.4132439948346629,0.11405937882996811,1.7749128820325886,0.05382261498906327,0.27491288203258857,0,0,FOLLOWING,1.7749128820325886,0.449605968339824,0
5.792,2.1691641250527667,0.3096522705906552,0.37745035259035675,3.7813387292285587,1.0517973404900032,0.41282572036155374,0.12698617170552023,0.41303838230528617,0.1143660855158791,1.774791891779225,0.053967238837759994,0.2747918917792249,0,0,FOLLOWING,1.774791891779225,0.44960596834360594,0
5.824,2.181439642658195,0.3145343809492929,0.3811197900577184,3.790663785113275,1.0627701675922594,0.4126222498703308,0.1273203421973401,0.4128338589639925,0.1146700494836746,1.7746715563938888,0.05411057804844304,0.27467155639388885,0,0,FOLLOWING,1.7746715563938888,0.4496059683468982,0
5.856,2.193691106851888,0.3194591154202718,0.3847988673905688,3.7999360642057147,1.0737876283841579,0.412419877247835,0.1276515252258022,0.4126304292784405,0.11497129629751382,1.7745518782202183,0.0542526444559116,0.2745518782202183,0,0,FOLLOWING,1.7745518782202183,0.4496059683497647,0
5.888,2.205918354991586,0.324426493981566,0.388487498451129,3.8091553528729762,1.084849469023889,0.4122186061227345,0.12797974878155158,0.41242809728574925,0.11526985130194821,1.7744328593519538,0.05439344979844935,0.27443285935195383,0,0,FOLLOWING,1.7744328593519538,0.4496059683522602,0
5.92,2.2181212240888044,0.3294365347551565,0.3921855979056279,3.8183214387030575,1.0959554346471339,0.4120184397285941,0.12830504061128797,0.4122268666107133,0.11556573962216325,1.7743145016436936,0.05453300571766568,0.27431450164369364,0,0,FOLLOWING,1.7743145016436936,0.44960596835443206,0
5.952,2.2302995508085317,0.33448925401498236,0.3958930812172901,3.827434110509746,1.1071052693729353,0.4118193809205675,0.12862742821819673,0.4120267404832637,0.11585898616424777,1.7741968067211686,0.05467132375839695,0.27419680672116864,0,0,FOLLOWING,1.7741968067211686,0.44960596835632266,0
5.984,2.242453171469409,0.3395846661948068,0.3996098646393379,3.836493158337486,1.118298716309595,0.41162143219138825,0.12894693886247488,0.4118277217551447,0.11614961561557831,1.7740797759910787,0.05480841536865966,0.2740797759910787,0,0,FOLLOWING,1.7740797759910787,0.44960596835796823,0
6.016,2.25458192204438,0.3447227838959997,0.40333586520800857,3.8454983734662176,1.1295355175605906,0.4114245956866603,0.12926359956194056,0.4116298129159009,0.11643765244534143,1.773963410650496,0.0549442918996525,0.273963410650496,0,0,FOLLOWING,1.773963410650496,0.44960596835940053,0
6.048,2.266685638161781,0.34990361789523794,0.4070710007355874,3.8544495484161816,1.1408154142305182,0.4112288732194962,0.1295774370927452,0.41143301610815297,0.11672312090500053,1.7738477116958615,0.05507896460581169,0.27384771169586153,0,0,FOLLOWING,1.7738477116958615,0.44960596836064737,0
6.08,2.2787641551068525,0.3551271771521247,0.41081518980346354,3.863346476952703,1.1521381464310578,0.41103426628453965,0.12988847799014833,0.4112373331422215,0.11700604502901209,1.7737326799315989,0.05521244464490532,0.2737326799315989,0,0,FOLLOWING,1.7737326799315989,0.4496059683617324,0
6.112,2.290817307823656,0.3603934688167298,0.41456835175520673,3.8721889540909427,1.1635034532869601,0.4108407760713796,0.13019674854938462,0.41104276551016,0.11728644863549433,1.773618315978351,0.05534474307817517,0.27361831597835096,0,0,FOLLOWING,1.773618315978351,0.44960596836267663,0
6.144,2.302844930917371,0.36570249823705153,0.4183304066896692,3.8809767761006175,1.1749110729420578,0.4106484034774039,0.13050227482659515,0.41084931439913464,0.1175643553269855,1.773504620280868,0.05547587087051792,0.27350462028086797,0,0,FOLLOWING,1.773504620280868,0.44960596836349814,0
6.176,2.314846858656958,0.3710542689664032,0.4221012754541146,3.889709740510698,1.186360742565299,0.4104571491201072,0.13080508263982676,0.4106569807042841,0.11783978849131124,1.773391593115557,0.05560583889070369,0.27339159311555705,0,0,FOLLOWING,1.773391593115557,0.44960596836421307,0
6.208,2.326822924978166,0.3764487827707238,0.42588087963737636,3.8983876461140703,1.1978521983568022,0.4102670133488856,0.13110519757009542,0.41046576504101845,0.11811277130250343,1.7732792345977124,0.05573465791162935,0.2732792345977124,0,0,FOLLOWING,1.7732792345977124,0.44960596836483535,0
6.24,2.3387729634868752,0.38188603963581547,0.42966914156304453,3.9070102929721724,1.209385175553934,0.41007799625632624,0.13140264496251597,0.4102756677568026,0.11838332672167391,1.7731675446884338,0.05586233861061113,0.27316754468843385,0,0,FOLLOWING,1.7731675446884338,0.44960596836537636,0
6.272,2.35069680746275,0.3873660377745087,0.4334659842826889,3.9155774824196037,1.2209594084374098,0.40989009768904616,0.13169744992747448,0.4100866889424359,0.11865147749816082,1.773056523201264,0.05598889156970038,0.27305652320126406,0,0,FOLLOWING,1.773056523201264,0.44960596836584704,0
6.304,2.362594289863198,0.3928887736337582,0.43727133156911085,3.9240890170686966,1.2325746303374165,0.4097033172580501,0.1319896373418694,0.40989882844289993,0.11891724617042913,1.7729461698085283,0.0561143272760401,0.27294616980852826,0,0,FOLLOWING,1.7729461698085283,0.4496059683662563,0
6.336,2.3744652433276037,0.3984542419016673,0.44108510790963645,3.9325447008140704,1.2442305736397548,0.40951765434869614,0.13227923185038432,0.4097120858676901,0.11918065506734836,1.7728364840474313,0.056238656122237496,0.2728364840474313,0,0,FOLLOWING,1.7728364840474313,0.4496059683666126,0
6.368,2.3863095001818477,0.40406243551444665,0.44490723849944175,3.9409443388371455,1.2559269697920072,0.40933310813021473,0.13256625786682208,0.4095264606007851,0.11944172630920845,1.772727465325877,0.05636188840677431,0.2727274653258771,0,0,FOLLOWING,1.772727465325877,0.44960596836692257,0
6.4,2.3981268924430723,0.4097133456633062,0.4487376492349182,3.949287737610633,1.2676635493097232,0.4091496775648613,0.13285073957546978,0.4093419518101561,0.11970048180897216,1.7726191129280622,0.05648403433443394,0.2726191129280622,0,0,FOLLOWING,1.7726191129280622,0.4496059683671923,0
6.432,2.409917251824701,0.4154069618012812,0.45257626670707835,3.957574704902995,1.27944004178263,0.40896736141668144,0.13313270093251126,0.40915855845692023,0.1199569432735162,1.7725114260198285,0.056605104016755614,0.2725114260198285,0,0,FOLLOWING,1.7725114260198285,0.4496059683674267,0
6.464,2.4216804097416875,0.42114327164999643,0.4564230181950005,3.9658050497828707,1.2912561758808625,0.4087861582599287,0.13341216566747113,0.4089762793040911,0.12021113220488129,1.7724044036538011,0.05672510747250853,0.27240440365380114,0,0,FOLLOWING,1.7724044036538011,0.4496059683676307,0
6.496,2.433416197315992,0.4269222612063665,0.4602778316593153,3.9739785826234786,1.303111679361213,0.40860606648712156,0.1336891572846931,0.4087951129250025,0.12046306990157743,1.7722980447743042,0.056844054628187486,0.2722980447743042,0,0,FOLLOWING,1.7722980447743042,0.449605968367808,0
6.5280000000000005,2.445124445382263,0.432743914749237,0.46414063573573655,3.982095115106984,1.3150062790734063,0.4084270843168049,0.13396369906485223,0.4086150577113469,0.12071277745989734,1.7721923482220918,0.05696195531852505,0.2721923482220918,0,0,FOLLOWING,1.7721923482220918,0.44960596836796246,0
6.5600000000000005,2.456804984493729,0.43860821484596596,0.4680113597286333,3.9901544602288372,1.326939700966391,0.40824920980096296,0.13423581406649338,0.4084361118809453,0.12096027577533144,1.7720873127388654,0.057078819287024074,0.27208731273886544,0,0,FOLLOWING,1.7720873127388654,0.4496059683680962,0
6.5920000000000005,2.4684576449282765,0.44451514235894646,0.47188993360464776,3.998156432302083,1.3389116700946548,0.408072440832165,0.1345055251275965,0.40825827348514715,0.12120558554389414,1.771982936971625,0.05719465618650448,0.2719829369716249,0,0,FOLLOWING,1.771982936971625,0.44960596836821237,0
6.6240000000000006,2.4800822566947067,0.45046467645207433,0.4757762879863576,4.006100846961639,1.3509219106245585,0.4078967751504093,0.134772854867165,0.40808154041597805,0.12144872726353911,1.7718792194768338,0.05730947557966415,0.2718792194768338,0,0,FOLLOWING,1.7718792194768338,0.4496059683683134,0
6.656000000000001,2.4916786495391765,0.45645679459715927,0.4796703541459836,4.013987521168542,1.3629701458406913,0.40772221034969675,0.1350378256868417,0.4079059104129678,0.12168972123562251,1.7717761587244174,0.05742328693965815,0.2717761587244174,0,0,FOLLOWING,1.7717761587244174,0.4496059683684009,0
6.688,2.503246652951792,0.46249147258028267,0.4835720639991455,4.021816273214169,1.3750560981522473,0.40754874388434886,0.1353004597725336,0.4077313810697354,0.12192858756632945,1.771673753101603,0.05753609965068435,0.2716737531016029,0,0,FOLLOWING,1.771673753101603,0.44960596836847716,0
6.72,2.514786096173368,0.4685686845081031,0.48748135009866167,4.029586922724418,1.3871794890994191,0.40737637307506774,0.13556077909606914,0.40755794984030136,0.12216534616811783,1.771572000916601,0.057647923008587565,0.27157200091660094,0,0,FOLLOWING,1.771572000916601,0.44960596836854355,0
6.752,2.5262968082023285,0.4746884028141104,0.4913981456284013,4.037299290663868,1.3993400393598168,0.40720509511476904,0.13581880541685346,0.40738561404512885,0.12240001676130591,1.7714709004021456,0.057758766221467646,0.2714709004021456,0,0,FOLLOWING,1.7714709004021456,0.44960596836860156,0
6.784,2.537778617801754,0.48085059826483,0.4953223843971786,4.044953199339902,1.4115374687548992,0.40703490707417217,0.13607456028355594,0.40721437087696666,0.1226326188754224,1.7713704497188867,0.05786863841030343,0.2713704497188867,0,0,FOLLOWING,1.7713704497188867,0.44960596836865124,0
6.816,2.549231353506557,0.4870552399659789,0.49925400083269955,4.052548472406805,1.4237714962564327,0.4068658059071922,0.13632806503579628,0.4070442174064378,0.1228631718508204,1.7712706469586588,0.05797754860958093,0.27127064695865877,0,0,FOLLOWING,1.7712706469586588,0.4496059683686944,0
6.848,2.5606548436307905,0.4933022953685741,0.5031929299755549,4.0600849348698205,1.436041839992966,0.40669778845609783,0.1365793408058536,0.406875150587424,0.12309169484014403,1.771171490147606,0.05808550576793514,0.2711714901476061,0,0,FOLLOWING,1.771171490147606,0.44960596836873223,0
6.88,2.5720489162750715,0.4995917302749953,0.5071391074732651,4.067562413089186,1.4483482172563207,0.4065308514564862,0.13682840852037279,0.40670716726221445,0.12331820680993884,1.7710729772491942,0.05819251874879239,0.2710729772491942,0,0,FOLLOWING,1.7710729772491942,0.449605968368765,0
6.912,2.5834133993341197,0.5059235088450033,0.5110924695743708,4.074980734784134,1.4606903445081105,0.40636499154207045,0.13707528890208684,0.4065402641664865,0.12354272654208093,1.7709751061671077,0.058298596331024743,0.27097510616710774,0,0,FOLLOWING,1.7709751061671077,0.44960596836879385,0
6.944,2.594748120504408,0.5122975936017135,0.5150529531225766,4.082339729036862,1.4730679373862683,0.4062002052492623,0.13732000247154375,0.4063744379340939,0.12376527263542106,1.7708778747480207,0.05840374720960673,0.2708778747480207,0,0,FOLLOWING,1.7708778747480207,0.4496059683688189,0
6.976,2.6060529072919105,0.5187139454375301,0.5190204955509408,4.089639226296468,1.485480710711602,0.4060364890215979,0.13756256954884075,0.40620968510163324,0.12398586350728714,1.7707812807842713,0.058507979996281434,0.2707812807842713,0,0,FOLLOWING,1.7707812807842713,0.4496059683688407,0
7.008,2.6173275870199486,0.5251725236200365,0.5229950348761194,4.096879058382856,1.497928378494364,0.4058738392139914,0.13780301025535557,0.4060460021128819,0.12420451739508061,1.7706853220164303,0.05861130322022511,0.27068532201643025,0,0,FOLLOWING,1.7706853220164303,0.4496059683688602,0
7.04,2.6285719868371307,0.5316732857978475,0.5269765096926553,4.104059058490617,1.5104106539408382,0.40571225209681916,0.13804134451548952,0.40588338532303536,0.1244212523577698,1.770589996135765,0.05871372532872143,0.27058999613576495,0,0,FOLLOWING,1.770589996135765,0.4496059683688767,0
7.072,2.6397859337253737,0.5382161880064229,0.5309648591673208,4.111179061192866,1.5229272494599513,0.40555172385986593,0.13827759205840826,0.40572183100279574,0.12463608627751929,1.7704953007866193,0.05881525468783577,0.2704953007866193,0,0,FOLLOWING,1.7704953007866193,0.4496059683688909,0
7.104,2.650969254508013,0.5448011846738442,0.5349600230335095,4.1182389024450545,1.5354778766698955,0.40539225061609757,0.13851177241978224,0.4055613353423255,0.12484903686124592,1.7704012335686872,0.05891589958309329,0.27040123356868717,0,0,FOLLOWING,1.7704012335686872,0.449605968368903,0
7.136,2.6621217758579823,0.551428228626554,0.5389619415856785,4.125238419588753,1.548062246404776,0.40523382840531674,0.13874390494353034,0.4054018944550015,0.12506012164216956,1.7703077920392134,0.05901566822015958,0.2703077920392134,0,0,FOLLOWING,1.7703077920392134,0.4496059683689133,0
7.168,2.673243324306071,0.5580972710950622,0.542970555673839,4.132177451355397,1.5606800687212705,0.4050764531976734,0.13897400878355687,0.4052435043810782,0.12526935798139105,1.7702149737151058,0.05911456872552123,0.27021497371510583,0,0,FOLLOWING,1.7702149737151058,0.44960596836892286,0
7.2,2.684333726249248,0.5648082617196173,0.5469858066981005,4.13905583787,1.57333105290531,0.40492012089703006,0.1392021029054931,0.40508616109119516,0.12547676306942343,1.7701227760749592,0.05921260914717075,0.27012277607495916,0,0,FOLLOWING,1.7701227760749592,0.4496059683689312,0
7.232,2.6953928079590486,0.5715611485558451,0.5510076366032605,4.145873420654842,1.58601490747878,0.4047648273442334,0.1394282060884344,0.40492986048973806,0.1256823539278177,1.7700311965610203,0.059309797455290525,0.27003119656102026,0,0,FOLLOWING,1.7700311965610203,0.4496059683689386,0
7.264,2.7064203955900243,0.5783558780803575,0.5550359878734485,4.152630042633118,1.5987313402062313,0.40461056832023345,0.13965233692666779,0.4047745984181078,0.1258861474106818,1.7699402325810607,0.059406141542935886,0.2699402325810607,0,0,FOLLOWING,1.7699402325810607,0.44960596836894556,0
7.296,2.717416315188249,0.5851923951963286,0.5590708035268169,4.1593255481325535,1.6114800581016164,0.4044573395491047,0.13987451383140542,0.4046203706578398,0.1260881602062282,1.7698498815101893,0.0595016492267223,0.2698498815101893,0,0,FOLLOWING,1.7698498815101893,0.44960596836895084,0
7.328,2.728380392699874,0.5920706432390441,0.5631120271102834,4.1659597828890025,1.6242607674350396,0.40430513670096135,0.14009475503249982,0.40446717293362755,0.1262884088383844,1.7697601406926,0.05959632824750549,0.2697601406926,0,0,FOLLOWING,1.7697601406926,0.44960596836895583,0
7.36,2.7393124539797404,0.5989905639814213,0.5671596026943225,4.172532594049985,1.6370731737395225,0.40415395539473864,0.14031307858016995,0.40431500091623007,0.1264869096682897,1.769671007443237,0.05969018627106992,0.2696710074432369,0,0,FOLLOWING,1.769671007443237,0.44960596836895983,0
7.392,2.75021232480003,0.6059520976395008,0.5712134748678048,4.179043830178226,1.6499169818177917,0.40400379120091806,0.1405295023467039,0.4041638502252535,0.126683678895835,1.7695824790494263,0.059783230888807104,0.26958247904942634,0,0,FOLLOWING,1.7695824790494263,0.44960596836896394,0
7.424,2.7610798308589644,0.6129551828779156,0.5752735887328883,4.185493341255132,1.6627918957490757,0.40385463964410356,0.14074404402816715,0.4040137164318764,0.12687873256126386,1.7694945527724166,0.0598754696183994,0.26949455277241663,0,0,FOLLOWING,1.7694945527724166,0.4496059683689671,0
7.456,2.771914797849935,0.6199997519908628,0.5793399033269053,4.191880978684251,1.675697618895928,0.40370650139077385,0.14095669446051695,0.40386451402188617,0.12707250614064147,1.769407228678887,0.05996689868603955,0.2694072286788869,0,0,FOLLOWING,1.769407228678887,0.4496059683689692,0
7.488,2.782717051623254,0.6270857168589823,0.5834124308632022,4.198206595294703,1.6886338539110586,0.40355939760891946,0.14116733942377677,0.4037159173386772,0.12726666139158857,1.7693205180299982,0.06005747015248919,0.26932051802999823,0,0,FOLLOWING,1.7693205180299982,0.4496059683689709,0
7.5200000000000005,2.7934864175762617,0.6342130149398504,0.5874911071081331,4.20447004534456,1.7016003027441842,0.4034133205400643,0.14137601788382348,0.4035683739474529,0.12745880933413156,1.7692344163497609,0.060147200462161376,0.26923441634976086,0,0,FOLLOWING,1.7692344163497609,0.4496059683689726,0
7.5520000000000005,2.804222721377434,0.6413815822844744,0.5915758700760106,4.210671184524209,1.7145966666488979,0.40326826185746784,0.14158276456582325,0.4034218901683597,0.1276490202183588,1.769148918772883,0.06023610430124293,0.26914891877288305,0,0,FOLLOWING,1.769148918772883,0.4496059683689746,0
7.5840000000000005,2.8149257886741297,0.6485913528171661,0.5956666599100562,4.216809869959676,1.7276226461895492,0.403124213778675,0.14178761082079366,0.40327645210786167,0.1278373605728772,1.7690640207292383,0.06032419493784969,0.2690640207292383,0,0,FOLLOWING,1.7690640207292383,0.4496059683689757,0
7.6160000000000005,2.8255954450599843,0.6558422584146801,0.5997634185744195,4.222885960215924,1.7406779412481463,0.402981169052788,0.14199058523086983,0.4031320458441555,0.12802388730186795,1.768979717942946,0.0604114844746485,0.26897971794294606,0,0,FOLLOWING,1.768979717942946,0.44960596836897654,0
7.648000000000001,2.83623151608481,0.6631342290128223,0.6038660895992768,4.228899315300099,1.7537622510312698,0.40283912086329354,0.1421917140898861,0.40298865903000497,0.12820864934376192,1.7688960063788453,0.060497984051097964,0.26889600637884525,0,0,FOLLOWING,1.7688960063788453,0.44960596836897726,0
7.68,2.8468338272681537,0.6704671926965039,0.6079746178726242,4.2348497966647685,1.766875274076999,0.40269806274131187,0.1423910217951351,0.4028462807437363,0.12839168913055266,1.7688128821942932,0.0605837040084497,0.2688128821942932,0,0,FOLLOWING,1.7688128821942932,0.4496059683689782,0
7.712,2.857402204112273,0.677841075773247,0.6120889494702426,4.240737267211102,1.7800167082618645,0.40255798849513724,0.14258853116723674,0.40270490122291164,0.12857304378058795,1.768730341700036,0.06066865402446453,0.26873034170003596,0,0,FOLLOWING,1.768730341700036,0.4496059683689784,0
7.744,2.867936472114344,0.6852558028330107,0.6162090315167424,4.246561591292042,1.793186250807803,0.40241889215377113,0.1427842637113766,0.4025645116347719,0.12875274606987747,1.7686483813289022,0.060752843223414565,0.26864838132890223,0,0,FOLLOWING,1.7686483813289022,0.4496059683689786,0
7.776,2.878436456778065,0.692711296796962,0.6203348120719255,4.2523226347154175,1.806383598289138,0.40228076792178724,0.14297823983072552,0.40242510389003816,0.12893082522320512,1.7685669976108305,0.0608362802659308,0.26856699761083047,0,0,FOLLOWING,1.7685669976108305,0.449605968368979,0
7.808,2.888901983624806,0.7002074789573576,0.6244662400377741,4.258020264747042,1.8196084466395666,0.40214361014335337,0.14317047900072646,0.402286670493161,0.1291073075587608,1.7684861871530047,0.06091897342236152,0.26848618715300465,0,0,FOLLOWING,1.7684861871530047,0.4496059683689794,0
7.84,2.8993328782044134,0.7077442690103055,0.6286032650822316,4.263654350113773,1.8328604911591682,0.4020074132736181,0.1433609999114223,0.40214920442232954,0.12928221701288173,1.7684059466240922,0.0610009306326641,0.26840594662409223,0,0,FOLLOWING,1.7684059466240922,0.44960596836898026,0
7.872,2.909728966105749,0.7153215850828452,0.6327458375766637,4.269224761006533,1.8461394265214222,0.4018721718559685,0.14354982058360496,0.4020126990334883,0.12945557556756546,1.7683262727417464,0.0610821595552723,0.26832627274174636,0,0,FOLLOWING,1.7683262727417464,0.4496059683689806,0
7.904,2.9200900729670165,0.7229393437555031,0.6368939085444443,4.2747313690833,1.859444946780246,0.4017378805040365,0.1437369584635708,0.4018771479836988,0.12962740359808397,1.768247162262742,0.061162667606952104,0.26824716226274203,0,0,FOLLOWING,1.768247162262742,0.44960596836898026,0
7.936,2.9304160244859103,0.7305974600812615,0.6410474296185713,4.2801740474720695,1.8727767453770428,0.40160453388746875,0.14392243050040499,0.40174254517013097,0.12979772015522928,1.768168611975195,0.061242461995304365,0.2681686119751949,0,0,FOLLOWING,1.768168611975195,0.44960596836898076,0
7.968,2.940706646429622,0.7382958476016844,0.6452063530066188,4.28555267077377,1.8861345151477602,0.401472126720699,0.14410625320901027,0.4016088846814917,0.12996654319453332,1.768090618692439,0.06132154974526527,0.268090618692439,0,0,FOLLOWING,1.768090618692439,0.44960596836898065,0
8.0,2.950961764644721,0.7460344183607998,0.6493706314616287,4.290867115065161,1.8995179483299756,0.40134065375414835,0.14428844272151667,0.4014761607594978,0.13013388976188886,1.7680131792482412,0.06139993772071884,0.2680131792482412,0,0,FOLLOWING,1.7680131792482412,0.44960596836898087,0
8.032,2.9611812050669197,0.7538130829172082,0.6535402182578072,4.296117257901679,1.9129267365699791,0.4012101097673065,0.14446901482926203,0.4013443677682842,0.13029977614370636,1.7679362904930496,0.06147763264214057,0.26793629049304957,0,0,FOLLOWING,1.7679362904930496,0.4496059683689814,0
8.064,2.971364793730751,0.761631750354795,0.6577150671701066,4.301302978320266,1.9263605709298834,0.4010804895633557,0.1446479850170987,0.40121350017021756,0.13046421798831837,1.7678599492910894,0.061554641101014274,0.26785994929108936,0,0,FOLLOWING,1.7678599492910894,0.44960596836898165,0
8.096,2.981512356779146,0.7694903282923397,0.6618951324569432,4.306424156842154,1.93981914189474,0.40095178796500264,0.1448253684914942,0.4010835525067125,0.13062723040399904,1.7677841525181184,0.0616309695716396,0.2677841525181184,0,0,FOLLOWING,1.7677841525181184,0.4496059683689822,0
8.128,2.9916237204729494,0.7773887228922534,0.6660803688454451,4.3114806754756145,1.9533021393796675,0.4008239998112512,0.14500118020361877,0.40095451938312304,0.1307888280380128,1.7677088970596968,0.061706624420829304,0.2677088970596968,0,0,FOLLOWING,1.7677088970596968,0.44960596836898215,0
8.16,3.001698711200353,0.7853268388686265,0.6702707315187408,4.316472417718684,1.9668092527370018,0.4006971199549716,0.1451754348683731,0.4008263954567357,0.130949025140388,1.7676341798098927,0.06178161191590115,0.2676341798098927,0,0,FOLLOWING,1.7676341798098927,0.4496059683689823,0
8.192,3.0117371554862746,0.7933045794947305,0.6744661761048939,4.32139926856184,1.9803401707634474,0.4005711432610453,0.1453481469801498,0.4006991754273911,0.13110783561537082,1.767559997670299,0.06185593823129653,0.2675599976702989,0,0,FOLLOWING,1.767559997670299,0.44960596836898253,0
8.224,3.0217388800016796,0.8013218466100825,0.6786666586671696,4.3262611144906575,1.9938945817072522,0.4004460646050154,0.14551933082595722,0.40057285403001264,0.1312652730630113,1.7674863475493268,0.06192960945408976,0.26748634754932676,0,0,FOLLOWING,1.7674863475493268,0.44960596836898203,0
8.256,3.031703711572854,0.8093785406271617,0.6828721356953714,4.331057843488423,2.007472173275388,0.400321878872113,0.14568900049643219,0.4004474260287891,0.13142135081268605,1.767413226361703,0.06200263158860997,0.26741322636170306,0,0,FOLLOWING,1.767413226361703,0.4496059683689824,0
8.288,3.0416314755760334,0.8174746969006689,0.6870825651037603,4.335789345038711,2.0210726326407453,0.400198432313969,0.14585702353273988,0.4003255522115873,0.13157611337495898,1.7673405393443418,0.062074952433212593,0.26734053934434177,0,0,FOLLOWING,1.7673405393443418,0.4496059683689827,0
8.32,3.0515219956877915,0.8256103558741305,0.6912978999474257,4.340455510127935,2.0346956464493418,0.40007556307898084,0.14602327350439934,0.40020735150136544,0.13172940890450288,1.7672681869292965,0.062146522454886166,0.26726818692929655,0,0,FOLLOWING,1.7672681869292965,0.4496059683689827,0
8.352,3.061375092172902,0.8337855574552124,0.695518089616695,4.345056231247858,2.048340900827542,0.39995310944985096,0.14618763157925566,0.4000927940600587,0.13188112287701048,1.767196069747512,0.062217295286061236,0.267196069747512,0,0,FOLLOWING,1.767196069747512,0.4496059683689826,0
8.384,3.0711905860325666,0.8419999799863543,0.6997430828694152,4.34959140239807,2.0620080813892887,0.3998313095460763,0.1463503562681257,0.39997467888565497,0.13203123553686338,1.7671243348369061,0.062287374097408366,0.2671243348369061,0,0,FOLLOWING,1.7671243348369061,0.4496059683689824,0
8.416,3.0809682992144887,0.8502533274811546,0.7039728327911196,4.354060919088426,2.0756968732433467,0.3997103747794102,0.1465116659541788,0.39985350900081595,0.13217988211231202,1.7670531125655788,0.062356845848618,0.26705311256557884,0,0,FOLLOWING,1.7670531125655788,0.44960596836898215,0
8.448,3.0907080571085395,0.8585454844945526,0.7082072976067801,4.358464678341463,2.089406961000557,0.399590310958402,0.14667158062230948,0.399733000960519,0.1323272232078503,1.7669824065412927,0.06242571878540782,0.2669824065412927,0,0,FOLLOWING,1.7669824065412927,0.44960596836898176,0
8.48,3.1004096882167516,0.8668763410864136,0.7124464376302263,4.362802578694758,2.103138028781105,0.3994711127854312,0.14683011140220475,0.39961335386310237,0.13247332410636906,1.7669122135497117,0.062493997676401625,0.26691221354971173,0,0,FOLLOWING,1.7669122135497117,0.44960596836898215,0
8.512,3.110073021628041,0.8752457864256747,0.7166902135758548,4.367074520203282,2.1168897602217944,0.39935277400100544,0.1469872690467145,0.399494580545244,0.13261819732583152,1.7668425297927997,0.06256168715099608,0.26684252979279965,0,0,FOLLOWING,1.7668425297927997,0.4496059683689821,0
8.544,3.1196978866533462,0.8836537083220289,0.7209385864906789,4.37128040444169,2.1306618384833422,0.39923528836516115,0.14714306424706378,0.39937667569344704,0.13276185326046183,1.7667733514862132,0.06262879181197523,0.2667733514862132,0,0,FOLLOWING,1.7667733514862132,0.4496059683689817,0
8.576,3.1292841127998177,0.8920999931942478,0.7251915177452875,4.375420134506597,2.144453946257676,0.39911864974095823,0.14729750765275323,0.3992596324613029,0.1329043020220263,1.7667046749099846,0.06269531624221802,0.2667046749099846,0,0,FOLLOWING,1.7667046749099846,0.44960596836898226,0
8.608,3.138831529782574,0.9005845260762343,0.7294489690297649,4.379493615018804,2.1582657657752407,0.3990028520902878,0.14745060987420822,0.39914344409991315,0.13304555359474657,1.766636496405964,0.06276126500588675,0.266636496405964,0,0,FOLLOWING,1.766636496405964,0.4496059683689825,0
8.64,3.1483399675393215,0.9091071906258077,0.7337109023506686,4.383500752125499,2.172096978812326,0.39888788946318826,0.14760238148297097,0.3990281040798974,0.13318561786838432,1.7665688123713068,0.06282664264871907,0.2665688123713068,0,0,FOLLOWING,1.7665688123713068,0.44960596836898237,0
8.672,3.1578092562443643,0.9176678691330564,0.7379772800285682,4.387441453502424,2.1859472666983955,0.3987737559883843,0.1477528330107371,0.3989136060689723,0.13332450465584283,1.7665016192526921,0.06289145369781157,0.2665016192526921,0,0,FOLLOWING,1.7665016192526921,0.44960596836898203,0
8.704,3.1672392263218,0.9262664425280958,0.7422480646959482,4.39131562835599,2.1998163103234303,0.3986604458654766,0.14790197494768087,0.3987999439016087,0.13346222370447225,1.7664349135415327,0.0629557026610793,0.2664349135415327,0,0,FOLLOWING,1.7664349135415327,0.449605968368982,0
8.736,3.176629708458014,0.9349027903883343,0.7465232192953641,4.395123187425381,2.213703790145277,0.39854795335852927,0.1480498177402557,0.39868711155345715,0.13359878470398728,1.7663686917700256,0.06301939402646761,0.26636869177002565,0,0,FOLLOWING,1.7663686917700256,0.44960596836898176,0
8.768,3.185980533613593,0.9435767909453551,0.7508027070777495,4.398864042984605,2.2276093861970154,0.39843627279078236,0.14819637178873357,0.3985751031206163,0.13373419729120115,1.7663029505078836,0.06308253226103633,0.26630295050788355,0,0,FOLLOWING,1.7663029505078836,0.449605968368982,0
8.8,3.195291533034752,0.9522883210914898,0.7550864916008063,4.402538108844515,2.2415327780943284,0.3983253985402644,0.14834164744460093,0.3984639128028976,0.1338684710526544,1.766237686359608,0.0631451218099649,0.2662376863596081,0,0,FOLLOWING,1.766237686359608,0.449605968368983,0
8.832,3.204562538264366,0.9610372563861546,0.7593745367274359,4.406145300354796,2.2554736450428816,0.3982153250361371,0.1484856550079125,0.3983535348903664,0.13400161552582354,1.7661728959622087,0.06320716709552776,0.2661728959622087,0,0,FOLLOWING,1.7661728959622087,0.44960596836898364,0
8.864,3.2137933811526667,0.9698234710619932,0.763666806624167,4.409685534405915,2.269431665845717,0.3981060467556371,0.14862840472472133,0.39824396375242155,0.13413364019908414,1.7661085759832829,0.06326867251608947,0.26610857598328286,0,0,FOLLOWING,1.7661085759832829,0.4496059683689837,0
8.896,3.222983893867665,0.9786468380308698,0.7679632657595633,4.4131587294310375,2.2834065189106543,0.3979975582214847,0.1487699067846005,0.3981351938290001,0.13426455451104835,1.7660447231193828,0.06332964244512951,0.26604472311938276,0,0,FOLLOWING,1.7660447231193828,0.4496059683689839,0
8.928,3.232133908905335,0.9875072288897406,0.7722638789025982,4.416564805407901,2.2973978822576955,0.39788985399967836,0.14891017131831122,0.3980272196234027,0.13439436784950978,1.7659813340946162,0.0633900812303202,0.2659813340946162,0,0,FOLLOWING,1.7659813340946162,0.449605968368984,0
8.96,3.24124325909961,0.9964045139264277,0.7765686111209817,4.419903683860668,2.311405433526449,0.39778292869762183,0.1490492083956375,0.3979200356964714,0.13452308955002093,1.765918405659452,0.06344999319266775,0.2659184056594519,0,0,FOLLOWING,1.765918405659452,0.44960596836898425,0
8.992,3.2503117776322012,1.0053385621253186,0.7808774277794439,4.423175287861726,2.3254288499835525,0.39767677696248516,0.14918702802338363,0.3978136366618594,0.13465072889446114,1.7658559345896703,0.06350938262571859,0.2658559345896703,0,0,FOLLOWING,1.7658559345896703,0.44960596836898437,0
9.024000000000001,3.259339298042284,1.0143092411730026,0.785190294537972,4.426379542033464,2.3394678085301117,0.39757139347979326,0.1493236401435591,0.3977080171821181,0.1347772951096453,1.765793917685453,0.0635682537948352,0.2657939176854529,0,0,FOLLOWING,1.765793917685453,0.44960596836898475,0
9.056000000000001,3.268325654236044,1.0233164174638605,0.7895071773500005,4.429516372550006,2.353521985709143,0.3974667729721814,0.14945905463171608,0.39760317196549155,0.13490279736580227,1.7657323517705765,0.06362661093653699,0.2657323517705765,0,0,FOLLOWING,1.7657323517705765,0.44960596836898503,0
9.088000000000001,3.2772706804961267,1.0323599561056154,0.7938280424605587,4.432585707138918,2.3675910577130246,0.39736291019829895,0.14959328129546337,0.3974990957632439,0.13502724477528205,1.7656712336916995,0.06368445825790825,0.26567123369169954,0,0,FOLLOWING,1.7656712336916995,0.44960596836898453,0
9.120000000000001,3.2861742114909775,1.0414397209248547,0.798152856404378,4.435587475082865,2.3816747003909615,0.3972597999518359,0.1497263298731364,0.39739578336745857,0.13515064639131127,1.765610560317725,0.06374179993607154,0.265610560317725,0,0,FOLLOWING,1.765610560317725,0.4496059683689849,0
9.152000000000001,3.295036082284097,1.0505555744725297,0.8024815860039677,4.438521607221247,2.395772589256448,0.39715743706064016,0.1498582100326029,0.3972932296091686,0.13527301120694363,1.7655503285392198,0.06379864011771308,0.2655503285392198,0,0,FOLLOWING,1.7655503285392198,0.44960596836898475,0
9.184000000000001,3.303856128343211,1.0597073780294393,0.8068141983676531,4.44138803595179,2.409884399494749,0.3970558163859427,0.1499889313702148,0.39719142935676793,0.13539434815395565,1.7654905352679036,0.06385498291866865,0.26549053526790356,0,0,FOLLOWING,1.7654905352679036,0.4496059683689847,0
9.216000000000001,3.312634185549368,1.068894991611701,0.8111506608875889,4.444186695232101,2.424009805970382,0.3969549328216326,0.15011850340988747,0.39709037751468823,0.13551466610203455,1.765431177436168,0.06391083242356188,0.26543117743616795,0,0,FOLLOWING,1.765431177436168,0.449605968368985,0
9.248,3.3213700902059595,1.0781182739762156,0.8154909412377427,4.446917520581196,2.4381484832346043,0.3968547812936132,0.1502469356022937,0.3969900690222036,0.135633973857839,1.7653722519966473,0.06396619268548698,0.26537225199664727,0,0,FOLLOWING,1.7653722519966473,0.44960596836898564,0
9.28,3.3300636790476768,1.087377082626127,0.819835007371861,4.449580449080979,2.452300105532918,0.396755356759208,0.15037423732417288,0.3968904988524668,0.1357522801644956,1.765313755921822,0.06402106772573968,0.26531375592182194,0,0,FOLLOWING,1.765313755921822,0.44960596836898586,0
9.312,3.338714789249401,1.09667127381628,0.8241828275214108,4.452175419377694,2.466464346812573,0.3966566542066133,0.1505004178777464,0.3967916620115928,0.1358695937007684,1.765255686203651,0.06407546153359156,0.26525568620365103,0,0,FOLLOWING,1.765255686203651,0.44960596836898586,0
9.344,3.34732325843503,1.1060007025586798,0.8285343701935083,4.454702371683343,2.480640880730075,0.3965586686543987,0.15062548649020852,0.3966935535379018,0.13598592308071736,1.7651980398532354,0.06412937806609453,0.2651980398532354,0,0,FOLLOWING,1.7651980398532354,0.44960596836898564,0
9.376,3.3558889246862464,1.1153652226279533,0.8328896041688265,4.457161247777053,2.49482938065871,0.39646139515103834,0.1507494523133492,0.3965961685012161,0.13610127685302215,1.765140813900502,0.06418282124793839,0.26514081390050204,0,0,FOLLOWING,1.765140813900502,0.4496059683689853,0
9.408,3.3644116265512265,1.1247646865668166,0.8372484984994975,4.45955199100643,2.509029519696068,0.39636482877448764,0.15087232442320955,0.39649950200224965,0.136215663500771,1.765084005393916,0.06423579497132337,0.2650840053939161,0,0,FOLLOWING,1.765084005393916,0.4496059683689849,0
9.44,3.372891203053294,1.1341989456915444,0.8416110225069963,4.461874546288856,2.523240970671573,0.39626896463177974,0.15099411181985722,0.3964035491720376,0.13632909144097685,1.765027611400207,0.06428830309588052,0.26502761140020703,0,0,FOLLOWING,1.765027611400207,0.44960596836898464,0
9.472,3.381327493699513,1.143667850097451,0.8459771457800243,4.4641288601127584,2.5374634061540235,0.3961737978586547,0.15111482342720708,0.39630830517144466,0.1364415690244682,1.7649716290041155,0.06434034944861068,0.2649716290041155,0,0,FOLLOWING,1.7649716290041155,0.44960596836898437,0
9.504,3.3897203384892354,1.1531712486643748,0.8503468381723756,4.466314880538848,2.551696498459135,0.39607932361921594,0.15123446809293148,0.39621376519068374,0.13655310453540415,1.7649160553081586,0.06439193782386012,0.26491605530815865,0,0,FOLLOWING,1.7649160553081586,0.44960596836898414,0
9.536,3.3980695779225853,1.1627089890621738,0.8547200698008064,4.46843255720131,2.5659399196570907,0.39598553710560624,0.15135305458841666,0.39611992444891087,0.13666370619137821,1.7648608874324072,0.06444307198331478,0.2648608874324072,0,0,FOLLOWING,1.7648608874324072,0.44960596836898403,0
9.568,3.4063750530088974,1.1722809177562286,0.8590968110428925,4.470481841308967,2.5801933415800957,0.39589243353770714,0.1514705916087973,0.3960267781937965,0.13677338214301385,1.7648061225142793,0.06449375565602777,0.26480612251427926,0,0,FOLLOWING,1.7648061225142793,0.44960596836898314,0
9.6,3.4146366052751023,1.1818868800129563,0.8634770325348917,4.472462685646406,2.5944564358299402,0.3958000081628618,0.1515870877730288,0.3959343217011996,0.1368821404741498,1.7647517577083487,0.06454399253845877,0.2647517577083487,0,0,FOLLOWING,1.7647517577083487,0.4496059683689832,0
9.632,3.422854076774061,1.191526719905335,0.867860705169598,4.474375044575059,2.608728873785563,0.3957082562556035,0.15170255162402788,0.3958425502748282,0.1369899892015505,1.7646977901861571,0.06459378629454626,0.26469779018615713,0,0,FOLLOWING,1.7646977901861571,0.44960596836898337,0
9.664,3.4310273100928494,1.2012002803184358,0.872247800094196,4.476218874034263,2.6230103266106255,0.39561717311741473,0.15181699162886514,0.3957514592458657,0.13709693627495184,1.7646442171360481,0.06464314055579734,0.26464421713604813,0,0,FOLLOWING,1.7646442171360481,0.4496059683689837,0
9.696,3.439156148360991,1.21090740295497,0.8766382887081225,4.477994131542266,2.6373004652610863,0.3955267540764988,0.15193041617898434,0.3956610439727485,0.13720298957724616,1.7645910357630061,0.06469205892138863,0.26459103576300613,0,0,FOLLOWING,1.7645910357630061,0.44960596836898425,0
9.728,3.4472404352586485,1.220647928340843,0.881032142660917,4.479700776197216,2.651598960492782,0.3954369944875604,0.1520428335904954,0.3955712998408294,0.13730815692416948,1.764538243288505,0.06474054495830017,0.26453824328850506,0,0,FOLLOWING,1.764538243288505,0.44960596836898425,0
9.76,3.4552800150247576,1.2304216958307237,0.8854293338500875,4.4813387686780946,2.6659054828690163,0.3953478897316039,0.15215425210449438,0.39548222226214863,0.1374124460647283,1.764485836950367,0.06478860220145566,0.2644858369503671,0,0,FOLLOWING,1.764485836950367,0.44960596836898437,0
9.792,3.4632747324651203,1.2402285436136233,0.8898298344189682,4.482908071245627,2.680219702768146,0.39525943521574636,0.1522646798874258,0.39539380667514357,0.13751586468105012,1.7644338140026306,0.0648362341538854,0.26443381400263055,0,0,FOLLOWING,1.7644338140026306,0.4496059683689842,0
9.824,3.4712244329604487,1.250068308718485,0.8942336167545889,4.484408647743153,2.694541290391178,0.39517162637303993,0.1523741250314872,0.3953060485444393,0.13761842038861163,1.7643821717154262,0.06488344428690185,0.2643821717154262,0,0,FOLLOWING,1.7643821717154262,0.4496059683689838,0
9.856,3.4791289624743627,1.2599408270197885,0.8986406534855418,4.485840463597455,2.708869915769367,0.3950844586623051,0.15248259555507382,0.39521894336060337,0.1377201207362607,1.7643309073748592,0.06493023604029424,0.2643309073748592,0,0,FOLLOWING,1.7643309073748592,0.44960596836898364,0
9.888,3.486988167561341,1.2698459332431635,0.9030509174798567,4.48720348581956,2.7232052487718175,0.39499792756797575,0.15259009940325996,0.3951324866399162,0.13782097320646308,1.7642800182828993,0.06497661282253675,0.26428001828289927,0,0,FOLLOWING,1.7642800182828993,0.44960596836898337,0
9.92,3.494801895374627,1.2797834609710177,0.9074643818428806,4.4884976830054955,2.737546959113092,0.3949120285999605,0.1526966444483077,0.39504667392417686,0.1379209852153782,1.7642295017572827,0.06502257801100919,0.26422950175728266,0,0,FOLLOWING,1.7642295017572827,0.44960596836898314,0
9.952,3.5025699936740904,1.2897532426481755,0.9118810199151618,4.489723025337016,2.7518947163608187,0.3948267572935015,0.15280223849022098,0.394961500780468,0.13802016411306287,1.764179355131412,0.06506813495223462,0.264179355131412,0,0,FOLLOWING,1.764179355131412,0.44960596836898303,0
9.984,3.5102923108340414,1.2997551095875302,0.9163008052703385,4.490879484582289,2.7662481899433047,0.3947421092090555,0.15290688925732535,0.3948769628009825,0.13811851718359877,1.7641295757542708,0.06511328696212926,0.26412957575427076,0,0,FOLLOWING,1.7641295757542708,0.4496059683689828,0
10.016,3.517968695851003,1.3097888919757075,0.9207237117130325,4.491967034096544,2.7806070491571546,0.39465807993217683,0.1530106044068956,0.39479305560280614,0.13821605164525513,1.76408016099034,0.0651580373262699,0.26408016099034004,0,0,FOLLOWING,1.76408016099034,0.4496059683689829,0
10.048,3.525598998351438,1.3198544188787427,0.9251497132767514,4.492985648822688,2.794970963174886,0.394574665073404,0.15311339152579606,0.39470977482773517,0.13831277465072878,1.7640311082195177,0.06520238930016875,0.2640311082195177,0,0,FOLLOWING,1.7640311082195177,0.44960596836898237,0
10.08,3.5331830685994334,1.3299515182477681,0.9295787842217925,4.493935305291883,2.809339601052556,0.394491860268175,0.15321525813117415,0.39462711614206536,0.1384086932871891,1.7639824148370558,0.06524634610956781,0.26398241483705576,0,0,FOLLOWING,1.7639824148370558,0.4496059683689822,0
10.112,3.540720757504339,1.3400800169247162,0.934010899033154,4.494815981624086,2.823712631737384,0.39440966117672616,0.15331621167117168,0.39454507523642596,0.13850381457659455,1.7639340782534887,0.06528991095074177,0.2639340782534887,0,0,FOLLOWING,1.7639340782534887,0.4496059683689821,0
10.144,3.5482119166283654,1.3502397406480313,0.938446032418451,4.495627657528554,2.8380897240753784,0.3943280634840142,0.15341625952568017,0.3944636478255892,0.13859814547571714,1.7638860958945763,0.06533308699081986,0.26388609589457634,0,0,FOLLOWING,1.7638860958945763,0.44960596836898203,0
10.176,3.555656398194135,1.3604305140583968,0.9428841593058356,4.4963703143043094,2.8524705468189677,0.3942470628996449,0.15351540900712793,0.39438282964826565,0.13869169287636454,1.7638384652012515,0.06537587736811779,0.26383846520125154,0,0,FOLLOWING,1.7638384652012515,0.44960596836898276,0
10.208,3.5630540550921967,1.3706521607044728,0.9473252548419218,4.497043934840573,2.866854768634632,0.3941666551578024,0.15361366736130047,0.39430261646694176,0.13878446360549634,1.7637911836295688,0.06541828519248627,0.26379118362956877,0,0,FOLLOWING,1.7637911836295688,0.4496059683689826,0
10.24,3.570404740888493,1.3809045030486466,0.9517692943897166,4.497648503617157,2.8812420581105362,0.3940868360171969,0.15371104176819375,0.39422300406767297,0.13887646442540738,1.763744248650665,0.06546031354567117,0.2637442486506649,0,0,FOLLOWING,1.763744248650665,0.4496059683689819,0
10.272,3.5777083098317894,1.3911873624727966,0.9562162535265514,4.4981840067048235,2.89563208376417,0.39400760126101164,0.1538075393429145,0.39414398825990615,0.1389677020337387,1.76369765775072,0.06550196548169407,0.26369765775071996,0,0,FOLLOWING,1.76369765775072,0.44960596836898226,0
10.304,3.584964616861055,1.401500559284064,0.9606661080420161,4.498650431765606,2.910024514049975,0.3939289466968569,0.15390316713660548,0.3940655648762761,0.13905818306361703,1.763651408430923,0.06554324402724265,0.26365140843092294,0,0,FOLLOWING,1.763651408430923,0.4496059683689817,0
10.336,3.59217351761281,1.4118439127206415,0.9651188339359004,4.499047768053091,2.9244190173669975,0.39385086815674786,0.15399793213742285,0.39398772977242885,0.13914791408377658,1.7636054982074527,0.06558415218208113,0.2636054982074527,0,0,FOLLOWING,1.7636054982074527,0.4496059683689819,0
10.368,3.599334868428428,1.4222172409575708,0.9695744074161315,4.499376006412669,2.938815262066515,0.39377336149706105,0.1540918412715446,0.3939104788268012,0.13923690159855082,1.7635599246114473,0.06562469291947648,0.2635599246114473,0,0,FOLLOWING,1.7635599246114473,0.44960596836898176,0
10.4,3.6064485263613975,1.4326203611125516,0.9740328048967142,4.499635139281741,2.9532129164596888,0.39369642259853266,0.1541849014042348,0.39383380794043527,0.13932515204786688,1.7635146851889985,0.0656648691866446,0.26351468518899845,0,0,FOLLOWING,1.7635146851889985,0.4496059683689813,0
10.432,3.6135143491845403,1.4430530892517628,0.9784940029956721,4.499825160689899,2.967611648825198,0.3936200473662423,0.15427711934093205,0.39375771303675944,0.1394126718073542,1.7634697775011385,0.06570468390520778,0.26346977750113854,0,0,FOLLOWING,1.7634697775011385,0.44960596836898137,0
10.464,3.620532195397197,1.4535152403956937,0.9829579785329848,4.4999460662590565,2.9820111274168846,0.3935442317296067,0.15436850182842005,0.3936821900613679,0.13949946718812323,1.7634251991238348,0.06574413997168504,0.2634251991238348,0,0,FOLLOWING,1.7634251991238348,0.44960596836898115,0
10.496,3.627501924232364,1.4640066285249869,0.9874247085285243,4.499997853203556,2.9964110204714007,0.39346897164240274,0.15445905555601355,0.3936072349818204,0.13958554443686066,1.7633809476480011,0.06578324025799154,0.26338094764800113,0,0,FOLLOWING,1.7633809476480011,0.44960596836898153,0
10.528,3.634423395663799,1.4745270665862913,0.9918941701999882,4.499980520330228,3.010810996215845,0.3933942630827633,0.1545487871568246,0.39353284378739306,0.13967090973561605,1.7633370206794956,0.06582198761196656,0.2633370206794956,0,0,FOLLOWING,1.7633370206794956,0.44960596836898103,0
10.56,3.6412964704130784,1.4850763664981241,0.9963663409608235,4.49989406803842,3.0252107228754155,0.3933201020532276,0.15463770320908113,0.3934590124888193,0.13975556920158755,1.763293415839151,0.06586038485792656,0.2632934158391509,0,0,FOLLOWING,1.763293415839151,0.4496059683689805,0
10.592,3.648121009956623,1.4956543391567445,1.0008411984181533,4.49973849831999,3.0396098686810467,0.39324648458076666,0.15472581023748452,0.39338573711809616,0.13983952888715517,1.7632501307627908,0.06589843479723313,0.2632501307627908,0,0,FOLLOWING,1.7632501307627908,0.44960596836898015,0
10.624,3.6548968765326806,1.5062607944420345,1.005318720370682,4.499513814759258,3.0540081018770553,0.3931734067168289,0.1548131147146743,0.39331301372816485,0.1399227947792653,1.7632071631012602,0.06593614020890448,0.26320716310126024,0,0,FOLLOWING,1.7632071631012602,0.44960596836897987,0
10.656,3.6616239331482756,1.51689554122339,1.009798884806598,4.499220022532922,3.0684050907287865,0.39310086453740894,0.1548996230627338,0.39324083839265744,0.14000537279930553,1.763164510520471,0.06597350385024492,0.26316451052047096,0,0,FOLLOWING,1.763164510520471,0.4496059683689802,0
10.688,3.6683020435861144,1.5275583873656196,1.0142816699014676,4.498857128409944,3.082800503530252,0.39302885414310873,0.15498534165477354,0.3931692072056309,0.1400872688028579,1.7631221707014415,0.06601052845750477,0.2631221707014415,0,0,FOLLOWING,1.7631221707014415,0.44960596836898,0
10.72,3.674931072411457,1.5382491397348512,1.0187670540161045,4.498425140751387,3.097194008611779,0.392957371659232,0.15507027681660904,0.39309811628121927,0.14016848857892147,1.7630801413403618,0.06604721674658154,0.26308014134036184,0,0,FOLLOWING,1.7630801413403618,0.4496059683689797,0
10.752,3.6815108849789504,1.5489676042044453,1.023255015694429,4.497924069510226,3.1115852743476484,0.39288641323587975,0.15515443482851923,0.3930275617533462,0.140249037849579,1.7630384201486566,0.06608357141375176,0.26303842014865664,0,0,FOLLOWING,1.7630384201486566,0.44960596836898026,0
10.784,3.6880413474394294,1.559713585660915,1.0277455336613068,4.497353926231124,3.1259739691637316,0.39281597504805554,0.15523782192708938,0.3929575397753764,0.14032892226941857,1.7629970048530579,0.06611959513643949,0.2629970048530579,0,0,FOLLOWING,1.7629970048530579,0.4496059683689802,0
10.816,3.694522326746675,1.5704868880098524,1.0322385868203654,4.496714724050154,3.140359761545139,0.39274605329580276,0.15532044430718037,0.39288804651976017,0.14040814742474453,1.762955893195698,0.06615529057403569,0.2629558931956979,0,0,FOLLOWING,1.762955893195698,0.4496059683689806,0
10.848,3.700953690664143,1.5812873141818584,1.0367341542517845,4.4960064776945075,3.154742320043849,0.3926766442043411,0.15540230812397007,0.39281907817764705,0.14048671883281835,1.7629150829342026,0.06619066036874832,0.2629150829342026,0,0,FOLLOWING,1.7629150829342026,0.4496059683689806,0
10.88,3.7073353077716535,1.592114666138478,1.0412322152100562,4.495229203482148,3.1691213132863503,0.3926077440242355,0.1554834194951579,0.3927506309584786,0.1405646419409454,1.7628745718418066,0.06622570714651888,0.2628745718418066,0,0,FOLLOWING,1.7628745718418066,0.44960596836898015,0
10.912,3.7136670474720512,1.6029687448781376,1.0457327491217197,4.494382919321439,3.1834964099812764,0.3925393490315742,0.155563784503244,0.3926827010895855,0.1406419221255924,1.762834357707476,0.06626043351797062,0.2628343577074761,0,0,FOLLOWING,1.762834357707476,0.44960596836898115,0
10.944,3.7199487799978277,1.613849350442085,1.0502357355830514,4.493467644710732,3.1978672789270317,0.39247145552816365,0.15564340919799197,0.392615284815699,0.14071856469110108,1.762794438336042,0.06629484207943113,0.2627944383360421,0,0,FOLLOWING,1.762794438336042,0.4496059683689814,0
10.976,3.7261803764177133,1.6247562819203305,1.054741154357719,4.49248340073791,3.2122335890194353,0.39240405984176663,0.15572229959901762,0.3925483783984536,0.14079457486841987,1.7627548115483633,0.06632893541400886,0.26275481154836333,0,0,FOLLOWING,1.7627548115483633,0.4496059683689823,0
11.008000000000001,3.732361708643237,1.635689337457587,1.0592489853743914,4.491430210079915,3.226595009259335,0.39233715832633304,0.15580046169852976,0.3924819781159198,0.14086995781386893,1.7627154751814869,0.06636271609273026,0.26271547518148686,0,0,FOLLOWING,1.7627154751814869,0.44960596836898276,0
11.040000000000001,3.738492649435256,1.646648314259209,1.063759208724295,4.49030809700221,3.240951208760245,0.39227074736228235,0.15587790146427416,0.3924160802619874,0.1409447186074011,1.7626764270888404,0.06639618667576162,0.2626764270888404,0,0,FOLLOWING,1.7626764270888404,0.4496059683689824,0
11.072000000000001,3.744573072410452,1.657633008597129,1.0682718046587207,4.489117087358231,3.2553018567559655,0.39220482335680446,0.15595462484262632,0.39235068114578897,0.14101886225102495,1.7626376651404403,0.06642934971369319,0.2626376651404403,0,0,FOLLOWING,1.7626376651404403,0.4496059683689828,0
11.104000000000001,3.7506028520478014,1.6686432158157884,1.0727867535864621,4.487857208588789,3.269646622608199,0.3921393827441768,0.15603063776191325,0.3922857770910724,0.1410923936667159,1.7625991872231108,0.0664622077489172,0.2625991872231108,0,0,FOLLOWING,1.7625991872231108,0.4496059683689833,0
11.136000000000001,3.7565818636950175,1.679678730338063,1.0773040360711885,4.486528489721434,3.2839851758141765,0.3920744219861432,0.15610594613596068,0.39222136443547523,0.14116531769438714,1.7625609912407434,0.0664947633170967,0.2625609912407434,0,0,FOLLOWING,1.7625609912407434,0.4496059683689839,0
11.168000000000001,3.7625099835749656,1.6907393456711797,1.08182363282875,4.485130961369791,3.2983171860142653,0.39200993757229446,0.1561805558678427,0.39215743952984156,0.14123763908965098,1.7625230751145609,0.06652701894872282,0.26252307511456086,0,0,FOLLOWING,1.7625230751145609,0.4496059683689838,0
11.200000000000001,3.768387088792049,1.701824854412624,1.0863455247243865,4.4836646557328494,3.312642322999585,0.39194592602051537,0.15625447285393593,0.39209399873735284,0.1413093625210109,1.7624854367834242,0.06655897717079284,0.2624854367834242,0,0,FOLLOWING,1.7624854367834242,0.4496059683689839,0
11.232000000000001,3.774213057338576,1.7129350482560346,1.0908696927698573,4.482129606594228,3.326960256719614,0.3918823838774489,0.15632770298821855,0.3920310384327346,0.14138049256717042,1.762448074204154,0.06659064050859187,0.26244807420415395,0,0,FOLLOWING,1.762448074204154,0.4496059683689843,0
11.264,3.779987768101102,1.724069717997083,1.095396118120463,4.48052584932139,3.341270657289791,0.3918193077190189,0.15640025216689463,0.39196855500128225,0.14145103371381704,1.76241098535189,0.06662201148760882,0.2624109853518899,0,0,FOLLOWING,1.76241098535189,0.44960596836898453,0
11.296,3.7857111008667497,1.7352286535393369,1.0999247820719646,4.478853420864834,3.3555731949991197,0.3917566941509988,0.15647212629333415,0.3919065448379182,0.1415209903503772,1.7623741682204832,0.0666530926355815,0.2623741682204832,0,0,FOLLOWING,1.7623741682204832,0.4496059683689837,0
11.328,3.7913829363295104,1.746411643900102,1.1044556660573688,4.477112359757234,3.3698675403177667,0.3916945398096286,0.1565433312834027,0.3918450043460232,0.14159036676576123,1.7623376208229231,0.06668388648470369,0.2623376208229231,0,0,FOLLOWING,1.7623376208229231,0.4496059683689838,0
11.36,3.7970031560965287,1.7576184772162435,1.1089887516435983,4.475302706112563,3.3841533639046455,0.3916328413622838,0.1566138730711268,0.3917839299363887,0.14165916714486207,1.7623013411917974,0.06671439557396974,0.2623013411917974,0,0,FOLLOWING,1.7623013411917974,0.44960596836898337,0
11.392,3.80257164269437,1.7688489407499766,1.1135240205279942,4.473424501625162,3.398430336615015,0.3915715955082233,0.15668375761485306,0.3917233180258325,0.1417273955632886,1.7622653273798086,0.06674462245172452,0.26226532737980857,0,0,FOLLOWING,1.7622653273798086,0.44960596836898337,0
11.424,3.8080882795752786,1.7801028208946312,1.118061454534676,4.4714777895687785,3.412698129508053,0.3915107989793766,0.15675299090381975,0.39166316503592236,0.14179505598284994,1.7622295774603176,0.06677456967838169,0.2622295774603176,0,0,FOLLOWING,1.7622295774603176,0.44960596836898314,0
11.456,3.8135529511234183,1.7913799031803792,1.1226010356107137,4.469462614795571,3.4269564138544437,0.3914504485412333,0.15682157896525833,0.3916034673914413,0.14186215224578538,1.7621940895279569,0.06680423982936312,0.26219408952795686,0,0,FOLLOWING,1.7621940895279569,0.44960596836898303,0
11.488,3.818965542661112,1.8026799722799254,1.1271427458221084,4.467379023735079,3.4412048611439467,0.3913905409937902,0.15688952787203508,0.3915442215187937,0.14192868806869072,1.7621588616992832,0.0668336354982586,0.26215886169928315,0,0,FOLLOWING,1.7621588616992832,0.449605968368983,0
11.52,3.8243259404550733,1.8140028120141538,1.1316865673495657,4.465227064393147,3.4554431430929666,0.39133107317258775,0.15695684375089572,0.39148542384426793,0.14199466703608402,1.762123892113494,0.0668627593002371,0.2621238921134941,0,0,FOLLOWING,1.762123892113494,0.449605968368983,0
11.552,3.829634031722634,1.8253482053577244,1.1362324824840213,4.463006786350823,3.469670931652117,0.3912720419498497,0.1570235327913818,0.391427070792095,0.14206009259268257,1.762089178933213,0.06689161387573361,0.26208917893321293,0,0,FOLLOWING,1.762089178933213,0.4496059683689833,0
11.584,3.8348897046379764,1.8367159344446162,1.1407804736219214,4.4607182407632155,3.4838878990137783,0.39121344423571613,0.15708960125543234,0.39136915878240325,0.14212496803568972,1.7620547203453396,0.06692020189441994,0.2620547203453396,0,0,FOLLOWING,1.7620547203453396,0.44960596836898314,0
11.616,3.8400928483383683,1.8481057805736096,1.145330523260216,4.458361480358314,3.4980937176196516,0.3911552769795934,0.15715505548779854,0.3913116842289666,0.14218929650585718,1.7620205145619812,0.06694852605951063,0.26202051456198117,0,0,FOLLOWING,1.7620205145619812,0.44960596836898237,0
11.648,3.8452433529304098,1.8595175242137019,1.149882613991043,4.455936559435773,3.512288060168306,0.3910975371716171,0.1572199019272919,0.3912546435367401,0.14225308097781655,1.7619865598214624,0.06697658911241322,0.26198655982146235,0,0,FOLLOWING,1.7619865598214624,0.44960596836898226,0
11.68,3.8503411094962896,1.8709509450094424,1.1544367284960666,4.453443533865664,3.5264705996227153,0.3910402218442593,0.1572841471189778,0.39119803309915435,0.14231632424926693,1.761952854389432,0.06700439383776935,0.26195285438943205,0,0,FOLLOWING,1.761952854389432,0.44960596836898176,0
11.712,3.855386010100064,1.882405821786189,1.158992849540437,4.450882461087184,3.5406410092177993,0.39098332807407743,0.1573477977274208,0.39114184929518353,0.14237902892917154,1.7619193965600708,0.06703194306892901,0.2619193965600708,0,0,FOLLOWING,1.7619193965600708,0.44960596836898187,0
11.744,3.860377947793959,1.8938819325552676,1.1635509599663507,4.4482534001073395,3.5547989624679466,0.3909268529836162,0.15741086055099393,0.3910860884861651,0.1424411974252186,1.7618861846574019,0.06705923969386607,0.2618861846574019,0,0,FOLLOWING,1.7618861846574019,0.44960596836898176,0
11.776,3.8653168166247,1.90537905451903,1.1681110426861385,4.445556411499577,3.5689441331745417,0.39087079374349687,0.15747334253748316,0.39103074701224966,0.14250283192908253,1.7618532170367318,0.06708628666162686,0.2618532170367318,0,0,FOLLOWING,1.7618532170367318,0.44960596836898187,0
11.808,3.8702025116398797,1.9168969640757931,1.1726730806748589,4.442791557402397,3.5830761954334767,0.39081514757468433,0.15753525080101877,0.3909758211885833,0.14256393440107223,1.7618204920862146,0.06711308698932705,0.2618204920862146,0,0,FOLLOWING,1.7618204920862146,0.4496059683689822,0
11.84,3.8750349288943693,1.928435436824655,1.1772370569623407,4.439958901517913,3.5971948236426616,0.39075991175097413,0.15759659264048884,0.39092130730105024,0.14262450655268966,1.7617880082285653,0.06713964376976134,0.2617880082285653,0,0,FOLLOWING,1.7617880082285653,0.4496059683689823,0
11.872,3.8798139654567794,1.9399942475701641,1.181802954624608,4.437058509110392,3.611299692509528,0.3907050836017119,0.15765737555960632,0.390867201601669,0.14268454982759116,1.7617557639229362,0.06716596017969612,0.2617557639229362,0,0,FOLLOWING,1.7617557639229362,0.4496059683689831,0
11.904,3.884539519415982,1.9515731703268355,1.186370756774637,4.434090447004747,3.625390477058521,0.390650660514754,0.15771760728876594,0.39081350030347456,0.14274406538050277,1.7617237576669578,0.06719203948889985,0.26172375766695777,0,0,FOLLOWING,1.7617237576669578,0.449605968368983,0
11.936,3.8892114898876997,1.963171978323489,1.1909404465523654,4.431054783584997,3.639466852638588,0.3905966399397212,0.15777729580889757,0.3907601995749317,0.1428030540539713,1.7616919879989827,0.06721788506999915,0.26169198799898274,0,0,FOLLOWING,1.7616919879989827,0.44960596836898287,0
11.968,3.8938297770211765,1.9747904440073982,1.1955120071138858,4.427951588792695,3.6535284949306583,0.39054301939155267,0.15783644937747357,0.3907072955337838,0.14286151635285257,1.7616604535005362,0.06724350040922467,0.26166045350053624,0,0,FOLLOWING,1.7616604535005362,0.44960596836898287,0
12.0,3.8983942820059356,1.9864283390482196,1.2000854216197185,4.424780934125311,3.667575079955115,0.3904897964543971,0.1578950765569742,0.39065478424018923,0.14291945241545942,1.7616291527989991,0.0672688891181712,0.2616291527989991,0,0,FOLLOWING,1.7616291527989991,0.44960596836898303,0
12.032,3.9029049070786423,1.9980854343416872,1.2046606732220841,4.421542892634585,3.6816062840792605,0.3904369687858852,0.1579531862459983,0.39060266168928953,0.14297686198248816,1.7615980845705548,0.0672940549466503,0.2615980845705548,0,0,FOLLOWING,1.7615980845705548,0.44960596836898303,0
12.064,3.907361555530087,2.0097615000130435,1.209237745051064,4.4182375389248545,3.695621784024774,0.39038453412180973,0.15801078771329832,0.3905509238028889,0.14303374436201663,1.761567247543415,0.06731900179675243,0.261567247543415,0,0,FOLLOWING,1.761567247543415,0.44960596836898353,0
12.096,3.911764131712291,2.0214563054201737,1.2138166201995129,4.41486494915132,3.7096212568751543,0.3903324902812551,0.15806789063511692,0.3904995664203062,0.14309009839072678,1.7615366405013595,0.0673437337382694,0.2615366405013595,0,0,FOLLOWING,1.7615366405013595,0.4496059683689833,0
12.128,3.9161125410457727,2.0331696191564155,1.2183972817065993,4.4114252010183,3.7236043800831693,0.39028083517225215,0.1581245051361291,0.39044858528817605,0.14314592239091398,1.7615062622876343,0.06736825502560895,0.2615062622876343,0,0,FOLLOWING,1.7615062622876343,0.44960596836898364,0
12.16,3.9204066900269727,2.0449012090530068,1.2229797125398303,4.407918373777442,3.7375708314782754,0.39022956679796095,0.15818064183435332,0.39039797604930104,0.14320121412313333,1.7614761118092175,0.06739257011634758,0.2614761118092175,0,0,FOLLOWING,1.7614761118092175,0.4496059683689832,0
12.192,3.9246464862358703,2.0566508421811287,1.2275638955753612,4.40434454822589,3.751520289274053,0.39017868326351035,0.1582363118905759,0.39034773423007585,0.143255970732602,1.761446188041535,0.0674166836916461,0.2614461880415351,0,0,FOLLOWING,1.761446188041535,0.4496059683689831,0
12.224,3.928831838343814,2.0684182848534984,1.2321498135764204,4.400703806704424,3.76545243207561,0.3901281827834896,0.15829152706268917,0.3902978552266906,0.1433101886903525,1.761416490033631,0.0674406006786965,0.2614164900336311,0,0,FOLLOWING,1.761416490033631,0.44960596836898303,0
12.256,3.9329626561215845,2.080203302625464,1.236737449169633,4.396996233095569,3.7793669388869935,0.3900780636902302,0.15834629976552192,0.3902483342897058,0.1433638637275237,1.7613870169138794,0.06746432627543664,0.26138701691387944,0,0,FOLLOWING,1.7613870169138794,0.44960596836898303,0
12.288,3.9370388504477263,2.092005660295537,1.241326784818984,4.393221912821658,3.7932634891185817,0.3900283244429281,0.15840064313682828,0.3901991665068795,0.14341699076150294,1.7613577678962782,0.0674878659778071,0.2613577678962782,0,0,FOLLOWING,1.7613577678962782,0.44960596836898314,0
12.32,3.941060333317174,2.1038251219053024,1.2459178027971411,4.389380932842863,3.8071417625944717,0.3899789636377139,0.15845457111013891,0.39015034678399646,0.14346956381368048,1.7613287422873987,0.0675112256098449,0.26132874228739866,0,0,FOLLOWING,1.7613287422873987,0.449605968368983,0
12.352,3.9450270178502143,2.1156614507386338,1.2505104851538629,4.385473381655191,3.821001439559857,0.3899299800187804,0.15850809849521064,0.3901018698235658,0.14352157591803819,1.7612999394940645,0.06753441135691296,0.2612999394940645,0,0,FOLLOWING,1.7612999394940645,0.4496059683689828,0
12.384,3.9489388183018166,2.127514409320122,1.255104813681086,4.3814993492884495,3.834842200688393,0.38988137249069554,0.15856124106706856,0.390053730100857,0.14357301901761957,1.7612713590318492,0.06755742980248038,0.26127135903184917,0,0,FOLLOWING,1.7612713590318492,0.4496059683689828,0
12.416,3.9527956500713817,2.139383759412634,1.2597007698743277,4.37745892730417,3.8486637270895567,0.38983314013203074,0.15861401566461314,0.3900059218371708,0.14362388384924332,1.7612430005344843,0.06758028796885251,0.26124300053448435,0,0,FOLLOWING,1.7612430005344843,0.4496059683689828,0
12.448,3.9565974297129545,2.1512692620138902,1.2642983348899406,4.373352208793493,3.86246570031599,0.3897852822104676,0.1586664402999719,0.3899584389698997,0.14367415981398923,1.7612148637642882,0.06760299336233742,0.26121486376428815,0,0,FOLLOWING,1.7612148637642882,0.44960596836898314,0
12.48,3.9603440749459606,2.1631706773519417,1.2688974894976952,4.369179288375035,3.87624780237084,0.38973779819956483,0.15871853427990207,0.3899112751188068,0.14372383483103834,1.7611869486237433,0.06762555402339343,0.26118694862374325,0,0,FOLLOWING,1.7611869486237433,0.4496059683689833,0
12.512,3.964035504666521,2.1750877648794034,1.273498214028101,4.364940262192696,3.8900097157150864,0.3896906877973919,0.15877031834080352,0.3898644235481762,0.1437728951734754,1.761159255168364,0.06764797858239446,0.2611592551683639,0,0,FOLLOWING,1.761159255168364,0.44960596836898303,0
12.544,3.9676716389594255,2.1870202832663006,1.2781004883138094,4.36063522791345,3.903751123274854,0.38964395094724424,0.15882181479897464,0.389817877124232,0.14382132528309058,1.7611317836210048,0.0676702763216932,0.26113178362100475,0,0,FOLLOWING,1.7611317836210048,0.44960596836898326,0
12.576,3.9712523991108353,2.1989679903913353,1.2827042916243079,4.3562642847251,3.91747170844872,0.38959758786073295,0.1588730477181394,0.3897716282670224,0.1438691075609239,1.7611045343878104,0.06769245724481698,0.26110453438781045,0,0,FOLLOWING,1.7611045343878104,0.44960596836898314,0
12.608,3.9747777076218056,2.21093064333138,1.2873096025930353,4.3518275333339815,3.93117115511501,0.38955159904352943,0.1589240430964818,0.38972566889612403,0.14391622213037594,1.761077508076004,0.06771453215372136,0.26107750807600394,0,0,FOLLOWING,1.761077508076004,0.4496059683689835,0
12.64,3.978247488222732,2.2229079983489615,1.2919163991359128,4.34732507596265,3.944849147639077,0.38950598532410974,0.15897482907571084,0.3896799903692124,0.14396264656884813,1.7610507055137512,0.06773651273514347,0.2610507055137512,0,0,FOLLOWING,1.7610507055137512,0.4496059683689831,0
12.672,3.9816616658888333,2.234899810877465,1.2965246583601187,4.342757016347525,3.95850537088058,0.38946074788592916,0.15902543617517,0.38963458341238916,0.1440083556029955,1.7610241277723986,0.06775841165729868,0.2610241277723986,0,0,FOLLOWING,1.7610241277723986,0.44960596836898303,0
12.704,3.9850201668567933,2.2469058355037586,1.301134356461778,4.338123459736497,3.9721395102007397,0.3894158883034293,0.1590758975543428,0.38958943804114776,0.14405332076226365,1.7609977761913669,0.06778024267830672,0.2609977761913669,0,0,FOLLOWING,1.7609977761913669,0.44960596836898337,0
12.736,3.98832291864272,2.258925825947877,1.3057454686110177,4.333424512886507,3.9857512514695883,0.3893714085824464,0.15912624930770075,0.3895445434703805,0.14409750998403212,1.7609716524060925,0.06780202076797659,0.26097165240609255,0,0,FOLLOWING,1.7609716524060925,0.4496059683689836,0
12.768,3.9915698500615804,2.270959535039356,1.3103579688225953,4.3286602840610815,3.9993402810732093,0.38932731120561787,0.15917653079643954,0.3894998880118585,0.1441408871627983,1.7609457583794317,0.06782376224482678,0.2609457583794317,0,0,FOLLOWING,1.7609457583794317,0.44960596836898314,0
12.8,3.994760891248302,2.2830067146897544,1.3149718298100586,4.323830883027842,4.0129062859209625,0.3892835991834721,0.15922678502225535,0.38945545895727907,0.14418341163552575,1.760920096437003,0.06784548493047105,0.2609200964370031,0,0,FOLLOWING,1.760920096437003,0.4496059683689831,0
12.832,3.997895973680763,2.2950671158608045,1.319587022820986,4.318936421055975,4.026448953452695,0.38924027611202067,0.15927705904939632,0.389411242444232,0.14422503759044372,1.7608946693070393,0.06786720832394288,0.2608946693070393,0,0,FOLLOWING,1.7608946693070393,0.4496059683689828,0
12.864,4.000975030204913,2.3071404885275637,1.3242035174505677,4.313977010913667,4.039967971645947,0.3891973462378087,0.15932740448189286,0.3893672233028622,0.1442657133901195,1.7608694801654077,0.06788895379881123,0.2608694801654077,0,0,FOLLOWING,1.7608694801654077,0.4496059683689825,0
12.896,4.003997995062317,2.3192265816358195,1.3288212814301998,4.3089527668655085,4.053463029023137,0.3891548145314993,0.15937787800438052,0.38932338487936646,0.14430538079066463,1.7608445326865512,0.06791074482656256,0.26084453268655117,0,0,FOLLOWING,1.7608445326865512,0.44960596836898264,0
12.928,4.00696480392045,2.3313251430528887,1.3334402803873064,4.303863804669861,4.06693381465874,0.38911268677128535,0.159428541996077,0.3892797088330017,0.14434397404262328,1.760819831101248,0.06793260723019778,0.26081983110124796,0,0,FOLLOWING,1.760819831101248,0.44960596836898287,0
12.96,4.0098753939061105,2.343435919510797,1.3380604775719156,4.298710241576188,4.080380018186451,0.3890709696376129,0.15947946522918205,0.38923617490185014,0.14438141885191996,1.7607953802622205,0.0679545694727004,0.2607953802622205,0,0,FOLLOWING,1.7607953802622205,0.44960596836898314,0
12.992,4.012729703642402,2.3555586565406488,1.3426818335446735,4.2934921963223545,4.093801329806336,0.389029670820997,0.15953072366510432,0.38919276063169594,0.1444176311749386,1.7607711857188324,0.06797666298590865,0.2607711857188324,0,0,FOLLOWING,1.7607711857188324,0.449605968368983,0
13.024000000000001,4.015527673289785,2.367693098396793,1.3473043058201284,4.288209789131892,4.107197440291968,0.38898879914495854,0.15958240136403096,0.38914944106188226,0.1444525158206168,1.7607472538022872,0.06799892254620278,0.26074725380228725,0,0,FOLLOWING,1.7607472538022872,0.4496059683689828,0
13.056000000000001,4.01826924459178,2.3798389879691335,1.3519278484579178,4.282863141711231,4.120568040997554,0.38894836470654476,0.1596345915263772,0.3891061883600663,0.1444859648223715,1.7607235917230397,0.06802138670466397,0.2607235917230397,0,0,FOLLOWING,1.7607235917230397,0.44960596836898203,0
13.088000000000001,4.020954360926011,2.391996066681639,1.3565524115931478,4.277452377246888,4.133912823865048,0.38890837903729925,0.15968739768800294,0.3890629713966155,0.14451785553796098,1.7607002076824172,0.0680440982807411,0.2607002076824172,0,0,FOLLOWING,1.7607002076824172,0.44960596836898253,0
13.120000000000001,4.023582967361391,2.4041640743747275,1.3611779408955964,4.271977620402641,4.1472314814312385,0.3888688552880808,0.15974093509519546,0.38901975524719745,0.14454804842510355,1.7606771110008195,0.06806710493016754,0.2606771110008195,0,0,FOLLOWING,1.7606771110008195,0.449605968368982,0
13.152000000000001,4.0261550107223565,2.416342749168778,1.3658043769453867,4.266438997316642,4.160523706834847,0.38882980844183096,0.15979533229045473,0.38897650061000805,0.14457638443124177,1.7606543122653489,0.06809045979994166,0.26065431226534885,0,0,FOLLOWING,1.7606543122653489,0.44960596836898137,0
13.184000000000001,4.028670439661278,2.428531827305475,1.370431654510355,4.2608366355985225,4.173789193823589,0.38879125555908955,0.15985073294603858,0.3889331631210103,0.1446026819214092,1.7606318235002216,0.06811422228563857,0.2606318235002216,0,0,FOLLOWING,1.7606318235002216,0.44960596836898153,0
13.216000000000001,4.031129204740309,2.440731042963043,1.3750597017073212,4.2551706643264495,4.187027636761229,0.3887532160620686,0.15990729798987582,0.38888969254666184,0.14462673305024687,1.76060965836401,0.06813845890946957,0.26060965836401007,0,0,FOLLOWING,1.76060965836401,0.44960596836898187,0
13.248000000000001,4.033531258524195,2.452940128040627,1.3796884390258886,4.249441214044151,4.200238730634629,0.38871571206429467,0.15996520807725034,0.3888460318295297,0.14464829946591373,1.7605878323786013,0.06816324434115084,0.2605878323786013,0,0,FOLLOWING,1.7605878323786013,0.44960596836898176,0
13.280000000000001,4.035876555685846,2.465158811906111,1.3843177781889262,4.243648416757907,4.213422171060769,0.3886787687541361,0.1600246664729015,0.3888021159564712,0.1446671072065102,1.7605663631956836,0.06818866258826972,0.2605663631956836,0,0,FOLLOWING,1.7605663631956836,0.4496059683689809,0
13.312000000000001,4.038165053126793,2.477386821100431,1.3889476208182852,4.2377924059335115,4.226577654293766,0.38864241484246737,0.16008590242199225,0.38875787061119893,0.14468284061351672,1.7605452709079112,0.06821480838855143,0.26054527090791124,0,0,FOLLOWING,1.7605452709079112,0.4496059683689805,0
13.344,4.0403967101150915,2.489623878989984,1.3935778568676098,4.231873316493194,4.239704877231867,0.3886066830867294,0.16014917510518306,0.3887132105656989,0.14469513505351772,1.7605245784133154,0.06824178884334842,0.26052457841331544,0,0,FOLLOWING,1.7605245784133154,0.44960596836898065,0
13.376,4.042571488443679,2.5018697053568606,1.3982083627754713,4.225891284812514,4.2528035374244375,0.38857161090647696,0.16021477829428202,0.38866803775209174,0.14470356817818822,1.7605043118435015,0.06826972534044984,0.26050431184350153,0,0,FOLLOWING,1.7605043118435015,0.4496059683689804,0
13.408,4.044689352612873,2.5141240159143114,1.4028389992814185,4.219846448717216,4.265873333078925,0.3885372411088042,0.16028304585151987,0.38862223894287595,0.14470764939046327,1.7604845010684977,0.06829875582527567,0.26048450106849774,0,0,FOLLOWING,1.7604845010684977,0.4496059683689798,0
13.44,4.046750270041377,2.526386521731989,1.4074696088343126,4.213738947480056,4.278913963067819,0.38850362274626704,0.16035435824812994,0.3885756829499802,0.14470680710327252,1.7604651802940687,0.06832903749298902,0.26046518029406873,0,0,FOLLOWING,1.7604651802940687,0.4496059683689803,0
13.472,4.048754211311127,2.538656928551837,1.4121000125053298,4.207568921817595,4.291925126935578,0.3884708121352277,0.16042915032008787,0.3885282172282049,0.1447003732604189,1.7604463887710469,0.0683607499914778,0.26044638877104687,0,0,FOLLOWING,1.7604463887710469,0.4496059683689811,0
13.504,4.05070115003313,2.5509350653798215,1.4167306719404564,4.2013365138869485,4.304906524905562,0.38843869320996627,0.1605062952332439,0.3884836602001382,0.14470836593156852,1.7604280427425107,0.06839342707578111,0.26042804274251075,0,0,FOLLOWING,1.7604280427425107,0.4496059683689811,0
13.536,4.0525910535523675,2.5632210539521187,1.421363508221041,4.195041867282519,4.3178578578869375,0.3884067389624222,0.16058109607454815,0.38845103221927213,0.1447763927158762,1.760409767086907,0.06842512632498021,0.260409767086907,0,0,FOLLOWING,1.760409767086907,0.4496059683689825,0
13.568,4.05442386444661,2.575514657313346,1.4259984576457156,4.18868512703269,4.3307788274815655,0.38837492009764,0.16065366504740985,0.3884191365366366,0.14484242882273385,1.7603915455680694,0.06845589496483129,0.2603915455680694,0,0,FOLLOWING,1.7603915455680694,0.4496059683689834,0
13.6,4.0561995255267025,2.5878156197426816,1.430635457118766,4.1822664395964715,4.343669135990877,0.3883432374854366,0.16072411534494477,0.3883874147494714,0.1449064931783496,1.7603733800941848,0.06848578005737171,0.26037338009418476,0,0,FOLLOWING,1.7603733800941848,0.4496059683689838,0
13.632,4.0579179818267805,2.6001236832569985,1.4352744461370412,4.175785952860139,4.356528486422736,0.38831169468467236,0.16079255573228837,0.3883558178074132,0.1449686668007229,1.7603552741362163,0.06851482677040255,0.2603552741362163,0,0,FOLLOWING,1.7603552741362163,0.4496059683689852,0
13.664,4.059579180720649,2.612438589271203,1.4399153668693272,4.169243816133822,4.369356582498275,0.38828029523692037,0.1608590901908858,0.38832434675405203,0.1450290331882705,1.7603372310967424,0.0685430782812031,0.26033723109674245,0,0,FOLLOWING,1.7603372310967424,0.4496059683689858,0
13.696,4.061183071823075,2.624760078781271,1.4445581641795255,4.162640180148059,4.38215312865873,0.3882490424316299,0.1609238176966989,0.3882930069751605,0.1450876765637802,1.7603192541659207,0.06857057568901649,0.2603192541659207,0,0,FOLLOWING,1.7603192541659207,0.44960596836898636,0
13.728,4.062729606877065,2.637087892398907,1.4492027856055087,4.155975197050331,4.394917830072242,0.3882179393114549,0.1609868321137186,0.3882618037102224,0.14514468048924695,1.7603013463232366,0.06859735797089317,0.26030134632323665,0,0,FOLLOWING,1.7603013463232366,0.4496059683689867,0
13.76,4.064218739650174,2.6494217703706537,1.4538491813023635,4.149249020401557,4.407650392640655,0.38818698869526863,0.1610482221877992,0.3882307416929664,0.1452001267530284,1.7602835103511387,0.06862346197888547,0.2602835103511387,0,0,FOLLOWING,1.7602835103511387,0.4496059683689862,0
13.792,4.065650425842944,2.6617614525942517,1.458497303958436,4.1424618051725455,4.420350523006293,0.3881561931982479,0.16110807162249824,0.38819982518346074,0.14525409451989432,1.7602657488479416,0.068648922471372,0.2602657488479416,0,0,FOLLOWING,1.7602657488479416,0.4496059683689861,0
13.824,4.067024623009645,2.6741066786332985,1.463147108691904,4.135613707740438,4.433017928558713,0.38812555524833925,0.161166459218438,0.3881690580227431,0.14530665972246876,1.7602480642393536,0.06867377217083659,0.26024806423935365,0,0,FOLLOWING,1.7602480642393536,0.4496059683689864,0
13.856,4.068341290490699,2.6864571877303325,1.4677985529346096,4.128704885885094,4.44565231744145,0.38809507709994107,0.16122345905920238,0.38813844367865563,0.1453578946631421,1.7602304587889204,0.06869804184103168,0.26023045878892037,0,0,FOLLOWING,1.7602304587889204,0.44960596836898575,0
13.888,4.069600389355686,2.6988127188185036,1.4724515963087819,4.1217354987854655,4.458253398558744,0.3880647608455503,0.161279140728717,0.3881079852834568,0.14540786779183637,1.7602129346076445,0.06872176037724853,0.2602129346076445,0,0,FOLLOWING,1.7602129346076445,0.449605968368985,0
13.92,4.0708018823556635,2.711173010532058,1.4771062005011493,4.114705707015922,4.4708208815822434,0.38803460842585646,0.1613335695475963,0.38807768566580636,0.1454566436245249,1.7601954936629196,0.06874495490448984,0.2601954936629196,0,0,FOLLOWING,1.7601954936629196,0.44960596836898314,0
13.952,4.071945733883456,2.7235378012158895,1.4817623291379125,4.107615672542554,4.483354476957698,0.38800462163867594,0.16138680681823442,0.38804754737882424,0.14550428276999927,1.760178137786881,0.06876765087928494,0.26017813778688104,0,0,FOLLOWING,1.760178137786881,0.4496059683689831,0
13.984,4.073031909940614,2.7359068289343935,1.4864199476630935,4.100465558719444,4.495853895911619,0.3879748021468973,0.16143891007083394,0.3880175727252614,0.145550842035472,1.7601608686841834,0.06878987219190202,0.2601608686841834,0,0,FOLLOWING,1.7601608686841834,0.44960596836898253,0
14.016,4.074060378109856,2.748279831479826,1.4910790232220177,4.093255530284897,4.508318850457952,0.3879451514856975,0.16148993330452338,0.3879877637803046,0.14559637458696617,1.760143687939285,0.06881164126652228,0.2601436879392851,0,0,FOLLOWING,1.760143687939285,0.44960596836898303,0
14.048,4.075031107531905,2.7606565463803383,1.4957395245510197,4.08598575335765,4.520749053404693,0.3879156710690373,0.16153992721944238,0.3879581224123941,0.14564093014377877,1.7601265970231925,0.0688329791576643,0.2601265970231925,0,0,FOLLOWING,1.7601265970231925,0.44960596836898303,0
14.08,4.075944068885857,2.773036710907804,1.5004014218739643,4.0786563954330415,4.5331442183605155,0.3878863621956336,0.1615889394372068,0.38792865030207946,0.14568455519145068,1.760109597299752,0.0688539056417794,0.260109597299752,0,0,FOLLOWING,1.760109597299752,0.44960596836898264,0
14.112,4.0767992343722845,2.785420062085533,1.5050646868057858,4.071267625379152,4.54550405974137,0.387857226054409,0.16163701470819705,0.38789934895910105,0.14572729320114688,1.7600926900314673,0.06887443930337178,0.2600926900314673,0,0,FOLLOWING,1.7600926900314673,0.44960596836898314,0
14.144,4.077596577698481,2.797806336695925,1.5097292922629788,4.063819613432919,4.557828292777056,0.38782826372950324,0.16168419510497561,0.38787021973768254,0.1457691848468283,1.760075876384886,0.06889459761535698,0.26007587638488605,0,0,FOLLOWING,1.760075876384886,0.4496059683689837,0
14.176,4.078336126560225,2.81019527138271,1.5143950217288147,4.056312531196209,4.570116633517789,0.38779946614023986,0.16173105023126982,0.3878413592855495,0.14580431030463353,1.760059157997864,0.0689146174896047,0.26005915799786394,0,0,FOLLOWING,1.760059157997864,0.4496059683689839,0
14.208,4.079017803041102,2.8225866019825316,1.5190620749513222,4.0487465516318615,4.582368798840743,0.38777084739377615,0.16177700318595514,0.38781255469320774,0.14584567792584177,1.7600425361453604,0.06893425889725924,0.26004253614536044,0,0,FOLLOWING,1.7600425361453604,0.44960596836898425,0
14.24,4.079641584706062,2.8349800646262646,1.523730422370209,4.041121849059714,4.594584506456569,0.3877424078963722,0.16182210241624737,0.38778392608163587,0.14588612178367785,1.7600260116666466,0.06895354197248671,0.26002601166664663,0,0,FOLLOWING,1.7600260116666466,0.44960596836898425,0
14.272,4.080207451684764,2.847375395331427,1.5284000363549068,4.033438599152573,4.606763474915908,0.387714147849608,0.16186639361873825,0.38775547895532925,0.14592570218155387,1.7600095852441107,0.06897248570954728,0.26000958524411066,0,0,FOLLOWING,1.7600095852441107,0.44960596836898475,0
14.304,4.080715385486354,2.859772329901614,1.5330708911591218,4.0256969789321815,4.618905423615862,0.38768606744979084,0.16190991823394718,0.38772721341214805,0.14596447800337595,1.7599932575042503,0.06899110733340885,0.2599932575042503,0,0,FOLLOWING,1.7599932575042503,0.44960596836898503,0
14.336,4.081165368971957,2.872170603923646,1.5377429626848336,4.017897166765122,4.63101007280647,0.3876581668962789,0.16195271397401556,0.38769912916115895,0.14600250075797241,1.7599770290292143,0.06900942251896813,0.25997702902921427,0,0,FOLLOWING,1.7599770290292143,0.4496059683689849,0
14.368,4.081557386364099,2.8845699527781123,1.5424162282847258,4.010039342358725,4.643077143597153,0.3876304463795317,0.16199481530783802,0.38767122598570797,0.14603981578009456,1.7599609003556378,0.06902744559295805,0.2599609003556378,0,0,FOLLOWING,1.7599609003556378,0.44960596836898503,0
14.4,4.081891423253755,2.896970111650501,1.5470906665967321,4.002123686756916,4.65510635796313,0.38760290607003345,0.1620362538659739,0.3876435037534459,0.1460764632340416,1.759944871973009,0.06904518970248885,0.2599448719730091,0,0,FOLLOWING,1.759944871973009,0.44960596836898464,0
14.432,4.082167466604535,2.909370815541619,1.551766257404627,3.9941503823360494,4.6670974387518385,0.38757554610983924,0.162077058779201,0.3876159623885403,0.14611247892754234,1.759928944322789,0.06906266695595509,0.259928944322789,0,0,FOLLOWING,1.759928944322789,0.44960596836898564,0
14.464,4.08238550475469,2.9217717992773045,1.5564429815198058,3.9861196128007075,4.679050109689303,0.38754836660632863,0.16211725696333762,0.3875886018464874,0.1461478949739367,1.7599131177981897,0.069079888541562,0.2599131177981897,0,0,FOLLOWING,1.7599131177981897,0.44960596836898564,0
14.496,4.082545527417541,2.9341727975175345,1.5611208206803866,3.9780315631794645,4.690964095386517,0.3875213676277933,0.16215687336038975,0.3875614220943161,0.1461827403334584,1.7598973927445147,0.06909686482766153,0.25989739274451473,0,0,FOLLOWING,1.7598973927445147,0.4496059683689853,0
14.528,4.082647525680758,2.9465735447650334,1.5657997574645364,3.9698864198206256,4.702839121345775,0.3874945492004172,0.16219593114403233,0.38753442309544467,0.1462170412577879,1.7598817694598934,0.06911360544823553,0.2598817694598934,0,0,FOLLOWING,1.7598817694598934,0.4496059683689847,0
14.56,4.082691492004829,2.9589737753734755,1.5704797752155473,3.961684370387934,4.714674913967006,0.38746791130638486,0.16223445189581653,0.38750760479827295,0.14625082165720918,1.7598662481963294,0.06913011937618685,0.2598662481963294,0,0,FOLLOWING,1.7598662481963294,0.44960596836898337,0
14.592,4.082677374821837,2.9713732235546315,1.5751608581411167,3.953425603856245,4.726471200554071,0.38744144963271465,0.16227239325976525,0.3874809732952104,0.14628410854577628,1.7598508258273675,0.06914638909461757,0.2598508258273675,0,0,FOLLOWING,1.7598508258273675,0.449605968368983,0
14.624,4.0826052108112,2.9837716233576748,1.5798430044256793,3.9451103105071756,4.738227709321049,0.38741516794833614,0.16230979836995435,0.3874545228742427,0.14631733869900226,1.7598355051491423,0.06916243246123832,0.25983550514914233,0,0,FOLLOWING,1.7598355051491423,0.4496059683689826,0
14.656,4.082474997896231,2.9961687088265814,1.584526218398153,3.936738681924716,4.749944169398498,0.3873890669578253,0.1623466409361887,0.38742825617152377,0.14635070413072238,1.7598202862500443,0.06917823854054661,0.2598202862500443,0,0,FOLLOWING,1.7598202862500443,0.4496059683689819,0
14.688,4.082286742055098,3.008564213899261,1.589210517857091,3.9283109109908176,4.761620310839695,0.38736314877313166,0.16238287166670004,0.38740216893890106,0.14638462576929062,1.7598051697764625,0.06919378681168808,0.2598051697764625,0,0,FOLLOWING,1.7598051697764625,0.44960596836898126,0
14.72,4.082040436002206,3.0209578724567914,1.5938959274067461,3.9198271918809513,4.773255864626859,0.3873374141097527,0.16241840513302247,0.38737626966906535,0.1464193162943019,1.7597901550842905,0.06920904176330689,0.2597901550842905,0,0,FOLLOWING,1.7597901550842905,0.4496059683689806,0
14.752,4.081736078754799,3.0333494182889056,1.5985824639696444,3.9112877200596285,4.784850562677345,0.3873118636632708,0.1624531813593685,0.3873505570697665,0.14645453565140276,1.7597752418351302,0.06922397846235384,0.25977524183513023,0,0,FOLLOWING,1.7597752418351302,0.4496059683689805,0
14.784,4.081373670442599,3.0457385850647825,1.6032701430820744,3.9026926922759038,4.796404137849824,0.3872864979500909,0.16248714358631666,0.38732503107467253,0.14649024052035123,1.7597604296229534,0.06923857331616513,0.2597604296229534,0,0,FOLLOWING,1.7597604296229534,0.4496059683689808,0
14.816,4.080953212226635,3.0581251063338746,1.607958978814229,3.8940423065588363,4.807916323950433,0.38726131729502966,0.16252023835025892,0.38729969162640054,0.1465263850853914,1.759745717967683,0.06925280410565526,0.259745717967683,0,0,FOLLOWING,1.759745717967683,0.4496059683689811,0
14.848,4.080473771407514,3.0705087143941108,1.6126488415504592,3.8853367622129307,4.819386855738914,0.38723617057083504,0.16255148008872114,0.3872757268899864,0.14655847912796469,1.7597310037704799,0.06926626413982784,0.25973100377047986,0,0,FOLLOWING,1.7597310037704799,0.4496059683689811,0
14.88,4.0799363629130045,3.082889139601381,1.6173396368048596,3.8765762598135427,4.830815468934723,0.38721120138182663,0.16258245838678204,0.38725065738561665,0.14658762049326896,1.7597163931467354,0.0692796112736005,0.25971639314673545,0,0,FOLLOWING,1.7597163931467354,0.4496059683689814,0
14.912,4.079341216967741,3.0952661139512734,1.6220313485047457,3.8677610012022603,4.8422019002231185,0.3871864507790282,0.16261349991344273,0.38722535383745976,0.14661625957362484,1.7597019148312014,0.0692929804799125,0.2597019148312014,0,0,FOLLOWING,1.7597019148312014,0.4496059683689821,0
14.944,4.07868828688322,3.1076393712376706,1.626723979082978,3.858891189482253,4.853545887261225,0.3871619145810641,0.16264450697829624,0.387200261579273,0.14664497467784957,1.7596875650863126,0.06930633124182183,0.25968756508631263,0,0,FOLLOWING,1.7596875650863126,0.4496059683689827,0
14.976,4.077977532508144,3.1200086456104517,1.631417528175861,3.8499670290135897,4.864847168684084,0.3871375869815084,0.16267539599369504,0.38717540704408854,0.1466736784170489,1.7596733393745596,0.06931962893437138,0.2596733393745596,0,0,FOLLOWING,1.7596733393745596,0.4496059683689827,0
15.008000000000001,4.077208936569326,3.132373670929055,1.6361121962123635,3.8409887254085326,4.876105484110671,0.38711347521175327,0.1627056302539987,0.3871507603425709,0.14670864559289884,1.759659235324412,0.06933265039069236,0.25965923532441204,0,0,FOLLOWING,1.759659235324412,0.44960596836898264,0
15.040000000000001,4.076382345134799,3.144734181173871,1.6408077820573173,3.8319564855268005,4.887320574149896,0.38708953720384665,0.16273545053950203,0.3871266401573124,0.14673732726309732,1.7596452306730193,0.06934549646913558,0.25964523067301926,0,0,FOLLOWING,1.7596452306730193,0.4496059683689826,0
15.072000000000001,4.075497769217669,3.157089909473072,1.6455042748299098,3.822870517470799,4.898492180406583,0.38706577099662637,0.16276486367213394,0.38710271188093537,0.1467656689083533,1.7596313243226736,0.06935817004385991,0.25963132432267355,0,0,FOLLOWING,1.7596313243226736,0.4496059683689831,0
15.104000000000001,4.074555224680855,3.169440588551726,1.65020166348386,3.813731030580832,4.909620045487416,0.38704217586906825,0.16279388179767215,0.38707895624875494,0.14679366535552218,1.7596175159871876,0.06937067617774484,0.25961751598718763,0,0,FOLLOWING,1.7596175159871876,0.4496059683689832,0
15.136000000000001,4.073554728689331,3.1817859510616557,1.6548999368953254,3.804538235430272,4.920703913006877,0.3870187511466921,0.1628225173633163,0.38705537101434717,0.14682131418069702,1.7596038054122076,0.06938302005793706,0.2596038054122076,0,0,FOLLOWING,1.7596038054122076,0.4496059683689836,0
15.168000000000001,4.072496299620231,3.194125729631648,1.6595990839778632,3.795292343820714,4.931743527593147,0.3869954961153747,0.1628507827222576,0.3870319554988768,0.14684861655267548,1.7595901923185038,0.06939520683316601,0.2595901923185038,0,0,FOLLOWING,1.7595901923185038,0.44960596836898337,0
15.200000000000001,4.0713799570882845,3.206459656877572,1.6642990937641322,3.78599356877709,4.9427386348939955,0.3869724100234375,0.16287868997129393,0.38700870909734447,0.14687557619334904,1.7595766764011915,0.0694072415462299,0.25957667640119153,0,0,FOLLOWING,1.7595766764011915,0.449605968368983,0
15.232000000000001,4.070205721968843,3.2187874654086213,1.6689999554643982,3.7766421245427653,4.953688981582637,0.38694949208954194,0.16290625084046875,0.3869856311492685,0.14690219865300316,1.7595632573330915,0.06941912908799042,0.2595632573330915,0,0,FOLLOWING,1.7595632573330915,0.4496059683689832,0
15.264000000000001,4.068973616415494,3.231108887833627,1.6737016585071762,3.7672382265746034,4.964594315363568,0.386926741509236,0.16293347661825625,0.3869627209418927,0.1469284907519449,1.7595499347677228,0.06943087416616467,0.2595499347677228,0,0,FOLLOWING,1.7595499347677228,0.44960596836898337,0
15.296000000000001,4.067683663873246,3.2434236567677086,1.6784041925660838,3.757782091537997,4.97545438497838,0.38690415745989754,0.1629603781039083,0.38693997772266897,0.14695446014970373,1.7595367083416724,0.06944248128543551,0.2595367083416724,0,0,FOLLOWING,1.7595367083416724,0.44960596836898314,0
15.328000000000001,4.066335889088189,3.2557315048391584,1.6831075475761135,3.748273937301878,4.986268940211549,0.3868817391044055,0.16298696558049072,0.3869174007094686,0.14698011501425445,1.7595235776764602,0.06945395473618343,0.25952357767646017,0,0,FOLLOWING,1.7595235776764602,0.44960596836898287,0
15.36,4.064930318114421,3.2680321646964767,1.6878117137418445,3.7387139829337004,4.997037731896202,0.38685948559382505,0.1630132488036118,0.38689498909804404,0.14700546377025359,1.7595105423800064,0.06946529858975681,0.25951054238000637,0,0,FOLLOWING,1.7595105423800064,0.44960596836898264,0
15.392,4.0634669783188375,3.2803253690154692,1.6925166815395758,3.729102448694389,5.007760511919855,0.3868373960694022,0.16303923700191508,0.38687274206730826,0.1470305149089977,1.759497602047833,0.0694765166986453,0.259497602047833,0,0,FOLLOWING,1.759497602047833,0.44960596836898253,0
15.424,4.061945898384272,3.292610850506374,1.6972224417149417,3.719439556033268,5.01843703323013,0.3868154696639985,0.16306493888623347,0.3868506587830025,0.1470552768472179,1.7594847562640363,0.06948761270026083,0.25948475626403633,0,0,FOLLOWING,1.7594847562640363,0.4496059683689821,0
15.456,4.060367108311402,3.3048883419209707,1.7019289852772306,3.7097255275829575,5.029067049840449,0.38679370550317077,0.16309036266502513,0.3868287384001694,0.14707975782421304,1.7594720046021255,0.06949859002333758,0.2594720046021255,0,0,FOLLOWING,1.7594720046021255,0.44960596836898126,0
15.488,4.058730639419695,3.3171575760596634,1.7066363034913747,3.6999605871542407,5.039650316835699,0.386772102705967,0.16311551606416372,0.3868069800648148,0.14710396582884464,1.7594593466257455,0.06950945189614366,0.25945934662574555,0,0,FOLLOWING,1.7594593466257455,0.4496059683689815,0
15.52,4.0570365243476605,3.32941828577852,1.7113443878683474,3.6901449597309166,5.050186590377876,0.38675066038552103,0.16314040634963353,0.3867853829149868,0.14712790854997493,1.759446781889315,0.06952020135590664,0.2594467818893149,0,0,FOLLOWING,1.759446781889315,0.4496059683689813,0
15.552,4.055284797052592,3.341670203996268,1.7160532301545621,3.680278871464605,5.060675627711705,0.3867293776495375,0.16316504035200274,0.3867639460814995,0.1471515933451201,1.759434309938621,0.06953084125897657,0.25943430993862093,0,0,FOLLOWING,1.759434309938621,0.44960596836898087,0
15.584,4.053475492809933,3.3539130637012473,1.7207628223207065,3.6703625496695436,5.071117187170229,0.38670825360067357,0.16318942449176,0.38674266868842416,0.14717502722288597,1.7594219303113634,0.06954137429135177,0.2594219303113634,0,0,FOLLOWING,1.7594219303113634,0.4496059683689808,0
15.616,4.051608648212387,3.3661465979583207,1.7254731565503612,3.660396222817347,5.081511028180379,0.3866872873368608,0.16321356480488802,0.3867215498534594,0.14719821683626338,1.7594096425376655,0.06955180297930186,0.2594096425376655,0,0,FOLLOWING,1.7594096425376655,0.44960596836898054,0
15.648,4.049684301168846,3.378370539915748,1.7301842252286594,3.650380120531745,5.09185691126852,0.3866664779516067,0.1632374669681133,0.3867005886882275,0.1472211684837459,1.7593974461405693,0.0695621296998583,0.25939744614056925,0,0,FOLLOWING,1.7593974461405693,0.44960596836898103,0
15.68,4.047702490903216,3.390584622812031,1.7348960209311652,3.640314473583293,5.1021545980659635,0.38664582453425583,0.16326113632354933,0.3866797842985556,0.14724388811635364,1.7593853406364977,0.06957235669105222,0.25938534063649765,0,0,FOLLOWING,1.7593853406364977,0.449605968368982,0
15.712,4.045663257953147,3.4027885799827287,1.7396085364131162,3.63019951388405,5.1124038513144585,0.3866253261702523,0.16328457790238304,0.3866591357847617,0.14726638134890652,1.759373325535708,0.06958248606175377,0.259373325535708,0,0,FOLLOWING,1.759373325535708,0.44960596836898253,0
15.744,4.04356664416875,3.414982144867255,1.744321764599116,3.6200354744822403,5.122604434871665,0.38660498194139975,0.16330779644748855,0.38663864224194944,0.1472886534741514,1.759361400342729,0.06959251980106762,0.2593614003427289,0,0,FOLLOWING,1.759361400342729,0.4496059683689828,0
15.776,4.041412692711277,3.427165051015657,1.7490356985733433,3.6098225895568823,5.13275611371659,0.3865847909261116,0.163330796434816,0.3866183027603312,0.1473107094787938,1.759349564556776,0.06960245978721757,0.25934956455677605,0,0,FOLLOWING,1.759349564556776,0.4496059683689826,0
15.808,4.039201448051816,3.4393370320953833,1.753750331570303,3.5995610944123912,5.142858653955002,0.3865647521996638,0.16335358209353484,0.3865981164255658,0.1473325540605708,1.7593378176721555,0.06961230779591276,0.25933781767215547,0,0,FOLLOWING,1.7593378176721555,0.4496059683689834,0
15.84,4.036932955969979,3.451497821898036,1.758465656966142,3.589251225473164,5.1529118228248185,0.38654486483445155,0.16337615742484504,0.38657808231910806,0.14735419164585248,1.759326159178651,0.06962206550816386,0.2593261591786511,0,0,FOLLOWING,1.759326159178651,0.4496059683689838,0
15.872,4.034607263552615,3.4636471543461234,1.7631816682705295,3.5788932202781236,5.162915388701475,0.38652512790025556,0.16339852621954937,0.38655819951856846,0.14737562640717405,1.7593145885619035,0.06963173451757876,0.2593145885619035,0,0,FOLLOWING,1.7593145885619035,0.449605968368984,0
15.904,4.032224419192533,3.475784763499801,1.767898359119084,3.568487317475251,5.172869121103256,0.3865055404644982,0.1634206920743328,0.386538467098092,0.1473968622805071,1.7593031053037664,0.06964131633712589,0.25930310530376643,0,0,FOLLOWING,1.7593031053037664,0.44960596836898353,0
15.936,4.029784472587256,3.4879103835636114,1.772615723266341,3.5580337568160876,5.182772790696609,0.38648610159251917,0.16344265840685265,0.38651888412871427,0.1474179029820271,1.7592917088826592,0.06965081240539894,0.2592917088826592,0,0,FOLLOWING,1.7592917088826592,0.44960596836898353,0
15.968,4.027287474737772,3.5000237488932227,1.777333754579231,3.547532779150207,5.192626169301423,0.38646681034782304,0.16346442846965775,0.38649944967874816,0.14743875202407292,1.7592803987738896,0.06966022409239914,0.25928039877388964,0,0,FOLLOWING,1.7592803987738896,0.4496059683689842,0
16.0,4.024733477947326,3.5121245940021613,1.7820524470310386,3.536984626419671,5.202429029896289,0.38644766579235734,0.16348600536302807,0.38648016281413494,0.14745941273024693,1.7592691744499795,0.0696695527048643,0.25926917444997954,0,0,FOLLOWING,1.7592691744499795,0.449605968368984,0
16.032,4.022122535820205,3.5242126535685494,1.7867717946958221,3.5263895416534528,5.212181146623736,0.38642866698678513,0.1635073920467747,0.38646102259879456,0.14747988824977543,1.7592580353809761,0.06967879949116984,0.25925803538097614,0,0,FOLLOWING,1.7592580353809761,0.44960596836898425,0
16.064,4.019454703260552,3.536287662441836,1.7914917917432625,3.5157477689618357,5.221882294795424,0.38640981299073884,0.1635285913510831,0.3864420280949763,0.14750018157082,1.7592469810347382,0.06968796564582912,0.2592469810347382,0,0,FOLLOWING,1.7592469810347382,0.449605968368984,0
16.096,4.016730036471181,3.548349355649533,1.7962124324339044,3.505059553530792,5.231532250897329,0.3863911028630907,0.163549605986471,0.3864231783635995,0.14752029553291707,1.759236010877223,0.06969705231362755,0.2592360108772229,0,0,FOLLOWING,1.759236010877223,0.44960596836898364,0
16.128,4.013948592952403,3.560397468403948,1.8009337111147707,3.494325141616331,5.24113079259489,0.3863725356622176,0.16357043855291173,0.3864044724645568,0.14754023283853834,1.759225124372758,0.06970606059340965,0.2592251243727579,0,0,FOLLOWING,1.759225124372758,0.44960596836898425,0
16.16,4.011110431500853,3.5724317361089186,1.8056556222153184,3.4835447805388307,5.250677698738129,0.38635411044624796,0.16359109154818838,0.3863859094570593,0.14755999606373832,1.7592143209842932,0.06971499154154581,0.2592143209842932,0,0,FOLLOWING,1.7592143209842932,0.4496059683689842,0
16.192,4.008215612208326,3.584451894366547,1.8103781602437075,3.4727187186773323,5.2601727493667525,0.38633582627333285,0.16361156737556373,0.38636748839989765,0.14757958766800347,1.7592036001736593,0.06972384617511528,0.2592036001736593,0,0,FOLLOWING,1.7592036001736593,0.44960596836898425,0
16.224,4.005264196460601,3.5964576789839326,1.8151013197833614,3.4618472054638225,5.269615725715212,0.386317682201884,0.1636318683507846,0.38634920835176745,0.1475990100033497,1.759192961401797,0.06973262547481296,0.25919296140179693,0,0,FOLLOWING,1.759192961401797,0.44960596836898364,0
16.256,4.002256246936279,3.608448825979908,1.819825095489795,3.4509304913774845,5.279006410217753,0.386299677290833,0.16365199670850455,0.38633106837151676,0.14761826532261887,1.7591824041289919,0.06974133038761265,0.25918240412899185,0,0,FOLLOWING,1.7591824041289919,0.44960596836898364,0
16.288,3.9991918276055958,3.620425071591773,1.824549482087684,3.439968827938927,5.288344586513418,0.38628181059985794,0.16367195460815864,0.38631306751844613,0.14763735578713244,1.7591719278150848,0.06974996182920655,0.2591719278150848,0,0,FOLLOWING,1.7591719278150848,0.44960596836898437,0
16.32,3.9960710037292446,3.632386152282026,1.8292744743681624,3.428962467704393,5.297630039451039,0.3862640811896311,0.16369174413933507,0.38629520485254576,0.14765628347367624,1.7591615319196854,0.069758520686231,0.2591615319196854,0,0,FOLLOWING,1.7591615319196854,0.44960596836898464,0
16.352,3.9928938418571778,3.6443318047451,1.8340000671863232,3.4179116642599334,5.306862555094189,0.3862464881220388,0.16371136732671035,0.38627747943474927,0.14767505038101414,1.7591512159023661,0.06976700781831435,0.2591512159023661,0,0,FOLLOWING,1.7591512159023661,0.4496059683689841,0
16.384,3.9896604098274016,3.656261765914094,1.8387262554589052,3.406816672215572,5.31604192072612,0.3862290304604161,0.16373082613455126,0.386259890327181,0.14769365843559198,1.7591409792228587,0.06977542405994375,0.2591409792228587,0,0,FOLLOWING,1.7591409792228587,0.44960596836898364,0
16.416,3.986370776764757,3.6681757729675044,1.843453034162158,3.395677747199434,5.325167924854649,0.3862117072697466,0.16375012247084167,0.3862424365933798,0.14771210949709396,1.7591308213412244,0.0697837702221764,0.25913082134122445,0,0,FOLLOWING,1.7591308213412244,0.44960596836898326,0
16.448,3.983025013079684,3.680073563335953,1.8481803983298564,3.3844951458518584,5.33424035721705,0.3861945176168918,0.1637692581910702,0.3862251172985242,0.1477304053632562,1.7591207417180397,0.06979204709420928,0.25912074171803967,0,0,FOLLOWING,1.7591207417180397,0.4496059683689836,0
16.48,3.9796231904669717,3.691954874708921,1.852908343051468,3.3732691258194873,5.343259008784878,0.386177460570769,0.16378823510168714,0.3862079315096562,0.14774854777440272,1.7591107398145445,0.0698002554448125,0.25911073981454447,0,0,FOLLOWING,1.7591107398145445,0.44960596836898414,0
16.512,3.9761653819044853,3.7038194450414688,1.857636863470442,3.3619999457493246,5.352223671768803,0.3861605352025698,0.16380705496329226,0.3861908782958535,0.1477665384175477,1.759100815092813,0.06980839602365041,0.2591008150928129,0,0,FOLLOWING,1.759100815092813,0.4496059683689842,0
16.544,3.972651661651878,3.7156670125609654,1.8623659547826292,3.3506878652827807,5.361134139623386,0.38614374058593504,0.16382571949353894,0.38617395672847304,0.1477843789301906,1.7590909670158945,0.069816469562485,0.2590909670158945,0,0,FOLLOWING,1.7590909670158945,0.4496059683689845,0
16.576,3.96908210524928,3.7274973157738067,1.8670956122348032,3.339333145049689,5.369990207051839,0.3861270757971329,0.16384423036981252,0.38615716588130383,0.14780207090371958,1.7590811950479537,0.06982447677628612,0.2590811950479537,0,0,FOLLOWING,1.7590811950479537,0.44960596836898487,0
16.608,3.965456789515963,3.7393100934721373,1.8718258311232883,3.3279360466623005,5.378791670010763,0.3861105399152387,0.1638625892316799,0.38614050483077456,0.14781961588655995,1.7590714986544076,0.06983241836424581,0.2590714986544076,0,0,FOLLOWING,1.7590714986544076,0.44960596836898536,0
16.64,3.9617757925489854,3.751105084740564,1.8765566067926762,3.31649683270926,5.387538325714841,0.38609413202229614,0.16388079768314195,0.38612397265610077,0.14783701538712346,1.7590618773020505,0.06984029501071154,0.25906187730205055,0,0,FOLLOWING,1.7590618773020505,0.44960596836898614,0
16.672,3.9580391937218087,3.762882028962866,1.8812879346346283,3.30501576674955,5.39622997264151,0.38607785120347315,0.16389885729471093,0.3861075684394755,0.14785427087632788,1.7590523304591732,0.06984810738604663,0.2590523304591732,0,0,FOLLOWING,1.7590523304591732,0.4496059683689866,0
16.704,3.9542470736828936,3.7746406658287075,1.8860198100867593,3.2934931133064222,5.404866410535612,0.38606169654721756,0.16391676960529783,0.3860912912662122,0.14787138379019063,1.7590428575956791,0.0698558561474123,0.25904285759567913,0,0,FOLLOWING,1.7590428575956791,0.44960596836898614,0
16.736,3.9503995143542636,3.786380735340336,1.8907522286315814,3.281929137861302,5.413447440413998,0.3860456671453947,0.16393453612397993,0.386075140224898,0.14788835553181587,1.7590334581831881,0.06986354193949885,0.2590334581831881,0,0,FOLLOWING,1.7590334581831881,0.44960596836898575,0
16.768,3.9464965989300476,3.7981019778192833,1.895485185795525,3.2703241068476707,5.421972864570121,0.3860297620934267,0.16395215833159704,0.3860591144075373,0.1479051874736041,1.7590241316951405,0.06987116539518758,0.2590241316951405,0,0,FOLLOWING,1.7590241316951405,0.4496059683689863,0
16.8,3.9425384118749895,3.809804133913057,1.90021867714801,3.258678287644933,5.430442486578583,0.38601398049041735,0.16396963768224027,0.3860432129096977,0.14792188095903414,1.759014877606889,0.06987872713616584,0.259014877606889,0,0,FOLLOWING,1.759014877606889,0.44960596836898653,0
16.832,3.938525038922934,3.8214869446018302,1.904952698300578,3.2469919485722456,5.438856111299669,0.38599832143927987,0.16398697560461942,0.3860274348306254,0.14793843730437325,1.7590056953957927,0.06988622777349462,0.25900569539579266,0,0,FOLLOWING,1.7590056953957927,0.44960596836898586,0
16.864,3.9344565670752822,3.8331501512051225,1.9096872449060687,3.235265358882345,5.447213544883839,0.3859827840468486,0.16400417350332594,0.3860117792733653,0.14795485780022224,1.758996584541299,0.0698936679081299,0.2589965845412989,0,0,FOLLOWING,1.758996584541299,0.44960596836898503,0
16.896,3.9303330845994124,3.8447934953884735,1.914422312657847,3.2234987887553377,5.455514594776192,0.3859673674239879,0.16402123275998845,0.3859962453448961,0.14797114371300044,1.758987544525023,0.06990104813140217,0.25898754452502293,0,0,FOLLOWING,1.758987544525023,0.44960596836898425,0
16.928,3.926154681027081,3.856416719170114,1.9191578972890713,3.211692509292478,5.463759069720905,0.38595207068569365,0.16403815473435127,0.38598083215621837,0.1479872962862294,1.7589785748308213,0.06990836902546183,0.2589785748308213,0,0,FOLLOWING,1.7589785748308213,0.44960596836898487,0
16.96,3.9219214471527843,3.8680195649276254,1.9238939945719968,3.1998467925099257,5.47194677976564,0.3859368929511894,0.16405494076526594,0.385965538822467,0.14800331674172212,1.7589696749448618,0.06991563116369015,0.2589696749448618,0,0,FOLLOWING,1.7589696749448618,0.4496059683689851,0
16.992,3.917633475032093,3.8796017754045953,1.928630600317319,3.1879619113324695,5.48007753626592,0.3859218333440231,0.16407159217161038,0.3859503644630002,0.1480192062807356,1.7589608443556926,0.06992283511107922,0.25896084435569255,0,0,FOLLOWING,1.7589608443556926,0.4496059683689852,0
17.024,3.9132908579799555,3.8911630937172625,1.9333677103735478,3.1760381395872463,5.488151151889475,0.3859068909921405,0.16408811025313796,0.3859353082015009,0.1480349660849725,1.758952082554296,0.06992998142458373,0.2589520825542959,0,0,FOLLOWING,1.758952082554296,0.44960596836898536,0
17.056,3.90889369056897,3.902703263361156,1.9381053206264134,3.164075751997429,5.4961674406205585,0.3858920650279738,0.16410449629126214,0.38592036916605643,0.14805059731756579,1.758943389034151,0.06993707065344545,0.25894338903415104,0,0,FOLLOWING,1.758943389034151,0.44960596836898536,0
17.088,3.904442068627623,3.914222028217724,1.942843426998296,3.1520750241758986,5.504126217764233,0.38587735458851,0.16412075154979355,0.38590554648923364,0.14806610112386623,1.7589347632912837,0.06994410333949806,0.25893476329128373,0,0,FOLLOWING,1.7589347632912837,0.449605968368986,0
17.12,3.8999360892384995,3.925719132560955,1.9475820254476877,3.1400362326188946,5.512027299950624,0.38586275881535814,0.16413687727560383,0.38589083930815254,0.14808147863234042,1.7589262048243146,0.0699510800174421,0.2589262048243146,0,0,FOLLOWING,1.7589262048243146,0.44960596836898603,0
17.152,3.895375850736456,3.9371943210639886,1.9523211119686712,3.127959654699641,5.5198705051391475,0.3858482768548156,0.1641528746992699,0.3858762467645573,0.1480967309552172,1.7589177131345064,0.06995800121511221,0.2589177131345064,0,0,FOLLOWING,1.7589177131345064,0.44960596836898586,0
17.184,3.890761452706766,3.948647338805718,1.9570606825904262,3.1158455686619586,5.527655652622705,0.38583390785793215,0.16416874503564594,0.3858617680048813,0.1481118591892711,1.7589092877258088,0.06996486745371167,0.2589092877258088,0,0,FOLLOWING,1.7589092877258088,0.449605968368986,0
17.216,3.886092995983231,3.9600779312773824,1.9618007333767513,3.103694253613854,5.53538256303184,0.385819650980545,0.1641844894844176,0.3858474021803095,0.148126864416372,1.7589009281048864,0.06997167924804537,0.2589009281048864,0,0,FOLLOWING,1.7589009281048864,0.44960596836898503,0
17.248,3.8813705845484843,3.9714858444077636,1.9665412641172495,3.0915059895210875,5.5430510583388815,0.38580550691428434,0.16420010275232777,0.38583312604565456,0.14814186306855118,1.7588926346187688,0.06997843438614493,0.25889263461876877,0,0,FOLLOWING,1.7588926346187688,0.44960596836898575,0
17.28,3.8765943423295557,3.9828708247437676,1.9712823113304727,3.0792810572007263,5.550660961862034,0.38579149159958503,0.16421551481254978,0.385818715491779,0.1481580029320425,1.7588844159546808,0.06998510347191568,0.2588844159546808,0,0,FOLLOWING,1.7588844159546808,0.44960596836898614,0
17.312,3.8717643715647134,3.994232619135939,1.976023865944851,3.0670197383146696,5.5582120982694585,0.3857776025873109,0.1642307363734573,0.385804440467455,0.14817385930716231,1.7588762707750372,0.0699916910013587,0.25887627077503716,0,0,FOLLOWING,1.7588762707750372,0.4496059683689855,0
17.344,3.8668807756223145,4.005570975056517,1.9807659197937773,3.054722315363162,5.565704293583305,0.38576383705520345,0.16424577602132967,0.3857903074850149,0.14818946047440856,1.758868197491764,0.06999820059584151,0.25886819749176393,0,0,FOLLOWING,1.758868197491764,0.4496059683689851,0
17.376,3.861943659529192,4.016885640408543,1.985508465548329,3.0423890716782847,5.573137375183727,0.3857501924956707,0.16426064093704323,0.38577631096962384,0.148204832611574,1.7588601946880935,0.07000463528682888,0.2588601946880935,0,0,FOLLOWING,1.7588601946880935,0.44960596836898464,0
17.408,3.856953129911552,4.028176363508998,1.990251496565757,3.0300202914174243,5.580511171812852,0.3857366667147332,0.16427533717008183,0.38576244520180897,0.1482199971616908,1.7588522611213595,0.0700109976297505,0.2588522611213595,0,0,FOLLOWING,1.7588522611213595,0.44960596836898525,0
17.44,3.851909294922124,4.039442893099165,1.9949950067651852,3.0176162595567346,5.587825513578731,0.38572325777852734,0.1642898698458867,0.3857487052958405,0.14823497168339264,1.7588443956934805,0.07001728979116839,0.2588443956934805,0,0,FOLLOWING,1.7588443956934805,0.4496059683689848,0
17.472,3.8468122641795546,4.050684978356755,1.999738990526697,3.005177261884559,5.595080231959256,0.38570996396487284,0.1643042433343764,0.3857350871366363,0.14824977058174196,1.7588365974239986,0.07002351361971382,0.25883659742399856,0,0,FOLLOWING,1.7588365974239986,0.4496059683689844,0
17.504,3.8416621487192493,4.061902368907118,2.0044834426094322,2.9927035849948536,5.602275159806032,0.38569678372360006,0.16431846138745185,0.3857215872419298,0.14826440570230662,1.7588288654279867,0.07002967070397226,0.25882886542798667,0,0,FOLLOWING,1.7588288654279867,0.44960596836898425,0
17.536,3.8364590609535862,4.073094814833478,2.0092283580851227,2.9801955162805824,5.609410131348244,0.3856837156445364,0.16433252725124725,0.38570820264187566,0.14827888681364604,1.7588211988982396,0.07003576241972986,0.2588211988982396,0,0,FOLLOWING,1.7588211988982396,0.44960596836898353,0
17.568,3.8312031146396746,4.0842620666864065,2.0139737322841706,2.9676533439270942,5.616484982196463,0.38567075843167575,0.16434644375779428,0.3856949307807221,0.14829322199924283,1.758813597090916,0.0700417899685477,0.258813597090916,0,0,FOLLOWING,1.758813597090916,0.4496059683689847,0
17.6,3.8258944248531708,4.095403875492676,2.018719560751917,2.9550773569054867,5.623499549346434,0.3856579108823614,0.16436021339984286,0.3856817694372698,0.14830741797600486,1.7588060593139805,0.07004775440924504,0.2588060593139805,0,0,FOLLOWING,1.7588060593139805,0.4496059683689852,0
17.632,3.8205331079669484,4.1065199927636264,2.0234658392132006,2.942467844965945,5.630453671182844,0.385645171870579,0.16437383839188138,0.3856687166606543,0.1483214803532307,1.75879858491794,0.07005365668356811,0.25879858491793994,0,0,FOLLOWING,1.75879858491794,0.44960596836898487,0
17.664,3.815119281633633,4.117610170503156,2.028212563543649,2.9298250986310643,5.637347187483034,0.3856325403334701,0.1643873207198805,0.3856557707187086,0.1483354138430985,1.7587911732883708,0.07005949763711516,0.25879117328837076,0,0,FOLLOWING,1.7587911732883708,0.4496059683689849,0
17.696,3.809653064771218,4.128674161215406,2.0329597297464375,2.9171494091891628,5.644179939420691,0.3856200152604787,0.16440066218178037,0.38564293005635264,0.14834922243152557,1.7587838238399112,0.07006527803636331,0.25878382383991116,0,0,FOLLOWING,1.7587838238399112,0.4496059683689844,0
17.728,3.804134577551123,4.139711717912198,2.037707333933488,2.904441068687562,5.650951769569515,0.3856075956846473,0.16441386442040992,0.3856301932621261,0.14836290951682993,1.75877653601145,0.07007099858251076,0.25877653601145,0,0,FOLLOWING,1.75877653601145,0.4496059683689851,0
17.76,3.798563941388183,4.150722594120277,2.0424553723102554,2.8917003699258683,5.657662521906836,0.3855952806755705,0.16442692895022956,0.3856175590414065,0.14837647802195816,1.7587693092622305,0.07007665992272294,0.2587693092622305,0,0,FOLLOWING,1.7587693092622305,0.449605968368985,0
17.792,3.7929412789321666,4.1617065438883865,2.0472038411634337,2.8789276064492153,5.664312041817219,0.38558306933374914,0.1644398571789986,0.3856050261948324,0.14838993048560045,1.758762143068734,0.07008226265924078,0.2587621430687339,0,0,FOLLOWING,1.758762143068734,0.44960596836898453,0
17.824,3.787266714060489,4.17266332179421,2.051952736850996,2.866123072541509,5.670900176096019,0.3855709607860085,0.16445265042536586,0.3855925936010227,0.14840326913533886,1.7587550369221485,0.070087807356777,0.2587550369221485,0,0,FOLLOWING,1.7587550369221485,0.44960596836898364,0
17.856,3.781540371871876,4.1835926829512085,2.0567020557941493,2.8532870632186444,5.677426772952915,0.38555895418179914,0.16446530993307956,0.38558026020270963,0.14841649594710188,1.758747990326328,0.07009329454849045,0.2587479903263279,0,0,FOLLOWING,1.758747990326328,0.4496059683689834,0
17.888,3.7757623786807555,4.194494383015348,2.0614517944707926,2.8404198742217073,5.6838916820154015,0.38554704869021095,0.1644778368825101,0.38556802499559933,0.14842961269265495,1.758741002796142,0.07009872474082934,0.2587410027961421,0,0,FOLLOWING,1.758741002796142,0.44960596836898364,0
17.92,3.769932862012235,4.2053681781917565,2.06620194941022,2.827521802010165,5.690294754332261,0.3855352434975377,0.1644902323999615,0.3855558870194067,0.1484426209780365,1.7587340738561326,0.07010409841744769,0.25873407385613256,0,0,FOLLOWING,1.7587340738561326,0.44960596836898414,0
17.952,3.7640519505975267,4.216213825241307,2.0709525171888,2.8145931437550296,5.696635842376992,0.38552353780530435,0.16450249756522023,0.3855438453506502,0.14845552227431494,1.7587272030394219,0.07010941604237787,0.25872720303942187,0,0,FOLLOWING,1.7587272030394219,0.44960596836898387,0
17.984,3.758119774369717,4.227031081487137,2.075703494426442,2.8016341973320156,5.702914800051204,0.3855119308286467,0.16451463341767772,0.3855318990968708,0.14846831794222948,1.758720389886818,0.07011467806260585,0.258720389886818,0,0,FOLLOWING,1.758720389886818,0.4496059683689832,0
18.016000000000002,3.752136464459815,4.237819704821119,2.0804548777837084,2.788645261314675,5.70913148268799,0.38550042179499355,0.16452664096127792,0.3855200473919065,0.14848100925212224,1.758713633946085,0.07011988491015186,0.25871363394608493,0,0,FOLLOWING,1.758713633946085,0.4496059683689822,0
18.048000000000002,3.746102153193004,4.248579453710278,2.085206663959417,2.775626634967518,5.715285747055261,0.3854890099429804,0.16453852116858197,0.3855082893921204,0.14849359739947965,1.7587069347713409,0.07012503700378003,0.2587069347713409,0,0,FOLLOWING,1.7587069347713409,0.4496059683689824,0
18.080000000000002,3.740016974085056,4.259310087203171,2.0899588496886614,2.762578618239122,5.721377451359034,0.38547769452153957,0.16455027498406732,0.3854966242733028,0.14850608351798064,1.7587002919225536,0.07013013475038576,0.2587002919225536,0,0,FOLLOWING,1.7587002919225536,0.44960596836898314,0
18.112000000000002,3.733881061838866,4.270011364936224,2.0947114317411546,2.7495015117552146,5.727406455246712,0.3854664747891765,0.16456190332682735,0.3854850512281625,0.1485184686894227,1.758693704965139,0.07013517854613216,0.258693704965139,0,0,FOLLOWING,1.758693704965139,0.44960596836898264,0
18.144000000000002,3.727694552341081,4.280683047140035,2.099464406919831,2.73639561681175,5.7333726198103125,0.38545535001334374,0.16457340709282045,0.38547356946429234,0.14853075395203816,1.7586871734696137,0.07014016877739548,0.2586871734696137,0,0,FOLLOWING,1.7586871734696137,0.449605968368982,0
18.176000000000002,3.721457582658795,4.291324894645646,2.104217772059661,2.723261235367968,5.739275807589669,0.3854443194699252,0.16458478715670982,0.3854621782024943,0.14854294030688758,1.7586806970113078,0.0701451058215401,0.2586806970113078,0,0,FOLLOWING,1.7586806970113078,0.44960596836898203,0
18.208000000000002,3.715170291036291,4.301936668890786,2.1089715240266314,2.7100986700394354,5.745115882575595,0.3854333824427974,0.1645960443734228,0.38545087667540623,0.14855502872335052,1.7586742751701212,0.07014999004757438,0.2586742751701212,0,0,FOLLOWING,1.7586742751701212,0.4496059683689827,0
18.240000000000002,3.7088328168918214,4.3125181319260815,2.113725659716872,2.696908224091077,5.750892710213022,0.3854225382234708,0.1646071795794243,0.3854396641263493,0.1485670201432838,1.7586679075303235,0.07015482181668718,0.25866790753032354,0,0,FOLLOWING,1.7586679075303235,0.4496059683689828,0
18.272000000000002,3.7024453008144045,4.3230690464212485,2.1184801760558782,2.683690201430183,5.756606157404096,0.38541178611077087,0.16461819359384697,0.3854285398084275,0.14857891548444338,1.7586615936803767,0.0701596014827226,0.25866159368037667,0,0,FOLLOWING,1.7586615936803767,0.44960596836898203,0
18.304000000000002,3.696007884560637,4.333589175671251,2.123235069997839,2.6704449065994105,5.762256092511246,0.3854011254105819,0.16462908721939626,0.38541750298372246,0.14859071564344692,1.7586553332127919,0.07016432939256223,0.2586553332127919,0,0,FOLLOWING,1.7586553332127919,0.4496059683689813,0
18.336000000000002,3.6895207110515096,4.344078283602442,2.1279903385250254,2.6571726447697666,5.767842385360218,0.3853905554356102,0.1646398612431788,0.385406552922658,0.14860242149794342,1.758649125723998,0.07016900588647212,0.258649125723998,0,0,FOLLOWING,1.758649125723998,0.44960596836898076,0
18.368000000000002,3.68298392436922,4.354536134778677,2.132745978647253,2.643873721733576,5.773364907243073,0.38538007550519127,0.16465051643737816,0.3853956889034897,0.14861403390860697,1.7586429708142337,0.0701736312983896,0.2586429708142337,0,0,FOLLOWING,1.7586429708142337,0.44960596836898065,0
18.400000000000002,3.6763976697539786,4.364962494407411,2.137501987401381,2.630548443897439,5.778823530921149,0.3853696849451094,0.16466105355987892,0.38538491021182136,0.14862555372065084,1.758636868087447,0.07017820595618396,0.2586368680874469,0,0,FOLLOWING,1.758636868087447,0.4496059683689809,0
18.432000000000002,3.6697620936008035,4.375357128345769,2.1422583618508635,2.6171971182751657,5.784218130627998,0.3853593830874546,0.16467147335479165,0.38537421614023826,0.14863698176510848,1.7586308171512146,0.07018273018187848,0.2586308171512146,0,0,FOLLOWING,1.7586308171512146,0.4496059683689815,0
18.464,3.6630773434563,4.3857198031065945,2.147015099085332,2.6038200524807094,5.789548582072283,0.38534916927047974,0.16468177655292554,0.3853636059879911,0.14864831886007254,1.7586248176166634,0.07018720429184944,0.25862481761666345,0,0,FOLLOWING,1.7586248176166634,0.44960596836898264,0
18.496,3.656343568015424,4.396050285864479,2.1517721962202083,2.590417554721074,5.7948147624406365,0.3853390428384883,0.16469196387220345,0.3853530790607127,0.14865956581140835,1.7586188690984066,0.07019162859700055,0.2586188690984066,0,0,FOLLOWING,1.7586188690984066,0.44960596836898303,0
18.528,3.649560917118224,4.406348344461773,2.156529650396337,2.5769899337892133,5.800016550400498,0.3853290031417207,0.16470203601805328,0.38534263467020974,0.14867072341369034,1.758612971214481,0.07019600340292788,0.2586129712144809,0,0,FOLLOWING,1.758612971214481,0.44960596836898287,0
18.56,3.6427295417465637,4.416613747414569,2.161287458779649,2.5635374990569195,5.805153826102902,0.38531904953625673,0.1647119936837363,0.3853322721342478,0.14868179245080576,1.7586071235862912,0.07020032901005813,0.25860712358629123,0,0,FOLLOWING,1.7586071235862912,0.4496059683689833,0
18.592,3.635849594020819,4.42684626391867,2.166045618560836,2.5500605604676965,5.810226471185244,0.3853091813839194,0.16472183755064979,0.3853219907763724,0.14869277369653616,1.7586013258385573,0.07020460571377642,0.2586013258385573,0,0,FOLLOWING,1.7586013258385573,0.44960596836898337,0
18.624,3.6289212271965536,4.437045663855536,2.17080412695504,2.5365594285296114,5.8152343687740045,0.3852993980522039,0.1647315682886256,0.3853117899257814,0.1487036679150171,1.7585955775992734,0.07020883380455167,0.25859557759927343,0,0,FOLLOWING,1.7585955775992734,0.44960596836898326,0
18.656,3.621944595661167,4.447211717798208,2.175562981201566,2.523034414308147,5.820177403487445,0.3852896989141899,0.16474118655616446,0.38530166891717305,0.14871447586125716,1.7585898784996592,0.07021301356803589,0.2585898784996592,0,0,FOLLOWING,1.7585898784996592,0.44960596836898314,0
18.688,3.6149198549305197,4.457344197017211,2.1803221785635953,2.5094858294190323,5.825055461438265,0.3852800833484733,0.16475069300068593,0.3852916270906288,0.14872519828142922,1.7585842281741213,0.07021714528516876,0.2585842281741213,0,0,FOLLOWING,1.7585842281741213,0.44960596836898326,0
18.72,3.6078471616455294,4.467442873486442,2.1850817163279146,2.4959139860210633,5.829868430236226,0.3852705507390985,0.16476008825874408,0.3852816637915324,0.1487358359132324,1.7585786262602154,0.07022122923226926,0.25857862626021544,0,0,FOLLOWING,1.7585786262602154,0.44960596836898326,0
18.752,3.60072667356874,4.477507519889027,2.189841591804654,2.4823191968089136,5.834616198990736,0.38526110047548684,0.1647693729562274,0.3852717783704505,0.14874638948616511,1.7585730723986048,0.07022526568111997,0.25857307239860483,0,0,FOLLOWING,1.7585730723986048,0.44960596836898314,0
18.784,3.5935585495808677,4.487537909623166,2.194601802327039,2.4687017750059237,5.839298658313417,0.38525173195238765,0.16477854770853662,0.38526197018304487,0.1487568597218785,1.7585675662330338,0.0702292548990413,0.2585675662330338,0,0,FOLLOWING,1.7585675662330338,0.449605968368983,0
18.816,3.5863429496773143,4.497533816807952,2.1993623452511377,2.4550620343568905,5.843915700320612,0.3852424445698099,0.1647876131207724,0.3852522385900159,0.14876724733427898,1.7585621074102884,0.07023319714897225,0.2585621074102884,0,0,FOLLOWING,1.7585621074102884,0.44960596836898226,0
18.848,3.5790800349646545,4.507495016289173,2.2041232179556243,2.4414002891208337,5.848467218635877,0.38523323773296697,0.16479656978789634,0.38524258295702807,0.14877755302981366,1.758556695580165,0.07023709268953704,0.25855669558016503,0,0,FOLLOWING,1.758556695580165,0.4496059683689825,0
18.88,3.5717699676570986,4.51742128364509,2.20888441784155,2.4277168540637595,5.852953108392432,0.3852241108522271,0.1648054182948692,0.3852330026546169,0.1487877775076996,1.758551330395442,0.07024094177510422,0.2585513303954421,0,0,FOLLOWING,1.758551330395442,0.4496059683689834,0
18.912,3.564412911072923,4.527312395192194,2.213645942332109,2.414012044451408,5.857373266235575,0.3852150633430476,0.1648141592168173,0.3852234970581382,0.14879792146000195,1.7585460115118425,0.07024474465585671,0.25854601151184253,0,0,FOLLOWING,1.7585460115118425,0.4496059683689836,0
18.944,3.5570090296308727,4.53716812799094,2.2184077888724207,2.4002861760419854,5.8617275903250645,0.3852060946259425,0.16482279311915093,0.3852140655477213,0.14880798557182429,1.7585407385880156,0.07024850157784224,0.25854073858801563,0,0,FOLLOWING,1.7585407385880156,0.4496059683689834,0
18.976,3.5495584888465412,4.546988259851465,2.2231699549293134,2.386539565078892,5.866015980337467,0.38519720412642194,0.16483132055769706,0.38520470750819125,0.1488179705215969,1.758535511285502,0.07025221278302896,0.2585355112855019,0,0,FOLLOWING,1.758535511285502,0.44960596836898414,0
19.008,3.542061455328717,4.556772569339277,2.22793243799111,2.3727725282834378,5.870238337468464,0.38518839127494153,0.1648397420788174,0.38519542232901577,0.14882787698100117,1.7585303292687042,0.07025587850935633,0.25853032926870423,0,0,FOLLOWING,1.7585303292687042,0.44960596836898364,0
19.04,3.5345180967757015,4.566520835780932,2.2326952355674172,2.3589853828475382,5.874394564435138,0.3851796555068683,0.16484805821953233,0.38518620940429105,0.1488377056151971,1.7585251922048684,0.07025949899078654,0.25852519220486836,0,0,FOLLOWING,1.7585251922048684,0.44960596836898453,0
19.072,3.526928581971606,4.576232839269681,2.237458345188922,2.3451784464264187,5.8784845654782005,0.38517099626240947,0.16485626950762347,0.3851770681326223,0.1488474570829256,1.758520099764042,0.07026307445734892,0.258520099764042,0,0,FOLLOWING,1.758520099764042,0.449605968368984,0
19.104,3.519293080782612,4.5859083606710955,2.2422217644071907,2.331352037131281,5.882508246364209,0.38516241298659865,0.16486437646174246,0.38516799791712353,0.148857132036693,1.7585150516190662,0.07026660513518523,0.2585150516190662,0,0,FOLLOWING,1.7585150516190662,0.44960596836898375,0
19.136,3.5116117641532107,4.595547181628676,2.2469854907944704,2.317506473521984,5.8864655143877345,0.385153905129231,0.1648723795914988,0.3851589981653647,0.14886673112273163,1.758510047445539,0.07027009124658834,0.25851004744553907,0,0,FOLLOWING,1.758510047445539,0.4496059683689836,0
19.168,3.5038848041024115,4.605149084569438,2.251749521943491,2.3036420745997015,5.890356278373496,0.3851454721448234,0.1648802793975798,0.38515006828933407,0.14887625498114945,1.758505086921792,0.07027353301005101,0.25850508692179197,0,0,FOLLOWING,1.758505086921792,0.4496059683689835,0
19.2,3.496112373719922,4.614713852709468,2.2565138554672752,2.2897591597995692,5.894180448678465,0.3851371134925755,0.16488807637181976,0.385141207705358,0.1488857042461673,1.7585001697288671,0.0702769306402975,0.25850016972886714,0,0,FOLLOWING,1.7585001697288671,0.44960596836898437,0
19.232,3.488294647162302,4.624241270059472,2.2612784889989492,2.2758580489833324,5.897937937193924,0.38512882863632014,0.1648957709972966,0.38513241583408897,0.1488950795459138,1.7584952955504893,0.07028028434832301,0.25849529555048933,0,0,FOLLOWING,1.7584952955504893,0.44960596836898503,0
19.264,3.4804317996490926,4.633731121430285,2.266043420191551,2.261939062431969,5.901628657347506,0.3851206170444902,0.16490336374842704,0.3851236921004608,0.14890438150272814,1.758490464073046,0.07028359434143505,0.2584904640730461,0,0,FOLLOWING,1.758490464073046,0.44960596836898553,0
19.296,3.472524007458912,4.64318319243837,2.2708086467178514,2.2480025208383125,5.905252524105181,0.3851124781900775,0.16491085509103146,0.38511503593363244,0.14891361073317663,1.7584856749855644,0.0702868608232805,0.2584856749855644,0,0,FOLLOWING,1.7584856749855644,0.44960596836898564,0
19.328,3.4645714479255285,4.652597269511288,2.2755741662701636,2.234048745299665,5.908809453973221,0.3851044115505827,0.16491824548243353,0.38510644676696787,0.1489227678480462,1.7584809279796814,0.0702900839938887,0.25848092797968136,0,0,FOLLOWING,1.7584809279796814,0.4496059683689857,0
19.36,3.456574299433905,4.661973139893154,2.280339976560167,2.220078057310397,5.912299365000117,0.3850964166079811,0.1649255353715358,0.3850979240379888,0.14893185345247653,1.7584762227496245,0.07029326404970249,0.25847622274962445,0,0,FOLLOWING,1.7584762227496245,0.4496059683689866,0
19.392,3.4485327414162184,4.6713105916500535,2.285106075318729,2.206090778754543,5.915722176778474,0.385088492848686,0.1649327251988745,0.38508946718831505,0.14894086814611565,1.7584715589921904,0.07029640118360314,0.25847155899219043,0,0,FOLLOWING,1.7584715589921904,0.44960596836898714,0
19.424,3.440446954347846,4.680609413675459,2.2898724602957192,2.1920872318983826,5.9190778104468595,0.38508063976350104,0.1649398153967364,0.3850810756636894,0.14894981252282258,1.7584669364067171,0.0702994955849583,0.25846693640671714,0,0,FOLLOWING,1.7584669364067171,0.44960596836898714,0
19.456,3.432317119743333,4.689869395695602,2.2946391292598434,2.1780677393830143,5.922366188691624,0.38507285684759185,0.16494680638919335,0.38507274891386534,0.1489586871711534,1.7584623546950677,0.07030254743963837,0.25846235469506773,0,0,FOLLOWING,1.7584623546950677,0.4496059683689865,0
19.488,3.4241434201523293,4.6990903282748375,2.299406079998462,2.1640326242169268,5.925587235748676,0.38506514360043453,0.16495369859221024,0.3850644863926197,0.1489674926741251,1.7584578135616,0.07030555693006059,0.2584578135616,0,0,FOLLOWING,1.7584578135616,0.4496059683689855,0
19.52,3.4159260391554973,4.708272002820975,2.30417331031742,2.14998220976855,5.928740877405236,0.3850574995257914,0.1649604924136868,0.3850562875577176,0.14897622960935736,1.758453312713153,0.07030852423520928,0.25845331271315297,0,0,FOLLOWING,1.758453312713153,0.44960596836898636,0
19.552,3.407665161360399,4.717414211590595,2.30894081804087,2.1359168197588145,5.931827041001538,0.38504992413165,0.16496718825356166,0.38504815187087454,0.1489848985490154,1.7584488518590111,0.07031144953067825,0.2584488518590111,0,0,FOLLOWING,1.7584488518590111,0.4496059683689867,0
19.584,3.399360972397351,4.726516747694334,2.313708601011106,2.1218367782536833,5.934845655432509,0.3850424169302047,0.16497378650386452,0.3850400787976917,0.14899350005995482,1.7584444307108935,0.07031433298869372,0.2584444307108935,0,0,FOLLOWING,1.7584444307108935,0.4496059683689865,0
19.616,3.391013658915258,4.735579405102155,2.318476657088391,2.107742409656689,5.937796651149409,0.3850349774378155,0.16498028754879573,0.38503206780767096,0.14900203470372608,1.7584400489829306,0.07031717477814814,0.2584400489829306,0,0,FOLLOWING,1.7584400489829306,0.44960596836898586,0
19.648,3.3826234085774165,4.744601978648581,2.323244984150784,2.0936340387014605,5.9406799601614235,0.3850276051749597,0.1649866917648064,0.3850241183741775,0.14901050303649863,1.7584357063916352,0.07031997506463439,0.25843570639163516,0,0,FOLLOWING,1.7584357063916352,0.44960596836898503,0
19.68,3.3741903762873195,4.753584263629762,2.328013580398514,2.0795119904442396,5.943495516037244,0.38502025940167145,0.16499296525623938,0.38501694616585336,0.14901891512588258,1.7584313780683014,0.07032272053949251,0.2584313780683014,0,0,FOLLOWING,1.7584313780683014,0.4496059683689859,0
19.712,3.365714561104724,4.762526053858869,2.332782444165523,2.065376590256396,5.946243253906584,0.3850127112133217,0.16499891896867525,0.38501389424719273,0.14902727514963132,1.7584269243044335,0.0703253370044723,0.2584269243044335,0,0,FOLLOWING,1.7584269243044335,0.4496059683689865,0
19.744,3.35719596189404,4.771427140986058,2.337551566802198,2.0512281638169227,5.948923110461685,0.385004729150277,0.1650043800289159,0.3850149788402054,0.1490353648717684,1.7584222040641269,0.07032775703206973,0.25842220406412686,0,0,FOLLOWING,1.7584222040641269,0.44960596836898636,0
19.776,3.348634577580471,4.780287312486744,2.3423209347037766,2.0370670371049404,5.951535023958774,0.3849960818291125,0.16500918516349097,0.3850201695492813,0.14904302944291903,1.7584170764802929,0.07032991718140957,0.2584170764802929,0,0,FOLLOWING,1.7584170764802929,0.44960596836898564,0
19.808,3.3400304072704405,4.789106351603638,2.347090529578937,2.022893536392181,5.954078934219476,0.3849865380584629,0.1650131800594803,0.3850294339732353,0.14905012240727064,1.7584114009166307,0.07033175773040545,0.25841140091663073,0,0,FOLLOWING,1.7584114009166307,0.44960596836898475,0
19.84,3.3313841252741945,4.797884045690333,2.351860335268176,2.0087079882354733,5.956554782632214,0.3849766905219821,0.16501685798439447,0.3850280637566855,0.1490567103880781,1.7584055391567428,0.07033347235866527,0.2584055391567428,0,0,FOLLOWING,1.7584055391567428,0.449605968368985,0
19.872,3.3226962633323645,4.806620185530115,2.3566303414866883,1.9945107194692209,5.958962512153548,0.38496696159494287,0.16502055457790732,0.38501915439413037,0.14906297696540158,1.7583997488213368,0.07033519249183628,0.25839974882133676,0,0,FOLLOWING,1.7583997488213368,0.4496059683689853,0
19.904,3.3139670301222286,4.815314570073283,2.361400545999375,1.9803020571978678,5.9613020673094965,0.38495736975561984,0.1650242793433565,0.38500996226705075,0.14906917369338138,1.7583940411145214,0.07033692172754291,0.25839404111452136,0,0,FOLLOWING,1.7583940411145214,0.44960596836898514,0
19.936,3.305196622011601,4.823967004462422,2.3661709502409525,1.9660823287883638,5.963573394196812,0.3849479114475862,0.1650280253917777,0.3850008891395308,0.14907541525648144,1.7583884138148265,0.07033865727138267,0.25838841381482647,0,0,FOLLOWING,1.7583884138148265,0.44960596836898487,0
19.968,3.2963852353937466,4.83257729530775,2.370941555615035,1.9518518618626226,5.965776440484225,0.38493858136174397,0.16503178565198243,0.38499196655793855,0.1490817006827786,1.7583828636470722,0.07034039628648481,0.2583828636470722,0,0,FOLLOWING,1.7583828636470722,0.4496059683689842,0
20.0,3.2875330676512884,4.841145250010616,2.3757123633537636,1.9376109842899711,5.967911155413646,0.38492937438423014,0.16503555346518914,0.38498319027200156,0.1490880246137855,1.758377387458469,0.07034213610360318,0.25837738745846894,0,0,FOLLOWING,1.758377387458469,0.4496059683689847,0
20.032,3.278640317224653,4.849670676713571,2.380483374515405,1.9233600241796016,5.9699774898013365,0.3849202857457678,0.1650393225993927,0.3849745532901495,0.1490943816158171,1.7583719823083923,0.07034387422425414,0.2583719823083923,0,0,FOLLOWING,1.7583719823083923,0.4496059683689845,0
20.064,3.269707183601024,4.858153384318622,2.3852545899928654,1.9090993098730031,5.971975396039044,0.3849113109973926,0.16504308722933106,0.38496604908447707,0.14910076652136936,1.7583666454535622,0.07034560831285441,0.25836664545356225,0,0,FOLLOWING,1.7583666454535622,0.44960596836898453,0
20.096,3.2607338672980895,4.866593182509655,2.39002601052346,1.8948291699364022,5.9739048280950975,0.3849024459752654,0.165046841913497,0.3849576717926421,0.14910717446817068,1.7583613743266377,0.0703473361878384,0.25836137432663775,0,0,FOLLOWING,1.7583613743266377,0.4496059683689844,0
20.128,3.2517205698493163,4.874989881772845,2.3947976366987933,1.8805499331531919,5.975765741515469,0.3848936867697985,0.1650505815710959,0.38494941613797107,0.14911360090276174,1.7583561665174001,0.0703490558126707,0.2583561665174001,0,0,FOLLOWING,1.7583561665174001,0.4496059683689844,0
20.16,3.2426674937910005,4.883343293414804,2.3995694689744775,1.8662619285163546,5.977558093424792,0.3848850296996092,0.16505430145947564,0.3849412773399391,0.14912004157530312,1.7583510197568384,0.07035076528696393,0.2583510197568384,0,0,FOLLOWING,1.7583510197568384,0.4496059683689851,0
20.192,3.2335748426507847,4.891653229578817,2.404341507679518,1.8519654852208882,5.97928184252736,0.38487647128953123,0.16505799715236535,0.38493325103888065,0.1491264925293741,1.7583459319036805,0.07035246283785535,0.2583459319036805,0,0,FOLLOWING,1.7583459319036805,0.4496059683689853,0
20.224,3.224442820937338,4.899919503259498,2.4091137530252933,1.8376609326562119,5.980936949108072,0.3848680082519076,0.16506166451909662,0.3849253332345533,0.14913295008902555,1.7583409009329052,0.07035414681172947,0.2583409009329052,0,0,FOLLOWING,1.7583409009329052,0.4496059683689852,0
20.256,3.2152716341309677,4.908141928316127,2.413886205114048,1.8233486003985844,5.982523375033342,0.38485963747056234,0.16506529970494122,0.3849175202358758,0.14913941084391166,1.7583359249258765,0.0703558156663524,0.25833592492587654,0,0,FOLLOWING,1.7583359249258765,0.449605968368985,0
20.288,3.20606148867497,4.916320319484905,2.418658863946901,1.8090288182035072,5.984041083751989,0.3848513559869822,0.1650688991125582,0.38490980861983737,0.14914587163371337,1.7583310020618166,0.07035746796342845,0.2583310020618166,0,0,FOLLOWING,1.7583310020618166,0.4496059683689847,0
20.32,3.1968125919675727,4.924454492390304,2.4234317294313423,1.7947019159981281,5.98549004029607,0.384843160988262,0.16507245938464937,0.38490219519771546,0.14915232953262092,1.7583261306103544,0.07035910236162124,0.25832613061035437,0,0,FOLLOWING,1.7583261306103544,0.44960596836898487,0
20.352,3.1875251523543535,4.932544263555653,2.4282048013882496,1.7803682238736425,5.986870211281692,0.38483504979655253,0.16507597738769755,0.3848946769871588,0.14915878183392275,1.7583213089249872,0.07036071760999896,0.25832130892498717,0,0,FOLLOWING,1.7583213089249872,0.4496059683689849,0
20.384,3.1781993791210392,4.9405894504130945,2.4329780795584255,1.766028072077681,5.988181564909775,0.384827019859716,0.16507945019684203,0.3848872511890477,0.1491652260352317,1.7583165354372838,0.07036231254192815,0.25831653543728383,0,0,FOLLOWING,1.7583165354372838,0.44960596836898464,0
20.416,3.1688354824866103,4.948589871312999,2.4377515636086886,1.7516817910067073,5.98942407096679,0.38481906874301025,0.16508287508177313,0.38487991516821574,0.14917165982461972,1.7583118086517149,0.0703638860693716,0.2583118086517149,0,0,FOLLOWING,1.7583118086517149,0.44960596836898403,0
20.448,3.1594336735966517,4.956545345532928,2.4425252531375516,1.7373297111984023,5.990597700825453,0.384811194121602,0.16508624949360734,0.3848726664371924,0.14917808106742464,1.7583071271409954,0.07036543717757748,0.25830712714099535,0,0,FOLLOWING,1.7583071271409954,0.44960596836898387,0
20.48,3.1499941645169027,4.96445569328619,2.447299147680505,1.722972163324049,5.991702427445382,0.38480339377382167,0.16508957105266892,0.3848655026424952,0.14918448779422805,1.7583024895418828,0.07036696492013128,0.25830248954188284,0,0,FOLLOWING,1.7583024895418828,0.44960596836898425,0
20.512,3.1405171682269697,4.972320735730069,2.4520732467149307,1.7086094781809171,5.992738225373727,0.384795665575013,0.16509283753715012,0.3848584215529153,0.14919087818917037,1.7582978945513434,0.07036846841436173,0.25829789455134344,0,0,FOLLOWING,1.7582978945513434,0.44960596836898453,0
20.544,3.1310028986141636,4.980140294973734,2.456847549664688,1.6942419866846363,5.993705070745749,0.38478800749192077,0.1650960468725364,0.3848514210494376,0.14919725057957772,1.7582933409230503,0.07036994683705355,0.25829334092305034,0,0,FOLLOWING,1.7582933409230503,0.4496059683689847,0
20.576,3.1214515704674426,4.987914194085897,2.461622055904379,1.679870019861575,5.994602941285371,0.384780417577512,0.1650991971217797,0.3848444991165426,0.14920360342621194,1.7582888274641526,0.070371399420464,0.2582888274641526,0,0,FOLLOWING,1.7582888274641526,0.4496059683689841,0
20.608,3.1118633994714395,4.995642257102217,2.4663967647633185,1.665493908841213,5.9954318163056985,0.38477289396622083,0.16510228647615086,0.3848376538345174,0.1492099353137985,1.7582843530323053,0.07037282544861201,0.25828435303230535,0,0,FOLLOWING,1.7582843530323053,0.44960596836898364,0
20.64,3.102238602200558,5.003324309032507,2.4711716755292388,1.6511139848485108,5.996191676709486,0.38476543486950804,0.16510531324674305,0.3848308833727361,0.14921624494291535,1.7582799165328993,0.07037422425383344,0.2582799165328993,0,0,FOLLOWING,1.7582799165328993,0.449605968368984,0
20.672,3.092577396113119,5.010960175867716,2.4759467874517296,1.6367305791962838,5.996882504989585,0.3847580385717566,0.1651082758565505,0.38482418598363266,0.14922253112158923,1.7582755169164963,0.07037559521356719,0.2582755169164963,0,0,FOLLOWING,1.7582755169164963,0.4496059683689844,0
20.704,3.0828799995455527,5.018549684586754,2.4807220997454484,1.6223440232775608,5.99750428522934,0.38475070342643003,0.16511117283312002,0.38481755999731326,0.14922879275814685,1.7582711531764323,0.07037693774737573,0.25827115317643234,0,0,FOLLOWING,1.7582711531764323,0.449605968368984,0
20.736,3.0731466317066274,5.026092663163124,2.485497611593102,1.6079546485579532,5.998057003102964,0.38474342785250193,0.1651140028016979,0.38481100381666355,0.1492350288541695,1.7582668243465878,0.07037825131416577,0.25826682434658776,0,0,FOLLOWING,1.7582668243465878,0.4496059683689836,0
20.768,3.0633775126717024,5.0335889405714225,2.490273322148215,1.5935627865680186,5.998540645875861,0.3847362103310693,0.16511676447890108,0.38480451591293063,0.14924123849766874,1.758262529499276,0.07037953540962329,0.258262529499276,0,0,FOLLOWING,1.758262529499276,0.4496059683689835,0
20.8,3.053572863377005,5.041038346793667,2.495049230537711,1.5791687688956193,5.998955202404923,0.38472904940222036,0.16511945666679692,0.3847980948216381,0.14924742085737666,1.7582582677432885,0.07038078956381268,0.2582582677432885,0,0,FOLLOWING,1.7582582677432885,0.44960596836898387,0
20.832,3.0437329056139273,5.048440712825498,2.499825335864292,1.564772927178288,5.999300663138785,0.38472194366206836,0.16512207824745595,0.38479173913880904,0.149253575176416,1.7582540382220464,0.07038201333897165,0.2582540382220464,0,0,FOLLOWING,1.7582540382220464,0.4496059683689842,0
20.864,3.033857862023333,5.055795870682243,2.504601637208662,1.5503755930955796,5.999577020118048,0.38471489175996915,0.16512462817786597,0.38478544751755434,0.1492597007672431,1.7582498401118667,0.07038320632744899,0.2582498401118667,0,0,FOLLOWING,1.7582498401118667,0.449605968368984,0
20.896,3.023947956089879,5.063103653404862,2.509378133631564,1.535977098361435,5.999784266975459,0.3847078923958969,0.1651271054852802,0.3847792186647889,0.1492657970061366,1.7582456726203286,0.07038436814982373,0.2582456726203286,0,0,FOLLOWING,1.7582456726203286,0.44960596836898375,0
20.928,3.014003412136343,5.070363895065769,2.5141548241756766,1.5215777747165355,5.99992239893606,0.3847009443179789,0.16512950926286865,0.38477305133825124,0.14927186332856832,1.7582415349847396,0.07038549845314401,0.25824153498473956,0,0,FOLLOWING,1.7582415349847396,0.44960596836898314,0
20.96,3.0040244553179627,5.07757643077454,2.5189317078673485,1.50717795392066,5.999991412817295,0.3846940463201732,0.1651318386657715,0.3847669443436549,0.14927789922423926,1.7582374264706917,0.0703865969093318,0.2582374264706917,0,0,FOLLOWING,1.7582374264706917,0.4496059683689837,0
20.992,2.9940113116167737,5.084741096683519,2.5237087837182095,1.4927779677450448,5.99999130702909,0.3846871972400742,0.16513409290739628,0.3847608965320616,0.14928390423314983,1.7582333463706985,0.07038766321368682,0.2582333463706985,0,0,FOLLOWING,1.7582333463706985,0.4496059683689839,0
21.024,2.9839642078359603,5.091857729993316,2.5284860507266287,1.4783781479647333,5.999922081573881,0.3846803959568545,0.16513627125611624,0.384754906797355,0.1492898779409277,1.7582292940029176,0.07038869708355389,0.2582292940029176,0,0,FOLLOWING,1.7582292940029176,0.4496059683689837,0
21.056,2.9738833715942037,5.098926168958208,2.533263507879061,1.4639788263509363,5.999783738046618,0.3846736413893187,0.1651383730321917,0.38474897407390385,0.1492958199752412,1.7582252687099449,0.07038969825707886,0.2582252687099449,0,0,FOLLOWING,1.7582252687099449,0.44960596836898326,0
21.088,2.963769031320037,5.105946252891454,2.5380411541512653,1.4495803346633866,5.9995762796347325,0.38466693249407513,0.1651403976049958,0.384743097334322,0.1493017300018458,1.7582212698576816,0.07039066649209413,0.25822126985768157,0,0,FOLLOWING,1.7582212698576816,0.4496059683689831,0
21.12,2.9536214162462002,5.112917822170508,2.5428189885094112,1.4351830046426945,5.999299711118056,0.3846602682638114,0.16514234439050965,0.38473727558734544,0.14930760772106474,1.758217296834268,0.07039160156510782,0.258217296834268,0,0,FOLLOWING,1.758217296834268,0.44960596836898387,0
21.152,2.9434407564040015,5.119840718242159,2.5475970099110685,1.4207871680027095,5.998954038868714,0.3846536477256672,0.16514421284907954,0.3847315078757998,0.1493134528641515,1.7582133490490792,0.07039250327040492,0.2582133490490792,0,0,FOLLOWING,1.7582133490490792,0.449605968368984,0
21.184,2.9332272826176755,5.126714783627584,2.552375217306102,1.4063931564228698,5.99853927085098,0.3846470699397185,0.1651460024834116,0.38472579327472,0.14931926519036004,1.7582094259317897,0.07039337141924129,0.25820942593178975,0,0,FOLLOWING,1.7582094259317897,0.4496059683689839,0
21.216,2.9229812264987496,5.133539861927315,2.5571536096374574,1.392001301540565,5.998055416621092,0.38464053399755144,0.1651477128367931,0.3847201308894631,0.1493250444833883,1.7582055269314953,0.0703942058391327,0.25820552693149534,0,0,FOLLOWING,1.7582055269314953,0.4496059683689834,0
21.248,2.9127028204404084,5.140315797826155,2.5619321858418456,1.3776119349434954,5.997502487327029,0.38463403902090393,0.16514934349160332,0.38471451985399474,0.14933079054846504,1.7582016515158791,0.0703950063732619,0.25820165151587915,0,0,FOLLOWING,1.7582016515158791,0.44960596836898303,0
21.28,2.902392297611864,5.147042437097989,2.5667109448503362,1.363225388162029,5.9968804957082575,0.38462758416043097,0.16515089406798505,0.38470895932916277,0.1493365032092837,1.7581977991704536,0.07039577287995025,0.2581977991704536,0,0,FOLLOWING,1.7581977991704536,0.4496059683689837,0
21.312,2.892049891952725,5.153719626610559,2.57148988558886,1.3488419926615707,5.996189456095438,0.3846211685945094,0.16515236422277565,0.38470344850112326,0.1493421823052616,1.7581939693978306,0.07039650523223528,0.25819396939783057,0,0,FOLLOWING,1.7581939693978306,0.4496059683689837,0
21.344,2.8816758381673724,5.160347214330154,2.576269006978617,1.3344620798349143,5.995429384410091,0.3846147915281577,0.16515375364866064,0.38469798657974297,0.14934782768851806,1.7581901617170612,0.07039720331754085,0.2581901617170612,0,0,FOLLOWING,1.7581901617170612,0.44960596836898375,0
21.376,2.871270371719336,5.16692504932624,2.5810483079363915,1.320085980994616,5.994600298164236,0.3846084521920193,0.16515506207352382,0.3846925727970897,0.1493534392211108,1.7581863756630183,0.07039786703742568,0.2581863756630183,0,0,FOLLOWING,1.7581863756630183,0.4496059683689834,0
21.408,2.860833728825679,5.173452981776036,2.5858277873747832,1.3057140273653565,5.993702216459982,0.38460214984141133,0.16515628926004608,0.38468720640597165,0.1493590167722706,1.75818261078582,0.07039849630743512,0.25818261078582005,0,0,FOLLOWING,1.75818261078582,0.449605968368983,0
21.44,2.85036614645138,5.1799308629690275,2.5906074442023534,1.2913465500763106,5.992735159989093,0.3845958837554612,0.16515743500548594,0.38468188667852793,0.14936456021572828,1.7581788666503095,0.07039909105702558,0.25817886665030954,0,0,FOLLOWING,1.7581788666503095,0.4496059683689834,0
21.472,2.8398678623037292,5.18635854531143,2.595387277323672,1.276983880153522,5.991699151032506,0.3845896532363006,0.1651584991417098,0.3846766129048335,0.14937006942686978,1.7581751428355705,0.07039965122959346,0.2581751428355705,0,0,FOLLOWING,1.7581751428355705,0.4496059683689839,0
21.504,2.8293391148267206,5.192735882330593,2.600167285639291,1.2626263485122695,5.990594213459824,0.38458345760834306,0.165159481535412,0.38467138439152615,0.14937554428000924,1.7581714389344973,0.07040017678257948,0.25817143893449734,0,0,FOLLOWING,1.7581714389344973,0.44960596836898375,0
21.536,2.8187801431954593,5.199062728679365,2.6049474680456126,1.2482742859494464,5.989420372728757,0.3845772962176142,0.1651603820886065,0.38466620046048317,0.14938098464554186,1.7581677545533985,0.07040066768768583,0.25816775455339847,0,0,FOLLOWING,1.7581677545533985,0.44960596836898337,0
21.568,2.808191187310572,5.205338940140397,2.6097278234346795,1.2339280231359395,5.988177655884545,0.3845711684311641,0.16516120073930057,0.38466106044750525,0.14938639038723048,1.7581640893116526,0.07040112393116704,0.2581640893116526,0,0,FOLLOWING,1.7581640893116526,0.44960596836898287,0
21.6,2.7975724877926247,5.211564373630412,2.6145083506938676,1.219587890609008,5.986866091559328,0.38456507363653475,0.16516193746242558,0.3846559637010372,0.14939176135919127,1.7581604428414004,0.07040154551422749,0.2581604428414004,0,0,FOLLOWING,1.7581604428414004,0.4496059683689833,0
21.632,2.786924285976556,5.217738887204432,2.6192890487054785,1.205254218764674,5.985485709971491,0.38455901124129394,0.16516259227102778,0.38465090958083237,0.1493970974029254,1.75815681478728,0.07040193245352365,0.2581568147872799,0,0,FOLLOWING,1.75815681478728,0.4496059683689835,0
21.664,2.776246823906113,5.223862340059955,2.624069916346244,1.1909273378501009,5.984036542924965,0.3845529806726484,0.1651631652176795,0.38464589745669986,0.1494023983442784,1.7581532048062116,0.0704022847817587,0.2581532048062116,0,0,FOLLOWING,1.7581532048062116,0.4496059683689834,0
21.696,2.765540344328307,5.229934592541101,2.6288509524867174,1.1766075779559912,5.9825186238084935,0.38454698137710763,0.16516365639619482,0.3846409267072015,0.14940766399024938,1.7581496125672182,0.07040260254840147,0.25814961256721825,0,0,FOLLOWING,1.7581496125672182,0.4496059683689832,0
21.728,2.7548050906878765,5.235955506142721,2.633632155990563,1.1622952690089796,5.980931987594866,0.3845410128202228,0.1651640659435917,0.3846359967183351,0.14941289412551498,1.7581460377512927,0.07040288582050591,0.25814603775129275,0,0,FOLLOWING,1.7581460377512927,0.44960596836898264,0
21.76,2.7440413071217713,5.241924943514475,2.6384135257137378,1.1479907407640297,5.979276670840113,0.38453507448639235,0.16516439404235841,0.3846311068822601,0.1494180885092473,1.7581424800513097,0.07040313468365733,0.2581424800513097,0,0,FOLLOWING,1.7581424800513097,0.4496059683689835,0
21.792,2.7332492384536478,5.247842768464869,2.6431950605035475,1.1336943227968423,5.977552711682655,0.38452916587872354,0.16516464092303076,0.3846262565959207,0.14942324687108094,1.7581389391719742,0.07040334924304448,0.25813893917197417,0,0,FOLLOWING,1.7581389391719742,0.44960596836898375,0
21.824,2.7224291301883903,5.253708845965274,2.647976759197583,1.1194063444962534,5.97576014984244,0.3845232865190013,0.1651648068670883,0.38462144525967623,0.14942836890739394,1.75813541482984,0.07040352962466433,0.25813541482984004,0,0,FOLLOWING,1.75813541482984,0.4496059683689836,0
21.856,2.7115812285066454,5.259523042153917,2.6527586206225258,1.1051271350566514,5.973899026620009,0.38451743594767435,0.1651648922102168,0.3846166722759701,0.14943345427734273,1.7581319067533412,0.07040367597667707,0.2581319067533412,0,0,FOLLOWING,1.7581319067533412,0.44960596836898287,0
21.888,2.700705780259387,5.26528522433984,2.657540643592809,1.0908570234703894,5.9719693848955595,0.38451161372396714,0.1651648973459133,0.384611937047782,0.149438502598086,1.7581284146829048,0.07040378847090212,0.2581284146829048,0,0,FOLLOWING,1.7581284146829048,0.44960596836898276,0
21.92,2.6898030329625033,5.270995261006842,2.662322826909133,1.0765963385202064,5.969971269127953,0.3845058194260366,0.16516482272950128,0.38460723897722177,0.14944351344051904,1.7581249383710948,0.07040386730448268,0.25812493837109485,0,0,FOLLOWING,1.7581249383710948,0.4496059683689835,0
21.952,2.678873234791417,5.276653021817413,2.667105169356811,1.0623454087716548,5.967904725353688,0.38450005265121645,0.16516466888259887,0.3846025774638983,0.1494484863237633,1.758121477582815,0.07040391270173796,0.2581214775828149,0,0,FOLLOWING,1.758121477582815,0.449605968368984,0
21.984,2.6679166345757315,5.282258377616633,2.671887669703955,1.0481045625655252,5.965769801185841,0.3844943130163542,0.16516443639800235,0.38459795190334606,0.1494534207102732,1.7581180320955712,0.07040392491618475,0.25811803209557116,0,0,FOLLOWING,1.7581180320955712,0.449605968368984,0
22.016000000000002,2.656933481793922,5.287811200436069,2.676670326699464,1.0338741280102834,5.963566545812972,0.384488600158232,0.16516412594508248,0.3845933616852836,0.1494583159997152,1.7581146016997924,0.07040390423277153,0.2581146016997924,0,0,FOLLOWING,1.7581146016997924,0.4496059683689834,0
22.048000000000002,2.645924026568058,5.293311363497665,2.6814531390708236,1.0196544329745123,5.9612950099979845,0.38448291373407,0.16516373827571132,0.3845888061918371,0.14946317152279193,1.7581111861992063,0.07040385097033175,0.25811118619920626,0,0,FOLLOWING,1.7581111861992063,0.449605968368983,0
22.080000000000002,2.634888519658574,5.298758741217619,2.686236105521673,1.0054458050793555,5.958955246076965,0.38447725342214106,0.16516327423077312,0.3845842847956049,0.1494679865343947,1.7581077854112894,0.07040376548427663,0.2581077854112894,0,0,FOLLOWING,1.7581077854112894,0.44960596836898353,0
22.112000000000002,2.623827212459089,5.304153209210259,2.6910192247291507,0.9912485716909732,5.956547307957971,0.3844716189224796,0.16516273474728177,0.3845797968576472,0.14947276020634317,1.7581043991677816,0.07040364816953781,0.2581043991677816,0,0,FOLLOWING,1.7581043991677816,0.4496059683689834,0
22.144000000000002,2.6127403569912793,5.309494644291919,2.695802495340977,0.9770630599129939,5.954071251119789,0.3844660099577147,0.1651621208662005,0.38457534172531693,0.14947749161930515,1.7581010273152835,0.07040349946380164,0.2581010273152835,0,0,FOLLOWING,1.7581010273152835,0.4496059683689834,0
22.176000000000002,2.601628205899811,5.314782924484825,2.70058591597226,0.962889596578981,5.951527132610661,0.3844604262740058,0.16516143374097958,0.3845709187299452,0.1494821797541352,1.758097669715925,0.07040331985103654,0.25809766971592496,0,0,FOLLOWING,1.758097669715925,0.44960596836898326,0
22.208000000000002,2.590491012447336,5.320017929020978,2.7053694852019987,0.9487285082449028,5.948915011046963,0.3844548676421124,0.1651606746469021,0.3845665271843717,0.14948682348245773,1.7580943262481232,0.07040310986535703,0.25809432624812323,0,0,FOLLOWING,1.7580943262481232,0.44960596836898264,0
22.240000000000002,2.5793290305095686,5.325199538346066,2.7101532015692595,0.934580121181607,5.946234946611861,0.3844493338586108,0.16515984499130515,0.38456216638026697,0.1494914215563233,1.7580909968074414,0.0704028700952457,0.2580909968074414,0,0,FOLLOWING,1.7580909968074414,0.4496059683689834,0
22.272000000000002,2.568142514570432,5.330327634123377,2.714937063568979,0.9204447613673081,5.943487001053921,0.3844438247472306,0.16515894632477393,0.3845578355852359,0.14949597259670927,1.75808768130753,0.07040260118817843,0.2580876813075299,0,0,FOLLOWING,1.75808768130753,0.44960596836898337,0
22.304000000000002,2.5569317197173014,5.335402099237755,2.7197210696473935,0.9063227544800697,5.940671237685686,0.38443834016038764,0.16515798035333537,0.3845535340397356,0.14950047508167316,1.7580843796811987,0.07040230385566204,0.2580843796811987,0,0,FOLLOWING,1.7580843796811987,0.4496059683689831,0
22.336000000000002,2.5456969016363438,5.340422817799563,2.724505218197011,0.8922144258903056,5.9377877213822225,0.38443287998086123,0.1651569489518562,0.3845492609536443,0.14950492733225762,1.758081091881591,0.07040197887876687,0.258081091881591,0,0,FOLLOWING,1.758081091881591,0.4496059683689828,0
22.368000000000002,2.534438316607965,5.345389675148705,2.729289507551132,0.8781201006532826,5.9348365185796155,0.3844274441236627,0.16515585417863832,0.38454501550264975,0.149509327498173,1.7580778178834877,0.0704016271141561,0.2580778178834877,0,0,FOLLOWING,1.7580778178834877,0.4496059683689826,0
22.400000000000002,2.523156221502379,5.350302557858668,2.734073935977828,0.8640401035016293,5.9318176972734475,0.38442203253812596,0.16515469829142662,0.384540796824149,0.14951367354103928,1.758074557684761,0.07040124950069604,0.25807455768476095,0,0,FOLLOWING,1.758074557684761,0.4496059683689834,0
22.432000000000002,2.511850873775306,5.355161353740631,2.738858501673363,0.8499747588378598,5.928731327017229,0.38441664521018887,0.16515348376490932,0.384536604012985,0.14951796321678112,1.758071311307962,0.07040084706668237,0.258071311307962,0,0,FOLLOWING,1.758071311307962,0.4496059683689838,0
22.464000000000002,2.500522531463824,5.359965951847625,2.7436432027549764,0.8359243907268917,5.925577478920795,0.38441128216495374,0.16515221330987906,0.3845324361166018,0.1495221940559869,1.7580680788020973,0.07040042093775378,0.25806807880209726,0,0,FOLLOWING,1.7580680788020973,0.44960596836898364,0
22.496000000000002,2.489171453182378,5.364716242478753,2.748428037252977,0.8218893228885846,5.922356225648663,0.38440594346948004,0.16515088989422724,0.384528292129814,0.1495263633419225,1.7580648602445668,0.07039997234555839,0.25806486024456676,0,0,FOLLOWING,1.7580648602445668,0.4496059683689834,0
22.528,2.4777978981189714,5.369412117183499,2.753213003102058,0.8078698786902808,5.919067641418368,0.38440062923589713,0.1651495167659497,0.3845241709890561,0.14953046808669646,1.7580616557433184,0.0703995026372537,0.2580616557433184,0,0,FOLLOWING,1.7580616557433184,0.44960596836898437,0
22.56,2.466402126031555,5.374053468766114,2.7579980981317807,0.7938663811393556,5.915711801998746,0.38439533962480704,0.16514809747837314,0.38452007156610263,0.14953450500487656,1.7580584654392062,0.0703990132859218,0.2580584654392062,0,0,FOLLOWING,1.7580584654392062,0.4496059683689838,0
22.592,2.4549843972446395,5.378640191290106,2.7627833200561223,0.7798791528757694,5.912288784708186,0.3843900748490677,0.16514663591781878,0.3845159926611016,0.1495384704843974,1.7580552895086055,0.07039850590199004,0.25805528950860546,0,0,FOLLOWING,1.7580552895086055,0.4496059683689842,0
22.624,2.443544972646151,5.383172180082836,2.7675686664619676,0.7659085161646464,5.908798668412857,0.3843848351779292,0.16514513633400935,0.38451193299486486,0.1495423605536977,1.7580521281662749,0.07039798224578453,0.2580521281662749,0,0,FOLLOWING,1.7580521281662749,0.4496059683689842,0
22.656,2.432084113684559,5.387649331740241,2.7723541347964864,0.751954792888837,5.905241533524883,0.3843796209416329,0.1651436033734327,0.3845078912004814,0.1495461708465531,1.7580489816685332,0.07039744424130401,0.2580489816685332,0,0,FOLLOWING,1.7580489816685332,0.4496059683689839,0
22.688,2.4206020823663095,5.392071544131707,2.777139722353205,0.7380183045415085,5.901617462000496,0.38437443253645487,0.1651420421160841,0.38450386581386653,0.14954989656162282,1.7580458503167447,0.07039689399138771,0.25804585031674465,0,0,FOLLOWING,1.7580458503167447,0.4496059683689834,0
22.72,2.4090991412535887,5.396438716405082,2.781925426256687,0.7240993722187357,5.897926537338143,0.3843692704302778,0.16514045811584963,0.3844998552634862,0.14955353241882088,1.7580427344611673,0.07039633379438692,0.2580427344611673,0,0,FOLLOWING,1.7580427344611673,0.4496059683689833,0
22.752,2.39757555346246,5.400750748991883,2.786711243445643,0.7101983166121023,5.894168844576564,0.38436413516873563,0.1651388574449856,0.3844958578588513,0.1495570726101552,1.7580396345051956,0.07039576616252674,0.2580396345051956,0,0,FOLLOWING,1.7580396345051956,0.44960596836898387,0
22.784,2.386031582661424,5.405007543612694,2.791497170654271,0.6963154580013172,5.890344470292835,0.38435902738200106,0.16513724674319974,0.3844918717776662,0.14956051074458798,1.758036550910047,0.07039519384216719,0.25803655091004707,0,0,FOLLOWING,1.758036550910047,0.449605968368984,0
22.816,2.3744674930704335,5.409209003282785,2.7962832043916714,0.6824511162468274,5.88645350260037,0.3843539477922854,0.16513563327174555,0.38448789505176584,0.1495638397878184,1.7580334841999383,0.0703946198361338,0.2580334841999383,0,0,FOLLOWING,1.7580334841999383,0.4496059683689838,0
22.848,2.3628835494604243,5.413355032317983,2.8010693409190828,0.6686056107824534,5.882496031146891,0.3843488972221115,0.16513402497317525,0.38448392555128075,0.14956705199405318,1.7580304349677964,0.07039404742838462,0.25803043496779643,0,0,FOLLOWING,1.7580304349677964,0.4496059683689837,0
22.88,2.351280017153433,5.4174455363408205,2.8058555762246744,0.654779260608029,5.878472147112369,0.38434387660348257,0.16513243053743154,0.3844799609669622,0.14957013882987713,1.758027403881586,0.0703934802112931,0.25802740388158596,0,0,FOLLOWING,1.758027403881586,0.44960596836898337,0
22.912,2.3396571620233457,5.421480422286986,2.81064190599564,0.640972384282049,5.87438194320691,0.38433888698801477,0.16513085947493877,0.38447599879060185,0.14957309088971002,1.758024391691304,0.07039292211581971,0.2580243916913041,0,0,FOLLOWING,1.758024391691304,0.44960596836898387,0
22.944,2.3280152504973777,5.4254595984121305,2.815428325587234,0.6271852999143358,5.870225513668633,0.3843339295581656,0.16512932219760185,0.38447203629299176,0.1495758978004653,1.758021399236729,0.07039237744494997,0.25802139923672907,0,0,FOLLOWING,1.758021399236729,0.4496059683689839,0
22.976,2.3163545495583566,5.429382974299058,2.820214829988405,0.613418325158702,5.866002954261491,0.3843290056396972,0.16512783010862167,0.38446807049930326,0.14957854811492508,1.7580184274560227,0.07039185091076927,0.25801842745602266,0,0,FOLLOWING,1.7580184274560227,0.44960596836898403,0
23.008,2.304675326747913,5.43325046086534,2.8250014137835824,0.5996717772056372,5.861714362273067,0.3843241167154839,0.1651263957022289,0.3844640981614822,0.1495810291918427,1.7580154773952619,0.07039134767563437,0.25801547739526187,0,0,FOLLOWING,1.7580154773952619,0.44960596836898364,0
23.04,2.2929778501706917,5.437061970371423,2.82978807111016,0.5859459727749978,5.857359836512328,0.3843192644408762,0.16512503267453799,0.38446011572724903,0.1495833270612693,1.7580125502190436,0.07039087339793415,0.25801255021904357,0,0,FOLLOWING,1.7580125502190436,0.44960596836898326,0
23.072,2.2812623884996994,5.440817416429272,2.83457479561112,0.5722412281087097,5.852939477307355,0.3843144506607661,0.16512375604692606,0.3844561193052174,0.14958542627277616,1.758009647222268,0.07039043428302083,0.25800964722226793,0,0,FOLLOWING,1.758009647222268,0.44960596836898364,0
23.104,2.2695292109829515,5.444516714011618,2.8393615803821772,0.5585578589634861,5.8484533865030315,0.38430967742860006,0.16512258230350302,0.38445210462561275,0.14958730972408676,1.7580067698432655,0.07039003713995884,0.25800676984326554,0,0,FOLLOWING,1.7580067698432655,0.44960596836898364,0
23.136,2.2577785874515715,5.448159779461877,2.8441484179127188,0.5448961806035457,5.843901667458688,0.3843049470275862,0.1651215295445731,0.384448066995897,0.1495889584674441,1.758003919678442,0.07038968944487589,0.25800391967844205,0,0,FOLLOWING,1.758003919678442,0.4496059683689833,0
23.168,2.2460107883295293,5.451746530504837,2.848935300019745,0.5312565077933535,5.839284425045732,0.38430026199434364,0.1651206176580479,0.384444001250704,0.1495903514905915,1.7580010984986123,0.07038939941172107,0.2580010984986123,0,0,FOLLOWING,1.7580010984986123,0.44960596836898287,0
23.2,2.2342260846452437,5.455276886258192,2.8537222177738664,0.5176391547903676,5.834601765645223,0.3842956251453464,0.16511986851126378,0.38443990169513137,0.14959146546870442,1.7579983082672677,0.07038917607145301,0.25799830826726766,0,0,FOLLOWING,1.7579983082672677,0.44960596836898253,0
23.232,2.2224247480452886,5.458750767245024,2.8585091614162774,0.5040444353377977,5.829853797145428,0.38429103960652045,0.16511930616593123,0.3844357620404761,0.14959227448240447,1.7579955511610244,0.0703890293607703,0.25799555116102435,0,0,FOLLOWING,1.7579955511610244,0.44960596836898303,0
23.264,2.2106070508104945,5.462168095407371,2.863296120265457,0.490472662657381,5.8250406289393295,0.3842865088464073,0.1651189571193847,0.3844315753310692,0.1495927496966699,1.7579928295925409,0.07038897022170465,0.2579928295925409,0,0,FOLLOWING,1.7579928295925409,0.44960596836898337,0
23.296,2.198773265874771,5.465528794120996,2.868083082612192,0.47692414944215855,5.820162371922112,0.38428203671341027,0.16511885057571657,0.3844273338612811,0.1495928589959096,1.7579901462362606,0.07038901071354875,0.2579901462362606,0,0,FOLLOWING,1.7579901462362606,0.4496059683689832,0
23.328,2.186923666847023,5.4688327882115155,2.87287003560124,0.463399207849275,5.815219138488599,0.38427762747763944,0.16511901875104348,0.3844230290807241,0.14959256656654238,1.7579875040573407,0.07038916413887542,0.2579875040573407,0,0,FOLLOWING,1.7579875040573407,0.44960596836898303,0
23.36,2.1750585280366166,5.472080003972074,2.8776569650977044,0.44989814949278717,5.810211042530672,0.3842732858780576,0.16511949721779812,0.384418651485879,0.1495918324191095,1.757984906344251,0.07038944518566703,0.257984906344251,0,0,FOLLOWING,1.757984906344251,0.44960596836898276,0
23.392,2.163178124482881,5.47527036918275,2.8824438555359273,0.4364212854364804,5.80513819943464,0.3842690171756412,0.16512032529360968,0.38441419049636477,0.1495906118421088,1.757982356745541,0.07038987008785515,0.25798235674554104,0,0,FOLLOWING,1.757982356745541,0.4496059683689834,0
23.424,2.151282731989255,5.478403813131924,2.887230689748264,0.4229689261867091,5.800000726078583,0.3842648272134444,0.16512154648141358,0.3844096343127402,0.14958885477310094,1.757979859311392,0.07039045680700529,0.257979859311392,0,0,FOLLOWING,1.757979859311392,0.44960596836898375,0
23.456,2.1393726271627567,5.481480266639882,2.892017448770714,0.40954138168523446,5.79479874082966,0.38426072248460513,0.16512320896847005,0.38440496975320027,0.14958650507570614,1.7579774185406725,0.07039122523832386,0.25797741854067247,0,0,FOLLOWING,1.7579774185406725,0.4496059683689841,0
23.488,2.127448087459586,5.484499662084952,2.896804111621853,0.39613896130208714,5.789532363541381,0.3842567102094507,0.16512536619322898,0.38440018206541576,0.14958349970507237,1.7579750394343059,0.07039219744467484,0.2579750394343059,0,0,FOLLOWING,1.7579750394343059,0.44960596836898387,0
23.52,2.115509391237799,5.487461933432509,2.901590655050916,0.38276197382844,5.7842017155508465,0.38425279842312066,0.1651280774905391,0.3843952547094192,0.14957976774381554,1.7579727275559316,0.07039339792293653,0.2579727275559316,0,0,FOLLOWING,1.7579727275559316,0.4496059683689837,0
23.552,2.1035568178181565,5.49036701626727,2.9063770532500945,0.369410727469492,5.778806919675949,0.3842489960753257,0.16513140882761096,0.38439016910625784,0.14957522928398104,1.7579704891009877,0.0703948539078274,0.25797048910098774,0,0,FOLLOWING,1.7579704891009877,0.44960596836898414,0
23.584,2.0915906475544532,5.493214847829338,2.9111632775253025,0.3560855298373704,5.773348100212548,0.38424531314417065,0.16513543364522873,0.38438490434652073,0.14956979412881194,1.7579683309755556,0.07039659571918078,0.2579683309755556,0,0,FOLLOWING,1.7579683309755556,0.4496059683689843,0
23.616,2.0796111619148574,5.496005367054526,2.9159492959185376,0.34278668794403844,5.767825382931602,0.3842417607663181,0.16514023382146054,0.384379436851327,0.14956336028034029,1.7579662608865467,0.07039865715978966,0.2579662608865467,0,0,FOLLOWING,1.7579662608865467,0.44960596836898437,0
23.648,2.067618643576079,5.498738514619606,2.920735072773749,0.329514508194225,5.762238895076274,0.38423835138614937,0.16514590077823618,0.3843737399771926,0.14955581217393005,1.7579642874450867,0.07040107597223244,0.2579642874450867,0,0,FOLLOWING,1.7579642874450867,0.4496059683689834,0
23.68,2.055613376532527,5.501414232993213,2.925520568236552,0.3162692963783642,5.756588765358995,0.3842350989271287,0.16515253675499608,0.38436778355404394,0.14954701861085196,1.757962420285322,0.07040389436466965,0.2579624202853219,0,0,FOLLOWING,1.757962420285322,0.44960596836898303,0
23.712,2.043595646223012,5.504032466493251,2.930305737676271,0.30305135766554914,5.7508751239585045,0.38423201898913456,0.165160256278324,0.38436153334370454,0.14953683033118917,1.757960670201274,0.07040715961754662,0.257960670201274,0,0,FOLLOWING,1.757960670201274,0.44960596836898326,0
23.744,2.0315657396780815,5.506593161351832,2.9350905310165105,0.2898609965965053,5.745098102516847,0.3842291290762927,0.16516918786216314,0.38435495040315526,0.14952507715524055,1.7579590493048998,0.07041092478548538,0.25795904930489977,0,0,FOLLOWING,1.7579590493048998,0.4496059683689838,0
23.776,2.0195239456916507,5.509096265788915,2.9398748919577167,0.2766985170765677,5.739257834136343,0.38422644886072504,0.1651794759799707,0.3843479903338923,0.1495115646081676,1.7579575712091278,0.0704152495114383,0.25795757120912777,0,0,FOLLOWING,1.7579575712091278,0.4496059683689833,0
23.808,2.0074705550213503,5.51154173009606,2.9446587570717506,0.2635642223686816,5.733354453376517,0.384224000488693,0.16519128335884917,0.3843406023939494,0.14949606992043804,1.7579562512403921,0.07042020097375444,0.2579562512403921,0,0,FOLLOWING,1.7579562512403921,0.44960596836898287,0
23.84,1.9954058606229494,5.513929506731946,2.9494420547443165,0.250458415086416,5.727388096250999,0.38422180893701796,0.16520479365595364,0.38433272844404043,0.14947833727317822,1.7579551066861567,0.07042585499105414,0.25795510668615673,0,0,FOLLOWING,1.7579551066861567,0.4496059683689827,0
23.872,1.9833301579252915,5.51625955043164,2.954224703935977,0.23738139718699003,5.721358900224394,0.384219902429233,0.16522021459031974,0.3843243016931409,0.14945807212907478,1.7579541570840298,0.07043229731509948,0.2579541570840298,0,0,FOLLOWING,1.7579541570840298,0.44960596836898337,0
23.904,1.9712437451536333,5.518531818331946,2.959006612725989,0.22433346996432002,5.715267004209112,0.3842183129230268,0.16523778161930025,0.38431524519928884,0.14943493444534384,1.7579534245605386,0.07043962514847335,0.2579534245605386,0,0,FOLLOWING,1.7579534245605386,0.44960596836898364,0
23.936,1.9591469237109689,5.520746270115668,2.963787676595309,0.21131493404207058,5.709112548562169,0.3842170766830566,0.16525776226842048,0.3843054700722477,0.14940853052290445,1.7579529342293907,0.07044794893198025,0.2579529342293907,0,0,FOLLOWING,1.7579529342293907,0.44960596836898337,0
23.968,1.9470399986291143,5.522902868178156,2.9685677763950857,0.19832608936673357,5.702895675081948,0.38421623495632146,0.16528046124835902,0.38429487331001366,0.14937840317765125,1.7579527146612401,0.07045739445695264,0.25795271466124015,0,0,FOLLOWING,1.7579527146612401,0.44960596836898314,0
24.0,1.9349232791040347,5.525001577820195,2.973346775934417,0.18536723520071585,5.696616527004941,0.38421583477133175,0.16530622652378807,0.3842833351845161,0.14934401984249848,1.7579527984397973,0.07046810537044611,0.25795279843979735,0,0,FOLLOWING,1.7579527984397973,0.44960596836898276,0
24.032,1.9227970791333144,5.52704236747219,2.9781245191054264,0.17243867011544367,5.6902752490024415,0.38421592988720804,0.1653354565378551,0.3842707160702564,0.1493047581084699,1.7579532228225645,0.07048024615743076,0.2579532228225645,0,0,FOLLOWING,1.7579532228225645,0.4496059683689824,0
24.064,1.9106617182780152,5.529025208955599,2.9829008264434957,0.15954069198448417,5.683871987177214,0.3842165819252063,0.16536860884600518,0.3842568525798963,0.14925988807326465,1.7579540305289338,0.07049400570466702,0.25795403052893384,0,0,FOLLOWING,1.7579540305289338,0.449605968368983,0
24.096,1.8985175225766566,5.530950077788955,2.987675490995152,0.14667359797668467,5.677406889060127,0.3842178617231119,0.16540621047565296,0.3842415528360745,0.1492085507053588,1.7579552706839705,0.07050960157687758,0.2579552706839705,0,0,FOLLOWING,1.7579552706839705,0.4496059683689832,0
24.128,1.8863646044288869,5.532816952854732,2.9924494120937353,0.1338376845493212,5.670880103606757,0.3842195416013589,0.1654460902464814,0.3842314277224917,0.14918531766427648,1.7579567794738682,0.07052613613318748,0.2579567794738682,0,0,FOLLOWING,1.7579567794738682,0.44960596836898314,0
24.16,1.8742028759486704,5.534625801479053,2.9972244353313577,0.1210332474412712,5.664291781193951,0.3842211110324661,0.16548375259858972,0.3842326177457341,0.14921975970491286,1.757958194217427,0.07054175155551468,0.25795819421742694,0,0,FOLLOWING,1.757958194217427,0.44960596836898287,0
24.192,1.862032597390463,5.536376567328469,3.0020005007116914,0.10826058166619879,5.657642073616365,0.3842225437975701,0.16551931958635654,0.3842342520614088,0.1492523268500016,1.7579595007146236,0.07055649905843087,0.2579595007146236,0,0,FOLLOWING,1.7579595007146236,0.44960596836898303,0
24.224,1.8498540472732354,5.538069194642451,3.006777549137598,0.09551998150575791,5.650931134082969,0.3842238433166212,0.16555291342443607,0.38423578524914653,0.1492830471991742,1.7579607025432973,0.0705704293593774,0.2579607025432973,0,0,FOLLOWING,1.7579607025432973,0.44960596836898364,0
24.256,1.8376675061660173,5.53970363013292,3.011555524325813,0.08281174050281437,5.644159117213512,0.38422501560993466,0.16558465133288439,0.38423717206241353,0.14931200868638392,1.757961804779225,0.07058359104994062,0.2579618047792249,0,0,FOLLOWING,1.757961804779225,0.44960596836898387,0
24.288,1.8254732550548747,5.541279823075338,3.016334372883657,0.07013615145467789,5.637326179034963,0.3842260666384273,0.16561464517826646,0.3842384163628708,0.1493393016429849,1.7579628123963973,0.07059603049737806,0.2579628123963973,0,0,FOLLOWING,1.7579628123963973,0.4496059683689843,0
24.32,1.813271575162146,5.54279772519539,3.0211140443260067,0.05749350640635931,5.6304324769779175,0.3842270020758186,0.16564300125277143,0.38423952618755874,0.1493650169305174,1.7579637301274975,0.07060779175736265,0.2579637301274975,0,0,FOLLOWING,1.7579637301274975,0.4496059683689839,0
24.352,1.8010627479117145,5.544257290544088,3.0258944910450984,0.04488409664384152,5.623478169872962,0.38422782731646876,0.16566982017695175,0.38424050935141624,0.14938924446704172,1.7579645624672544,0.0706189165336002,0.2579645624672544,0,0,FOLLOWING,1.7579645624672544,0.4496059683689839,0
24.384,1.788847054909752,5.545658475383375,3.030675668242726,0.03230821268736617,5.616463417947028,0.3842285474999991,0.1656951969094042,0.3842413731032408,0.14941207205167084,1.7579653136872189,0.07062944418153805,0.25796531368721887,0,0,FOLLOWING,1.7579653136872189,0.44960596836898475,0
24.416,1.7766247779283744,5.5470012380851115,3.0354575338339305,0.019766144284745657,5.60938838281969,0.38422916753263203,0.16571922084339186,0.3842421241639385,0.14943358447385938,1.7579659878496772,0.07063941174823452,0.25796598784967717,0,0,FOLLOWING,1.7579659878496772,0.4496059683689845,0
24.448,1.7643961988911498,5.548285539043544,3.040240048330492,0.00725818040468007,5.60225322749944,0.3842296921046926,0.16574197597036114,0.38424276878544306,0.14945386288217002,1.7579665888201148,0.07064885404007404,0.2579665888201148,0,0,FOLLOWING,1.7579665888201148,0.4496059683689845,0
24.48,1.752161599860313,5.549511340600463,3.0450231747114103,-0.005215390769895967,5.5950581163799455,0.3842301257051628,0.16576354109199484,0.38424331279995355,0.14947298437764636,1.7579671202785325,0.07065780371068842,0.2579671202785325,0,0,FOLLOWING,1.7579671202785325,0.4496059683689839,0
24.512,1.7399212630254985,5.550678606981829,3.0498068782863474,-0.017654281848454856,5.587803215236246,0.38423047263409926,0.16578399006484487,0.38424376166053903,0.14949102179390536,1.7579675857299013,0.07066629136243607,0.2579675857299013,0,0,FOLLOWING,1.7579675857299013,0.44960596836898337,0
24.544,1.7276754706937314,5.551787304244467,3.0545911265567964,-0.030058206239496954,5.580488691220943,0.3842307370134293,0.1658033920640742,0.38424412047574347,0.1495080436260248,1.7579679885138924,0.07067434565584163,0.25796798851389235,0,0,FOLLOWING,1.7579679885138924,0.4496059683689841,0
24.576,1.7154245052804078,5.552837400231373,3.059375889078607,-0.04242687815715085,5.573114712860347,0.38423092279649185,0.16582181185562622,0.3842443940400613,0.14952411407302596,1.7579683318139698,0.07068199342254644,0.25796833181396983,0,0,FOLLOWING,1.7579683318139698,0.449605968368984,0
24.608,1.7031686493010076,5.553828864534207,3.0641611373285222,-0.05476001262776409,5.565681450050594,0.3842310337766015,0.165839310068482,0.38424458686130963,0.1495392931631755,1.7579686186659034,0.07068925977830798,0.25796861866590337,0,0,FOLLOWING,1.7579686186659034,0.44960596836898337,0
24.64,1.6909081853633239,5.554761668461705,3.0689468445765358,-0.06705732549646437,5.558189074053727,0.3842310735947623,0.16585594346088328,0.3842447031855148,0.14955363693586887,1.757968851965702,0.07069616823349678,0.25796885196570196,0,0,FOLLOWING,1.757968851965702,0.44960596836898314,0
24.672,1.6786433961600322,5.555635785012844,3.073732985765195,-0.07931853343370632,5.550637757493762,0.38423104574668754,0.1658717651762406,0.3842447470195858,0.1495671976586863,1.7579690344770076,0.07070274079931885,0.2579690344770076,0,0,FOLLOWING,1.7579690344770076,0.4496059683689827,0
24.704,1.6663745644614756,5.556451188853816,3.078519537396444,-0.09154335394180313,5.543027674352695,0.3842309535892291,0.16588682498603013,0.3842447221519116,0.14958002406308668,1.7579691688379744,0.07070899808863308,0.2579691688379744,0,0,FOLLOWING,1.7579691688379744,0.44960596836898303,0
24.736,1.654101973007238,5.557207908792634,3.0833062868014913,-0.1037315053614285,5.5353589999665065,0.38423079012929356,0.16590169985455422,0.3842447308959765,0.14958620452814667,1.757969258118747,0.07071517989476764,0.25796925811874694,0,0,FOLLOWING,1.757969258118747,0.4496059683689835,0
24.768,1.6418259052014608,5.5579058681482945,3.0880934377428684,-0.11588270687811475,5.527631911021116,0.3842305718896597,0.16591581892377505,0.38424455554292053,0.14959875261032896,1.7579693050388696,0.07072104878340493,0.2579693050388696,0,0,FOLLOWING,1.7579693050388696,0.4496059683689838,0
24.8,1.6295466439809079,5.558545045892749,3.0928809648849818,-0.12799667852871544,5.51984658554831,0.3842303014498081,0.1659292365640851,0.38424432228381783,0.14961050895100722,1.7579693118286213,0.07072662729187076,0.25796931182862126,0,0,FOLLOWING,1.7579693118286213,0.44960596836898337,0
24.832,1.617264472231238,5.559125423700916,3.0976688449989886,-0.14007314120786063,5.51200320292164,0.3842299811491098,0.16594200388097216,0.38424403901587023,0.14962153938613984,1.757969280533365,0.07073193660559542,0.2579692805333651,0,0,FOLLOWING,1.757969280533365,0.4496059683689827,0
24.864,1.6049796728917165,5.5596469847604135,3.1024570569005654,-0.15211181667438467,5.5041019438523,0.3842296132940098,0.16595416724410683,0.38424370801145963,0.14963190780733818,1.7579692131192468,0.07073699594324204,0.2579692131192468,0,0,FOLLOWING,1.7579692131192468,0.4496059683689833,0
24.896,1.5926925289590397,5.560109713740439,3.107245581198352,-0.16411242755773547,5.496142990384946,0.38422920016751705,0.16596576885119144,0.38424333110444187,0.14964167024501102,1.757969111485963,0.07074182279077348,0.257969111485963,0,0,FOLLOWING,1.757969111485963,0.4496059683689833,0
24.928,1.5804033234773027,5.56051359679789,3.1120344000821976,-0.17607469736437054,5.488126525893516,0.3842287440176282,0.16597684724642056,0.3842429101711495,0.14965087611227954,1.757968977466325,0.07074643311705689,0.25796897746632497,0,0,FOLLOWING,1.757968977466325,0.44960596836898326,0
24.96,1.5681123395273446,5.560858621581294,3.1168234971448046,-0.18799835048412206,5.4800527350769945,0.3842282470465703,0.16598743775571123,0.3842424471431338,0.14965956924851465,1.7579688128252717,0.0707508415548779,0.25796881282527173,0,0,FOLLOWING,1.7579688128252717,0.44960596836898276,0
24.992,1.5558198602168034,5.561144777231987,3.121612857230567,-0.1998831121965503,5.471921803955167,0.3842277114026558,0.16599757285293473,0.38424194398049855,0.1496677887693433,1.7579686192595823,0.0707550615532411,0.25796861925958225,0,0,FOLLOWING,1.7579686192595823,0.44960596836898337,0
25.024,1.5435261686708919,5.561372054383209,3.1264024663066468,-0.21172870867727211,5.463733919864326,0.384227139174388,0.16600728246991836,0.384241402647643,0.14967556976145055,1.7579683983982322,0.07075910550626598,0.25796839839823216,0,0,FOLLOWING,1.7579683983982322,0.44960596836898414,0
25.056,1.5312315480237932,5.561540445157685,3.131192311352292,-0.22353486700426606,5.45548927145296,0.38422653238638016,0.16601659426062437,0.3842408250942408,0.1496829438527153,1.757968151803262,0.07076298486301381,0.25796815180326194,0,0,FOLLOWING,1.757968151803262,0.4496059683689845,0
25.088,1.51893628141057,5.5616499431641175,3.1359823802632047,-0.23530131516416786,5.447188048677401,0.3842258929967152,0.1660255338276547,0.38424021324083296,0.14968993968250843,1.7579678809710377,0.0707667102216354,0.25796788097103773,0,0,FOLLOWING,1.7579678809710377,0.4496059683689857,0
25.12,1.5066406519594997,5.561700543492918,3.1407726617683864,-0.24702778205853249,5.4388304427974585,0.384225222895412,0.16603412491777153,0.38423956896804834,0.1496965832915719,1.7579675873337852,0.07077029141062521,0.2579675873337852,0,0,FOLLOWING,1.7579675873337852,0.4496059683689859,0
25.152,1.494344942786878,5.561692198101571,-3.137622162169272,-0.2587139975100812,5.430416646371999,0.384224519618992,0.16604232930997065,0.384238899578172,0.14970288760144362,1.7579672689322179,0.07077371260140453,0.2579672689322179,0,0,FOLLOWING,1.7579672689322179,0.4496059683689849,0
25.184,1.4820494370324682,5.5616249453620545,-3.132831475025868,-0.2703596922689284,5.42194685325452,0.3842237887189364,0.16605019398481288,0.38423820217129867,0.14970925956050066,1.7579669296871543,0.07077699320360331,0.2579669296871543,0,0,FOLLOWING,1.7579669296871543,0.4496059683689852,0
25.216,1.4697544176629316,5.561498786213983,-3.1280405731039935,-0.28196459801877927,5.413421258588681,0.38422303278733644,0.1660576918049029,0.3842374813439761,0.14971597142702997,1.7579665708108685,0.07078012189655736,0.2579665708108685,0,0,FOLLOWING,1.7579665708108685,0.44960596836898536,0
25.248,1.4574601675961716,5.561313731060792,-3.123249427537278,-0.29352844738312056,5.404840058803806,0.38422225620824096,0.16606476345314608,0.38423673394137225,0.149723585372187,1.7579661941848272,0.07078307395922767,0.25796619418482725,0,0,FOLLOWING,1.7579661941848272,0.4496059683689851,0
25.28,1.4451669696335239,5.561069774526763,-3.1184580082303475,-0.3050509739313736,5.39620345161036,0.38422146131051793,0.16607132317533965,0.3842359721073217,0.14973213980295555,1.7579658001248244,0.07078581372848358,0.2579658001248244,0,0,FOLLOWING,1.7579658001248244,0.44960596836898453,0
25.312,1.43287510653,5.560766918799978,-3.1136662904227843,-0.3165319121850372,5.387511635995388,0.38422065064603295,0.1660773065438082,0.3842351954633617,0.14974146800123753,1.7579653893490432,0.07078831439540823,0.25796538934904323,0,0,FOLLOWING,1.7579653893490432,0.44960596836898425,0
25.344,1.420584861011589,5.560405167274746,-3.1088742508711267,-0.32797099762380255,5.378764812217938,0.38421982655681564,0.16608265256598406,0.3842344056937628,0.1497515225619506,1.7579649624930853,0.07079055058192996,0.2579649624930853,0,0,FOLLOWING,1.7579649624930853,0.44960596836898487,0
25.376,1.4082965157746168,5.559984524440483,-3.10408186794085,-0.33936796669164515,5.369963181804444,0.38421899115732344,0.16608730375475705,0.38423360452017086,0.14976225320546702,1.757964520100241,0.07079249837034984,0.25796452010024096,0,0,FOLLOWING,1.757964520100241,0.44960596836898525,0
25.408,1.396010354777111,5.559503945627324,-3.0992892828810077,-0.35072255680290265,5.36110694754408,0.38421797287318654,0.16609015716116657,0.3842341427179391,0.14976856978459693,1.7579639453769338,0.07079370288576703,0.2579639453769338,0,0,FOLLOWING,1.7579639453769338,0.4496059683689854,0
25.44,1.383726664015564,5.558964591319274,-3.0944965801154813,-0.36203450634832146,5.352196313484094,0.3842169418230034,0.16609298856100393,0.3842331828210074,0.14977224811512826,1.7579633627209668,0.07079489850193399,0.25796336272096676,0,0,FOLLOWING,1.7579633627209668,0.44960596836898475,0
25.472,1.371445727416271,5.558366675115933,-3.089703768755125,-0.37330355470108456,5.343231484925099,0.38421593887228306,0.16609609448896182,0.3842318122593813,0.1497756417235942,1.757962800376468,0.07079620761466288,0.257962800376468,0,0,FOLLOWING,1.757962800376468,0.4496059683689836,0
25.504,1.3591678268046337,5.557710152593004,-3.084910840442309,-0.38452944222281715,5.334212668416345,0.38421496123560117,0.16609937472973674,0.38423046291943075,0.14977929650788985,1.757962255410248,0.07079758865055741,0.2579622554102481,0,0,FOLLOWING,1.757962255410248,0.449605968368984,0
25.536,1.3468932435103997,5.55699498655884,-3.080117789658385,-0.3957119102695654,5.3251400717509725,0.3842140045448793,0.1661027440364846,0.38422916253485356,0.1497831237511477,1.75796172412856,0.07079900628368607,0.2579617241285601,0,0,FOLLOWING,1.75796172412856,0.44960596836898387,0
25.568,1.3346222588831929,5.556221259643645,-3.075324422960526,-0.40685070119776134,5.316013903961202,0.38421309601268616,0.1661058270320651,0.38422768636566107,0.14979299611642696,1.757961218120887,0.07080030407926463,0.257961218120887,0,0,FOLLOWING,1.757961218120887,0.4496059683689838,0
25.6,1.3223551539178346,5.555388696950037,-3.0705309271614514,-0.41794555837015435,5.306834375313537,0.3842121709602225,0.16610867285977055,0.38422680994670877,0.14979703055079135,1.757960699217779,0.07080150367609761,0.257960699217779,0,0,FOLLOWING,1.757960699217779,0.4496059683689836,0
25.632,1.3100922104345074,5.554497338515151,-3.065737299718888,-0.4289962261617264,5.297601697303913,0.3842112339222549,0.16611130368174978,0.38422589256147105,0.14980114443376155,1.757960170417995,0.07080261419372658,0.257960170417995,0,0,FOLLOWING,1.757960170417995,0.44960596836898303,0
25.664,1.2978337106739055,5.55354720481642,-3.0609435463209813,-0.44000244996558124,5.28831608265282,0.3842102858652507,0.16611373281899905,0.3842249621339401,0.14980508056099356,1.7579596324689468,0.07080364114701075,0.2579596324689468,0,0,FOLLOWING,1.7579596324689468,0.4496059683689831,0
25.696,1.2855799367814396,5.552538317195619,-3.0561496726755775,-0.45096397619880735,5.278977745300409,0.3842093276452947,0.1661159729627689,0.38422401985772175,0.1498088383170193,1.757959086043922,0.07080458979131166,0.25795908604392204,0,0,FOLLOWING,1.757959086043922,0.4496059683689838,0
25.728,1.2733311707792523,5.5514706982617685,-3.051355684416531,-0.46188055230832603,5.269586900401563,0.38420836005423475,0.16611803650351775,0.38422306675098317,0.14981242001404865,1.7579585317739028,0.07080546525825636,0.2579585317739028,0,0,FOLLOWING,1.7579585317739028,0.4496059683689841,0
25.76,1.2610876945608636,5.550344371931772,-3.0465615870338874,-0.47275192677670663,5.260143764320932,0.38420738383186603,0.166119935419908,0.38422210372570087,0.14981583014616978,1.757957970253473,0.07080627250940053,0.2579579702534729,0,0,FOLLOWING,1.757957970253473,0.44960596836898326,0
25.792,1.2488497898860489,5.5491593634518495,-3.0417673858246954,-0.48357784912796276,5.250648554627951,0.3842063996745408,0.16612168119106152,0.3842211316092817,0.1498190747445373,1.7579574020448736,0.0708070162996215,0.2579574020448736,0,0,FOLLOWING,1.7579574020448736,0.44960596836898276,0
25.824,1.2366177383752188,5.547915699413058,-3.0369730858600454,-0.49435806993332276,5.2411014900918325,0.3842054082416287,0.16612328473981008,0.384220151162818,0.14982216087041533,1.7579568276811628,0.0708077011534245,0.2579568276811628,0,0,FOLLOWING,1.7579568276811628,0.44960596836898276,0
25.856,1.2243918215034357,5.546613407762489,-3.0321786919645843,-0.505092340816975,5.231502790676522,0.38420441016035584,0.1661247564000807,0.3842191630948623,0.14982509622520446,1.7579562476687045,0.07080833135130636,0.2579562476687045,0,0,FOLLOWING,1.7579562476687045,0.4496059683689823,0
25.888,1.2121723205942074,5.545252517811071,-3.0273842087055605,-0.5157804144617928,5.221852677535629,0.3842034060294224,0.16612610590259025,0.3842181680715038,0.1498278888526664,1.7579556624891577,0.07080891092374486,0.2579556624891577,0,0,FOLLOWING,1.7579556624891577,0.449605968368982,0
25.92,1.199959516813156,5.5438330602387405,-3.0225896403890746,-0.5264220446150336,5.212151373007333,0.38420239642170784,0.16612734237430674,0.3842171667235893,0.14983054691367237,1.757955072601091,0.07080944365092634,0.2579550726010911,0,0,FOLLOWING,1.757955072601091,0.4496059683689815,0
25.952,1.1877536911616304,5.542355067097575,-3.017794991061718,-0.5370169860940086,5.202399100609261,0.38420138188629155,0.16612847434812042,0.38421615965181916,0.14983307851800223,1.7579544784413161,0.07080993306672356,0.25795447844131614,0,0,FOLLOWING,1.7579544784413161,0.4496059683689811,0
25.984,1.1755551244703097,5.540818571813373,-3.013000264516145,-0.5475649947917365,5.192596085033337,0.3842003629499944,0.16612950977986807,0.38421514743024626,0.14983549160116064,1.7579538804260255,0.07081038246574023,0.2579538804260255,0,0,FOLLOWING,1.7579538804260255,0.4496059683689822,0
26.016000000000002,1.1633640973928292,5.539223609186067,-3.008205464299474,-0.5580658276825603,5.182742552140608,0.38419934011855317,0.16613045607060054,0.3842141306086819,0.14983779383625925,1.7579532789517782,0.07081079491253739,0.2579532789517782,0,0,FOLLOWING,1.7579532789517782,0.4496059683689825,0
26.048000000000002,1.1511808903994432,5.5375702153892465,-3.0034105937236197,-0.5685192428277568,5.172838728956036,0.38419831387757164,0.16613132009230194,0.3842131097143126,0.14983999257341024,1.7579526743963925,0.07081117325229913,0.25795267439639247,0,0,FOLLOWING,1.7579526743963925,0.44960596836898253,0
26.080000000000002,1.1390057837707317,5.535858427969057,-2.9986156558768813,-0.5789249993811034,5.162884843663268,0.3841972846932653,0.16613210821579,0.3842120852528366,0.14984209480065397,1.757952067119745,0.07081152012240821,0.25795206711974505,0,0,FOLLOWING,1.757952067119745,0.449605968368982,0
26.112000000000002,1.1268390575913585,5.53408828584263,-2.993820653636256,-0.5892828575944291,5.1528811255993805,0.38419625301311555,0.1661328263397564,0.3842110577092336,0.1498441071212358,1.757951457464528,0.07081183796449596,0.2579514574645281,0,0,FOLLOWING,1.757951457464528,0.44960596836898165,0
26.144000000000002,1.1146809917438705,5.532259829296185,-2.98902558968007,-0.5995925788231395,5.1428278052495955,0.38419521926642686,0.16613347992011365,0.38421002754838596,0.14984603574361352,1.7579508457569537,0.07081212903662149,0.2579508457569537,0,0,FOLLOWING,1.7579508457569537,0.4496059683689818,0
26.176000000000002,1.1025318659025392,5.530373099982922,-2.9842304665006303,-0.6098539255317124,5.13272511424197,0.3841941838648404,0.16613407399915797,0.384208995215579,0.14984788648094735,1.7579502323074292,0.07081239542537654,0.2579502323074292,0,0,FOLLOWING,1.7579502323074292,0.4496059683689817,0
26.208000000000002,1.0903919595272393,5.528428140920759,-2.979435286416661,-0.6200666612991741,5.122573285342057,0.3841931472028198,0.16613461323401443,0.384207961136963,0.14984966475772504,1.7579496174112061,0.07081263905769042,0.25794961741120614,0,0,FOLLOWING,1.7579496174112061,0.44960596836898153,0
26.240000000000002,1.0782615518573546,5.526424996489996,-2.9746400515853724,-0.6302305508245443,5.112372552447546,0.38419210965810463,0.16613510192409564,0.3842069257200218,0.14985137562134915,1.757949001348999,0.07081286171222789,0.2579490013489989,0,0,FOLLOWING,1.757949001348999,0.4496059683689807,0
26.272000000000002,1.0661409219057076,5.524363712430928,-2.9698447640140313,-0.6403453599322582,5.10212315058287,0.38419107159216376,0.16613554403736214,0.3842058893540433,0.14985302375745335,1.7579483843875872,0.07081306503028761,0.25794838438758716,0,0,FOLLOWING,1.7579483843875872,0.44960596836898015,0
26.304000000000002,1.0540303484525098,5.52224433584145,-2.965049425570983,-0.6504108555775621,5.0918253158937965,0.3841900333506388,0.1661359432352211,0.38420485241060975,0.14985461350747403,1.7579477667803955,0.07081325052613652,0.25794776678039555,0,0,FOLLOWING,1.7579477667803955,0.4496059683689806,0
26.336000000000002,1.0419301100393237,5.520066915174663,-2.960254037996052,-0.6604268058518796,5.081479285641979,0.3841889952637746,0.16613630289599793,0.3842038152441228,0.14985614888764345,1.7579471487680476,0.0708134195967509,0.2579471487680476,0,0,FOLLOWING,1.7579471487680476,0.4496059683689815,0
26.368000000000002,1.0298404849630374,5.517831500236499,-2.9554586029103214,-0.6703929799881605,5.0710852981995,0.38418795764687097,0.16613662613693989,0.384202778192324,0.14985763360869309,1.7579465305789135,0.07081357353094742,0.2579465305789135,0,0,FOLLOWING,1.7579465305789135,0.44960596836898203,0
26.400000000000002,1.0177617512698423,5.51553814218338,-2.950663121825271,-0.6803091483661938,5.060643593043368,0.3841869208007101,0.166136915834773,0.38420174157686204,0.14985907109570198,1.7579459124296264,0.07081371351791343,0.2579459124296264,0,0,FOLLOWING,1.7579459124296264,0.4496059683689825,0
26.432000000000002,1.0056941867492195,5.513186893519907,-2.9458675961512952,-0.6901750825178987,5.050154410750008,0.3841858850119951,0.16613717464480912,0.38420070570382797,0.14986046450763438,1.7579452945255851,0.07081384065513596,0.2579452945255851,0,0,FOLLOWING,1.7579452945255851,0.4496059683689826,0
26.464000000000002,0.9936380689279241,5.510777808096582,-2.941072027205607,-0.6999905551325893,5.039617992989717,0.38418485055378304,0.16613740501865987,0.38419967086433143,0.14986181675644075,1.7579446770614378,0.0708139559557499,0.25794467706143775,0,0,FOLLOWING,1.7579446770614378,0.44960596836898326,0
26.496000000000002,0.9815936750639735,5.508310941107565,-2.936276416219558,-0.7097553400622094,5.029034582521094,0.38418381768591614,0.16613760922063608,0.384198637335031,0.149863130525273,1.7579440602215466,0.07081406035534332,0.2579440602215466,0,0,FOLLOWING,1.7579440602215466,0.4496059683689838,0
26.528000000000002,0.9695612821406326,5.505786349088469,-2.931480764345407,-0.7194692123265467,5.018404423185448,0.38418278665545486,0.1661377893428758,0.38419760537869624,0.1498644082858348,1.7579434441804387,0.07081415471823149,0.2579434441804387,0,0,FOLLOWING,1.7579434441804387,0.4496059683689841,0
26.560000000000002,0.9575411668603984,5.503204089914185,-2.926685072662557,-0.7291319481184146,5.007727759901178,0.3841817576971029,0.16613794731928738,0.3841965752447351,0.1498656523148163,1.7579428291032364,0.0708142398432412,0.2579428291032364,0,0,FOLLOWING,1.7579428291032364,0.44960596836898475,0
26.592000000000002,0.9455336056389814,5.500564222796737,-2.921889342183308,-0.7387433248088069,4.997004838658136,0.38418073103362543,0.16613808493838159,0.38419554716972,0.14986686470927063,1.7579422151460697,0.07081431646903225,0.25794221514606974,0,0,FOLLOWING,1.7579422151460697,0.44960596836898414,0
26.624000000000002,0.9335388745992858,5.497866808283164,-2.9170935738581436,-0.7483031209520314,4.9862359065119515,0.384179706876276,0.16613820385506392,0.3841945213778812,0.1498680474009365,1.7579416024564813,0.0708143852789882,0.25794160245648134,0,0,FOLLOWING,1.7579416024564813,0.44960596836898503,0
26.656,0.9215572495653851,5.495111908253426,-2.9122977685805944,-0.7578111162908066,4.975421211578347,0.3841786854251937,0.16613830560146506,0.38419349808161474,0.14986920216961408,1.7579409911738009,0.07081444690570658,0.25794099117380087,0,0,FOLLOWING,1.7579409911738009,0.44960596836898653,0
26.688,0.9095890060564956,5.49229958591833,-2.9075019271917033,-0.7672670917613384,4.9645610030274145,0.3841776668698189,0.16613839159687555,0.38419247748193575,0.1498703306555253,1.7579403814295198,0.07081450193511829,0.2579403814295198,0,0,FOLLOWING,1.7579403814295198,0.4496059683689855,0
26.72,0.8976344192809457,5.489429905817481,-2.90270605048413,-0.7766708294983751,4.953655531077876,0.38417665138930435,0.16613846315688463,0.3841914597689513,0.1498714343706962,1.7579397733476527,0.07081455091027555,0.2579397733476527,0,0,FOLLOWING,1.7579397733476527,0.44960596836898553,0
26.752,0.8856937641301417,5.486502933817237,-2.8979101392059126,-0.7860221128402127,4.9427050469913265,0.3841756391528805,0.16613852150171482,0.3841904451223144,0.14987251470955185,1.757939167045062,0.07081459433480619,0.2579391670450619,0,0,FOLLOWING,1.757939167045062,0.44960596836898536,0
26.784,0.8737673151725321,5.4835187371086835,-2.8931141940639216,-0.7953207263336948,4.9317098030664335,0.38417463032025484,0.1661385677639006,0.3841894337116237,0.1498735729585661,1.7579385626317934,0.07081463267609678,0.2579385626317934,0,0,FOLLOWING,1.7579385626317934,0.4496059683689839,0
26.816,0.8618553466475671,5.480477384205619,-2.88831821572703,-0.8045664557391818,4.920670052633129,0.3841736250420004,0.16613860299531583,0.3841884256968546,0.14987461030517746,1.7579379602113985,0.07081466636820322,0.2579379602113985,0,0,FOLLOWING,1.7579379602113985,0.4496059683689835,0
26.848,0.8499581324596548,5.47737894494254,-2.8835222048290197,-0.8137590880354733,4.909586050046778,0.3841726234598929,0.1661386281736067,0.3841874212287709,0.14987562784597142,1.7579373598812171,0.0708146958145166,0.25793735988121713,0,0,FOLLOWING,1.7579373598812171,0.449605968368982,0
26.88,0.8380759461721167,5.474223490472636,-2.8787261619712514,-0.8228984114247311,4.898458050682305,0.3841716257073054,0.16613864420810665,0.3841864204492791,0.14987662659418335,1.7579367617326893,0.07081472139021328,0.2579367617326893,0,0,FOLLOWING,1.7579367617326893,0.4496059683689823,0
26.912,0.826209061001138,5.471011093265787,-2.8739300877251055,-0.8319842153373482,4.887286310928327,0.38417063190953005,0.16613865194522642,0.3841854234918366,0.14987760748660658,1.7579361658516153,0.0708147434444859,0.2579361658516153,0,0,FOLLOWING,1.7579361658516153,0.4496059683689836,0
26.944,0.8143577498097188,5.467741827106554,-2.8691339826342364,-0.8410162904368006,4.876071088181234,0.3841696421841256,0.16613865217343973,0.384184430481788,0.14987857138977032,1.757935572318428,0.07081476230260986,0.257935572318428,0,0,FOLLOWING,1.757935572318428,0.44960596836898303,0
26.976,0.8025222851016193,5.464415767092177,-2.8643378472166257,-0.8499944286244823,4.86481264083926,0.3841686566412687,0.16613864562781996,0.38418344153671724,0.14987951910589267,1.7579349812084595,0.07081477826781946,0.2579349812084595,0,0,FOLLOWING,1.7579349812084595,0.4496059683689831,0
27.008,0.7907029390153071,5.4610329896305565,-2.859541681966478,-0.8589184230444831,4.853511228296535,0.38416767538404045,0.16613863299420611,0.3841824567668108,0.14988045137801526,1.7579343925921664,0.07081479162303328,0.25793439259216644,0,0,FOLLOWING,1.7579343925921664,0.44960596836898165,0
27.04,0.7788999833179007,5.457593572438241,-2.8547454873559595,-0.8677880680883696,4.842167110937101,0.3841666985087737,0.16613861491305099,0.38418147627514154,0.14988136889490036,1.7579338065353864,0.07081480263244622,0.25793380653538645,0,0,FOLLOWING,1.7579338065353864,0.44960596836898176,0
27.072,0.7671136893991124,5.454097594538395,-2.84994926383679,-0.8766031593999108,4.830780550128923,0.3841657261053231,0.166138591982912,0.38418050015802613,0.14988227229543793,1.7579332230995441,0.07081481154297409,0.25793322309954414,0,0,FOLLOWING,1.7579332230995441,0.4496059683689835,0
27.104,0.7553443282651914,5.450545136258766,-2.8451530118417114,-0.8853634938797907,4.819351808217861,0.38416475825737023,0.16613856476368424,0.38417952850530124,0.14988316217271985,1.7579326423418744,0.0708148185855908,0.2579326423418744,0,0,FOLLOWING,1.7579326423418744,0.44960596836898226,0
27.136,0.7435921705328659,5.446936279229634,-2.840356731785833,-0.8940688696902939,4.807881148521616,0.3841637950427203,0.16613853377956447,0.38417856140061546,0.14988403907774492,1.7579320643156386,0.07081482397655403,0.25793206431563864,0,0,FOLLOWING,1.7579320643156386,0.4496059683689822,0
27.168,0.7318574864232845,5.443271106381755,-2.8355604240678725,-0.9027190862599439,4.796368835323687,0.3841628365335451,0.16613849952176254,0.38417759892174,0.14988490352278236,1.757931489070304,0.07081482791852656,0.25793148907030394,0,0,FOLLOWING,1.757931489070304,0.4496059683689813,0
27.2,0.72014054575596,5.439549701944281,-2.830764089071294,-0.9113139442881364,4.784815133867256,0.3841618827966706,0.16613846245100858,0.3841766411408166,0.14988575598452072,1.757930916651747,0.07081483060161231,0.25793091665174694,0,0,FOLLOWING,1.757930916651747,0.4496059683689809,0
27.232,0.7084416179427119,5.435772151442672,-2.8259677271653536,-0.9198532457497217,4.773220310349094,0.3841609338938116,0.1661384229998277,0.3841756881246303,0.14988659690690415,1.7579303471024244,0.07081483220429696,0.25793034710242435,0,0,FOLLOWING,1.7579303471024244,0.449605968368982,0
27.264,0.6967609719816114,5.43193854169659,-2.8211713387060677,-0.9283367938995695,4.761584631913426,0.38415998988181843,0.16613838157467226,0.3841747399348598,0.14988742670372868,1.7579297804615464,0.07081483289432855,0.25792978046154635,0,0,FOLLOWING,1.7579297804615464,0.4496059683689815,0
27.296,0.6850988764509283,5.428048960817778,-2.8163749240370985,-0.9367643932771088,4.749908366645762,0.3841590508129278,0.16613833855785468,0.38417379662831364,0.14988824576104026,1.7579292167652525,0.07081483282951595,0.2579292167652525,0,0,FOLLOWING,1.7579292167652525,0.44960596836898187,0
27.328,0.6734555995030785,5.424103498207912,-2.8115784834905724,-0.9451358497108209,4.738191783566745,0.384158116734959,0.16613829430932095,0.3841728582571911,0.1498890544393357,1.757928656046751,0.07081483215846118,0.2579286560467511,0,0,FOLLOWING,1.757928656046751,0.44960596836898037,0
27.36,0.6618314088585757,5.4201022445564435,-2.806782017387835,-0.9534509703227214,4.726435152625924,0.38415718769155716,0.1661382491683177,0.38417192486927343,0.149889853075538,1.7579280983364864,0.07081483102124819,0.25792809833648644,0,0,FOLLOWING,1.7579280983364864,0.4496059683689801,0
27.392,0.6502265717999844,5.416045291838417,-2.801985526040144,-0.9617095635327986,4.7146387446955575,0.38415626372237865,0.16613820345488053,0.3841709965081647,0.1498906419848756,1.7579275436622686,0.07081482955005658,0.25792754366226855,0,0,FOLLOWING,1.7579275436622686,0.4496059683689813,0
27.424,0.6386413551658775,5.411932733312272,-2.797189009749311,-0.9699114390634285,4.702802831564366,0.3841553448632972,0.16613815747123617,0.3841700732134821,0.14989142146256387,1.7579269920494147,0.07081482786974069,0.2579269920494147,0,0,FOLLOWING,1.7579269920494147,0.44960596836898065,0
27.456,0.6270760253447966,5.407764663517611,-2.792392468808292,-0.9780564079437646,4.690927685931259,0.38415443114660647,0.16613811150308877,0.38416915502106475,0.14989219178529384,1.757926443520887,0.07081482609835943,0.257926443520887,0,0,FOLLOWING,1.757926443520887,0.44960596836898187,0
27.488,0.6155308482692169,5.4035411782729605,-2.7875959035017353,-0.9861442825140818,4.679013581399072,0.3841535226011743,0.16613806582079013,0.384168241963165,0.14989295321272275,1.7579258980973993,0.07081482434766073,0.2579258980973993,0,0,FOLLOWING,1.7579258980973993,0.44960596836898103,0
27.52,0.6040060894095165,5.399262374673501,-2.782799314106484,-0.9941748764301104,4.667060792468242,0.38415261925265115,0.16613802068045402,0.38416733406861936,0.14989370598875978,1.757925355797557,0.07081482272353856,0.25792535579755693,0,0,FOLLOWING,1.757925355797557,0.4496059683689809,0
27.552,0.5925020137679502,5.3949283510887796,-2.7780027008920425,-1.00214800466732,4.655069594530499,0.38415172112360696,0.16613797632493585,0.38416643136303896,0.14989445034273935,1.7579248166379506,0.07081482132643924,0.25792481663795064,0,0,FOLLOWING,1.7579248166379506,0.4496059683689816,0
27.584,0.5810188858726291,5.390539207160384,-2.7732060641210063,-1.0100634835251876,4.643040263862513,0.38415082823370256,0.166137932984771,0.3841655338689608,0.14989518649055777,1.7579242806332713,0.07081482025174601,0.25792428063327133,0,0,FOLLOWING,1.7579242806332713,0.4496059683689815,0
27.616,0.5695569697715056,5.386095043799621,-2.768409404049461,-1.0179211306314335,4.630973077619531,0.38414994059985424,0.16613789087903266,0.3841646416060127,0.14989591463565047,1.7579237477964194,0.07081481959013392,0.25792374779641936,0,0,FOLLOWING,1.7579237477964194,0.44960596836898137,0
27.648,0.5581165290263636,5.381595963185136,-2.7636127209273527,-1.0257207649462128,4.61886831382899,0.3841490582363529,0.16613785021612515,0.3841637545910831,0.1498966349698977,1.7579232181385867,0.07081481942789569,0.25792321813858665,0,0,FOLLOWING,1.7579232181385867,0.4496059683689804,0
27.68,0.5466978265682094,5.377042083296205,-2.7588159876910403,-1.0334622067662984,4.606726251384111,0.38414819256135857,0.16613776394810803,0.38416270703411043,0.14989820104787582,1.7579226979142553,0.07081480000653295,0.25792269791425526,0,0,FOLLOWING,1.7579226979142553,0.44960596836898037,0
27.712,0.5353011248441095,5.372433514975216,-2.754019193319189,-1.0411452777292127,4.594547170037476,0.38414734864828604,0.16613761287447856,0.3841615918686375,0.14990011154441482,1.7579221899239357,0.07081475325465991,0.2579221899239357,0,0,FOLLOWING,1.7579221899239357,0.4496059683689809,0
27.744,0.5239266857212198,5.367770361863896,-2.7492223423915627,-1.0487698008173392,4.582331350394583,0.38414652476315253,0.16613740465678065,0.38416050983110334,0.1499018789225189,1.7579216932243087,0.0708146823874789,0.2579216932243087,0,0,FOLLOWING,1.7579216932243087,0.4496059683689804,0
27.776,0.5125747704999688,5.36305272907647,-2.7444254387113256,-1.0563356003620048,4.570079073907371,0.38414571921376905,0.16613714541882965,0.3841594608156372,0.14990352745104152,1.7579212068777421,0.07081458998068202,0.2579212068777421,0,0,FOLLOWING,1.7579212068777421,0.44960596836898176,0
27.808,0.5012456399933706,5.358280723355002,-2.7396284854167146,-1.063842502047521,4.5577906228677545,0.3841449305966364,0.16613684016509922,0.3841584402870979,0.14990507790910992,1.7579207301056252,0.0708144781395541,0.2579207301056252,0,0,FOLLOWING,1.7579207301056252,0.44960596836898115,0
27.84,0.4899395545269904,5.353454453003035,-2.734831485106075,-1.0712903329152077,4.5454662804010955,0.38414415776563987,0.1661364929930043,0.38415744413242087,0.14990654716840612,1.7579202622722685,0.07081434858774038,0.2579202622722685,0,0,FOLLOWING,1.7579202622722685,0.44960596836898264,0
27.872,0.4786567739280858,5.348574027821867,-2.730034439939766,-1.0786789213673695,4.533106330459704,0.3841433997847325,0.1661361072596418,0.3841564689760779,0.14990794891615006,1.7579198028586307,0.07081420273740235,0.2579198028586307,0,0,FOLLOWING,1.7579198028586307,0.4496059683689838,0
27.904,0.46739755751469025,5.343639559058255,-2.725237351722827,-1.0860080971712542,4.52071105781628,0.3841426558875819,0.16613568571766044,0.38415551207832904,0.1499092942560514,1.7579193514398297,0.07081404174641692,0.2579193514398297,0,0,FOLLOWING,1.7579193514398297,0.44960596836898387,0
27.936,0.4561621640856247,5.338651159361976,-2.7204402219720327,-1.093277691462978,4.508280748057353,0.3841419254447682,0.16613523062617,0.38415457121653174,0.14991059219648814,1.7579189076668704,0.07081386656506794,0.2579189076668704,0,0,FOLLOWING,1.7579189076668704,0.4496059683689848,0
27.968,0.44495085191133915,5.333608942751352,-2.715643051970258,-1.100487536751407,4.495815687576715,0.3841412079372965,0.1661347438413227,0.3841536445853436,0.14991185004685254,1.7579184712519007,0.07081367797417171,0.2579184712519007,0,0,FOLLOWING,1.7579184712519007,0.44960596836898425,0
28.0,0.43376387872541566,5.328513024585214,-2.710845842810539,-1.1076374669220277,4.4833161635688015,0.38414050293530805,0.16613422689030483,0.3841527307156079,0.14991307373964885,1.757918041956378,0.07081347661621296,0.257918041956378,0,0,FOLLOWING,1.757918041956378,0.44960596836898553,0
28.032,0.42260150171659183,5.323363521540007,-2.7060485954317564,-1.1147273172407646,4.470782464022098,0.38413981008089976,0.16613368103168785,0.3841518284088182,0.14991426809225333,1.7579176195815254,0.07081326302074009,0.25791761958152537,0,0,FOLLOWING,1.7579176195815254,0.44960596836898725,0
28.064,0.41146397752119585,5.318160551591005,-2.7012513106475127,-1.1217569243577774,4.4582148777124875,0.38413912907433384,0.16613310730470135,0.3841509366842682,0.14991543701962914,1.757917203960684,0.07081303762509172,0.25791720396068407,0,0,FOLLOWING,1.757917203960684,0.449605968368987,0
28.096,0.40035156221590756,5.312904233996799,-2.6964539891694783,-1.128726126311233,4.4456136941966005,0.3841384596629513,0.16613250656932324,0.3841500547364888,0.14991658370718827,1.757916794953169,0.07081280079125918,0.2579167949531691,0,0,FOLLOWING,1.757916794953169,0.4496059683689866,0
28.128,0.3892645113107793,5.307594689286414,-2.6916566316262487,-1.1356347625310228,4.432979203805149,0.3841378016322364,0.16613187953893555,0.3841491819010155,0.14991771075102098,1.7579163924393229,0.07081255281961996,0.25791639243932285,0,0,FOLLOWING,1.7579163924393229,0.4496059683689857,0
28.16,0.37820307974246675,5.3022320392484605,-2.6868592385785655,-1.1424826738424771,4.42031169763623,0.38413715479866467,0.16613122680684417,0.38414831762689805,0.14991882027158562,1.7579159963165594,0.07081229396008881,0.25791599631655937,0,0,FOLLOWING,1.7579159963165594,0.44960596836898575,0
28.192,0.36716752186762913,5.296816406921947,-2.682061810531587,-1.1492697024700216,4.407611467548628,0.38413651900391727,0.1661305488677927,0.3841474614546216,0.1499199140058477,1.757915606496167,0.07081202442116252,0.25791560649616696,0,0,FOLLOWING,1.757915606496167,0.44960596836898686,0
28.224,0.3561580914564696,5.291347916588369,-2.6772643479447824,-1.1559956920408148,4.394878806155084,0.38413589411025073,0.1661298461354155,0.3841466129983763,0.14992099338162138,1.7579152229007509,0.0708117443772589,0.25791522290075086,0,0,FOLLOWING,1.7579152229007509,0.4496059683689867,0
28.256,0.34517504168639,5.285826693764806,-2.6724668512398995,-1.162660487588357,4.382114006815549,0.38413527999676883,0.1661291189563671,0.3841457719318622,0.14992205957770005,1.7579148454621751,0.07081145397465471,0.25791484546217514,0,0,FOLLOWING,1.7579148454621751,0.4496059683689879,0
28.288,0.33421862513574246,5.280252865197834,-2.6676693208073874,-1.1692639355560517,4.36931736363044,0.38413467655638456,0.1661283676217319,0.3841449379768882,0.1499231135721935,1.7579144741198856,0.07081115333628318,0.25791447411988555,0,0,FOLLOWING,1.7579144741198856,0.44960596836898686,0
28.32,0.3232890937776621,5.274626558858044,-2.662871757011569,-1.1758058838007521,4.356489171433844,0.38413408369342117,0.16612759237628635,0.3841441108942111,0.14992415618150845,1.7579141088195867,0.0708108425656264,0.25791410881958665,0,0,FOLLOWING,1.7579141088195867,0.4496059683689873,0
28.352,0.31238669897396937,5.268947903935058,-2.6580741601948175,-1.1822861815962584,4.343629725786745,0.3841335013216093,0.16612679342594938,0.384143290476186,0.14992518809160243,1.7579137495121355,0.07081052174984759,0.2579137495121355,0,0,FOLLOWING,1.7579137495121355,0.4496059683689884,0
28.384,0.30151169146913276,5.263217030832924,-2.6532765306809276,-1.1887046796367953,4.330739322970205,0.38413292936251575,0.1661259709438379,0.3841424765408465,0.1499262098830587,1.757913396152675,0.07081019096233733,0.25791339615267495,0,0,FOLLOWING,1.757913396152675,0.44960596836898775,0
28.416,0.2906643213842824,5.257434071165802,-2.6484788687778433,-1.1950612300404542,4.317818259978528,0.38413236774425386,0.16612512507517152,0.3841416689271415,0.1499272220512152,1.7579130486999224,0.07080985026477382,0.2579130486999224,0,0,FOLLOWING,1.7579130486999224,0.4496059683689873,0
28.448,0.2798448382112699,5.251599157753893,-2.6436811747798696,-1.2013556863525925,4.304866834512439,0.3841318164004149,0.1661242559412259,0.38414086749110066,0.14992822502225844,1.7579127071155787,0.07080949970878647,0.2579127071155787,0,0,FOLLOWING,1.7579127071155787,0.4496059683689865,0
28.48,0.26905349080676866,5.24571242461953,-2.6388834489694775,-1.2075879035492179,4.291885344972204,0.38413127526923135,0.1661233636425903,0.38414007210272993,0.14992921916607654,1.7579123713638678,0.07080913933732358,0.2579123713638678,0,0,FOLLOWING,1.7579123713638678,0.449605968368987,0
28.512,0.25829052738640956,5.239774006983411,-2.6340856916187683,-1.2137577380403202,4.2788740904507705,0.38413074429286087,0.16612244826177897,0.3841392826434854,0.1499302048066447,1.7579120414111393,0.07080876918575152,0.2579120414111393,0,0,FOLLOWING,1.7579120414111393,0.4496059683689879,0
28.544,0.2475561955189501,5.233784041260944,-2.629287902990685,-1.219865047673185,4.265833370726868,0.38413022341682435,0.16612150986541155,0.3841384990042448,0.1499311822302034,1.7579117172255605,0.07080838928277089,0.2579117172255605,0,0,FOLLOWING,1.7579117172255605,0.44960596836898764,0
28.576,0.23685074212047183,5.227742665058652,-2.624490083340005,-1.2259096917356702,4.252763486258098,0.3841297125895418,0.1661205485059847,0.38413772108364763,0.14993215169195173,1.7579113987768586,0.0708079996511608,0.25791139877685865,0,0,FOLLOWING,1.7579113987768586,0.4496059683689878,0
28.608,0.22617441344860523,5.221650017170657,-2.61969223291416,-1.2318915309594423,4.2396647381740244,0.38412921176193393,0.1661195642233394,0.38413694878673754,0.14993311342137813,1.7579110860361016,0.07080760030839617,0.2579110860361016,0,0,FOLLOWING,1.7579110860361016,0.4496059683689864,0
28.64,0.21552745509678,5.215506237575192,-2.6148943519539274,-1.2378104275231925,4.226537428269221,0.3841287208871259,0.16611855704589454,0.3841361820238674,0.1499340676264996,1.7579107789755357,0.07080719126716593,0.2579107789755357,0,0,FOLLOWING,1.7579107789755357,0.449605968368986,0
28.672,0.2049101119884981,5.209311467431139,-2.6100964406940013,-1.2436662450558043,4.2133818589963274,0.38412823992016426,0.16611752699166282,0.3841354207098195,0.14993501449733834,1.757910477568428,0.07080677253579992,0.257910477568428,0,0,FOLLOWING,1.757910477568428,0.44960596836898703,0
28.704,0.19432262837162886,5.203065849074595,-2.605298499363484,-1.2494588486394997,4.200198333459082,0.3841277688178066,0.16611647406912136,0.3841346647630235,0.14993595420875983,1.7579101817889522,0.07080634411863461,0.2579101817889522,0,0,FOLLOWING,1.7579101817889522,0.4496059683689859,0
28.736,0.18376524781272574,5.196769526015449,-2.600500528186291,-1.2551881048129507,4.1869871554053235,0.3841273075383658,0.1661153982779459,0.38413391410497877,0.14993688692271084,1.7579098916121039,0.07080590601632153,0.25790989161210387,0,0,FOLLOWING,1.7579098916121039,0.44960596836898586,0
28.768,0.17323821319136207,5.1904226429339495,-2.5957025273815115,-1.2608538815743464,4.173748629220015,0.38412685604152486,0.16611429960962987,0.3841331686597839,0.14993781279012458,1.7579096070135969,0.07080545822608686,0.2579096070135969,0,0,FOLLOWING,1.7579096070135969,0.4496059683689848,0
28.8,0.1627417666944871,5.1840253456772825,-2.5909044971637076,-1.266456048384443,4.16048305991821,0.38412641428824673,0.16611317804803508,0.38413242835367345,0.149938731952422,1.757909327969817,0.07080500074196294,0.257909327969817,0,0,FOLLOWING,1.757909327969817,0.4496059683689855,0
28.832,0.15227614981080026,5.1775777812561365,-2.5861064377431817,-1.2719944761695636,4.147190753138041,0.3841259822406441,0.16611203356984325,0.38413169311474726,0.14993964454276118,1.7579090544577494,0.07080453355497784,0.25790905445774936,0,0,FOLLOWING,1.7579090544577494,0.44960596836898664,0
28.864,0.14184160332514464,5.171080097841259,-2.581308349326202,-1.2774690373245772,4.13387201513367,0.3841255598619073,0.16611086614496706,0.38413096287262827,0.14994055068712983,1.7579087864549396,0.07080405665332723,0.25790878645493964,0,0,FOLLOWING,1.7579087864549396,0.44960596836898675,0
28.896,0.1314383673129185,5.164532444760005,-2.576510232115212,-1.282879605715837,4.120527152768226,0.38412514711623613,0.16610967573692392,0.38413023755828246,0.1499414505051411,1.7579085239394592,0.07080357002253157,0.2579085239394592,0,0,FOLLOWING,1.7579085239394592,0.4496059683689873,0
28.928,0.12106668113450403,5.15793497249286,-2.571712086309003,-1.2882260566840862,4.107156473506754,0.3841247439687613,0.16610846230311793,0.3841295171038202,0.14994234411088608,1.75790826688986,0.07080307364555383,0.25790826688986,0,0,FOLLOWING,1.75790826688986,0.44960596836898586,0
28.96,0.1107267834297151,5.1512878326699525,-2.566913912102877,-1.2935082670473323,4.093760285409106,0.38412435038551557,0.1661072257951438,0.3841288014423428,0.14994323161340226,1.7579080152851625,0.07080256750292692,0.2579080152851625,0,0,FOLLOWING,1.7579080152851625,0.44960596836898636,0
28.992,0.10041891211226212,5.14459117806755,-2.5621157096887877,-1.2987261151036815,4.080338897122867,0.3841239663333612,0.16610596615901113,0.3841280905078031,0.1499441131173156,1.7579077691048142,0.07080205157284825,0.25790776910481417,0,0,FOLLOWING,1.7579077691048142,0.4496059683689873,0
29.024,0.09014330436423507,5.137845162604529,-2.557317479255472,-1.3038794806341443,4.066892617876232,0.38412359177997063,0.16610468333538286,0.38412738423489745,0.14994498872319031,1.7579075283286811,0.07080152583127841,0.25790752832868113,0,0,FOLLOWING,1.7579075283286811,0.44960596836898553,0
29.056,0.07990019663060434,5.131049941338827,-2.5525192209885628,-1.308968244905409,4.053421757470874,0.38412322669380194,0.1661033772597674,0.3841266825589964,0.1499458585279908,1.757907292937036,0.07080099025202281,0.25790729293703607,0,0,FOLLOWING,1.757907292937036,0.44960596836898603,0
29.088,0.06968982461373856,5.12420567046387,-2.5477209350706964,-1.3139922906725703,4.039926626274826,0.3841228710440372,0.16610204786268154,0.38412598541607046,0.1499467226253755,1.7579070629105227,0.0708004448067987,0.2579070629105227,0,0,FOLLOWING,1.7579070629105227,0.4496059683689856,0
29.12,0.059512423267941844,5.117312507304984,-2.5429226216816105,-1.3189515021818363,4.026407535215311,0.38412252480059567,0.16610069506983532,0.38412529274258267,0.14994758110592418,1.7579068382301668,0.07079988946531345,0.2579068382301668,0,0,FOLLOWING,1.7579068382301668,0.44960596836898564,0
29.152,0.04936822679400723,5.1103706103157736,-2.5381242809982316,-1.3238457651731936,4.012864795771588,0.3841221879340864,0.16609931880225837,0.38412460447550756,0.1499484340574939,1.757906618877349,0.07079932419531687,0.2579066188773489,0,0,FOLLOWING,1.757906618877349,0.4496059683689865,0
29.184,0.03925746863378956,5.103380139074488,-2.5333259131947563,-1.3286749668830384,3.9992987199677783,0.3841218604157946,0.16609791897643097,0.38412392055222666,0.14994928156537274,1.7579064048337978,0.07079874896265581,0.2579064048337978,0,0,FOLLOWING,1.7579064048337978,0.4496059683689859,0
29.216,0.02918038146479569,5.096341254280353,-2.52852751844273,-1.3334389960467785,3.9857096203656646,0.3841215422176758,0.16609649550441358,0.38412324091051875,0.14995012371245658,1.7579061960815887,0.07079816373132887,0.2579061960815887,0,0,FOLLOWING,1.7579061960815887,0.44960596836898636,0
29.248,0.01913719719479291,5.089254117749882,-2.5237290969111146,-1.3381377429013916,3.972097810057505,0.38412123331231796,0.16609504829394084,0.38412256548852663,0.1499509605794253,1.757905992603122,0.0707975684635258,0.25790599260312197,0,0,FOLLOWING,1.757905992603122,0.4496059683689858,0
29.28,0.009128146956436078,5.08211889241317,-2.518930648766358,-1.3427710991879582,3.9584636026588007,0.38412093367295436,0.16609357724854237,0.38412189422471643,0.1499517922448714,1.757905794381132,0.07079696311967698,0.25790579438113204,0,0,FOLLOWING,1.757905794381132,0.44960596836898586,0
29.312,-0.0008465388980874645,5.074935742310154,-2.514132174172453,-1.3473389581541548,3.944807312301091,0.3841206432734272,0.16609208226760963,0.3841212270578642,0.14995261878551847,1.7579056013986663,0.07079634765848253,0.25790560139866625,0,0,FOLLOWING,1.7579056013986663,0.44960596836898725,0
29.344,-0.010786630802394044,5.067704832586849,-2.509333673290997,-1.3518412145567118,3.931129253624704,0.3841203620881845,0.16609056324649016,0.38412056392703686,0.1499534402762288,1.757905413639085,0.07079572203695106,0.25790541363908503,0,0,FOLLOWING,1.757905413639085,0.4496059683689867,0
29.376,-0.020691899981220903,5.060426329491571,-2.5045351462812437,-1.3562777646638424,3.9174297417715005,0.38412009009228454,0.16608902007656193,0.3841199047715472,0.14995425679018387,1.7579052310860646,0.07079508621043074,0.25790523108606456,0,0,FOLLOWING,1.7579052310860646,0.44960596836898725,0
29.408,-0.030562118455725883,5.053100400371115,-2.4997365933001627,-1.3606485062576272,3.9037090923776336,0.38411982726135263,0.16608745264530533,0.3841192495309919,0.14995506839889525,1.757905053723572,0.07079444013263991,0.2579050537235721,0,0,FOLLOWING,1.757905053723572,0.44960596836898636,0
29.44,-0.04039705904876716,5.04572721366693,-2.4949380145024773,-1.3649533386363744,3.889967621566253,0.38411957357160775,0.16608586083636015,0.3841185981451738,0.14995587517239956,1.7579048815358826,0.07079378375569023,0.25790488153588265,0,0,FOLLOWING,1.7579048815358826,0.4496059683689864,0
29.472,-0.050196495390164644,5.038306938911257,-2.490139410040721,-1.369192162616935,3.8762056459402405,0.38411932899982615,0.16608424452959172,0.3841179505541302,0.14995667717922714,1.7579047145075586,0.0707931170301146,0.2579047145075586,0,0,FOLLOWING,1.7579047145075586,0.44960596836898703,0
29.504,-0.05996020192194213,5.0308397467232435,-2.4853407800652785,-1.3733648805369927,3.8624234825749086,0.38411909352334483,0.16608260360113805,0.3841173066981019,0.14995747448652536,1.7579045526234511,0.0707924399048876,0.25790455262345113,0,0,FOLLOWING,1.7579045526234511,0.4496059683689865,0
29.536,-0.06968795390355019,5.023325808805037,-2.4805421247244253,-1.3774713962573113,3.8486214490106874,0.3841188671200614,0.1660809379234674,0.38411666651751547,0.14995826716016145,1.757904395868702,0.07079175232744817,0.25790439586870195,0,0,FOLLOWING,1.757904395868702,0.4496059683689861,0
29.568,-0.07937952741707051,5.015765297937849,-2.4757434441643738,-1.3815116151639502,3.8347998632458227,0.38411864976840754,0.16607924736541613,0.3841160299530172,0.14995905526464864,1.7579042442287274,0.07079105424371601,0.2579042442287274,0,0,FOLLOWING,1.7579042442287274,0.44960596836898464,0
29.6,-0.08903469937239979,5.008158387978,-2.4709447385293104,-1.3854854441704445,3.8209590437290357,0.38411844144736224,0.1660775317922454,0.3841153969453951,0.1499598388632944,1.757904097689227,0.07079034559811648,0.25790409768922706,0,0,FOLLOWING,1.757904097689227,0.44960596836898425,0
29.632,-0.09865324751241518,5.000505253852937,-2.4661460079614312,-1.38939279171995,3.8070993093521968,0.3841182421364288,0.1660757910656605,0.38411476743563233,0.14996061801825858,1.7579039562361705,0.07078962633358676,0.25790395623617046,0,0,FOLLOWING,1.7579039562361705,0.44960596836898575,0
29.664,-0.10823495041811947,4.9928060715572276,-2.4613472526009827,-1.3932335677873509,3.793220979442977,0.3841180518156284,0.16607402504386237,0.38411414136487076,0.14996139279052603,1.7579038198557937,0.07078889639159858,0.2579038198557937,0,0,FOLLOWING,1.7579038198557937,0.4496059683689852,0
29.696,-0.11777958751376667,4.985061018148526,-2.456548472586294,-1.3970076838813377,3.779324373757478,0.3841178704655156,0.1660722335815829,0.38411351867438587,0.14996216323995293,1.757903688534609,0.07078815571217323,0.2579036885346091,0,0,FOLLOWING,1.757903688534609,0.44960596836898553,0
29.728,-0.1272869390719683,4.9772702717435235,-2.451749668053814,-1.4007150530464418,3.7654098124728854,0.38411769806713936,0.16607041653011223,0.384112899305629,0.14996292942535616,1.7579035622593824,0.07078740423389185,0.2579035622593824,0,0,FOLLOWING,1.7579035622593824,0.44960596836898425,0
29.76,-0.13675678621877907,4.969434011513864,-2.4469508391381427,-1.4043555898650428,3.7514776161800696,0.3841175346020679,0.16606857373733183,0.38411228320018187,0.1499636914044562,1.7579034410171481,0.07078664189391004,0.2579034410171481,0,0,FOLLOWING,1.7579034410171481,0.44960596836898464,0
29.792,-0.14618891093876307,4.961552417682046,-2.4421519859720675,-1.407929210459332,3.73752810587622,0.38411738005235435,0.16606670504774418,0.3841116702997659,0.14996444923395047,1.757903324795189,0.07078586862797076,0.25790332479518896,0,0,FOLLOWING,1.757903324795189,0.44960596836898525,0
29.824,-0.15558309608003948,4.953625671517288,-2.4373531086865934,-1.4114358324932494,3.7235616029574397,0.38411723440054557,0.16606481030249656,0.3841110605462399,0.14996520296951413,1.7579032135810417,0.07078508437041364,0.25790321358104173,0,0,FOLLOWING,1.7579032135810417,0.4496059683689842,0
29.856,-0.16493912535930813,4.945653955331385,-2.4325542074109747,-1.4148753751743794,3.709578429211332,0.38411709762968416,0.16606288933941768,0.3841104538815727,0.14996595266583546,1.7579031073624989,0.0707842890541901,0.2579031073624989,0,0,FOLLOWING,1.7579031073624989,0.4496059683689849,0
29.888,-0.17425678336685493,4.9376374524745295,-2.4277552822727495,-1.4182477592558094,3.6955789068096077,0.3841169697232752,0.1660609419930326,0.38410985024788624,0.1499666983765852,1.7579030061275889,0.07078348261087042,0.2579030061275889,0,0,FOLLOWING,1.7579030061275889,0.449605968368984,0
29.92,-0.18353585557153623,4.929576347331113,-2.4229563333977695,-1.42155290703796,3.681563358300638,0.3841168506653112,0.166058968094603,0.3841092495873968,0.14996744015444238,1.7579029098645915,0.07078266497066021,0.2579029098645915,0,0,FOLLOWING,1.7579029098645915,0.4496059683689838,0
29.952,-0.1927761283257437,4.9214708253155015,-2.4181573609102327,-1.424790742370373,3.667532106602043,0.38411674044023825,0.16605696747214063,0.3841086518424742,0.14996817805109305,1.7579028185620178,0.07078183606240573,0.2579028185620178,0,0,FOLLOWING,1.7579028185620178,0.4496059683689851,0
29.984,-0.20197738887034716,4.913321072867794,-2.413358364932714,-1.4279611906534644,3.6534854749932455,0.38411663903296067,0.16605493995043277,0.3841080569555654,0.14996891211725757,1.7579027322086134,0.07078099581360586,0.25790273220861337,0,0,FOLLOWING,1.7579027322086134,0.449605968368984,0
30.016000000000002,-0.2111394253396175,4.905127277449547,-2.408559345586197,-1.4310641788402472,3.639423787108008,0.3841165464288461,0.166052885351087,0.38410746486925174,0.14996964240265168,1.7579026507933615,0.07078014415042899,0.2579026507933615,0,0,FOLLOWING,1.7579026507933615,0.44960596836898453,0
30.048000000000002,-0.2202620267661288,4.896889627539486,-2.403760302990108,-1.43409963543801,3.6253473669270044,0.38411646261368937,0.16605080349253143,0.38410687552624434,0.1499703689559723,1.7579025743054622,0.0707792809977148,0.25790257430546215,0,0,FOLLOWING,1.7579025743054622,0.44960596836898364,0
30.080000000000002,-0.2293449830856389,4.888608312629186,-2.3989612372623452,-1.4370674905099676,3.611256538770328,0.3841163875737371,0.1660486941900654,0.3841062888693486,0.14997109182492446,1.7579025027343467,0.07077840627899468,0.2579025027343467,0,0,FOLLOWING,1.7579025027343467,0.4496059683689837,0
30.112000000000002,-0.23838808514194912,4.880283523218732,-2.3941621485193143,-1.4399676756768702,3.597151627290038,0.3841163212956511,0.16604655725587275,0.38410570484149387,0.14997181105619717,1.7579024360696567,0.0707775199164975,0.2579024360696567,0,0,FOLLOWING,1.7579024360696567,0.4496059683689847,0
30.144000000000002,-0.24739112469174301,4.871915450812356,-2.3893630368759617,-1.4428001241185795,3.583032957462674,0.38411626376651414,0.16604439249905945,0.38410512338572,0.14997252669536387,1.7579023743012476,0.07077662183116606,0.2579023743012476,0,0,FOLLOWING,1.7579023743012476,0.4496059683689839,0
30.176000000000002,-0.2563538944094032,4.863504287914051,-2.3845639024458096,-1.4455647705756096,3.5689008545817584,0.3841162149738298,0.16604219972569212,0.38410454444519104,0.14997323878697694,1.757902317419189,0.07077571194267174,0.257902317419189,0,0,FOLLOWING,1.757902317419189,0.4496059683689846,0
30.208000000000002,-0.26527618789180746,4.85505022802316,-2.3797647453409874,-1.4482615513506274,3.554755644250323,0.3841161749054865,0.1660399787388107,0.38410396796318325,0.1499739473744862,1.7579022654137433,0.07077479016942156,0.2579022654137433,0,0,FOLLOWING,1.7579022654137433,0.44960596836898353,0
30.240000000000002,-0.2741577974314425,4.846553281225591,-2.374965563962671,-1.4508904043099244,3.540597652373382,0.38411592149141527,0.16603754376465596,0.3841073443712236,0.14997470592452977,1.7579020827741796,0.07077378355606445,0.2579020827741796,0,0,FOLLOWING,1.7579020827741796,0.4496059683689837,0
30.272000000000002,-0.2829985135971732,4.838013447256586,-2.3701663638074923,-1.4534512688848436,3.526427205150444,0.3841152173662779,0.16603471593213529,0.3841149180039695,0.1499752927040376,1.757901624904707,0.07077262230421599,0.257901624904707,0,0,FOLLOWING,1.757901624904707,0.4496059683689844,0
30.304000000000002,-0.2917981228709521,4.829430725870013,-2.365367155601896,-1.4559440860731785,3.51224462906799,0.3841138250456232,0.16603132671184462,0.38412666184940036,0.1499755442804667,1.757900747268909,0.0707712409131913,0.257900747268909,0,0,FOLLOWING,1.757900747268909,0.4496059683689837,0
30.336000000000002,-0.30055640741909456,4.82080511697146,-2.3605679549077743,-1.4583687984405316,3.4980502508919393,0.3841115072563831,0.16602721682128754,0.38414254303281,0.14997530954520233,1.7578993055746475,0.07076957771892278,0.25789930557464746,0,0,FOLLOWING,1.7578993055746475,0.4496059683689838,0
30.368000000000002,-0.30927314996696226,4.812137010465091,-2.355768778017741,-1.4607253501216375,3.483844397660143,0.3841085050179292,0.1660226028698227,0.3841540132730633,0.14997456566458583,1.757897447086501,0.07076771812523708,0.257897447086501,0,0,FOLLOWING,1.757897447086501,0.449605968368983,0
30.400000000000002,-0.31794813933723953,4.803427196546544,-2.3509696350325773,-1.46301368682165,3.4696273966748263,0.384105555094157,0.16601806678428607,0.38415225981832346,0.14997350613408106,1.7578956209552392,0.07076588988150778,0.2578956209552392,0,0,FOLLOWING,1.7578956209552392,0.44960596836898226,0
30.432000000000002,-0.3265811692679821,4.794675898473689,-2.3461705291992025,-1.4652337558173918,3.455399575495064,0.38410269236575645,0.16601363040559136,0.38414987755587193,0.14997234513387717,1.7578938483727644,0.07076410139873301,0.2578938483727644,0,0,FOLLOWING,1.7578938483727644,0.44960596836898303,0
30.464000000000002,-0.33517204288606295,4.785883317953344,-2.3413714571223143,-1.467385505958572,3.441161261929231,0.38409991486805767,0.16600928631355652,0.38414753850718,0.14997129023739975,1.757892128067124,0.07076234963212434,0.257892128067124,0,0,FOLLOWING,1.757892128067124,0.44960596836898215,0
30.496000000000002,-0.3437205653136901,4.77704965598424,-2.3365724153500005,-1.4694688876689623,3.4269127840274356,0.3840972174626775,0.16600502646234064,0.3841453006621091,0.14997034321380165,1.7578904568553226,0.07076063133716026,0.25789045685532264,0,0,FOLLOWING,1.7578904568553226,0.4496059683689823,0
30.528000000000002,-0.3522265425505894,4.7681751144844915,-2.331773400620362,-1.4714838529475402,3.4126544700739845,0.384094595095613,0.16600084322383227,0.3841431621675925,0.14996949812519683,1.757888831610262,0.0707589434412208,0.2578888316102621,0,0,FOLLOWING,1.757888831610262,0.449605968368981,0
30.560000000000002,-0.36068978137477026,4.759259896418938,-2.3269744098713496,-1.4734303553695955,3.398386648579794,0.38409204307394534,0.16599672942680244,0.3841411160795163,0.14996874872615024,1.7578872494271625,0.07075728305460638,0.25788724942716246,0,0,FOLLOWING,1.7578872494271625,0.4496059683689814,0
30.592000000000002,-0.36911008935708406,4.750304205792061,-2.322175440232403,-1.4753083500877984,3.384109648274844,0.38408955705018655,0.1659926783375752,0.38413915575493063,0.1499680890326889,1.757885707613928,0.0707556474628066,0.25788570761392804,0,0,FOLLOWING,1.757885707613928,0.44960596836898237,0
30.624000000000002,-0.3774872748845289,4.741308247630629,-2.3173764890141073,-1.4771177938332323,3.369823798100593,0.3840871329844866,0.16598868363590272,0.3841372752623923,0.14996751338393988,1.757884203668177,0.0707540341171975,0.257884203668177,0,0,FOLLOWING,1.757884203668177,0.4496059683689812,0
30.656000000000002,-0.38582114718172494,4.732272227967643,-2.3125775536976287,-1.4788586449163952,3.3555294272023897,0.38408476711063333,0.16598473939052896,0.3841354693119071,0.1499670164492074,1.7578827352565425,0.07075244062553532,0.2578827352565425,0,0,FOLLOWING,1.7578827352565425,0.44960596836898176,0
30.688000000000002,-0.3941115163299536,4.723196353828225,-2.307778631924294,-1.4805308632281533,3.3412268649219143,0.38408245590727375,0.16598084003519256,0.3841337331572144,0.14996659322347292,1.7578813001971096,0.07075086474253789,0.25788130019710964,0,0,FOLLOWING,1.7578813001971096,0.44960596836898065,0
30.72,-0.40235819328409084,4.714080833217166,-2.3029797214854892,-1.4821344102406724,3.326916440789563,0.38408019607371285,0.1659769803454664,0.3841320625122535,0.14996623901732897,1.757879896444609,0.07074930436072124,0.25787989644460896,0,0,FOLLOWING,1.757879896444609,0.4496059683689823,0
30.752,-0.41056098988779455,4.704925875107787,-2.29818082031299,-1.4836692490082992,3.3125984845168803,0.3840779845092918,0.16597315541658436,0.3841304534828595,0.14996594944354996,1.7578785220777697,0.07074775750158224,0.25787852207776973,0,0,FOLLOWING,1.7578785220777697,0.4496059683689824,0
30.784,-0.4187197188872459,4.695731689431848,-2.293381926469789,-1.4851353441684174,3.2982733259889407,0.38407581829582993,0.1659693606424521,0.3841289025109217,0.1499657204016378,1.757877175288524,0.07074622230721328,0.25787717528852405,0,0,FOLLOWING,1.757877175288524,0.4496059683689827,0
30.816,-0.4268341939436951,4.686498487070301,-2.2885830381414447,-1.4865326619422579,3.283941295256767,0.3840736946824352,0.16596559169583733,0.3841274063287654,0.14996554806134646,1.7578758543726478,0.07074469703236286,0.2578758543726478,0,0,FOLLOWING,1.7578758543726478,0.44960596836898165,0
30.848,-0.4349042296450102,4.677226479844708,-2.2837841536279626,-1.4878611701356825,3.269602722529709,0.384071611072365,0.16596184450980545,0.3841259619216726,0.14996542884619754,1.7578745577216464,0.07074318003697311,0.25787455772164636,0,0,FOLLOWING,1.7578745577216464,0.4496059683689818,0
30.88,-0.44292964151639846,4.667915880509202,-2.278985271336203,-1.48912083813992,3.255257938167852,0.3840695650114682,0.16595811526035814,0.38412456649696913,0.14996535941693753,1.7578732838156033,0.07074166977918894,0.25787328381560326,0,0,FOLLOWING,1.7578732838156033,0.44960596836898037,0
30.912,-0.45091024603042956,4.658566902742878,-2.2741863897727925,-1.490311636932276,3.2409072726743897,0.3840675541780464,0.16595440035026165,0.3841232174584269,0.14996533665588493,1.7578720312168963,0.07074016480883216,0.2578720312168963,0,0,FOLLOWING,1.7578720312168963,0.4496059683689803,0
30.944,-0.45884586061647276,4.649179761142535,-2.269387507537507,-1.491433539076799,3.226551056688021,0.3840655763737775,0.16595069639394036,0.38412191238494414,0.14996535765207966,1.757870798564563,0.07073866376129967,0.25787079856456296,0,0,FOLLOWING,1.757870798564563,0.4496059683689817,0
30.976,-0.46673630366963365,4.639754671215694,-2.2645886233171098,-1.4924865187249123,3.2121896209753316,0.38406362951561307,0.1659470002034479,0.384120649012641,0.14996541968719654,1.7578695845692645,0.07073716535188979,0.25786958456926445,0,0,FOLLOWING,1.7578695845692645,0.44960596836898115,0
31.008,-0.4745813945592629,4.630291849373854,-2.2597897358796057,-1.4934705516160127,3.1978232964231585,0.38406171162848607,0.16594330877542104,0.3841194252197344,0.14996552022233506,1.7578683880087476,0.07073566837052248,0.25786838800874756,0,0,FOLLOWING,1.7578683880087476,0.4496059683689815,0
31.04,-0.4823809536370936,4.62079151292592,-2.2549908440688906,-1.4943856150780253,3.18345241403099,0.3840598208386315,0.16593961927891815,0.38411823901373354,0.149965656885963,1.757867207723685,0.07073417167681395,0.257867207723685,0,0,FOLLOWING,1.757867207723685,0.44960596836898037,0
31.072,-0.4901348022450536,4.611253880071796,-2.2501919467997555,-1.4952316880279284,3.169077304903314,0.38405795536756215,0.1659359290441464,0.38411708852031934,0.14996582746256834,1.757866042613921,0.07073267419550833,0.257866042613921,0,0,FOLLOWING,1.757866042613921,0.449605968368981,0
31.104,-0.4978427627227916,4.601679169896085,-2.245393043053234,-1.4960087509722384,3.1546983002420133,0.38405611352646435,0.1659322355519238,0.38411597197389336,0.14996602988207838,1.7578648916349766,0.07073117491220815,0.2578648916349766,0,0,FOLLOWING,1.7578648916349766,0.4496059683689825,0
31.136,-0.5055046584149456,4.592067602361891,-2.2405941318722613,-1.4967167860074597,3.1403157313387204,0.38405429371108263,0.1659285364239204,0.3841148877091435,0.1499662622099895,1.7578637537948598,0.07072967286941623,0.2578637537948598,0,0,FOLLOWING,1.7578637537948598,0.4496059683689823,0
31.168,-0.5131203136781807,4.582419398304709,-2.2357952123576266,-1.497355776820497,3.125929929567182,0.3840524943969695,0.16592482941356243,0.38411383415376454,0.14996652263842383,1.7578626281511003,0.07072816716284924,0.2578626281511003,0,0,FOLLOWING,1.7578626281511003,0.44960596836898326,0
31.2,-0.5206895538880165,4.572734779426373,-2.230996283664198,-1.4979257086890292,3.1115412263756403,0.3840507141350466,0.1659211123975649,0.38411280982188933,0.14996680947735835,1.7578615138079827,0.07072665693800406,0.2578615138079827,0,0,FOLLOWING,1.7578615138079827,0.44960596836898253,0
31.232,-0.5282122054454609,4.5630139682890585,-2.2261973449974093,-1.498426568481852,3.0971499532791746,0.38404895154752167,0.16591738336809217,0.38411181330822497,0.1499671211467035,1.7578604099139974,0.07072514138697894,0.2578604099139974,0,0,FOLLOWING,1.7578604099139974,0.4496059683689823,0
31.264,-0.5356880957834645,4.55325718830933,-2.221398395609969,-1.4988583446591779,3.0827564418520823,0.3840472053240174,0.16591364042540394,0.38411084328285755,0.1499674561689673,1.7578593156594264,0.0707236197454928,0.25785931565942644,0,0,FOLLOWING,1.7578593156594264,0.44960596836898326,0
31.296,-0.5431170533732101,4.543464663752226,-2.2165994347988183,-1.499221027272902,3.0683610237202332,0.3840454742179837,0.16590988177110116,0.3841098984863375,0.14996781316196456,1.7578582302741075,0.07072209129014784,0.2578582302741075,0,0,FOLLOWING,1.7578582302741075,0.449605968368983,0
31.328,-0.5504989077302448,4.533636619725368,-2.2118004619022833,-1.4995146079668338,3.0539640305534195,0.3840437570433446,0.16590610570181438,0.3841089777253776,0.14996819083240198,1.7578571530253426,0.0707205553358703,0.2578571530253426,0,0,FOLLOWING,1.7578571530253426,0.4496059683689835,0
31.36,-0.5578334894204674,4.523773282173104,-2.2070014762974357,-1.4997390799768873,3.039565794057731,0.3840420526713062,0.16590231060335586,0.3841080798687931,0.14996858796946977,1.7578560832159105,0.07071901123354385,0.25785608321591047,0,0,FOLLOWING,1.7578560832159105,0.4496059683689827,0
31.392,-0.5651206300659776,4.513874877870655,-2.202202477397637,-1.4998944381312365,3.0251666459678956,0.3840403600274068,0.1658984949453157,0.3841072038437511,0.1499690034390845,1.757855020182229,0.07071745836781985,0.25785502018222894,0,0,FOLLOWING,1.757855020182229,0.44960596836898287,0
31.424,-0.572360162350794,4.503941634418301,-2.197403464650264,-1.4999806788504366,3.0107669180396504,0.3840386780887078,0.1658946572760524,0.38410634863230964,0.14996943617826014,1.7578539632926076,0.07071589615509,0.25785396329260757,0,0,FOLLOWING,1.7578539632926076,0.44960596836898375,0
31.456,-0.5795519200264508,4.493973780235563,-2.1926044375346065,-1.499997800147506,2.9963669420420924,0.38403700588116396,0.1658907962180967,0.3841055132681999,0.14996988518976187,1.757852911945612,0.07071432404162703,0.2578529119456121,0,0,FOLLOWING,1.757852911945612,0.44960596836898326,0
31.488,-0.5866957379174746,4.483971544555405,-2.1878053955599093,-1.4999458016279696,2.9819670497500264,0.3840353424771638,0.16588691046388152,0.38410469683378407,0.14997034953740015,1.7578518655685362,0.07071274150185802,0.25785186556853623,0,0,FOLLOWING,1.7578518655685362,0.4496059683689834,0
31.52,-0.5937914519267524,4.473935157418448,-2.1830063382635876,-1.4998246844898722,2.967567572936339,0.38403368699317597,0.16588299877185383,0.3841038984572119,0.14997082834092632,1.7578508236159403,0.07071114803679412,0.25785082361594025,0,0,FOLLOWING,1.7578508236159403,0.4496059683689825,0
31.552,-0.6008388990407922,4.46386484966719,-2.178207265209568,-1.4996344515237463,2.953168843364334,0.3840320385875789,0.1658790599629041,0.3841031173097634,0.14997132077182646,1.7578497855683053,0.07070954317258815,0.2578497855683053,0,0,FOLLOWING,1.7578497855683053,0.4496059683689821,0
31.584,-0.607837917334883,4.453760852940232,-2.1734081759867743,-1.4993751071125514,2.9387711927801057,0.3840303964585719,0.16587509291710195,0.38410235260330244,0.1499718260489181,1.7578487509307386,0.0707079264592183,0.25784875093073856,0,0,FOLLOWING,1.7578487509307386,0.44960596836898337,0
31.616,-0.6147883459781587,4.4436233996665235,-2.168609070207743,-1.4990466572315713,2.9243749529048904,0.38402875984224666,0.1658710965707447,0.38410160358790796,0.14997234343434682,1.7578477192317805,0.0707062974692998,0.2578477192317805,0,0,FOLLOWING,1.7578477192317805,0.4496059683689828,0
31.648,-0.6216900252385705,4.433452723059598,-2.163809947507361,-1.4986491094482766,2.909980455427412,0.3840271280107666,0.16586706991369798,0.3841008695495848,0.14997287222958977,1.757846690022279,0.07070465579701324,0.2578466900222789,0,0,FOLLOWING,1.757846690022279,0.4496059683689831,0
31.68,-0.628542796487772,4.423249057111832,-2.159010807541726,-1.4981824729221511,2.895588031996261,0.38402550027063137,0.16586301198699774,0.3841001498081372,0.14997341177187992,1.7578456628743178,0.07070300105714276,0.25784566287431776,0,0,FOLLOWING,1.7578456628743178,0.44960596836898215,0
31.712,-0.6353465022059199,4.413012636588696,-2.154211649987114,-1.4976467584044793,2.8811980142122313,0.384023875961084,0.16585892188073006,0.38409944371509297,0.14997396143051187,1.7578446373802354,0.07070133288422477,0.25784463738023544,0,0,FOLLOWING,1.7578446373802354,0.44960596836898226,0
31.744,-0.6421009859863966,4.402743697023022,-2.1494124745390764,-1.4970419782380997,2.8668107336206985,0.38402225445258126,0.1658547987321847,0.38409875065175286,0.14997452060332903,1.7578436131516844,0.07069965093181095,0.25784361315168436,0,0,FOLLOWING,1.7578436131516844,0.44960596836898314,0
31.776,-0.6488060925404551,4.3924424747092745,-2.144613280911616,-1.4963681463571215,2.852426521703974,0.3840206351453881,0.1658506417242235,0.384098070027317,0.14997508871357348,1.7578425898187668,0.07069795487181585,0.25784258981876684,0,0,FOLLOWING,1.7578425898187668,0.44960596836898203,0
31.808,-0.6554616677017924,4.382109206697828,-2.139814068836487,-1.4956252782866004,2.8380457098736587,0.38401901746826467,0.1658464500839375,0.38409740127708214,0.14997566520651437,1.7578415670292313,0.07069624439398536,0.25784156702923133,0,0,FOLLOWING,1.7578415670292313,0.44960596836898264,0
31.84,-0.6620675584310537,4.371744130789248,-2.135014838062596,-1.4948133911421846,2.823668629463026,0.3840174008772037,0.16584222308151653,0.3840967438606927,0.14997624954619573,1.7578405444477008,0.07069451920545022,0.25784054444770077,0,0,FOLLOWING,1.7578405444477008,0.44960596836898176,0
31.872,-0.6686236128202703,4.361347485528586,-2.130215588355492,-1.4939325036297175,2.809295611719368,0.384015784854316,0.16583796002938261,0.38409609726049837,0.14997684121251134,1.7578395217549931,0.07069277903038795,0.25783952175499314,0,0,FOLLOWING,1.7578395217549931,0.449605968368982,0
31.904,-0.6751296800972334,4.350919510199675,-2.125416319496964,-1.4929826360448093,2.7949269877963796,0.3840141689067411,0.1658336602815387,0.38409546097993325,0.14997743969798472,1.75783849864746,0.07069102360977197,0.25783849864746,0,0,FOLLOWING,1.75783849864746,0.449605968368983,0
31.936,-0.6815856106298107,4.340460444819438,-2.120617031284726,-1.4919638102723658,2.780563088746523,0.3840125525656638,0.16582932323315686,0.3840948345419359,0.14997804450487096,1.7578374748363914,0.07068925270122062,0.2578374748363914,0,0,FOLLOWING,1.7578374748363914,0.44960596836898264,0
31.968,-0.6879912559302017,4.329970530132205,-2.1158177235322126,-1.4908760497860887,2.7662042455133924,0.38401093538542713,0.1658249483204336,0.38409421748744094,0.14997865514200576,1.7578364500474826,0.07068746607895271,0.25783645004748257,0,0,FOLLOWING,1.7578364500474826,0.44960596836898303,0
32.0,-0.6943464686591422,4.319450007604033,-2.1110183960684568,-1.4897193796479313,2.751850788924105,0.3840093169426774,0.1658205350206337,0.38409360937390125,0.1499792711218705,1.7578354240203207,0.07068566353382266,0.25783542402032067,0,0,FOLLOWING,1.7578354240203207,0.44960596836898215,0
32.032000000000004,-0.7006511026300546,4.308899119417044,-2.1062190487380774,-1.488493826507522,2.737503049681661,0.38400769683563346,0.1658160828524385,0.38409300977378213,0.14997989195747807,1.757834396507952,0.07068384487347901,0.2578343965079519,0,0,FOLLOWING,1.757834396507952,0.44960596836898087,0
32.064,-0.7069050128131504,4.298318108463769,-2.101419681401353,-1.4871994186015511,2.7231613583573404,0.38400607468338316,0.16581159137646986,0.3840924182732073,0.14998051715930438,1.7578333672764659,0.07068200992259488,0.2578333672764659,0,0,FOLLOWING,1.7578333672764659,0.4496059683689821,0
32.096000000000004,-0.7131080553394854,4.287707218341509,-2.0966202939344116,-1.4858361857531204,2.708826045383079,0.38400445012529383,0.16580706019614252,0.38409183447048156,0.14998114623225642,1.7578323361046522,0.07068015852323395,0.25783233610465217,0,0,FOLLOWING,1.7578323361046522,0.44960596836898087,0
32.128,-0.7192600875049705,4.277066693346699,-2.0918208862295056,-1.4844041593710533,2.694497441043849,0.38400282282047393,0.165802488958719,0.38409125797474275,0.1499817786722703,1.7578313027836914,0.07067829053529939,0.2578313027836914,0,0,FOLLOWING,1.7578313027836914,0.44960596836898187,0
32.160000000000004,-0.7253609677743421,4.2663967784692955,-2.087021458195412,-1.482903372449175,2.6801758754700655,0.38400119244729525,0.16579787735667179,0.38409068840450444,0.1499824139630358,1.7578302671168855,0.07067640583710677,0.2578302671168855,0,0,FOLLOWING,1.7578302671168855,0.4496059683689799,0
32.192,-0.7314105557850927,4.2556977193871806,-2.082222009757926,-1.4813338595655487,2.665861678629958,0.3839995587030347,0.16579322512932257,0.38409012538634063,0.14998305157272707,1.7578292289194632,0.0706745043260737,0.25782922891946325,0,0,FOLLOWING,1.7578292289194632,0.4496059683689828,0
32.224000000000004,-0.7374087123513646,4.244969762460571,-2.0774225408604763,-1.4796956568816833,2.6515551803219988,0.38399792130350774,0.16578853206473199,0.3840895685534555,0.14998369095027772,1.7578281880183848,0.07067258591951209,0.2578281880183848,0,0,FOLLOWING,1.7578281880183848,0.4496059683689822,0
32.256,-0.7433552994678102,4.234213154726461,-2.0726230514648623,-1.4779888021416947,2.6372567101672684,0.38399627998287844,0.16578379800198878,0.3840890175442405,0.1499843315216079,1.7578271442522553,0.07067065055558032,0.2578271442522553,0,0,FOLLOWING,1.7578271442522553,0.4496059683689842,0
32.288000000000004,-0.7492501803134207,4.223428143893073,-2.0678235415521096,-1.4762133346714421,2.622966597601892,0.3839946344934403,0.16577902283372106,0.38408847200090424,0.1499849726859034,1.7578260974712265,0.07066869819433363,0.25782609747122653,0,0,FOLLOWING,1.7578260974712265,0.4496059683689829,0
32.32,-0.7550932192553256,4.2126149783343365,-2.063024011123461,-1.4743692953776164,2.608685171869425,0.3839929846055587,0.16577420650903582,0.38408793156798593,0.1499856138113318,1.7578250475369979,0.0706667288189442,0.25782504753699786,0,0,FOLLOWING,1.7578250475369979,0.4496059683689842,0
32.352000000000004,-0.7608842818525663,4.201773907084396,-2.058224460201513,-1.472456726746802,2.5944127620132904,0.38399133010761843,0.16576934903678087,0.3840873958908539,0.14998625423061485,1.7578239943228264,0.07066474243705789,0.25782399432282643,0,0,FOLLOWING,1.7578239943228264,0.4496059683689823,0
32.384,-0.7666232348598454,4.190905179832141,-2.0534248888314925,-1.4704756728444948,2.580149696869175,0.38398967080612695,0.16576445048921765,0.3840868646141839,0.14998689323659808,1.7578229377136347,0.07066273908231824,0.25782293771363474,0,0,FOLLOWING,1.7578229377136347,0.44960596836898353,0
32.416000000000004,-0.7723099462312564,4.180009046915759,-2.048625297082693,-1.4684261793140898,2.565896305057473,0.38398800652581166,0.1657595110060761,0.3840863373804033,0.14998753007707538,1.757821877606121,0.0706607188160493,0.25782187760612096,0,0,FOLLOWING,1.757821877606121,0.44960596836898165,0
32.448,-0.7779442851239937,4.169085759317337,-2.0438256850500913,-1.466308293375827,2.551652914975697,0.3839863371098909,0.1657545307991257,0.38408581382797435,0.149988163949547,1.7578208139089768,0.07065868172914791,0.2578208139089768,0,0,FOLLOWING,1.7578208139089768,0.44960596836898237,0
32.480000000000004,-0.7835261219020494,4.158135568657488,-2.039026052856131,-1.4641220638257049,2.5374198547909286,0.38398466242036333,0.1657495101571461,0.3840852935897562,0.14998879399568507,1.7578197465431258,0.07065662794414518,0.2578197465431258,0,0,FOLLOWING,1.7578197465431258,0.44960596836898054,0
32.512,-0.7890553281398971,4.147158727190019,-2.03422640065271,-1.461867541034354,2.523197452432238,0.3839829823384455,0.16574444945147546,0.38408477629110355,0.14998941929489695,1.7578186754420533,0.0706545576175015,0.2578186754420533,0,0,FOLLOWING,1.7578186754420533,0.4496059683689836,0
32.544000000000004,-0.7945317766261677,4.136155487796649,-2.029426728623384,-1.4595447769458825,2.508986035583156,0.38398129676504866,0.16573934914207852,0.38408426154808983,0.14999003885800405,1.7578176005521697,0.0706524709421188,0.25781760055216973,0,0,FOLLOWING,1.7578176005521697,0.44960596836898314,0
32.576,-0.7999553413673196,4.125126103981763,-2.0246270369857875,-1.4571538250766705,2.494785931674091,0.3839796056214344,0.16573420978425704,0.3840837489653941,0.14999065161998185,1.757816521833288,0.07065036815011627,0.25781652183328796,0,0,FOLLOWING,1.757816521833288,0.4496059683689849,0
32.608000000000004,-0.8053258975913086,4.114070829867235,-2.0198273259943096,-1.4546947405141437,2.4805974678748135,0.3839779088499073,0.16572903203597042,0.3840832381342093,0.14999125643225963,1.7578154392591296,0.07064824951585713,0.25781543925912964,0,0,FOLLOWING,1.7578154392591296,0.4496059683689836,0
32.64,-0.8106433217512583,4.102989920187296,-2.015027595943037,-1.4521675799155016,2.466420971086897,0.3839762064146763,0.16572381666590433,0.38408272862999093,0.1499918520542846,1.7578143528179442,0.07064611535928544,0.2578143528179442,0,0,FOLLOWING,1.7578143528179442,0.4496059683689847,0
32.672000000000004,-0.8159074915291399,4.091883630283474,-2.0102278471689887,-1.4495724015064129,2.4522567679362055,0.3839744983028021,0.16571856456228654,0.3840822200100121,0.14999243714440205,1.7578132625131866,0.07064396604956924,0.2578132625131866,0,0,FOLLOWING,1.7578132625131866,0.44960596836898303,0
32.704,-0.8211182858394601,4.0807522160996,-2.005428080055668,-1.4469092650796727,2.4381051847653477,0.38397278452532413,0.16571327674256273,0.3840817118107389,0.1499930102499652,1.7578121683643153,0.07064180200909975,0.2578121683643153,0,0,FOLLOWING,1.7578121683643153,0.4496059683689841,0
32.736000000000004,-0.8262755848329675,4.0695959341769,-2.0006282950369623,-1.4441782319938268,2.423966547626179,0.3839710651184754,0.16570795436396582,0.38408120354509917,0.1499935697964883,1.757811070407653,0.07063962371785815,0.25781107040765305,0,0,FOLLOWING,1.757811070407653,0.44960596836898203,0
32.768,-0.8313792699003782,4.058415041649163,-1.995828492601419,-1.4413793651717568,2.4098411822722685,0.38396934014511325,0.1657025987351067,0.38408069469936523,0.14999411407576563,1.7578099686973905,0.07063743171820391,0.2578099686973905,0,0,FOLLOWING,1.7578099686973905,0.44960596836898303,0
32.8,-0.8364292236761292,4.047209796238016,-1.991028673296947,-1.4385127290992306,2.3957294141514147,0.3839676096962559,0.1656972113286618,0.3840801847299612,0.1499946412328579,1.7578088633066664,0.07063522662011623,0.2578088633066664,0,0,FOLLOWING,1.7578088633066664,0.44960596836898353,0
32.832,-0.8414253300421631,4.035980456248287,-1.9862288377359558,-1.4355783898234162,2.3816315683981277,0.3839658738928577,0.1656917937952343,0.3840796730598809,0.14999514925201618,1.7578077543288069,0.07063300910691872,0.25780775432880687,0,0,FOLLOWING,1.7578077543288069,0.44960596836898115,0
32.864,-0.8463674741317541,4.024727280563507,-1.981428986601007,-1.4325764149513596,2.367547969826145,0.3839641328877509,0.16568634797856538,0.3840791590748396,0.14999563594099052,1.7578066418786802,0.07063077994156086,0.2578066418786802,0,0,FOLLOWING,1.7578066418786802,0.44960596836898387,0
32.896,-0.8512555423333775,4.01345052864152,-1.976629120651003,-1.4295068736484318,2.353478942920965,0.3839623868677758,0.1656808759321261,0.3840786421191135,0.1499960989141239,1.7578055260941825,0.07062853997347163,0.2578055260941825,0,0,FOLLOWING,1.7578055260941825,0.44960596836898314,0
32.928,-0.8560894222946357,4.002150460510237,-1.9718292407279907,-1.4263698366367255,2.3394248118323375,0.38396063605621905,0.165675379937393,0.38407812149087484,0.149996535573178,1.7578044071379295,0.07062629014610389,0.2578044071379295,0,0,FOLLOWING,1.7578044071379295,0.44960596836898464,0
32.96,-0.8608690029262452,3.9908273367635627,-1.967029347764609,-1.4231653761934377,2.3253859003668262,0.3839588807154318,0.1656698625237447,0.38407759643725,0.14999694308706238,1.7578032851990757,0.07062403150515095,0.2578032851990757,0,0,FOLLOWING,1.7578032851990757,0.4496059683689833,0
32.992,-0.8655941744060953,3.9794814185574685,-1.9622294427922882,-1.419893566149193,2.311362531980325,0.38395712114977293,0.1656643264903875,0.38407706614879655,0.14999731836856706,1.7578021604953549,0.07062176520759889,0.25780216049535487,0,0,FOLLOWING,1.7578021604953549,0.4496059683689844,0
33.024,-0.87026482818339,3.968112967606279,-1.9574295269502349,-1.4165544818863514,2.297355029770627,0.3839553577088236,0.16565877493030515,0.384076529753487,0.14999765804968287,1.7578010332753087,0.07061949253161505,0.2578010332753087,0,0,FOLLOWING,1.7578010332753087,0.44960596836898237,0
33.056,-0.8748808569828812,3.9567222461791585,-1.9526296014953237,-1.4131482003372655,2.283363716469957,0.3839535907909876,0.16565321125661392,0.38407598631002693,0.14999795845323033,1.7577999038207752,0.07061721488742778,0.2577999038207752,0,0,FOLLOWING,1.7577999038207752,0.44960596836898303,0
33.088,-0.879442154809208,3.945309517096831,-1.9478296678129623,-1.4096747999825125,2.2693889144375614,0.38395182084739066,0.16564763923143763,0.38407543480063205,0.1499982155625077,1.757798772449591,0.07061493382924766,0.25779877244959093,0,0,FOLLOWING,1.757798772449591,0.4496059683689808,0
33.12,-0.8839486169513547,3.9338750437285657,-1.9430297274290587,-1.406134360849082,2.255430945652254,0.3839500483862657,0.16564206299769543,0.3840748741228715,0.14999842498694704,1.7577976395186183,0.07061265106839043,0.25779763951861834,0,0,FOLLOWING,1.7577976395186183,0.44960596836898165,0
33.152,-0.8884001399872423,3.9224190899894444,-1.9382297820231802,-1.4025269645085365,2.241490131705024,0.38394827397770687,0.16563648711397053,0.3840743030808602,0.14999858192454624,1.757796505427035,0.07061036848767155,0.257796505427035,0,0,FOLLOWING,1.757796505427035,0.44960596836898,0
33.184,-0.8927966217884695,3.9109419203379523,-1.933429833443073,-1.3988526940751256,2.227566793791601,0.3839464982589987,0.16563091659296938,0.38407372037532994,0.14999868111979145,1.7577953706200111,0.07060808815728126,0.2577953706200111,0,0,FOLLOWING,1.7577953706200111,0.4496059683689828,0
33.216,-0.8971379615252233,3.8994437997739206,-1.928629883720654,-1.39511163420388,2.2136612527050836,0.38394472194040413,0.16562535694376815,0.3840731245927936,0.14999871681723234,1.7577942355927116,0.07060581235222595,0.25779423559271164,0,0,FOLLOWING,1.7577942355927116,0.4496059683689822,0
33.248,-0.9014240596713753,3.8879249938368674,-1.9238299350896766,-1.3913038710886525,2.1997738288285165,0.3839429458116635,0.16561981421847805,0.3840725141933395,0.14999868270949487,1.757793100894778,0.07060354357158971,0.257793100894778,0,0,FOLLOWING,1.757793100894778,0.4496059683689837,0
33.28,-0.905654818009792,3.8763857686047754,-1.9190299900052346,-1.3874294924601376,2.185904842127536,0.38394117074906403,0.16561429506363526,0.3840718874972546,0.1499985718796396,1.7577919671352131,0.07060128455974946,0.25779196713521313,0,0,FOLLOWING,1.7577919671352131,0.4496059683689825,0
33.312,-0.9098301396378775,3.8648263906933615,-1.9142300511653263,-1.3834885875838463,2.1720546121429773,0.3839393977233384,0.1656088067769929,0.3840712426700187,0.14999837673684374,1.7577908349878306,0.07059903832981673,0.2577908349878306,0,0,FOLLOWING,1.7577908349878306,0.4496059683689836,0
33.344,-0.9139499289733811,3.853247127255894,-1.9094301215347187,-1.3794812472580542,2.1582234579835324,0.38393762780833696,0.16560335737023912,0.3840705777056151,0.1499980889445334,1.7577897051972415,0.07059680818952807,0.25778970519724154,0,0,FOLLOWING,1.7577897051972415,0.44960596836898165,0
33.376,-0.9180140917604979,3.8416482459836163,-1.9046302043713799,-1.3754075638117031,2.144411698318375,0.38393586219067943,0.16559795563841995,0.3840698904079654,0.14999769934017876,1.7577885785855145,0.07059459776990162,0.2577885785855145,0,0,FOLLOWING,1.7577885785855145,0.4496059683689825,0
33.408,-0.9220225350762973,3.8300300151068596,-1.8998303032557957,-1.3712676311022811,2.1306196513698428,0.38393410218038354,0.1655926112367872,0.38406917837003807,0.14999719784494628,1.7577874560595133,0.0705924110569589,0.25778745605951325,0,0,FOLLOWING,1.7577874560595133,0.449605968368981,0
33.44,-0.9259751673375194,3.8183927033969156,-1.8950304221235044,-1.3670615445136542,2.1168476349060814,0.3839323492227159,0.16558733476601104,0.38406843895066367,0.14999657336343664,1.7577863386190729,0.07059025242689931,0.25778633861907285,0,0,FOLLOWING,1.7577863386190729,0.4496059683689822,0
33.472,-0.929871898307778,3.806736580168768,-1.8902305653012583,-1.3627894009538712,2.103095966233747,0.3839306049112624,0.16558213786673587,0.384067669248389,0.14999581367018955,1.7577852273660244,0.07058812668513292,0.2577852273660244,0,0,FOLLOWING,1.7577852273660244,0.4496059683689805,0
33.504,-0.9337126391052241,3.7950619152847875,-1.885430737547249,-1.3584512988529296,2.0893649621906696,0.3839288710025314,0.1655770333246558,0.38406686607219953,0.14999490528254908,1.7577841235142713,0.070586039109652,0.25778412351427127,0,0,FOLLOWING,1.7577841235142713,0.44960596836898326,0
33.536,-0.9374973022107183,3.7833689791595044,-1.8806309440959195,-1.3540473381605125,2.0756549391385843,0.3839271494320879,0.1655720351873795,0.38406602590868955,0.14999383331765365,1.7577830284009308,0.07058399549927374,0.2577830284009308,0,0,FOLLOWING,1.7577830284009308,0.4496059683689827,0
33.568,-0.9412258014765758,3.7716580427656035,-1.8758311907079406,-1.349577620343677,2.061966212955809,0.3839254423326211,0.16556715889465087,0.3840651448848884,0.14999258133073445,1.7577819434988042,0.07058200222739264,0.25778194349880423,0,0,FOLLOWING,1.7577819434988042,0.4496059683689847,0
33.6,-0.9448980521359526,3.759929377641285,-1.8710314837260238,-1.3450422483845257,2.0482990990299936,0.3839237520539731,0.16556242142353186,0.38406421872659646,0.14999113113297324,1.7577808704302091,0.07058006630191094,0.25778087043020914,0,0,FOLLOWING,1.7577808704302091,0.44960596836898353,0
33.632,-0.9485139708129475,3.7481832558991806,-1.8662318301373155,-1.3404413267778268,2.0346539122508345,0.38392208118556626,0.1655578414505489,0.38406324271119,0.1499894625855737,1.7577798109824656,0.07057819543217203,0.2577798109824656,0,0,FOLLOWING,1.7577798109824656,0.44960596836898453,0
33.664,-0.9520734755335093,3.736419950237013,-1.8614322376432861,-1.3357749615286112,2.0210309670028357,0.3839204325813897,0.16555343953304735,0.38406221161425486,0.14998755336591818,1.757778767125156,0.07057639810382167,0.2577787671251559,0,0,FOLLOWING,1.757778767125156,0.4496059683689827,0
33.696,-0.9555764857372451,3.7246397339502444,-1.8566327147380777,-1.3310432601497268,2.0074305771580483,0.38391880938801254,0.16554923831227164,0.3840611196490986,0.14998537870271042,1.7577777410294735,0.07057468366263886,0.2577777410294735,0,0,FOLLOWING,1.7577777410294735,0.44960596836898326,0
33.728,-0.9590229222902443,3.712842880946974,-1.8518332707965053,-1.326246331659366,1.9938530560688572,0.38391721507589793,0.16554526274114897,0.38405996039818013,0.14998291107493353,1.7577767350898632,0.07057306240856431,0.2577767350898632,0,0,FOLLOWING,1.7577767350898632,0.44960596836898137,0
33.76,-0.9624127074990417,3.701029665765384,-1.8470339161730078,-1.3213842865785463,1.9802987165607435,0.38391565347459294,0.16554154034012628,0.38405872673507435,0.1499801198689919,1.7577757519483352,0.07057154570130963,0.25777575194833524,0,0,FOLLOWING,1.7577757519483352,0.44960596836898203,0
33.792,-0.9657457651258653,3.6892003635941073,-1.8422346623131511,-1.3164572369285739,1.966767870925094,0.38391412881221004,0.16553810148506604,0.3840574107355199,0.14997697098712617,1.7577747945217592,0.07057014607920098,0.2577747945217592,0,0,FOLLOWING,1.7577747945217592,0.44960596836898037,0
33.824,-0.9690220204053326,3.677355250295903,-1.837435521879407,-1.3114652962284516,1.953260830911987,0.38391264575990475,0.16553497973163644,0.3840560035760172,0.1499734264007086,1.757773866032611,0.0705688773930877,0.257773866032611,0,0,FOLLOWING,1.757773866032611,0.4496059683689834,0
33.856,-0.9722414000627836,3.6654946024351287,-1.8326365088933336,-1.3064085794922766,1.9397779077230364,0.38391120948194263,0.16553221218150208,0.3840544954178217,0.14996944363810014,1.757772970043598,0.07056775495750746,0.257772970043598,0,0,FOLLOWING,1.757772970043598,0.4496059683689831,0
33.888,-0.9754038323344625,3.6536186973095557,-1.8278376388965554,-1.3012872032265754,1.9263194120041884,0.38390982569231996,0.1655298398964688,0.3840528752739004,0.14996497519690768,1.7577721104968183,0.07056679572164803,0.25777211049681825,0,0,FOLLOWING,1.7577721104968183,0.44960596836898475,0
33.92,-0.9785092469897957,3.6417278129871624,-1.8230389291333602,-1.2961012854276324,1.9128856538385943,0.3839085007187006,0.16552790836761924,0.3840511308563772,0.149959967868619,1.7577712917579986,0.07056601846300814,0.2577712917579986,0,0,FOLLOWING,1.7577712917579986,0.4496059683689833,0
33.952,-0.9815575753560483,3.6298222283486603,-1.8182403987582123,-1.2908509455787631,1.8994769427394425,0.3839072415749591,0.1655264680478358,0.3840492484007941,0.14995436195992132,1.7577705186666919,0.0705654440072292,0.2577705186666919,0,0,FOLLOWING,1.7577705186666919,0.44960596836898453,0
33.984,-0.9845487503456828,3.6179022231366167,-1.8134420690720492,-1.2855363046475663,1.8860935876428493,0.38390605604345807,0.1655255749574237,0.3840472124634836,0.14994809039304208,1.7577697965932324,0.07056509547810075,0.2577697965932324,0,0,FOLLOWING,1.7577697965932324,0.44960596836898287,0
34.016,-0.9874827064867976,3.605968078012205,-1.808643963791884,-1.2801574850831332,1.8727358969007186,0.383904952768725,0.16552529137427344,0.38404500568741323,0.14994107766529227,1.7577691315035926,0.07056499858246769,0.2577691315035926,0,0,FOLLOWING,1.7577691315035926,0.4496059683689837,0
34.048,-0.9903593799570756,3.5940200746207807,-1.8038461093590645,-1.2747146108132297,1.859404178273659,0.38390394136415934,0.1655256866219907,0.3840426085308003,0.1499332386406366,1.7577685300332877,0.07056518193557837,0.2577685300332877,0,0,FOLLOWING,1.7577685300332877,0.44960596836898203,0
34.08,-0.9931787086217495,3.582058495667707,-1.799048535292524,-1.2692078072414366,1.8460987389238737,0.38390303253400637,0.16552683797198578,0.38403999895179286,0.14992447714405485,1.7577679995718734,0.07056567743347797,0.25776799957187335,0,0,FOLLOWING,1.7577679995718734,0.4496059683689827,0
34.112,-0.9959406320761678,3.570083625006097,-1.7942512745944619,-1.2636372012442663,1.8328198854081008,0.383902238212942,0.1655288316781631,0.3840371520414853,0.14991468432278807,1.7577675483596757,0.07056652068014135,0.25776754835967575,0,0,FOLLOWING,1.7577675483596757,0.44960596836898065,0
34.144,-0.9986450916936411,3.5580957477384723,-1.7894543642173872,-1.2580029211682318,1.8195679236705309,0.3839015717263239,0.16553176416670765,0.38403403959518684,0.1499037367289449,1.7577671855988728,0.07056775147863004,0.2577671855988728,0,0,FOLLOWING,1.7577671855988728,0.4496059683689836,0
34.176,-1.0012920306793704,3.546095150334691,-1.7846578456030808,-1.2523050968269005,1.8063431590357861,0.38390104797445973,0.16553574340737875,0.38403062961066176,0.14989149407209387,1.7577669215812686,0.07056941439718045,0.25776692158126857,0,0,FOLLOWING,1.7577669215812686,0.44960596836898314,0
34.208,-1.0038813941313849,3.534082120768977,-1.7798617653061592,-1.2465438594978906,1.7931458962018514,0.38390068364522334,0.16554089049820242,0.3840268856987299,0.1498777965750711,1.757766767835764,0.07057155942338021,0.257766767835764,0,0,FOLLOWING,1.757766767835764,0.4496059683689849,0
34.24,-1.0064131291095946,3.522056948679409,-1.775066175717413,-1.2407193419198572,1.779976439233083,0.3839004974597735,0.16554734150146072,0.3840227663895701,0.14986246185648816,1.757766737298854,0.07057424272208435,0.2577667372988539,0,0,FOLLOWING,1.757766737298854,0.44960596836898353,0
34.272,-1.0088871847142435,3.510019925553939,-1.770271135905209,-1.2348316782894249,1.7668350915531825,0.3839005104575429,0.1655552495768286,0.3840182243128425,0.1498452812408285,1.7577668445124315,0.07057752751599189,0.2577668445124315,0,0,FOLLOWING,1.7577668445124315,0.44960596836898487,0
34.304,-1.011303512175303,3.49797134494782,-1.7654767125970179,-1.2288810042581062,1.7537221559382241,0.3839007463275141,0.16556478746675948,0.3840132052265193,0.14982601537972728,1.7577671058538087,0.07058148511162776,0.2577671058538087,0,0,FOLLOWING,1.7577671058538087,0.44960596836898303,0
34.336,-1.013662064954611,3.485911502738344,-1.760682981327824,-1.2228674569291655,1.740637934509659,0.38390123179459856,0.16557615040099924,0.38400764686209404,0.14980438903690949,1.7577675398040875,0.07058619609833759,0.2577675398040875,0,0,FOLLOWING,1.7577675398040875,0.44960596836898387,0
34.368,-1.015962798862929,3.473840697424069,-1.7558900277879463,-1.2167911748544693,1.7275827287273748,0.38390199707149747,0.16558955950136384,0.38400147754698427,0.1497800848562193,1.7577681672621408,0.07059175175378152,0.2577681672621408,0,0,FOLLOWING,1.7577681672621408,0.44960596836898187,0
34.4,-1.0182056721944892,3.4617592304772735,-1.7510979494100214,-1.2106522980312846,1.7145568393827308,0.3839030763890148,0.1656052657859589,0.3839946145553521,0.1497527358882629,1.7577690119132419,0.07059825569685917,0.25776901191324186,0,0,FOLLOWING,1.7577690119132419,0.4496059683689826,0
34.432,-1.0203906458821344,3.449667406760325,-1.7463068572438731,-1.2044509678990658,1.7015605665916462,0.38390450862033404,0.1656235548941556,0.38398696212624606,0.14972191659343742,1.757770100663195,0.07060582583814123,0.25777010066319495,0,0,FOLLOWING,1.757770100663195,0.4496059683689804,0
34.464,-1.0225176836767718,3.4375655350191137,-1.7415168781792751,-1.1981873273361798,1.6885942097876636,0.38390633801863616,0.16564475268178233,0.38397840907299413,0.14968713197053077,1.7577714641514914,0.07061459668948333,0.25777146415149144,0,0,FOLLOWING,1.7577714641514914,0.44960596836898303,0
34.496,-1.0245867523556387,3.4254539284697523,-1.7367281575907616,-1.1918615206566336,1.67565806771508,0.38390861509160995,0.16566923187084176,0.3839688258881441,0.14964780436747613,1.7577731373599768,0.07062472210889048,0.25777313735997676,0,0,FOLLOWING,1.7577731373599768,0.44960596836898226,0
34.528,-1.026597821964845,3.413332905498636,-1.731940862496651,-1.1854736936067294,1.6627524384220291,0.38391139764238913,0.16569741998290966,0.3839580612226596,0.14960325741223968,1.7577751603376695,0.07063637857519334,0.25777516033766945,0,0,FOLLOWING,1.7577751603376695,0.4496059683689839,0
34.56,-1.0285508661028304,3.4012027905008844,-1.7271551853472413,-1.1790239933617226,1.649877619253644,0.3839147520132282,0.1657298088414954,0.3839459375858026,0.14955269635090532,1.7577775790671717,0.0706497691102621,0.2577775790671717,0,0,FOLLOWING,1.7577775790671717,0.4496059683689827,0
34.592,-1.030445862252875,3.3890639148884563,-1.722371348586276,-1.1725125685224187,1.6370339068451838,0.38391875457772356,0.16576696600095098,0.3839322460699826,0.1494951838830558,1.757780446504735,0.07066512799630331,0.2577804465047351,0,0,FOLLOWING,1.757780446504735,0.44960596836898387,0
34.624,-1.0322827906493905,3.3769161237706764,-1.717587063485843,-1.165939569111761,1.6242215971152192,0.38392280180678484,0.16580333254518326,0.3839320298505987,0.14950919457099926,1.757783330845112,0.0706801575349245,0.25778333084511207,0,0,FOLLOWING,1.757783330845112,0.4496059683689819,0
34.656,-1.034061602717845,3.36475955999364,-1.71280177529584,-1.159305146571362,1.6114409852587945,0.38392670041019217,0.1658375417791008,0.3839359478282288,0.14954054129910066,1.7577860989856582,0.07069429369019309,0.2577860989856582,0,0,FOLLOWING,1.7577860989856582,0.44960596836898276,0
34.688,-1.0357822419268552,3.352594497053584,-1.7080155438495395,-1.1526094537580258,1.5986923657406464,0.3839304434213389,0.16586971774528594,0.38393993854199104,0.14957001822689786,1.7577887482994963,0.07070758813359723,0.2577887482994963,0,0,FOLLOWING,1.7577887482994963,0.4496059683689811,0
34.72,-1.0374446535766233,3.3404212163201916,-1.7032284267926852,-1.1458526449402173,1.5859760322883998,0.3839340361890928,0.16589998120847643,0.3839437772440153,0.14959769371503678,1.7577912835043406,0.07072009093982157,0.25779128350434055,0,0,FOLLOWING,1.7577912835043406,0.4496059683689821,0
34.752,-1.0390487855456259,3.3282400001596018,-1.6984404788981546,-1.1390348757945143,1.5732922778858205,0.3839374849474483,0.16592844772201312,0.38394745051476176,0.14962365754108303,1.7577937097842828,0.07073185000039485,0.25779370978428284,0,0,FOLLOWING,1.7577937097842828,0.44960596836898004,0
34.784,-1.040594588247401,3.316051131230795,-1.6936517520174559,-1.132156303402013,1.5606413947660402,0.38394079571467876,0.16595522733052764,0.383950965248349,0.14964800099825404,1.7577960321258306,0.07074291092124385,0.2577960321258306,0,0,FOLLOWING,1.7577960321258306,0.4496059683689831,0
34.816,-1.0420820145061884,3.3038548923981126,-1.6888622950860637,-1.1252170862447222,1.5480236744048572,0.3839439742182577,0.16598042440477026,0.38395432966906884,0.14967081521317463,1.7577982552706808,0.07075331695568086,0.2577982552706808,0,0,FOLLOWING,1.7577982552706808,0.4496059683689824,0
34.848,-1.043511019435033,3.2916515667061055,-1.684072154171933,-1.1182173842018934,1.5354394075139828,0.38394702591492985,0.16600413759427962,0.3839575515354224,0.1496921897963072,1.7578003837270422,0.07076310898452175,0.25780038372704217,0,0,FOLLOWING,1.7578003837270422,0.44960596836898403,0
34.88,-1.044881560326333,3.2794414373617533,-1.6792813725577223,-1.1111573585463557,1.5228888840343742,0.3839499560142102,0.166026459878843,0.3839606380460187,0.14971221178859706,1.7578024217842676,0.07077232553715862,0.2578024217842676,0,0,FOLLOWING,1.7578024217842676,0.44960596836898264,0
34.912,-1.0461935965560665,3.2672247877189244,-1.674489990847872,-1.104037171940785,1.5103723931295319,0.38395276949804036,0.16604747869843411,0.3839635958945172,0.14973096488493917,1.7578043735261812,0.07078100284528932,0.25780437352618124,0,0,FOLLOWING,1.7578043735261812,0.44960596836898387,0
34.944,-1.0474470895013115,3.2550019012646434,-1.6696980470926261,-1.0968569884339687,1.4978902231788584,0.3839554711369209,0.16606727614194702,0.3839664313247049,0.14974852890432985,1.757806242843044,0.07078917492112136,0.2578062428430441,0,0,FOLLOWING,1.757806242843044,0.44960596836898237,0
34.976,-1.0486420024700422,3.2427730616070085,-1.6649055769223289,-1.0896169734570136,1.4854426617709922,0.3839580655035568,0.16608592917738543,0.3839691501757673,0.1497649794690883,1.757808033442559,0.07079687365282927,0.257808033442559,0,0,FOLLOWING,1.757808033442559,0.44960596836898337,0
35.008,-1.0497783006418693,3.23053855246452,-1.6601126136865123,-1.082317293819548,1.4730299956972017,0.3839605569845223,0.16610350990842213,0.38397175792022215,0.14978038785507491,1.7578097488600293,0.07080412891099175,0.2578097488600293,0,0,FOLLOWING,1.7578097488600293,0.4496059683689814,0
35.04,-1.0508559510182611,3.2182986576565638,-1.6553191885935015,-1.0749581177058642,1.4606525109447601,0.3839629497905615,0.1661200858451145,0.38397425969668186,0.14979482097525346,1.757811392467886,0.07081096866092285,0.257811392467886,0,0,FOLLOWING,1.757811392467886,0.44960596836898203,0
35.072,-1.0518749223807953,3.2060536610947707,-1.6505253308473553,-1.067539614671058,1.4483104926903727,0.383965247965695,0.16613572017904607,0.38397666033909283,0.1498083414634194,1.7578129674845617,0.07081741907685514,0.25781296748456173,0,0,FOLLOWING,1.7578129674845617,0.44960596836898004,0
35.104,-1.0528351852560616,3.1938038467750074,-1.645731067779845,-1.060061955637107,1.4360042252935874,0.3839674553954596,0.1661504720555607,0.3839789644031127,0.14982100782879884,1.7578144769828141,0.07082350465492326,0.2578144769828141,0,0,FOLLOWING,1.7578144769828141,0.449605968368983,0
35.136,-1.0537367118859875,3.18154949876981,-1.6409364249760023,-1.0525253128889491,1.4237339922902696,0.38396957581431407,0.16616439683778436,0.3839811761901762,0.14983287465737982,1.757815923897452,0.07082924832274307,0.257815923897452,0,0,FOLLOWING,1.757815923897452,0.4496059683689826,0
35.168,-1.0545794762025094,3.1692909012210935,-1.636141426392336,-1.0449298600704968,1.4115000763860386,0.38397161281247477,0.1661775463588931,0.3839832997693611,0.14984399284078656,1.7578173110325765,0.07083467154411394,0.25781731103257655,0,0,FOLLOWING,1.7578173110325765,0.4496059683689843,0
35.2,-1.0553634538056844,3.1570283383330335,-1.6313460944673257,-1.0372757721806494,1.3993027594497798,0.3839735698420881,0.16618996916036052,0.3839853389972883,0.1498544098176637,1.7578186410682526,0.07083979441790356,0.2578186410682526,0,0,FOLLOWING,1.7578186410682526,0.44960596836898276,0
35.232,-1.0560886744377973,3.144762094280864,-1.626550640878718,-1.02956322556925,1.387142322507131,0.38397544025632435,0.16620224115811333,0.3839873915942138,0.14985821182551157,1.7578199172746982,0.07084485628529946,0.2578199172746982,0,0,FOLLOWING,1.7578199172746982,0.4496059683689839,0
35.264,-1.0567550623573687,3.1324924538427554,-1.6217548608407448,-1.0217923979330346,1.3750190457340268,0.3839772403981672,0.16621379027415253,0.38398924979208937,0.1498684134268722,1.7578211422419967,0.07084961921804811,0.2578211422419967,0,0,FOLLOWING,1.7578211422419967,0.4496059683689819,0
35.296,-1.057362597477536,3.12021970133972,-1.6169587787393611,-1.013963468311526,1.3629332084502221,0.3839789729345809,0.16622466986400714,0.38399103482828173,0.14987785296298317,1.7578223182404529,0.07085410532899461,0.2578223182404529,0,0,FOLLOWING,1.7578223182404529,0.44960596836898287,0
35.328,-1.0579112624169291,3.1079441210323107,-1.6121624168846413,-1.0060766170829183,1.3508850891128792,0.3839806403073163,0.16623493007735846,0.3839927544196824,0.14988659530523687,1.757823447365108,0.07085833540343156,0.257823447365108,0,0,FOLLOWING,1.757823447365108,0.4496059683689805,0
35.36,-1.0584010413102214,3.0956659972197946,-1.6073657955708507,-0.998132025959912,1.3388749653101286,0.38398224492557775,0.16624461638216106,0.3839944109242446,0.14989470344804365,1.7578245316326442,0.07086232828245942,0.2578245316326442,0,0,FOLLOWING,1.7578245316326442,0.4496059683689815,0
35.392,-1.0588319197772194,3.0833856142433773,-1.6025689333260924,-0.9901298779855381,1.3269031137546972,0.3839837891742107,0.16625377012437448,0.38399600628516833,0.14990223258424126,1.7578255729933252,0.07086610109535263,0.2578255729933252,0,0,FOLLOWING,1.7578255729933252,0.4496059683689795,0
35.424,-1.0592038849290608,3.0711032564762415,-1.597771847122327,-0.9820703575289285,1.3149698102775078,0.3839852754021751,0.1662624290426492,0.38399754248814666,0.14990923134359246,1.7578265733305511,0.07086966947358553,0.25782657333055115,0,0,FOLLOWING,1.7578265733305511,0.4496059683689825,0
35.456,-1.0595169253721943,3.058819208313026,-1.5929745525521655,-0.9739536502810826,1.3030753298213538,0.38398670591186446,0.16627062770013662,0.3839990215721518,0.1499157428310341,1.7578275344598793,0.07087304773041359,0.25782753445987927,0,0,FOLLOWING,1.7578275344598793,0.4496059683689822,0
35.488,-1.0597710312095874,3.0465337541600137,-1.5881770639786088,-0.9657799432505727,1.291219946434532,0.3839880829511107,0.1662783978476412,0.3840004456028734,0.14992180547210487,1.7578284581287928,0.07087624901188148,0.25782845812879285,0,0,FOLLOWING,1.7578284581287928,0.449605968368984,0
35.52,-1.0599661940398433,3.0342471784260328,-1.583379394662691,-0.9575494247592498,1.2794039332645561,0.3839894087073323,0.16628576873082582,0.38400181664875443,0.14992745370344895,1.757829346017052,0.07087928542455058,0.257829346017052,0,0,FOLLOWING,1.757829346017052,0.44960596836898264,0
35.552,-1.0601024069547953,3.0219597655139734,-1.578581556873002,-0.9492622844378928,1.2676275625518416,0.38399068530356234,0.1662927673518622,0.3840031367621764,0.14993271853914358,1.7578301997375994,0.07088216814426684,0.25783019973759935,0,0,FOLLOWING,1.7578301997375994,0.44960596836898387,0
35.584,-1.0601796645360124,3.009671799812809,-1.5737835619802605,-0.9409187132218517,1.2558911056234532,0.3839919147958144,0.16629941869367057,0.3840044079652432,0.1499376280378151,1.7578310208377985,0.07088490750936116,0.2578310208377985,0,0,FOLLOWING,1.7578310208377985,0.4496059683689823,0
35.616,-1.060197921928623,2.997383565688825,-1.5689854208475749,-0.9325189033466348,1.2441948328868357,0.3839930953759817,0.16630569058213557,0.3840056345923538,0.14994219806230605,1.757831807827445,0.07088749019088714,0.2578318078274451,0,0,FOLLOWING,1.757831807827445,0.44960596836898337,0
35.648,-1.0601572110765494,2.9850953475766078,-1.5641871398202043,-0.9240630483434931,1.2325390138235996,0.38399423176695363,0.16631164331892795,0.38400681837241446,0.14994656979767151,1.7578325642983739,0.07088994114636216,0.25783256429837387,0,0,FOLLOWING,1.7578325642983739,0.4496059683689815,0
35.68,-1.0600575344319105,2.9728074296882094,-1.5593887088244496,-0.9155513430349478,1.220923916983296,0.3839953268528381,0.166317255406145,0.38400796253831526,0.1499512563375384,1.757833291708677,0.0708922513922432,0.25783329170867697,0,0,FOLLOWING,1.757833291708677,0.44960596836898276,0
35.712,-1.059898901326695,2.9605200961697054,-1.5545901093229866,-0.906983983530318,1.2093498099772466,0.3839963845451173,0.16632249252037073,0.38400906533958845,0.14995652217171856,1.757833991970815,0.07089440659839208,0.257833991970815,0,0,FOLLOWING,1.757833991970815,0.44960596836898087,0
35.744,-1.0596813072959654,2.9482336310767057,-1.549791306084235,-0.8983611672211813,1.1978169594723584,0.38399740781989045,0.16632725939452128,0.3840101358513513,0.14996288899856958,1.757834665668017,0.0708963671392493,0.25783466566801705,0,0,FOLLOWING,1.757834665668017,0.4496059683689838,0
35.776,-1.0594047542855234,2.9359483183735433,-1.544992273195291,-0.8896830927768504,1.1863256311850057,0.3839983994791221,0.16633149007516482,0.3840111757327542,0.14997006560840834,1.7578353136486091,0.07089810556815901,0.2578353136486091,0,0,FOLLOWING,1.7578353136486091,0.4496059683689833,0
35.808,-1.0590692454033785,2.923664441981356,-1.5401929862020234,-0.8809499601397723,1.1748760898748773,0.3839993621043935,0.16633512182657403,0.38401218695701755,0.1499780064142676,1.7578359366693217,0.07089959577914873,0.2578359366693217,0,0,FOLLOWING,1.7578359366693217,0.449605968368985,0
35.84,-1.0586747848484879,2.9113822857800487,-1.5353934222322365,-0.8721619705209398,1.1634685993389025,0.38400029804609254,0.16633809533085517,0.38401317143431346,0.14998666198036584,1.7578365353913488,0.07090081309023022,0.25783653539134876,0,0,FOLLOWING,1.7578365353913488,0.44960596836898387,0
35.872,-1.0582209196806043,2.8991021341413292,-1.5305936264655273,-0.8633193263952417,1.152103422405155,0.3840011354013195,0.16633988752482073,0.3840146905122258,0.14999390567352425,1.7578370601034174,0.07090154160912587,0.25783706010341745,0,0,FOLLOWING,1.7578370601034174,0.44960596836898475,0
35.904,-1.0577074722273085,2.8868242732575626,-1.5257937439831055,-0.8544222314968106,1.140780820926812,0.3840018305469456,0.16634059083964678,0.3840165080974549,0.14999661555413857,1.7578374858120256,0.07090182055478979,0.2578374858120256,0,0,FOLLOWING,1.7578374858120256,0.4496059683689829,0
35.936,-1.057135415666772,2.8745489894773577,-1.520993814122004,-0.8454708908143163,1.1295010557761072,0.3840025373461248,0.16634161560871402,0.3840169127730747,0.1499980961514185,1.7578379225616962,0.07090223279637176,0.25783792256169624,0,0,FOLLOWING,1.7578379225616962,0.44960596836898353,0
35.968,-1.0565047165047599,2.8622765667443266,-1.5161938272504758,-0.8364655105862551,1.1182643868383342,0.3840032573986569,0.1663428748741759,0.38401726743996517,0.1499998777365797,1.7578383702154468,0.07090274218530766,0.25783837021544675,0,0,FOLLOWING,1.7578383702154468,0.44960596836898165,0
36.0,-1.0558153323525268,2.8500072876037392,-1.5113937761382907,-0.8274062982961858,1.1070710730058446,0.384003986561429,0.16634427357955497,0.38401765237367086,0.1500018852677848,1.7578388250904544,0.07090330931813416,0.2578388250904544,0,0,FOLLOWING,1.7578388250904544,0.4496059683689825,0
36.032000000000004,-1.0550672326393473,2.837741434480057,-1.5065936562791666,-0.8182934626679632,1.0959213721720982,0.3840047207142851,0.1663457375854376,0.38401807350325073,0.15000403362131373,1.7578392837813597,0.07090390347893494,0.2578392837813597,0,0,FOLLOWING,1.7578392837813597,0.44960596836898004,0
36.064,-1.054260415416796,2.8254792899956693,-1.5017932634809381,-0.8091272136609104,1.0848155412257023,0.3840054703776981,0.16634674971725558,0.384018484313851,0.15001256301528512,1.7578397460761337,0.0709043096585933,0.2578397460761337,0,0,FOLLOWING,1.7578397460761337,0.44960596836898264,0
36.096000000000004,-1.053394740792352,2.8132211364376762,-1.4969927939994119,-0.7999077624650068,1.0737538360445193,0.3840061952984823,0.1663475658911023,0.38401922196941135,0.15001495938129866,1.7578401910636203,0.07090463491563548,0.2578401910636203,0,0,FOLLOWING,1.7578401910636203,0.44960596836898203,0
36.128,-1.0524702250974614,2.8009672567834256,-1.4921922525815863,-0.7906353214959951,1.062736511489741,0.3840068952012948,0.16634819294724207,0.3840199529663044,0.15001720740378166,1.7578406186649083,0.0709048820964353,0.25784061866490826,0,0,FOLLOWING,1.7578406186649083,0.4496059683689833,0
36.160000000000004,-1.0514868893894078,2.788717934255918,-1.4873916440960508,-0.7813101043905077,1.051763821400041,0.38400757102907035,0.1663486425642504,0.38402065971154903,0.1500193032819308,1.7578410295926332,0.07090505603386577,0.2578410295926332,0,0,FOLLOWING,1.7578410295926332,0.4496059683689821,0
36.192,-1.050444756092366,2.776473451994432,-1.4825909734680773,-0.7719323260011315,1.0408360185857108,0.38400822375418886,0.1663489265494318,0.38402134162329093,0.15002124524442717,1.7578414245787182,0.07090516161370196,0.25784142457871817,0,0,FOLLOWING,1.7578414245787182,0.44960596836898314,0
36.224000000000004,-1.0493438489124898,2.764234093004908,-1.4777902455779992,-0.7625022023914689,1.0299533548228477,0.3840088542920161,0.16634905648511972,0.38402199967445233,0.15002303469567616,1.7578418043180684,0.07090520362935004,0.25784180431806836,0,0,FOLLOWING,1.7578418043180684,0.4496059683689812,0
36.256,-1.048184192861971,2.7520001401505394,-1.4729894651898645,-0.7530199508311473,1.0191160808475386,0.3840094635028802,0.16634904359206992,0.38402263489649996,0.1500246752694986,1.7578421694680317,0.07090518672507251,0.25784216946803173,0,0,FOLLOWING,1.7578421694680317,0.44960596836898203,0
36.288000000000004,-1.0469658142805325,2.7397718761462913,-1.4681886369010941,-0.7434857897908262,1.0083244463501009,0.38401005219993833,0.16634889863930785,0.384023248249314,0.15002617217306896,1.7578425206519799,0.07090511535839417,0.2578425206519799,0,0,FOLLOWING,1.7578425206519799,0.44960596836898004,0
36.32,-1.0456887408515407,2.7275495835533823,-1.463387765108275,-0.7338999389371512,0.9975786999693118,0.3840106211558539,0.16634863188542387,0.38402384062377765,0.15002753168250926,1.7578428584625703,0.0709049937755941,0.25784285846257027,0,0,FOLLOWING,1.7578428584625703,0.4496059683689813,0
36.352000000000004,-1.0443530016137312,2.7153335447734652,-1.4585868539853826,-0.724262619127706,0.986879089286697,0.38401117110788546,0.16634825304376025,0.38402441285389716,0.15002876075444926,1.7578431834643584,0.0709048259971492,0.2578431834643584,0,0,FOLLOWING,1.7578431834643584,0.44960596836897937,0
36.384,-1.0429586269694744,2.7031240420425884,-1.4537859074715132,-0.7145740524059061,0.9762258608208072,0.38401170276182145,0.1663477712658015,0.38402496572672723,0.15002986672891733,1.7578434961959473,0.07090461581076313,0.25784349619594726,0,0,FOLLOWING,1.7578434961959473,0.44960596836898203,0
36.416000000000004,-1.041505648690339,2.690921357425029,-1.4489849292658277,-0.7048344619959082,0.9656192600215625,0.3840122167949074,0.16634719513820587,0.38402549998977376,0.1500308571039419,1.7578437971717045,0.07090436677007661,0.25784379717170447,0,0,FOLLOWING,1.7578437971717045,0.4496059683689816,0
36.448,-1.0399940999205681,2.678725772807066,-1.4441839228278934,-0.6950440722974385,0.9550595312645707,0.38401271385818575,0.16634653269003785,0.3840260163563033,0.15003173936681766,1.7578440868832566,0.070904082197629,0.25784408688325655,0,0,FOLLOWING,1.7578440868832566,0.44960596836898364,0
36.480000000000004,-1.0384240151789483,2.6665375698907283,-1.4393828913820168,-0.6852031088806467,0.9445469178455189,0.38401319457821664,0.16634579140737907,0.3840265155091953,0.1500325208696041,1.757844365800704,0.07090376519089392,0.2578443658007039,0,0,FOLLOWING,1.757844365800704,0.4496059683689825,0
36.512,-1.0367954303594626,2.6543570301875645,-1.4345818379244268,-0.675311798480891,0.9340816619745516,0.3840136595585216,0.1663449782531955,0.38402699810364876,0.1500332087396579,1.757844634373738,0.07090341863050485,0.25784463437373795,0,0,FOLLOWING,1.757844634373738,0.44960596836898387,0
36.544000000000004,-1.0351083827310252,2.642184435012429,-1.4297807652324628,-0.6653703689935289,0.9236640047707043,0.384014109380674,0.16634409969075648,0.3840274647692002,0.15003380981733047,1.7578448930325883,0.0709030451899606,0.2578448930325883,0,0,FOLLOWING,1.7578448930325883,0.4496059683689823,0
36.576,-1.0333629109365434,2.630020065477308,-1.4249796758750712,-0.6553790494686522,0.9132941862563352,0.3840145446052599,0.166343161709334,0.38402791611111764,0.15003433061498594,1.7578451421889245,0.07090264734628304,0.2578451421889245,0,0,FOLLOWING,1.7578451421889245,0.4496059683689834,0
36.608000000000004,-1.0315590549914844,2.6178642024851846,-1.4201785722240863,-0.6453380701058244,0.9029724453516075,0.3840149657726494,0.16634216985109537,0.3840283527115599,0.1500347772923555,1.7578453822366564,0.07090222739117102,0.25784538223665643,0,0,FOLLOWING,1.7578453822366564,0.4496059683689816,0
36.64,-1.0296968562820885,2.6057171267239365,-1.4153774564659025,-0.6352476622487622,0.8926990198689713,0.3840153734037169,0.16634112923850886,0.3840287751304361,0.15003515564455375,1.7578456135527118,0.07090178744237141,0.25784561355271185,0,0,FOLLOWING,1.7578456135527118,0.44960596836898264,0
36.672000000000004,-1.0277763575633416,2.5935791186602652,-1.4105763306132197,-0.6251080583800208,0.8824741465076991,0.3840157680004335,0.1663400446015765,0.3840291839062008,0.15003547109948018,1.7578458364977352,0.07090132945497762,0.2578458364977352,0,0,FOLLOWING,1.7578458364977352,0.4496059683689805,0
36.704,-1.0257976029567812,2.581450458533661,-1.4057751965166467,-0.614919492115618,0.8722980608484145,0.38401615004649176,0.16633892030456388,0.384029579556492,0.15003572872254023,1.7578460514167986,0.07090085523252097,0.2578460514167986,0,0,FOLLOWING,1.7578460514167986,0.4496059683689836,0
36.736000000000004,-1.023760637948201,2.5693314263503817,-1.4009740558759929,-0.604682198199678,0.8621709973476899,0.3840165200077906,0.16633776037180445,0.38402996257885286,0.15003593322626213,1.7578462586400185,0.07090036643767929,0.25784625864001853,0,0,FOLLOWING,1.7578462586400185,0.44960596836898287,0
36.768,-1.0216655093852949,2.557222301877458,-1.3961729102511307,-0.5943964124989938,0.8520931893326134,0.38401687833302567,0.16633656851247422,0.3840303334512937,0.1500360889837096,1.7578464584832216,0.0708998646025556,0.25784645848322163,0,0,FOLLOWING,1.7578464584832216,0.44960596836898453,0
36.800000000000004,-1.0195122654752737,2.545123364636707,-1.3913717610723493,-0.5840623719976166,0.8420648689954401,0.3840172254541359,0.1663353481440662,0.3840306926330006,0.1500362000443257,1.7578466512485091,0.07089935113842037,0.25784665124850914,0,0,FOLLOWING,1.7578466512485091,0.4496059683689836,0
36.832,-1.0173009557824761,2.5330348938987584,-1.3865706096501598,-0.5736803147913792,0.8320862673882232,0.38401756178683644,0.1663341024146122,0.3840310405649084,0.15003627015124657,1.7578468372248555,0.07089882734493025,0.25784683722485546,0,0,FOLLOWING,1.7578468372248555,0.4496059683689848,0
36.864000000000004,-1.0150316312259893,2.520957168677091,-1.381769457184516,-0.5632504800824241,0.8221576144175062,0.38401788773107376,0.1663328342234915,0.38403137767035916,0.15003630275939364,1.7578470166886448,0.07089829441876416,0.25784701668864485,0,0,FOLLOWING,1.7578470166886448,0.44960596836898303,0
36.896,-1.0127043440772894,2.5088904677220674,-1.3769683047734496,-0.5527731081736769,0.8122791388390105,0.38401820367152967,0.16633154624092644,0.3840317043557106,0.15003630105385066,1.7578471899042183,0.07089775346170923,0.2578471899042183,0,0,FOLLOWING,1.7578471899042183,0.4496059683689841,0
36.928,-1.0103191479579068,2.496835069514975,-1.3721671534211208,-0.5422484404633279,0.8024510682523801,0.38401850997806053,0.16633024092608673,0.38403202101098083,0.1500362679681227,1.7578473571243654,0.07089720548817313,0.25784735712436535,0,0,FOLLOWING,1.7578473571243654,0.4496059683689844,0
36.96,-1.007876097837121,2.4847912522620654,-1.3673660040453022,-0.5316767194392527,0.7926736290959245,0.3840188070061892,0.16632892054394016,0.3840323280104173,0.15003620620184083,1.7578475185908324,0.07089665143217383,0.25784751859083244,0,0,FOLLOWING,1.7578475185908324,0.4496059683689826,0
36.992,-1.0053752500296846,2.472759293888596,-1.3625648574843123,-0.5210581886734347,0.7829470466414077,0.38401909509754795,0.16632758718081675,0.3840326257131243,0.15003611823794272,1.7578476745347835,0.07089609215379511,0.2578476745347835,0,0,FOLLOWING,1.7578476745347835,0.4496059683689832,0
37.024,-1.002816662193577,2.460739472032866,-1.3577637145034307,-0.5103930928163565,0.7732715449888631,0.3840193745803241,0.1663262427587989,0.3840329144636309,0.15003600635891148,1.7578478251772496,0.07089552844515579,0.2578478251772496,0,0,FOLLOWING,1.7578478251772496,0.4496059683689811,0
37.056,-1.0002003933277883,2.4487320640402515,-1.352962575800819,-0.4996816775913493,0.763647347061415,0.38401964576973285,0.16632488904901363,0.3840331945924375,0.15003587266221546,1.7578479707295793,0.07089496103592152,0.2578479707295793,0,0,FOLLOWING,1.7578479707295793,0.44960596836898375,0
37.088,-0.9975265037701264,2.436737346957237,-1.3481614420129742,-0.4889241897889538,0.7540746746001653,0.3840199089684083,0.16632352768382516,0.3840334664165966,0.15003571907488142,1.7578481113938274,0.07089439059836054,0.25784811139382735,0,0,FOLLOWING,1.7578481113938274,0.44960596836898287,0
37.12,-0.9947950551950521,2.4247555975254476,-1.3433603137197512,-0.4781208772612071,0.7445537481590584,0.38402016446689646,0.1663221601681,0.3840337302401709,0.15003554736694982,1.7578482473631927,0.07089381775201531,0.2578482473631927,0,0,FOLLOWING,1.7578482473631927,0.4496059683689844,0
37.152,-0.9920061106115328,2.4127870921756682,-1.338559191448985,-0.467271988915956,0.7350847870998217,0.38402041254402763,0.16632078788952617,0.38403398635482877,0.15003535916412292,1.7578483788223707,0.07089324306797962,0.25784837882237066,0,0,FOLLOWING,1.7578483788223707,0.44960596836898303,0
37.184,-0.9891597343609173,2.40083210702187,-1.3337580756807277,-0.45637777471110375,0.7256680095868965,0.38402065346736963,0.16631941212810158,0.38403423504025463,0.1500351559595328,1.7578485059479456,0.07089266707283137,0.2578485059479456,0,0,FOLLOWING,1.7578485059479456,0.44960596836898425,0
37.216,-0.986255992114826,2.3888909178552256,-1.3289569668511547,-0.44543848564886845,0.7163036325824229,0.38402088749360974,0.1663180340648377,0.3840344765646599,0.15003493912440574,1.7578486289087294,0.07089209025224186,0.2578486289087294,0,0,FOLLOWING,1.7578486289087294,0.4496059683689825,0
37.248,-0.9832949508730544,2.3769638001381246,-1.3241558653561356,-0.4344543737699813,0.7069918718412294,0.38402111486898477,0.1663166547897544,0.3840347111852183,0.1500347099182742,1.7578487478661198,0.07089151305428622,0.2578487478661198,0,0,FOLLOWING,1.7578487478661198,0.4496059683689836,0
37.28,-0.9802766789614887,2.3650510289981845,-1.3193547715545226,-0.42342569214789894,0.6977329419058752,0.3840213358296438,0.16631527530919796,0.3840349391485172,0.15003446949797067,1.75784886297441,0.07089093589247741,0.25784886297441,0,0,FOLLOWING,1.75784886297441,0.4496059683689814,0
37.312,-0.9772012460300276,2.3531528792222565,-1.3145536857711582,-0.41235269488295323,0.6885270561016928,0.38402155060206145,0.16631389655256512,0.38403516069097215,0.1500342189262363,1.757848974381122,0.0708903591485508,0.2578489743811221,0,0,FOLLOWING,1.757848974381122,0.4496059683689823,0
37.344,-0.974068723050512,2.341269625250431,-1.3097526082996438,-0.4012356370965158,0.6793744265318876,0.38402175940337996,0.1663125193784608,0.3840353760392276,0.15003395917942333,1.7578490822272896,0.07088978317501526,0.25784908222728964,0,0,FOLLOWING,1.7578490822272896,0.4496059683689804,0
37.376,-0.9708791823146569,2.3294015411700397,-1.304951539404874,-0.39007477492510034,0.6702752640726347,0.3840219624418137,0.16631114458036048,0.38403558541055133,0.15003369115462253,1.7578491866477708,0.07088920829749723,0.2578491866477708,0,0,FOLLOWING,1.7578491866477708,0.4496059683689833,0
37.408,-0.9676326974319847,2.3175489007096526,-1.3001504793253598,-0.3788703655144854,0.6612297783682417,0.38402215991695116,0.16630977289176466,0.3840357890132322,0.15003341567631626,1.7578492877714953,0.07088863481687646,0.2578492877714953,0,0,FOLLOWING,1.7578492877714953,0.44960596836898276,0
37.44,-0.9643293433277575,2.305711977233077,-1.2953494282753644,-0.3676226670137621,0.6522381778262935,0.384022352020163,0.16630840499098062,0.3840359870469048,0.1500331335022288,1.757849385721769,0.07088806301126382,0.25784938572176896,0,0,FOLLOWING,1.757849385721769,0.4496059683689844,0
37.472,-0.9609691962409065,2.29389104373335,-1.2905483864468614,-0.35633193856941014,0.6433006696128726,0.38402253893488125,0.16630704150546333,0.38403617970295445,0.15003284532890576,1.7578494806164962,0.07088749313779896,0.25784948061649615,0,0,FOLLOWING,1.7578494806164962,0.4496059683689831,0
37.504,-0.9575523337219559,2.2820863728267318,-1.2857473540113333,-0.34499844031931004,0.6344174596477693,0.38402272083696587,0.16630568301582985,0.3840363671648184,0.15003255179679095,1.7578495725684502,0.07088692543431119,0.2578495725684502,0,0,FOLLOWING,1.7578495725684502,0.44960596836898425,0
37.536,-0.9540788346309409,2.270298236746697,-1.280946331121415,-0.33362243338676345,0.6255887525997516,0.38402289789498756,0.16630433005950807,0.3840365496083353,0.1500322534947235,1.7578496616854886,0.07088636012082916,0.2578496616854886,0,0,FOLLOWING,1.7578496616854886,0.44960596836898287,0
37.568,-0.9505487791353163,2.258526907337924,-1.2761453179124158,-0.3222041798744635,0.6168147518818361,0.3840230702705588,0.16630298313413583,0.38403672720206217,0.15003195096429287,1.7578497480707949,0.07088579740098688,0.25784974807079486,0,0,FOLLOWING,1.7578497480707949,0.44960596836898387,0
37.6,-0.9469622487078562,2.2467726560502874,-1.2713443145037016,-0.3107439428584695,0.6080956596466146,0.3840232381186046,0.1663016427006237,0.3840369001075661,0.15003164470362002,1.7578498318230789,0.07088523746329023,0.25784983182307886,0,0,FOLLOWING,1.7578498318230789,0.449605968368982,0
37.632,-0.9433193261245413,2.235035753932844,-1.2665433209999768,-0.2992419863821314,0.599431676781583,0.3840234015876742,0.16630030918602226,0.38403706847974656,0.1500313351708933,1.7578499130368008,0.07088468048230223,0.2578499130368008,0,0,FOLLOWING,1.7578499130368008,0.4496059683689827,0
37.664,-0.939620095462434,2.223316471627824,-1.2617423374924577,-0.28769857545002164,0.5908230029045264,0.3840235608201841,0.1662989829861172,0.38403723246710636,0.15003102278770727,1.7578499918023491,0.07088412661971644,0.25784999180234913,0,0,FOLLOWING,1.7578499918023491,0.44960596836898103,0
37.696,-0.9358646420975387,2.2116150793646208,-1.256941364059944,-0.2761139760218114,0.582269836358906,0.3840237159527174,0.1662976644678334,0.3840373922120205,0.15003070794192808,1.7578500682062501,0.07088357602534923,0.2578500682062501,0,0,FOLLOWING,1.7578500682062501,0.44960596836898387,0
37.728,-0.9320530527026487,2.19993184695378,-1.252140400769819,-0.26448845500616747,0.573772374209306,0.3840238671162344,0.1662963539714352,0.384037547851024,0.15003039099048698,1.7578501423313222,0.07088302883805042,0.2578501423313222,0,0,FOLLOWING,1.7578501423313222,0.4496059683689833,0
37.76,-0.9281854152451743,2.188267043780994,-1.2473394476789517,-0.25282228025457343,0.5653308122368743,0.38402401443637046,0.166295051812565,0.38403769951503264,0.15003007226183193,1.7578502142568806,0.07088248518654415,0.2578502142568806,0,0,FOLLOWING,1.7578502142568806,0.4496059683689849,0
37.792,-0.9242618189849559,2.176620938801096,-1.2425385048345408,-0.24111572055518327,0.5569453449348286,0.3840241580336277,0.16629375828409643,0.38403784732962976,0.15002975205824515,1.757850284058875,0.07088194519019451,0.257850284058875,0,0,FOLLOWING,1.757850284058875,0.4496059683689838,0
37.824,-0.9202823544720574,2.1649938005320517,-1.2377375722748813,-0.2293690456266111,0.548616165503961,0.3840242980236293,0.16629247365786112,0.38403799141527484,0.15002943065790175,1.7578503518100643,0.07088140895971828,0.2578503518100643,0,0,FOLLOWING,1.7578503518100643,0.449605968368985,0
37.856,-0.9162471135445419,2.1533858970489623,-1.232936650030077,-0.21758252611173168,0.5403434658482005,0.38402443451731716,0.16629119818621735,0.38403813188753494,0.15002910831683738,1.7578504175801546,0.07088087659783303,0.2578504175801546,0,0,FOLLOWING,1.7578504175801546,0.44960596836898314,0
37.888,-0.9121561893262261,2.1417974959780635,-1.2281357381226892,-0.20575643357142814,0.5321274365701778,0.3840245676211831,0.16628993210351695,0.38403826885730813,0.15002878527067642,1.7578504814359566,0.07088034819986122,0.25785048143595657,0,0,FOLLOWING,1.7578504814359566,0.4496059683689841,0
37.92,-0.9080096762244161,2.130228864490731,-1.2233348365683427,-0.19389104047835515,0.5239682669668477,0.38402469743744133,0.16628867562743288,0.38403840243103254,0.15002846173626164,1.7578505434415057,0.07087982385427893,0.2578505434415057,0,0,FOLLOWING,1.7578505434415057,0.4496059683689821,0
37.952,-0.9038076699276199,2.1186802692974878,-1.2185339453762778,-0.18198662021063905,0.5158661450251133,0.38402482406425437,0.16628742896021168,0.384038532710878,0.15002813791314107,1.7578506036582129,0.07087930364323203,0.2578506036582129,0,0,FOLLOWING,1.7578506036582129,0.44960596836898314,0
37.984,-0.8995502674032404,2.107151976642019,-1.2137330645498554,-0.1700434470456016,0.5078212574175093,0.38402494759587896,0.16628619228978103,0.3840386597949534,0.15002781398491458,1.757850662144967,0.0708787876429926,0.257850662144967,0,0,FOLLOWING,1.757850662144967,0.44960596836898087,0
38.016,-0.8952375668952449,2.0956442522951853,-1.2089321940870363,-0.15806179615341653,0.49983378949788526,0.38402506812288667,0.16628496579084168,0.38403878377747597,0.1500274901204693,1.75785071895828,0.07087827592440887,0.25785071895827993,0,0,FOLLOWING,1.75785071895828,0.44960596836898387,0
38.048,-0.8908696679218114,2.084157361549048,-1.2041313339808064,-0.14604194359080047,0.49190392529715476,0.3840251857322765,0.16628374962578463,0.38403890474896285,0.15002716647517828,1.7578507741523663,0.07087776855328398,0.25785077415236635,0,0,FOLLOWING,1.7578507741523663,0.44960596836898314,0
38.08,-0.8864466712729533,2.0726915692108947,-1.1993304842195813,-0.13398416629461707,0.48403184751903394,0.3840253005076993,0.16628254394563552,0.38403902279637436,0.15002684319189785,1.7578508277792895,0.07087726559076368,0.25785082777928947,0,0,FOLLOWING,1.7578508277792895,0.44960596836898487,0
38.112,-0.8819686790081195,2.0612471395972722,-1.1945296447875746,-0.12188874207552658,0.4762177375358496,0.38402541252955824,0.16628134889084242,0.3840391380033082,0.150026520401988,1.7578508798890324,0.07087676709366252,0.25785087988903244,0,0,FOLLOWING,1.7578508798890324,0.4496059683689837,0
38.144,-0.8774358064334942,2.0498243364142015,-1.1897287932570764,-0.10975594961156365,0.46846177538434697,0.384025531242415,0.16628012589890498,0.38403911438548277,0.15002689848210007,1.7578509356589482,0.07087625686575993,0.25785093565894823,0,0,FOLLOWING,1.7578509356589482,0.44960596836898475,0
38.176,-0.8728481670482611,2.038423422838969,-1.1849279130707269,-0.09758606844173467,0.46076413976155384,0.38402566392275034,0.16627884654580843,0.38403898401080117,0.1500277939825873,1.7578509990941038,0.07087572296301083,0.2578509990941038,0,0,FOLLOWING,1.7578509990941038,0.44960596836898287,0
38.208,-0.868205864405767,2.027044661501386,-1.180127008611989,-0.08537937895955805,0.4531250080206517,0.3840258089582681,0.16627751859473605,0.3840388778087505,0.15002855249907532,1.7578510693255498,0.07087516864045562,0.2578510693255498,0,0,FOLLOWING,1.7578510693255498,0.44960596836898364,0
38.24,-0.8635090034689314,2.015688314437495,-1.1753260834882486,-0.0731361624066249,0.4455445561669006,0.38402596469673633,0.1662761481980226,0.38403879715320544,0.15002919828407815,1.7578511454400823,0.07087459648481698,0.25785114544008225,0,0,FOLLOWING,1.7578511454400823,0.4496059683689817,0
38.272,-0.8587576908354708,2.004354643188761,-1.1705251406319546,-0.060856700866097624,0.438022958853573,0.38402612977205425,0.16627474036882914,0.38403873762512375,0.1500297524295018,1.7578512266817157,0.07087400860423189,0.2578512266817157,0,0,FOLLOWING,1.7578512266817157,0.4496059683689825,0
38.304,-0.8539520346733757,1.9930439088052139,-1.1657241824277744,-0.04854127725623236,0.43056038937794117,0.3840263030792679,0.16627329919910316,0.38403869510909505,0.15003023205373428,1.7578513124394488,0.07087340671925557,0.2578513124394488,0,0,FOLLOWING,1.7578513124394488,0.44960596836898065,0
38.336,-0.8490921446559804,1.9817563718348492,-1.1609232108163428,-0.036190175323836726,0.4231570196772718,0.3840264837270938,0.1662718280290905,0.38403866622823807,0.1500306510326909,1.7578514022209322,0.07087279223416988,0.25785140222093217,0,0,FOLLOWING,1.7578514022209322,0.4496059683689838,0
38.368,-0.8441781319085109,1.9704922923126633,-1.156122227378449,-0.02380367963776253,0.41581302032488077,0.3840266709967728,0.16627032958535695,0.3840386482520553,0.15003102061177043,1.7578514956295348,0.07087216629509019,0.2578514956295348,0,0,FOLLOWING,1.7578514956295348,0.4496059683689833,0
38.4,-0.839210108964683,1.959251929750606,-1.1513212334032996,-0.011382075582314855,0.4085285605261837,0.3840268643086811,0.16626880609347774,0.3840386389766351,0.15003134990288,1.7578515923457427,0.07087152983740584,0.25785159234574273,0,0,FOLLOWING,1.7578515923457427,0.44960596836898525,0
38.432,-0.8341881897314615,1.9480355431283811,-1.1465202299438784,0.0010743506492927324,0.40130380811481525,0.3840270631952884,0.16626725937005324,0.3840386366231229,0.15003164628809956,1.757851692112104,0.07087088362451066,0.2578516921121039,0,0,FOLLOWING,1.757851692112104,0.4496059683689839,0
38.464,-0.8291124894603875,1.9368433908849274,-1.1417192178618036,0.0135653120615562,0.39413892954874885,0.3840272672794546,0.16626569089787285,0.3840386397550147,0.15003191574755362,1.7578517947211607,0.0708702282794349,0.2578517947211607,0,0,FOLLOWING,1.7578517947211607,0.44960596836898487,0
38.496,-0.8239831247241715,1.925675730910431,-1.1369181978636658,0.02609052086327246,0.3870340899064717,0.3840274762568976,0.16626410188725713,0.3840386472113842,0.15003216312594594,1.75785190000571,0.0708695643106565,0.25785190000571,0,0,FOLLOWING,1.75785190000571,0.44960596836898326,0
38.528,-0.8188002133974941,1.914532820538762,-1.132117170530427,0.03864968847418915,0.3799894528831729,0.38402768988214503,0.16626249332610835,0.38403865805295617,0.15003239234916949,1.7578520078310107,0.0708688921331555,0.2578520078310107,0,0,FOLLOWING,1.7578520078310107,0.44960596836898403,0
38.56,-0.8135638746411665,1.903414916540243,-1.1273161363411932,0.051242525531635996,0.37300518078698,0.38402790795719377,0.1662608660206703,0.38403867151872884,0.15003260660024137,1.7578521180884965,0.07086821208555882,0.2578521180884965,0,0,FOLLOWING,1.7578521180884965,0.44960596836898203,0
38.592,-0.8082742288889594,1.8923222751146853,-1.1225150956924175,0.06386874189720837,0.3660814345352108,0.38402813032243815,0.1662592206287265,0.3840386869910408,0.15003280846210273,1.757852230690755,0.07086752444410283,0.2578522306907549,0,0,FOLLOWING,1.757852230690755,0.44960596836898287,0
38.624,-0.802931397836548,1.8812551518846385,-1.1177140489133912,0.07652804666343527,0.3592183736506753,0.3840283568493311,0.1662575576865469,0.3840387039675315,0.15003300003351863,1.757852345567466,0.07086682943396205,0.25785234556746595,0,0,FOLLOWING,1.757852345567466,0.44960596836898076,0
38.656,-0.7975355044321342,1.8702138018888137,-1.112912996278741,0.08922014816050194,0.3524161562579886,0.384028587434539,0.16625587763079727,0.384038722038601,0.15003318302282967,1.7578524626621734,0.0708661272384632,0.25785246266217343,0,0,FOLLOWING,1.7578524626621734,0.4496059683689837,0
38.688,-0.792086672868388,1.8591984795756489,-1.1081119380184952,0.10194475396294211,0.3456749390799434,0.3840288219951665,0.16625418081625556,0.38403874086936374,0.15003335882371738,1.7578525819296449,0.07086541800653201,0.2578525819296449,0,0,FOLLOWING,1.7578525819296449,0.4496059683689831,0
38.72,-0.7865850285754314,1.8482094387969907,-1.1033108743261908,0.11470157089640787,0.338994877433882,0.38402906046500174,0.16625246753020348,0.3840387601851132,0.15003352857650754,1.757852703333801,0.0708647018587436,0.25785270333380095,0,0,FOLLOWING,1.757852703333801,0.44960596836898487,0
38.752,-0.7810306982146387,1.837246932801876,-1.0985098053654068,0.12749030504439673,0.33237612522813187,0.3840293027914028,0.16625073800403023,0.3840387797597266,0.15003369321743787,1.7578528268459954,0.07086397889220007,0.2578528268459954,0,0,FOLLOWING,1.7578528268459954,0.4496059683689836,0
38.784,-0.7754238096730773,1.8263112142303937,-1.093708731275023,0.14031066175504403,0.32581883495844766,0.3840295489328565,0.16624899242264965,0.3840387994063017,0.1500338535183508,1.7578529524436697,0.0708632491844885,0.2578529524436697,0,0,FOLLOWING,1.7578529524436697,0.44960596836898475,0
38.816,-0.7697644920584505,1.815402535107618,-1.0889076521734617,0.1531623456478941,0.3193231577045105,0.38402979885694577,0.1662472309320832,0.3840388189696857,0.15003401011857934,1.757853080109229,0.0708625127968703,0.2578530801092289,0,0,FOLLOWING,1.757853080109229,0.4496059683689831,0
38.848,-0.7640528756944313,1.8045211468376021,-1.0841065681621038,0.1660450606207231,0.31288924312643396,0.38403005253876216,0.16624545364561982,0.3840388383203997,0.15003416355058033,1.7578532098291688,0.07086176977686742,0.2578532098291688,0,0,FOLLOWING,1.7578532098291688,0.44960596836898375,0
38.88,-0.7582890921163,1.7936673001974257,-1.0793054793280608,0.1789585098563431,0.3065172394613277,0.38403030995956583,0.16624366064878693,0.3840388573498392,0.15003431426037483,1.757853341593334,0.070861020160355,0.25785334159333395,0,0,FOLLOWING,1.757853341593334,0.44960596836898187,0
38.912,-0.7524732740668193,1.782841245331284,-1.0745043857464092,0.19190239582945967,0.3002072935198723,0.3840305711057412,0.16624185200339803,0.3840388759663202,0.15003446262398593,1.757853475394343,0.0708602639732605,0.2578534753943429,0,0,FOLLOWING,1.757853475394343,0.44960596836898276,0
38.944,-0.7466055554922912,1.772043231744623,-1.0697032874820143,0.20487642031350806,0.29395955068294544,0.38403083596790993,0.16624002775082639,0.38403889409193703,0.15003460896057053,1.7578536112270973,0.07085950123294149,0.25785361122709727,0,0,FOLLOWING,1.7578536112270973,0.4496059683689808,0
38.976,-0.7406860715387549,1.7612735082983075,-1.0649021845910098,0.21788028438754514,0.28777415489826186,0.38403110454025324,0.16623818791469486,0.3840389116599877,0.15003475354296525,1.7578537490884099,0.07085873194931536,0.25785374908840986,0,0,FOLLOWING,1.7578537490884099,0.44960596836898353,0
39.008,-0.7347149585482914,1.7505323232028214,-1.0601010771220094,0.23091368844310844,0.2816512486770717,0.3840313768198906,0.16623633250304418,0.3840389286129264,0.15003489660611943,1.7578538889766586,0.07085795612577084,0.2578538889766586,0,0,FOLLOWING,1.7578538889766586,0.44960596836898314,0
39.04,-0.7286923540554093,1.7398199240124987,-1.0552999651171098,0.2439763321911519,0.2755909730908598,0.38403165280645696,0.1662344615101742,0.38403894490064333,0.15003503835381055,1.7578540308915571,0.07085717375994238,0.2578540308915571,0,0,FOLLOWING,1.7578540308915571,0.44960596836898487,0
39.072,-0.7226183967834904,1.7291365576197828,-1.050498848612707,0.25706791466893697,0.2695934677681099,0.3840319325016764,0.16623257491809676,0.38403896047912867,0.1500351789641082,1.7578541748339167,0.07085638484432044,0.2578541748339167,0,0,FOLLOWING,1.7578541748339167,0.4496059683689834,0
39.104,-0.7164932266412788,1.7184824702495065,-1.045697727640182,0.2701881342469872,0.2636588708910773,0.38403221590907693,0.16623067269779845,0.3840389753093285,0.15003531859370306,1.7578543208054915,0.0708555893667816,0.25785432080549153,0,0,FOLLOWING,1.7578543208054915,0.4496059683689847,0
39.136,-0.7103169847194003,1.7078579074531992,-1.0408966022264743,0.28333668863601913,0.2577873191926138,0.38403250303369474,0.1662287548102663,0.38403898935625536,0.15003545738149862,1.7578544688088142,0.07085478731102057,0.25785446880881424,0,0,FOLLOWING,1.7578544688088142,0.449605968368983,0
39.168,-0.7040898132869015,1.6972631141034156,-1.0360954723945546,0.29651327489392587,0.2519789479530079,0.38403279388189854,0.1662268212073591,0.3840390025882148,0.15003559545138562,1.7578546188471014,0.07085397865691545,0.25785461884710137,0,0,FOLLOWING,1.7578546188471014,0.449605968368984,0
39.2,-0.6978118557877994,1.6866983343880817,-1.0312943381638369,0.3097175894327384,0.2462338909968791,0.38403308846117085,0.16622487183255055,0.3840390149762293,0.15003573291461714,1.757854770924132,0.07085316338084036,0.2578547709241319,0,0,FOLLOWING,1.757854770924132,0.4496059683689823,0
39.232,-0.6914832568376362,1.676163811804866,-1.0264931995505189,0.32294932802563836,0.2405522806900826,0.3840333867800011,0.16622290662156483,0.38403902649350635,0.15003586987167095,1.7578549250441908,0.07085234145593089,0.25785492504419083,0,0,FOLLOWING,1.7578549250441908,0.449605968368983,0
39.264,-0.6851041622200329,1.665659789155566,-1.0216920565678773,0.3362081858139494,0.2349342479366714,0.38403368884772926,0.1662209255029035,0.38403903711505083,0.15003600641382617,1.7578550812119824,0.07085151285230673,0.2578550812119824,0,0,FOLLOWING,1.7578550812119824,0.4496059683689809,0
39.296,-0.678674718883236,1.6551865085405142,-1.0168909092265221,0.3494938573141819,0.22937992217586778,0.38403399467448013,0.16621892839833013,0.3840390468173147,0.15003614262442735,1.7578552394325966,0.07085067753727425,0.2578552394325966,0,0,FOLLOWING,1.7578552394325966,0.44960596836898387,0
39.328,-0.6721950749366569,1.644744211353004,-1.0120897575346153,0.3628060364250423,0.22388943137909623,0.38403430427103435,0.16621691522325263,0.38403905557793316,0.15003627857993365,1.7578553997114366,0.07084983547548684,0.25785539971143656,0,0,FOLLOWING,1.7578553997114366,0.4496059683689833,0
39.36,-0.6656653796473961,1.634333138273732,-1.0072886014980653,0.37614441643452,0.21846290204701835,0.38403461764881136,0.16621488588711292,0.38403906337547633,0.15003641435081758,1.7578555620542133,0.07084898662910788,0.25785556205421334,0,0,FOLLOWING,1.7578555620542133,0.449605968368985,0
39.392,-0.6590857834367562,1.6239535292652583,-1.0024874411206917,0.3895086900269249,0.21310045920663223,0.38403493481976386,0.16621284029366637,0.3840390701892942,0.15003655000233151,1.7578557264668864,0.07084813095792897,0.25785572646688637,0,0,FOLLOWING,1.7578557264668864,0.4496059683689836,0
39.424,-0.6524564378767347,1.6136056235664857,-0.9976862764043753,0.4028985492899897,0.20780222640838175,0.3840352557963669,0.16621077834128153,0.38403907599932674,0.15003668559505393,1.7578558929556605,0.07084726841949363,0.25785589295566047,0,0,FOLLOWING,1.7578558929556605,0.4496059683689846,0
39.456,-0.6457774956865009,1.6032896596871553,-0.992885107349191,0.4163136857219438,0.2025683257233175,0.3840355805915439,0.16620869992316975,0.3840390807860158,0.15003682118547929,1.757856061526944,0.07084639896919499,0.25785606152694407,0,0,FOLLOWING,1.757856061526944,0.4496059683689829,0
39.488,-0.6390491107288523,1.59300587540236,-0.9880839339535211,0.4297537902386428,0.19739887774027876,0.3840359092186598,0.16620660492761494,0.3840390845301615,0.15003695682644935,1.7578562321873488,0.07084552256037113,0.25785623218734877,0,0,FOLLOWING,1.7578562321873488,0.44960596836898403,0
39.52,-0.6322714380066498,1.5827545077470744,-0.9832827562141611,0.44321855318066783,0.1922940015631196,0.38403624169146383,0.16620449323815084,0.3840390872128708,0.1500370925675306,1.7578564049436565,0.07084463914437955,0.25785640494365647,0,0,FOLLOWING,1.7578564049436565,0.4496059683689819,0
39.552,-0.6254446336592324,1.5725357930107062,-0.9784815741264177,0.4567076643204817,0.18725381480795988,0.3840365780240954,0.16620236473376318,0.38403908881545246,0.1500372284553119,1.7578565798028263,0.0708437486706811,0.2578565798028263,0,0,FOLLOWING,1.7578565798028263,0.44960596836898264,0
39.584,-0.6185688549588091,1.5623499667316607,-0.9736803876841882,0.4702208128695551,0.18227843360048068,0.3840369182310313,0.16620021928901432,0.3840390893193915,0.15003736453375927,1.7578567567719634,0.07084285108689314,0.2578567567719634,0,0,FOLLOWING,1.7578567567719634,0.44960596836898076,0
39.616,-0.6116442603068277,1.552197263691925,-0.9688791968800442,0.4837576874855509,0.1773679725732431,0.3840372623270973,0.1661980567742229,0.3840390887062678,0.15003750084440412,1.7578569358583294,0.07084194633886287,0.25785693585832936,0,0,FOLLOWING,1.7578569358583294,0.44960596836898353,0
39.648,-0.6046710092303216,1.54207791791167,-0.9640780017052945,0.49731797627946683,0.17252254486305474,0.3840376103274133,0.1661958770555416,0.38403908695774797,0.15003763742657994,1.7578571170693096,0.0708410343707029,0.2578571170693096,0,0,FOLLOWING,1.7578571170693096,0.44960596836898314,0
39.68,-0.5976492623782313,1.5319921626438702,-0.9592768021500584,0.5109013668228564,0.1677422621083534,0.3840379622474271,0.16619367999513457,0.3840390840555051,0.15003777431758852,1.7578573004124356,0.07084011512486098,0.2578573004124356,0,0,FOLLOWING,1.7578573004124356,0.44960596836898514,0
39.712,-0.5905791815177046,1.5219402303689422,-0.9544755982033176,0.5245075461549973,0.16302723444664424,0.38403831810285816,0.16619146545122931,0.3840390799812385,0.15003791155290636,1.7578574858953528,0.07083918854214588,0.25785748589535284,0,0,FOLLOWING,1.7578574858953528,0.44960596836898414,0
39.744,-0.5834609295303699,1.511922352789399,-0.9496743898529737,0.5381362007901246,0.158377570511954,0.3840386779097213,0.16618923327824595,0.3840390747166097,0.15003804916630883,1.7578576735258358,0.07083825456177838,0.2578576735258358,0,0,FOLLOWING,1.7578576735258358,0.4496059683689851,0
39.776,-0.5762946704085874,1.501938760824525,-0.9448731770858978,0.5517870167246334,0.1537933774323358,0.3840390416842886,0.16618698332686202,0.3840390682432517,0.15003818718994238,1.7578578633117659,0.07083731312142016,0.25785786331176586,0,0,FOLLOWING,1.7578578633117659,0.44960596836898353,0
39.808,-0.5690805692516756,1.4919896846050678,-0.9400719598879804,0.5654596794443336,0.149274760827394,0.3840394094431053,0.16618471544411723,0.38403906054272485,0.15003832565456546,1.757858055261143,0.0708363641572165,0.2578580552611429,0,0,FOLLOWING,1.757858055261143,0.44960596836898453,0
39.84,-0.5618187922621136,1.4820753534679494,-0.9352707382441696,0.5791538739316757,0.14482182480585626,0.3840397812029586,0.16618242947345724,0.38403905159651575,0.15003846458953354,1.7578582493820665,0.07083540760381468,0.2578582493820665,0,0,FOLLOWING,1.7578582493820665,0.4496059683689825,0
39.872,-0.5545095067417182,1.4721959959509943,-0.9304695121385157,0.5928692846730298,0.14043467196317072,0.384040156980896,0.16618012525482662,0.3840390413860186,0.15003860402291955,1.7578584456827484,0.07083444339440324,0.2578584456827484,0,0,FOLLOWING,1.7578584456827484,0.44960596836898314,0
39.904,-0.5471528810877981,1.4623518397876778,-0.9256682815542085,0.6066055956659341,0.1361134033791459,0.38404053679419264,0.16617780262470935,0.384039029892527,0.15003874398165015,1.7578586441714934,0.07083347146072871,0.2578586441714934,0,0,FOLLOWING,1.7578586441714934,0.4496059683689814,0
39.936,-0.5397490847892832,1.452543111901893,-0.920867046473611,0.6203624904263982,0.13185811861561625,0.3840409206603755,0.16617546141620035,0.3840390170972044,0.15003888449154554,1.7578588448567145,0.07083249173312478,0.2578588448567145,0,0,FOLLOWING,1.7578588448567145,0.44960596836898425,0
39.968,-0.5322982884228278,1.4427700384027342,-0.9160658068782958,0.6341396519961656,0.12766891571415828,0.38404130859717583,0.16617310145903927,0.38403900298112625,0.15003902557728319,1.7578590477469054,0.07083150414052786,0.2578590477469054,0,0,FOLLOWING,1.7578590477469054,0.44960596836898375,0
40.0,-0.524800663648893,1.4330328445793032,-0.9112645627490732,0.6479367629500508,0.12354589119381876,0.38404170062257664,0.16617072257967516,0.384038987525186,0.15003916726267377,1.757859252850669,0.07083050861050211,0.2578592528506689,0,0,FOLLOWING,1.757859252850669,0.44960596836898575,0
40.032000000000004,-0.517256383207802,1.4233317548955313,-0.9064633140660264,0.6617535054032224,0.1194891400489021,0.3840420967547615,0.1661683246012989,0.3840389707101748,0.15003930957051725,1.7578594601766877,0.07082950506925478,0.2578594601766877,0,0,FOLLOWING,1.7578594601766877,0.44960596836898425,0
40.064,-0.5096656209157719,1.4136669929850219,-0.9016620608085361,0.6755895610185507,0.11549875574677315,0.384042497012147,0.16616590734389053,0.38403895251672227,0.15003945252270584,1.7578596697337436,0.07082849344165487,0.25785966973374363,0,0,FOLLOWING,1.7578596697337436,0.4496059683689852,0
40.096000000000004,-0.5020285516609219,1.4040387816459112,-0.8968608029553073,0.6894446110139214,0.11157483022571157,0.38404290141334413,0.16616347062424355,0.38403893292531677,0.15003959614036724,1.7578598815306952,0.07082747365124364,0.25785988153069517,0,0,FOLLOWING,1.7578598815306952,0.44960596836898314,0
40.128,-0.49434535139925656,1.394447342835752,-0.8920595404843981,0.7033183361696007,0.1077174538927862,0.38404330997718994,0.16616101425601454,0.38403891191627193,0.15003974044371135,1.7578600955764967,0.07082644562025509,0.2578600955764967,0,0,FOLLOWING,1.7578600955764967,0.44960596836898414,0
40.160000000000004,-0.4866161971506255,1.3848928976664097,-0.8872582733732436,0.7172104168355693,0.10392671562177902,0.38404372272270665,0.1661585380497412,0.3840388894697664,0.15003988545221275,1.7578603118801748,0.07082540926962423,0.2578603118801748,0,0,FOLLOWING,1.7578603118801748,0.4496059683689822,0
40.192,-0.4788412669946593,1.3753756663989867,-0.8824570015986796,0.7311205329389086,0.10020270275112986,0.384044139669135,0.16615604181288351,0.3840388655657824,0.150040031184597,1.7578605304508483,0.07082436451900354,0.25786053045084834,0,0,FOLLOWING,1.7578605304508483,0.4496059683689831,0
40.224000000000004,-0.4710207400666807,1.3658958684387599,-0.8776557251369671,0.7450483639911535,0.0965455010819326,0.3840445608358966,0.16615352534984298,0.3840388401841613,0.15004017765882421,1.7578607512977062,0.07082331128677066,0.25786075129770625,0,0,FOLLOWING,1.7578607512977062,0.44960596836898115,0
40.256,-0.463154796553593,1.3564537223301403,-0.8728544439638154,0.7589935890957007,0.0929551948759495,0.3840449862426252,0.16615098846200305,0.3840388133045559,0.1500403248921565,1.7578609744300266,0.07082224949004612,0.25786097443002665,0,0,FOLLOWING,1.7578609744300266,0.4496059683689839,0
40.288000000000004,-0.4552436176897429,1.347049445751653,-0.8680531580544023,0.7729558869551703,0.08943186685367965,0.38404541590911706,0.16614843094772527,0.38403878490646215,0.15004047290116543,1.7578611998571476,0.0708211790446921,0.2578611998571476,0,0,FOLLOWING,1.7578611998571476,0.4496059683689834,0
40.32,-0.4472873857527623,1.3376832555109375,-0.8632518673833991,0.7869349358788449,0.0859755981924426,0.38404584985538087,0.1661458526024108,0.3840387549691746,0.15004062170172122,1.757861427588497,0.07082009986533644,0.25786142758849695,0,0,FOLLOWING,1.757861427588497,0.4496059683689851,0
40.352000000000004,-0.43928628405938364,1.3283553675397661,-0.8584505719249907,0.8009304137900506,0.08258646852451679,0.38404628810158953,0.16614325321849696,0.38403872347184237,0.1500407713089908,1.757861657633564,0.07081901186537254,0.25786165763356395,0,0,FOLLOWING,1.757861657633564,0.44960596836898387,0
40.384,-0.4312404969612337,1.3190659968890843,-0.8536492716528984,0.8149419982336005,0.07926455593529869,0.38404673066810624,0.1661406325854963,0.38403869039341665,0.1500409217375103,1.7578618900019154,0.07081791495697554,0.2578618900019154,0,0,FOLLOWING,1.7578618900019154,0.44960596836898503,0
40.416000000000004,-0.42315020984060253,1.3098153577240714,-0.8488479665403985,0.8289693663832038,0.0760099369615086,0.38404717757545426,0.16613799048999944,0.3840386557126897,0.1500410730010821,1.7578621247031774,0.07081680905110388,0.2578621247031774,0,0,FOLLOWING,1.7578621247031774,0.4496059683689833,0
40.448,-0.41501560910619034,1.300603663319221,-0.8440466565603495,0.843012195048924,0.07282268658942237,0.38404762884434057,0.16613532671572845,0.38403861940825873,0.15004122511287663,1.7578623617470501,0.07081569405751975,0.25786236174705013,0,0,FOLLOWING,1.7578623617470501,0.449605968368984,0
40.480000000000004,-0.4068368821888299,1.2914311260534426,-0.8392453416852097,0.8570701606846047,0.0697028782531488,0.38404808449562267,0.16613264104353065,0.3840385814585593,0.15004137808537552,1.757862601143288,0.07081456988478929,0.2578626011432881,0,0,FOLLOWING,1.757862601143288,0.4496059683689822,0
40.512,-0.3986142175371859,1.2822979574051843,-0.834444021887059,0.8711429393953446,0.06665058383293299,0.38404854455033116,0.16612993325141764,0.3840385418418465,0.1500415319303311,1.757862842901714,0.07081343644029658,0.257862842901714,0,0,FOLLOWING,1.757862842901714,0.44960596836898303,0
40.544000000000004,-0.39034780461343166,1.2732043679475737,-0.829642697137626,0.8852302069449397,0.06366587365350429,0.3840490090296369,0.16612720311458556,0.38403850053621125,0.1500416866587846,1.7578630870321994,0.07081229363025399,0.2578630870321994,0,0,FOLLOWING,1.7578630870321994,0.4496059683689812,0
40.576,-0.3820378338889025,1.2641505673435847,-0.8248413674083082,0.8993316387633765,0.06074881648245167,0.3840494779548786,0.16612445040545176,0.3840384575195658,0.1500418422810949,1.7578633335446816,0.07081114135971545,0.2578633335446816,0,0,FOLLOWING,1.7578633335446816,0.4496059683689838,0
40.608000000000004,-0.373684496839726,1.2551367643412192,-0.8200400326701942,0.9134469099542795,0.05789947952864527,0.3840499513475114,0.1661216748936517,0.38403841276966055,0.15004199880687744,1.7578635824491329,0.07080997953257773,0.2578635824491329,0,0,FOLLOWING,1.7578635824491329,0.44960596836898314,0
40.64,-0.36528798594242884,1.2461631667687154,-0.815238692894094,0.9275756953024323,0.055117928440680974,0.3840504292291537,0.16611887634611025,0.3840383662640829,0.1500421562448653,1.7578638337555894,0.07080880805160772,0.2578638337555894,0,0,FOLLOWING,1.7578638337555894,0.44960596836898475,0
40.672000000000004,-0.3568484946695223,1.2372299815297736,-0.8104373480505569,0.9417176692812408,0.052404227305373974,0.38405091162153315,0.1661160545270308,0.3840383179802614,0.1500423146031618,1.7578640874741192,0.07080762681844001,0.25786408747411915,0,0,FOLLOWING,1.7578640874741192,0.4496059683689834,0
40.704,-0.348366109334112,1.2283374159074152,-0.8056359971115941,0.9558725060602549,0.04975843864627694,0.38405126848632193,0.1661131002206301,0.3840405811973644,0.15004250508574096,1.7578642642501512,0.07080639293349676,0.2578642642501512,0,0,FOLLOWING,1.7578642642501512,0.4496059683689845,0
40.736000000000004,-0.33984082983084185,1.219485678786232,-0.8008346424547725,0.9700398795126564,0.04718062342224516,0.384051263263043,0.1661098272186998,0.38404703517735417,0.1500426212685642,1.7578642198822372,0.070805033536254,0.2578642198822372,0,0,FOLLOWING,1.7578642198822372,0.44960596836898264,0
40.768,-0.3312726559566725,1.2106749821676084,-0.7960332926802579,0.9842194632227927,0.04467084102602603,0.38405065800580546,0.16610606287758975,0.3840576753022993,0.15004246869494736,1.7578638095093146,0.07080348142652071,0.25786380950931465,0,0,FOLLOWING,1.7578638095093146,0.44960596836898364,0
40.800000000000004,-0.32266158761129077,1.2019055423319087,-0.7912319613389246,0.9984109304936775,0.042229149282895784,0.38404921491314276,0.16610164408971706,0.3840724698840431,0.15004189265429618,1.7578628884777592,0.07080167336207366,0.2578628884777592,0,0,FOLLOWING,1.7578628884777592,0.4496059683689817,0
40.832,-0.31400763152046274,1.1931775797156072,-0.7864306666009125,1.0126139543545374,0.03985560444932357,0.3840467044205185,0.16609642297300337,0.38409124331950634,0.15004074879374116,1.757861317266417,0.0707995522683722,0.25786131726641703,0,0,FOLLOWING,1.757861317266417,0.44960596836898253,0
40.864000000000004,-0.30531187268539883,1.184491305655828,-0.7816294202116176,1.0268282075683262,0.03755026121167815,0.384044223788776,0.16609127144147845,0.3840903272838948,0.15003923789181803,1.7578597648416205,0.07079745951007543,0.25785976484162054,0,0,FOLLOWING,1.7578597648416205,0.4496059683689806,0
40.896,-0.2965745457518169,1.1758469310520243,-0.7768282287353295,1.0410533626392862,0.035313172684964256,0.38404182644334556,0.1660862265311539,0.3840884409586496,0.1500375218504144,1.7578582637066187,0.07079540945812968,0.2578582637066187,0,0,FOLLOWING,1.7578582637066187,0.44960596836898337,0
40.928000000000004,-0.28779585326158413,1.1672446538151915,-0.7720270887104753,1.0552890918204634,0.03314439041160422,0.38403951211490933,0.16608128119663887,0.38408656341236114,0.15003591398362418,1.7578568136108619,0.07079339919133187,0.2578568136108619,0,0,FOLLOWING,1.7578568136108619,0.44960596836898287,0
40.96,-0.2789759962276657,1.1586846692958974,-0.7672259964940896,1.069535067121295,0.03104396436024459,0.3840372757227577,0.16607642722940813,0.38408478273214447,0.15003441996017206,1.7578554114039986,0.07079142539653993,0.2578554114039986,0,0,FOLLOWING,1.7578554114039986,0.4496059683689847,0
40.992,-0.2701151765138969,1.1501671719091695,-0.7624249486272665,1.0837909603151352,0.029011942924609735,0.38403511212314884,0.16607165681400599,0.38408309980692446,0.15003303402822363,1.7578540539028642,0.07078948492506099,0.2578540539028642,0,0,FOLLOWING,1.7578540539028642,0.44960596836898564,0
41.024,-0.2612135970299685,1.1416923552913274,-0.7576239418540395,1.098056442946838,0.027048372922382713,0.38403301653348143,0.16606696259671003,0.38408150771462674,0.1500317498457918,1.7578527381466995,0.07078757481313336,0.2578527381466995,0,0,FOLLOWING,1.7578527381466995,0.44960596836898353,0
41.056,-0.2522714617299392,1.1332604122904144,-0.7528229731140407,1.1123311863403174,0.025153299594129486,0.38403098452902557,0.16606233766879464,0.3840799996053309,0.1500305613004373,1.7578514613949763,0.07078569227503806,0.2578514613949763,0,0,FOLLOWING,1.7578514613949763,0.44960596836898414,0
41.088,-0.2432889755946376,1.1248715349424847,-0.7480220395323479,1.1266148616061114,0.02332676660225641,0.3840290120042576,0.16605777554277346,0.38407856935588613,0.1500294625969522,1.7578502211039095,0.07078383469396421,0.25785022110390954,0,0,FOLLOWING,1.7578502211039095,0.44960596836898215,0
41.12,-0.2342663446149313,1.1165259144493298,-0.7432211384089438,1.1409071396489794,0.02156881603000238,0.38402709513709143,0.16605327012800628,0.38407721151733554,0.15002844826948586,1.757849014904698,0.07078199961255684,0.2578490149046979,0,0,FOLLOWING,1.757849014904698,0.44960596836898287,0
41.152,-0.22520377577704398,1.1082237411587372,-0.7384202672082417,1.1552076911754623,0.019879488380470933,0.3840252303585463,0.16604881570657704,0.3840759212130985,0.15002751317960775,1.75784784058503,0.07078018472347257,0.25784784058502996,0,0,FOLLOWING,1.75784784058503,0.44960596836898087,0
41.184,-0.21610147704963412,1.0999652045469774,-0.7336194235488755,1.1695161867014905,0.018258822575695666,0.3840234143272575,0.16604440690989228,0.38407469405028855,0.15002665250786001,1.7578466960735015,0.07077838786014357,0.2578466960735015,0,0,FOLLOWING,1.7578466960735015,0.4496059683689817,0
41.216,-0.2069596573722839,1.09175049320314,-0.7288186051938936,1.183832296559955,0.01670685595574628,0.38402164390782856,0.16604003869620815,0.3840735260470381,0.15002586174121724,1.7578455794263503,0.07077660698785426,0.25784557942635034,0,0,FOLLOWING,1.7578455794263503,0.44960596836897965,0
41.248,-0.1977785266451116,1.083579794815,-0.7240178100414297,1.1981556909083257,0.015223624277863945,0.38401991615242315,0.16603570632930817,0.38407241357318034,0.15002513665832606,1.757844488816147,0.07077484019523395,0.2578444888161471,0,0,FOLLOWING,1.757844488816147,0.4496059683689823,0
41.28,-0.18855829571928046,1.0754532961561531,-0.7192170361158846,1.21248603973622,0.013809161715641949,0.38401822828486937,0.16603140535831112,0.384071353301793,0.1500244733132878,1.757843422522008,0.07077308568617213,0.2578434225220081,0,0,FOLLOWING,1.757843422522008,0.4496059683689819,0
41.312,-0.17929917638822454,1.0673711830742014,-0.7144162815596371,1.2268230128730429,0.012463500858234,0.3840165776869735,0.16602713159875887,0.3840703421694117,0.1500238680192073,1.7578423789211488,0.07077134177222211,0.2578423789211488,0,0,FOLLOWING,1.7578423789211488,0.4496059683689837,0
41.344,-0.1700013813794484,1.0593336404798162,-0.7096155446252879,1.2411662799955618,0.011186672709607826,0.384014961886476,0.1660228811148742,0.3840693773433368,0.15002331733168023,1.7578413564814368,0.07076960686546097,0.2578413564814368,0,0,FOLLOWING,1.7578413564814368,0.4496059683689825,0
41.376,-0.16066512434679014,1.0513408523365337,-0.7048148236684086,1.2555155106355425,0.009978706687826744,0.38401337854652157,0.1660186502030376,0.38406845619450725,0.15002281803288112,1.7578403537548686,0.07076787947182583,0.2578403537548686,0,0,FOLLOWING,1.7578403537548686,0.44960596836898387,0
41.408,-0.15129061986305517,1.04339300165117,-0.7000141171407681,1.2698703741873403,0.008839630624374872,0.3840118254562532,0.16601443537632576,0.38406757627501886,0.1500223671165297,1.7578393693717336,0.07076615818487053,0.2578393693717336,0,0,FOLLOWING,1.7578393693717336,0.44960596836898226,0
41.44,-0.14187808341295155,1.0354902704647593,-0.6952134235840325,1.2842305399155391,0.007769470763513975,0.3840103005224573,0.1660102333502002,0.3840667352992171,0.15002196177341068,1.7578384020354232,0.07076444167997964,0.2578384020354232,0,0,FOLLOWING,1.7578384020354232,0.44960596836898326,0
41.472,-0.1324277313862674,1.0276328398439403,-0.6904127416238788,1.2985956769625508,0.006768251761680277,0.3840088017619872,0.1660060410291114,0.3840659311278525,0.1500215993781548,1.7578374505177181,0.07076272870894884,0.2578374505177181,0,0,FOLLOWING,1.7578374505177181,0.4496059683689815,0
41.504,-0.12293978107124624,1.0198208898727321,-0.6856120699645101,1.3129654543562586,0.005835996686914924,0.38400732729495163,0.1660018554940896,0.3840651617545423,0.15002127747673338,1.7578365136545466,0.07076101809495894,0.25783651365454663,0,0,FOLLOWING,1.7578365136545466,0.44960596836898237,0
41.536,-0.11341445064811922,1.012054599644645,-0.6808114073835491,1.3273395410176212,0.004972727018334067,0.3840058753384429,0.16599767399117346,0.38406442529428064,0.15002099377488362,1.757835590342078,0.07075930872788894,0.2578355903420779,0,0,FOLLOWING,1.757835590342078,0.4496059683689804,0
41.568,-0.10385195918276918,1.0043341472550922,-0.6760107527272652,1.3417176057683264,0.004178462645631931,0.38400444420085805,0.1659934939206621,0.3840637199734038,0.15002074612727584,1.75783467953318,0.07075759955995975,0.25783467953318007,0,0,FOLLOWING,1.75783467953318,0.4496059683689833,0
41.6,-0.0942525266204986,0.9966597097940633,-0.6712101049061308,1.3560993173383875,0.003453221868625511,0.38400303227658056,0.16598931282708604,0.3840630441209504,0.15002053252761496,1.7578337802341049,0.07075588960166923,0.25783378023410486,0,0,FOLLOWING,1.7578337802341049,0.44960596836898276,0
41.632,-0.08461637377988418,0.9890314633390399,-0.6664094628906743,1.370484344373814,0.0027970213968292468,0.38400163804116944,0.165985128389928,0.38406239616097676,0.15002035109912482,1.7578328915014851,0.07075417791802985,0.25783289150148514,0,0,FOLLOWING,1.7578328915014851,0.4496059683689846,0
41.664,-0.07494372234669924,0.9814495829481248,-0.6616088257076095,1.3848723554442142,0.0022098763490736584,0.3840002600467851,0.16598093841493328,0.38406177460585966,0.15002020008601835,1.7578320124394828,0.07075246362504473,0.25783201243948284,0,0,FOLLOWING,1.7578320124394828,0.4496059683689833,0
41.696,-0.06523479486789568,0.9739142426533712,-0.6568081924362317,1.3992630190504545,0.0016918002531542964,0.3839988969180228,0.16597674082607722,0.3840611780501745,0.15002007784512847,1.757831142197188,0.0707507458864518,0.25783114219718795,0,0,FOLLOWING,1.757831142197188,0.44960596836898453,0
41.728,-0.055489814745629876,0.9664256154542943,-0.652007562205048,1.4136560036322772,0.0012428050455216555,0.3839975473479504,0.16597253365804537,0.3840606051653247,0.15001998283847484,1.7578302799661483,0.07074902391067472,0.25783027996614827,0,0,FOLLOWING,1.7578302799661483,0.4496059683689826,0
41.76,-0.0457090062313293,0.9589838733115531,-0.6472069341886558,1.4280509775759591,0.0008629010710057283,0.3839962100944663,0.16596831504931825,0.3840600546945238,0.15001991362585718,1.757829424978098,0.07074729694802007,0.2578294249780979,0,0,FOLLOWING,1.757829424978098,0.44960596836898326,0
41.792,-0.03589259441978789,0.9515891871407907,-0.6424063076048151,1.4424476092219323,0.0005520970825765303,0.38399488397682857,0.16596408323566852,0.3840595254483743,0.1500198688583691,1.757828576502794,0.07074556428804125,0.2578285765027939,0,0,FOLLOWING,1.757828576502794,0.4496059683689815,0
41.824,-0.026040805243290364,0.9442417268066242,-0.6376056817117423,1.4568455668724458,0.0003104002411449258,0.3839935678724528,0.16595983654420188,0.3840590163006312,0.15001984727172382,1.7578277338460204,0.07074382525712551,0.2578277338460204,0,0,FOLLOWING,1.7578277338460204,0.4496059683689823,0
41.856,-0.016153865465755594,0.9369416611167743,-0.6328050558055885,1.4712445187991867,0.00013781611539542826,0.3839922607138512,0.1659555733877891,0.384058526184451,0.150019847680529,1.7578268963476833,0.0707420792162381,0.2578268963476833,0,0,FOLLOWING,1.7578268963476833,0.4496059683689802,0
41.888,-0.006232002676900086,0.9296891578163279,-0.6280044292180965,1.485644133250948,3.434868165796967e-05,0.38399096148581635,0.16595129225993946,0.38405805408879423,0.15001986897243808,1.7578260633800564,0.0707403255588468,0.2578260633800564,0,0,FOLLOWING,1.7578260633800564,0.449605968368983,0
41.92,0.0037245547135845336,0.9224843835821244,-0.6232038013144428,1.5000440784612388,3.2381830550320956e-10,0.38398966922268885,0.16594699173006452,0.38405759905515674,0.15001991010277066,1.7578252343460836,0.07073856370900644,0.2578252343460836,0,0,FOLLOWING,1.7578252343460836,0.4496059683689824,0
41.952,0.013715577481840206,0.9153275040172649,-0.6184031714912187,1.5144440226559663,3.477183326106026e-05,0.38398838300588994,0.16594267043910232,0.3840571601744406,0.15001997008967208,1.7578244086778432,0.0707367931195878,0.2578244086778432,0,0,FOLLOWING,1.7578244086778432,0.44960596836898437,0
41.984,0.023740835595639966,0.9082186836457299,-0.6136025391745916,1.528843634061048,0.00013866240885174186,0.3839871019614964,0.16593832709550763,0.3840567365840913,0.15002004800897506,1.757823585835044,0.07073501327065901,0.25782358583504394,0,0,FOLLOWING,1.757823585835044,0.4496059683689829,0
42.016,0.03380009822017614,0.9011580859071076,-0.6088019038185914,1.5432425809100798,0.00031166965695672566,0.38398582525803976,0.16593396047157505,0.3840563274653599,0.15002014298990568,1.7578227653036584,0.07073322366799939,0.25782276530365844,0,0,FOLLOWING,1.7578227653036584,0.4496059683689841,0
42.048,0.043893133723838705,0.8941458731514237,-0.6040012649035515,1.5576405314519577,0.000553789591495879,0.38398455210436866,0.16592956940007833,0.3840559320407192,0.1500202542105561,1.757821946594599,0.07073142384174369,0.257821946594599,0,0,FOLLOWING,1.757821946594599,0.4496059683689823,0
42.08,0.05401970968398585,0.8871822066340683,-0.5992006219346713,1.5720371539585432,0.0008650166340374854,0.38398328174769775,0.16592515277122682,0.38405554957143434,0.15002038089380107,1.757821129242509,0.07072961334515548,0.257821129242509,0,0,FOLLOWING,1.757821129242509,0.44960596836898326,0
42.112,0.06417959289270793,0.8802672465108167,-0.5943999744407097,1.5864321167322857,0.0012453436139234775,0.38398201347171557,0.16592070952988733,0.38405517935528,0.15002052230340193,1.7578203128045935,0.07072779175350952,0.2578203128045935,0,0,FOLLOWING,1.7578203128045935,0.4496059683689814,0
42.144,0.07437254936258336,0.8734011518329379,-0.5895993219728022,1.6008250881138848,0.0016947617684373029,0.38398074659486087,0.16591623867312932,0.3840548207243257,0.15002067774012168,1.7578194968595544,0.07072595866310416,0.2578194968595544,0,0,FOLLOWING,1.7578194968595544,0.4496059683689823,0
42.176,0.08459834433242833,0.8665840805423886,-0.5847986641033881,1.6152157364899111,0.0022132607430047635,0.38397948046864644,0.16591173924799585,0.38405447304286255,0.15002084653818415,1.7578186810065572,0.07072411369036735,0.25781868100655725,0,0,FOLLOWING,1.7578186810065572,0.4496059683689804,0
42.208,0.0948567422730391,0.8598161894670872,-0.5799980004252543,1.629603730300471,0.0028008285914324915,0.38397821447615416,0.16590721034957845,0.3840541357053982,0.15002102806169265,1.7578178648643046,0.07072225647108554,0.2578178648643046,0,0,FOLLOWING,1.7578178648643046,0.44960596836898326,0
42.24,0.10514750689292963,0.8530976343162654,-0.5751973305506883,1.6439887380468126,0.0034574517761830625,0.38397694803054,0.1659026511193081,0.38405380813479884,0.1500212217013202,1.7578170480701176,0.07072038665972258,0.2578170480701176,0,0,FOLLOWING,1.7578170480701176,0.4496059683689828,0
42.272,0.11547040114405929,0.8464285696758933,-0.5703966541107334,1.658370428299002,0.004183115168687412,0.3839756805737388,0.16589806074354227,0.38405348978038256,0.15002142687092992,1.7578162302791418,0.07071850392885703,0.2578162302791418,0,0,FOLLOWING,1.7578162302791418,0.44960596836898464,0
42.304,0.12582518722755692,0.8398091490041739,-0.5655959707545442,1.6727484697035262,0.004977802049692559,0.3839744115751521,0.1658934384523371,0.38405318011626044,0.15002164300448775,1.7578154111635445,0.07071660796869716,0.25781541116354445,0,0,FOLLOWING,1.7578154111635445,0.4496059683689833,0
42.336,0.13621162659943523,0.8332395246271058,-0.5607952801488502,1.6871225309909532,0.005841494109648959,0.3839731405305124,0.16588878351852504,0.38405287863956683,0.150021869552817,1.757814590411822,0.0707146984867192,0.2578145904118221,0,0,FOLLOWING,1.757814590411822,0.44960596836898425,0
42.368,0.14662947997629955,0.826719847734109,-0.5559945819775094,1.701492280983541,0.006774171449128841,0.3839718669607597,0.16588409525696535,0.3840525848688915,0.1500221059806432,1.7578137677281171,0.07071277520737856,0.25781376772811715,0,0,FOLLOWING,1.7578137677281171,0.4496059683689826,0
42.4,0.15707850734104684,0.8202502683737117,-0.5511938759411663,1.7158573886028912,0.007775812579287833,0.38397059041105996,0.1658793730240973,0.38405229834264204,0.15002235176338632,1.7578129428316236,0.07071083787194049,0.2578129428316236,0,0,FOLLOWING,1.7578129428316236,0.44960596836898364,0
42.432,0.1675584679485574,0.813830935449295,-0.5463931617570011,1.730217522877554,0.008846394422358905,0.3839693104498474,0.1658746162176706,0.384052018617555,0.15002260638429935,1.7578121154560098,0.07070888623838884,0.2578121154560098,0,0,FOLLOWING,1.7578121154560098,0.4496059683689817,0
42.464,0.17806912033137628,0.8074619967148934,-0.5415924391585812,1.7445723529506765,0.009985892312183609,0.3839680266680027,0.1658698242767655,0.3840517452671482,0.15002286933125775,1.7578112853489247,0.0707069200814484,0.2578112853489247,0,0,FOLLOWING,1.7578112853489247,0.44960596836898226,0
42.496,0.1886102223053858,0.8011435987710475,-0.5367917078958091,1.7589215480876035,0.01119427999478062,0.383966738678044,0.16586499668202118,0.3840514778803031,0.15002314009382273,1.7578104522715168,0.07070493919269633,0.2578104522715168,0,0,FOLLOWING,1.7578104522715168,0.4496059683689805,0
42.528,0.19918153097546654,0.7948758870607059,-0.5319909677349648,1.7732647776835218,0.012471529628951594,0.38396544611345645,0.16586013295613652,0.3840512160597974,0.1500234181602133,1.7578096159980376,0.07070294338078131,0.25780961599803764,0,0,FOLLOWING,1.7578096159980376,0.4496059683689834,0
42.56,0.2097828027411474,0.7886590058651761,-0.5271902184588505,1.7876017112710452,0.013817611786921313,0.3839641486280197,0.1658552326645793,0.3840509594209044,0.15002370301404058,1.7578087763154475,0.07070093247173283,0.2578087763154475,0,0,FOLLOWING,1.7578087763154475,0.44960596836898303,0
42.592,0.220413793302241,0.7824930983001183,-0.5223894598670417,1.801932018527866,0.015232495455016482,0.3839628458953058,0.16585029541662463,0.38405070758994175,0.15002399413113693,1.7578079330231273,0.0706989063094009,0.2578079330231273,0,0,FOLLOWING,1.7578079330231273,0.4496059683689845,0
42.624,0.23107425766446762,0.7763783063115819,-0.5175886917762423,1.816255369284334,0.016716148034379485,0.38396153760814683,0.16584532086660314,0.3840504602029534,0.15002429097634024,1.7578070859325754,0.0706968647559848,0.2578070859325754,0,0,FOLLOWING,1.7578070859325754,0.4496059683689833,0
42.656,0.24176395014506238,0.7703147706720831,-0.51278791402074,1.8305714335310863,0.01826853534172146,0.3839602234782568,0.1658403087154472,0.3840502169042561,0.15002459300003462,1.7578062348671994,0.07069480769268333,0.25780623486719945,0,0,FOLLOWING,1.7578062348671994,0.4496059683689843,0
42.688,0.2524826243783661,0.7643026309767174,-0.5079871264529884,1.8448798814266307,0.019889621610106656,0.3839589032358648,0.1658352587125328,0.3840499773450734,0.15002489963460458,1.7578053796621202,0.07069273502046591,0.25780537966212025,0,0,FOLLOWING,1.7578053796621202,0.4496059683689828,0
42.72,0.2632300333213971,0.7583420256393089,-0.5031863289442966,1.8591803833049663,0.021579369489779787,0.3839575766294771,0.1658301706578295,0.3840497411820949,0.15002521029075291,1.7578045201640558,0.07069064666097069,0.25780452016405575,0,0,FOLLOWING,1.7578045201640558,0.44960596836898375,0
42.752,0.27400592925940437,0.7524330918885899,-0.4983855213856515,1.8734726096831569,0.023337740049024003,0.3839562434256542,0.1658250444043594,0.38404950807610216,0.15002552435364117,1.7578036562312183,0.07068854255753093,0.25780365623121826,0,0,FOLLOWING,1.7578036562312183,0.44960596836898203,0
42.784,0.2848100638113976,0.7465759657644115,-0.4935847036886576,1.887756231268944,0.025164692775059505,0.38395490340892513,0.16581987986100483,0.38404927769048275,0.15002584117883994,1.757802787733298,0.07068642267634134,0.257802787733298,0,0,FOLLOWING,1.757802787733298,0.4496059683689828,0
42.816,0.29564218793565294,0.7407707821139808,-0.48878387578663207,1.9020309189683133,0.02706018557497647,0.3839535563817165,0.16581467699567792,0.38404904968975434,0.15002616008792313,1.7578019145514612,0.07068428700777828,0.2578019145514612,0,0,FOLLOWING,1.7578019145514612,0.449605968368981,0
42.848,0.3065020519351927,0.7350176745881214,-0.48398303763583056,1.9162963438930993,0.029024174776704936,0.38395220216442666,0.16580943583887534,0.3840488237380481,0.15002648036404082,1.7578010365784378,0.07068213556787294,0.2578010365784378,0,0,FOLLOWING,1.7578010365784378,0.44960596836898364,0
42.88,0.31738940546323535,0.7293167756375573,-0.47918218921683775,1.9305521773685324,0.03105661513001967,0.3839508405954999,0.16580415648761934,0.38404859949753745,0.15002680124684215,1.757800153718617,0.07067996839994867,0.257800153718617,0,0,FOLLOWING,1.757800153718617,0.4496059683689831,0
42.912,0.328303997528613,0.723668216509213,-0.4743813305361248,1.9447980909408478,0.033157459807585665,0.38394947153168624,0.16579883910989443,0.38404837662679603,0.15002712192747478,1.7577992658882573,0.07067778557645804,0.2577992658882573,0,0,FOLLOWING,1.7577992658882573,0.44960596836898487,0
42.944,0.33924557650115506,0.7180721272425323,-0.46958046162777617,1.9590337563848217,0.03532666040603394,0.38394809484828835,0.16579348394947266,0.3840481547791266,0.15002744154291506,1.7577983730156965,0.07067558720098366,0.2577983730156965,0,0,FOLLOWING,1.7577983730156965,0.44960596836898364,0
42.976,0.35021389011703014,0.7125286366658072,-0.464779582555425,1.9732588457113573,0.03756416694707898,0.3839467104395834,0.16578809133133712,0.38404793360072503,0.15002775916983407,1.7577974750416714,0.07067337341048202,0.2577974750416714,0,0,FOLLOWING,1.7577974750416714,0.4496059683689848,0
43.008,0.36120868548404844,0.7070378723925171,-0.4599786934143789,1.9874730311750204,0.03986992787866883,0.38394531821927386,0.16578266166757022,0.38404771272889277,0.15002807381837038,1.7577965719196629,0.07067114437772237,0.2577965719196629,0,0,FOLLOWING,1.7577965719196629,0.44960596836898303,0
43.04,0.37222970908691394,0.7015999608176742,-0.4551777943339793,2.0016759852816124,0.04224389007617413,0.38394391812110557,0.16577719546389505,0.38404749178996067,0.1500283844249386,1.7577956636163485,0.07066890031399103,0.25779566361634854,0,0,FOLLOWING,1.7577956636163485,0.4496059683689839,0
43.072,0.3832767067924268,0.696215027114171,-0.4503768854802039,2.015867380795693,0.0446859988436098,0.38394251009952896,0.1657716933268218,0.3840472703972819,0.15002868984470913,1.7577947501120887,0.07066664147204837,0.25779475011208874,0,0,FOLLOWING,1.7577947501120887,0.4496059683689816,0
43.104,0.3943494238546273,0.6908831952291263,-0.44557596705852337,2.0300468907481433,0.047196197914899374,0.38394109413054084,0.16576615597150557,0.38404704814893814,0.15002898884347549,1.75779383140153,0.07066436814937747,0.25779383140153,0,0,FOLLOWING,1.75779383140153,0.4496059683689823,0
43.136,0.4054476049198779,0.6856045878802255,-0.44077503931704975,2.0442141884436755,0.04977442945516597,0.3839396702125831,0.16576058423033718,0.38404682462540235,0.15002928008868813,1.7577929074942522,0.07066208069173457,0.2577929074942522,0,0,FOLLOWING,1.7577929074942522,0.44960596836898065,0
43.168,0.4165709940318748,0.6803793265520512,-0.4359741025499993,2.0583689474683857,0.05242063406207054,0.38393823836764335,0.16575497906240325,0.38404659938693436,0.15002956213962268,1.7577919784155467,0.07065977949705904,0.2577919784155467,0,0,FOLLOWING,1.7577919784155467,0.44960596836898364,0
43.2,0.4277193346365844,0.6752075314923993,-0.4311731571014827,2.072510841697241,0.05513475076717378,0.3839367986424134,0.16574934156376425,0.38404637197089586,0.15002983343697224,1.7577910442072402,0.07065746501972142,0.2577910442072402,0,0,FOLLOWING,1.7577910442072402,0.44960596836898314,0
43.232,0.4388923695870944,0.6700893217085746,-0.4263722033696805,2.0866395453016326,0.05791671703734835,0.38393535110969923,0.16574367297881074,0.38404614188873143,0.1500300922911526,1.7577901049286833,0.07065513777521315,0.25779010492868326,0,0,FOLLOWING,1.7577901049286833,0.4496059683689851,0
43.264,0.45008984114837297,0.6650248149636623,-0.42157124181141026,2.100754732756849,0.060766468776214055,0.3839338958698953,0.16573797471259233,0.3840459086228185,0.1500303368696926,1.7577891606577885,0.07065279834524096,0.25778916065778845,0,0,FOLLOWING,1.7577891606577885,0.4496059683689836,0
43.296,0.4613114910019259,0.6600141277727676,-0.41677027294714064,2.1148560788496007,0.0636839403256173,0.3839324330527182,0.16573224834437167,0.38404567162297587,0.15003056518347405,1.7577882114922405,0.07065044738332454,0.2577882114922405,0,0,FOLLOWING,1.7577882114922405,0.4496059683689848,0
43.328,0.4725570602503394,0.6550573753992179,-0.41196929736650206,2.128943258685492,0.0666690644671416,0.3839309628190685,0.16572649564245448,0.3840454303026813,0.15003077507123758,1.757787257550799,0.07064808562092173,0.2577872575507989,0,0,FOLLOWING,1.757787257550799,0.4496059683689832,0
43.36,0.48382628942169975,0.6501546718507224,-0.40716831573431106,2.1430159476965285,0.06972177242366029,0.3839294853631606,0.1657207185804034,0.38404518403500765,0.1500309641833294,1.7577862989747783,0.0706457138741236,0.25778629897477834,0,0,FOLLOWING,1.7577862989747783,0.4496059683689841,0
43.392,0.49511891847387546,0.6453061298754762,-0.40236732879720355,2.1570738216485723,0.07284199386091561,0.3839280009148209,0.16571491935481814,0.38404493214811547,0.1500311299629586,1.7577853359296503,0.07064333305099774,0.25778533592965025,0,0,FOLLOWING,1.7577853359296503,0.4496059683689822,0
43.424,0.506434686798646,0.6405118609582082,-0.39756633739089386,2.1711165566488346,0.07602965688914509,0.3839265097420976,0.16570910040480138,0.38404467392036745,0.15003126962631555,1.7577843686068517,0.07064094415962408,0.2577843686068517,0,0,FOLLOWING,1.7577843686068517,0.449605968368983,0
43.456,0.5177733332256643,0.6357719753161567,-0.39276534244816097,2.1851438291533176,0.07928468806473188,0.38392501215407976,0.16570326443329522,0.38404440857498096,0.1500313801401825,1.7577833972257442,0.07063854831690573,0.25778339722574417,0,0,FOLLOWING,1.7577833972257442,0.4496059683689811,0
43.488,0.5291345960262326,0.6310865818949676,-0.38796434500761207,2.1991553159742905,0.08260701239190438,0.38392350850407864,0.16569741443049424,0.3840441352741128,0.15003145819739552,1.7577824220358147,0.07063614675823532,0.2577824220358147,0,0,FOLLOWING,1.7577824220358147,0.4496059683689843,0
43.52,0.5405182129168731,0.6264557883645013,-0.3831633462233094,2.213150694287706,0.08599655332445388,0.38392199919306025,0.16569155369947908,0.38404385311245876,0.1500315001899332,1.757781443319056,0.07063374084807761,0.25778144331905595,0,0,FOLLOWING,1.757781443319056,0.44960596836898387,0
43.552,0.5519239210626694,0.6218797011145399,-0.37836234737537006,2.2271296416406754,0.08945323276750916,0.3839204846735342,0.1656856858844515,0.38404356111003696,0.15003150217860584,1.7577804613926529,0.07063133209162559,0.25778046139265287,0,0,FOLLOWING,1.7577804613926529,0.44960596836898525,0
43.584,0.5633514570803583,0.6173584252503763,-0.3735613498816092,2.2410918359588647,0.09297697107932801,0.38391896545373955,0.16567981500164644,0.38404325820443536,0.15003145986029565,1.7577794766118806,0.0706289221475625,0.2577794766118806,0,0,FOLLOWING,1.7577794766118806,0.4496059683689836,0
43.616,0.5748005570411397,0.6128920645882766,-0.3687603553103685,2.25503695555394,0.09656768707313612,0.3839174421023488,0.16567394547337858,0.38404294324210314,0.1500313685310149,1.7577784893733521,0.07062651284211663,0.2577784893733521,0,0,FOLLOWING,1.7577784893733521,0.4496059683689851,0
43.648,0.5862709564731766,0.6084807216507949,-0.36395936539464985,2.2689646791309572,0.10022529801899527,0.3839159152535831,0.1656680821654728,0.3840426149687671,0.15003122304513153,1.757777500118556,0.0706241061845127,0.25777750011855605,0,0,FOLLOWING,1.757777500118556,0.44960596836898387,0
43.68,0.597762390363749,0.6041244976619266,-0.3591583820476938,2.282874685795786,0.10394971964571209,0.38391438561293484,0.16566223042848233,0.3840422720187958,0.15003101777010297,1.7577765093378048,0.07062170438398718,0.2577765093378048,0,0,FOLLOWING,1.7577765093378048,0.4496059683689854,0
43.712,0.6092745931610246,0.5998234925420769,-0.3543574073801738,2.2967666550624832,0.10774086614277556,0.38391285396340946,0.1656563961430925,0.3840419129034672,0.15003074653618692,1.7577755175745482,0.07061930986853088,0.2577755175745482,0,0,FOLLOWING,1.7577755175745482,0.4496059683689839,0
43.744,0.6208072987754022,0.5955778049028273,-0.3495564437191784,2.310640266860697,0.11159865016233972,0.38391132117248433,0.16565058577020708,0.38404153599785146,0.1500304025802978,1.757774525430174,0.07061692530556368,0.257774525430174,0,0,FOLLOWING,1.757774525430174,0.4496059683689851,0
43.776,0.6323602405803792,0.5913875320414714,-0.3447554936292006,2.3244952015430194,0.11552298282122975,0.3839097881997354,0.16564480640621465,0.3840411395262878,0.15002997848358335,1.7577735335692761,0.070614553624749,0.2577735335692761,0,0,FOLLOWING,1.7577735335692761,0.44960596836898337,0
43.808,0.6439331514128869,0.5872527699352964,-0.3399545599353507,2.338331139892377,0.11951377370299732,0.3839082561053423,0.1656390658440713,0.38404072154616076,0.15002946610160703,1.7577725427255204,0.0706121980432069,0.2577725427255204,0,0,FOLLOWING,1.7577725427255204,0.4496059683689867,0
43.84,0.6555257635730345,0.5831736132355783,-0.3351536457490768,2.352147763129351,0.1235709308599936,0.38390672605940024,0.16563337264083383,0.38404027992984524,0.15002885648638473,1.7577715537080767,0.07060986209339243,0.2577715537080767,0,0,FOLLOWING,1.7577715537080767,0.44960596836898603,0
43.872,0.6671378088231884,0.5791501552612597,-0.3303527544966613,2.365944752919561,0.1276943608154999,0.38390519935235573,0.16562773619245144,0.3840398123444868,0.15002813979919052,1.7577705674088153,0.07060754965396682,0.2577705674088153,0,0,FOLLOWING,1.7577705674088153,0.44960596836898753,0
43.904,0.6787690183863105,0.5751824879922716,-0.32555188995086,2.3797217913809683,0.1318839685658706,0.38390367740644954,0.16562216681662217,0.3840393162294449,0.15002730521269161,1.757769584810209,0.07060526498400088,0.25776958481020906,0,0,FOLLOWING,1.757769584810209,0.4496059683689859,0
43.936,0.6904191229434664,0.5712707020624564,-0.32075105626604183,2.3934785610912206,0.1361396575827304,0.3839021617884985,0.16561667584475417,0.3840387887709886,0.15002634080141833,1.757768606994152,0.07060301276093478,0.25776860699415205,0,0,FOLLOWING,1.757768606994152,0.44960596836898675,0
43.968,0.7020878526303973,0.5674148867520484,-0.31595025801728066,2.4072147450949477,0.14046132981519055,0.3839006542240235,0.16561127572409087,0.3840382268738928,0.15002523341825813,1.757767635151714,0.07060079812273398,0.25776763515171397,0,0,FOLLOWING,1.757767635151714,0.44960596836898475,0
44.0,0.7137749370330484,0.5636151299796575,-0.31114950024387605,2.4209300269110825,0.14484888569211574,0.3838991566130076,0.16560598013129618,0.3840376271295777,0.1500239685560867,1.7577666705940158,0.07059862671477554,0.2577666705940158,0,0,FOLLOWING,1.7577666705940158,0.44960596836898575,0
44.032000000000004,0.7254801051819134,0.559871518293697,-0.3063487884978885,2.4346240905401335,0.1493022241244112,0.38389767104737593,0.16560080409892722,0.3840369857801889,0.15002253019102701,1.7577657147642984,0.07059650474205503,0.25776571476429844,0,0,FOLLOWING,1.7577657147642984,0.4496059683689836,0
44.064,0.7372030855450552,0.5561841368631917,-0.3015481288983063,2.4482966204714858,0.15382124250735818,0.3838961998305184,0.16559576415643584,0.384036298678198,0.15002090060650336,1.7577647692514013,0.07059443902738963,0.25776476925140135,0,0,FOLLOWING,1.7577647692514013,0.4496059683689844,0
44.096000000000004,0.748943606019623,0.5525530694678892,-0.29674752819160727,2.4619473016906497,0.15840583672297115,0.3838947454990084,0.16559087848757395,0.3840355612406935,0.15001906019328135,1.7577638358047623,0.07059243707639518,0.25776383580476225,0,0,FOLLOWING,1.7577638358047623,0.44960596836898264,0
44.128,0.7607013939216773,0.5489783984875912,-0.29194699381954436,2.475575819686541,0.16305590114240476,0.3838933108469233,0.1655861671063982,0.3840347683977884,0.15001698722400458,1.7577629163512114,0.07059050715013696,0.2577629163512114,0,0,FOLLOWING,1.7577629163512114,0.44960596836898575,0
44.160000000000004,0.7724761759740982,0.5454602048906108,-0.28714653399511747,2.4891818604586975,0.16777132862837696,0.3838918989529468,0.16558165205422132,0.38403391453417124,0.15001465759695445,1.7577620130136973,0.07058865834643266,0.2577620130136973,0,0,FOLLOWING,1.7577620130136973,0.4496059683689848,0
44.192,0.7842676782923153,0.5419985682212451,-0.2823461577878732,2.5027651105245505,0.17255201053764968,0.38389051321083534,0.16557735762053089,0.38403299342271585,0.15001204454493594,1.7577611281323309,0.07058690069104528,0.2577611281323309,0,0,FOLLOWING,1.7577611281323309,0.44960596836898625,0
44.224000000000004,0.796075626367572,0.5385935665861454,-0.2775458752197916,2.516325256926613,0.17739783672352183,0.3838891573634568,0.16557331059095542,0.3840319981491679,0.1500091183042837,1.757760264287912,0.07058524524004262,0.257760264287912,0,0,FOLLOWING,1.757760264287912,0.44960596836898437,0
44.256,0.8078997450473756,0.5352452766394404,-0.2727456973732617,2.529861987239718,0.18230869553837392,0.3838878355411275,0.16556954052618603,0.3840309210262134,0.15000584573696502,1.7577594243284227,0.0705837041949364,0.2577594243284227,0,0,FOLLOWING,1.7577594243284227,0.4496059683689851,0
44.288000000000004,0.8197397585127473,0.5319537735664591,-0.2679456365128544,2.543374989578192,0.18728447383623437,0.3838865523046385,0.1655660800761116,0.38402975349566765,0.1500021898995864,1.7577586113987758,0.07058229103235766,0.25775861139877576,0,0,FOLLOWING,1.7577586113987758,0.4496059683689834,0
44.32,0.831595390251809,0.5287191310658682,-0.26314570622291333,2.556863952603064,0.19232505697539337,0.38388531269381376,0.16556296533435305,0.38402848601640716,0.1499981095490193,1.757757828974388,0.07058102065040836,0.25775782897438804,0,0,FOLLOWING,1.757757828974388,0.44960596836898453,0
44.352000000000004,0.8434663630291869,0.5255414213300217,-0.2583459215632474,2.5703285655292176,0.19743032882103584,0.38388412228223956,0.16556023623890248,0.38402710793631056,0.14999355857673313,1.757757080899035,0.07057990953404769,0.25775708089903504,0,0,FOLLOWING,1.757757080899035,0.4496059683689827,0
44.384,0.8553523988506102,0.5224207150232814,-0.25354629924566363,2.583768518132572,0.20260017174792688,0.38388298723920034,0.16555793702587096,0.38402560734505076,0.14998848535748144,1.7577563714276958,0.070578975942401,0.2577563714276958,0,0,FOLLOWING,1.7577563714276958,0.4496059683689833,0
44.416000000000004,0.8672532189219936,0.5193570812580398,-0.2487468578344835,2.5971835007572084,0.20783446664311167,0.3838819143997597,0.16555611674420095,0.38402397090494556,0.14998283199983756,1.7577557052750492,0.07057824012123719,0.2577557052750492,0,0,FOLLOWING,1.7577557052750492,0.44960596836898065,0
44.448,0.8791685436021629,0.5163505875681316,-0.2439476179747449,2.6105732043225283,0.21313309290867088,0.38388091134436425,0.1655548298407733,0.38402218365591934,0.14997653348103207,1.7577550876705672,0.07057772454450419,0.2577550876705672,0,0,FOLLOWING,1.7577550876705672,0.4496059683689835,0
44.480000000000004,0.8910980923482471,0.5134012998792703,-0.2391486026524396,2.623937320330344,0.21849592846448518,0.38387998648924787,0.1655541368267757,0.3840202287902442,0.14996951664585184,1.75775452442111,0.07057745418941419,0.2577545244211099,0,0,FOLLOWING,1.75775452442111,0.44960596836898326,0
44.512,0.9030415836525787,0.510509282476097,-0.23434983749190832,2.6372755408720208,0.22392284975106425,0.38387914918955224,0.16555410503835688,0.3840180873915595,0.1499616990454324,1.7577540219823322,0.07057745685044678,0.2577540219823322,0,0,FOLLOWING,1.7577540219823322,0.4496059683689848,0
44.544000000000004,0.9149987349697516,0.5076745979653532,-0.22955135109641442,2.650587558635543,0.22941373173237922,0.38387840985695065,0.1655548095065874,0.38401573813212886,0.14995298758792477,1.757753587540168,0.07057776349847956,0.25775358754016797,0,0,FOLLOWING,1.757753587540168,0.4496059683689834,0
44.576,0.926969262632228,0.5048973072346197,-0.22475317543905954,2.663873066912615,0.23496844789875437,0.3838777800943203,0.16555633395485458,0.3840131569203286,0.14994327696519974,1.7577532291041431,0.07057840869252252,0.2577532291041431,0,0,FOLLOWING,1.7577532291041431,0.44960596836898503,0
44.608000000000004,0.9389528817525987,0.5021774694059642,-0.2199553463125349,2.677131759605709,0.24058687026977277,0.3838772728501349,0.16555877194493285,0.38401031648945094,0.149932447814472,1.7577529556143918,0.07057943105282993,0.2577529556143918,0,0,FOLLOWING,1.7577529556143918,0.4496059683689838,0
44.64,0.9509493061102374,0.49951514178373463,-0.2151579038477875,2.6903633312351367,0.2462688693972339,0.3838769025960139,0.16556222819711133,0.3840071859165995,0.14992036456443797,1.7577527770647559,0.07058087380586182,0.25775277706475586,0,0,FOLLOWING,1.7577527770647559,0.44960596836898525,0
44.672000000000004,0.96295824801966,0.49691037979560393,-0.21036089311370704,2.7035674769460676,0.2520143143681267,0.38387668553129145,0.16556682011464968,0.3840037300581691,0.14990687290351132,1.757752704644667,0.07058278541359611,0.25775270464466704,0,0,FOLLOWING,1.757752704644667,0.4496059683689836,0
44.704,0.9749794181773703,0.49436323692581213,-0.20556436481227627,2.7167438925155745,0.2578230728076557,0.38387663981944414,0.16557267954882862,0.38399990888564817,0.14989179679655085,1.7577527509031767,0.07058522030215664,0.25775275090317673,0,0,FOLLOWING,1.7577527509031767,0.4496059683689846,0
44.736000000000004,0.9870125254833363,0.4918737646393715,-0.2007683760865824,2.72989227435962,0.26369501088228064,0.3838767858619406,0.1655799548480553,0.3839956767016784,0.14987493495783022,1.7577529299390162,0.07058823970770087,0.2577529299390162,0,0,FOLLOWING,1.7577529299390162,0.4496059683689825,0
44.768,0.9990572768324435,0.48944201229576717,-0.19597299146269626,2.7430123195400755,0.26962999330281234,0.38387714661648503,0.1655888132436429,0.3839909812118094,0.14985605666789176,1.7577532576215407,0.07059191266128342,0.25775325762154067,0,0,FOLLOWING,1.7577532576215407,0.4496059683689852,0
44.800000000000004,1.0111133768703173,0.4870680270504224,-0.19117828395078698,2.7561037257716707,0.27562788332751287,0.38387774796773316,0.16559944363555187,0.383985762422053,0.14983489679702364,1.7577537518482025,0.07059631713881893,0.2577537518482025,0,0,FOLLOWING,1.7577537518482025,0.4496059683689844,0
44.832,1.0231805277066996,0.4847518537418634,-0.1863843363364055,2.769166191428993,0.28168854276526567,0.3838786191606805,0.1656120598554206,0.3839799513246934,0.14981114986287297,1.7577544328456565,0.07060154140806152,0.25775443284565647,0,0,FOLLOWING,1.7577544328456565,0.44960596836898603,0
44.864000000000004,1.0352584285780924,0.48249353476212176,-0.18159124269957316,2.7821994155534058,0.2878118319787424,0.383879793308662,0.16562690450062986,0.3839734683266006,0.14978446291127398,1.7577553235228498,0.07060768561129456,0.2577553235228498,0,0,FOLLOWING,1.7577553235228498,0.4496059683689844,0
44.896,1.0473467754495347,0.4802931099074273,-0.17679911020783096,2.795203097860007,0.29399760988763324,0.38388130799100495,0.16564425345454006,0.38396622136237807,0.1497544269548336,1.7577564498865839,0.07061486363124457,0.25775644988658386,0,0,FOLLOWING,1.7577564498865839,0.4496059683689854,0
44.928000000000004,1.0594452605430797,0.4781506162056444,-0.17200806124001347,2.808176938744527,0.3002457339718865,0.383883205958385,0.16566442123411762,0.38395810362070126,0.1497205666379082,1.7577578415321768,0.07062320529851074,0.25775784153217685,0,0,FOLLOWING,1.7577578415321768,0.44960596836898364,0
44.96,1.0715535717776419,0.4760660877161762,-0.1672182359108388,2.8211206392902497,0.3065560602750014,0.38388553596843594,0.16568776733940163,0.38394899079363054,0.14968232771109985,1.7577595322249782,0.07063285901249537,0.25775953222497816,0,0,FOLLOWING,1.7577595322249782,0.4496059683689841,0
44.992000000000004,1.0836713921012449,0.47403955529715225,-0.16242979508324695,2.8340339012748834,0.3129284434073373,0.3838883537792131,0.16571470382080733,0.3839387377352986,0.1496390617886446,1.7577615605920527,0.07064399486497651,0.2577615605920527,0,0,FOLLOWING,1.7577615605920527,0.44960596836898215,0
45.024,1.095798398692069,0.4720710463335937,-0.15764292397691687,2.8469164271774474,0.3193627365494712,0.3838917233350769,0.16574570433358363,0.3839271743855079,0.1495900077183147,1.7577639709482165,0.07065680837745922,0.25776397094821646,0,0,FOLLOWING,1.7577639709482165,0.44960596836898326,0
45.056,1.1079342619988308,0.470160584418852,-0.15285783650854565,2.85976792018511,0.3258587914555706,0.3838957181878625,0.16578131501580648,0.38391410077511867,0.14953426871308848,1.757766814286451,0.07067152499110103,0.2577668142864511,0,0,FOLLOWING,1.757766814286451,0.4496059683689839,0
45.088,1.1200789660831878,0.4683081899794982,-0.14807312526876662,2.872588084200043,0.3324164584568198,0.383899973556872,0.1658181268101916,0.3839092189839399,0.149522511501986,1.757769829010314,0.07068673551103284,0.2577698290103141,0,0,FOLLOWING,1.757769829010314,0.4496059683689816,0
45.12,1.132232516483264,0.4665139012926169,-0.1432873995790795,2.8853766238462395,0.3390355864648632,0.38390409061314484,0.16585274785743645,0.3839131114744941,0.14955421324257942,1.75777273329997,0.07070103856243003,0.25777273329996997,0,0,FOLLOWING,1.75777273329997,0.44960596836898403,0
45.152,1.1443946471347877,0.46477777475587345,-0.13850071921244328,2.898133244476303,0.3457160229752798,0.383908050030191,0.16588530142163077,0.3839173032546973,0.14958404706780049,1.7577755171074743,0.0707144857279499,0.25777551710747426,0,0,FOLLOWING,1.7577755171074743,0.4496059683689831,0
45.184,1.156565077364705,0.46309986573374134,-0.1337131425771365,2.9108576521782648,0.3524576140711111,0.3839118560403671,0.1659159096803013,0.38392136161582735,0.14961205562402316,1.7577781844985352,0.07072712769055926,0.2577781844985352,0,0,FOLLOWING,1.7577781844985352,0.44960596836898453,0
45.216,1.1687435248286482,0.46148022706736846,-0.12892472523539816,2.9235495537823297,0.3592602044263943,0.38391551487242126,0.16594468971149626,0.38392525263392835,0.14963832785045703,1.757780740672997,0.07073901297545442,0.25778074067299706,0,0,FOLLOWING,1.757780740672997,0.4496059683689831,0
45.248,1.1809297068178872,0.4599189090320439,-0.12413551983671817,2.9362086568676515,0.36612363730975084,0.38391903263881844,0.16597175315638504,0.3839289813822068,0.14966295477093963,1.7577831906936823,0.07075018785014184,0.2577831906936823,0,0,FOLLOWING,1.7577831906936823,0.4496059683689844,0
45.28,1.1931233404073909,0.4584159594551551,-0.11934557610899538,2.9488346697690497,0.37304775458798856,0.3839224151616534,0.16599720601793067,0.3839325561065078,0.1496860276857782,1.7577855393793425,0.0707606962442887,0.25778553937934245,0,0,FOLLOWING,1.7577855393793425,0.44960596836898314,0
45.312,1.2053241424872168,0.45697142384066675,-0.11455494089559472,2.9614273015837504,0.38003239672975364,0.3839256679849025,0.16602114858153963,0.3839359847414375,0.14970763673710033,1.757787791310885,0.07077057971669273,0.25778779131088503,0,0,FOLLOWING,1.757787791310885,0.44960596836898425,0
45.344,1.2175318297812605,0.45558534548234725,-0.10976365822876281,2.9739862621780686,0.3870774028091981,0.3839287963987173,0.16604367544019086,0.38393927465444094,0.1497278697729038,1.7577899508461472,0.07077987746540629,0.2577899508461472,0,0,FOLLOWING,1.7577899508461472,0.44960596836898237,0
45.376,1.2297461188633207,0.45425776556343617,-0.10497176943032117,2.9865112621941137,0.39418261050969583,0.3839318054602703,0.16606487560373298,0.38394243269018413,0.14974681149436858,1.7577920221336745,0.07078862637287374,0.25779202213367447,0,0,FOLLOWING,1.7577920221336745,0.4496059683689831,0
45.408,1.2419667261713203,0.45298872324284367,-0.10017931323147597,2.999002013056434,0.4013478561275735,0.38393470001079805,0.1660848326724559,0.3839454652283794,0.14976454285875954,1.757794009125037,0.07079686107782245,0.257794009125037,0,0,FOLLOWING,1.757794009125037,0.44960596836898137,0
45.44,1.2541933680198327,0.45177825572875546,-0.09538632590467827,3.0114582269786885,0.40857297457589237,0.38393748468991606,0.16610362505681053,0.383948378231789,0.1497811407025569,1.7577959155861027,0.07080461406636301,0.2577959155861027,0,0,FOLLOWING,1.7577959155861027,0.44960596836898375,0
45.472,1.2664257606111258,0.4506263983409025,-0.09059284140174467,3.0238796169702513,0.4158577993882381,0.3839401639477778,0.1661213262275716,0.3839511772860659,0.14979667754603115,1.7577977451074094,0.07081191577576165,0.2577977451074094,0,0,FOLLOWING,1.7577977451074094,0.4496059683689827,0
45.504,1.2786636200449752,0.4495331845629315,-0.08579889149361772,3.0362658968428526,0.42320216272257305,0.3839427420557749,0.16613800498343503,0.38395386763383704,0.14981122154188184,1.7577995011138898,0.07081879470547257,0.25779950111388983,0,0,FOLLOWING,1.7577995011138898,0.4496059683689841,0
45.536,1.2909066623275323,0.4484986460863392,-0.08100450590828251,3.0486167812171483,0.4306058953650883,0.3839452231159298,0.16615372572557302,0.3839564542048923,0.14982483653284856,1.7578011868739083,0.07082527753107185,0.2578011868739083,0,0,FOLLOWING,1.7578011868739083,0.4496059683689826,0
45.568,1.3031546033794865,0.44752281284737316,-0.07620971246431678,3.0609319855293124,0.43806882673411407,0.38394761106939046,0.16616854873122458,0.3839589416433045,0.14983758218828402,1.7578028055077524,0.07083138921780345,0.25780280550775236,0,0,FOLLOWING,1.7578028055077524,0.44960596836898375,0
45.6,1.315407159043741,0.44660571305817276,-0.0714145371983683,3.073211226037578,0.4455907848840389,0.3839499097040562,0.16618253042041944,0.38396133433214735,0.1498495141938328,1.7578043599955238,0.07083715313127682,0.25780435999552376,0,0,FOLLOWING,1.7578043599955238,0.4496059683689819,0
45.632,1.3276640450927657,0.4457473732332723,-0.06661900448551336,3.0854542198287924,0.4531715965092826,0.38395212266157686,0.16619572361183266,0.3839636364159674,0.14986068447388148,1.7578058531845215,0.07084259114365801,0.25780585318452154,0,0,FOLLOWING,1.7578058531845215,0.449605968368983,0
45.664,1.339924977235755,0.4449478182124193,-0.06182313715197824,3.0976606848249144,0.460811086948278,0.38395425344368883,0.1662081777651719,0.38396585182125487,0.14987114143026573,1.7578072877960624,0.07084772373427142,0.25780728779606243,0,0,FOLLOWING,1.7578072877960624,0.4496059683689809,0
45.696,1.3521896712182397,0.4442070186865729,-0.05702714721959892,3.109830339789536,0.4685090801875059,0.3839562953270337,0.16622046961370865,0.3839680806720728,0.14987497266478625,1.7578086670650332,0.07085279058471596,0.25780866706503325,0,0,FOLLOWING,1.7578086670650332,0.44960596836898187,0
45.728,1.364457842159101,0.44352505082737376,-0.05223083025405441,3.12196290433434,0.4762653988655402,0.38395826483970247,0.1662320279237248,0.3839701103110283,0.14988519250993515,1.7578099937027472,0.07085755411450949,0.25780999370274715,0,0,FOLLOWING,1.7578099937027472,0.44960596836898004,0
45.76,1.3767292056459004,0.4429019351452448,-0.047434210948890075,3.1340580989255837,0.4840798642771452,0.38396016469775085,0.1662429067918482,0.383972064565098,0.1498946406776902,1.7578112700182544,0.07086203674336579,0.25781127001825443,0,0,FOLLOWING,1.7578112700182544,0.44960596836898314,0
45.792,1.389003477328577,0.442337689440248,-0.04263731189931686,3.1461156448905085,0.49195229637737836,0.38396199738345316,0.16625315705904894,0.3839739513362047,0.1499033827409945,1.7578124981395813,0.07086625954291699,0.2578124981395813,0,0,FOLLOWING,1.7578124981395813,0.44960596836898264,0
45.824,1.4012803728174903,0.4418323299921394,-0.037840153664025176,3.1581352644237963,0.49988251378575665,0.3839637653451915,0.16626282483860502,0.38397577303263536,0.1499114823414814,1.757813680115011,0.07087024162153699,0.25781368011501105,0,0,FOLLOWING,1.757813680115011,0.4496059683689844,0
45.856,1.4135596076798762,0.441385871591535,-0.03304275501640289,3.17011668059394,0.5078703337904188,0.38396547100628764,0.16627195207932094,0.3839775316345603,0.14991899527018177,1.7578148179254545,0.07087400035814394,0.25781481792545446,0,0,FOLLOWING,1.7578148179254545,0.44960596836898303,0
45.888,1.4258408974498258,0.44099832753389834,-0.0282451331559835,3.182059617349646,0.5159155723523478,0.38396711675347744,0.16628057708340846,0.38397922916321164,0.14992597071032984,1.7578159134840456,0.07087755161755217,0.25781591348404564,0,0,FOLLOWING,1.7578159134840456,0.44960596836898425,0
45.92,1.4381239576388538,0.4406697096157198,-0.023447303886536913,3.1939637995261743,0.5240180441096007,0.3839687049262077,0.1662887349412235,0.38398086769272577,0.1499324522798465,1.7578169686351859,0.07088090993127091,0.2578169686351859,0,0,FOLLOWING,1.7578169686351859,0.44960596836898237,0
45.952,1.45040850374576,0.4404000281334524,-0.018649281766980847,3.205828952851699,0.5321775623815894,0.3839702378085852,0.16629645789704464,0.38398244932360764,0.14993847888054262,1.7578179851543123,0.07088408864960288,0.2578179851543123,0,0,FOLLOWING,1.7578179851543123,0.44960596836898303,0
45.984,1.462694251265768,0.4401892918845296,-0.013851080240093292,3.217654803953609,0.5403939391733705,0.3839717176235169,0.16630377565868612,0.38398397615864205,0.14994408539195472,1.757818964748274,0.07088710007037342,0.25781896474827404,0,0,FOLLOWING,1.757818964748274,0.44960596836898103,0
46.016,1.4749809156990539,0.44003750816990056,-0.009052711743004933,3.229441080364821,0.54866698517999,0.38397314652870984,0.166310715661329,0.383985450284053,0.14994930324083564,1.7578199090562483,0.07088995554860433,0.2578199090562483,0,0,FOLLOWING,1.7578199090562483,0.44960596836898176,0
46.048,1.4872682125587584,0.4399446827976509,-0.004254187802652325,3.2411875105300445,0.5569965097908299,0.38397452661403975,0.16631730329371525,0.3839868737552157,0.14995416087083183,1.7578208196510048,0.07089266559052532,0.2578208196510048,0,0,FOLLOWING,1.7578208196510048,0.4496059683689799,0
46.08,1.4995558573785792,0.4399108200873772,0.0005444808812170469,3.252893823812054,0.5653823210940172,0.3839758599000915,0.16632356209344223,0.383988248585994,0.14995868413182653,1.7578216980404844,0.07089523993473054,0.2578216980404844,0,0,FOLLOWING,1.7578216980404844,0.44960596836898303,0
46.112,1.5118435657239386,0.4399359685170959,0.005343285808985541,3.264559750497901,0.5738242258808235,0.38397714392130977,0.16632944790347795,0.38398958447689946,0.14996294177886554,1.7578225421891966,0.0708976602875841,0.25782254218919665,0,0,FOLLOWING,1.7578225421891966,0.4496059683689826,0
46.144,1.5241310531720733,0.44002008792951697,0.010142233360684207,3.276185021805157,0.5823220296501409,0.3839783846963347,0.16633500033640067,0.38399087545707905,0.14996739880348142,1.7578233562051675,0.07089994298864284,0.2578233562051675,0,0,FOLLOWING,1.7578233562051675,0.4496059683689845,0
46.176,1.536418035462033,0.4401631690149803,0.01494133663482961,3.287769369888081,0.5908755366129435,0.3839795859178894,0.16634019867658723,0.3839921235393956,0.14997226515868126,1.7578241420412006,0.07090207936397662,0.25782414204120063,0,0,FOLLOWING,1.7578241420412006,0.4496059683689833,0
46.208,1.5487042284153671,0.4403652157019268,0.019740632188620478,3.2993125278438105,0.5994845496968121,0.38398075080727895,0.16634494575626274,0.3839933365008971,0.14997827393212823,1.757824900403542,0.07090402899399173,0.257824900403542,0,0,FOLLOWING,1.757824900403542,0.4496059683689847,0
46.24,1.5609893479658987,0.4406262262812717,0.02454014634483457,3.310814229718492,0.6081488705504631,0.38398188224567603,0.16634917486348105,0.38399451708785176,0.14998510529716935,1.7578256321784078,0.07090576411552835,0.2578256321784078,0,0,FOLLOWING,1.7578256321784078,0.44960596836898337,0
46.272,1.573273110093554,0.44094619791321743,0.02933990401230228,3.3222742105134273,0.6168682995483307,0.38398298288909866,0.16635282235139887,0.3839956673736858,0.14999271506768588,1.7578263381556334,0.07090725824281736,0.2578263381556334,0,0,FOLLOWING,1.7578263381556334,0.44960596836898464,0
46.304,1.5855552308209602,0.44132512667215085,0.03413992854178331,3.3336922061911616,0.6256426357951528,0.3839840551616668,0.1663558279249562,0.38399678931321096,0.15000105455368068,1.7578270190282617,0.07090848628665491,0.25782701902826166,0,0,FOLLOWING,1.7578270190282617,0.449605968368983,0
46.336,1.59783542609028,0.44176311615819847,0.038940226464544966,3.3450679536815846,0.6344716771306136,0.38398508395611247,0.1663580227152798,0.3839980132484251,0.15000959814237844,1.7578276636078856,0.07090937839383027,0.25782766360788556,0,0,FOLLOWING,1.7578276636078856,0.449605968368984,0
46.368,1.6101134102413197,0.44226112686332625,0.04374062267602749,3.3564011908879716,0.6433552201339888,0.38398590508835656,0.16635850062022783,0.3840005121765723,0.15001266967744356,1.7578281620181648,0.07090956132609544,0.25782816201816483,0,0,FOLLOWING,1.7578281620181648,0.4496059683689817,0
46.4,1.622388896074882,0.4428177455270975,0.048541059972448494,3.3676916566930464,0.652293060128845,0.38398673531877026,0.1663593179188483,0.38400107183303755,0.1500139535966881,1.7578286701635306,0.07090988505359491,0.2578286701635306,0,0,FOLLOWING,1.7578286701635306,0.4496059683689844,0
46.432,1.6346615990215136,0.44343299931097246,0.05334154842310866,3.3789390909649675,0.6612849911877374,0.38398757864188215,0.16636039575708417,0.384001548942369,0.15001555217499077,1.7578291894451006,0.07091031674838306,0.2578291894451006,0,0,FOLLOWING,1.7578291894451006,0.449605968368984,0
46.464,1.6469312363933546,0.44410693363834625,0.05814209595842437,3.390143234563353,0.6703308061369775,0.3839884310105016,0.1663616337620988,0.38400205209257954,0.15001739858015029,1.7578297161705154,0.07091081479711295,0.2578297161705154,0,0,FOLLOWING,1.7578297161705154,0.44960596836898564,0
46.496,1.659197525690336,0.4448395818675815,0.06294270764429712,3.401303829345226,0.6794302965613854,0.38398928822032036,0.16636295316072333,0.3840025904378724,0.1500194032959123,1.7578302468255156,0.0709113465608958,0.2578302468255156,0,0,FOLLOWING,1.7578302468255156,0.44960596836898425,0
46.528,1.6714601842634476,0.44563092028267126,0.06774357893065693,3.41242061817098,0.6885832528091077,0.3839901657610654,0.1663638933855004,0.3840030609712856,0.1500275158558217,1.7578307848912933,0.07091172044874235,0.2578307848912933,0,0,FOLLOWING,1.7578307848912933,0.44960596836898536,0
46.56,1.6837189298165602,0.4464811239878323,0.07254452547938918,3.4234933449102893,0.6977894639964342,0.383991017709195,0.16636463408293584,0.3840039223427302,0.1500298678174326,1.757831305095175,0.07091201194773276,0.25783130509517505,0,0,FOLLOWING,1.757831305095175,0.4496059683689837,0
46.592,1.6959734793359682,0.4473901778160299,0.0773455423959045,3.434521754448023,0.7070487180126691,0.3839918435344326,0.16636518139881162,0.3840047795899934,0.15003206682348336,1.7578318071966244,0.07091222362061099,0.25783180719662435,0,0,FOLLOWING,1.7578318071966244,0.4496059683689844,0
46.624,1.7082235495013742,0.4483580611174224,0.08214662464543711,3.4455055926901084,0.7163608015250068,0.3839926441606157,0.16636554738979806,0.38400561187449783,0.15003410849217547,1.7578322919015903,0.07091236045764261,0.2578322919015903,0,0,FOLLOWING,1.7578322919015903,0.4496059683689822,0
46.656,1.7204688570661568,0.4493847518435369,0.0869477671500425,3.456444606569404,0.7257254999834585,0.3839934205617664,0.1663657442499168,0.3840064182919321,0.15003599147418722,1.7578327599478547,0.07091242750518124,0.2578327599478547,0,0,FOLLOWING,1.7578327599478547,0.4496059683689831,0
46.688,1.7327091189146506,0.45047022665851033,0.09174896489027891,3.4673385440515085,0.735142597625782,0.38399417365797583,0.1663657839214577,0.38400719978016024,0.15003771759772216,1.7578332120376934,0.07091242970604002,0.2578332120376934,0,0,FOLLOWING,1.7578332120376934,0.4496059683689815,0
46.72,1.7449440520724597,0.451614460916423,0.09655021297580663,3.4781871541405907,0.7446118774824698,0.3839949043156493,0.1663656779583729,0.3840079573655744,0.150039290897247,1.7578336488362984,0.07091237184274696,0.25783364883629845,0,0,FOLLOWING,1.7578336488362984,0.4496059683689843,0
46.752,1.7571733737120738,0.45281742864022884,0.10135150669496393,3.4889901868851463,0.7541331213817258,0.38399561335507215,0.16636543743738427,0.3840086920072411,0.15004071695648097,1.7578340709751945,0.07091225850048216,0.2578340709751945,0,0,FOLLOWING,1.7578340709751945,0.44960596836898437,0
46.784,1.7693968011584418,0.4540791025059825,0.10615284154820154,3.499747393383785,0.7637061099545172,0.38399630155696485,0.1663650729006917,0.38400940459698535,0.1500420024039923,1.7578344790554457,0.07091209404315796,0.25783447905544565,0,0,FOLLOWING,1.7578344790554457,0.44960596836898614,0
46.816,1.7816140518948431,0.4553994538314178,0.11095421326910154,3.5104585257909395,0.7733306226396068,0.3839969696674292,0.16636459432256245,0.38401009597129376,0.15004315452512695,1.7578348736501992,0.070911882599449,0.2578348736501992,0,0,FOLLOWING,1.7578348736501992,0.44960596836898487,0
46.848,1.7938248435689759,0.4567784525679501,0.11575561783590327,3.5211233373225985,0.7830064376886522,0.3839976184017573,0.16636401109414914,0.38401076692114866,0.15004418096555946,1.7578352553067784,0.0709116280564141,0.2578352553067784,0,0,FOLLOWING,1.7578352553067784,0.44960596836898614,0
46.88,1.8060288939991702,0.4582160672953485,0.12055705147585252,3.5317415822619718,0.7927333321712987,0.38399824844726,0.16636333202190615,0.3840114181993364,0.15004508950668682,1.7578356245483568,0.07091133405878716,0.25783562454835685,0,0,FOLLOWING,1.7578356245483568,0.44960596836898437,0
46.912,1.8182259211806613,0.45971226521847186,0.12535851066416467,3.5423130159651692,0.8025110819803313,0.3839988604654711,0.16636256533620733,0.3840120505256208,0.15004588789769532,1.7578359818753897,0.07091100401251382,0.2578359818753897,0,0,FOLLOWING,1.7578359818753897,0.4496059683689851,0
46.944,1.830415643291873,0.46126701216558436,0.13015999211905144,3.552837394866822,0.8123394618368234,0.38399945509379935,0.16636171870725927,0.38401266459043387,0.15004658373220858,1.7578363277668034,0.07091064109133005,0.25783632776680343,0,0,FOLLOWING,1.7578363277668034,0.44960596836898303,0
46.976,1.8425977787006886,0.46288027258786685,0.13496149279390773,3.56331447648571,0.8222182452953419,0.3840000329468664,0.16636079926626046,0.38401326105744593,0.15004718435975947,1.7578366626810658,0.0709102482455273,0.25783666268106575,0,0,FOLLOWING,1.7578366626810658,0.44960596836898387,0
47.008,1.854772045970688,0.4645520095598245,0.13976300986754683,3.5737440194303325,0.8321472047491488,0.3840005946175352,0.1663598136300261,0.38401384056539145,0.1500476968247042,1.7578369870571111,0.07090982821215874,0.2578369870571111,0,0,FOLLOWING,1.7578369870571111,0.44960596836898203,0
47.04,1.866938163867346,0.46628218478035255,0.14456454073315533,3.5841257834044864,0.842126111435463,0.3840011406778042,0.16635876792783894,0.3840144037293623,0.15004812782625662,1.7578373013152166,0.07090938352617714,0.25783730131521665,0,0,FOLLOWING,1.7578373013152166,0.44960596836898487,0
47.072,1.8790958513641876,0.4680707585742813,0.14936608298649867,3.594459529212782,0.852154735440709,0.38400167167950605,0.16635766782942815,0.38401495114180045,0.15004848369506973,1.757837605857773,0.07090891653204132,0.25783760585777293,0,0,FOLLOWING,1.757837605857773,0.44960596836898464,0
47.104,1.8912448276489042,0.4699176898942576,0.15416763441377873,3.6047450187661787,0.8622328457058381,0.38400218815500736,0.16635651857339204,0.38401548337323516,0.15004877038226386,1.757837901070062,0.07090842939550931,0.257837901070062,0,0,FOLLOWING,1.757837901070062,0.44960596836898675,0
47.136,1.903384812129434,0.47182293632285993,0.15896919297944198,3.614982015087448,0.872360210031633,0.3840026906177475,0.16635532499539116,0.3840160009729887,0.15004899345803305,1.757838187320936,0.07090792411533796,0.2578381873209361,0,0,FOLLOWING,1.757838187320936,0.44960596836898564,0
47.168,1.9155155244400086,0.47378645407486586,0.1637707568141689,3.6251702823166516,0.8825365950840705,0.38400317956282215,0.16635409155575412,0.3840165044697409,0.1500491581172609,1.7578384649635153,0.07090740253473776,0.25783846496351526,0,0,FOLLOWING,1.7578384649635153,0.44960596836898686,0
47.2,1.9276366844471775,0.4758081979996137,0.16857232420321175,3.6353095857165596,0.8927617663996852,0.3840036554674711,0.16635282236610532,0.3840169943721249,0.15004926919027894,1.7578387343358155,0.07090686635242399,0.2578387343358155,0,0,FOLLOWING,1.7578387343358155,0.449605968368985,0
47.232,1.939748012255808,0.47788812158341576,0.17337389357518326,3.6453996916780733,0.903035488390987,0.38400411879160745,0.16635152121489366,0.38401747116929624,0.15004933115719207,1.7578389957613882,0.07090631713320927,0.25783899576138825,0,0,FOLLOWING,1.7578389957613882,0.4496059683689856,0
47.264,1.9518492282150726,0.48002617695199296,0.17817546349138677,3.655440367725595,0.9133575243518712,0.3840045699782753,0.16635019159156786,0.38401793533153145,0.15004934816455212,1.7578392495498996,0.07090575631803733,0.25783924954989956,0,0,FOLLOWING,1.7578392495498996,0.4496059683689836,0
47.296,1.963940052924422,0.48222231487290784,0.18297703263572382,3.665431382522396,0.9237276364630902,0.3840050094541597,0.16634883670943582,0.38401838731079335,0.15004932404357466,1.7578394959977237,0.07090518523346648,0.2578394959977237,0,0,FOLLOWING,1.7578394959977237,0.4496059683689843,0
47.328,1.9760202072395516,0.48447648475798427,0.1877785998052053,3.6753725058759326,0.9341455857977153,0.38400543763002587,0.16634745952706728,0.3840188275413595,0.15004926232901095,1.7578397353884772,0.0709046051005521,0.25783973538847715,0,0,FOLLOWING,1.7578397353884772,0.44960596836898187,0
47.36,1.9880894122783612,0.486788634665702,0.19258016390107993,3.6852635087431698,0.944611132326661,0.3840058549012308,0.166346062768314,0.38401925644039364,0.15004916627825465,1.7578399679935766,0.07090401704315184,0.25783996799357656,0,0,FOLLOWING,1.7578399679935766,0.44960596836898487,0
47.392,2.000147389426914,0.4891587113035623,0.19738172392055997,3.6951041632358304,0.9551240349241903,0.3840062616481268,0.166344648940911,0.38401967440858265,0.1500490388902025,1.7578401940727169,0.07090342209564399,0.25784019407271686,0,0,FOLLOWING,1.7578401940727169,0.4496059683689842,0
47.424,2.012193860345391,0.49158666003042156,0.20218327894913923,3.7048942426256763,0.9656840513734981,0.3840066582365877,0.16634322035377774,0.3840200818306872,0.150048882923672,1.7578404138744037,0.07090282121010359,0.2578404138744037,0,0,FOLLOWING,1.7578404138744037,0.44960596836898603,0
47.456,2.024228546974051,0.4940724248587913,0.20698482815347544,3.714633521349708,0.9762909383722685,0.3840070450184081,0.16634177913298231,0.38402047907616754,0.150048700915036,1.7578406276363945,0.07090221526292531,0.2578406276363945,0,0,FOLLOWING,1.7578406276363945,0.44960596836898487,0
47.488,2.0362511715391864,0.496615948457107,0.2117863707748111,3.7243217750153774,0.9869444515382988,0.38400742233179247,0.16634032723652187,0.3840208664997339,0.15004849519508642,1.7578408355861783,0.07090160506095355,0.2578408355861783,0,0,FOLLOWING,1.7578408355861783,0.4496059683689859,0
47.52,2.048261456559087,0.49921717215196487,0.21658790612290343,3.7339587804057457,0.9976443454151124,0.3840077905017675,0.16633886646791357,0.38402124444190894,0.15004826790489845,1.7578410379413942,0.07090099134711994,0.25784103794139424,0,0,FOLLOWING,1.7578410379413942,0.4496059683689844,0
47.552,2.0602591248500004,0.501876035930331,0.22138943357042792,3.7435443154846384,1.0083903734776318,0.3840081498406525,0.1663373984887533,0.38402161322956774,0.15004802101076442,1.757841234910272,0.07090037480564956,0.2578412349102721,0,0,FOLLOWING,1.757841234910272,0.4496059683689856,0
47.584,2.0722438995321006,0.5045924784417237,0.22619095254783725,3.7530781594017473,1.019182288137842,0.3840085006484618,0.16633592483020426,0.3840219731764661,0.15004775631816988,1.7578414266920181,0.07089975606682594,0.25784142669201815,0,0,FOLLOWING,1.7578414266920181,0.4496059683689837,0
47.616,2.0842155040354595,0.5073664370003732,0.2309924625386283,3.7625600924977345,1.0300198407505108,0.38400884321336165,0.16633444690360102,0.3840223245837496,0.15004747548469083,1.7578416134772232,0.07089913571138683,0.25784161347722323,0,0,FOLLOWING,1.7578416134772232,0.4496059683689846,0
47.648,2.0961736621060187,0.5101978475873598,0.23579396307498957,3.771989896309277,1.0409027816189007,0.3840091778120576,0.1663329660101659,0.3840226677404334,0.15004718003209336,1.7578417954482173,0.07089851427455202,0.2578417954482173,0,0,FOLLOWING,1.7578417954482173,0.4496059683689825,0
47.68,2.108118097811568,0.513086644852735,0.24059545373381774,3.781367353574118,1.0518308600005424,0.3840095047102443,0.16633148334992756,0.38402300292386893,0.15004687135739636,1.7578419727794516,0.0708978922497196,0.25784197277945164,0,0,FOLLOWING,1.7578419727794516,0.4496059683689854,0
47.712,2.120048535547727,0.5160327621176284,0.24539693413305022,3.790692248236049,1.0628038241129847,0.3840098241629572,0.16633000002988477,0.38402333040023995,0.15004655074317313,1.7578421456378128,0.07089727009184968,0.2578421456378128,0,0,FOLLOWING,1.7578421456378128,0.44960596836898503,0
47.744,2.13196470004393,0.5190361313763415,0.25019840392830284,3.799964365449915,1.0738214211396264,0.38401013641502674,0.16632851707154156,0.3840236504249319,0.15004621936693022,1.7578423141829902,0.07089664822058583,0.2578423141829902,0,0,FOLLOWING,1.7578423141829902,0.44960596836898664,0
47.776,2.143866316369412,0.5220966832984326,0.25499986280979303,3.809183491586543,1.0848833972355147,0.38401044170141774,0.16632703541774418,0.38402396324302757,0.15004587830984648,1.757842478567765,0.0708960270230881,0.2578424785677651,0,0,FOLLOWING,1.757842478567765,0.4496059683689853,0
47.808,2.1557531099392016,0.5252143472307954,0.2598013104995023,3.8183494142376766,1.0959894975332145,0.38401074024763915,0.16632555593903262,0.38402426908966897,0.15004552856471576,1.757842638938337,0.07089540685666361,0.25784263893833703,0,0,FOLLOWING,1.757842638938337,0.44960596836898614,0
47.84,2.167624806520117,0.5283890511997323,0.2646027467485928,3.8274619222208615,1.1071394661486618,0.38401103227008193,0.16632407943937902,0.38402456819048236,0.1500451710433109,1.7578427954345988,0.07089478805114341,0.25784279543459876,0,0,FOLLOWING,1.7578427954345988,0.4496059683689844,0
47.872,2.1794811322367567,0.5316207219130271,0.26940417133502054,3.8365208055843194,1.1183330461870769,0.3840113179764123,0.16632260666152554,0.38402486076192477,0.15004480658300615,1.7578429481904392,0.07089417091109224,0.2578429481904392,0,0,FOLLOWING,1.7578429481904392,0.44960596836898536,0
47.904,2.1913218135775065,0.5349092847620169,0.2742055840613567,3.8455258556117746,1.1295699797488672,0.3840115975658807,0.16632113829182435,0.38402514701170637,0.1500444359530053,1.7578430973339896,0.07089355571781264,0.2578430973339896,0,0,FOLLOWING,1.7578430973339896,0.44960596836898326,0
47.936,2.2031465774005343,0.5382546638236667,0.2790069847527842,3.854476864827277,1.140850007935584,0.3840118712297034,0.16631967496471373,0.38402542713908944,0.15004405985994693,1.757843242987909,0.07089294273119712,0.25784324298790895,0,0,FOLLOWING,1.757843242987909,0.4496059683689838,0
47.968,2.2149551509397987,0.5416567818626488,0.28380837325526154,3.8633736269999663,1.1521728708558734,0.38401213915134663,0.16631821726679422,0.384025701335286,0.1500436789530556,1.757843385269606,0.07089233219141616,0.25784338526960604,0,0,FOLLOWING,1.757843385269606,0.4496059683689816,0
48.0,2.226747261811049,0.5451155603334271,0.28860974943383705,3.872215937148841,1.1635383076314803,0.38401240150689153,0.16631676574060272,0.38402596978374803,0.15004329382889275,1.7578435242915054,0.07089172432047758,0.25784352429150537,0,0,FOLLOWING,1.7578435242915054,0.4496059683689842,0
