t,x,y,yaw,hx,hy,v,w,actual_v,actual_w,distance,bearing,error,stale,close,state,estimate_distance,estimate_speed,rejected_measurements
0.032,-1.1117249775614982e-19,-9.054995751677783e-06,9.717913460352276e-19,1.5,0.0,0.0,-0.013693828585980103,-3.474412961142314e-18,3.0368479600451785e-17,1.500000000027331,6.036663834377556e-06,2.7331026331012254e-11,0,0,FOLLOWING,1.500000000027331,0.0,0
0.064,-3.134906352438217e-09,-7.567987361799432e-06,-0.00040092693571074377,1.5134399550423492,0.014335808181267047,0.0,0.009560061932392632,-1.1458429165624813e-07,-0.01252896690851306,1.5135079251353418,0.009877977329583842,0.013507925135341825,0,0,FOLLOWING,1.5135079251353418,0.015352065190371156,0
0.096,-1.3274847935535196e-09,-6.064485804777337e-06,-0.00011978571468236703,1.5268796403398757,0.02867046546861567,0.0079689318057491,0.030917615686489264,4.981741145061054e-08,0.008785663215061931,1.5271489067895356,0.01889871116848217,0.027148906789535632,0,0,FOLLOWING,1.5271489067895356,0.04106597430358752,0
0.128,0.0002439830433498047,-4.880114407826102e-06,0.0007771346496342289,1.540318786153171,0.043002821060522445,0.02725534876546038,0.0505486547533526,0.007630778354198246,0.028028751280816465,1.5406751966375347,0.027141331727628032,0.040675196637534716,0,0,FOLLOWING,1.5406751966375347,0.07338872634877316,0
0.16,0.001090674242907455,-3.2399348905863156e-06,0.0022399693565887985,1.5537571227536544,0.057331724340246484,0.04638833132276366,0.0685916418324882,0.026473602737281256,0.045713550983372195,1.5537246855409768,0.03467003487036352,0.05372468554097676,0,0,FOLLOWING,1.5537246855409768,0.10952719970651745,0
0.192,0.002553287480883602,9.014421529340242e-07,0.004222896387540149,1.5671943804289856,0.07165602496820221,0.06525715533290709,0.08516972619521362,0.045719140277308556,0.06196642486194179,1.5662810113352472,0.04154165126492256,0.06628101133524722,0,0,FOLLOWING,1.5662810113352472,0.14743001659223318,0
0.224,0.004624249560816156,1.056051414634515e-05,0.0066836747891219,1.5806302894884796,0.08597457297430981,0.08378757129067506,0.10039303901131129,0.06472784591934345,0.07689929441555932,1.57834877303045,0.04780781096136778,0.07834877303044996,0,0,FOLLOWING,1.57834877303045,0.18561630466921555,0
0.256,0.007292049945816838,2.9544489501865234e-05,0.009583272615632007,1.594064580268518,0.10028621885031608,0.10191888430595032,0.11436076433645233,0.08337808183300745,0.09061243425204105,1.5899366225546847,0.05351561573331853,0.08993662255468471,0,0,FOLLOWING,1.5899366225546847,0.2230415676293476,0
0.28800000000000003,0.010543195221069173,6.229479780403027e-05,0.012885545699442894,1.6074969831379622,0.11458981364207813,0.11960134401825258,0.1271627744128088,0.10160865224356472,0.10319608112707424,1.60105526241749,0.05870812013222282,0.10105526241749008,0,0,FOLLOWING,1.60105526241749,0.2589928852896545,0
0.32,0.01436267704570665,0.00011374418007120723,0.016556962015797417,1.6209272285035645,0.1288842090418027,0.1367953809258675,0.13888095465107902,0.11937315272517601,0.11473185983381019,1.61171693874008,0.06342473739108159,0.11171693874008004,0,0,FOLLOWING,1.61171693874008,0.293007264350327,0
0.352,0.018734281315102953,0.00018918685439314232,0.020566364133147313,1.6343550468153791,0.14316825748023349,0.15347085298682037,0.14959028795506232,0.1366350623740962,0.125293973011262,1.6219351012148198,0.06770159633794093,0.12193510121481976,0,0,FOLLOWING,1.6219351012148198,0.32480823584934565,0
0.384,0.023640865424231623,0.0002941552560355892,0.02488475270548406,1.6477801685721722,0.15744081221877923,0.16960617479542436,0.15935977920121985,0.15336671286232215,0.13494985839008625,1.63172410285086,0.07157187277732734,0.13172410285086,0,0,FOLLOWING,1.63172410285086,0.35425681037058576,0
0.41600000000000004,0.029064611711560603,0.00043433661815856265,0.02948508147616092,1.6612023243268308,0.17170072744157516,0.18518736661416368,0.1682532176126742,0.16954852205397797,0.14376054848472544,1.6410989274162255,0.07506608458225576,0.14109892741622554,0,0,FOLLOWING,1.6410989274162255,0.3813137098010612,0
0.448,0.034987255155912236,0.0006154661646568479,0.034342153081939754,1.6746212446917705,0.1859468583474702,0.20020708507570148,0.17632967505066147,0.18516812004573124,0.151783819743166,1.6500749511975796,0.07821229974321328,0.15007495119757963,0,0,FOLLOWING,1.6500749511975796,0.4060104368802125,0
0.48,0.04139028392917129,0.0008432562356310542,0.03943245807067122,1.6880366603443426,0.20017806124193294,0.21466366420801541,0.1836440449667191,0.20021947330050324,0.1590724184857791,1.658667734492992,0.0810363781548483,0.1586677344929921,0,0,FOLLOWING,1.658667734492992,0.42842725446614127,0
0.512,0.04825511259632391,0.001123332543481225,0.04473405229496465,1.7014483020322388,0.21439319362886847,0.2285602039717125,0.19024744983279943,0.21470198646817457,0.16567525983035827,1.6668928445598035,0.08356216947452455,0.16689284455980347,0,0,FOLLOWING,1.6668928445598035,0.44867655212298496,0
0.544,0.05556322889716947,0.0014611816782890148,0.0502264473962277,1.7148559005788964,0.22859111430233955,0.24190372584100972,0.19618758090709737,0.22861964059576068,0.17163783671753569,1.6747657079694727,0.08581168955853336,0.17476570796947266,0,0,FOLLOWING,1.6747657079694727,0.46689039966904183,0
0.5760000000000001,0.06329631576235623,0.0018621089202111244,0.055890512248421745,1.7282591868888995,0.24277068343818337,0.2547044079135164,0.20150898421493663,0.24198018778701882,0.17700256235420023,1.682301490074304,0.08780527801211928,0.18230149007430407,0,0,FOLLOWING,1.682301490074304,0.48321134275908534,0
0.608,0.07143635067797868,0.002331205260399649,0.061708383615910675,1.74165789195338,0.2569307626855181,0.2669749053686345,0.20625330404216166,0.25479441698864463,0.18180905811899573,1.6895149989217153,0.08956173915318792,0.1895149989217153,0,0,FOLLOWING,1.6895149989217153,0.49778569800118827,0
0.64,0.07996568475666327,0.002873322514082119,0.06766338458524813,1.755051746855418,0.271070215258131,0.2787297570185965,0.2104594930007213,0.26707549850893336,0.18609439647246898,1.6964206107905777,0.0910984684434757,0.1964206107905777,0,0,FOLLOWING,1.6964206107905777,0.5107587653697171,0
0.672,0.0888671039493067,0.003493055432591617,0.0737399495852506,1.7684404827754379,0.2851879060257407,0.289984875058989,0.21416399586775264,0.2788384094034346,0.18989330682222944,1.7030322145256451,0.09243156621417525,0.20303221452564513,0,0,FOLLOWING,1.7030322145256451,0.5222715024150979,0
0.704,0.0981238747868899,0.004194729773107368,0.07992355502273263,1.781823830996603,0.2992827016051264,0.3007571127023764,0.21740091287199428,0.29009943791681536,0.19323835099827008,1.709363171962156,0.09357594030276051,0.20936317196215604,0,0,FOLLOWING,1.709363171962156,0.5324583048757277,0
0.736,0.1077197769152942,0.004982395357319731,0.08620065474060523,1.795201522910211,0.3133534704511176,0.31106390292802544,0.22020214685421202,0.30087576251580417,0.19616007394084214,1.7154262919229604,0.09454539902150519,0.21542629192296037,0,0,FOLLOWING,1.7154262919229604,0.5414456172556632,0
0.768,0.11763912450910938,0.005859823236064661,0.09255861965668459,1.8085732900210831,0.3273990829474354,0.32092296087376854,0.22259753771576643,0.3111850994258853,0.19868713433887653,1.721233815503115,0.09535273569489909,0.22123381550311505,0,0,FOLLOWING,1.721233815503115,0.5493511591134239,0
0.8,0.12786677844688496,0.006830506170299678,0.09898568106995317,1.8219388639529535,0.3414184114973796,0.33035204223141973,0.22461498675159813,0.3210454117494779,0.20084641923060323,1.7267974106078694,0.09600980583289923,0.2267974106078694,0,0,FOLLOWING,1.7267974106078694,0.5562836016908519,0
0.8320000000000001,0.13838815061304954,0.007897608932009813,0.10547106828424535,1.8352979764538557,0.35541033061435273,0.3393687780073061,0.22628018225941354,0.3304744900091571,0.2026691172167543,1.7321281848541534,0.09652743662477362,0.23212818485415343,0,0,FOLLOWING,1.7321281848541534,0.5623425678637883,0
0.864,0.14918920380312164,0.009064138803124745,0.11200435478322279,1.8486503594015067,0.3693737170122161,0.34799043631291215,0.22761794348124498,0.339490523745281,0.20416598246357498,1.7372366596226927,0.09691600170208825,0.2372366596226927,0,0,FOLLOWING,1.7372366596226927,0.5676188584187793,0
0.896,0.16025644357516552,0.010332779804576489,0.11857604934356696,1.861995744808688,0.3833074496954678,0.35623389616182316,0.22865101417845876,0.34811077429902676,0.20536624372337534,1.7421328174806239,0.09718494010488986,0.24213281748062387,0,0,FOLLOWING,1.7421328174806239,0.5721948311006512,0
0.928,0.1715769085977862,0.011705959172827525,0.12517732328095646,1.8753338648286242,0.39721041004923796,0.36411553046879813,0.22940063091472102,0.3563522572283314,0.20629060571412258,1.7468261068436355,0.09734300577748509,0.24682610684363548,0,0,FOLLOWING,1.7468261068436355,0.5761448771231241,0
0.96,0.18313815786877063,0.013185857143850654,0.13179996765435462,1.8886644517603592,0.41108148192909166,0.37165114303570934,0.22988661513069197,0.3642314729515266,0.2069584356026229,1.7513254601526282,0.09739831820692543,0.25132546015262824,0,0,FOLLOWING,1.7513254601526282,0.5795359539904746,0
0.992,0.1949282556393464,0.014774415916106622,0.13843635287929884,1.9019872380541285,0.4249195517506348,0.37885592631274906,0.2301274623549872,0.37176433616727295,0.20738783846801642,1.755639314293148,0.09735840994652156,0.2556393142931479,0,0,FOLLOWING,1.755639314293148,0.5824281444161384,0
1.024,0.20693575483317403,0.01647334883057334,0.14507939052773522,1.915301956316729,0.4387235085789134,0.3857444355132221,0.23014042733710366,0.3789661341158614,0.20759572563471693,1.7597756322266906,0.09723027077122068,0.25977563222669064,0,0,FOLLOWING,1.7597756322266906,0.5848752195360335,0
1.056,0.21914967949759345,0.018284149647379837,0.1517224972619495,1.9286083393168867,0.45249224421760115,0.39233057581782105,0.22994160509360365,0.3858515019377246,0.20759788136064658,1.7637419252888094,0.09702038868013291,0.26374192528880935,0,0,FOLLOWING,1.7637419252888094,0.586925191047746,0
1.088,0.23155950670510853,0.020208101797412576,0.15835956085446526,1.9419061199906185,0.46622465329796614,0.39862759995602326,0.22954600787821555,0.39243441117661154,0.20740902802170375,1.7675452757396795,0.09673478794926119,0.26754527573967946,0,0,FOLLOWING,1.7675452757396795,0.588620841794301,0
1.12,0.24415514848527395,0.02224623277392914,0.16498495198695792,1.9551950314465938,0.47991963336761084,0.40464813759771207,0.22896760551191775,0.3987278950595671,0.20704425664721574,1.7711923731473302,0.0963790505669452,0.27119237314733025,0,0,FOLLOWING,1.7711923731473302,0.5900002279945789,0
1.1520000000000001,0.2569269344905596,0.024399216051529324,0.17159358957419904,1.9684748069714901,0.493576084978979,0.41040425669402014,0.2282193053183248,0.40474374180087413,0.20652069965430073,1.7746895655664867,0.09595831139362085,0.2746895655664867,0,0,FOLLOWING,1.7746895655664867,0.5910971490707101,0
1.184,0.26986559341652055,0.026667796431320376,0.17818057105954174,1.9817451800353465,0.5071929117776196,0.4159072966951047,0.22731328674837514,0.4104952572259614,0.20584393678642637,1.778042773827676,0.09547740284697273,0.27804277382767606,0,0,FOLLOWING,1.778042773827676,0.5919415830478165,0
1.216,0.28296223537485643,0.029052545001361403,0.18474134870079933,1.995005884296913,0.5207690205902039,0.4211679958300208,0.22626091361085288,0.41599386934000654,0.2050250556059878,1.7812575749115742,0.09494081966509577,0.2812575749115742,0,0,FOLLOWING,1.7812575749115742,0.5925600869695993,0
1.248,0.2962083336825706,0.031553861863676855,0.19127170549511543,2.0082566536089956,0.5343033215122862,0.42619651764854893,0.22507279717937284,0.42125033686203694,0.20407439186314355,1.7843392247383523,0.09435274710395455,0.28433922473835227,0,0,FOLLOWING,1.7843392247383523,0.5929761628148743,0
1.28,0.3095957082055511,0.034171984445006486,0.19776773256010258,2.0214972220237994,0.547794727995803,0.43100247529457414,0.22375884847053368,0.4262748321847039,0.20300157447514985,1.7872926776848435,0.09371708428225348,0.28729267768484346,0,0,FOLLOWING,1.7872926776848435,0.5932105901171476,0
1.312,0.3231165094806046,0.03690699567270036,0.2042258081840056,2.034727323798264,0.5612421569363015,0.43559495638515244,0.2223283266083052,0.4310769719994588,0.20181557766539457,1.7901226050263954,0.09303746552366465,0.2901226050263954,0,0,FOLLOWING,1.7901226050263954,0.593281726961149,0
1.344,0.33676320350988104,0.03975883182844158,0.21064257842438994,2.047946693399399,0.574644528759893,0.4399825482732716,0.22078988371841135,0.43566584356724525,0.2005247693551338,1.792833412465395,0.09231727993929612,0.29283341246539507,0,0,FOLLOWING,1.792833412465395,0.593205781318692,0
1.3760000000000001,0.3505285572255017,0.042727290098277956,0.2170149391372253,2.061155065509612,0.588000767509922,0.4441733633129071,0.21915160656108257,0.44005003083964644,0.19913695586423327,1.7954292567552956,0.09155968939204262,0.29542925675529563,0,0,FOLLOWING,1.7954292567552956,0.5929970548390503,0
1.408,0.3644056246236111,0.04581203583977801,0.22334001932339462,2.0743521750320357,0.6013098009333454,0.44817506381457634,0.21742105511118956,0.44423764047412795,0.19765942308144324,1.7979140614271916,0.09076764497665721,0.29791406142719157,0,0,FOLLOWING,1.7979140614271916,0.59266816126316,0
1.44,0.37838773355907773,0.049012609581691874,0.22961516568593376,2.0875377570958453,0.6145705605668135,0.4519948864551811,0.21560529829737424,0.448236327457707,0.19609897430042106,1.8002915316354244,0.08994390214309267,0.30029153163542444,0,0,FOLLOWING,1.8002915316354244,0.5922302216145855,0
1.472,0.39246847318536093,0.05232843376681858,0.23583792829834452,2.100711547061578,0.6277819818224479,0.4556396659689082,0.21371094710925123,0.45205332009467725,0.19446196494138235,1.802565168146738,0.08909103458326653,0.30256516814673806,0,0,FOLLOWING,1.802565168146738,0.5916930382549231,0
1.504,0.40664168201931167,0.055758819245277334,0.24200604729182842,2.1138732805264415,0.6409430040733081,0.45911585799664667,0.21174418527484623,0.45569544417925795,0.19275433439292067,1.8047382805033134,0.08821144699314995,0.3047382805033134,0,0,FOLLOWING,1.8047382805033134,0.5910652497934079,0
1.536,0.4209014366075485,0.059302971522982285,0.248117440476937,2.1270226933296223,0.6540525707385386,0.46242956101176175,0.20971079770042877,0.4591691462302523,0.1909816352130382,1.8068139993939534,0.087307386813345,0.3068139993939534,0,0,FOLLOWING,1.8068139993939534,0.5903544687222403,0
1.568,0.4352420329965362,0.06296135793789559,0.2541701942738334,2.1401595215575866,0.6671096293681931,0.46558588266572243,0.20761443444755756,0.46249098425226653,0.18914913780820308,1.8087948409572423,0.0863802418448934,0.3087948409572423,0,0,FOLLOWING,1.8087948409572423,0.5895674035195647,0
1.6,0.4496579794331672,0.06673325937387148,0.2601625020496049,2.153283501549379,0.6801131317277266,0.46859012666082067,0.20545993705379376,0.4656585042121857,0.18726018171308717,1.810683513873854,0.08543188686265911,0.31068351387385396,0,0,FOLLOWING,1.810683513873854,0.5887099668277816,0
1.6320000000000001,0.4641439919330744,0.07061597459461595,0.2660926942993243,2.1663943699019113,0.6930620338821482,0.4714482426025738,0.20325427124066348,0.4686617233189539,0.18531905192495488,1.8124832264100064,0.084465060391062,0.31248322641000637,0,0,FOLLOWING,1.8124832264100064,0.5877873711807057,0
1.6640000000000001,0.4786949862761683,0.0746082898982224,0.27195929512353356,2.179491863475252,0.7059552962798292,0.47416514416060324,0.20100192992993668,0.47151816440246475,0.18333180203811109,1.8141965328919496,0.08348150389366699,0.3141965328919496,0,0,FOLLOWING,1.8141965328919496,0.5868042136223288,0
1.696,0.49330607898788603,0.07870895578088438,0.27776096066652817,2.1925757193979054,0.7187918838359604,0.4767454460002351,0.1987070604980108,0.47423334845776094,0.18130255679147217,1.815825835703071,0.0824828234838133,0.315825835703071,0,0,FOLLOWING,1.815825835703071,0.5857645504348492,0
1.728,0.5079725695436149,0.08291665324959259,0.28349646636990866,2.2056456750720885,0.7315707660156481,0.4791935124615536,0.19637354041657476,0.47681194901506846,0.17923504421437692,1.8173734154661254,0.08147052018422801,0.3173734154661254,0,0,FOLLOWING,1.8173734154661254,0.5846719630756098,0
1.76,0.522689931022628,0.08722999658587983,0.28916469913960613,2.218701468179002,0.7442909169166487,0.4815134757401981,0.19400499669107105,0.47925833526032635,0.1771327476085584,1.8188414409160145,0.08044599760675418,0.3188414409160145,0,0,FOLLOWING,1.8188414409160145,0.5835296163125088,0
1.792,0.5374538024818434,0.09164753750564444,0.2947646501448449,2.2317428366840946,0.7569513153517273,0.4837092504517896,0.19160482222209177,0.481576638978315,0.1749989252402698,1.820231976489334,0.07941056841148081,0.320231976489334,0,0,FOLLOWING,1.820231976489334,0.5823403094456191,0
1.824,0.5522599818605181,0.09616776922102886,0.30029540809473093,2.244769518842321,0.7695509449306408,0.4857845470810784,0.1891761909572184,0.4837707739806697,0.17283662526464638,1.82154698926575,0.07836546026993518,0.3215469892657501,0,0,FOLLOWING,1.82154698926575,0.5811065214093093,0
1.856,0.5671044192586369,0.10078913033013231,0.3057561529534035,2.2577812532033974,0.7820887941417343,0.4877428845962835,0.1867220719825213,0.48584445000851884,0.1706486994311346,1.8227883554453823,0.07731182139242937,0.3227883554453823,0,0,FOLLOWING,1.8227883554453823,0.579830450463879,0
1.8880000000000001,0.5819832105546612,0.10551000853503704,0.3111461500620926,2.270777778617047,0.7945638564331464,0.4895876022931301,0.18424524263568368,0.4878011853677186,0.16843781579973346,1.8239578664048717,0.07625072565556873,0.3239578664048717,0,0,FOLLOWING,1.8239578664048717,0.5785140491082994,0
1.92,0.5968925913421967,0.11032874419377434,0.31646474463918794,2.283758834238242,0.8069751302936169,0.4913218709117577,0.18174830071424986,0.48964431875951553,0.16620647055412793,1.8250572343595668,0.07518317736227598,0.3250572343595668,0,0,FOLLOWING,1.8250572343595668,0.5771590547756716,0
1.952,0.6118289311674175,0.11524363371233247,0.3217113566317114,2.29672415953244,0.819321619332888,0.49294870306713473,0.17923367584657987,0.4913770203875094,0.16395699898337857,1.826088097656496,0.07411011566380205,0.32608809765649593,0,0,FOLLOWING,1.826088097656496,0.5757670168099946,0
1.984,0.6267887280501533,0.12025293278286758,0.32688547589365613,2.3096734942808115,0.8316023323616965,0.4944709630325889,0.1767036400876941,0.49300230238317266,0.16169158569677167,1.8270520257213196,0.07303241867056609,0.32705202572131964,0,0,FOLLOWING,1.8270520257213196,0.5743393201662331,0
2.016,0.6417686032724915,0.12535485947427166,0.3319866576685475,2.3226065785854626,0.8438162834713472,0.4958913759149144,0.1741603177972342,0.4945230285879406,0.15941227413099526,1.827950523681129,0.07195090727629044,0.3279505236811291,0,0,FOLLOWING,1.827950523681129,0.5728772062250457,0
2.048,0.6567652964196538,0.1305475971812109,0.3370145183552963,2.3355231528746527,0.8559624921128628,0.4972125362581187,0.17160569485223753,0.49594192372878576,0.157120975403231,1.8287850366836673,0.07086634871775538,0.3287850366836673,0,0,FOLLOWING,1.8287850366836673,0.5713817910682707,0
2.08,0.6717756606587872,0.13582929743767364,0.34196873153800117,2.348422957908002,0.8680399831757031,0.4984369161113047,0.16904162724324323,0.49726158202310017,0.1548194765598339,1.8295569539323044,0.06977945989055279,0.32955695393230444,0,0,FOLLOWING,1.8295569539323044,0.5698540815209536,0
2.112,0.6867966582421732,0.14119808260097336,0.3468490242618151,2.3613057347816975,0.8800477870660486,0.49956687259453364,0.1664698490983988,0.49848447524760475,0.15250944826594498,1.8302676124549053,0.0686909104394528,0.3302676124549053,0,0,FOLLOWING,1.8302676124549053,0.568294989229834,0
2.144,0.701825356222173,0.14665204841202054,0.35165517353831705,2.3741712249336864,0.8919849397846396,0.5006046549947688,0.16389198017675494,0.4996129603045489,0.15019245197776435,1.8309183006235792,0.06760132564041271,0.3309183006235792,0,0,FOLLOWING,1.8309183006235792,0.5667053430163478,0
2.176,0.7168589223660204,0.15218926643753686,0.35638700306507415,2.387019170148867,0.9038504830041675,0.5015524114222744,0.1613095328686577,0.5006492863170223,0.14786994663614103,1.8315102614412202,0.06651128908979825,0.3315102614412202,0,0,FOLLOWING,1.8315102614412202,0.5650858997139612,0
2.208,0.7318946212593256,0.1578077863997178,0.3610443801451981,2.39984931256427,0.9156434641462113,0.5024121950560696,0.15872391873825603,0.5015956012837189,0.14554329491656068,1.832044695609706,0.06542134521509442,0.33204469560970606,0,0,FOLLOWING,1.832044695609706,0.5634373536746283,0
2.24,0.7469298105878661,0.1635056383986727,0.36562721279375543,2.4126613946742377,0.9273629364577096,0.5031859700053454,0.15613645464037282,0.5024539583217422,0.14321376906846886,1.8325227643936501,0.06433200162018016,0.33252276439365014,0,0,FOLLOWING,1.8325227643936501,0.5617603451070335,0
2.2720000000000002,0.7619619375879159,0.16928083503277994,0.3701354470188365,2.4254551593355855,0.9390079590869688,0.5038756168120598,0.15354836844156614,0.5032263215245346,0.14088255637345234,1.832945592292683,0.06324373127718735,0.33294559229268295,0,0,FOLLOWING,1.832945592292683,0.5600554673897227,0
2.3040000000000003,0.7769885356560006,0.1751313734218982,0.3745690642659722,2.4382303497727698,0.9505775971591945,0.5044829376183491,0.1509608043729295,0.5039145714603361,0.1385507642500276,1.8333142695343883,0.06215697457597785,0.33331426953438825,0,0,FOLLOWING,1.8333142695343883,0.5583232734849659,0
2.336,0.792007221109566,0.18105523713817492,0.37892807901540276,2.4509867095830367,0.9620709218515447,0.5050096610207931,0.1483748280400822,0.5045205103350351,0.13621942503035767,1.8336298543991894,0.06107214124139727,0.33362985439918935,0,0,FOLLOWING,1.8336298543991894,0.5565642815639511,0
2.368,0.8070156900906003,0.1870503980489867,0.3832125365224299,2.4637239827415707,0.9734870104676969,0.5054574466321643,0.1457914311139713,0.5050458668416091,0.13388950043170744,1.8338933753877595,0.05998961212767168,0.33389337538775954,0,0,FOLLOWING,1.8338933753877595,0.5547789799404937,0
2.4,0.8220117156047774,0.19311481807634429,0.38742251069178635,2.4764419136066325,0.9848249465119228,0.5058278893698315,0.14321153572430845,0.5054923007170044,0.13156188574456257,1.8341058332408022,0.05890974089857503,0.33410583324080223,0,0,FOLLOWING,1.8341058332408022,0.5529678313986147,0
2.432,0.8369931446891735,0.19924645087689866,0.3915581020775666,2.4891402469246886,0.9960838197626656,0.5061225234887073,0.14063599857592024,0.5058614070257914,0.12923741375658032,1.8342682028204056,0.057832855601349376,0.3342682028204056,0,0,FOLLOWING,1.8342682028204056,0.5511312769889283,0
2.464,0.8519578957020574,0.20544324344648085,0.3956194360008597,2.501818727835537,1.0072627263456135,0.5063428263753765,0.13806561480679788,0.5061547201885491,0.12691685843077752,1.8343814348615748,0.05675926014174415,0.3343814348615748,0,0,FOLLOWING,1.8343814348615748,0.5492697393596243,0
2.496,0.8669039557286795,0.2117031376529247,0.3996066607777454,2.5144771018774192,1.0183607688062641,0.5064902221188408,0.13550112160531688,0.5063737177717657,0.12460093835447786,1.8344464576019583,0.05568923566700407,0.33444645760195835,0,0,FOLLOWING,1.8344464576019583,0.5473836256797663,0
2.528,0.8818293780973672,0.21802407170073157,0.40351994605081387,2.5271151149921307,1.0293770561819722,0.506566084872278,0.13294320160283826,0.506519824054707,0.12229031997456721,1.8344641782972928,0.05462304186312273,0.3344641782972928,0,0,FOLLOWING,1.8344641782972928,0.5454733302055562,0
2.56,0.8967322800005963,0.22440398153095956,0.4073594812178343,2.5397325135301165,1.0403107040734783,0.50657174201912,0.13039248605675033,0.5065944133876664,0.11998562063335028,1.8344354846295718,0.053560918172215095,0.33443548462957184,0,0,FOLLOWING,1.8344354846295718,0.5435392365339853,0
2.592,0.9116108402160435,0.23084080215954875,0.41112547395161,2.5523290442555653,1.0511608347159078,0.5065084771558517,0.12784955783796192,0.5065988133549738,0.1176874114182856,1.8343612460145193,0.052503084935439974,0.33436124601451933,0,0,FOLLOWING,1.8343612460145193,0.5415817195828335,0
2.624,0.9264632969229235,0.23733246895712629,0.4148181488054573,2.564904454351489,1.0619265770492403,0.5063775329029946,0.1253149542358829,0.506534307755047,0.11539621983770576,1.8342423148145084,0.051449744466514624,0.3342423148145084,0,0,FOLLOWING,1.8342423148145084,0.5396011473311744,0
2.656,0.9412879456092096,0.2438769188731828,0.41843774589911154,2.5774584914247995,1.0726070667882384,0.5061801135549415,0.12278916959298196,0.5064021394090581,0.11311253233427146,1.8340795274626984,0.05040108206048849,0.3340795274626984,0,0,FOLLOWING,1.8340795274626984,0.5375978823503395,0
2.688,0.9560831368473932,0.25047211997639524,0.42198457871205525,2.5899909035113717,1.0832014464918334,0.5059173717274401,0.12027248224642526,0.5062038698889908,0.1108386413984312,1.8338736928163089,0.04935719407357125,0.33387369281630885,0,0,FOLLOWING,1.8338736928163089,0.5355722831515891,0
2.72,0.9708472740734911,0.2571160355527159,0.4254589491752135,2.6025014390811037,1.0937088656319616,0.5055904313626094,0.11776520197464813,0.5059405495394123,0.10857418612452399,1.833625609966956,0.04831819052401919,0.3336256099669559,0,0,FOLLOWING,1.833625609966956,0.5335247053735106,0
2.7520000000000002,0.9855788117548352,0.26380661498738184,0.4288611290035659,2.6149898470429624,1.1041284806618463,0.5052003962404649,0.1152677262629859,0.5056130598807248,0.1063182222522859,1.833336073896256,0.04728421840936581,0.3333360738962561,0,0,FOLLOWING,1.833336073896256,0.5314555028293002,0
2.7840000000000003,1.0002762539650956,0.2705418129263344,0.432191401234362,2.6274558767500222,1.114459455083718,0.5047483417094227,0.11278041868880766,0.5052224913084568,0.10407110359483854,1.8330058678441197,0.04625541117105075,0.3330058678441197,0,0,FOLLOWING,1.8330058678441197,0.5293650284316103,0
2.816,1.0149381529025343,0.27731959077144636,0.4354500592918201,2.6398992780045014,1.1247009595159685,0.5042353160489312,0.11030361025677435,0.504769917399294,0.10183315473648602,1.832635763644263,0.045231889199672526,0.33263576364426295,0,0,FOLLOWING,1.832635763644263,0.527253635010446,0
2.848,1.0295631072918843,0.2841379176675555,0.43863740605948254,2.6523198010627755,1.1348521717597373,0.5036623422726642,0.10783760119788492,0.5042563858306158,0.09960467127257971,1.832226522374854,0.04421376052704307,0.33222652237485395,0,0,FOLLOWING,1.832226522374854,0.5251216760376789,0
2.88,1.0441497608247998,0.29099477142385044,0.44175375300365904,2.6647171966403955,1.1449122768649147,0.5030304198802428,0.1053826626822085,0.5036829191464185,0.09738592140607194,1.8317788949883185,0.0432011214853798,0.3317788949883185,0,0,FOLLOWING,1.8317788949883185,0.5229695062700733,0
2.912,1.0586968006607984,0.2978881393949517,0.44479941934476147,2.67709121591709,1.1548804671955704,0.5023405265146891,0.10293903843733353,0.5030505164051502,0.09517714744412989,1.8312936228911727,0.04219405733104781,0.3312936228911727,0,0,FOLLOWING,1.8312936228911727,0.5207974823212385,0
2.944,1.073202955988943,0.3048160193248776,0.447774731273647,2.6894416105417576,1.1647559424947895,0.5015936195262296,0.10050694627870825,0.5023601548259482,0.09297856720465282,1.830771438474002,0.04119264283529489,0.3307714384740019,0,0,FOLLOWING,1.830771438474002,0.5186059631716343,0
2.976,1.0876669966481032,0.3117764201555967,0.4506800212105293,2.7017681326374525,1.174537909948918,0.5007906374470135,0.09808657955728152,0.5016127913499825,0.0907903753466023,1.830213065594413,0.040196942844042904,0.3302130655944131,0,0,FOLLOWING,1.830213065594413,0.5163953106246247,0
3.008,1.1020877318034508,0.3187673628017641,0.4535156271043174,2.7140705348063596,1.1842255842512113,0.49993250138137546,0.09567810852901382,0.5008093641136095,0.08861274463330199,1.8296192200158903,0.03920701280843997,0.3296192200158903,0,0,FOLLOWING,1.8296192200158903,0.5141658897155931,0
3.04,1.1164640086769162,0.3257868808932127,0.45628189177042494,2.7263485701347596,1.1938181876648797,0.49902011631594306,0.09328168165025455,0.49995079383738067,0.08644582713471483,1.8289906098053212,0.03822289928766193,0.32899060980532124,0,0,FOLLOWING,1.8289906098053212,0.511918069080243,0
3.072,1.1307947113294032,0.3328330214867208,0.4589791622652076,2.7386019921979843,1.2033149500855247,0.4980543723535887,0.09089742680268564,0.49903798513529374,0.08428975537205419,1.8283279356918205,0.03724464042532671,0.3283279356918205,0,0,FOLLOWING,1.8283279356918205,0.5096522212874732,0
3.104,1.145078759492649,0.33990384574850796,0.46160778929525204,2.7508305550653622,1.212715109102965,0.49703614587497086,0.08852545245133353,0.49807182774826314,0.0821446434069194,1.8276318913893455,0.03627226640082115,0.32763189138934545,0,0,FOLLOWING,1.8276318913893455,0.5073687231415299,0
3.136,1.1593151074487047,0.34699742960882796,0.46416812665979923,2.7630340133051563,1.2220179100624435,0.495966300631123,0.0861658487390265,0.49705319770551154,0.08001058787674137,1.8269031638854563,0.03530579985679277,0.32690316388545626,0,0,FOLLOWING,1.8269031638854563,0.5050679559575642,0
3.168,1.1735027429550973,0.35411186438993214,0.4666605307246099,2.775212121989487,1.2312226061252112,0.49484568877032625,0.0838186885206523,0.4959829584172722,0.07788766897739194,1.8261424336984622,0.03434525630405971,0.3261424336984622,0,0,FOLLOWING,1.8261424336984622,0.5027503058142079,0
3.2,1.187640686213811,0.361245257408585,0.4690853599256418,2.7873646366992526,1.240328458328484,0.4936751518023243,0.0814840283404394,0.49486196170189656,0.07577595139476505,1.8253503751050983,0.03339064450514396,0.32535037510509834,0,0,FOLLOWING,1.8253503751050983,0.5004161637863351,0
3.232,1.201727988882313,0.3683957325542187,0.47144297430094456,2.799491313529028,1.2493347356447686,0.49245552150270483,0.07916190935546198,0.4936910487504073,0.07367548518661327,1.824527656340757,0.03244196683763684,0.3245276563407571,0,0,FOLLOWING,1.824527656340757,0.49806592616077305,0
3.2640000000000002,1.2157637331249245,0.3755614308437238,0.4737337350492393,2.8115919090919657,1.2582407150405492,0.49118762076014905,0.07685235820844266,0.49247105103119243,0.07158630661644363,1.8236749397742225,0.03149921963855107,0.32367493977422246,0,0,FOLLOWING,1.8236749397742225,0.4956999946373996,0
3.2960000000000003,1.2297470307029066,0.38274051095379125,0.47595800411371875,2.82366618052468,1.2670456815343338,0.48987226436905495,0.07455538785282477,0.4912027911375213,0.06950843894166861,1.822792882058751,0.030562393530787213,0.3227928820587509,0,0,FOLLOWING,1.822792882058751,0.4933187765177421,0
3.3280000000000003,1.2436770221017066,0.3899311497316445,0.4781161437896645,2.835713885492117,1.2757489282540533,0.48851025976991824,0.07227099833295074,0.48988708358037303,0.06744189315790106,1.8218821342612568,0.029631473732789293,0.3218821342612568,0,0,FOLLOWING,1.8218821342612568,0.49092268488293456,0
3.36,1.2575528756938685,0.39713154268492956,0.48020851635456047,2.8477347821924255,1.2843497564938104,0.48710240773974134,0.06999917752204789,0.48852473552890047,0.06538666870193514,1.8209433419713,0.02870644035240849,0.3209433419712999,0,0,FOLLOWING,1.8209433419713,0.48851213876266286,0
3.392,1.2713737869361763,0.40433990445147,0.4822354837194503,2.8597286293618023,1.292847475769972,0.48564950303458176,0.06773990182055457,0.4871165475008563,0.06334275411564058,1.8199771453914575,0.027787268665940997,0.3199771453914575,0,0,FOLLOWING,1.8199771453914575,0.48608756329650604,0
3.424,1.2851389775996547,0.4115544692495342,0.4841974071003667,2.8716951862793403,1.301241403876602,0.4841523349862964,0.06549313681718674,0.4856633140050383,0.061310127673239116,1.818984179410631,0.026873929383241017,0.31898417941063095,0,0,FOLLOWING,1.818984179410631,0.48364938988891787,0
3.456,1.298847695031107,0.41877349130921465,0.486094646708726,2.883634212771857,1.3095308669402308,0.48261168805540766,0.06325883791497351,0.4841658241378808,0.05928875797392427,1.817965073661732,0.025966388899759052,0.3179650736617321,0,0,FOLLOWING,1.817965073661732,0.4811980563589203,0
3.488,1.3124992114449137,0.42599524528547006,0.4879275614596631,2.895545469218716,1.3177151994739522,0.48102834234194497,0.061036950924350075,0.4826248621360823,0.05727860450250058,1.81692045256515,0.025064609536284088,0.3169204525651499,0,0,FOLLOWING,1.81692045256515,0.47873400708544483,0
3.52,1.3260928232438722,0.43321802665334025,0.4896965086973346,2.907428716556636,1.3257937444308514,0.4794030740560409,0.05882741262525413,0.4810412078871601,0.055279618159698625,1.8158509353593197,0.024168549767131564,0.31585093535931974,0,0,FOLLOWING,1.8158509353593197,0.4762576931491325,0
3.552,1.3396278503678978,0.44044015208580695,0.4914018439362921,2.9192837162844887,1.3337658532567527,0.4777366559499887,0.05663015130004112,0.47941563739974513,0.05329174176427943,1.8147571361196673,0.023278164437449286,0.31475713611966727,0,0,FOLLOWING,1.8147571361196673,0.4737695724712896,0
3.584,1.3531036356694464,0.4476599598147374,0.4930439206180705,2.931110230468085,1.3416308859422854,0.4760298577134017,0.054445087238912004,0.47774892323528817,0.051314910528596436,1.813639663767128,0.022393404970282582,0.31363966376712793,0,0,FOLLOWING,1.813639663767128,0.4712701099506036,0
3.616,1.3665195443145686,0.4548758099753163,0.49462308988221404,2.9429080217449517,1.349388211074266,0.47428344633307534,0.05227213321941647,0.47604183490286933,0.04934905250966727,1.8124991220673985,0.021514219563975367,0.3124991220673985,0,0,FOLLOWING,1.8124991220673985,0.4687597775981239,0
3.648,1.3798749632085376,0.4620860849343456,0.4961397003509786,2.9546768533290946,1.3570372058863878,0.47249818641907326,0.05011119496152756,0.47429513921869393,0.047394089036661737,1.8113361096220093,0.02064055338046883,0.3113361096220093,0,0,FOLLOWING,1.8113361096220093,0.4662390546709454,0
3.68,1.393169300445033,0.46928918960275906,0.4975940979270205,2.9664164890157516,1.364577256309217,0.4706748404985578,0.0479621715596582,0.4725096006318251,0.04544993511665823,1.810151219852269,0.019772348725001998,0.3101512198522689,0,0,FOLLOWING,1.810151219852269,0.46370842780495214,0
3.712,1.4064019847779028,0.4764835517326828,0.4989866256034169,2.978126693186133,1.372007757019491,0.468814169278795,0.045824955892910545,0.47068598151765006,0.0435164998200223,1.8089450409770624,0.018909545217691615,0.30894504097706244,0,0,FOLLOWING,1.8089450409770624,0.4611683911469159,0
3.744,1.4195724651145587,0.48366762219934256,0.5003176232853909,2.9898072308121497,1.379328111488715,0.46691693188076805,0.04369943501478504,0.4688250424405344,0.04159368664618346,1.807718155985453,0.01805207995744573,0.30771815598545293,0,0,FOLLOWING,1.807718155985453,0.4586194464861858,0
3.7760000000000002,1.4326802100300953,0.49083987526810463,0.5015874276231641,3.0014578674611316,1.3865377320310517,0.4649838860447865,0.04158549052349198,0.4669275423870935,0.03968139387136419,1.8064711426049813,0.017199887678625906,0.3064711426049813,0,0,FOLLOWING,1.8064711426049813,0.4560621033861493,0
3.8080000000000003,1.4457247073012607,0.49799880884691566,0.5027963718553833,3.0130783693005316,1.3936360398505006,0.4630157883094313,0.039482998913948464,0.4649942389714523,0.03777951487900174,1.805204573266502,0.01635290090085828,0.3052045732665021,0,0,FOLLOWING,1.805204573266502,0.4534968793155904,0
3.84,1.4587054634594372,0.5051429447243921,0.5039447856626045,3.02466850310262,1.4006224650873644,0.46101339416518033,0.03739183191247284,0.46302588861386124,0.03588793847408297,1.8039190150663682,0.015511050072359867,0.3039190150663682,0,0,FOLLOWING,1.8039190150663682,0.45092429978002974,0
3.872,1.4716220033618237,0.512270828793795,0.5050329950303405,3.036228036249165,1.4074964468640003,0.45897745818400615,0.03531185679516587,0.4610232466940083,0.03400654918192481,1.802615029726715,0.01467426370714009,0.30261502972671495,0,0,FOLLOWING,1.802615029726715,0.44834489845307846,0
3.904,1.4844738697800488,0.5193810312631127,0.506061322121213,3.0477567367360994,1.414257433329844,0.456908734126213,0.033242936690860134,0.45898706768027075,0.032135227532762135,1.8012931735545514,0.013842468516397588,0.30129317355455143,0,0,FOLLOWING,1.8012931735545514,0.44575921730779733,0
3.936,1.4972606230054621,0.526472146851463,0.5070300851557669,3.059254373178181,1.4209048817057166,0.454807975025794,0.03118493086953341,0.4569181052362524,0.03027385033241294,1.7999539974003484,0.013015589534434602,0.29995399740034845,0,0,FOLLOWING,1.7999539974003484,0.44316780674801187,0
3.968,1.509981840470404,0.533542794972018,0.5079395983015401,3.070720714813633,1.4274382583273963,0.4526759332554958,0.02913769501698581,0.4548171123058274,0.028422290920227977,1.798598046616724,0.012193550239376625,0.29859804661672396,0,0,FOLLOWING,1.798598046616724,0.4405712257394861,0
4.0,1.5226371163847603,0.5405916199016435,0.5087901715699925,3.082155531508776,1.4338570386884633,0.4505133605728339,0.027101081496574274,0.45268484117789287,0.026580419414733818,1.7972258610178393,0.011376272668983334,0.2972258610178393,0,0,FOLLOWING,1.7972258610178393,0.4379700419408269,0
4.032,1.5352260613871562,0.5476172909374435,0.5095821107209295,3.0935585937626504,1.4401607074824083,0.4483210081482229,0.025074939598730518,0.4505220435320755,0.024748102947822724,1.7958379748400408,0.010563677531807645,0.2958379748400408,0,0,FOLLOWING,1.7958379748400408,0.43536483183394226,0
4.064,1.547748302210166,0.5546185025403864,0.510315717174072,3.1049296727116173,1.4463487586439996,0.4460996265763751,0.023059115778973117,0.4483294704665619,0.022925205888044434,1.7944349167042515,0.00975568431395879,0.2944349167042515,0,0,FOLLOWING,1.7944349167042515,0.4327561808538337,0
4.096,1.5602034813589414,0.561593974466196,0.5109912879274457,3.1162685401339565,1.452420695389913,0.4438499658721303,0.021053453885069396,0.44610787250920175,0.021111590053737535,1.7930172095805976,0.008952211381700104,0.2930172095805976,0,0,FOLLOWING,1.7930172095805976,0.43014468351747365,0
4.128,1.572591256802697,0.5685424518836771,0.5116091154822785,3.1275749684544434,1.4583760302586128,0.4415727754517983,0.019057795373984655,0.4438579996130306,0.019307114916382716,1.7915853707556848,0.008153176080109237,0.2915853707556848,0,0,FOLLOWING,1.7915853707556848,0.427530943551462,0
4.16,1.5849113016785092,0.5754627054806507,0.5121694877741162,3.138848730748918,1.4642142851494857,0.4392688041011219,0.017071979519218537,0.4415806011373296,0.017511637794978847,1.7901399118029298,0.007358494828009765,0.29013991180292975,0,0,FOLLOWING,1.7901399118029298,0.42491557401812197,0
4.192,1.5971633040069204,0.5823535315576659,0.5126726881098855,3.150089600748841,1.4699349913612232,0.4369387999309257,0.015095843609079417,0.4392764258152856,0.015725014041782576,1.7886813385563087,0.0065680832093715225,0.28868133855630873,0,0,FOLLOWING,1.7886813385563087,0.4222991974396497,0
4.224,1.60934696641886,0.5892137521096638,0.5131189951106397,3.161297352845832,1.4755376896294505,0.4345835103214713,0.013129223136464438,0.43694622170936337,0.01394709722000965,1.7872101510878362,0.005781856061375046,0.2872101510878362,0,0,FOLLOWING,1.7872101510878362,0.4196824459198815,0
4.256,1.6214620058934237,0.5960422148957597,0.513508682659749,3.1724717620961993,1.4810219301635952,0.4322036818565373,0.011171951980630961,0.4345907361553661,0.012177739273877823,1.7857268436890712,0.004999727559313327,0.2857268436890712,0,0,FOLLOWING,1.7857268436890712,0.4170659612631948,0
4.288,1.6335081535060731,0.6028377934973158,0.5138420198563048,3.1836126042254542,1.4863872726829979,0.4298000602482155,0.009223862581454788,0.4322107156962401,0.010416790691619559,1.7842319048569117,0.004221611298504513,0.28423190485691174,0,0,FOLLOWING,1.7842319048569117,0.4144503950900212,0
4.32,1.6454851541868454,0.609599387364479,0.514119270973527,3.194719655632814,1.4916332864522586,0.4273733902533607,0.007284786106632918,0.42980690600659455,0.008664100661749021,1.7827258172838945,0.0034474203733693143,0.28272581728389445,0,0,FOLLOWING,1.7827258172838945,0.4118364089483817,0
4.352,1.6573927664881845,0.6163259218513555,0.5143406954219657,3.2057926933956864,1.4967595503158155,0.424924415582613,0.0053545526122707405,0.42738005180887434,0.0069195172229399695,1.7812090578531912,0.0026770674538358907,0.28120905785319117,0,0,FOLLOWING,1.7812090578531912,0.40922467442080795,0
4.384,1.6692307623633764,0.6230163445227197,0.514506370880462,3.216831495274146,1.5017656527317573,0.42245387848904,0.0034334148354461373,0.4249308396485123,0.005177361257413981,1.779682099472772,0.0019106435127825838,0.279682099472772,0,0,FOLLOWING,1.779682099472772,0.40661587322596127,0
4.416,1.6809989137801393,0.6296696338519621,0.5146153285108402,3.227835839715394,1.5066511918048606,0.419962516116765,0.001524079433489176,0.42245973011931903,0.003404929096826849,1.7781454182451788,0.0011492747637567025,0.2781454182451788,0,0,FOLLOWING,1.7781454182451788,0.4040106973141962,0
4.448,1.692697042161126,0.6362847751975899,0.5146652740272936,3.2388055058582053,1.5114157753188564,0.417451005511515,-0.0003675755085842762,0.41996816427802375,0.0015608005335587623,1.7765994621436176,0.0003954271632894413,0.27659946214361764,0,0,FOLLOWING,1.7765994621436176,0.4014098489562605,0
4.48,1.7043249854716855,0.642860748086027,0.5146564901721249,3.2497402735373613,1.516059020767915,0.41492009032663313,-0.002241753834172281,0.4174564940238184,-0.0002744923165655508,1.775044685635195,-0.00035099880974598374,0.2750446856351949,0,0,FOLLOWING,1.775044685635195,0.39881404082425315,0
4.5120000000000005,1.7158825927752235,0.6493965595837354,0.5145893095510123,3.2606399232880663,1.520580555387357,0.4123705139842715,-0.004098792203402566,0.414925442764105,-0.0020993912472771154,1.773481537743635,-0.001090158696467669,0.27348153774363504,0,0,FOLLOWING,1.773481537743635,0.3962239960639052,0
4.5440000000000005,1.7273697238758912,0.655891245626519,0.5144640977804613,3.2715042363503573,1.5249800161835771,0.4098030183337364,-0.005939121711276998,0.41237574872984284,-0.00391286467318887,1.7719104615423251,-0.001822247873021321,0.2719104615423251,0,0,FOLLOWING,1.7719104615423251,0.3936404483571795,0
4.5760000000000005,1.7387862601200426,0.6623438710609737,0.5142839743574464,3.2823329946734896,1.5292570499631863,0.4072183728396614,-0.007769705234494693,0.4098084494440812,-0.005628853824205559,1.7703318845642897,-0.002550219377566831,0.2703318845642897,0,0,FOLLOWING,1.7703318845642897,0.3910641419741034,0
4.6080000000000005,1.75013205318974,0.6687535667222717,0.5140496118462798,3.293125980920315,1.5334113133613667,0.4046173293315606,-0.009591791934733843,0.4072237616393747,-0.0073238253859806875,1.7687462451794562,-0.003274615479774368,0.2687462451794562,0,0,FOLLOWING,1.7687462451794562,0.3884958318126985,0
4.64,1.7614069736215896,0.6751194904499123,0.5137621623564882,3.3038829784716466,1.5374424728694371,0.4020006337513848,-0.011407774798246272,0.4046226270899582,-0.008982793537660613,1.767153969394602,-0.003996461528072648,0.2671539693946019,0,0,FOLLOWING,1.767153969394602,0.3859362834257798,0
4.672,1.7726108984356528,0.68144083895381,0.5134219319733871,3.3146037714305994,1.5413502048616274,0.39936901253386625,-0.013218073346560407,0.4020058351231051,-0.010632196544761155,1.7655554757478436,-0.00471594960780064,0.26555547574784355,0,0,FOLLOWING,1.7655554757478436,0.383386273033328,0
4.704,1.7837437160421954,0.6877168351241456,0.5130291873930772,3.3252881446269313,1.5451341956210596,0.3967231890079171,-0.015023026138296796,0.3993741164537282,-0.012273265312880054,1.76395117715376,-0.005433237516492384,0.26395117715375993,0,0,FOLLOWING,1.76395117715376,0.38084658751906725,0
4.736,1.7948053263323378,0.6939467272724545,0.5125841643481691,3.335935883621358,1.548794141364934,0.3940638836731161,-0.016822909700410647,0.3967281953393323,-0.013906967452846463,1.762341481095694,-0.006148456732863461,0.2623414810956941,0,0,FOLLOWING,1.762341481095694,0.37831802440979473,0
4.768,1.8057956406566724,0.7001297887920721,0.5120870737320156,3.3465467747098554,1.5523297482689156,0.3913918142538786,-0.018617952572458626,0.3940687927818971,-0.01553407919351992,1.7607267897145493,-0.006861718325178124,0.2607267897145493,0,0,FOLLOWING,1.7607267897145493,0.37580139183593453,0
4.8,1.8167145817706096,0.7062653179107684,0.5115381064569214,3.357120604927951,1.555740732490724,0.3887076957000295,-0.020408346480781013,0.39139662689519894,-0.017155224944701165,1.7591074998860083,-0.007573117651836769,0.25910749988600834,0,0,FOLLOWING,1.7591074998860083,0.3732975084717138,0
4.832,1.827562083756714,0.7123526374959703,0.5109374372915974,3.3676571620549978,1.559026820192921,0.38601224015774677,-0.022194255172606526,0.3887124129489073,-0.018770909195760254,1.7574840032968,-0.008282738077205476,0.2574840032968,0,0,FOLLOWING,1.7574840032968,0.3708072034532806,0
4.864,1.8383380919331052,0.7183910948925039,0.510285227878975,3.378156234618434,1.5621877475648924,0.38330615691954545,-0.02397582135892367,0.38601686335278407,-0.020381542129271693,1.755856686522002,-0.008990653891424727,0.255856686522002,0,0,FOLLOWING,1.755856686522002,0.368331316273003,0
4.896,1.8490425627547322,0.7243800617790297,0.5095816290989096,3.3886176118980256,1.5652232608440293,0.38059015235911986,-0.025753172136528356,0.3833106876150515,-0.021987460093401086,1.7542259311042112,-0.009696932589992713,0.2542259311042112,0,0,FOLLOWING,1.7542259311042112,0.36587069664812,0
4.928,1.8596754637122568,0.7303189340336027,0.5088267829097338,3.399041083930097,1.5681331163360994,0.37786492985551434,-0.027526423193186312,0.3805945922841261,-0.023588941887697737,1.7525921136350744,-0.010401636640988199,0.2525921136350744,0,0,FOLLOWING,1.7525921136350744,0.36342620436184503,0
4.96,1.870236773231694,0.7362071316018972,0.5080208237772197,3.4094264415117452,1.5709170804348105,0.3751311897101319,-0.02929568204401751,0.377869280878829,-0.02518622165665397,1.7509556058394795,-0.011104824844340111,0.2509556058394795,0,0,FOLLOWING,1.7509556058394795,0.3609987090749536,0
4.992,1.8807264805768256,0.7420440983638933,0.507163879778455,3.4197734762050382,1.5735749296405654,0.37238962905935985,-0.031061050500478794,0.37513545381081415,-0.02677949904857572,1.7493167746625826,-0.011806553367910309,0.24931677466258262,0,0,FOLLOWING,1.7493167746625826,0.35858909010582835,0
5.024,1.8911445857555884,0.7478293019964015,0.5062560734508149,3.430081980341198,1.5761064505784057,0.36964094178498336,-0.032822626534484006,0.3723938083020674,-0.028368947181424072,1.747675982359739,-0.012506876528826648,0.24767598235973898,0,0,FOLLOWING,1.747675982359739,0.3561982361768736,0
5.056,1.901491099431119,0.7535622338298938,0.5052975224420229,3.4403517470247693,1.5785114400151392,0.36688581842408324,-0.03458050566809491,0.3696450382996366,-0.029954718858691165,1.7460335865893346,-0.013205847375001356,0.2460335865893346,0,0,FOLLOWING,1.7460335865893346,0.35382704512517604,0
5.088,1.9117660428377654,0.7592424086988216,0.5042883400057511,3.4505825701377715,1.5807897048756576,0.3641249460797553,-0.03633478199284666,0.366889834389283,-0.03153695139635848,1.7443899405084633,-0.013903518110668478,0.2443899405084633,0,0,FOLLOWING,1.7443899405084633,0.35147642357523534,0
5.12,1.921969447702188,0.7648693647850611,0.5032286353778811,3.460774244343836,1.5829410622584366,0.36135900833367873,-0.03808554890127268,0.36412888370939345,-0.03311577035222566,1.7427453928713494,-0.0145999404007357,0.24274539287134944,0,0,FOLLOWING,1.7427453928713494,0.3491472865715725,0
5.152,1.9321013561695357,0.7704426634543999,0.5021185140610495,3.470926565092327,1.5849653394502183,0.35858868516129855,-0.039832899595803814,0.3613628698662083,-0.03469129239202727,1.7411002881303712,-0.01529516558141669,0.2411002881303712,0,0,FOLLOWING,1.7411002881303712,0.34684055716900164,0
5.184,1.9421618207346338,0.7759618890861282,0.5009580780391164,3.4810393286224466,1.5868623739398786,0.35581465285023667,-0.041576927426211045,0.35859247285115764,-0.03626362747930024,1.7394549665395345,-0.01598924479871533,0.23945496653953446,0,0,FOLLOWING,1.7394549665395345,0.34455716597835373,0
5.216,1.9521509041780982,0.7814266488958729,0.4997474259384493,3.4911123319673254,1.5886320134314722,0.35303758392234175,-0.04331772609560226,0.35581836896098384,-0.037832880537497185,1.7378097642602042,-0.01668222909163447,0.23780976426020417,0,0,FOLLOWING,1.7378097642602042,0.3422980506654499,0
5.248,1.9620686795072915,0.7868365727518394,0.49848665314915747,3.5011453729580957,1.5902741158564595,0.3502581470596951,-0.04505538976610524,0.35304123072111526,-0.03939915270141422,1.7361650134688953,-0.017374169433235498,0.2361650134688953,0,0,FOLLOWING,1.7361650134688953,0.3400641554011599,0
5.28,1.9719152299020464,0.7921913129846255,0.49717585191647845,3.511138250227947,1.591788549385113,0.3474770070347629,-0.046790013088398384,0.3502617268126757,-0.04096254225003332,1.7345210424669069,-0.018065116739743536,0.23452104246690686,0,0,FOLLOWING,1.7345210424669069,0.3378564302604267,0
5.312,1.9816906486650983,0.7974905441907588,0.4958151114102077,3.5210907632161716,1.5931751924370987,0.3446948246448318,-0.04852169117377179,0.34748052200338797,-0.04252314529263563,1.7328781757915817,-0.018755121855576987,0.23287817579158165,0,0,FOLLOWING,1.7328781757915817,0.33567583056821926,0
5.344,1.9913950391771806,0.8027339630300914,0.49440451777827327,3.5310027121721874,1.5944339336912388,0.3419122566507568,-0.05025051952309351,0.34469827708253986,-0.04408105626426983,1.7312367343289483,-0.019444235520371667,0.2312367343289483,0,0,FOLLOWING,1.7312367343289483,0.3335233161904659,0
5.376,2.0010285148567473,0.8079212880171706,0.4929441541891698,3.5408738981595462,1.5955646720944474,0.3391299557200266,-0.051976593923798046,0.34191564880012504,-0.045636368273921916,1.729597035427515,-0.020132508322683873,0.22959703542751497,0,0,FOLLOWING,1.729597035427515,0.3313998507681412,0
5.408,2.0105911991242906,0.8130522593066899,0.49143410086688194,3.5507041230599277,1.5965673168698435,0.33634857037410454,-0.05370001032338677,0.3391332898101935,-0.04718917333921539,1.727959393012975,-0.02081999064396267,0.22795939301297508,0,0,FOLLOWING,1.727959393012975,0.3293064008928465,0
5.44,2.020083225371233,0.818126638473113,0.4898744351211022,3.5604931895771172,1.5974417875240394,0.33356874493994954,-0.05542086468598721,0.33635184861837825,-0.048739562533414285,1.7263241177035793,-0.021506732595550082,0.2263241177035793,0,0,FOLLOWING,1.7263241177035793,0.3272439352223788,0
5.472,2.029504736933353,0.8231442082845588,0.4882652313748999,3.570240901240962,1.5981880138536009,0.3307911195056005,-0.05713925283698333,0.33357196953357543,-0.05028762606517924,1.72469151692593,-0.0221927839508248,0.22469151692593003,0,0,FOLLOWING,1.72469151692593,0.3252134235350137,0
5.5040000000000004,2.038855887068732,0.8281047724710309,0.4866065611915047,3.5799470624113168,1.5988059359506852,0.32801632987969565,-0.05885527029954387,0.3307942926236317,-0.051833453306135424,1.7230618950309597,-0.022878194074107794,0.22306189503095974,0,0,FOLLOWING,1.7230618950309597,0.32321583572146384,0
5.5360000000000005,2.048136838940157,0.8330081554870706,0.48489849330147944,3.589611478281971,1.5992955042078498,0.32524500755476404,-0.0605690121259966,0.3280194536749721,-0.053377132778774,1.721435553409856,-0.023563011847571202,0.221435553409856,0,0,FOLLOWING,1.721435553409856,0.32125214071375763,0
5.5680000000000005,2.0573477656019583,0.8378542022689173,0.48314109363126473,3.599233954884556,1.5996566793220344,0.3224777796741083,-0.06228057272628244,0.32524808415596307,-0.05491875211355259,1.7198127906096863,-0.024247285597093493,0.21981279060968628,0,0,FOLLOWING,1.7198127906096863,0.31932330535058384,0
5.6000000000000005,2.066488849991213,0.8426427779862522,0.48133442533384246,3.6088142990924412,1.5998894322977169,0.31971526900210434,-0.0639900456952048,0.3224808111838855,-0.05645839798270175,1.7181939024485018,-0.024931063017784586,0.2181939024485018,0,0,FOLLOWING,1.7181939024485018,0.3174302931790121,0
5.632,2.0755602849232546,0.8473737677886107,0.47947854882208635,3.6183523186246074,1.5999937444492414,0.31695809389771296,-0.06569752363975508,0.31971825749532545,-0.05799615601624575,1.716579182129681,-0.025614391099723965,0.21657918212968097,0,0,FOLLOWING,1.716579182129681,0.31557406319287307,0
5.664,2.0845622730914157,0.8520470765465369,0.4775735218052284,3.627847822049507,1.5999696074023169,0.31420686829100075,-0.06740309800750567,0.3169610414197591,-0.05953211070463154,1.7149689203552911,-0.02629731605432467,0.21496892035529114,0,0,FOLLOWING,1.7149689203552911,0.3137555685085045,0
5.696,2.093495027070927,0.8566626285875653,0.4756193993287587,3.637300618788908,1.5998170230946918,0.3114622016624662,-0.06910685891678447,0.3142097768561681,-0.06106634529143159,1.7133634054382503,-0.026979883241627645,0.21336340543825028,0,0,FOLLOWING,1.7133634054382503,0.31197575497903013,0
5.728,2.1023587693268766,0.8612203674270998,0.47361623381799195,3.646710519121715,1.599536003775996,0.3087246990249501,-0.07080889498917259,0.3114650732524604,-0.06259894165878067,1.7117629234130685,-0.027662137098753703,0.21176292341306846,0,0,FOLLOWING,1.7117629234130685,0.3102355597488148,0
5.76,2.111153732226136,0.8657202554942707,0.47156407512545834,3.656077334187781,1.5991265720067593,0.30599496090791406,-0.0725092931846913,0.30872753558747,-0.06412998020783543,1.7101677581449604,-0.028344121069666883,0.21016775814496036,0,0,FOLLOWING,1.7101677581449604,0.30853590975027056,0
5.792,2.1198801580531454,0.8701622738528327,0.4694629705822364,3.6654008759916943,1.5985887606565996,0.30327358334387916,-0.07420813863996747,0.3059977643553432,-0.0656595397356331,1.7085781914371276,-0.029025877536369316,0.20857819143712764,0,0,FOLLOWING,1.7085781914371276,0.306877720145729,0
5.824,2.1285382990294517,0.8745464219171769,0.4673129650532895,3.6746809574065558,1.5979226129015833,0.30056115785678683,-0.07590551450952344,0.30327635555207333,-0.0671876973099089,1.706994503136002,-0.02970744775159123,0.2069945031360021,0,0,FOLLOWING,1.706994503136002,0.3052618927176707,0
5.856,2.137128417336866,0.8788727171635126,0.465114100996845,3.6839173921777304,1.5971281822207606,0.2978582714520857,-0.07760150181031092,0.30056390066394845,-0.06871452814284784,1.7054169712342655,-0.030388871773024073,0.2054169712342655,0,0,FOLLOWING,1.7054169712342655,0.3036893142111924,0
5.888,2.1456507851441353,0.8831411948362782,0.46286641852782123,3.693109994926587,1.5962055323918705,0.2951655066083014,-0.07929617926952205,0.29786098665777266,-0.07024010546451027,1.7038458719714427,-0.031070188399110077,0.20384587197144266,0,0,FOLLOWING,1.7038458719714427,0.30216085463320635,0
5.92,2.1541056846369746,0.8873519076498304,0.46056995548529467,3.7022585811542212,1.5951547374862223,0.2924834412699019,-0.08098962317569135,0.29516819597251387,-0.07176450039663701,1.7022814799319015,-0.03175143510639533,0.2022814799319015,0,0,FOLLOWING,1.7022814799319015,0.3006773655134778,0
5.952,2.1624934080513376,0.8915049254854552,0.4582247475039771,3.711362967245154,1.5939758818627479,0.2898126488412189,-0.08268190723304751,0.2924861065122828,-0.07328778182730072,1.70072406814006,-0.03243264798842599,0.20072406814005994,0,0,FOLLOWING,1.70072406814006,0.2992396781332272,0
5.984,2.170814260675126,0.8956003350567305,0.45583081428737743,3.720422970471021,1.5926690601612297,0.2871536934563219,-0.08437306834002802,0.28981537453394185,-0.0748104476079964,1.6991739054593884,-0.033113847163446786,0.1991739054593884,0,0,FOLLOWING,1.6991739054593884,0.29784860172764316,0
6.016,2.179068586126961,0.8996382392134469,0.4533880432280806,3.7294384089942376,1.591234377294703,0.2845070898090765,-0.08606281875448613,0.2871573563695953,-0.07633663245527396,1.6976312337685173,-0.03379491401536644,0.19763123376851732,0,0,FOLLOWING,1.6976312337685173,0.2965049216692441,0
6.048,2.187256704338806,0.9036187557032566,0.45089648938384946,3.738409101871649,1.589671948441033,0.28187340310261644,-0.08775128331025132,0.28451164771741927,-0.07786109684557642,1.6960963249879366,-0.034475905542043495,0.1960963249879366,0,0,FOLLOWING,1.6960963249879366,0.2952093976396149,0
6.08,2.195378944257565,0.9075420181612155,0.44835620317470826,3.7473348690581623,1.5879818990336692,0.27925319584449243,-0.08943857772631683,0.28187877528564814,-0.07938398569974424,1.6945694509241562,-0.035156874623971934,0.19456945092415623,0,0,FOLLOWING,1.6945694509241562,0.2939627617975889,0
6.112,2.20343564557685,0.911408176116382,0.4457672293214731,3.7562155314103585,1.586164364751574,0.27664702496399146,-0.09112480532572508,0.2792593122734094,-0.08090547711939981,1.6930508816779886,-0.03583786859139331,0.19305088167798856,0,0,FOLLOWING,1.6930508816779886,0.2927657169524482,0
6.144,2.211427158821752,0.9152173946505392,0.44312960763576986,3.765050910690091,1.5842194915083319,0.27405544176682084,-0.09281005852804834,0.27665382806387345,-0.08242572451856207,1.6915408856925622,-0.03651892985775096,0.19154088569256222,0,0,FOLLOWING,1.6915408856925622,0.2916189347511784,0
6.176,2.2193538453077117,0.9189698540115627,0.4404433737363665,3.7738408295680594,1.5821474354404335,0.27147899211813153,-0.09449442017322114,0.27406288414722907,-0.08394485892586791,1.6900397299308312,-0.03720009648517303,0.19003972993083118,0,0,FOLLOWING,1.6900397299308312,0.29052305388920185,0
6.208,2.227216077107103,0.9226657492279147,0.4377085596557798,3.7825851116273714,1.5799483628947426,0.2689182166110803,-0.09617796458273938,0.2714870343643415,-0.08546299241346168,1.6885476800414045,-0.03788140263866341,0.18854768004140454,0,0,FOLLOWING,1.6885476800414045,0.28947867835434526,0
6.24,2.2350142370331607,0.926305289727686,0.4349251943546342,3.7912835813670815,1.5776224504151406,0.2663736507030739,-0.09786075839940622,0.2689268254654288,-0.08698022097977812,1.6870650005022032,-0.038562878946185875,0.1870650005022032,0,0,FOLLOWING,1.6870650005022032,0.2884863757140389,0
6.272,2.24274871863914,0.9298886989608317,0.43209330416164055,3.799936064205715,1.5751698847283537,0.26384582482367547,-0.09954286124753313,0.2663827975941331,-0.08849662687389359,1.6855919547441534,-0.03924455278244676,0.18559195474415335,0,0,FOLLOWING,1.6855919547441534,0.28754667545590673,0
6.304,2.2504199262299034,0.9334162140230498,0.4292129131540333,3.8085423864847705,1.572590862728962,0.26133526445925886,-0.10122432624835911,0.26385548467712056,-0.09001228045619017,1.6841288052577827,-0.03992644849117816,0.18412880525778275,0,0,FOLLOWING,1.6841288052577827,0.2866600673919665,0
6.336,2.2580282748835776,0.936888085280005,0.426284043490538,3.8171023754722064,1.569885591463593,0.25884249021868216,-0.10290520041896685,0.26134541473390605,-0.09152724168184681,1.6826758136851208,-0.04060858755796143,0.18267581368512076,0,0,FOLLOWING,1.6826758136851208,0.2858270001366273,0
6.368,2.265574190481283,0.9403045759908527,0.4233067157066654,3.8256158593659073,1.567054288114299,0.2563680178834018,-0.10458552497768193,0.2588531101218087,-0.09304156127806354,1.681233240898819,-0.041290988743382336,0.1812332408988191,0,0,FOLLOWING,1.681233240898819,0.28504787966851824,0
6.4,2.2730581097433182,0.9436659619302168,0.42028094898024776,3.834082667297131,1.5640971799811225,0.253912358444737,-0.10626533557454455,0.2563790877284844,-0.09455528167402344,1.6798013470700062,-0.04197366818443144,0.17980134707000617,0,0,FOLLOWING,1.6798013470700062,0.2843230679859356,0
6.432,2.2804804802704077,0.9469725310079548,0.4172067613736489,3.842502629333941,1.5610145044638477,0.25147601813049414,-0.10794466246200676,0.25392385912180016,-0.09606843772983006,1.6783803917261029,-0.0426566394706096,0.17838039172610287,0,0,FOLLOWING,1.6783803917261029,0.28365288186533266,0
6.464,2.2878417605888846,0.9502245828861714,0.4140841700578374,3.8508755764846128,1.5578065090429414,0.24905949842260774,-0.10962353061810988,0.2514879306651264,-0.09758105730331303,1.6769706337995105,-0.04333991369995338,0.1769706337995105,0,0,FOLLOWING,1.6769706337995105,0.28303759173178306,0
6.496,2.2951424201987978,0.9534224285930577,0.4109131915225158,3.8592013407010297,1.5544734512596858,0.24666329606722964,-0.11130195983210278,0.24907180360431946,-0.09909316168572267,1.6755723316679607,-0.04402349951922763,0.1755723316679607,0,0,FOLLOWING,1.6755723316679607,0.28247742064978193,0
6.5280000000000005,2.30238293962412,0.9565663901332165,0.4076938417757107,3.8674797548820528,1.5510155986955028,0.2442879030782776,-0.1129799647606139,0.24667597413146225,-0.10060476593113822,1.6741857431870732,-0.04470740315173883,0.17418574318707325,0,0,FOLLOWING,1.6741857431870732,0.2819725434420403,0
6.5600000000000005,2.309563810464305,0.9596568000942098,0.40442613653555215,3.875710652876876,1.5474332289504715,0.2419338067353251,-0.11465755496094361,0.24430093342942996,-0.10211587910047429,1.6728111257155982,-0.045391628415568985,0.1728111257155982,0,0,FOLLOWING,1.6728111257155982,0.28152308594314274,0
6.5920000000000005,2.3166855354465428,0.962694001249117,0.40111009141647036,3.88389386948836,1.5437266296210428,0.23960148957648578,-0.11633473490688179,0.24194716770039937,-0.10362650443603645,1.671448736133692,-0.04607617673453058,0.17144873613369205,0,0,FOLLOWING,1.671448736133692,0.281129124394056,0
6.6240000000000006,2.3237486284781386,0.9656783461549389,0.39774572211158987,3.89202924047635,1.5398960982769503,0.23729142938679856,-0.11801150399140367,0.23961515818092038,-0.10513663948024415,1.6700988308544915,-0.04676104714369955,0.1700988308544915,0,0,FOLLOWING,1.6700988308544915,0.28079068498250864,0
6.656000000000001,2.3307536146984638,0.9686101967467221,0.39433304457278356,3.900116602560968,1.5359419424373222,0.2350040991825339,-0.11968785651989883,0.23730538114540675,-0.10664627614884965,1.668761665829207,-0.04744623629108208,0.16876166582920704,0,0,FOLLOWING,1.668761665829207,0.2805077435332223,0
6.688,2.337701030530008,0.9714899239273013,0.39087207518955913,3.908155793425894,1.531864479545992,0.23273996719172182,-0.12136378169689849,0.23501830789969327,-0.10815540076735387,1.6674374965458885,-0.04813173843667634,0.16743749654588846,0,0,FOLLOWING,1.6674374965458885,0.2802802253508944,0
6.72,2.3445914237280525,0.9743179071525889,0.38736283096774404,3.916146651721622,1.5276640369460146,0.23049949683115864,-0.12303926360879539,0.2327544047657839,-0.10966399407734062,1.6661265780219947,-0.0488175454499965,0.1661265780219947,0,0,FOLLOWING,1.6661265780219947,0.2801080052176862,0
6.752,2.3514253534285428,0.9770945340123564,0.38380532970876713,3.924089017068697,1.5233409518533865,0.22828314668007246,-0.12471428120468876,0.2305141330587345,-0.11117203121781737,1.664829164790859,-0.049503646806959845,0.16482916479085907,0,0,FOLLOWING,1.664829164790859,0.27999090754581174,0
6.784,2.358203390193723,0.9798201998064718,0.3801995901901864,3.9319827300609367,1.5188955713299745,0.22609137045060046,-0.12638880827712928,0.22829794905636638,-0.11267948168626955,1.6635455108821293,-0.05019002958689783,0.16354551088212932,0,0,FOLLOWING,1.6635455108821293,0.27992870668465614,0
6.816,2.364926116055138,0.9824953071165708,0.37654563234803207,3.9398276322686288,1.5143282522556514,0.22392461695519777,-0.1280628134443803,0.22610630396218961,-0.11418630928191784,1.6622758697962443,-0.05087667847037475,0.1622758697962443,0,0,FOLLOWING,1.6622758697962443,0.2799211273806719,0
6.848,2.37159412455358,0.9851202653731547,0.3728434774614331,3.9476235662417114,1.5096393612996473,0.22178333007107762,-0.1297362601355746,0.22393964386202192,-0.11569247203438292,1.6610204944730058,-0.05156357573840126,0.16102049447300582,0,0,FOLLOWING,1.6610204944730058,0.2799678453871625,0
6.88,2.3782080207755962,0.9876954904181178,0.36909314833995976,3.9553703755129326,1.5048292748911123,0.21966794870175818,-0.1314091065800902,0.22179840967440295,-0.11719792211878516,1.6597796372542897,-0.05225070127360354,0.15977963725428967,0,0,FOLLOWING,1.6597796372542897,0.2800684882199494,0
6.912,2.384768421386143,0.9902214040627239,0.36529466951406,3.963067904600992,1.4998983791888956,0.21757890673579647,-0.13308130580234984,0.21968303709494139,-0.1187026057590609,1.658553549840952,-0.05293803256385882,0.15855354984095205,0,0,FOLLOWING,1.658553549840952,0.28022263605385944,0
6.944,2.3912759546569817,0.9926984336410556,0.36144806742896296,3.9707159990136605,1.4948470700505454,0.21551663300278306,-0.13475280562324266,0.21759395653452818,-0.1202064631196287,1.6573424832439847,-0.05362554470890457,0.1573424832439847,0,0,FOLLOWING,1.6573424832439847,0.2804298227539709,0
6.976,2.397731260490416,0.9951270115589793,0.35755337064237996,3.97831450525088,1.4896757530005282,0.21348155122664567,-0.13642354866929918,0.2155315930515469,-0.12170942818668924,1.6561466877299655,-0.05431321043039899,0.15614668772996554,0,0,FOLLOWING,1.6561466877299655,0.2806895370346494,0
7.008,2.404134990437936,0.9975075748386738,0.35361061002638977,3.9858632708078465,1.4843848431976738,0.21147407997638024,-0.1380934723908847,0.21349636627757082,-0.12321142863747485,1.654966412760898,-0.0550010000859692,0.15496641276089806,0,0,FOLLOWING,1.654966412760898,0.2810012237385679,0
7.04,2.4104878077133467,0.9998405646587873,0.34961981897385686,3.993362144178069,1.4789747654018448,0.20949463261425622,-0.13976250909061716,0.21148869033663065,-0.12471238569860166,1.653801906928494,-0.055688881687752156,0.15380190692849394,0,0,FOLLOWING,1.653801906928494,0.2813642852271836,0
7.072,2.416790387199941,1.002126425890297,0.3455810336097855,4.000810974856411,1.4734459539398368,0.2075436172416155,-0.1414305859633415,0.20950897375767252,-0.1262122139917909,1.6526534178830083,-0.056376820925994435,0.15265341788300835,0,0,FOLLOWING,1.6526534178830083,0.2817780828735162,0
7.104,2.423043415451257,1.00436560662816,0.3414942930080575,4.008209613342112,1.4677988526705108,0.20562143664237617,-0.1430976251491318,0.207557619379652,-0.127710821365659,1.6515211922567328,-0.05706478119832831,0.15152119225673277,0,0,FOLLOWING,1.6515211922567328,0.2822419386475571,0
7.136,2.4292475906849362,1.0065585577188543,0.33735963941402325,4.015557911141785,1.462033914949159,0.2037284882243886,-0.14476354380085185,0.20563502424905758,-0.1292081087127548,1.6504054755822841,-0.05775272364537082,0.15040547558228412,0,0,FOLLOWING,1.6504054755822841,0.2827551367842446,0
7.168,2.435403622769211,1.0087057322839303,0.3331771184735155,4.022855720772402,1.456151603591109,0.2018651639587904,-0.14642825416806873,0.20374157950915478,-0.13070396976890086,1.649306512205834,-0.058440607193400655,0.1493065122058339,0,0,FOLLOWING,1.649306512205834,0.28331692552365156,0
7.2,2.441512233201473,1.0108075852396992,0.3289467794689036,4.030102895764249,1.4501523908345695,0.2000318503175852,-0.14809166369922444,0.20187767028036394,-0.132198290893114,1.6482245451954758,-0.059128388604917974,0.1482245451954758,0,0,FOLLOWING,1.6482245451954758,0.28392651891285914,0
7.232,2.447574155078411,1.0128645728132097,0.324668675562911,4.037299290663868,1.4440367583027167,0.19822892820963758,-0.14975367516426463,0.20004367553108224,-0.1336909508250396,1.6471598162449197,-0.05981602253801205,0.1471598162449197,0,0,FOLLOWING,1.6471598162449197,0.2845830986589278,0
7.264,2.4535901330571193,1.014877152054673,0.3203428640510513,4.044444761036977,1.4378051969650314,0.19645677291541033,-0.1514141868002264,0.19823996793791854,-0.1351818204155951,1.6461125655727888,-0.06050346161559372,0.14611256557278884,0,0,FOLLOWING,1.6461125655727888,0.2852858160224346,0
7.296,2.459560923306584,1.0168457803465214,0.31596940662364703,4.051539163471367,1.4314582070978803,0.1947157540207428,-0.15307309248259326,0.1964669137344887,-0.13667076232750924,1.6450830318177898,-0.06119065650567463,0.1450830318177898,0,0,FOLLOWING,1.6450830318177898,0.28603379374117777,0
7.328,2.4654872934488954,1.0187709149093025,0.3115483696385759,4.058582355579782,1.4249962982443565,0.19300623535006842,-0.15473028192562951,0.1947248725474773,-0.13815763070007422,1.6440714519300934,-0.061877556014051566,0.1440714519300934,0,0,FOLLOWING,1.6440714519300934,0.2868261279738979,0
7.36,2.4713700224894932,1.020653012304632,0.307079824406077,4.065574196002775,1.4184199891733718,0.1913285748995452,-0.1563856409154151,0.19301419721862867,-0.13964227077228664,1.643078061059322,-0.06256410719096392,0.14307806105932208,0,0,FOLLOWING,1.643078061059322,0.287661890254186,0
7.392,2.477209900735697,1.0224925279354502,0.30256384748718845,4.072514544411545,1.4117298078380076,0.18968312477064625,-0.15803905157985002,0.19133523361092836,-0.14112451845682994,1.6421030924395907,-0.06325025545352794,0.14210309243959074,0,0,FOLLOWING,1.6421030924395907,0.2885401294451633,0
7.424,2.4830077297027136,1.0242899155438525,0.2980005210076568,4.07940326151076,1.404926291333133,0.18807023110486643,-0.1596903927005572,0.18968832039714414,-0.1426041998565871,1.6411467772721287,-0.06393594472603134,0.14114677727212865,0,0,FOLLOWING,1.6411467772721287,0.28945987368596743,0
7.456,2.488764322006238,1.0260456267067928,0.2933899329894883,4.086240209041341,1.3980099858522848,0.1864902340203051,-0.16133954007243542,0.1880737888283909,-0.144081130713311,1.6402093446060797,-0.06462111760051334,0.1402093446060797,0,0,FOLLOWING,1.6402093446060797,0.29042013232161223,0
7.488,2.494480537107739,1.0277601101083582,0.28873199905369246,4.093025249783246,1.3909814466438177,0.18494340879445229,-0.16298593629483804,0.18649303571898795,-0.14556069858343923,1.6392909862917637,-0.0653055318916904,0.13929098629176373,0,0,FOLLOWING,1.6392909862917637,0.2914198978083633,0
7.5200000000000005,2.5001572398669683,1.0294338099484448,0.2840266812486113,4.099758247558222,1.3838412379663303,0.18343003393812127,-0.16462911610109612,0.1849462053465205,-0.14704145261286625,1.6383918972093119,-0.06598898466976154,0.1383918972093119,0,0,FOLLOWING,1.6383918972093119,0.2924581475873736,0
7.5520000000000005,2.5057952813965696,1.0310671656089387,0.2792740723431093,4.106439067232536,1.3765899330433646,0.18195042219170612,-0.16626890939976705,0.183432865267628,-0.14851930776653632,1.6375122936792992,-0.0666713988637441,0.13751229367929918,0,0,FOLLOWING,1.6375122936792992,0.2935338459199502,0
7.5840000000000005,2.5113955225507683,1.0326606120008113,0.27447427012523495,4.113067574719688,1.3692281140173874,0.18050488133082557,-0.16790513941913376,0.18195329113318484,-0.14999410719178252,1.6366523901282999,-0.06735269455517734,0.13665239012829988,0,0,FOLLOWING,1.6366523901282999,0.2946459456784883,0
7.6160000000000005,2.5169588349580096,1.034214579249161,0.26962737748477006,4.119643636983105,1.361756371903055,0.17909371204328978,-0.16953762246257773,0.18050778750063054,-0.1514656914590643,1.635812397733049,-0.06803278886227063,0.13581239773304898,0,0,FOLLOWING,1.635812397733049,0.29579339008774636,0
7.648000000000001,2.5224861009920643,1.0357294921893312,0.2647335026112217,4.126167122038808,1.3541753065397664,0.1777172075960433,-0.17116616798623271,0.17909665515258855,-0.15293389495150345,1.6349925241244494,-0.06871159597909038,0.1349925241244494,0,0,FOLLOWING,1.6349925241244494,0.2969751144118028,0
7.68,2.527978213628428,1.0372057698369808,0.2597927591904326,4.132637898958061,1.3464855265435063,0.17637565367470528,-0.1727905786763209,0.17772018772023546,-0.15439854590807173,1.6341929731921636,-0.06938902721636314,0.1341929731921636,0,0,FOLLOWING,1.6341929731921636,0.2981900475826864,0
7.712,2.5334360762781105,1.0386438248559482,0.2548052665994374,4.13905583787,1.3386876492579864,0.17506932823503785,-0.17441065053259744,0.17637867122872256,-0.15585946647831506,1.6334139448946177,-0.0700649910450065,0.13341394489461766,0,0,FOLLOWING,1.6334139448946177,0.29943711376729704,0
7.744,2.538860602607644,1.0400440630267387,0.2497711500992202,4.145420809964239,1.3307823007050845,0.17379850135037864,-0.17602617295865725,0.17507238392960653,-0.1573164727879591,1.6326556350651467,-0.07073939314253488,0.13265563506514666,0,0,FOLLOWING,1.6326556350651467,0.3007152338698515,0
7.776,2.5442527163458273,1.041406882716141,0.24469054102506949,4.151732687493458,1.322770115534584,0.17256343505359625,-0.1776369288589547,0.17380159615488439,-0.15876937501402846,1.6319182352136494,-0.07141213644224934,0.13191823521364943,0,0,FOLLOWING,1.6319182352136494,0.30202332696767986,0
7.808,2.5496133510769,1.0427326743482805,0.23956357697423822,4.15799134377596,1.314651736973227,0.1713643831735575,-0.17924269474232724,0.172566570166414,-0.16021797746898678,1.6312019323239801,-0.0720831211851044,0.13120193232398014,0,0,FOLLOWING,1.6312019323239801,0.30336031167874467,0
7.84,2.5549434500197674,1.0440218198774283,0.23439040199066746,4.164196653198219,1.3064278167730734,0.17020159116624675,-0.18084324083195125,0.17136755999858766,-0.161662078692542,1.6305069086474007,-0.07275224497421087,0.13050690864740067,0,0,FOLLOWING,1.6305069086474007,0.304725107459793,0
7.872,2.5602439657929135,1.045274692262913,0.2291711667465407,4.1703484912174025,1.298099015159178,0.1690752959406747,-0.18243833118168143,0.17020481129447296,-0.16310147155067362,1.6298333414924282,-0.07341940283193477,0.1298333414924282,0,0,FOLLOWING,1.6298333414924282,0.3061166358345385,0
7.904,2.565515860164647,1.046491654946535,0.22390602872045576,4.176446734363868,1.2896660007765874,0.16798572567965597,-0.1840277237987918,0.1690785611357191,-0.1645359433413259,1.6291814030113834,-0.07408448725958908,0.12918140301138337,0,0,FOLLOWING,1.6291814030113834,0.30753382155171116,0
7.936,2.570760103788344,1.047673061332895,0.21859515237201213,4.182491260243639,1.2811294506366604,0.16693309965561595,-0.18561117077318232,0.16798903786655128,-0.1659652759064206,1.6285512599839997,-0.07474738829972624,0.12855125998399974,0,0,FOLLOWING,1.6285512599839997,0.3089755936732388,0
7.968,2.57597767592235,1.0488192542730996,0.21323870931261876,4.188481947540868,1.2724900500627143,0.16591762804154048,-0.1871884184131361,0.16693646091214445,-0.1673892457499724,1.6279430735984375,-0.07540799360105534,0.12794307359843748,0,0,FOLLOWING,1.6279430735984375,0.31044088659320407,0
8.0,2.581169564134248,1.0499305655523286,0.20783687847232662,4.194418676020266,1.2637484926350109,0.16493951171715335,-0.18875920738770388,0.1659210405916287,-0.1688076241623079,1.6273569992300283,-0.076066188485998,0.1273569992300283,0,0,FOLLOWING,1.6273569992300283,0.3119286409885354,0
8.032,2.5863367639891752,1.0510073153817807,0.20238984626249498,4.200301326529515,1.2549054801350719,0.16399894207050358,-0.1903232728758461,0.16494297792588342,-0.17022017735024336,1.626793186218147,-0.07672185602092316,0.12679318621814706,0,0,FOLLOWING,1.626793186218147,0.31343780470271193,0
8.064,2.591480278721932,1.0520498118955404,0.19689780673410404,4.206129781001665,1.24596172248934,0.1630961007950653,-0.19188034472242205,0.16400246444040387,-0.17162666657316578,1.626251777641558,-0.0773748770890828,0.12625177764155793,0,0,FOLLOWING,1.626251777641558,0.31496733356401607,0
8.096,2.596601118892596,1.0530583506529387,0.1913609617315129,4.211903922457499,1.2369179377121853,0.1622311596825077,-0.1934301476011164,0.16309968196338587,-0.1730268482853284,1.6257329100926243,-0.0780251304662714,0.12573291009262433,0,0,FOLLOWING,1.6257329100926243,0.31651619214008353,0
8.128,2.601700302025417,1.0540332141470066,0.1857795210414751,4.217623635007882,1.2277748518482627,0.16140428041130137,-0.19497240118440412,0.16223480241927765,-0.17442047428407112,1.6252367134507744,-0.07867249289923504,0.12523671345077436,0,0,FOLLOWING,1.6252367134507744,0.3180833544307037,0
8.16,2.6067788522307582,1.054974671319636,0.18015370253721263,4.223288803856087,1.218533198914224,0.16061561433133636,-0.19650682032062783,0.16140798761793212,-0.17580729186424038,1.6247633106556263,-0.07931683918684482,0.12476331065562629,0,0,FOLLOWING,1.6247633106556263,0.3196678045009809,0
8.192,2.611837799809885,1.0558829770840998,0.17448373231734546,4.228899315300099,1.2091937208397887,0.15986530224475218,-0.19803311521822592,0.16061938903965345,-0.17718704397893764,1.6243128174801893,-0.07995804226403973,0.1243128174801893,0,0,FOLLOWING,1.6243128174801893,0.3212685370570925,0
8.224,2.6168781817866034,1.0567584245482817,0.16877003304064508,4.234455056734899,1.199757167408184,0.15915346417486395,-0.1995515114210424,0.1598694523372421,-0.17855358801217266,1.6238853367239348,-0.08059619376097721,0.12388533672393476,0,0,FOLLOWING,1.6238853367239348,0.3228845579669732,0
8.256,2.6219010383090344,1.0576011828154879,0.16301262610945458,4.239955916654719,1.1902242961959497,0.1584802313975361,-0.20106110701866065,0.15915765999657033,-0.17991946344904175,1.6234809760329798,-0.08123090716256189,0.1234809760329798,0,0,FOLLOWING,1.6234809760329798,0.3245148847283467,0
8.288,2.626907415460367,1.0584114615551197,0.15721176901182976,4.245401784655286,1.1805958725121193,0.15784571206097855,-0.20256161288336044,0.15848446622157408,-0.1812772925000603,1.6230998285369163,-0.08186205604336054,0.12309982853691626,0,0,FOLLOWING,1.6230998285369163,0.3261585468865627,0
8.32,2.6318983641166294,1.059189455737121,0.1513677270200292,4.250792551436032,1.1708726693367801,0.1572500021130012,-0.20405273548121236,0.1578499953008864,-0.1826268318908876,1.622741978854462,-0.082489512224931,0.12274197885446192,0,0,FOLLOWING,1.622741978854462,0.32781458640472855,0
8.352,2.6368749391261996,1.0599353439372785,0.14548077328183576,4.256128108802294,1.1610554672590188,0.15669318581994648,-0.20553417525140522,0.15725434341481898,-0.18396783550761442,1.6224075033254381,-0.0831131450992231,0.12240750332543815,0,0,FOLLOWING,1.6224075033254381,0.3294820579886371,0
8.384,2.6418381987673696,1.0606492878994036,0.13955118911123696,4.261408349667479,1.1511450544142512,0.15617533559451882,-0.20700562724737742,0.15669759379030412,-0.18530004815269135,1.6220964698327018,-0.08373282190538119,0.12209646983270184,0,0,FOLLOWING,1.6220964698327018,0.33116002936898553,0
8.416,2.646789204229847,1.0613314321535074,0.13357926423731253,4.266633168055219,1.1411422264209556,0.15569651174762764,-0.20846678176152486,0.156179817926228,-0.18662320685049533,1.6218089375826905,-0.08434840799848915,0.12180893758269051,0,0,FOLLOWING,1.6218089375826905,0.3328475815433479,0
8.448,2.651729019082042,1.0619819036441398,0.12756529701648925,4.271802459101496,1.1310477863167951,0.1552567622344148,-0.20991732488223125,0.1557010754313249,-0.1879370419921294,1.6215449568870481,-0.08495976708912178,0.12154495688704814,0,0,FOLLOWING,1.6215449568870481,0.33454380898034436,0
8.48,2.6566587087201263,1.0626008113685637,0.12150959461381787,4.276916119056741,1.1208625444941505,0.15485612240147045,-0.21135693899546476,0.1552614137357216,-0.18924127830349585,1.6213045689498045,-0.08556676145895256,0.12130456894980446,0,0,FOLLOWING,1.6213045689498045,0.3362478197883825,0
8.512,2.661579339798706,1.0631882460263191,0.11541247315782673,4.281974045287927,1.1105873186350614,0.1544946147357411,-0.21278530324296518,0.1548608678006246,-0.19053563567105694,1.621087805660652,-0.08616925215752272,0.12108780566065191,0,0,FOLLOWING,1.621087805660652,0.3379587358513028,0
8.544,2.6664919796433755,1.063744279681687,0.10927425787257494,4.286976136280621,1.1002229336455822,0.15417224861507514,-0.21420209394673187,0.15449945983664332,-0.19181982985436843,1.620894689394515,-0.08676709918428503,0.12089468939451509,0,0,FOLLOWING,1.620894689394515,0.3396756929331921,0
8.576,2.6713976956454313,1.0642689654404331,0.1030952831897806,4.291922291641024,1.0897702215895548,0.15388902006046767,-0.21560698500754782,0.15417719903009766,-0.19309357310873157,1.620725232817661,-0.08736016165919872,0.1207252328176609,0,0,FOLLOWING,1.620725232817661,0.3413978407545496,0
8.608,2.6762975546390826,1.064762337142114,0.09687589284329397,4.296812412097984,1.079230021621814,0.15364491149014828,-0.21699964828367113,0.1538940812761557,-0.19435657473694792,1.62057943870063,-0.08794829798446697,0.12057943870063004,0,0,FOLLOWING,1.62057943870063,0.34312434304191686,0
8.64,2.6811926222614866,1.0652244090691354,0.09061643994771552,4.301646399504994,1.0686031799208164,0.15343989147577156,-0.21837975395456413,0.15365008891782783,-0.19560854158479457,1.620457299738324,-0.08853136599948638,0.12045729973832398,0,0,FOLLOWING,1.620457299738324,0.3448543775530062,0
8.672,2.6860839622959736,1.0656551756736892,0.08431728706256761,4.306424156842154,1.0578905496207092,0.1532739145010338,-0.21974697087348993,0.15344519049024347,-0.19684917849247713,1.6203587983775993,-0.08910922313061673,0.12035879837759933,0,0,FOLLOWING,1.6203587983775993,0.3465871360792624,0
8.704,2.6909726359988713,1.0660546113236375,0.07797880624313043,4.311145588218124,1.0470929907428392,0.15314692072312092,-0.22110096691196332,0.15327934046983924,-0.19807818871138957,1.6202839066527503,-0.08968172653704612,0.12028390665275035,0,0,FOLLOWING,1.6202839066527503,0.3483218244277254,0
8.736,2.6958597014103534,1.0664226700683617,0.0716013790788084,4.315810598872045,1.0362113701267102,0.1530588357374446,-0.22244140929840064,0.1531524790283374,-0.19929527429378704,1.620232586029273,-0.09024873325373298,0.120232586029273,0,0,FOLLOWING,1.620232586029273,0.3500576623839545,0
8.768,2.7007462126497948,1.0667592854255603,0.06518539671969832,4.320419095175445,1.0252465613603918,0.1530095703461747,-0.223767964952746,0.15306453179153676,-0.2005001364614958,1.6202047872563081,-0.09081010033218202,0.12020478725630812,0,0,FOLLOWING,1.6202047872563081,0.3517938836576955,0
8.8,2.705633219196146,1.0670643701899365,0.058731259891886954,4.324970984634113,1.0141994447103855,0.152999020331135,-0.22508030081843475,0.1530154096031187,-0.2016924759581255,1.6202004502281773,-0.09136568497962984,0.12020045022817727,0,0,FOLLOWING,1.6202004502281773,0.3535297358128887,0
8.832,2.710521765153892,1.067337816264691,0.052239378901874904,4.329466175889962,1.003070907050958,0.1530270662316368,-0.2263780841926859,0.1530050082937421,-0.20287199338887277,1.6202195038554026,-0.09191534469705692,0.12021950385540259,0,0,FOLLOWING,1.6202195038554026,0.35526448018351264,0
8.864,2.7154128885052082,1.0675794945166988,0.04571017363043976,4.333904578722855,0.9918618417929418,0.15309357312788438,-0.22766098305583896,0.15303320845583424,-0.20403838955055986,1.6202618659456163,-0.09245893741633487,0.12026186594561628,0,0,FOLLOWING,1.6202618659456163,0.3569973917766877,0
8.896,2.7203076203489616,1.067789254656225,0.03914407351617762,4.338286104052421,0.9805731488120095,0.15319839043061673,-0.228928666400229,0.15309987522453605,-0.2051913657541914,1.6203274430947516,-0.09299632163671623,0.12032744309475163,0,0,FOLLOWING,1.6203274430947516,0.3587277591643737,0
8.928,2.725206984127276,1.0679669251420016,0.032541517528898896,4.3426106639398405,0.9692057343764328,0.153341351677644,-0.23018080455886697,0.1532048580653248,-0.20633062414201142,1.6204161305888858,-0.09352735656078609,0.12041613058888578,0,0,FOLLOWING,1.6204161305888858,0.36045488436490963,0
8.96,2.7301119948404122,1.0681123131124592,0.025902954133024174,4.346878171589612,0.9577605110743255,0.1535222743380079,-0.23141706953408883,0.15334799056889561,-0.2074558680000156,1.6205278123171132,-0.09405190222994783,0.12052781231711318,0,0,FOLLOWING,1.6205278123171132,0.36217808271557284,0
8.992,2.7350236582507725,1.068225204343878,0.019228841241087546,4.351088541351294,0.9462383977403784,0.15374095962445325,-0.2326371353261852,0.15352909025397146,-0.20856680206709663,1.6206623606957813,-0.0945698196594526,0.12066236069578129,0,0,FOLLOWING,1.6206623606957813,0.3638966827372484,0
9.024000000000001,2.739942970076887,1.0683053632361854,0.012519646157432552,4.355241688721223,0.9346403193820975,0.1539971923149815,-0.23384067826189966,0.15374795837860789,-0.2096631328415384,1.6208196366044398,-0.09508097097293525,0.12081963660443984,0,0,FOLLOWING,1.6208196366044398,0.36561002599223025,0
9.056000000000001,2.7448709151783013,1.068352532827101,0.005775845512177631,4.359337530344207,0.922967207105541,0.15429074058419726,-0.23502737732266868,0.1540043797608012,-0.21074456888509835,1.6209994893337938,-0.09558521953640577,0.12099948933379379,0,0,FOLLOWING,1.6209994893337938,0.3673174669361061,0
9.088000000000001,2.7498084667212885,1.0683664364884893,-0.0010020718449638413,4.363375984015206,0.9112199980405699,0.15462135609750624,-0.23619692388874386,0.1542981222220012,-0.21181072832517567,1.621201756717196,-0.09608243407539799,0.12120175671719591,0,0,FOLLOWING,1.621201756717196,0.3690183727646078,0
9.120000000000001,2.75475658541808,1.0683467674363676,-0.007813622288057067,4.367356968680975,0.8993996352656141,0.1549887722144863,-0.23734896572375763,0.15462894009966224,-0.21286177439267212,1.6214262639936348,-0.09657246497025093,0.12142626399363476,0,0,FOLLOWING,1.6214262639936348,0.3707121232562406,0
9.152000000000001,2.759716218757031,1.068293205830105,-0.0146583572125088,4.371280404441691,0.8875070677319619,0.15539270651584444,-0.2384830616651078,0.1549965726549801,-0.21389880151950807,1.6216728252979706,-0.09705512513150048,0.12167282529797063,0,0,FOLLOWING,1.6216728252979706,0.3723981106114486,0
9.184000000000001,2.764688300039143,1.0682054105515233,-0.021535825441037455,4.375146212552562,0.8755432501875741,0.15583285949453815,-0.23959875892668844,0.15540073708333105,-0.21492172930551606,1.6219412430828632,-0.09753022268618286,0.12194124308286325,0,0,FOLLOWING,1.6219412430828632,0.3740757392890143,0
9.216000000000001,2.769673747509307,1.0680832995577616,-0.028445558284083638,4.378954315425403,0.8635091431004404,0.15630897137058786,-0.24069603338711215,0.1558408838684868,-0.21593001048045316,1.6222313434780438,-0.09799774749823088,0.12223134347804376,0,0,FOLLOWING,1.6222313434780438,0.3757444258403277,0
9.248,2.774673464372486,1.06792592868641,-0.03538694696640871,4.382704636630194,0.8514057125814688,0.1568205946593013,-0.24177396167752174,0.15631747120979497,-0.2169192673791032,1.622542836086194,-0.09845730811989034,0.12254283608619398,0,0,FOLLOWING,1.622542836086194,0.3774035987421181,0
9.28,2.7796883349640016,1.0677331731959385,-0.04235947437324332,4.386397100896613,0.8392339303069267,0.15736743287083574,-0.24283260064071105,0.15682935079217097,-0.21789236429454026,1.622875522806832,-0.09890892879740752,0.1228755228068319,0,0,FOLLOWING,1.622875522806832,0.37905269822818094,0
9.312,2.7847192267526717,1.067504614132602,-0.049362590490409614,4.390031634115552,0.8269947734404317,0.15794911838867445,-0.2438716743486741,0.15737643461766027,-0.21884827318448766,1.6232291608713103,-0.09935249276352423,0.1232291608713103,0,0,FOLLOWING,1.6232291608713103,0.3806911761206022,0
9.344,2.789766989069306,1.067239806877858,-0.05639573512538589,4.393608163340593,0.8146892245545072,0.15856526431405024,-0.24489090855241888,0.15795836930159343,-0.21978667594487988,1.6236034949826155,-0.09978788400492616,0.12360349498261547,0,0,FOLLOWING,1.6236034949826155,0.38231849566091364,0
9.376,2.7948324519940217,1.0669382872058937,-0.06345833853040184,4.397126616789486,0.8023182715516959,0.15921546604018808,-0.2458900381101398,0.1585747694947257,-0.220707273964316,1.6239982583803538,-0.10021499040474048,0.12399825838035383,0,0,FOLLOWING,1.6239982583803538,0.3839341313416002,0
9.408,2.7999164254793354,1.0665995718272363,-0.07054982207612638,4.400586923845583,0.7898829075852549,0.15989930134902686,-0.24686880635108782,0.1592252308280922,-0.22160978968527228,1.6244131729979479,-0.10063370346519969,0.12441317299794785,0,0,FOLLOWING,1.6244131729979479,0.3855375687383163,0
9.44,2.8050196985110514,1.0662231587726607,-0.07766959881615976,4.403989015059251,0.7773841309794212,0.16061633043060675,-0.2478269644415895,0.15990933115339404,-0.22249396319086887,1.6248479495753319,-0.10104391803055854,0.12484794957533185,0,0,FOLLOWING,1.6248479495753319,0.38712830434315215,0
9.472,2.810143038279755,1.0658085278056881,-0.08481707396196717,4.407332822149273,0.7648229451492653,0.16136609591302983,-0.2487642709714213,0.160626630683325,-0.22335954940608796,1.6253022877803949,-0.10144553210308771,0.12530228778039487,0,0,FOLLOWING,1.6253022877803949,0.38870584539924563,0
9.504,2.8152871893610705,1.0653551408700426,-0.0919916452895439,4.4106182780042165,0.7522003585201373,0.16214812291067268,-0.24968049171796836,0.16137667203732245,-0.22420631596435442,1.6257758763433359,-0.10183844673415865,0.12577587634333587,0,0,FOLLOWING,1.6257758763433359,0.3902697097370086,0
9.536,2.8204528729058542,1.0648624425718716,-0.0991927034948014,4.413845316683777,0.7395173844467092,0.16296191909195787,-0.2505753995470321,0.16215898029438938,-0.2250340416050581,1.6262683932042235,-0.10222256597301034,0.12626839320422345,0,0,FOLLOWING,1.6262683932042235,0.3918194256122066,0
9.568,2.8256407858418053,1.0643298606962888,-0.10641963251105703,4.417013873420107,0.726775041131619,0.163806974767327,-0.2514487744174516,0.1629730630638548,-0.22584251498926441,1.6267795056736587,-0.10259779685930569,0.1267795056736587,0,0,FOLLOWING,1.6267795056736587,0.3933545315461078,0
9.6,2.8308516000880433,1.0637568067577499,-0.11367180979911788,4.420123884619112,0.7139743515437325,0.16468276299793316,-0.25230040346352617,0.16381841057576382,-0.2266315338432918,1.6273088706063608,-0.1029640494484867,0.12730887060636076,0,0,FOLLOWING,1.6273088706063608,0.3948745761678821,0
9.632,2.836085961784191,1.063142676583738,-0.12094860661816842,4.423175287861726,0.7011163433360159,0.16558873972550825,-0.25313008113471525,0.1646944957915861,-0.22740090435881663,1.6278561345874625,-0.10332123686125028,0.12785613458746248,0,0,FOLLOWING,1.6278561345874625,0.3963791180594212,0
9.664,2.8413444905355245,1.062486850931195,-0.12824938828383137,4.42616802190517,0.6882020487630349,0.16652434392381887,-0.2539376093763748,0.16560077453577446,-0.2281504407920482,1.6284209341312865,-0.10366927535030468,0.12842093413128652,0,0,FOLLOWING,1.6284209341312865,0.3978677256027229,0
9.696,2.8466277786757384,1.0617886961350753,-0.13557351441833745,4.429102026684173,0.6752325045980846,0.16748899777197374,-0.25472279783878177,0.1665366856486535,-0.22887996521713708,1.629002895892283,-0.10400808437902459,0.1290028958922831,0,0,FOLLOWING,1.629002895892283,0.39933997682996086,0
9.728,2.851936390548882,1.0610475647883448,-0.14292033919657707,4.431977243312185,0.6622087520499559,0.16848210684988751,-0.2554854641043915,0.16750165116093016,-0.22958930739748423,1.6296016368878483,-0.10433758670778476,0.12960163688784831,0,0,FOLLOWING,1.6296016368878483,0.4007954592763476,0
9.76,2.8572708618119953,1.0602627964526965,-0.15028921159090317,4.434793614082555,0.649131836679347,0.1695030603560626,-0.25622543392547265,0.16849507649019688,-0.2302783047467313,1.6302167647326646,-0.10465770848467079,0.13021676473266464,0,0,FOLLOWING,1.6302167647326646,0.40223376983588177,0
9.792,2.8626316987599796,1.0594337183991747,-0.15767947561682866,4.437551082469689,0.6360028083149223,0.17055123134779634,-0.25694254146597145,0.169516350659615,-0.23094680235672402,1.6308478778841848,-0.10496837933799691,0.13084787788418484,0,0,FOLLOWING,1.6308478778841848,0.40365451462005547,0
9.824,2.8680193776742,1.0585596463778484,-0.16509047058118717,4.440249593130186,0.6228227209690343,0.1716259770038597,-0.25763662954282235,0.17056484653891157,-0.23159465307450425,1.6314945658988584,-0.10526953246863438,0.13149456589885844,0,0,FOLLOWING,1.6314945658988584,0.40505730881957674,0
9.856,2.8734343441963026,1.0576398854156028,-0.1725215313338883,4.4428890919039485,0.6095926327531044,0.17272663890963233,-0.2583075498629928,0.17163992110778328,-0.2322217176146386,1.6321564096986794,-0.10556110474061159,0.13215640969867937,0,0,FOLLOWING,1.6321564096986794,0.4064417765691634,0
9.888,2.8788770127287004,1.0566737306410474,-0.17997198852402338,4.44546952581527,0.5963136057926768,0.17385254336457956,-0.2589551632534183,0.17274091574167877,-0.23282786469520014,1.6328329818475924,-0.10584303676881088,0.1328329818475924,0,0,FOLLOWING,1.6328329818475924,0.40780755081544157,0
9.92,2.884347765863133,1.0556604681354798,-0.18744116886081977,4.447990843073894,0.5829867061421504,0.17500300171189764,-0.2595793398816385,0.17386715651989193,-0.23341297118927126,1.63352384683728,-0.10611527300286631,0.1335238468372799,0,0,FOLLOWING,1.63352384683728,0.4091542731879762,0
9.952,2.8898469538386857,1.0545993758087664,-0.19492839537970527,4.45045299307606,0.5696130036991951,0.1761773106901049,-0.260179959465483,0.17501795455580554,-0.23397692228467143,1.634228561381843,-0.10637776180659256,0.13422856138184303,0,0,FOLLOWING,1.634228561381843,0.4104815938734504,0
9.984,2.895374894030595,1.05348972429895,-0.2024329877135872,4.452855926405517,0.5561935721188566,0.17737475280625117,-0.26075691147057706,0.17619260634904174,-0.2345196116469096,1.6349466747208548,-0.10663045553245432,0.13494667472085475,0,0,FOLLOWING,1.6349466747208548,0.4117891714930077,0
10.016,2.900931870471115,1.0523307778943145,-0.20995426236931097,4.455199594834511,0.5427294887273665,0.17859459673034342,-0.2613100952947491,0.17739039415924443,-0.23504094158105915,1.635677728930239,-0.1068733105907152,0.1356777289302391,0,0,FOLLOWING,1.635677728930239,0.4130766729827475,0
10.048,2.9065181323138067,1.0511218482559672,-0.21749171995253178,4.4574839513247575,0.5292218344356504,0.17983612976259403,-0.26183904798899227,0.17861019836016748,-0.23554666532118454,1.6364212771062212,-0.10710613092589735,0.1364212771062212,0,0,FOLLOWING,1.6364212771062212,0.4143437734773815,0
10.08,2.912133897190011,1.049862131118585,-0.2250444551480769,4.459708950028386,0.5156716936525523,0.18109855911539136,-0.2623441233700798,0.1798520944666749,-0.23602409752358047,1.6371768284604598,-0.10732906379119708,0.13717682846045975,0,0,FOLLOWING,1.6371768284604598,0.41559015619703094,0
10.112,2.9177793469394313,1.048550877380392,-0.23261178210807806,4.461874546288856,0.5020801541977769,0.18238111372392826,-0.26282523916691886,0.18111490615319537,-0.23648009668472605,1.6379439050070272,-0.10754207287783017,0.13794390500702725,0,0,FOLLOWING,1.6379439050070272,0.4168155123371507,0
10.144,2.9234546280182414,1.0471873366409266,-0.24019301210328173,4.463980696641858,0.4884483072145586,0.18368301185597144,-0.26328232714077104,0.1823978403999631,-0.23691457277388167,1.6387220237469369,-0.10774512764334762,0.13872202374693687,0,0,FOLLOWING,1.6387220237469369,0.41801954096155797,0
10.176,2.9291598516325283,1.0457707568797774,-0.24778745387873283,4.466027358816182,0.4747772470820614,0.1850034602145294,-0.2637153314480593,0.18370011418025223,-0.23732744685857007,1.6395106961737123,-0.1079382026032161,0.13951069617371226,0,0,FOLLOWING,1.6395106961737123,0.4192019488985417,0
10.208,2.9348950935290876,1.04430038547106,-0.25539441412465114,4.468014491734568,0.4610680713275246,0.1863416543458113,-0.26412420835348677,0.18502093475750553,-0.23771865472097328,1.64030942855766,-0.10812127720199177,0.14030942855766004,0,0,FOLLOWING,1.64030942855766,0.4203624506400176,0
10.24,2.940660393772227,1.0427754702564416,-0.2630131979162249,4.469942055514531,0.44732188053814914,0.18769677917524574,-0.26450892604611564,0.18635949824530473,-0.23808814588721702,1.6411177223007811,-0.10829433572921288,0.14111772230078112,0,0,FOLLOWING,1.6411177223007811,0.4215007682437027,0
10.272,2.9464557565556957,1.0411952606240062,-0.27064310912963524,4.4718100114691595,0.43353977827274265,0.18906800956647513,-0.2648694644941647,0.18771498998979302,-0.23843588288458686,1.6419350742992718,-0.10845736725211425,0.14193507429927177,0,0,FOLLOWING,1.6419350742992718,0.42261663123826954,0
10.304,2.9522811500556005,1.0395590085900221,-0.27828345083915645,4.473618322107892,0.419722870973124,0.19045451089296309,-0.26520581532738574,0.18908658514047955,-0.23876184065012893,1.6427609773073795,-0.1086103655603974,0.14276097730737947,0,0,FOLLOWING,1.6427609773073795,0.4237097765314429,0
10.336,2.9581365063252263,1.0378659698828734,-0.285933525699111,4.475366951137272,0.40587226787529807,0.19185543962082996,-0.2655179817390073,0.19047344924546708,-0.2390660060573615,1.6435949203017752,-0.10875332911968538,0.14359492030177523,0,0,FOLLOWING,1.6435949203017752,0.42477994832099986,0
10.368,2.9640217212321014,1.03611540502833,-0.2935926363136257,4.477055863461675,0.3919890809204019,0.19326994390228602,-0.2658059784008688,0.19187473885505396,-0.23934837753505459,1.644436388846091,-0.10888626103098747,0.1444363888460909,0,0,FOLLOWING,1.644436388846091,0.42582689800863244,0
10.4,2.9699366544375505,1.0343065804351281,-0.30126008559648665,4.47868502518401,0.37807442466544167,0.19469716417901073,-0.2660698313866215,0.1932896021323664,-0.23960896475778556,1.6452848654552883,-0.10900916899402492,0.1452848654552883,0,0,FOLLOWING,1.6452848654552883,0.426850384116625,0
10.432,2.975881129418899,1.0324387694796737,-0.30893517712284135,4.480254403606406,0.36412941619381134,0.19613623379468506,-0.26630957809903943,0.19471717947089326,-0.23984778839120446,1.646139829959474,-0.10912206527276336,0.14613982995947405,0,0,FOLLOWING,1.646139829959474,0.4278501722073094,0
10.464,2.981854933534422,1.0305112535885492,-0.31661721547409444,4.481763967230862,0.3501551750256134,0.19758627961582648,-0.26652526719822944,0.19615660411865252,-0.2400648798792749,1.6470007598667715,-0.10922496666180942,0.14700075986677152,0,0,FOLLOWING,1.6470007598667715,0.4288260348052486,0
10.496,2.9878578181310593,1.0285233233173978,-0.32430550657699164,4.483213685759883,0.33615282302778204,0.1990464226599557,-0.2667169585282983,0.19760700280861848,-0.24026028126270682,1.647867130724818,-0.10931789445265189,0.14786713072481805,0,0,FOLLOWING,1.647867130724818,0.4297777513221051,0
10.528,2.993889498694816,1.0264742794246893,-0.33199935803762687,4.484603530097086,0.3221234843240189,0.2005157787301211,-0.26688472304054617,0.1990674963948221,-0.24043404502025506,1.6487384164804784,-0.10940087439894075,0.14873841648047836,0,0,FOLLOWING,1.6487384164804784,0.4307051079841478,0
10.56,2.9999496550437086,1.0243634339388066,-0.3396980794708941,4.485933472347789,0.30806828520454765,0.20199345905469257,-0.26702864271170224,0.20053720049343143,-0.24058623392640033,1.649614089837329,-0.10947393668018814,0.14961408983732905,0,0,FOLLOWING,1.649614089837329,0.4316078977623529,0
10.592,3.0060379315630072,1.0221901112168632,-0.34740098282573284,4.48720348581956,0.29398835403569157,0.20347857093132735,-0.267148810456112,0.20201522612797074,-0.2407169209198699,1.6504936226104803,-0.1095371158634354,0.15049362261048027,0,0,FOLLOWING,1.6504936226104803,0.432485920305054,0
10.624,3.0121539374824455,1.0199536489936283,-0.35510738270638825,4.488413545022765,0.2798848211692913,0.20497021837399668,-0.2672453300310128,0.20350068037783026,-0.2408261889791039,1.651376486078322,-0.10959045086252622,0.151376486078322,0,0,FOLLOWING,1.651376486078322,0.4333389818730913,0
10.656,3.0182972471949783,1.0176533994189336,-0.3628165966897982,4.489563625671073,0.2657588188519561,0.2064675027619032,-0.2673183159343417,0.20499266702908187,-0.24091413100122627,1.6522621513307605,-0.10963398489475444,0.1522621513307605,0,0,FOLLOWING,1.6522621513307605,0.43416689527742086,0
10.688,3.024467400616581,1.0152887300819329,-0.37052794563914027,4.490653704681942,0.25161148113416654,0.20796952348913333,-0.26736789329464494,0.20649028722654075,-0.24098084968200809,1.6531500896135451,-0.10966776543470708,0.15315008961354515,0,0,FOLLOWING,1.6531500896135451,0.4349694798191375,0
10.72,3.030663903586489,1.012859025020599,-0.37824075401350843,4.491683760177089,0.23744394377923206,0.20947537861388377,-0.26739419775284173,0.20799264012610402,-0.24102645739496864,1.6540397726682918,-0.10969184416519617,0.15403977266829183,0,0,FOLLOWING,1.6540397726682918,0.435746561231866,0
10.752,3.036886228307199,1.0103636857148606,-0.38595435017363927,4.492653771482921,0.22325734417211082,0.21098416550607815,-0.2673973753357259,0.20949882354622207,-0.24105107606787035,1.6549306730678144,-0.10970627692522705,0.15493067306781438,0,0,FOLLOWING,1.6549306730678144,0.4364979716264787,0
10.784,3.0431338138234567,1.00780213206181,-0.3936680666835727,4.4935637191309565,0.209052821228097,0.2124949814922576,-0.26737758232115155,0.21100793461741646,-0.24105483705566585,1.655822264546426,-0.10971112365498037,0.155822264546426,0,0,FOLLOWING,1.655822264546426,0.43722354943810077,0
10.816,3.049406066539388,1.0051738033314512,-0.4013812406080982,4.494413584858213,0.1948315153013913,0.21400692449654293,-0.2673349850949838,0.21251907042878962,-0.2410378810088526,1.6567140223248316,-0.10970644833783307,0.15671402232483156,0,0,FOLLOWING,1.6567140223248316,0.43792313937535315,0
10.848,3.0557023607728353,1.002478159101493,-0.4090932138058326,4.495203351607573,0.1805945680935495,0.21551909367660874,-0.2672697599999088,0.21403132867037783,-0.2410003577368587,1.657605423429323,-0.10969231893945347,0.15760542342932293,0,0,FOLLOWING,1.657605423429323,0.43859659237180326,0
10.88,3.0620220393458926,0.9997146801697454,-0.41680333321774415,4.49593300352813,0.16634312256182593,0.21703059005354802,-0.2671820931762837,0.2155438082702962,-0.24094242606582958,1.6584959470049612,-0.10966880734403746,0.15849594700496117,0,0,FOLLOWING,1.6584959470049612,0.43924376553957806,0
10.912,3.0683644146140825,0.996882908232179,-0.42451103115445216,4.496602525975502,0.15207832282741585,0.21854055118066307,-0.26707203743010777,0.2170551217916586,-0.24086675382776615,1.6593850940231285,-0.10963592952768769,0.1593850940231285,0,0,FOLLOWING,1.6593850940231285,0.43986452212510263,0
10.944,3.0747287691886687,0.9939824192334651,-0.4322157695366945,4.497211905512127,0.13780131408360483,0.2200481290851779,-0.2669396109308004,0.2185642127529937,-0.24077426636452076,1.6602723746241934,-0.10959368684437032,0.16027237462419341,0,0,FOLLOWING,1.6602723746241934,0.4404587314669293,0
10.976,3.081114356352396,0.9910127541011202,-0.4399168931755244,4.497761129907534,0.12351324250382847,0.22155242762891925,-0.2667850620471869,0.2200709436174085,-0.2406613039629458,1.6611572723994927,-0.10954217672080069,0.16115727239949273,0,0,FOLLOWING,1.6611572723994927,0.44102626895562114,0
11.008000000000001,3.0875204010343147,0.9879734784272052,-0.447613756296487,4.4982501881385915,0.10921525514966086,0.22305255401496052,-0.26660864120863437,0.22157444122078296,-0.24052816080903752,1.662039273663888,-0.10948149725478212,0.16203927366388804,0,0,FOLLOWING,1.662039273663888,0.44156701599565296,0
11.040000000000001,3.0939460999815025,0.9848641845939733,-0.455305722432831,4.498679070389718,0.09490849987872418,0.22454762144039472,-0.26641060274734835,0.22307380225207865,-0.24037512777364994,1.6629178689607242,-0.1094117480138525,0.16291786896072424,0,0,FOLLOWING,1.6629178689607242,0.44208085996930147,0
11.072000000000001,3.100390622487302,0.9816844923172571,-0.46299216411512667,4.499047768053091,0.08059412525253837,0.22603674962902467,-0.2661912057084077,0.22456812853324767,-0.24020248602890232,1.6637925533127833,-0.10933303038182218,0.1637925533127833,0,0,FOLLOWING,1.6637925533127833,0.4425676942024898,0
11.104000000000001,3.1068531112238533,0.9784340491308242,-0.47067246266079843,4.499356273728814,0.06627328044431323,0.22751906519928994,-0.26595071443655205,0.22605653034097495,-0.24001051016972177,1.664662826375685,-0.10924544781038024,0.16466282637568508,0,0,FOLLOWING,1.664662826375685,0.4430274179325585,0
11.136000000000001,3.1133326831034087,0.9751125308809963,-0.47834600804718463,4.499604581225064,0.05194711514669168,0.22899370203893224,-0.2656893990061333,0.22753812669081652,-0.2397994708241012,1.6655281925952827,-0.10914910600522075,0.16552819259528273,0,0,FOLLOWING,1.6655281925952827,0.4434599362779328,0
11.168000000000001,3.119828430159555,0.9717196422270165,-0.48601219885090774,4.499792685558219,0.03761677947945193,0.230459801696162,-0.26540753552313284,0.229012045403949,-0.23956963672539458,1.6663881613751297,-0.10904411305894113,0.16638816137512968,0,0,FOLLOWING,1.6663881613751297,0.4438651602096593,0
11.200000000000001,3.126339420446995,0.9682551171392801,-0.4936704422394257,4.4999205829529565,0.023283423897171734,0.2319165137824318,-0.2651054063228493,0.2304774232222389,-0.23932127634293562,1.667242247251456,-0.10893057954060503,0.1672422472514561,0,0,FOLLOWING,1.667242247251456,0.44424300652478865,0
11.232000000000001,3.1328646989591293,0.9647187193886493,-0.5013201540033329,4.499988270842327,0.008948199096872956,0.23336299638147182,-0.26478330008252166,0.23193340598288445,-0.23905465915554885,1.6680899700728036,-0.10880861855001811,0.16808997007280357,0,0,FOLLOWING,1.6680899700728036,0.4445933978215749,0
11.264,3.139403288562557,0.9611102430212999,-0.5089607586201861,4.499995747867812,-0.00538774407436042,0.2347984164600469,-0.26444151186452086,0.23337914884068456,-0.238770056636711,1.6689308551819293,-0.10867834574325375,0.1689308551819293,0,0,FOLLOWING,1.6689308551819293,0.44491626247647625,0
11.296,3.1459541909474487,0.9574295128145882,-0.5165916893423941,4.499943013879344,-0.019723254711772123,0.23622195027666648,-0.26408034310284895,0.23481381652621144,-0.2384677430065203,1.6697644335980224,-0.10853987933473752,0.1697644335980224,0,0,FOLLOWING,1.6697644335980224,0.44521153462292545,0
11.328,3.1525163875926263,0.9536763847102739,-0.5242123883031427,4.499830069935314,-0.03405718194533158,0.23763278378514915,-0.2637001015433026,0.2362365836298004,-0.2381479957953349,1.670590242197654,-0.10839334008020883,0.17059024219765395,0,0,FOLLOWING,1.670590242197654,0.44547915413186445,0
11.36,3.159088840744069,0.949850746222144,-0.5318223066354767,4.499656918302547,-0.04838837503212558,0.23903011303048402,-0.26330110114575955,0.237646634903187,-0.2378110962549606,1.671407823893178,-0.10823885124408306,0.171407823893178,0,0,FOLLOWING,1.671407823893178,0.4457190665940131,0
11.392,3.165670494405496,0.9459525168156644,-0.5394209046005985,4.49942356245626,-0.06271568344873965,0.24041314453492038,-0.2628836619554908,0.23904316557204738,-0.23745732964660551,1.6722167278075708,-0.10807653855408017,0.1722167278075708,0,0,FOLLOWING,1.6722167278075708,0.4459312233038585,0
11.424,3.1722602753396094,0.9419816482577648,-0.5470076517221927,4.499130007079993,-0.07703795698362553,0.24178109567255887,-0.2624481099491803,0.24042538165392774,-0.23708698542923842,1.6730165094448755,-0.10790653014547824,0.17301650944487545,0,0,FOLLOWING,1.6730165094448755,0.44611558124535183,0
11.456,3.178857094078552,0.9379381249352725,-0.5545820269241937,4.498776258065506,-0.09135404582944061,0.24313319503108563,-0.26199477686031303,0.24179250027703825,-0.23670035736716163,1.6738067308556133,-0.1077289564969186,0.17380673085561327,0,0,FOLLOWING,1.6738067308556133,0.44627210307930104,0
11.488,3.185459845942083,0.9338219641408414,-0.5621435186699149,4.498362322512674,-0.10566280067535563,0.2444686827595427,-0.26152399998773235,0.243143749996256,-0.23629774357256633,1.6745869607966541,-0.1075439503593385,0.17458696079665414,0,0,FOLLOWING,1.6745869607966541,0.4464007571324411,0
11.52,3.192067412061988,0.9296332163255128,-0.5696916251008496,4.497888208729334,-0.11996307279932275,0.2457868109012581,-0.26103612199058746,0.2444783711033263,-0.23587944649526216,1.675356774885149,-0.10735164667934949,0.175356774885149,0,0,FOLLOWING,1.675356774885149,0.4465015173881779,0
11.552,3.1986786604112045,0.9253719653172834,-0.5772258541737848,4.497353926231124,-0.13425371416029527,0.24708684371126446,-0.2605314906722727,0.24579561592892996,-0.23544577286992424,1.6761157557462312,-0.10715218251813485,0.17611575574623117,0,0,FOLLOWING,1.6761157557462312,0.44657436347899143,0
11.584,3.2052924468361743,0.9210383285052621,-0.5847457237951297,4.49675948574129,-0.1485335774903965,0.2483680579577019,-0.2600104587555688,0.24709474913462337,-0.23499703362909666,1.6768634931542676,-0.1069456969667677,0.17686349315426764,0,0,FOLLOWING,1.6768634931542676,0.44661928068049855,0
11.616,3.211907616090915,0.9166324569891762,-0.5922507619515778,4.496104899190469,-0.16280151638701945,0.24962974320684397,-0.25947338365081124,0.24837504799318988,-0.23453354378854321,1.6775995841675084,-0.10673233105869229,0.17759958416750843,0,0,FOLLOWING,1.6775995841675084,0.44663625990715927,0
11.648,3.2185230028713527,0.9121545356941367,-0.5997405068363896,4.495390179716454,-0.17705638540486401,0.2508712020915,-0.2589206272186617,0.24963580265618007,-0.23405562231044386,1.6783236332560274,-0.1065122276800088,0.1783236332560274,0,0,FOLLOWING,1.6783236332560274,0.4466252977096324,0
11.68,3.2251374328484523,0.9076047834507117,-0.6072145069707392,4.494615341663926,-0.1912970401478938,0.2520917505626721,-0.25835255552876923,0.2508763164077742,-0.23356359194910292,1.6790352524229053,-0.10628553147807719,0.1790352524229053,0,0,FOLLOWING,1.6790352524229053,0.446586396273771,0
11.712,3.231749723698725,0.9029834530404652,-0.6146723213196653,4.4937804005841695,-0.20552233736120962,0.253290718124424,-0.25776953861546215,0.2520959059042536,-0.23305777908232542,1.6797340613186287,-0.10605238876890177,0.17973406131862868,0,0,FOLLOWING,1.6797340613186287,0.44651956342126264,0
11.744,3.238358686130722,0.8982908312072293,-0.6221135194022815,4.492885373234757,-0.21973113502283026,0.25446744805200383,-0.2571719502314178,0.25329390139862695,-0.23253851353199778,1.6804196873487154,-0.10581294744366931,0.18041968734871539,0,0,FOLLOWING,1.6804196873487154,0.44642481261190814,0
11.776,3.2449631249061546,0.8935272386344641,-0.6295376813959686,4.4919302775792165,-0.2339222924353783,0.2556212975933382,-0.25656016760015454,0.2544696469500965,-0.23200612837607543,1.6810917657746025,-0.10556735687477803,0.1810917657746025,0,0,FOLLOWING,1.6810917657746025,0.44630216294754943,0
11.808,3.251561839854331,0.8886930298891392,-0.6369443982343367,4.490915132786666,-0.24809467031765198,0.2567516381540561,-0.2559345711680619,0.25562250061819425,-0.23146095975379163,1.6817499398078384,-0.10531576782163811,0.18174993980783838,0,0,FOLLOWING,1.6817499398078384,0.44615163917764034,0
11.84,3.258153626878627,0.8837885933326468,-0.6443332716987982,4.489839959231436,-0.26224713089609103,0.2578578554663022,-0.2552955443566241,0.2567518346415247,-0.23090334666608214,1.6823938606976676,-0.10505833233650064,0.1823938606976676,0,0,FOLLOWING,1.6823938606976676,0.44597327170647455,0
11.872,3.2647372789537665,0.8788143509993167,-0.6517039145036494,4.488704778492652,-0.27637853799611745,0.258939349741575,-0.25464347331538356,0.2578570356011512,-0.2303336307726191,1.683023187812066,-0.10479520367052542,0.18302318781206606,0,0,FOLLOWING,1.683023187812066,0.4457670966020734,0
11.904,3.27131158711273,0.8737707584431628,-0.659055950374571,4.487509613353808,-0.29048775713334896,0.25999553580794765,-0.25397874667615583,0.25893750456877207,-0.22975215618624276,1.6836375887123443,-0.10452653618028818,0.18363758871234426,0,0,FOLLOWING,1.6836375887123443,0.4455331556067415,0
11.936,3.2778753414221584,0.868658304553541,-0.6663890141205141,4.486254487802306,-0.30457365560467564,0.2610258432319791,-0.25330175530896476,0.2599926572398713,-0.22915926926618688,1.6842367392213913,-0.10425248523490471,0.18423673922139128,0,0,FOLLOWING,1.6842367392213913,0.44527149614930195,0
11.968,3.2844273319451625,0.8634775113404475,-0.6737027516989528,4.484939427028975,-0.31863510257919775,0.26202971642575457,-0.25261289208006965,0.26102192405206776,-0.22855531841079554,1.6848203234857004,-0.103973207123916,0.18482032348570043,0,0,FOLLOWING,1.6848203234857004,0.4449821713590235,0
12.0,3.2909663496905215,0.8582289336902206,-0.6809968202745005,4.483564457427568,-0.3326709691890053,0.26300661473940795,-0.2519125516124984,0.26202475028905514,-0.22794065385011572,1.6853880340312537,-0.10368885896609037,0.1853880340312537,0,0,FOLLOWING,1.6853880340312537,0.4446652400812483,0
12.032,3.2974911875472825,0.8529131590924542,-0.6882708882709225,4.482129606594228,-0.3466801286198081,0.2639560125395944,-0.2512011300494101,0.2630005961703642,-0.22731562743955314,1.685939571813403,-0.10339959861926762,0.18593957181340293,0,0,FOLLOWING,1.685939571813403,0.4443207668947395,0
12.064,3.3040006412038383,0.8475308073389561,-0.6955246354165808,4.480634903326937,-0.36066145620139667,0.2648773992743782,-0.2504790248205818,0.2639489369274325,-0.22668059245458952,1.686474646260871,-0.10310558459135388,0.18647464626087107,0,0,FOLLOWING,1.686474646260871,0.4439488221307643,0
12.096,3.310493510050625,0.8420825301956161,-0.7027577527833656,4.479080377624937,-0.3746138294979318,0.2657702795249569,-0.2497466344123462,0.2648692628663462,-0.22603590338728666,1.686992975313968,-0.1028069759525939,0.18699297531396808,0,0,FOLLOWING,1.686992975313968,0.4435494818939287,0
12.128,3.316968598065613,0.8365690110480717,-0.7099699428191867,4.47746606068813,-0.3885361283980553,0.2666341730447575,-0.24900435814119654,0.26576107941767735,-0.22538191574493105,1.6874942854571728,-0.10250393224919874,0.18749428545717284,0,0,FOLLOWING,1.6874942854571728,0.443122828084783,0
12.16,3.3234247146818414,0.8309909645220825,-0.7171609193740918,4.475791984916446,-0.4024272352048126,0.26746861478635836,-0.24825259593135426,0.26662390717391427,-0.22471898585094854,1.6879783117461817,-0.10219661341844499,0.18797831174618174,0,0,FOLLOWING,1.6879783117461817,0.44266894842422094,0
12.192,3.329860675636288,0.8253491360795369,-0.7243304077201103,4.474058183909201,-0.4162860347253857,0.2682731549167692,-0.24749174809649552,0.26745728191493784,-0.2240474706488386,1.688444797829563,-0.10188517970531452,0.18844479782956292,0,0,FOLLOWING,1.688444797829563,0.44218793647969484,0
12.224,3.3362753037994297,0.8196443015910347,-0.7314781445649188,4.472264692464416,-0.4301114143606178,0.26904735882153685,-0.24672221512583864,0.2682607546219953,-0.22336772750900338,1.6888934959651174,-0.10156979158075519,0.1888934959651174,0,0,FOLLOWING,1.6888934959651174,0.441679891693266,0
12.256,3.3426674299848935,0.8138772668859987,-0.738603878059427,4.470411546578122,-0.4439022641943366,0.269790807098236,-0.24594439747481703,0.2690338914807234,-0.22268011403880403,1.6893241670310968,-0.10125060966164467,0.18932416703109678,0,0,FOLLOWING,1.6893241670310968,0.4411449194115227,0
12.288,3.3490358937386673,0.8080488672812715,-0.7457073677994013,4.468498783443635,-0.4576574770824591,0.27050309553979146,-0.24515869536050092,0.26977627387367586,-0.22198498789628485,1.6897365805323608,-0.10092779463252154,0.18973658053236075,0,0,FOLLOWING,1.6897365805323608,0.44058313091738727,0
12.32,3.3553795441073704,0.8021599670891709,-0.7527883848212455,4.466526441450813,-0.4713759487418743,0.2711838351082087,-0.24436550856191,0.27048749836283964,-0.2212827066074727,1.6901305146016319,-0.1006015071691364,0.19013051460163188,0,0,FOLLOWING,1.6901305146016319,0.43999464346384404,0
12.352,3.3616972403851606,0.7962114591059684,-0.7598467115920596,4.4644945601852815,-0.48505657783909495,0.27183265189916284,-0.2435652362254093,0.2711671766627025,-0.22057362738764663,1.6905057559959344,-0.10027190786389606,0.19050575599593444,0,0,FOLLOWING,1.6905057559959344,0.43937958030961405,0
12.384,3.367987852838889,0.7902042640817638,-0.7668821419941079,4.462403180427643,-0.4986982660786775,0.27244918709797983,-0.24275827667529293,0.2718149356042986,-0.21985810696661587,1.6908621000883501,-0.09993915715324275,0.19086210008835014,0,0,FOLLOWING,1.6908621000883501,0.43873807075681337,0
12.416,3.374250263411171,0.7841393301727239,-0.773894481303832,4.460252344152654,-0.5122999182913895,0.27303309692748234,-0.24194502722969222,0.27243041709079496,-0.21913650141818428,1.6911993508551926,-0.09960341524701899,0.19119935085519257,0,0,FOLLOWING,1.6911993508551926,0.4380702501906202,0
12.448,3.3804833664010867,0.778017632376651,-0.7808835461655471,4.4580420945283885,-0.5258604425221339,0.2735840525882136,-0.24112588402191626,0.27301327804501513,-0.21840916599406396,1.6915173208587282,-0.09926484205986043,0.1915173208587282,0,0,FOLLOWING,1.6915173208587282,0.43737626012099057,0
12.48,3.386686069122283,0.7718401719528402,-0.7878491645599627,4.455772475915366,-0.539378750117612,0.2741017401914825,-0.24030124182733678,0.2735631903495097,-0.21767645496208268,1.6918158312255338,-0.09892359714466248,0.1918158312255338,0,0,FOLLOWING,1.6918158312255338,0.4366562482264559,0
12.512,3.3928572925382765,0.7656079758271762,-0.7947911757676741,4.453443533865663,-0.5528537558137213,0.274585860685734,-0.23947149389589237,0.27407984077950454,-0.21693872144910073,1.6920947116206193,-0.09857983962814598,0.1920947116206193,0,0,FOLLOWING,1.6920947116206193,0.43591036840003955,0
12.544,3.3989959718748235,0.7593220959834137,-0.8017094303277792,4.451055315122001,-0.5662843778226812,0.27503612977667574,-0.23863703179027804,0.2745629309293188,-0.21619631728855498,1.6923538002174103,-0.09823372814855325,0.19235380021741033,0,0,FOLLOWING,1.6923538002174103,0.43513878079732576,0
12.576,3.4051010572092495,0.7529836088415685,-0.8086037899917627,4.448607867616804,-0.5796695379198826,0.27545227784161375,-0.23779824522993406,0.2750121771326066,-0.2154495928726921,1.692592943663699,-0.09788542079551499,0.19259294366369906,0,0,FOLLOWING,1.692592943663699,0.43434165188672996,0
12.608,3.4111715140366847,0.7465936146243392,-0.8154741276728146,4.446101240471241,-0.5930081615304451,0.2758340498384197,-0.2369555219408194,0.2754273103769208,-0.21469889700974967,1.692811997043664,-0.09753507505208757,0.19281199704366392,0,0,FOLLOWING,1.692811997043664,0.4335191545019954,0
12.64,3.41720632381318,0.7401532367124637,-0.8223203273907241,4.443535483994237,-0.6062991778154875,0.27618120520957423,-0.23610924751108306,0.27580807621299464,-0.21394457678585338,1.6930108238360748,-0.09718284773900265,0.19301082383607482,0,0,FOLLOWING,1.6930108238360748,0.4326714678969719,0
12.672,3.4232044844757334,0.7336636209898949,-0.8291422842125263,4.440910649681465,-0.6195415197580953,0.2764935177816402,-0.23525980525261958,0.2761542346591886,-0.21318697743208712,1.6931892958687587,-0.09682889496112757,0.19318929586875866,0,0,FOLLOWING,1.6931892958687587,0.4317987778027098,0
12.704,3.4291650109392746,0.7271259351796694,-0.8359399041890414,4.43822679021431,-0.632734124248982,0.27677077566060937,-0.23440757606855686,0.27646556010145046,-0.21242644219634302,1.6933472932694569,-0.09647337205615547,0.19334729326945688,0,0,FOLLOWING,1.6933472932694569,0.4309012764869145,0
12.736,3.435086935570709,0.7205413681713201,-0.8427131042874819,4.435483959458818,-0.6458759321718367,0.2770127811234404,-0.2335529383266924,0.27674184118923667,-0.21166331222026943,1.6934847044131418,-0.09611643354553356,0.1934847044131418,0,0,FOLLOWING,1.6934847044131418,0.42997916281580545,0
12.768,3.4409693086401387,0.7139111293406668,-0.849461812320278,4.432682212464604,-0.6589658884883499,0.2772193505061765,-0.232696267738884,0.2769828807277019,-0.21089792642122215,1.6936014258659111,-0.09575823308763498,0.19360142586591111,0,0,FOLLOWING,1.6936014258659111,0.4290326423184228,0
12.8,3.4468111987494274,0.707236447862801,-0.8561859668702964,4.42982160546376,-0.6720029423229166,0.2773903140889852,-0.23183793724637478,0.2771884955665386,-0.21013062137946764,1.6936973623255562,-0.09539892343316446,0.19369736232555623,0,0,FOLLOWING,1.6936973623255562,0.42806192725342906,0
12.832,3.4526116932382886,0.700518572019054,-0.8628855172125994,4.426902195869714,-0.6849860470469972,0.2775255159784047,-0.23097831691107906,0.2773585164858132,-0.2093617312301142,1.693772426558881,-0.0950386563828154,0.19377242655888094,0,0,FOLLOWING,1.693772426558881,0.4270672366784468,0
12.864,3.4583698985681206,0.6937587684987244,-0.8695604232329194,4.423924042276088,-0.6979141603631445,0.27762481398714434,-0.23011777381277407,0.2774927880791026,-0.2085915875604287,1.6938265393358904,-0.09467758274715454,0.19382653933589045,0,0,FOLLOWING,1.6938265393358904,0.42604879652198163,0
12.896,3.464084940683824,0.6869583216963128,-0.8762106553430014,4.420887204455514,-0.71078624438868,0.2776880795117091,-0.2292566719521932,0.2775911686342287,-0.20782051931202972,1.6938596293609327,-0.09431585230873661,0.1938596293609327,0,0,FOLLOWING,1.6938596293609327,0.42500683965797426,0
12.928,3.4697559653538774,0.6801185330049921,-0.8828361943929779,4.417791743358443,-0.7236012657390165,0.27771519740811584,-0.22839537215999586,0.2776535300118962,-0.20704885268809844,1.6938716332008872,-0.09395361378644118,0.19387163320088718,0,0,FOLLOWING,1.6938716332008872,0.423941605983029,0
12.96,3.4753821384889543,0.673240720107019,-0.8894370315809382,4.4146377211119106,-0.736358195610618,0.27770606586596025,-0.2275342320115498,0.2776797575225168,-0.20627691106565316,1.6938624952104957,-0.09359101480200804,0.1938624952104957,0,0,FOLLOWING,1.6938624952104957,0.4228533424963612,0
12.992,3.480962646439398,0.6663262162617671,-0.8960131683598467,4.4114252010183,-0.7490560098635966,0.27766059628108075,-0.22667360574750553,0.2776697498013897,-0.20550501491289852,1.6938321674549361,-0.09322820184876668,0.19383216745493614,0,0,FOLLOWING,1.6938321674549361,0.42174230338251223,0
13.024000000000001,3.4864966962718826,0.6593763695920432,-0.902564616341976,4.408154247554068,-0.7616936891039264,0.27757871312702653,-0.2258138442000793,0.2776234186826112,-0.20473348171129657,1.6937806096297243,-0.09286532026252582,0.19378060962972432,0,0,FOLLOWING,1.6937806096297243,0.4206087500968715,0
13.056000000000001,3.4919835160256167,0.6523925423693179,-0.9090913972009969,4.4048249263684465,-0.7742702187652855,0.2774603538255456,-0.2249552947250381,0.2775406890718227,-0.203962625882569,1.6937077889780445,-0.0925025141946283,0.19370778897804453,0,0,FOLLOWING,1.6937077889780445,0.4194529514540519,0
13.088000000000001,3.4974223549484456,0.6453761102984867,-0.9155935425718961,4.401437304282133,-0.7867845891905052,0.2773054686162917,-0.22409830113926513,0.27742149881805,-0.20319275872071754,1.6936136802056097,-0.09213992658711934,0.19361368020560965,0,0,FOLLOWING,1.6936136802056097,0.41827518371916367,0
13.120000000000001,3.5028124837132433,0.6383284618027456,-0.9220710939488638,4.3979914492859455,-0.7992357957126258,0.2771140204258922,-0.22324320366387568,0.2772657985848208,-0.2024241883285697,1.693498265393128,-0.09177769915002221,0.1934982653931281,0,0,FOLLOWING,1.693498265393128,0.41707573070201687,0
13.152000000000001,3.5081531946149838,0.6312509973091492,-0.9285241025812986,4.394487430539455,-0.8116228387355529,0.2768859847365802,-0.222390338872816,0.2770735517207529,-0.20165721955900642,1.6933615339064985,-0.09141597234069676,0.19336153390649846,0,0,FOLLOWING,1.6933615339064985,0.415854883854303,0
13.184000000000001,3.513443801748901,0.6241451285353902,-0.9349526293680905,4.390925318369601,-0.8239447238143074,0.27662134945449957,-0.22154003964683444,0.27684473412970945,-0.20089215396110705,1.6932034823048092,-0.09105488534523576,0.19320348230480922,0,0,FOLLOWING,1.6932034823048092,0.41461294236978563,0
13.216000000000001,3.518683641170154,0.6170122777783202,-0.9413567447503143,4.387305184269282,-0.8362004617348575,0.2763201147778333,-0.22069263513276907,0.27657933414075736,-0.20012928973049718,1.6930241142462519,-0.09069457606188501,0.19302411424625188,0,0,FOLLOWING,1.6930241142462519,0.4133502132875313,0
13.248000000000001,3.523872071035423,0.6098538772047054,-0.9477365286024777,4.383627100895914,-0.8483890685935365,0.27598229306486144,-0.21984845070808806,0.2762773523780233,-0.19936892166417525,1.692823440392041,-0.0903351810864561,0.19282344039204102,0,0,FOLLOWING,1.692823440392041,0.41206701159821696,0
13.280000000000001,3.529008471726872,0.6026713681446907,-0.9540920701224737,4.379891142069979,-0.8605095658760302,0.27560790870207735,-0.2190078079505318,0.27593880163047874,-0.19861134112003942,1.6926014783084544,-0.08997683569968118,0.19260147830845442,0,0,FOLLOWING,1.6926014783084544,0.41076366035353906,0
13.312000000000001,3.5340922459589184,0.595466200388421,-0.9604234677203567,4.376097382773539,-0.8725609805359341,0.27519699797240604,-0.2181710246128513,0.2755637067219938,-0.19785683598012013,1.6923582523670682,-0.08961967385650516,0.19235825236706816,0,0,FOLLOWING,1.6923582523670682,0.40944049077874384,0
13.344,3.539122818868263,0.5882398314862499,-0.9667308289060919,4.3722458991487345,-0.8845423450728692,0.2747496089236586,-0.21733841460248166,0.27515210438146454,-0.19710569061849137,1.6920937936433185,-0.08926382817725374,0.19209379364331847,0,0,FOLLOWING,1.6920937936433185,0.40809784238829977,0
13.376,3.5440996380876197,0.5809937260529378,-0.9730142701763941,4.368336768496253,-0.8964526976101548,0.274265801237252,-0.21651028796610572,0.27470404311332164,-0.1963581858728506,1.691808139813472,-0.08890942994066175,0.1918081398134719,0,0,FOLLOWING,1.691808139813472,0.40673606310472443,0
13.408,3.5490221738036074,0.5737293550762282,-0.97927391690079,4.364370069273777,-0.9082910819720317,0.27374564609727764,-0.21568695087897846,0.274219583068409,-0.19561459902019657,1.6915013350501236,-0.08855660907871356,0.19150133505012357,0,0,FOLLOWING,1.6915013350501236,0.40535550938057646,0
13.44,3.553889918799262,0.5664481952301645,-0.9855099032070203,4.360345881094416,-0.920056547760419,0.273189226059938,-0.21486870563894853,0.27369879591527874,-0.1948752037562606,1.6911734299163121,-0.08820549417326706,0.19117342991631214,0,0,FOLLOWING,1.6911734299163121,0.40395654632360184,0
13.472,3.5587023884816174,0.5591517281934905,-0.9917223718659053,4.3562642847251,-0.931748150431218,0.27259663492342623,-0.21405585066505575,0.2731417647119845,-0.19414027017871432,1.69082448125838,-0.08785621245441966,0.19082448125837992,0,0,FOLLOWING,1.69082448125838,0.40253954782504037,0
13.504,3.5634591208948274,0.5518414399734586,-0.9979114741757825,4.352125362084964,-0.9433649513701386,0.27196797759824387,-0.21324868050062823,0.27254858377843827,-0.19341006477379838,1.690454552097666,-0.08750888980058502,0.19045455209766593,0,0,FOLLOWING,1.690454552097666,0.4011048966910671,0
13.536,3.5681596767192687,0.5445188202353487,-1.0040773698466248,4.347929196243702,-0.9549060179680536,0.2713033699779995,-0.21244748582077636,0.27191935856933963,-0.19268485040637054,1.6900637115211556,-0.08716365074024046,0.19006371152115564,0,0,FOLLOWING,1.6900637115211556,0.39965298477735056,0
13.568,3.572803632729264,0.5371847699749619,-1.0102202390631698,4.343675871419901,-0.9663704236958708,0.27060204428546136,-0.21165216109812732,0.2712697690283706,-0.19196526687654994,1.6896515110514503,-0.08682044308025794,0.18965151105145028,0,0,FOLLOWING,1.6896515110514503,0.3981842131266904,0
13.6,3.577390575398758,0.5298397104963161,-1.0163402561858483,4.339365472979346,-0.9777572481789119,0.26986250680620977,-0.21086234496569242,0.27061271563692596,-0.19125113217960435,1.6892170773319057,-0.08647909876588722,0.18921707733190574,0,0,FOLLOWING,1.6892170773319057,0.39669899210968634,0
13.632,3.5819200934563376,0.5224840734216646,-1.0224375743180283,4.334998087433316,-0.9890655772708041,0.2690832829052133,-0.21007775163664505,0.2699480920572318,-0.19054178206307804,1.6887595481657283,-0.08613948188516551,0.18875954816572826,0,0,FOLLOWING,1.6887595481657283,0.3951977415683828,0
13.664,3.586391807622036,0.5151215276276809,-1.0285124099355718,4.330573802436838,-1.0002945031268686,0.26826784832045136,-0.20929987481029788,0.26918983690160503,-0.18983919718319822,1.6882809563797172,-0.08580226212275566,0.1882809563797172,0,0,FOLLOWING,1.6882809563797172,0.3936808909628203,0
13.696,3.5908053603735595,0.5077543202475223,-1.034564915333184,4.326092706786934,-1.0114431242770023,0.2674175384339813,-0.20852949839195292,0.26837578339242574,-0.18914137147696816,1.6877820822740912,-0.0854677863851816,0.1877820822740912,0,0,FOLLOWING,1.6877820822740912,0.3921488795203991,0
13.728,3.5951604444078145,0.500383982457946,-1.0405952837235406,4.321554890420835,-1.022510545698049,0.2665325861425052,-0.2077669338513497,0.2675256171760129,-0.18844958370692522,1.6872630604283474,-0.08513619026527741,0.1872630604283474,0,0,FOLLOWING,1.6872630604283474,0.3906021563879623,0
13.76,3.5994567862993105,0.49301200627647623,-1.0466037344255004,4.316960444414178,-1.0334958788856532,0.2656131672515004,-0.2070124377770904,0.26664070961568065,-0.18776464975777576,1.6867239913128567,-0.0848075857233086,0.18672399131285666,0,0,FOLLOWING,1.6867239913128567,0.38904118078647015,0
13.792,3.6036941357558003,0.4856398793202816,-1.0525904952198861,4.312309460979179,-1.0443982419255915,0.26465946242770766,-0.20626626072084916,0.2657213413877317,-0.1870868340691123,1.686164977576938,-0.08448208237728827,0.18616497757693806,0,0,FOLLOWING,1.686164977576938,0.38746642216813326,0
13.824,3.6078722640512866,0.47826908740335083,-1.0585558012651701,4.3076020334627785,-1.0552167595645696,0.26367166308253703,-0.20552864950101274,0.26476769573833525,-0.18641636719304142,1.6855861274499087,-0.08415978853849793,0.18558612744990866,0,0,FOLLOWING,1.6855861274499087,0.38587836037583717,0
13.856,3.6119909638092293,0.47090111419020936,-1.0644998948693478,4.3028382563447725,-1.0659505632804929,0.26264997170261534,-0.20479984750187916,0.2637799576576662,-0.18575347255246152,1.6849875548941604,-0.08384081133980525,0.1849875548941604,0,0,FOLLOWING,1.6849875548941604,0.384277485804683,0
13.888,3.616050048921908,0.4635374405746087,-1.0704230253477947,4.2980182252359125,-1.0765987913521897,0.26159460163790255,-0.20408009480146977,0.26275832350390504,-0.18509836912828553,1.6843693794410792,-0.08352525678552804,0.18436937944107923,0,0,FOLLOWING,1.6843693794410792,0.3826642995654347,0
13.92,3.6200493544681303,0.4561795440471262,-1.0763254488971452,4.29314203687599,-1.0871605889285927,0.2605057768565424,-0.2033696282682608,0.2617030014883862,-0.18445127195999142,1.6837317260075957,-0.08321322978766688,0.18373172600759569,0,0,FOLLOWING,1.6837317260075957,0.3810393136496373,0
13.952,3.623988736616479,0.44882889807691817,-1.0822074284764582,4.288209789131892,-1.0976351080973656,0.25938373171478896,-0.20266868164431717,0.26061421129097756,-0.18381239237348118,1.683074724721781,-0.08290483419641825,0.183074724721781,0,0,FOLLOWING,1.683074724721781,0.37940305109614814,0
13.984,3.6278680725143393,0.44148697150882427,-1.0880692336935163,4.283221580995638,-1.1080215079529772,0.2582287107436543,-0.20197748561985485,0.2594921836456484,-0.183181938141442,1.682398510758605,-0.08260017282710576,0.18239851075860503,0,0,FOLLOWING,1.682398510758605,0.37775604615878877,0
14.016,3.6316872601640533,0.43415522797482076,-1.0939111406950603,4.278177512582394,-1.1183189546642065,0.25704096844975277,-0.20129626790229616,0.2583371599712737,-0.1825601136063561,1.6817032241845304,-0.08229934748479838,0.18170322418453044,0,0,FOLLOWING,1.6817032241845304,0.3760988444747877,0
14.048,3.6354462182874716,0.42683512531882467,-1.0997334320601349,4.273077685128459,-1.1285266215410867,0.25582076912791024,-0.2006252532820351,0.25714939204606946,-0.18194711977767716,1.6809890098096727,-0.08200245898752301,0.1809890098096727,0,0,FOLLOWING,1.6809890098096727,0.3744320032336615,0
14.08,3.6391448861800044,0.4195281150340282,-1.1055363966959009,4.26792220098924,-1.1386436891012708,0.25456838668354076,-0.1999646636966147,0.25592914171784104,-0.18134315440902024,1.680256017046499,-0.08170960718877196,0.18025601704649907,0,0,FOLLOWING,1.680256017046499,0.3727560913461271,0
14.112,3.6427832235551048,0.4122356417121064,-1.1113203297354564,4.262711163637194,-1.1486693451358216,0.2532841044631905,-0.19931471829457603,0.2546766806431762,-0.18074841206084405,1.6795043997742767,-0.08142089099981842,0.17950439977427668,0,0,FOLLOWING,1.6795043997742767,0.37107168961261516,0
14.144,3.646361210380028,0.40495914250377346,-1.1170855324372875,4.257444677659748,-1.158602784774416,0.2519682150919395,-0.19867563349999107,0.2533922900499119,-0.18016308415137766,1.6787343162086406,-0.08113640841225966,0.17873431620864055,0,0,FOLLOWING,1.6787343162086406,0.36937939089089755,0
14.176,3.649878846703573,0.39770004659026303,-1.1228323120860753,4.252122848757208,-1.1684432105499625,0.250621020316649,-0.19804762307842488,0.2520762605184114,-0.17958735899913922,1.677945928775827,-0.08085625652108863,0.17794592877582693,0,0,FOLLOWING,1.677945928775827,0.36767980026230246,0
14.208,3.653336152476457,0.3904597746653926,-1.1285609818946436,4.246745783740627,-1.1781898324626197,0.2492428308541828,-0.1974308982049121,0.2507288917779497,-0.17902142185840061,1.6771394039911962,-0.08058053154853706,0.1771394039911962,0,0,FOLLOWING,1.6771394039911962,0.3659735351959406,0
14.24,3.6567331673648846,0.3832397384279378,-1.134271860906849,4.241313590529673,-1.1878418680432208,0.24783396624397308,-0.1968256675344525,0.24935049251523628,-0.17846545494872665,1.6763149123418069,-0.08030932886889741,0.17631491234180685,0,0,FOLLOWING,1.6763149123418069,0.36426122571031155,0
14.272,3.6600699505578316,0.3760413400840913,-1.1399652739012642,4.235826378150453,-1.1973985424160902,0.24639475470436786,-0.1962321372754162,0.2479413801927488,-0.17791963747984446,1.6754726281728394,-0.08004274303448655,0.17547262817283937,0,0,FOLLOWING,1.6754726281728394,0.36254351453161426,0
14.304,3.66334658056851,0.36886597185982434,-1.1456415512955074,4.230284256733329,-1.2068590883612513,0.24492553299235909,-0.19565051126620514,0.24650188087487374,-0.17738414567167135,1.6746127295777606,-0.07978086780289395,0.17461272957776064,0,0,FOLLOWING,1.6746127295777606,0.3608210572480083,0
14.336,3.6665631550304303,0.36171501552299656,-1.1513010290510945,4.224687337510711,-1.2162227463760198,0.24342664626634047,-0.1950809910554545,0.24503232906041206,-0.17685915277079137,1.673735398292143,-0.07952379616563388,0.17373539829214302,0,0,FOLLOWING,1.673735398292143,0.3590945224590347,0
14.368,3.6697197904884655,0.35458984191509163,-1.1569440485786608,4.219035732814818,-1.225488764735978,0.24189844795165039,-0.19452377598613516,0.24353306751997558,-0.17634482906189775,1.6728408195911153,-0.07927162037835457,0.1728408195911153,0,0,FOLLOWING,1.6728408195911153,0.3573645919193238,0
14.4,3.6728166221852767,0.34749181049246974,-1.1625709566434244,4.213329556075426,-1.2346563995553228,0.2403412996086867,-0.19397906328380257,0.24200444713739597,-0.17584134187547876,1.6719291821904332,-0.07902443199270781,0.17192918219043318,0,0,FOLLOWING,1.6719291821904332,0.355631960675652,0
14.432,3.6758538038434287,0.34042226887704835,-1.1681821052707404,4.207568921817593,-1.2437249148465863,0.23875557080347107,-0.19344704814931724,0.2404468267541697,-0.1753488555905149,1.6710006781512097,-0.07878232189001877,0.17100067815120967,0,0,FOLLOWING,1.6710006781512097,0.3538973371963502,0
14.464,3.6788315074435283,0.33338255241633125,-1.1737778516515902,4.201753945659362,-1.2526935825797219,0.23714163898053758,-0.1929279238563609,0.23886057301631763,-0.1748675316325663,1.6700555027883386,-0.07854538031689338,0.1700555027883386,0,0,FOLLOWING,1.6700555027883386,0.3521614434919803,0
14.496,3.6817499229986694,0.3263739837527227,-1.1793585580478099,4.195884744309433,-1.2615616827405518,0.23549988933809599,-0.19242188185414302,0.23724606022283679,-0.17439752846550063,1.6690938545826866,-0.0783136969229341,0.16909385458268655,0,0,FOLLOWING,1.6690938545826866,0.35042501522612746,0
14.528,3.684609258325479,0.3193978724020632,-1.1849245916968865,4.189961435564829,-1.270328503388569,0.23383071470543082,-0.19192911187562878,0.23560367017552297,-0.17393900157815798,1.668115935097129,-0.07808736080070487,0.16811593509712908,0,0,FOLLOWING,1.668115935097129,0.3486888018150672,0
14.56,3.6874097388120135,0.31245551434134283,-1.1904763247160666,4.183984138308525,-1.2789933407140932,0.23213451542254804,-0.191449802051838,0.23393379202928422,-0.17349210346270072,1.6671219488965345,-0.07786646052818269,0.16712194889653453,0,0,FOLLOWING,1.6671219488965345,0.34695356651500214,0
14.592,3.6901516071827696,0.30554819160554414,-1.1960141340055508,4.17795297250707,-1.2875554990947742,0.2304116992220906,-0.19098413903263595,0.23223682214289051,-0.17305698358614902,1.6661121034718005,-0.07765108421387534,0.1661121034718005,0,0,FOLLOWING,1.6661121034718005,0.3452200864954603,0
14.624,3.6928351232610472,0.29867717189358084,-1.2015384011504746,4.171868059208169,-1.2960142911514363,0.22866268111356966,-0.19053230811467892,0.2305131639295081,-0.17263378835241697,1.6650866091680565,-0.07744131954489242,0.1650866091680565,0,0,FOLLOWING,1.6650866091680565,0.34348915289737225,0
14.656,3.69546056372888,0.2918437081833048,-1.2070495123213538,4.165729520538262,-1.3043690378032624,0.2268878832700157,-0.19009449337713324,0.228763227706657,-0.17222266105429712,1.6640456791171814,-0.07723725383823134,0.16404567911718138,0,0,FOLLOWING,1.6640456791171814,0.34176157087425646,0
14.688,3.698028221884765,0.28504903835555795,-1.212547858172626,4.159537479700072,-1.312619068322311,0.2250877349171263,-0.18967087782596467,0.2269874305452923,-0.17182374181408602,1.6629895291747574,-0.07703897409562523,0.1629895291747574,0,0,FOLLOWING,1.6629895291747574,0.3400381596148455,0
14.72,3.700538407399386,0.2782943848272615,-1.2180338337388688,4.1532920609701245,-1.3207637203873626,0.22326267222506335,-0.18926164354769526,0.22518619611741925,-0.1714371675108144,1.6619183778616313,-0.07684656706233395,0.16191837786163132,0,0,FOLLOWING,1.6619183778616313,0.3383197523454142,0
14.752,3.7029914460695283,0.271580954193538,-1.2235078383282103,4.146993389696265,-1.328802340137093,0.22141313820306097,-0.18886697187361168,0.2233599545419439,-0.17106307169266258,1.6608324463102477,-0.07666011929030113,0.16083244631024773,0,0,FOLLOWING,1.6608324463102477,0.3366071963099573,0
14.784,3.705387679570372,0.26490993687888,-1.228970275412389,4.14064159229513,-1.3367342822225639,0.21953958259702197,-0.1884870435556484,0.2215091422281506,-0.17070158447217787,1.65973195821593,-0.07647971720620217,0.15973195821593,0,0,FOLLOWING,1.65973195821593,0.33490135272630933,0
14.816,3.707727465206341,0.25828250679738723,-1.234421552512844,4.134236796249624,-1.344558909859034,0.21764246179033772,-0.18812203895522453,0.2196342017163993,-0.17035283240217552,1.6586171397933134,-0.07630544718493028,0.15861713979331338,0,0,FOLLOWING,1.6586171397933134,0.3332030967161725,0
14.848,3.7100111756606764,0.2516998210221165,-1.2398620810821033,4.127779130106351,-1.352275594877079,0.2157222387081834,-0.18777213824668426,0.21773558151525574,-0.17001693832892661,1.6574882197381438,-0.07613739562922661,0.15748821973814375,0,0,FOLLOWING,1.6574882197381438,0.33151331720698274,0
14.88,3.712239198743893,0.24516301946360278,-1.2452922763796708,4.121268723473033,-1.3598837177730252,0.21377938272558697,-0.1874375216370739,0.21581373593456257,-0.16969402122015173,1.6563454291946746,-0.0759756490561958,0.15634542919467465,0,0,FOLLOWING,1.6563454291946746,0.329832916803423,0
14.912,3.7144119371412807,0.23867322455763784,-1.2507125573414577,4.114705707015921,-1.3673826677586787,0.21181436957961913,-0.18711836960433173,0.21386912491345156,-0.1693841959632733,1.6551890017289297,-0.07582029419159686,0.1551890017289297,0,0,FOLLOWING,1.6551890017289297,0.32816281162634187,0
14.944,3.7165298081595837,0.23223154096241613,-1.256123346441682,4.108090212457158,-1.3747718428103644,0.20982768128608997,-0.1868148631563573,0.21190221384256255,-0.16908757313018402,1.6540191733081107,-0.07567141807296074,0.15401917330811066,0,0,FOLLOWING,1.6540191733081107,0.3265039311167682,0
14.976,3.7185932434730162,0.22583905526519296,-1.261525069545999,4.101422372572143,-1.3820506497172547,0.2078198060612099,-0.18652718411365726,0.20991347337925156,-0.16880425870297475,1.6528361822864777,-0.07552910816269076,0.15283618228647766,0,0,FOLLOWING,1.6528361822864777,0.32485721780264076,0
15.008000000000001,3.7206026888687296,0.21949683569863535,-1.266918155754425,4.094702321186869,-1.3892185041289948,0.2057912382487351,-0.18625551541882246,0.2079033792546874,-0.1685343537551727,1.6516402693980596,-0.07539345247253415,0.15164026939805964,0,0,FOLLOWING,1.6516402693980596,0.32322362702582746,0
15.040000000000001,3.722558603991884,0.21320593186709563,-1.272303037232386,4.087930193175227,-1.3962748306026134,0.20374247825317754,-0.18600004147664262,0.2058724120712132,-0.16827795408063745,1.6504316777565915,-0.07526453970105162,0.1504316777565915,0,0,FOLLOWING,1.6504316777565915,0.3216041266269809,0
15.072000000000001,3.7244614620904293,0.20696737448308614,-1.277680149028006,4.0811061244563085,-1.4032190626487213,0.20167403247978985,-0.18576094852906896,0.20382105708844916,-0.16803514976336395,1.6492106528631496,-0.07514245938588404,0.1492106528631496,0,0,FOLLOWING,1.6492106528631496,0.31999969658572686,0
15.104000000000001,3.7263117497597316,0.2007821751143032,-1.2830499288733679,4.074230251991674,-1.4100506427769885,0.19958641328209212,-0.18553842507023185,0.20174980399592135,-0.16780602467684827,1.6479774426219909,-0.07502730207303765,0.14797744262199086,0,0,FOLLOWING,1.6479774426219909,0.3184113286136913,0
15.136000000000001,3.728109966687162,0.19465132594161721,-1.2884128169672031,4.067302713782601,-1.4167690225409013,0.19748013891786811,-0.18533266230732923,0.19965914667007784,-0.1675906559035827,1.6467322973652005,-0.07491915950567218,0.14673229736520055,0,0,FOLLOWING,1.6467322973652005,0.31684002569787056,0
15.168000000000001,3.729856625396767,0.18857579952854522,-1.2937692557359521,4.060323648867323,-1.423373662581791,0.19535573351469177,-0.18514385467436462,0.19754958291253402,-0.1673891130592443,1.6454754698868324,-0.07481812483537141,0.14547546988683235,0,0,FOLLOWING,1.6454754698868324,0.3152868015918663,0
15.200000000000001,3.7315522509941412,0.18255654860281825,-1.2991196895697108,4.053293197318228,-1.429864032672135,0.19321372704620196,-0.1849722004067996,0.19542161416659362,-0.16720145750776802,1.644207215487323,-0.07472429285933524,0.14420721548732307,0,0,FOLLOWING,1.644207215487323,0.3137526802525712,0
15.232000000000001,3.73319738091162,0.17659450585079692,-1.304464564528893,4.046211500239056,-1.4362396117581238,0.19105465532059238,-0.18481790218666586,0.1932757452076146,-0.16702774144628807,1.642927792029119,-0.07463776028757119,0.14292779202911898,0,0,FOLLOWING,1.642927792029119,0.31223869521993197,0
15.264000000000001,3.7347925646539273,0.17069058372562865,-1.3098043280167864,4.039078699762062,-1.4424998880014912,0.18887905998295496,-0.18468116786936087,0.19111248380285217,-0.1668680068393166,1.641637460004557,-0.07455862604486785,0.1416374600045569,0,0,FOLLOWING,1.641637460004557,0.31074588893754107,0
15.296000000000001,3.7363383635443963,0.16484567427023825,-1.3151394284122504,4.031894939045165,-1.4486443588206075,0.18668748853349876,-0.1845622113053647,0.1889323403346322,-0.16672228417310406,1.6403364826172828,-0.07448699161320627,0.14033648261728282,0,0,FOLLOWING,1.6403364826172828,0.3092753120119081,0
15.328000000000001,3.7378353504719155,0.15906064895645247,-1.3204703146558123,4.024660362269074,-1.4546725309308235,0.18448049436392083,-0.1844612532725799,0.18673582738031383,-0.1665905909993975,1.6390251258786548,-0.0744229614212999,0.1390251258786548,0,0,FOLLOWING,1.6390251258786548,0.30782802240842405,0
15.36,3.739284109638743,0.1533363585418366,-1.3257974357811277,4.0173751146343974,-1.4605839203840754,0.18225863681470994,-0.18437852253791956,0.18452345924044666,-0.1664729302280005,1.637703658720889,-0.0743666432892125,0.13770365872088908,0,0,FOLLOWING,1.637703658720889,0.30640508458221327,0
15.392,3.7406852363093557,0.14767363294613975,-1.331121240382253,4.010039342358724,-1.466378052607734,0.18002248125662085,-0.18431425707036794,0.18229575140514323,-0.16636928812096735,1.6363723531290042,-0.07431814893753219,0.1363723531290042,0,0,FOLLOWING,1.6363723531290042,0.30500756854228694,0
15.424,3.742039336560524,0.14207328114964213,-1.3364421760053444,4.002653192673693,-1.4720544624427057,0.17777259920019695,-0.18426870543204024,0.18005321994639398,-0.16627963193078518,1.635031484294018,-0.07427759457241367,0.1350314842940179,0,0,FOLLOWING,1.635031484294018,0.30363654884766444,0
15.456,3.7433470270328186,0.13653609111617515,-1.3417606884511175,3.9952168138220334,-1.4776126941807757,0.17550956843796658,-0.18424212837906243,0.1777963808213763,-0.16620390711177616,1.6336813307903306,-0.07424510156006314,0.13368133079033062,0,0,FOLLOWING,1.6336813307903306,0.3022931035344176,0
15.488,3.7446089346837916,0.1310628297441741,-1.3470772209716597,3.9877303550545933,-1.4830523016011925,0.17323397322486872,-0.18423480071057463,0.17552574906845744,-0.16614203401850083,1.63232217478082,-0.07422079720699437,0.1323221747808201,0,0,FOLLOWING,1.63232217478082,0.3009783129729265,0
15.52,3.7458256953862157,0.1256540008147979,-1.352393442238197,3.9801939666273447,-1.4883728480064904,0.17094600720695688,-0.1842440764018258,0.17324921919929084,-0.16613230723731381,1.6309540628970927,-0.0742035647421504,0.13095406289709266,0,0,FOLLOWING,1.6309540628970927,0.29969325865498897,0
15.552,3.746997947500262,0.12031029112779243,-1.357709894982439,3.9726077997983644,-1.4935739062575486,0.16864620769046845,-0.1842699994958226,0.17096103428488116,-0.16613954096575825,1.6295772482530853,-0.07419343260047628,0.12957724825308525,0,0,FOLLOWING,1.6295772482530853,0.29843902191085214,0
15.584,3.748126337238063,0.1150323875874258,-1.3630270587501,3.9649720068248,-1.4986550588078829,0.1663351543567285,-0.18431277264853457,0.16866105645643475,-0.16616176060595655,1.6281920092766493,-0.07419049685895995,0.1281920092766493,0,0,FOLLOWING,1.6281920092766493,0.29721668255666195,0
15.616,3.749211520088636,0.10982095536955461,-1.368345418848372,3.957286740959815,-1.5036158977371652,0.16401343311036568,-0.18437259303625647,0.16634981820451186,-0.1661991462032508,1.6267986281354878,-0.07419485121667546,0.1267986281354878,0,0,FOLLOWING,1.6267986281354878,0.2960273174733104,0
15.648,3.750254160764591,0.10467663621232146,-1.3736654662550396,3.949552156449512,-1.5084560247839733,0.16168163345348865,-0.1844496525562072,0.16402790253120317,-0.16625187496493948,1.6253973892734705,-0.07420658704694216,0.12539738927347055,0,0,FOLLOWING,1.6253973892734705,0.2948719991181866,0
15.68,3.7512549329129774,0.09960004808565656,-1.3789876974702617,3.9417684085298355,-1.5131750513777638,0.15934034819450257,-0.18454413807409747,0.16169590014052274,-0.16632011946656755,1.6239885793443438,-0.07422579349122538,0.12398857934434382,0,0,FOLLOWING,1.6239885793443438,0.2937517939718822,0
15.712,3.752214518802912,0.09459178500097395,-1.3843126143731825,3.9339356534234584,-1.5177725986700654,0.15699017338735177,-0.18465623164812728,0.1593544051706696,-0.16640404780284054,1.6225724872863674,-0.07425255754519466,0.12257248728636738,0,0,FOLLOWING,1.6225724872863674,0.29266776092247965,0
15.744,3.753133609014835,0.08965241683763465,-1.3896407240835802,3.9260540483366464,-1.5222482975648952,0.1546317082913393,-0.18478611074265816,0.15700401478598736,-0.16650382374504435,1.6211494044123862,-0.0742869641406221,0.1211494044123862,0,0,FOLLOWING,1.6211494044123862,0.29162094959067203,0
15.776,3.75401290213321,0.08478248917385758,-1.3949725388287866,3.9181237514561014,-1.5266017887483883,0.15226555533118433,-0.18493394843143704,0.15464532914544757,-0.16661960690571206,1.6197196245031047,-0.07432909622288442,0.1197196245031047,0,0,FOLLOWING,1.6197196245031047,0.290612398599581,0
15.808,3.754853157185922,0.07998252216019792,-1.4003083874980136,3.9101449219457876,-1.530832722717645,0.14989230991330113,-0.18510043312052718,0.1522792596490399,-0.16674566777900668,1.618283437885063,-0.0743792555265379,0.11828343788506301,0,0,FOLLOWING,1.618283437885063,0.28964313379379203,0
15.84,3.7556550313895825,0.07525301356560135,-1.4056490138300364,3.902117719943738,-1.5349407598087892,0.14751259295378458,-0.18528512640569,0.14990575807426101,-0.16689497080283516,1.6168411508098652,-0.07443726500057712,0.11684115080986524,0,0,FOLLOWING,1.6168411508098652,0.2887141664127793,0
15.872,3.7564192451344867,0.07059443533435104,-1.4109949386883878,3.8940423065588363,-1.5389255702242373,0.14512701647012713,-0.18548820271270355,0.14752577141718037,-0.16706055096148423,1.6153930652720805,-0.07450320774529917,0.11539306527208049,0,0,FOLLOWING,1.6153930652720805,0.2878264912245557,0
15.904,3.75714652676552,0.06600723410458353,-1.4163466885071179,3.8859188438675893,-1.5427868340591733,0.14273619472237747,-0.18570983218668075,0.14513992827371153,-0.16724258229930328,1.6139394856718534,-0.07457716488169841,0.11393948567185341,0,0,FOLLOWING,1.6139394856718534,0.28698108462602157,0
15.936,3.7578376110149327,0.06149183139558859,-1.4217047952013637,3.8777474949108695,-1.5465242413272322,0.14034074493946339,-0.18595017898890362,0.14274884332943072,-0.16744123610212444,1.6124807193857733,-0.07465921482532933,0.11248071938577331,0,0,FOLLOWING,1.6124807193857733,0.2861789027171422,0
15.968,3.7584932386833168,0.057048623499348576,-1.4270697958765466,3.869528423690645,-1.550137491985386,0.13794128734305555,-0.18620940183587825,0.14035313288655762,-0.1676566745692493,1.6110170769164809,-0.0747494335070138,0.11101707691648088,0,0,FOLLOWING,1.6110170769164809,0.28542087935668475,0
16.0,3.7591141563640273,0.052677981332935046,-1.4324422325766137,3.8612617951666874,-1.5536262959580318,0.1355384450975018,-0.1864876545011089,0.13795341631256003,-0.16788905203245225,1.6095488719999196,-0.07484789457722285,0.10954887199991958,0,0,FOLLOWING,1.6095488719999196,0.2847079242078272,0
16.032,3.759701116163826,0.04838025029024954,-1.4378226520655657,3.8529477752532593,-1.5569903731602783,0.13313284425663735,-0.18678508622872786,0.13555031608751061,-0.1681385159961214,1.6080764217129973,-0.07495466957311736,0.10807642171299725,0,0,FOLLOWING,1.6080764217129973,0.28404092078249105,0
16.064,3.7602548754182212,0.04415575009715843,-1.443211605636016,3.844586530815788,-1.5602294535204315,0.1307251137142346,-0.18710184207169236,0.1331444577246793,-0.16840520798205005,1.6066000465856924,-0.07506982805369145,0.10660004658569244,0,0,FOLLOWING,1.6066000465856924,0.28342072449372663,0
16.096,3.7607761964018978,0.04000477467021245,-1.4486096489396374,3.8361782296675124,-1.5633432770016775,0.12831588515828668,-0.1874380631669851,0.13073646969022287,-0.16868926421340927,1.6051200707176503,-0.07519343770830567,0.10512007071765028,0,0,FOLLOWING,1.6051200707176503,0.28284816072590485,0
16.128,3.7612658460345827,0.035927591978777366,-1.4540173418352802,3.827723040566118,-1.5663315936229578,0.12590579302873503,-0.18779388695802832,0.12832698333244252,-0.16899081616711958,1.6036368218989416,-0.07532556444293005,0.10363682189894163,0,0,FOLLOWING,1.6036368218989416,0.2823240229328054,0
16.16,3.761724595582591,0.0319244439103987,-1.459435248251326,3.8192211332103474,-1.5691941634790372,0.12349547447831526,-0.18816944737248043,0.12591663281993534,-0.16930999101856364,1.60215063173469,-0.07546627244757564,0.10215063173469008,0,0,FOLLOWING,1.60215063173469,0.2818490707739526,0
16.192,3.7621532203561867,0.027995546139251364,-1.4648639360594309,3.810672678236598,-1.5719307567597653,0.12108556933625438,-0.18856487496210947,0.1235060550871746,-0.16964691199767862,1.600661835773292,-0.07561562424774815,0.10066183577329202,0,0,FOLLOWING,1.600661835773292,0.2814240282997262,0
16.224,3.76255249940283,0.024141087997550572,-1.470303976957325,3.8020778472154926,-1.574541153768525,0.11867672007461856,-0.18898029701008454,0.12109588978634807,-0.17000169867194562,1.5991707736379868,-0.07577368074220292,0.09917077363798676,0,0,FOLLOWING,1.5991707736379868,0.2810495821958329,0
16.256,3.7629232151962912,0.020361232349822445,-1.475755946358733,3.7934368126484403,-1.5770251449398693,0.11626957177716914,-0.18941583760999056,0.11868677924448659,-0.17037446716881208,1.597677789161556,-0.07594050122882856,0.0976777891615559,0,0,FOLLOWING,1.597677789161556,0.28072638009769507,0
16.288,3.763266153321582,0.016656115469952243,-1.4812204232887827,3.78474974796417,-1.5793825308563474,0.11386477211061853,-0.18987161772012565,0.11627936842516033,-0.17076533034739402,1.5961832305239438,-0.07611614342018026,0.09618323052394384,0,0,FOLLOWING,1.5961832305239438,0.2804550289851676,0
16.32,3.763582102155605,0.01302584692094367,-1.4866979902835589,3.776016827515253,-1.5816131222645118,0.11146297129819933,-0.19034775519583894,0.11387430489419058,-0.17117439792786307,1.5946874503925907,-0.07630066344983799,0.09468745039259074,0,0,FOLLOWING,1.5946874503925907,0.28023609366772323,0
16.352,3.763871852543374,0.009470509437338435,-1.4921892332926363,3.7672382265746034,-1.5837167400901133,0.10906482209550875,-0.19084436480224615,0.1114722387889141,-0.17160177658467524,1.5931908060652888,-0.07649411587059474,0.09319080606528884,0,0,FOLLOWING,1.5931908060652888,0.2800700953698861,0
16.384,3.7641361974696483,0.005990158810257465,-1.4976947415836228,3.758414121331959,-1.5856932154524772,0.10667097976858292,-0.19136155820911901,0.1090738227907066,-0.1720475700092942,1.591693659615358,-0.07669655364524375,0.09169365961535791,0,0,FOLLOWING,1.591693659615358,0.2799575104261951,0
16.416,3.764375931725781,0.0025848237750379453,-1.503215107647856,3.749544688890345,-1.5875423896780603,0.10428210207418312,-0.19189944396947262,0.10667971210048598,-0.17251187894629466,1.5901963780389385,-0.07690802813062271,0.09019637803893854,0,0,FOLLOWING,1.5901963780389385,0.2798987690943808,0
16.448,3.7645918515715695,-0.0007454940985484067,-1.508750927106522,3.7406301072625205,-1.5892641143131903,0.10189884924229835,-0.1924581274829963,0.10429056441702601,-0.1729948012065642,1.5886993334042039,-0.07712858905541453,0.08869933340420388,0,0,FOLLOWING,1.5886993334042039,0.27989425449473404,0
16.48,3.7647847543918744,-0.004000820513499517,-1.5143027986165436,3.7316705553674057,-1.590858251135984,0.09952188396084816,-0.19303771094532957,0.1019070399179388,-0.17349643166006737,1.5872029030022672,-0.07735828449213855,0.08720290300226718,0,0,FOLLOWING,1.5872029030022672,0.27994430168283113,0
16.512,3.7649554383477652,-0.007181208550202335,-1.5198713237756596,3.72266621302649,-1.5923246721674418,0.09715187136261103,-0.1936382932839283,0.09952980124322214,-0.17401686221059715,1.5857074694995708,-0.07759716082366519,0.08570746949957075,0,0,FOLLOWING,1.5857074694995708,0.28004919686189517,0
16.544,3.7651047020219193,-0.010286738768449733,-1.525457107026172,3.7136172609602234,-1.5936632596817255,0.09478947901439323,-0.1942599700811432,0.09715951348130238,-0.17455618175416993,1.5842134210915242,-0.07784526270452696,0.08421342109152419,0,0,FOLLOWING,1.5842134210915242,0.28020917674008095,0
16.576,3.7652333440580112,-0.01331751930682725,-1.531060755556887,3.7045238807843903,-1.5948739062156063,0.09243537690845337,-0.19490283348498766,0.09479684415754784,-0.1751144761225159,1.582721151657146,-0.07810263301724674,0.082721151657146,0,0,FOLLOWING,1.582721151657146,0.28042442803693196,0
16.608,3.7653421627938,-0.01627368597943063,-1.5366828792028024,3.6953862550064627,-1.595956514577094,0.09009023745622027,-0.19556697210800789,0.09244246322519344,-0.1756918280127573,1.5812310609144589,-0.07836931282386872,0.08123106091445886,0,0,FOLLOWING,1.5812310609144589,0.28069508714215563,0
16.64,3.765431955887626,-0.01915540236986555,-1.5423240903421382,3.6862045670219388,-1.596910997853238,0.08775473548432337,-0.19625247091452783,0.09009704305870496,-0.17628831690423782,1.5797435545763643,-0.07864534131282785,0.07974355457636428,0,0,FOLLOWING,1.5797435545763643,0.2810212399287148,0
16.672,3.7655035199380067,-0.021962859922469147,-1.5479850037903116,3.6769790011106602,-1.597737279417107,0.08542954823298397,-0.1969594110965418,0.08776125844955004,-0.17690401896320943,1.5782590445067237,-0.07893075574128483,0.07825904450672372,0,0,FOLLOWING,1.5782590445067237,0.28140292172108056,0
16.704,3.7655576500960293,-0.024696278030682885,-1.5536662366904932,3.6677097424331144,-1.5984352929339385,0.08311535535679285,-0.19768786993841686,0.08543578660441627,-0.17753900693588992,1.5767779488763405,-0.07922559137301334,0.07677794887634048,0,0,FOLLOWING,1.5767779488763405,0.28184011741829973,0
16.736,3.7655951396702148,-0.02735590412249467,-1.5593684084003858,3.658396977026721,-1.5990049823664654,0.08081283892792407,-0.198437920670557,0.08312130714588561,-0.17819335003042752,1.5753006923185375,-0.0795298814119234,0.07530069231853753,0,0,FOLLOWING,1.5753006923185375,0.2823327617703762,0
16.768,3.76561677972353,-0.029942013742856308,-1.5650921403748803,3.649040891802094,-1.5994463019794147,0.0785226834418209,-0.19920963231214633,0.08081850211558143,-0.1788671137880988,1.5738277060839974,-0.07984365693128348,0.07382770608399736,0,0,FOLLOWING,1.5738277060839974,0.28288073980532186,0
16.8,3.7656233585848864,-0.03245491061224844,-1.570838045057585,3.6396416745392917,-1.5997592163431786,0.07624557587165783,-0.20000309520531054,0.07852805534942617,-0.1795600166634725,1.5723594282089821,-0.0801669577352846,0.07235942820898211,0,0,FOLLOWING,1.5723594282089821,0.2834838874031223,0
16.832,3.765615659891583,-0.03489492679351361,-1.5766067720675543,3.6301995138840493,-1.5999437003366594,0.07398220522786027,-0.20081830971663195,0.07625065621984169,-0.18027322035203852,1.5708963034422223,-0.08049978499563681,0.07089630344222231,0,0,FOLLOWING,1.5708963034422223,0.28414199201181606,0
16.864,3.7655944658607092,-0.03726242269907313,-1.5823989843308683,3.620714599343991,-1.5999997391492862,0.07173326317449669,-0.20165524732863563,0.07398699436309632,-0.18100714068653678,1.5694387837529424,-0.08084212724794848,0.06943878375294243,0,0,FOLLOWING,1.5694387837529424,0.2848547934999088,0
16.896,3.765560554637766,-0.039557787139847596,-1.5882153495851568,3.6111871212848263,-1.5999273282822035,0.06949944384952156,-0.20251386678479796,0.07173776095139443,-0.18176192803515248,1.5679873283448373,-0.08119396725918593,0.06798732834483734,0,0,FOLLOWING,1.5679873283448373,0.2856219851384311,0
16.928,3.765514699815954,-0.04178143738743081,-1.5940565393077901,3.601617270926532,-1.5997264735486327,0.0672814438786813,-0.20339411600683682,0.06950364964490947,-0.1825376992730212,1.5665424037975775,-0.08155528284307345,0.06654240379757748,0,0,FOLLOWING,1.5665424037975775,0.2864432147051431,0
16.96,3.765457667371577,-0.04393381913314494,-1.5999231675506558,3.5920052403395113,-1.599397191073405,0.06507996225265601,-0.2042960713695809,0.06728535598516477,-0.18333265977915028,1.5651044840173063,-0.0819261061172405,0.06510448401730629,0,0,FOLLOWING,1.5651044840173063,0.2873180857026687,0
16.992,3.765390225226436,-0.04601540667696373,-1.605815858276533,3.58235122244074,-1.598939507291668,0.06289570167580566,-0.20521979381726554,0.06508357305312697,-0.18414711935026093,1.5636740513325562,-0.08230646228774119,0.06367405133255621,0,0,FOLLOWING,1.5636740513325562,0.2882461586817351,0
17.024,3.765313130475383,-0.04802670301114994,-1.6117352436814703,3.5726554109898956,-1.5983534589467616,0.06072936655168416,-0.20616531387161532,0.06289900781053655,-0.18498133529253297,1.5622515953095348,-0.08269636325828844,0.062251595309534835,0,0,FOLLOWING,1.5622515953095348,0.28922695266018283,0
17.056,3.7652271339229904,-0.04996823983702434,-1.617681954910085,3.5629180005854666,-1.5976390930872704,0.05858166385301718,-0.20713266028392788,0.060732365144200454,-0.1858352747540612,1.560837613408943,-0.08309581982636072,0.060837613408943,0,0,FOLLOWING,1.560837613408943,0.2902599466280317,0
17.088,3.765132979685587,-0.05184057760283393,-1.6236566224664726,3.5531391866608466,-1.5967964670632444,0.056453303184423986,-0.20812185854413692,0.058584352182352854,-0.18670891772137502,1.5594326111311847,-0.083504841049451,0.0594326111311847,0,0,FOLLOWING,1.5594326111311847,0.2913445811286009,0
17.12,3.765031404668888,-0.05364430554296208,-1.6296598764881838,3.543319165480415,-1.595825648521597,0.05434499681992833,-0.20913292951666074,0.056455678629774915,-0.18760225274329503,1.5580371021376072,-0.0839234336656629,0.058037102137607155,0,0,FOLLOWING,1.5580371021376072,0.29248025990551374,0
17.152,3.7649231380313295,-0.05538004171263451,-1.6356923468997906,3.533458134135596,-1.594726715400672,0.05225745974161722,-0.21016588832721933,0.05434705683776967,-0.18851527316820532,1.5566516083642086,-0.08435160162167854,0.05665160836420857,0,0,FOLLOWING,1.5566516083642086,0.2936663516053634,0
17.184,3.7648089006363974,-0.05704843301714059,-1.641754663470229,3.5235562905409012,-1.5934997559239887,0.050191409681270865,-0.2112207434485004,0.05225920185024813,-0.189447974136871,1.5552766601283816,-0.08478934568596075,0.055276660128381616,0,0,FOLLOWING,1.5552766601283816,0.2949021915258505,0
17.216,3.7646894044935144,-0.05865015523520427,-1.64784745579313,3.51361383342996,-1.5921448685931583,0.048147567165154385,-0.2122974959388205,0.05019283144947743,-0.1904003501758832,1.5539127962281807,-0.08523666312770528,0.05391279622818068,0,0,FOLLOWING,1.5539127962281807,0.296187083399344,0
17.248,3.764565352186924,-0.060185913036190274,-1.6539713532052838,3.5036309623515307,-1.5906621621799752,0.04612665556202554,-0.213396138797387,0.04814866620403952,-0.19137239326407574,1.552560564033493,-0.08569354744607982,0.05256056403349296,0,0,FOLLOWING,1.552560564033493,0.2975203012020454,0
17.28,3.7644374362920354,-0.061656439990818324,-1.6601269846551117,3.493607877665493,-1.589051755717687,0.04412940113439074,-0.21451665640749618,0.04612742951940127,-0.1923640912703765,1.5512205195684554,-0.08615998813757451,0.051220519568455414,0,0,FOLLOWING,1.5512205195684554,0.2989010909792487,0
17.312,3.76430633877871,-0.06306249857503846,-1.666314978530452,3.4835447805388298,-1.5873137784914357,0.0421565330930095,-0.215659024045092,0.04412984769126825,-0.19337542668220936,1.549893227584423,-0.08663597049187755,0.04989322758442305,0,0,FOLLOWING,1.549893227584423,0.30032867267756075,0
17.344,3.764172730400992,-0.06440488016669835,-1.672535962452906,3.4734418729415872,-1.5854483700278805,0.04020878365466452,-0.21682320743506195,0.0421566499618236,-0.19440637556052864,1.5485792616227834,-0.08712147540879633,0.048579261622783365,0,0,FOLLOWING,1.5485792616227834,0.30180224197539846,0
17.376,3.7640372700728086,-0.06568440503461101,-1.6787905630443698,3.4632993576428235,-1.5834556800839954,0.038286888103162935,-0.21800916234147133,0.040208568578936496,-0.1954569066706188,1.5472792040668613,-0.08761647923037152,0.04727920406686126,0,0,FOLLOWING,1.5472792040668613,0.303320972103573,0
17.408,3.7639006042291734,-0.06690192231960718,-1.685079405670099,3.453117438206537,-1.5813358686350476,0.03639158485356013,-0.2192168341810609,0.03828633885836402,-0.19652698074856134,1.5459936461821604,-0.0881209535836569,0.0459936461821604,0,0,FOLLOWING,1.5459936461821604,0.3048840156483118,0
17.44,3.763763366172459,-0.06805831000713278,-1.6914031141616173,3.4428963189875814,-1.5790891058617529,0.0345236155195472,-0.22044615765179976,0.03639069924899393,-0.19761654987158717,1.5447231881441377,-0.08863486523069275,0.04472318814413767,0,0,FOLLOWING,1.5447231881441377,0.3064905063296405,0
17.472,3.7636261754033042,-0.06915447489092626,-1.697762310522012,3.4326362051275665,-1.5767155721366153,0.03268372498394117,-0.2216970563701789,0.03452239140110667,-0.1987255569074551,1.5434684390526938,-0.08915817592299735,0.04346843905269382,0,0,FOLLOWING,1.5434684390526938,0.30813956074864474,0
17.504,3.7634896369357547,-0.07019135252728344,-1.704157614615504,3.422337302550735,-1.5742154580094443,0.03087266147220789,-0.22296944251257406,0.03268216023761894,-0.19985393502305082,1.5422300169325465,-0.08969084225860781,0.042230016932546466,0,0,FOLLOWING,1.5422300169325465,0.309830280097753,0
17.536,3.7633543405962415,-0.07116990717939253,-1.7105896438427033,3.4119998179598356,-1.5715889641920604,0.029091176628897056,-0.2242632164571328,0.030870754028288813,-0.2010016072371445,1.5410085487186111,-0.09023281554017348,0.04100854871861115,0,0,FOLLOWING,1.5410085487186111,0.3115617518287814,0
17.568,3.7632208603060247,-0.07209113175119099,-1.7170590128025809,3.4016239588319728,-1.5688363015421782,0.027340025596871716,-0.22557826642371442,0.029088924466747393,-0.20216848600511136,1.5398046702255084,-0.09078404163306364,0.039804670225508376,0,0,FOLLOWING,1.5398046702255084,0.31333305127412325,0
17.6,3.7630897533467476,-0.07295604771016871,-1.7235663329418822,3.3912099334144408,-1.5659576910464814,0.025619967099179384,-0.22691446811013438,0.02733742675028359,-0.20335447282658944,1.5386190261002932,-0.09134446082275827,0.03861902610029322,0,0,FOLLOWING,1.5386190261002932,0.3151432432170637,0
17.632,3.7629615596087556,-0.07376570499851175,-1.7301122121924926,3.3807579507205463,-1.5629533638028805,0.02393176352337167,-0.2282716843235943,0.025617019662238127,-0.20455945786893326,1.537452269757474,-0.09191400767105495,0.037452269757473955,0,0,FOLLOWING,1.537452269757474,0.3169913834077966,0
17.664,3.7628368008218764,-0.07452118193194825,-1.7366972545970887,3.3702682205254115,-1.5598235610019593,0.022276181008059722,-0.22964976460671038,0.023928465656814116,-0.20578331960107485,1.5363050632953785,-0.09249261087085037,0.036305063295378526,0,0,FOLLOWING,1.5363050632953785,0.31887652002230726,0
17.696,3.76271597976835,-0.07522358508562701,-1.7433220599232817,3.359740953361766,-1.556568533907614,0.020653989531461584,-0.2310485448578809,0.02227253094610334,-0.20702592443398996,1.5351780773929136,-0.09308019309939763,0.035178077392913565,0,0,FOLLOWING,1.5351780773929136,0.3207976950618289,0
17.728,3.7625995794776426,-0.07587404916632594,-1.7499872232663698,3.3491763605157177,-1.5531885438368793,0.01906596300163233,-0.23246784694615452,0.020649985589107755,-0.208287126364625,1.5340719911857306,-0.09367667087010556,0.034071991185730566,0,0,FOLLOWING,1.5340719911857306,0.3227539456911146,0
17.76,3.7624880624028907,-0.07647373687025151,-1.7566933346407492,3.338574654022518,-1.5496838621389506,0.01751287934805608,-0.23390747832090503,0.019061603582423137,-0.20956676662152732,1.53298749212082,-0.09428195438302156,0.03298749212081997,0,0,FOLLOWING,1.53298749212082,0.3247443055142519,0
17.792,3.7623818695787574,-0.07702383872565627,-1.7634409785599938,3.3279360466622996,-1.5460547701734,0.015995520614217332,-0.23536723161694648,0.017508162952296194,-0.21086467331066955,1.5319252757885364,-0.09489594737426321,0.031925275788536434,0,0,FOLLOWING,1.5319252757885364,0.32676780578722836,0
17.824,3.7622814197604977,-0.07752557291946348,-1.770230733605585,3.3172607519558115,-1.5423015592875875,0.014514673050714154,-0.23684688425580452,0.015990445847662196,-0.21218066106084577,1.5308860457310465,-0.09551854696470552,0.030886045731046474,0,0,FOLLOWING,1.5308860457310465,0.3288234765668604,0
17.856,3.7621871085440692,-0.07798018510704999,-1.7770631719842702,3.3065489841601305,-1.538424530793273,0.013071127208430788,-0.23834619804405108,0.014509238633729975,-0.2135145306681655,1.5298705132261923,-0.09614964350830402,0.029870513226192275,0,0,FOLLOWING,1.5298705132261923,0.33091034779611017,0
17.888,3.7620993074671696,-0.07838894820429926,-1.7839388590740186,3.29580095826436,-1.534423995942424,0.011665678031231468,-0.2398649187697687,0.013065331985635503,-0.2148660687398413,1.5288793970457673,-0.09678912044050181,0.028879397045767252,0,0,FOLLOWING,1.5288793970457673,0.33302745032616493,0
17.92,3.7620183630910877,-0.07875316216099584,-1.7908583529585689,3.2850168899853194,-1.530300275902231,0.010299124947552774,-0.24140277579820835,0.011659520981629728,-0.21623504733757698,1.5279134231871854,-0.09743685412716506,0.02791342318718537,0,0,FOLLOWING,1.5279134231871854,0.335173816875965,0
17.952,3.7619445960633318,-0.07907415371459088,-1.797822203950566,3.2741969957632096,-1.5260537017293219,0.008972271960240308,-0.24295948166794565,0.010292605195177757,-0.21762122362095263,1.5269733245775587,-0.09809271371458883,0.026973324577558744,0,0,FOLLOWING,1.5269733245775587,0.33734848293017317,0
17.984,3.76187830016101,-0.07935327612332524,-1.8048309541033172,3.263341492757273,-1.5216846143431852,0.007685927733861302,-0.24453473168879544,0.008965388785309813,-0.21902433949187813,1.526059840749177,-0.09875656098109563,0.026059840749177,0,0,FOLLOWING,1.526059840749177,0.33955048757680745,0
18.016000000000002,3.7618197398123367,-0.07959196773545106,-1.8118850923823562,3.2524505988414325,-1.5171933644988,0.0064408271617425045,-0.24612833686986352,0.007680471369384912,-0.22044273592380167,1.5251736615052625,-0.09942830647938082,0.025173661505262457,0,0,FOLLOWING,1.5251736615052625,0.3417788742859946,0
18.048000000000002,3.761769153927985,-0.07979156887864254,-1.8189851940497528,3.2415245325999207,-1.5125803127584778,0.005237876062502935,-0.24773980576156954,0.0064348905486692025,-0.2218791097712015,1.5243156007236616,-0.10010773300530307,0.024315600723661568,0,0,FOLLOWING,1.5243156007236616,0.3440326916314768,0
18.080000000000002,3.761726750217682,-0.0799535086135698,-1.8261317721101176,3.230563513322889,-1.5078458294629153,0.0040779002390714325,-0.24936878191913406,0.005231389935540643,-0.22333151545618438,1.523486417454742,-0.1007946803555404,0.023486417454742003,0,0,FOLLOWING,1.523486417454742,0.34631099395666887,0
18.112000000000002,3.7616927049916526,-0.08007924445987782,-1.8333253294179315,3.2195677610020126,-1.5029902947014637,0.002961725951408707,-0.2510148906767273,0.004070892757656906,-0.2247996357869559,1.52268687253663,-0.10148898061853062,0.022686872536630043,0,0,FOLLOWING,1.52268687253663,0.34861284198718223,0
18.144000000000002,3.7616671625664218,-0.08017025879428588,-1.8405663581633855,3.2085374963260684,-1.4980140982816152,0.0018901844668582912,-0.25267773771735763,0.0029542280636985635,-0.2262831375096938,1.5219177313006562,-0.10219045760979384,0.021917731300656218,0,0,FOLLOWING,1.5219177313006562,0.35093730339185236,0
18.176000000000002,3.76165023425826,-0.08022805818051328,-1.8478553392802324,3.197472940676511,-1.4929176396977069,0.0008641124732749672,-0.2543569087463817,0.001882221925250936,-0.22778166886581824,1.5211797633154505,-0.10289892676148238,0.02117976331545046,0,0,FOLLOWING,1.5211797633154505,0.3532834532943593,0
18.208000000000002,3.761641998291079,-0.0802543277596925,-1.8551935169837168,3.1863743161230262,-1.4877013280988516,0.0,-0.25605023404235694,0.0008603447346925839,-0.22931908274551221,1.520473598886446,-0.10361345902880226,0.020473598886445954,0,0,FOLLOWING,1.520473598886446,0.35565037473761346,0
18.240000000000002,3.761641501982543,-0.08025402950560499,-1.8625813037426489,3.1752418454190767,-1.4823655822560884,0.0,-0.2577580207825129,-4.188177994538994e-06,-0.2308693867184064,1.519796487551581,-0.10433416077873892,0.019796487551581032,0,0,FOLLOWING,1.519796487551581,0.3580371591030934,0
18.272000000000002,3.7616414492550043,-0.08025248977229738,-1.8700172902427847,3.1640757519974283,-1.4769108305287657,0.0,-0.2594886421954534,-4.4591018622086736e-05,-0.23237564927597293,1.5191245121264891,-0.10506446486518684,0.019124512126489135,0,0,FOLLOWING,1.5191245121264891,0.3604429064873572,0
18.304000000000002,3.7616414538941565,-0.08025102983462556,-1.8775041521674072,3.152876259965667,-1.471337510830149,0.0,-0.26123670613107086,-4.274938636618194e-05,-0.2339655282784029,1.5184586457810765,-0.10580208308767491,0.018458645781076477,0,0,FOLLOWING,1.5184586457810765,0.36286672603793935,0
18.336000000000002,3.761641471710944,-0.0802496429841797,-1.88504229148568,3.1416435941017014,-1.4656460705922685,0.0,-0.2630018084504786,-4.0754900136951775e-05,-0.23556796933444601,1.5178012484739958,-0.10654684675326309,0.01780124847399578,0,0,FOLLOWING,1.5178012484739958,0.36530773625083496,0
18.368000000000002,3.761641495620712,-0.08024831851989639,-1.8926320075675065,3.130377979849252,-1.459836966729995,0.0,-0.2647837597530089,-3.899372299871741e-05,-0.23717976618927167,1.5171547266558911,-0.10729867771640288,0.017154726655891128,0,0,FOLLOWING,1.5171547266558911,0.3677650652317566,0
18.400000000000002,3.7616415224763355,-0.08024704697870857,-1.900273633011258,3.1190796433133254,-1.4539106656043623,0.0,-0.2665822174587294,-3.74645159904167e-05,-0.2388019572340421,1.5165215150762694,-0.10805743249106216,0.016521515076269422,0,0,FOLLOWING,1.5165215150762694,0.3702378509232968,0
18.432000000000002,3.761641550230719,-0.08024582020907507,-1.9079675220000465,3.107748811255676,-1.4478676429851232,0.0,-0.2683967061830638,-3.6140859927049107e-05,-0.24043521700078785,1.5159040748733292,-0.10882291096008068,0.015904074873329233,0,0,FOLLOWING,1.5159040748733292,0.3727252413001023,0
18.464,3.7616415775249696,-0.08024463122548044,-1.915714039636903,3.096385711090254,-1.4417083840125566,0.0,-0.2702266391147205,-3.499674794551276e-05,-0.2420798867454816,1.5153048927456392,-0.10959486551108721,0.015304892745639176,0,0,FOLLOWING,1.5153048927456392,0.37522639453410267,0
18.496,3.7616416034925866,-0.0802434740632376,-1.9235135534125323,3.0849905708786456,-1.4354333831585206,0.0,-0.2720713346578597,-3.400841352034151e-05,-0.24373604108993285,1.5147264801445817,-0.11037300816514217,0.014726480144581666,0,0,FOLLOWING,1.5147264801445817,0.3777404791317613,0
18.528,3.7616416276196554,-0.08024234364549239,-1.9313664263379524,3.073563619325488,-1.4290431441867522,0.0,-0.2739300292261545,-3.315448694282529e-05,-0.24540354004913856,1.5141713724142363,-0.11115701607543671,0.014171372414236272,0,0,FOLLOWING,1.5141713724142363,0.38026667404530134,0
18.56,3.7616416496409912,-0.08024123566346658,-1.939273011362629,3.062105085773887,-1.4225381801124284,0.0,-0.27580188706214065,-3.241595093604186e-05,-0.24708206920284195,1.513642127870394,-0.11194653576712943,0.013642127870393983,0,0,FOLLOWING,1.513642127870394,0.38280416875971846,0
18.592,3.7616416694632298,-0.08024014646979631,-1.9472336467853946,3.0506152002008093,-1.41591901316098,0.0,-0.2776860077672092,-3.1776022530834154e-05,-0.2487711707201654,1.5131413268155847,-0.11274118640940478,0.013141326815584664,0,0,FOLLOWING,1.5131413268155847,0.3853521633573829,0
18.624,3.7616416871083267,-0.08023907298437201,-1.9552486524325514,3.039094193212471,-1.4091861747261654,0.0,-0.2795814320735718,-3.121999422402125e-05,-0.25047026733410205,1.5126715704881528,-0.11354056234531407,0.012671570488152817,0,0,FOLLOWING,1.5126715704881528,0.38790986856192133,0
18.656,3.761641702672457,-0.08023801261182921,-1.963318326429236,3.0275422960397007,-1.4023402053274099,0.0,-0.2814871462706126,-3.073505433708507e-05,-0.2521786808808567,1.5122354799441493,-0.11434423505438285,0.012235479944149308,0,0,FOLLOWING,1.5122354799441493,0.3904765057630144,0
18.688,3.761641716296481,-0.08023696316970079,-1.9714429424300461,3.015959740533309,-1.3953816545664133,0.0,-0.2834020856061513,-3.0310100345865558e-05,-0.2538956466520399,1.5118356948713116,-0.11515175468387984,0.011835694871311642,0,0,FOLLOWING,1.5118356948713116,0.3930513070236451,0
18.72,3.7616417281450425,-0.08023592282619225,-1.9796227472056946,3.0043467591594295,-1.3883110810830277,0.0,-0.28532513691255196,-2.9935554281051477e-05,-0.25562032452032385,1.511474872334822,-0.11596265125462768,0.011474872334821917,0,0,FOLLOWING,1.511474872334822,0.3956335150712822,0
18.752,3.7616417383920764,-0.08023489004654376,-1.9878579585062894,2.9927035849948536,-1.3811290525104072,0.0,-0.2872551406528747,-2.960318625722778e-05,-0.2573518075842724,1.5111556854548402,-0.11677643562395668,0.011155685454840247,0,0,FOLLOWING,1.5111556854548402,0.3982223832743894,0
18.784,3.761641747211026,-0.08023386354698851,-1.9961487631403005,2.981030451722353,-1.3738361454294399,0.0,-0.28919089254001107,-2.930594962894844e-05,-0.2590891289083012,1.5108808220160812,-0.1175926002704335,0.010880822016081204,0,0,FOLLOWING,1.5108808220160812,0.4008171756055796,0
18.816,3.7616417547684953,-0.08023284225537367,-2.004495315222573,2.96932759362599,-1.3664329453224575,0.0,-0.2911311448490115,-2.9037829920585634e-05,-0.2608312668055218,1.5106529830099065,-0.1184106199510957,0.01065298300990647,0,0,FOLLOWING,1.5106529830099065,0.40341716659265975,0
18.848,3.761641761220374,-0.08023182527759352,-2.0128977345558767,2.9575952455864147,-1.3589200465262339,0.0,-0.29307460751741155,-2.8793708112874415e-05,-0.26257714901070983,1.5104748811096205,-0.11922995227112176,0.01047488110962047,0,0,FOLLOWING,1.5104748811096205,0.4060216412587411,0
18.88,3.7616417667097197,-0.08023081186905955,-2.021356105119159,2.9458336430761514,-1.3512980521842697,0.0,-0.29501994910852547,-2.856923847620147e-05,-0.26432565601476016,1.5103492390798385,-0.12005003819745719,0.010349239079838535,0,0,FOLLOWING,1.5103492390798385,0.4086298950525101,0
18.912,3.7616417713658596,-0.0802298014105196,-2.0298704736423967,2.9340430221548726,-1.3435675741983721,0.0,-0.2969657976973315,-2.836074022152008e-05,-0.26607562377075106,1.5102787881209752,-0.1208703025414053,0.010278788120975157,0,0,FOLLOWING,1.5102787881209752,0.41124123376970284,0
18.944,3.761641775304321,-0.08022879338761157,-2.03844084825325,2.92222361946466,-1.335729233179531,0.0,-0.2989107417264096,-2.816510229883075e-05,-0.26782584593802006,1.5102662661500987,-0.12169015443005148,0.010266266150098735,0,0,FOLLOWING,1.5102662661500987,0.4138549734667402,0
18.976,3.7616417786273075,-0.0802277873736152,-2.047067197184839,2.9103756722252574,-1.3277836583980942,0.0,-0.30085333086995003,-2.7979700216510782e-05,-0.2695750757918818,1.510314416019576,-0.1225089877824006,0.010314416019576056,0,0,FOLLOWING,1.510314416019576,0.4164704403674297,0
19.008,3.761641781424505,-0.0802267830149314,-2.055749447537212,2.8984994182293073,-1.319731487733251,0.0,-0.3027920769363156,-2.780232378359022e-05,-0.27132202790158,1.5104259836751484,-0.12332618180294252,0.010425983675148354,0,0,FOLLOWING,1.5104259836751484,0.41908697076358,0
19.04,3.761641783774083,-0.08022578001888091,-2.0644874840876195,2.8865950958375794,-1.3115733676218218,0.0,-0.30472545483364627,-2.763111468561755e-05,-0.2730653796556363,1.5106037162552683,-0.12414110150285129,0.010603716255268347,0,0,FOLLOWING,1.5106037162552683,0.4217039109103032,0
19.072,3.761641785755343,-0.08022477927883036,-2.073281148178084,2.8746629439741853,-1.3033099530063588,0.0,-0.30665190461357644,-2.7433567987483388e-05,-0.27480377367691194,1.510850359221436,-0.12495309867303916,0.010850359221435957,0,0,FOLLOWING,1.510850359221436,0.42432061691673684,0
19.104,3.7616417875723185,-0.08022379593458182,-2.082130236954782,2.8627032021217858,-1.2949419072825714,0.0,-0.3085698443437806,-2.6823504177747546e-05,-0.27653582881727995,1.5111686439470056,-0.12576151738335817,0.011168643947005563,0,0,FOLLOWING,1.5111686439470056,0.4269364546328553,0
19.136,3.7616417891171268,-0.08022283109529524,-2.0910345015350833,2.8507161103167813,-1.2864699022460648,0.0,-0.3104776465623833,-2.6183597809130262e-05,-0.2782601066461049,1.5115613083688269,-0.12656568426132297,0.01156130836882685,0,0,FOLLOWING,1.5115613083688269,0.42955079953299763,0
19.168,3.761641790411361,-0.0802218851862766,-2.099993646872984,2.8387019091444983,-1.277894618038408,0.0,-0.31237365017345214,-2.5534561303337482e-05,-0.27997516452577037,1.5120310841548146,-0.12736491358640922,0.012031084154814575,0,0,FOLLOWING,1.5120310841548146,0.43216303659667976,0
19.2,3.761641791492529,-0.08022095856743613,-2.109007330351356,2.8266608397343562,-1.2692167430925325,0.0,-0.31425616343037543,-2.4878739747959667e-05,-0.2816795158243715,1.5125806939694384,-0.12815850866411127,0.012580693969438395,0,0,FOLLOWING,1.5125806939694384,0.43477256018722826,0
19.232,3.7616417923946575,-0.08022005158545073,-2.1180751608490587,2.8145931437550296,-1.2604369740774624,0.0,-0.316123465648646,-2.42167852155942e-05,-0.2833716447549631,1.513212849214102,-0.1289457626678292,0.01321284921410193,0,0,FOLLOWING,1.513212849214102,0.4373787739287172,0
19.264,3.7616417931467505,-0.08021916457690569,-2.1271966978791146,2.8024990634095994,-1.251556015842386,0.0,-0.3179738089888181,-2.354923840039604e-05,-0.2850500085966245,1.513930247778993,-0.1297259595119198,0.013930247778993099,0,0,FOLLOWING,1.513930247778993,0.43998109058165297,0
19.296,3.7616417937732987,-0.08021829786739566,-2.1363714507836167,2.79037884143069,-1.2425745813600706,0.0,-0.31980542037454973,-2.2876667595939917e-05,-0.28671303946709414,1.514735571764321,-0.13049837478335036,0.014735571764320943,0,0,FOLLOWING,1.514735571764321,0.4425789319178185,0
19.328,3.7616417942949174,-0.08021745177073916,-2.145598877987321,2.778232721075598,-1.2334933916696222,0.0,-0.32161650355131505,-2.219966794516586e-05,-0.28835914615687225,1.515631485170367,-0.1312622767346041,0.015631485170366943,0,0,FOLLOWING,1.515631485170367,0.4451717285946447,0
19.36,3.7616417947289276,-0.08021662658859577,-2.1548783863133063,2.7660609461214083,-1.2243131758186023,0.0,-0.3234052412855909,-2.1518850128443552e-05,-0.28998671606883747,1.5166206315602058,-0.13201692733811488,0.016620631560205767,0,0,FOLLOWING,1.5166206315602058,0.4477589200294576,0
19.392,3.7616417950898553,-0.08021582261041385,-2.1642093303643137,2.7538637608601055,-1.215034670804497,0.0,-0.32516979770259574,-2.0834830829221255e-05,-0.29159411727073037,1.5177056316995479,-0.1327615834018303,0.017705631699547864,0,0,FOLLOWING,1.5177056316995479,0.45033995427389084,0
19.424,3.761641795389863,-0.08021504011362654,-2.173591011973389,2.741641410093667,-1.2056586215155507,0.0,-0.3269083207595976,-2.0148225536809515e-05,-0.2931797006609172,1.5188890811784703,-0.1334954977450895,0.018889081178470324,0,0,FOLLOWING,1.5188890811784703,0.45291428788876237,0
19.456,3.761641795639119,-0.0802142793640271,-2.18302267972745,2.7293941391291527,-1.1961857806709673,0.0,-0.3286189448505845,-1.945964331127667e-05,-0.2947418022473822,1.5201735480199565,-0.1342179204335161,0.020173548019956522,0,0,FOLLOWING,1.5201735480199565,0.45548138581965064,0
19.488,3.761641795846115,-0.08021354061626886,-2.192503528567324,2.7171221937737755,-1.1866169087604765,0.0014431652734066703,-0.33029979353713185,-1.8769683109629998e-05,-0.29627874553753614,1.521561570280416,-0.134928100071233,0.021561570280415943,0,0,FOLLOWING,1.521561570280416,0.4580407212734094,0
19.52,3.7616160517100523,-0.08024860947620381,-2.2020333042630442,2.7048258203299778,-1.1769527739832872,0.0034609451533908287,-0.3319577941663581,0.0013606205008209397,-0.2978077443055132,1.5230120214849032,-0.13562881192669843,0.023012021484903222,0,0,FOLLOWING,1.5230120214849032,0.4605917755958053,0
19.552,3.761552183049876,-0.08033505126829772,-2.2116109165622166,2.692505265590479,-1.1671941521864118,0.005548641135167172,-0.33359703340644825,0.0033600972849054593,-0.29930267227845925,1.5245077949876054,-0.13632172082712568,0.024507794987605358,0,0,FOLLOWING,1.5245077949876054,0.46313403815047827,0
19.584,3.761447283839375,-0.08047469121488224,-2.221235580408642,2.680160776833329,-1.1573418268023798,0.007706009931315178,-0.33521709145865125,0.005459034395908584,-0.30077306714678276,1.5260482751019897,-0.13700666261931538,0.026048275101989704,0,0,FOLLOWING,1.5260482751019897,0.46566700619937085,0
19.616,3.761298926914402,-0.08066849903216403,-2.230906744516388,2.6677926018169393,-1.1473965887863458,0.009934095377605527,-0.3368166400578349,0.007628165846958323,-0.302226234347303,1.5276337586276245,-0.13768309670835108,0.027633758627624516,0,0,FOLLOWING,1.5276337586276245,0.4681901847847753,0
19.648,3.7611046690933314,-0.080917349869681,-2.2406238304408204,2.655400988775115,-1.1373592365525882,0.012233982316719731,-0.33839432558599036,0.009866127281583245,-0.30366132508940147,1.529264558082541,-0.13835047306164805,0.029264558082541026,0,0,FOLLOWING,1.529264558082541,0.4707030866131147,0
19.68,3.760862002135058,-0.08122209187246063,-2.2503862190823174,2.6429861864120707,-1.1272305759104133,0.014606674864134837,-0.33994882524239045,0.012174160078861766,-0.3050770688383778,1.5309409159264473,-0.13900825539826345,0.03094091592644732,0,0,FOLLOWING,1.5309409159264473,0.4732052319405745,0
19.712,3.760568349481524,-0.08158354599318118,-2.2601932508049285,2.630548443897439,-1.1170114199994632,0.01705308652802855,-0.34147884846606247,0.01455360551414532,-0.30647219877975934,1.532662999255033,-0.1396559217284228,0.03266299925503291,0,0,FOLLOWING,1.532662999255033,0.4756961484606718,0
19.744,3.7602210678221857,-0.08200249967977524,-2.270044226638788,2.618088010861269,-1.1067025892244367,0.019574040850064908,-0.34298313406360287,0.017005668518995678,-0.3078454856816298,1.5344309020987963,-0.14029296312306272,0.03443090209879629,0,0,FOLLOWING,1.5344309020987963,0.47817537119384024,0
19.776,3.7598174492588385,-0.08247970052518581,-2.2799384094419297,2.6056051373890186,-1.0963049111892254,0.022170272401026647,-0.34446044771060214,0.019531408186997504,-0.30919573662230093,1.536244648045961,-0.14091888264132546,0.03624464804596106,0,0,FOLLOWING,1.536244648045961,0.4806424423791039,0
19.808,3.7593547236488742,-0.08301585038751613,-2.289875024946234,2.593100074016532,-1.0858192206304738,0.02484242724121927,-0.34590958013124007,0.02213174802332009,-0.3105217913680363,1.5381041925564378,-0.14153319454034063,0.03810419255643782,0,0,FOLLOWING,1.5381041925564378,0.4830969113678893,0
19.84,3.7588300610957046,-0.08361159994878284,-2.29985326270748,2.5805730717250146,-1.0752463593505663,0.02759106287661369,-0.34732934585873976,0.024807485550234744,-0.3118225193749098,1.5400094249889236,-0.14213542372593713,0.04000942498892357,0,0,FOLLOWING,1.5400094249889236,0.48553833452002076,0
19.872,3.7582405745935312,-0.08426754364487717,-2.3098722769831572,2.5680243819359907,-1.0645871761500427,0.030416647814865458,-0.3487185824643771,0.027559299739150105,-0.3130968175309536,1.5419601704127361,-0.1427251053970009,0.04196017041273614,0,0,FOLLOWING,1.5419601704127361,0.4879662751019435,0
19.904,3.757583322835838,-0.08498421491090861,-2.3199311875577604,2.5554542565062635,-1.0538425267594604,0.0333195608162565,-0.3500761501607092,0.03038775655081398,-0.3143436085146084,1.5439561912672395,-0.14330178484379408,0.043956191267239486,0,0,FOLLOWING,1.5439561912672395,0.4903803031871847,0
19.936,3.756855313195525,-0.08576208169943099,-2.330029080531468,2.542862947722856,-1.0430132737706939,0.03630008992056074,-0.35140093170215536,0.03329331296411364,-0.31556183965032275,1.5459971889197535,-0.1438650173679279,0.04599718891975346,0,0,FOLLOWING,1.5459971889197535,0.49277999555908714,0
19.968,3.7560535048828334,-0.08660154224014469,-2.3401650090850397,2.53025070829795,-1.0321002865676827,0.03935843131894114,-0.3526918325199678,0.036276319816250416,-0.31675048216556584,1.5480828051626538,-0.14441436829753673,0.04808280516265384,0,0,FOLLOWING,1.5480828051626538,0.4951649356158171,0
20.0,3.755174812285482,-0.08750292101861938,-2.3503379942312983,2.5176177913638123,-1.0211044412566395,0.04249468813044717,-0.35394778104000235,0.03933702371754138,-0.3179085307713174,1.5502126236820741,-0.14494941307600717,0.05021262368207413,0,0,FOLLOWING,1.5502126236820741,0.497534713277655,0
20.032,3.754216108493737,-0.08846646495876728,-2.3605470255615164,2.504964450467714,-1.0100266205957134,0.045708869134965024,-0.35516772914077543,0.04247556825524619,-0.3190350035031456,1.5523861715238125,-0.14546973740644242,0.05238617152381253,0,0,FOLLOWING,1.5523861715238125,0.49988892489656717,0
20.064,3.753174229011532,-0.08949233979956346,-2.370791061993393,2.4922909395668444,-0.9988677139241218,0.0490008875082828,-0.35635065271672306,0.04569199466192633,-0.32012894177085893,1.5546029205765168,-0.1459749374371886,0.054602920576516834,0,0,FOLLOWING,1.5546029205765168,0.5022271731680511,0
20.096,3.752045975653115,-0.0905806266611156,-2.3810690325259234,2.4795975130232106,-0.9876286170907529,0.052370559599778196,-0.3574955523175763,0.04898624209257396,-0.32118941057414596,1.5568622890875923,-0.14646461997628313,0.05686228908759228,0,0,FOLLOWING,1.5568622890875923,0.5045490670452466,0
20.128,3.7508281763321825,-0.09173128197782442,-2.3913800878415423,2.4668844255985354,-0.9763102323822468,0.055817706737799004,-0.35860085308459994,0.0523560938026255,-0.322223337838791,1.559163709988972,-0.14693815271246757,0.05916370998897191,0,0,FOLLOWING,1.559163709988972,0.5068542216552934,0
20.16,3.749517517664926,-0.09294407371625144,-2.4017233618887186,2.4541519324491414,-0.9649134684505581,0.059341991834466534,-0.35966474973899787,0.05580189011063916,-0.3232302001970157,1.5615065240705033,-0.1473948076934648,0.06150652407050328,0,0,FOLLOWING,1.5615065240705033,0.5091422582179164,0
20.192,3.7481107200644552,-0.09421900430525726,-2.412097034431742,2.4414002891208315,-0.9534392402400093,0.06294275277792712,-0.3606881562187832,0.05932896132676104,-0.32418017882389216,1.5638898823691654,-0.14783498945456452,0.06388988236916537,0,0,FOLLOWING,1.5638898823691654,0.5114128039662195,0
20.224,3.7466044920631445,-0.09555578786738893,-2.4224999486124714,2.42862975154376,-0.9418884689138368,0.06661940552737304,-0.3616701195294249,0.06293264500461415,-0.3250940049334502,1.5663130030917853,-0.14825832498579583,0.06631300309178534,0,0,FOLLOWING,1.5663130030917853,0.5136654920696595,0
20.256,3.7449955333168865,-0.09695403306870856,-2.4329309191979593,2.415840576027297,-0.9302620817802416,0.07037127378313117,-0.3626097144563968,0.06661217373305656,-0.32597079165245296,1.5687750649901702,-0.14866445300394293,0.06877506499017016,0,0,FOLLOWING,1.5687750649901702,0.5158999615591674,0
20.288,3.7432805369230766,-0.09841324789632086,-2.4433887312482283,2.403033019254879,-0.9185610122179377,0.07419757942487741,-0.3635060562698787,0.07036688089050205,-0.32680961059028746,1.5712752031192727,-0.1490530291386416,0.07127520311927271,0,0,FOLLOWING,1.5712752031192727,0.518115857254401,0
20.32,3.7414561938792747,-0.0999328173967678,-2.4538722098415433,2.390207338278865,-0.9067861996012283,0.07809745877770245,-0.3643581088001216,0.07419560840765504,-0.32761171234768005,1.5738125206441185,-0.149423646067806,0.07381252064411847,0,0,FOLLOWING,1.5738125206441185,0.5203128296930744,0
20.352,3.739519197866476,-0.10151198935360874,-2.4643802516314786,2.3773637905153717,-0.8949385892245858,0.08206997166928667,-0.36516459362166487,0.07809688029007025,-0.32837933370518724,1.5763860958403157,-0.14977579581937348,0.07638609584031575,0,0,FOLLOWING,1.5763860958403157,0.5224905350623515,0
20.384,3.737466250980894,-0.10314995539572133,-2.4749115456646327,2.3645026337391086,-0.8830191322267638,0.0861140323604484,-0.36592477346484115,0.08207074056702504,-0.32910598669659213,1.5789949421200737,-0.15010919534562817,0.07899494212007374,0,0,FOLLOWING,1.5789949421200737,0.524648635132254,0
20.416,3.735294068798021,-0.10484580094406142,-2.4854647589713332,2.3516241260782054,-0.8710287855144396,0.09022845212942608,-0.3666379454506903,0.08611615666410327,-0.3297909833170653,1.5816380357817117,-0.15042357563895647,0.0816380357817117,0,0,FOLLOWING,1.5816380357817117,0.5267867971910476,0
20.448,3.7329993865034004,-0.10659850253584956,-2.4960385378087198,2.33872852600903,-0.858968511685392,0.09441194240075045,-0.36730343930665627,0.0902319477809053,-0.33043367437283905,1.5843143195374443,-0.15071868092246987,0.08431431953744428,0,0,FOLLOWING,1.5843143195374443,0.5289046939825816,0
20.48,3.73057896457008,-0.10840692691741857,-2.5066315086734385,2.3258160923510003,-0.8468392789512227,0.09866311626635116,-0.3679206176763205,0.09441682772940699,-0.33103344231680926,1.587022704845578,-0.15099426870388966,0.08702270484557806,0,0,FOLLOWING,1.587022704845578,0.5310020036455216,0
20.512,3.728029594400357,-0.11026983052403035,-2.5172422793047655,2.3128870842613924,-0.834642061059628,0.10298049009698523,-0.36848887652267714,0.0986694105925651,-0.33158970095094,1.589762074139878,-0.15125010986707998,0.08976207413987791,0,0,FOLLOWING,1.589762074139878,0.5330784096544553,0
20.544,3.7253481039902003,-0.11218585925221403,-2.5278694396848453,2.299941761230136,-0.8223778372162246,0.10736248542714989,-0.3690076455327736,0.10298821289559607,-0.33210189533613554,1.5925312830663818,-0.15148598876389796,0.09253128306638181,0,0,FOLLOWING,1.5925312830663818,0.5351336007628178,0
20.576,3.7225313636070863,-0.11415354852079901,-2.5385115630392465,2.2869803830746074,-0.8100475920059385,0.11180743113281423,-0.36947638850777076,0.10737165566383372,-0.3325695018023201,1.5953291627328383,-0.15170170330011556,0.09532916273283831,0,0,FOLLOWING,1.5953291627328383,0.537167270947605,0
20.608,3.719576291463456,-0.11617132362369724,-2.549167206839997,2.274003209934416,-0.797652315313961,0.11631356590198025,-0.3698946037294394,0.1118180667133943,-0.332992028025885,1.5981545219647912,-0.15189706501201392,0.09815452196479124,0,0,FOLLOWING,1.5981545219647912,0.5391791193558291,0
20.64,3.716479859366666,-0.11823750037716194,-2.559834913812501,2.261010502266184,-0.7851930022462813,0.12087904099372533,-0.37026182429650434,0.11632568321206713,-0.3333690131511595,1.60100614956095,-0.15207189913124797,0.10100614956095,0,0,FOLLOWING,1.60100614956095,0.5411688502526754,0
20.672,3.713239098325894,-0.12035028606316565,-2.5705132129471813,2.248002520838311,-0.772670653049793,0.1255019232787233,-0.3705776184258558,0.12089265451346357,-0.3337000279379925,1.6038828165402523,-0.1522260446362642,0.10388281654025233,0,0,FOLLOWING,1.6038828165402523,0.5431361729713301,0
20.704,3.709851104096233,-0.12250778066931685,-2.581200620516218,2.2349795267257537,-0.7600862730320009,0.13018019855168705,-0.37084158971484654,0.12551704526107146,-0.3339846749213355,1.6067832783728981,-0.15235935428904535,0.10678327837289814,0,0,FOLLOWING,1.6067832783728981,0.5450808018644155,0
20.736,3.70631304264018,-0.12470797842443895,-2.5918956410954195,2.221941781304775,-0.747440872480309,0.13491177510398747,-0.37105337736206034,0.13019683875520568,-0.33422258857138926,1.6097062771877548,-0.1524716946564535,0.10970627718775483,0,0,FOLLOWING,1.6097062771877548,0.5470024562570193,0
20.768,3.7026221554868113,-0.12694876962760412,-2.6025967685909626,2.208889546247703,-0.7347354665809144,0.13969448754242053,-0.3712126563445907,0.13492994057319507,-0.3344134354459173,1.6126505439485916,-0.15256294611570495,0.11265054394859164,0,0,FOLLOWING,1.6126505439485916,0.5489008604012583,0
20.8,3.6987757649691977,-0.1292279427670511,-2.6133024872705306,2.1958230835176784,-0.7219710753373072,0.14452610083818146,-0.37131913755065243,0.13971418243032077,-0.33455691432792223,1.6156148005918711,-0.15263300284382852,0.11561480059187113,0,0,FOLLOWING,1.6156148005918711,0.5507757434323479,0
20.832,3.694771279320987,-0.13154318692404887,-2.6240112727982186,2.182742655363396,-0.709148723488384,0.1494043145882135,-0.3713725678667698,0.14454732626676786,-0.3346527563430407,1.6185977621190692,-0.1526817727911296,0.11859776211906925,0,0,FOLLOWING,1.6185977621190692,0.5526268393261307,0
20.864,3.6906061976136244,-0.13389209445540398,-2.634721593272419,2.1696485243138426,-0.6962694404261801,0.1543267674695404,-0.37137273021930256,0.14942706854371113,-0.33470072505305454,1.621598138636888,-0.15270917763887848,0.12159813863688806,0,0,FOLLOWING,1.621598138636888,0.5544538868580311,0
20.896,3.6862785204421127,-0.13627216882073043,-2.645433749842431,2.156540953173025,-0.6833342601132293,0.15929171600297207,-0.37131520343404356,0.15433995102050385,-0.33475810476441353,1.6246150179176815,-0.1527134001257835,0.12461501791768148,0,0,FOLLOWING,1.6246150179176815,0.556256629563393,0
20.928,3.6817859367080343,-0.13868081445068417,-2.6561461024444424,2.1434202050147,-0.6703442209995559,0.16429669791555934,-0.37120004427863346,0.15929463521529563,-0.33476423126074634,1.6276471061970155,-0.15269447407632075,0.12764710619701547,0,0,FOLLOWING,1.6276471061970155,0.5580348156991678,0
20.96,3.6771262204800603,-0.14111535220768306,-2.6668570009910244,2.130286543177091,-0.6573003659393073,0.16933917041196467,-0.37102735596082403,0.16428923704440507,-0.3347187910335754,1.6306930905844519,-0.15265245087285395,0.1306930905844519,0,0,FOLLOWING,1.6306930905844519,0.5597881982069093,0
20.992,3.67229725859177,-0.14357301894400706,-2.677564820224813,2.1171402312576038,-0.6442037421070319,0.17441655461001504,-0.37079721217742523,0.16932112796039672,-0.3346225600346818,1.6337516643117993,-0.15258736818562377,0.1337516643117993,0,0,FOLLOWING,1.6337516643117993,0.5615165346770434,0
21.024,3.6672970554373157,-0.14605097073121492,-2.6882679564567318,2.103981533107535,-0.6310554009136117,0.17952624258334665,-0.3705096662964131,0.17438760164508368,-0.3344762122965918,1.6368215295669182,-0.15249925377588183,0.13682152956691818,0,0,FOLLOWING,1.6368215295669182,0.5632195873143789,0
21.056,3.6621237358629966,-0.14854628696367506,-2.6989648244212403,2.090810712826781,-0.6178563979218543,0.18466560145240993,-0.3701647604072106,0.17948593414756375,-0.33428032357648174,1.6399013984416224,-0.15238812922526002,0.13990139844162242,0,0,FOLLOWING,1.6399013984416224,0.5648971229048142,0
21.088,3.6567755477905455,-0.15105597471810783,-2.70965385482598,2.0776280347585265,-0.6046077927617467,0.1898319774105292,-0.3697625328110151,0.18461339057304949,-0.33403539305659335,1.6429899937509969,-0.15225401301730246,0.14298999375099686,0,0,FOLLOWING,1.6429899937509969,0.566548912783223,0
21.12,3.6512508646951236,-0.15357697328435613,-2.7203334925054508,2.064433763483954,-0.5913106490453944,0.1950226999187574,-0.3693030241160472,0.18976722707035307,-0.33374186222065316,1.6460860498745165,-0.15209692304224598,0.14608604987451645,0,0,FOLLOWING,1.6460860498745165,0.5681747328024602,0
21.152,3.6455481879196445,-0.15610615884821916,-2.7310021950680685,2.051228163816922,-0.5779660342816286,0.20023508604216247,-0.3687862821784316,0.19494469294827343,-0.3334001302725116,1.6491883136123655,-0.15191687862579295,0.1491883136123655,0,0,FOLLOWING,1.6491883136123655,0.5697743633034807,0
21.184,3.639666148798072,-0.15864034931293974,-2.741658431942593,2.038011500798654,-0.5645750197903067,0.20546644487910165,-0.3682123660965244,0.20014303328908858,-0.3330105666170303,1.6522955450383894,-0.15171390216864822,0.15229554503838938,0,0,FOLLOWING,1.6522955450383894,0.5713475890865225,0
21.216,3.633603510564129,-0.16117630924541057,-2.7523006837465984,2.0247840396924213,-0.5511386806163053,0.21071408203818173,-0.3675813494300545,0.20535949198653958,-0.332573520923991,1.6554065183335283,-0.15148802046831777,0.15540651833352825,0,0,FOLLOWING,1.6554065183335283,0.5728941993833272,0
21.248,3.6273591700262453,-0.1637107549322372,-2.7629274419132557,2.011546045978214,-0.537658095443215,0.21597530412231739,-0.36689332278547016,0.21059131510900658,-0.33208933120075224,1.6585200225867311,-0.15123926578210822,0.15852002258673115,0,0,FOLLOWING,1.6585200225867311,0.5744139878303682,0
21.28,3.6209321589935133,-0.1662403595300427,-2.7735372085235714,1.9982977853474178,-0.5241343465067421,0.22124742318369958,-0.36614839588481213,0.21583575450142642,-0.3315583302129808,1.6616348625531225,-0.15096767668020217,0.16163486255312254,0,0,FOLLOWING,1.6616348625531225,0.5759067524430561,0
21.312,3.614321645440756,-0.1687617582938644,-2.784128496299578,1.9850395236974772,-0.5105685195078256,0.22652776111722794,-0.3653466992171353,0.22109007155530122,-0.33098085051432236,1.6647498593614172,-0.15067329872999569,0.16474985936141717,0,0,FOLLOWING,1.6647498593614172,0.5773722955908906,0
21.344,3.6075269344036798,-0.17127155386715556,-2.794699828720219,1.9717715271265623,-0.49696170352547625,0.2318136539631666,-0.36448838535787786,0.22635154109019606,-0.3303572282809828,1.6678638511643533,-0.15035618504717932,0.16786385116435332,0,0,FOLLOWING,1.6678638511643533,0.5788104239735281,0
21.376,3.6005474685974623,-0.17376632161674962,-2.8052497402259213,1.958494061928226,-0.4833149909293439,0.23710245609244163,-0.3635736300326317,0.23161745530384834,-0.3296878060829163,1.6709756937272433,-0.15001639674524725,0.1709756937272433,0,0,FOLLOWING,1.6709756937272433,0.5802209485977475,0
21.408,3.5933828287540224,-0.1762426149961646,-2.815776776480158,1.9452073945860602,-0.46962947729202087,0.24239154425000942,-0.3626026329971358,0.23688512776145007,-0.3289729346652657,1.6740842609506126,-0.14965400331315282,0.17408426095061258,0,0,FOLLOWING,1.6740842609506126,0.5816036847552728,0
21.44,3.5860327336747013,-0.17869697092080244,-2.8262794946567658,1.9319117917683468,-0.4559062613010886,0.24767832143323124,-0.3615756188053332,0.24215189740792753,-0.3282129737527062,1.6771884453233952,-0.1492690829507546,0.17718844532339517,0,0,FOLLOWING,1.6771884453233952,0.582958452001436,0
21.472,3.5784970399959666,-0.18112591513894286,-2.836756463719918,1.9186075203227078,-0.4421464446709144,0.25296022058279255,-0.3604928375426278,0.2474151326028977,-0.3274082918202204,1.6802871583030898,-0.14886172289383026,0.18028715830308983,0,0,FOLLOWING,1.6802871583030898,0.5842850741346529,0
21.504,3.570775741666112,-0.18352596758293185,-2.8472062646593725,1.9052948472707436,-0.4283511320542003,0.2582347080635091,-0.35935456561283685,0.25267223519522614,-0.3265592646952251,1.6833793306187348,-0.14843201976506748,0.1833793306187348,0,0,FOLLOWING,1.6833793306187348,0.5855833791766873,0
21.536,3.562868969130504,-0.18589364768564692,-2.857627490636009,1.8919740398026819,-0.4145214309533075,0.26349928691085395,-0.35816110668678175,0.2579206446764999,-0.3256662727540393,1.6864639124912555,-0.14798007999540141,0.1864639124912555,0,0,FOLLOWING,1.6864639124912555,0.5868531993536732,0
21.568,3.554776988221607,-0.18822547964819641,-2.868018746980962,1.8786453652720096,-0.4006584516313401,0.2687514998160496,-0.3569127929500155,0.26315784248043667,-0.32472969634656973,1.6895398737636358,-0.1475060203722198,0.1895398737636358,0,0,FOLLOWING,1.6895398737636358,0.588094371077881,0
21.6,3.546500198747435,-0.19051799764591879,-2.878378650974166,1.8653090911901087,-0.38676330702301315,0.27398893181728584,-0.35560998683113937,0.268381356533532,-0.3237499089027324,1.6926062039300047,-0.14700996878901895,0.19260620393000472,0,0,FOLLOWING,1.6926062039300047,0.5893067349302002,0
21.632,3.538039132767872,-0.19276775096114787,-2.8887058313027625,1.8519654852208869,-0.372837112645305,0.27920921265641996,-0.35425308345561535,0.27358876621362643,-0.32272726692783804,1.6956619120478396,-0.14649206529722303,0.19566191204783956,0,0,FOLLOWING,1.6956619120478396,0.5904901356433158,0
21.664,3.529394452541656,-0.19497130903298618,-2.8989989270631535,1.8386148151754054,-0.3588809865079026,0.2844100187479255,-0.35284251416168094,0.27877770794636136,-0.32166209574112664,1.6987060265102616,-0.14595246359862513,0.1987060265102616,0,0,FOLLOWING,1.6987060265102616,0.5916444220855606,0
21.696,3.520566948116905,-0.19712526641661712,-2.9092565861175843,1.825257349006504,-0.3448960490234463,0.28958907468817735,-0.3513787515470191,0.28394588177373575,-0.32055466930421933,1.7017375946449862,-0.14539133317130792,0.2017375946449862,0,0,FOLLOWING,1.7017375946449862,0.5927694472454195,0
21.728,3.5115575345232095,-0.1992262476476842,-2.9194774625394,1.8118933548034235,-0.33088342291758205,0.29474415420542405,-0.3498623167064184,0.2890910593812881,-0.31940518174156574,1.7047556820913023,-0.14480886230083057,0.20475568209130235,0,0,FOLLOWING,1.7047556820913023,0.5938650682166674,0
21.76,3.5023672485012955,-0.20127091201127226,-2.929660212769033,1.7985231007864246,-0.3168442331388277,0.2998730804098071,-0.3482937896003537,0.2942110942956595,-0.3182137070496338,1.7077593718843027,-0.14420526240371556,0.2077593718843027,0,0,FOLLOWING,1.7077593718843027,0.5949311461841214,0
21.792,3.4929972446734285,-0.20325595822049589,-2.9398034899375256,1.7851468553014047,-0.30277960676826104,0.30497372514178833,-0.34667382390663143,0.2993039353014058,-0.31698014183109974,1.7107477631428991,-0.14358077420015958,0.2107477631428991,0,0,FOLLOWING,1.7107477631428991,0.5959675464099878,0
21.824,3.4834487910085503,-0.20517812901732632,-2.949905935568107,1.771764886814512,-0.28869067292903655,0.3100440071261217,-0.34500316832160405,0.30436764463944066,-0.3157041233569733,1.7137199692095413,-0.14293567654609918,0.21371996920954128,0,0,FOLLOWING,1.7137199692095413,0.5969741382207887,0
21.856,3.4737232633616273,-0.20703421571913405,-2.9599661674946876,1.758377463906759,-0.2745785626957394,0.31508188850040375,-0.34328269720424587,0.30940042334140955,-0.31438491134262075,1.7166751150162214,-0.1422702991167739,0.2166751150162214,0,0,FOLLOWING,1.7166751150162214,0.597950794994845,0
21.888,3.463822138752651,-0.20882106275016046,-2.9699827622681223,1.7449848552686265,-0.2604444090035762,0.32008536907610224,-0.34151345487261875,0.3144006472937374,-0.3130212156866016,1.7196123333394482,-0.14158504071772304,0.21961233333944818,0,0,FOLLOWING,1.7196123333394482,0.5988973941503123,0
21.92,3.4537469868736927,-0.21053557222037864,-2.979954229439993,1.7315873296946784,-0.24628934655743007,0.32505247736232007,-0.33969672005860435,0.3193669195974541,-0.3116109426372524,1.722530759433423,-0.1408803959045528,0.22253075943342293,0,0,FOLLOWING,1.722530759433423,0.5998138171337313,0
21.952,3.443499459033672,-0.21217470864919144,-2.989878973726288,1.7181851560781625,-0.2321145117407597,0.32998125686720303,-0.3378341004844491,0.3242981479754957,-0.31015081603129374,1.7254295232579586,-0.1401569940182097,0.22542952325795862,0,0,FOLLOWING,1.7254295232579586,0.6006999494090998,0
21.984,3.433079849349888,-0.21373554958945393,-2.9997477108262673,1.704778603405614,-0.2179210425243707,0.33486699592719077,-0.33594601180478767,0.3292379656540544,-0.3084005487458057,1.7283063140206478,-0.1394232094213863,0.22830631402064783,0,0,FOLLOWING,1.7283063140206478,0.6015556804474388,0
22.016000000000002,3.4224911718452673,-0.2152152288408397,-3.0095654436077255,1.6913679407514581,-0.20371007837505803,0.33971012947049717,-0.3340182862627936,0.334103421607892,-0.30680662449698803,1.731161462637125,-0.1386731730590889,0.231161462637125,0,0,FOLLOWING,1.731161462637125,0.6023809037168437,0
22.048000000000002,3.41173534779372,-0.21661093528828942,-3.0193302159370607,1.677953437272608,-0.18948276016412857,0.34450883460593845,-0.33205366740187714,0.3389295523937619,-0.3051515702571199,1.7339941323821728,-0.1379079818919318,0.23399413238217281,0,0,FOLLOWING,1.7339941323821728,0.6031755166730027,0
22.080000000000002,3.400814100390587,-0.21791994477104054,-3.0290388832234405,1.6645353622030639,-0.17524023007581066,0.3492608125521495,-0.3300578892915968,0.3437237449466738,-0.3033982456762367,1.7368032170423118,-0.1371299635282759,0.23680321704231178,0,0,FOLLOWING,1.7368032170423118,0.603939420750171,0
22.112000000000002,3.3897290234351662,-0.21913963390062396,-3.0386872892005283,1.6511139848485095,-0.1609836315155582,0.35396342320442237,-0.32803927440169733,0.3484912720076541,-0.30151503519658096,1.7395874145937864,-0.13634251168499947,0.2395874145937864,0,0,FOLLOWING,1.7395874145937864,0.6046725213525949,0
22.144000000000002,3.378481493139702,-0.22026749518286237,-3.048269803230656,1.6376895745809061,-0.14671410901825707,0.358613528273069,-0.32600989032994643,0.3532401263233949,-0.29945586375232097,1.7423451450088447,-0.13555056324474915,0.24234514500884474,0,0,FOLLOWING,1.7423451450088447,0.6053747278463588,0
22.176000000000002,3.3670602279039965,-0.22130260535434312,-3.057714013881118,1.6242624008330873,-0.13243280815634054,0.36318372750839756,-0.32414701317905226,0.35836991036548427,-0.2951337844649924,1.7450622071711648,-0.13482711348248458,0.24506220717116478,0,0,FOLLOWING,1.7450622071711648,0.6060459535516577,0
22.208000000000002,3.3554745058640503,-0.22224327338182645,-3.0670585113974735,1.61083273309335,-0.11814087544782147,0.3676862691557092,-0.3223562824597006,0.3632374835310821,-0.29201767871976053,1.7477448968748561,-0.13413325945452595,0.24774489687485612,0,0,FOLLOWING,1.7477448968748561,0.6066861157354805,0
22.240000000000002,3.343736385056358,-0.2230868212994019,-3.0763511239273083,1.5974008409000469,-0.1038394582642487,0.3721383000321732,-0.32051887796422246,0.3677541067118206,-0.29039623744768844,1.7504021727518957,-0.13342003063530886,0.2504021727518957,0,0,FOLLOWING,1.7504021727518957,0.607295135604687,0
22.272000000000002,3.331848820394841,-0.22383090246299636,-3.085590637070452,1.5839669938361776,-0.08952970473859623,0.37653936655216075,-0.31863596385233334,0.37220513995917426,-0.28873684616058226,1.753033853445009,-0.13268788266082535,0.25303385344500895,0,0,FOLLOWING,1.753033853445009,0.6078729382994797,0
22.304000000000002,3.319814359265602,-0.22447330150737782,-3.0947758074162643,1.5705314615239723,-0.0752127636730842,0.3808882849729828,-0.31670896022169165,0.3766039782147146,-0.2870385977433365,1.7556393036401117,-0.131937368723156,0.25563930364011167,0,0,FOLLOWING,1.7556393036401117,0.608419452887256,0
22.336000000000002,3.3076355696327364,-0.22501190718444705,-3.103905414731888,1.5570945136194894,-0.06088978444696032,0.3851838638546508,-0.3147393304697364,0.38095075969993875,-0.2853022165805921,1.7582178647596074,-0.1311690591453483,0.2582178647596074,0,0,FOLLOWING,1.7582178647596074,0.6089346123568234,0
22.368000000000002,3.295315078028188,-0.22544470932996902,-3.1129782666180885,1.543656419807197,-0.04656191692422088,0.3894249738474328,-0.3127285579557716,0.3852443730967523,-0.28352857254415814,1.7607688969139137,-0.13038353255435298,0.2607688969139137,0,0,FOLLOWING,1.7607688969139137,0.6094183536129855,0
22.400000000000002,3.2828555687165815,-0.22576979852556736,-3.121993202146366,1.530217449794562,-0.032230311361299786,0.3936105527092134,-0.3106781336711768,0.38948365475272856,-0.28171864915882117,1.7632917821479017,-0.12958137093303734,0.2632917821479017,0,0,FOLLOWING,1.7632917821479017,0.60987061747148,0
22.432000000000002,3.270259779111147,-0.22598536581626044,-3.1309490947072507,1.5167778733066368,-0.017896118314724783,0.3977396038353691,-0.30858954667505106,0.3936675059606051,-0.2798735189546899,1.765785923862112,-0.12876315574358824,0.2657859238621121,0,0,FOLLOWING,1.765785923862112,0.6102913486542628,0
22.464000000000002,3.2575304949829986,-0.2260897022852493,-3.1398448541441457,1.5033379600806465,-0.0035604885487495706,0.4018111941742447,-0.3064642763772607,0.39779490137948786,-0.27799432114146433,1.7682507459275465,-0.12792946480363224,0.2682507459275465,0,0,FOLLOWING,1.7682507459275465,0.610680495785137,0
22.496000000000002,3.244670545818199,-0.2260811985188569,3.1345058789289912,1.4898979798605743,0.010775427057030803,0.40582445212452556,-0.3043037864603036,0.40186488663531855,-0.276082241715872,1.7706856918484155,-0.1270808698349981,0.2706856918484155,0,0,FOLLOWING,1.7706856918484155,0.61103801138571,0
22.528,3.2316828006398612,-0.2259565349939381,3.125733504452956,1.4764582023917479,0.02511047760007376,0.4097781999163533,-0.30210709253598705,0.4058774628916571,-0.2741384669934124,1.7730899681370185,-0.12621692560422249,0.27308996813701847,0,0,FOLLOWING,1.7730899681370185,0.6113638518716876,0
22.56,3.218570173955066,-0.22571414381161725,3.1170243048478925,1.4630188974154272,0.03944351224728347,0.4136716016422453,-0.299875427597209,0.4098316854265463,-0.2721642139104641,1.775463000776588,-0.12533810787051936,0.2754630007765879,0,0,FOLLOWING,1.775463000776588,0.6116579775494765,0
22.592,3.2053356122174956,-0.22535461149723504,3.1083790241060076,1.4495803346633853,0.05377338032740661,0.41750434772972933,-0.29761228415700774,0.41372473715858976,-0.27016670894896716,1.7778045535095157,-0.124445833823835,0.2778045535095157,0,0,FOLLOWING,1.7778045535095157,0.6119203526131255,0
22.624,3.1919820792814164,-0.22487676815835844,3.0997983614813958,1.4361427838525034,0.06809893142339955,0.4212758170329697,-0.2953186190372649,0.41755709275714603,-0.26814735472650253,1.7801141513728052,-0.12354046767634497,0.28011415137280515,0,0,FOLLOWING,1.7801141513728052,0.6121509451415584,0
22.656,3.178512562949457,-0.22427780161895058,3.0912832833492887,1.4227065146793474,0.08241901546479642,0.4249849955591063,-0.292993791944206,0.42133077173576833,-0.2660978032367973,1.7823910392366764,-0.12262170750313171,0.2823910392366764,0,0,FOLLOWING,1.7823910392366764,0.6123497270961344,0
22.688,3.164930082850496,-0.2235549558496825,3.082834964923132,1.4092717968147646,0.09673248282002805,0.4286308407426806,-0.29063770302653186,0.4250461995445669,-0.26401152618236157,1.7846344333491735,-0.12168947429044019,0.2846344333491735,0,0,FOLLOWING,1.7846344333491735,0.6125166743184985,0
22.72,3.1512376830138997,-0.22270975556681044,3.074454283490822,1.3958388998984654,0.11103818438872126,0.43221344550154017,-0.28825514288735343,0.4286951273956984,-0.26189782985184124,1.7868443063646338,-0.12074572829061303,0.28684430636463376,0,0,FOLLOWING,1.7868443063646338,0.6126517665287449,0
22.752,3.137438409186933,-0.22174280521671696,3.066142045992124,1.3824080935336132,0.1253349716939485,0.4357327575191387,-0.2858494222273996,0.432277858268724,-0.25975891823377406,1.7890205119247353,-0.11979181621685075,0.2890205119247353,0,0,FOLLOWING,1.7890205119247353,0.6127549873238758,0
22.784,3.1235353044908494,-0.22065331701375993,3.0578989295783416,1.368979647281413,0.13962169697442875,0.4391883828816006,-0.28342163073264753,0.4357970721465477,-0.257598847464074,1.7911626503335276,-0.11882816118297246,0.2911626503335276,0,0,FOLLOWING,1.7911626503335276,0.6128263241765588,0
22.816,3.1095314140979267,-0.21944057632329064,3.0497255784344293,1.355553830655702,0.15389721327667105,0.4425799564731352,-0.28097281449561984,0.4392525714258545,-0.25541864613831894,1.7932703277423656,-0.11785516888568948,0.2932703277423656,0,0,FOLLOWING,1.7932703277423656,0.6128657684341798,0
22.848,3.0954297854979185,-0.2181040684142521,3.0416224355866324,1.3421309131175396,0.1681603745470531,0.4459071930574852,-0.2785037347108668,0.44264371954435017,-0.2532246007337783,1.7953431860751625,-0.11687312823254237,0.2953431860751625,0,0,FOLLOWING,1.7953431860751625,0.6128733153181889,0
22.88,3.0812334654571543,-0.21664317654757445,3.033590280123228,1.3287111640697988,0.1824100357238277,0.4491697675159287,-0.2760157704109193,0.4459708279054947,-0.25100620885472574,1.7973808397454774,-0.1158825841010378,0.29738083974547735,0,0,FOLLOWING,1.7973808397454774,0.6128489639237396,0
22.912,3.066945498148152,-0.21505748832898913,3.025629659020063,1.315294852851761,0.1966450528290495,0.45236743569061516,-0.2735099472698652,0.4492332946810705,-0.2487707241962933,1.7993829402223558,-0.11488393634115822,0.2993829402223558,0,0,FOLLOWING,1.7993829402223558,0.6127927172196225,0
22.944,3.0525689222932395,-0.2133466877640809,3.0177410899474952,1.3018822487337083,0.21086428306041483,0.45549999191766893,-0.2709872860039977,0.4524308568691983,-0.2465190626992687,1.8013491545913018,-0.11387758367448296,0.30134915459130185,0,0,FOLLOWING,1.8013491545913018,0.6127045820484883,0
22.976,3.0381067682434795,-0.21151054998740806,3.0099250615349504,1.28847362091152,0.22506658488300696,0.45856726611473647,-0.26844879659818016,0.4555633038048766,-0.2442521319269488,1.8032791644485884,-0.11286392129857514,0.3032791644485884,0,0,FOLLOWING,1.8032791644485884,0.6125845691273664,0
23.008,3.0235620554248173,-0.20954893862162435,3.0021820336679172,1.2750692385012699,0.2392508181209399,0.46156912201952777,-0.26589547608324615,0.45863046118430956,-0.24197083015432735,1.8051726655601195,-0.11184333997349372,0.30517266556011946,0,0,FOLLOWING,1.8051726655601195,0.6124326930484755,0
23.04,3.0089377899398304,-0.2074618033867225,2.994512437841022,1.2616693705338262,0.25341584404889134,0.46450545555320477,-0.2633283068628991,0.461632188419552,-0.23967604461978378,1.8070293675973677,-0.11081622533394998,0.30702936759736765,0,0,FOLLOWING,1.8070293675973677,0.6122489722803283,0
23.072,2.9942369622909393,-0.20524917783274674,2.9869166775517293,1.2482742859494464,0.26756052548352655,0.46737619323317064,-0.2607482553876034,0.4645683771962297,-0.23736865025604786,1.8088489938984875,-0.10978295734245691,0.3088489938984875,0,0,FOLLOWING,1.8088489938984875,0.6120334291691368,0
23.104,2.9794625452206946,-0.20291117716112575,2.979395128726437,1.2348842535923878,0.281683726874784,0.4701812906306574,-0.25815627110159534,0.46743895009024167,-0.23504950867813545,1.8106312812492538,-0.10874390985298543,0.31063128124925377,0,0,FOLLOWING,1.8106312812492538,0.6117860899405103,0
23.136,2.9646174916680037,-0.20044799611046077,2.9719481401731542,1.2214995422055066,0.2957843143970444,0.4729207308741941,-0.2555532856087475,0.47024385915590666,-0.23271946735289892,1.8123759796824603,-0.10769945026284278,0.31237597968246034,0,0,FOLLOWING,1.8123759796824603,0.6115069847014569,0
23.168,2.9497047328392325,-0.19785990688864855,2.9645760340564316,1.2081204204248646,0.30986115604015385,0.4755945231999523,-0.2529402120152293,0.4729830844981229,-0.23037935890386702,1.8140828522946189,-0.10664993923552091,0.31408285229461885,0,0,FOLLOWING,1.8140828522946189,0.6111961474426905,0
23.2,2.9347271763928413,-0.1951472571379001,2.9572791063911605,1.1947471567743386,0.3239131217003028,0.4782027015495179,-0.2503179444160407,0.475656632846319,-0.2280300005215004,1.8157516750787437,-0.10559573048104953,0.3157516750787437,0,0,FOLLOWING,1.8157516750787437,0.6108536160412429,0
23.232,2.919687704735942,-0.19231046792290166,2.950057627552495,1.1813800196602304,0.3379390832707522,0.4807453232153245,-0.24768735749946302,0.47826453614463293,-0.22567219345988548,1.8173822367719872,-0.10453717058324763,0.3173822367719872,0,0,FOLLOWING,1.8173822367719872,0.6104794322633899,0
23.264,2.9045891734308804,-0.18935003173525333,2.942911842799472,1.16801927736588,0.3519379147323989,0.4832224675336452,-0.24504930624858032,0.48080685016929703,-0.2233067226083041,1.8189743387168427,-0.10347459886539312,0.31897433871684266,0,0,FOLLOWING,1.8189743387168427,0.61007364176789,0
23.296,2.8894344097097098,-0.18626651050957163,2.935841972810207,1.1546651980462812,0.3659084922441736,0.485634234624882,-0.24240462572317,0.48328365318135663,-0.22093435612997891,1.820527794734662,-0.10240834728752723,0.3205277947346621,0,0,FOLLOWING,1.820527794734662,0.6096362941095456,0
23.328,2.8742262110942183,-0.1830605336483867,2.9288482142266705,1.1413180497226991,0.37984969423326437,0.48798074418073284,-0.23975413090829495,0.4856950446204546,-0.21855584516246473,1.8220424310102636,-0.1013387403698669,0.32204243101026364,0,0,FOLLOWING,1.8220424310102636,0.6091674427430892,0
23.36,2.8589673441189842,-0.17973279605430137,2.9219307402072277,1.1279781002772915,0.39376040148515723,0.49026213429771304,-0.23709861661844442,0.48804114384358643,-0.21617192357534906,1.823518085986445,-0.1002660951378358,0.32351808598644505,0,0,FOLLOWING,1.823518085986445,0.6086671450274016,0
23.392,2.843660543154796,-0.1762840561688877,2.91508970098523,1.114645617447732,0.40763949723348825,0.49247856035647075,-0.23443885744803794,0.49032208891133433,-0.21378330778101234,1.824954610267297,-0.09919072108503313,0.3249546102672971,0,0,FOLLOWING,1.824954610267297,0.6081354622300655,0
23.424,2.8283085093296547,-0.17271513401855756,2.908325224432106,1.1013208688218363,0.4214858672496986,0.4946301939462836,-0.23177560776076553,0.4925380354228101,-0.21139069659414678,1.826351866529273,-0.09811292015114326,0.32635186652927306,0,0,FOLLOWING,1.826351866529273,0.6075724595322667,0
23.456,2.812913909544471,-0.16902690926819505,2.9016374166235264,1.0880041218321934,0.4352983999324844,0.4967172218340959,-0.22910960171154474,0.4946891553998762,-0.2089947711357306,1.827709729439035,-0.09703298671232963,0.327709729439035,0,0,FOLLOWING,1.827709729439035,0.6069782060340423,0
23.488,2.7974793755805187,-0.1652203192837327,2.895026362407372,1.074695643750792,0.44907598639704355,0.4987398449774875,-0.2264415532960719,0.4967756362204321,-0.2065961947768704,1.8290280855772034,-0.09595120758214382,0.3290280855772034,0,0,FOLLOWING,1.8290280855772034,0.6063527747598969,0
23.52,2.782007503295629,-0.16129635720512503,2.888492125972358,1.0613957016836657,0.46281752056408876,0.5006982775808798,-0.22377215642377815,0.49879767960024557,-0.2041956131180642,1.8303068333671517,-0.09486786202132746,0.3303068333671517,0,0,FOLLOWING,1.8303068333671517,0.6056962426647713,0
23.552,2.76650085190609,-0.15725607003134495,2.8820347514163367,1.0481045625655252,0.47652189924865107,0.5025927461944145,-0.22110208501093495,0.5007555006224479,-0.20179365399951002,1.8315458830081481,-0.09378322175526987,0.33154588300814813,0,0,FOLLOWING,1.8315458830081481,0.6050086906403996,0
23.584,2.7509619433511805,-0.15310055671912448,2.8756542633134052,1.0348224931544026,0.4901880222486435,0.5044234888548019,-0.21843199309120545,0.502649326813675,-0.19939092753845009,1.8327451564121156,-0.09269755099810073,0.33274515641211555,0,0,FOLLOWING,1.8327451564121156,0.6042902035220455,0
23.616,2.7353932617372534,-0.14883096629720305,2.8693506672790727,1.0215497600262982,0.5038147924331855,0.5061907542675247,-0.21576251494150928,0.5044793972657605,-0.19698802618984876,1.8339045871434079,-0.09161110648264305,0.33390458714340787,0,0,FOLLOWING,1.8339045871434079,0.6035408700956328,0
23.648,2.7197972528582777,-0.14444849599783677,2.863123950532845,1.0082866295698294,0.5174011158306827,0.5078948010297566,-0.21309426522154182,0.5062459618018293,-0.19458552482708136,1.835024120361031,-0.09052413749563515,0.3350241203610309,0,0,FOLLOWING,1.835024120361031,0.6027607831052836,0
23.68,2.7041763237897505,-0.1399543894072857,2.856974082457676,0.9950333679808844,0.530945901716652,0.5095358968933201,-0.210427839125605,0.5079492801856816,-0.19218398084004584,1.8361037127627764,-0.08943688591776366,0.3361037127627764,0,0,FOLLOWING,1.8361037127627764,0.6019500392612686,0
23.712,2.6885328425528967,-0.1353499346369286,2.8509010151558005,0.9817902412572798,0.5444480627012854,0.5111143180670426,-0.20776381254569407,0.5095896213733646,-0.1897839342480354,1.8371433325308009,-0.08834958626816068,0.33714333253080087,0,0,FOLLOWING,1.8371433325308009,0.6011087392483844,0
23.744,2.6728691378460856,-0.13063646251657196,2.844904684000537,0.9685575151934216,0.5579065148167476,0.5126303485578086,-0.2051027422450237,0.5111672628058654,-0.1873859078259468,1.838142959278192,-0.0872624657531169,0.33814295927819193,0,0,FOLLOWING,1.838142959278192,0.60023698773477,0
23.776,2.6571874988404143,-0.12581534481142112,2.8389850081836885,0.9553354553749708,0.5713201776041975,0.5140842795496329,-0.2024451660412861,0.5126824897419732,-0.18499040724187907,1.8391025839961193,-0.08617574431880426,0.33910258399611926,0,0,FOLLOWING,1.8391025839961193,0.5993348933811733,0
23.808,2.6414901750364352,-0.12088799246407421,2.833141891258199,0.9421243271735128,0.5846879742005294,0.5154764088200193,-0.19979160299909557,0.5141355946302919,-0.18259792120512566,1.8400222090011737,-0.08508963470786135,0.34002220900117375,0,0,FOLLOWING,1.8400222090011737,0.5984025688506798,0
23.84,2.6257793761790285,-0.11585585386278656,2.827375221675784,0.9289243957412332,0.5980088314248223,0.5168070401928839,-0.19714255363113076,0.515526876519514,-0.18020892162373028,1.8409018478825336,-0.08400434251971767,0.34090184788253364,0,0,FOLLOWING,1.8409018478825336,0.5974401308189168,0
23.872,2.6100572722274555,-0.11072041313713636,2.8216848733192315,0.9157359260055897,0.611281679864502,0.5180764830272941,-0.19449850010754705,0.5168566405060324,-0.17782386377070936,1.8417415254486234,-0.0829200662745535,0.34174152544862335,0,0,FOLLOWING,1.8417415254486234,0.5964476999847562,0
23.904,2.5943259933776783,-0.10548318848210263,2.816070706029124,0.9025591826640043,0.6245054539611868,0.5192850517412139,-0.19185990647324286,0.5181251972180266,-0.1754431864585629,1.8425412776729082,-0.08183699748078777,0.3425412776729082,0,0,FOLLOWING,1.8425412776729082,0.5954254010815097,0
23.936,2.5785876301340522,-0.10014573051144987,2.8105325661247336,0.889394430178544,0.6376790920962364,0.5204330653695025,-0.18922721887263472,0.5193328623351239,-0.17306731222145688,1.8433011516385467,-0.0807553207060221,0.3433011516385467,0,0,FOLLOWING,1.8433011516385467,0.5943733628886524,0
23.968,2.562844233427575,-0.0947096206411949,2.8050702869188444,0.8762419327706151,0.6508015366759792,0.5215208471553282,-0.1866008657815339,0.5204799561428045,-0.17069664750493307,1.844021205481581,-0.07967521365132546,0.344021205481581,0,0,FOLLOWING,1.844021205481581,0.5932917182440838,0
24.0,2.547097814777901,-0.08917646950381956,2.799683689226286,0.8631019544156603,0.663871734216616,0.5225487241741481,-0.18398125824577805,0.5215668031206262,-0.16833158286249986,1.8447015083323748,-0.07859684722877702,0.3447015083323748,0,0,FOLLOWING,1.8447015083323748,0.5921806040569342,0
24.032,2.531350346496405,-0.0835479153937785,2.7943725818659573,0.8499747588378598,0.6768886354287962,0.5235170269894396,-0.18136879012624207,0.5225937315634326,-0.16597249315909832,1.8453421402550403,-0.07752038564215757,0.3453421402550403,0,0,FOLLOWING,1.8453421402550403,0.5910401613209476,0
24.064,2.5156037619276272,-0.07782562274474647,2.789136762156136,0.8368606095048393,0.6898511953018547,0.5244260893392704,-0.17876383834984746,0.523561073234636,-0.16361973778093647,1.8459431921845684,-0.0764459864706839,0.34594319218456837,0,0,FOLLOWING,1.8459431921845684,0.5898705351284482,0
24.096,2.4998599557265013,-0.07201128063894692,2.7839760164028826,0.8237597696223813,0.7027583731877067,0.525276247852853,-0.17616676316619917,0.5244691630506724,-0.16127366085139422,1.8465047658614202,-0.07537380075567014,0.3465047658614202,0,0,FOLLOWING,1.8465047658614202,0.5886718746849112,0
24.128,2.4841207841688298,-0.06610660134880281,2.778890120381345,0.8106725021291428,0.7156091328843927,0.5260678417961706,-0.17357790840946763,0.5253183387957239,-0.15893459145275454,1.8470269737633296,-0.07430397308999881,0.3470269737633296,0,0,FOLLOWING,1.8470269737633296,0.587444333324162,0
24.16,2.4683880654925403,-0.06011331891106109,2.7738788398097998,0.7975990696913778,0.7284024427192648,0.5268012128457665,-0.17099760176511974,0.5261089408657573,-0.15660284385335357,1.84750993903408,-0.073236641710269,0.3475099390340799,0,0,FOLLOWING,1.84750993903408,0.5861880685242143,0
24.192,2.4526635802673242,-0.05403318773345235,2.768941930816264,0.7845397346976661,0.7411372756318113,0.5274767048897632,-0.16842615504113548,0.5268413120410042,-0.15427871773973947,1.8479537954090284,-0.07217193859150273,0.3479537954090284,0,0,FOLLOWING,1.8479537954090284,0.5849032419237752,0
24.224,2.436949071790338,-0.047867981233865264,2.7640791403975267,0.7714947592536463,0.7538126092561104,0.5280946638551914,-0.16586386444330772,0.5275157972858552,-0.15196249845351978,1.848358687137164,-0.07110998954426817,0.348358687137164,0,0,FOLLOWING,1.848358687137164,0.5835900193394346,0
24.256,2.4212462465057127,-0.0416194905119385,2.7592902068704612,0.758464405176757,0.7664274260029046,0.528655437560667,-0.16331101085425045,0.5281327435752732,-0.14965445723264184,1.8487247688994861,-0.07005091431408238,0.3487247688994861,0,0,FOLLOWING,1.8487247688994861,0.5822485707835604,0
24.288,2.405556774445702,-0.03528952305290101,2.7545748603154965,0.7454489339909764,0.7789807131412996,0.5291593755934862,-0.16076786011572905,0.5286924997467419,-0.14735485145653054,1.8490522057235192,-0.06899482668295764,0.34905220572351925,0,0,FOLLOWING,1.8490522057235192,0.5808790704829276,0
24.32,2.3898822896913643,-0.02887990146342552,2.749932823012125,0.732448606921582,0.7914714628800595,0.5296068292101299,-0.15823466331394542,0.5291954163767624,-0.14506392489482187,1.8493411728937472,-0.06794183457294789,0.3493411728937472,0,0,FOLLOWING,1.8493411728937472,0.5794816968980901,0
24.352,2.3742243908507605,-0.02239246223919842,2.7453638098663538,0.7194636848899019,0.8038986724485192,0.5299981512592684,-0.15571165706740153,0.5296418456809404,-0.14278190795929527,1.8495918558578255,-0.06689204015155115,0.3495918558578255,0,0,FOLLOWING,1.8495918558578255,0.5780566327435356,0
24.384,2.358584641552728,-0.015829054563855798,2.74086752883,0.7064944285080792,0.8162613441770852,0.5303336961262504,-0.15319906381697163,0.5300321414366564,-0.1405090179586325,1.8498044501283835,-0.06584553993882247,0.34980445012838346,0,0,FOLLOWING,1.8498044501283835,0.5766040650086381,0
24.416,2.3429645709543476,-0.009191539138880118,2.736443681311759,0.6935410980738417,0.828558485577331,0.5306138196981015,-0.1506970921178383,0.5303666589273764,-0.13824545935559332,1.8499791611802554,-0.06480242491605859,0.3499791611802554,0,0,FOLLOWING,1.8499791611802554,0.5751241849794365,0
24.448,2.327365674260333,-0.0024817870440124803,2.7320919625799744,0.6806039535652781,0.8407891094216741,0.5308388793480546,-0.14820593693293796,0.5306457549075453,-0.13599142402644587,1.8501162043430082,-0.0637627806359049,0.35011620434300816,0,0,FOLLOWING,1.8501162043430082,0.5736171882612637,0
24.48,2.311789413252616,0.004298321372311273,2.7278120621570476,0.667683254635619,0.8529522338226324,0.5310092339386253,-0.1457257799275548,0.5308697875870991,-0.13374709152205794,1.850215804688625,-0.06272668733373354,0.350215804688625,0,0,FOLLOWING,1.850215804688625,0.5720832748022556,0
24.512,2.296237216828499,0.011146897573023494,2.723603664205454,0.6547792606080264,0.8650468823116507,0.5311252438422167,-0.1432567897647551,0.5310391166346222,-0.13151262933035704,1.850278196914215,-0.06169422004016356,0.350278196914215,0,0,FOLLOWING,1.850278196914215,0.5705226489177633,0
24.544,2.2807104815458064,0.018062045883545163,2.719466447905316,0.6418922304703892,0.8770720839174926,0.5311872709782886,-0.14079912240132134,0.5311541031980975,-0.12928819314007747,1.850303625219648,-0.06066544869456391,0.3503036252196481,0,0,FOLLOWING,1.850303625219648,0.5689355193156987,0
24.576,2.2652105721735647,0.025041864514547093,2.715400087823522,0.6290224228701242,0.8890268732441918,0.5311956788660742,-0.13835292138388372,0.53121510994228,-0.1270739271051446,1.8502923431800127,-0.059640438259414015,0.3502923431800127,0,0,FOLLOWING,1.8502923431800127,0.5673220991228467,0
24.608,2.2497388222467833,0.03208444655695878,2.71140425427436,0.6161700961089858,0.9009102905485543,0.531150832691841,-0.13591831814492436,0.5312225011016788,-0.12486996410962006,1.8502446136127988,-0.05861924883536407,0.3502446136127988,0,0,FOLLOWING,1.8502446136127988,0.5656826059121648,0
24.64,2.234296534624017,0.03918788094985115,2.7074786136716726,0.6033355081378831,0.9127213818172066,0.5310530993897187,-0.13349543229837263,0.5311766425481378,-0.12267642603280768,1.8501607084397511,-0.057601935776868896,0.3501607084397511,0,0,FOLLOWING,1.8501607084397511,0.5640172617311066,0
24.672,2.2188849820464314,0.0463502534218344,2.703622828872533,0.590518916551697,0.92445919884319,0.5309028477350833,-0.13108437193451866,0.5310779018720241,-0.12049342401426648,1.8500409085433238,-0.0565885498082599,0.3500409085433238,0,0,FOLLOWING,1.8500409085433238,0.562326293131005,0
24.704,2.2035054076971914,0.05356964740662449,2.699836559512447,0.5777205785841182,0.9361227993020764,0.530700448449484,-0.12868523391394307,0.5309266484760353,-0.11832105871851446,1.8498855036176756,-0.05557913714011108,0.34988550361767556,0,0,FOLLOWING,1.8498855036176756,0.5606099311975313,0
24.736,2.1881590257600423,0.06084414493343903,2.69611946233211,0.5649407511024798,0.9477112468276234,0.5304462743161557,-0.12629810416021572,0.5307232536805627,-0.11615942059903712,1.8496947920142024,-0.05457373958577705,0.3496947920142024,0,0,FOLLOWING,1.8496947920142024,0.5588684115822793,0
24.768,2.172847021976033,0.0681718274928885,2.6924711914957435,0.5521796906026017,0.9592236110869463,0.5301407003051002,-0.12392305795113205,0.5304680908396902,-0.1140085901614175,1.8494690805815681,-0.053572394677976476,0.3494690805815681,0,0,FOLLOWING,1.8494690805815681,0.5571019745355016,0
24.8,2.157570554197397,0.07555077687903093,2.688891398901044,0.5394376532036447,0.9706589678552059,0.5297841037067541,-0.12156016020820559,0.5301615354667775,-0.11186863822539313,1.8492086845002371,-0.05257513578528527,0.3492086845002371,0,0,FOLLOWING,1.8492086845002371,0.5553108649400295,0
24.832,2.1423307529376636,0.08297907600825785,2.685379734480794,0.5267148946429685,0.9820163990898059,0.5293768642732694,-0.1192094657842318,0.5298039653686961,-0.1097396261855422,1.8489139271115194,-0.05158199222843374,0.34891392711151936,0,0,FOLLOWING,1.8489139271115194,0.5534953323464153,0
24.864,2.127128722015576,0.09045482169216403,2.6819358194601683,0.5140116702709989,0.9932949930040952,0.5289193566111628,-0.11687094210651594,0.5293959241618942,-0.10762245114760172,1.8485851339777875,-0.05059295668076924,0.34858513397778745,0,0,FOLLOWING,1.8485851339777875,0.5516556310093316,0
24.896,2.111965539471145,0.0979761339352843,2.6785592301491485,0.5013282350461044,1.004493844140566,0.5284119447828797,-0.11454442071247685,0.528938070931336,-0.10551851670517075,1.8482226287223593,-0.049607964704386553,0.3482226287223593,0,0,FOLLOWING,1.8482226287223593,0.5497920199252613,0
24.928,2.0968422583016757,0.1055411049203071,2.6752496207170906,0.4886648435294776,1.0156120534435458,0.5278550167076124,-0.11222994610952834,0.5284303414379146,-0.10342538973975092,1.8478267583107941,-0.04862704173889609,0.3478267583107941,0,0,FOLLOWING,1.8478267583107941,0.54790476287152,0
24.96,2.0817599065988466,0.11314782995656274,2.672006644171043,0.4760217498800261,1.0266487283313743,0.5272489645121853,-0.10992755401325226,0.5278731019178938,-0.10134310656377413,1.8473978779013316,-0.04765020972486633,0.3473978779013316,0,0,FOLLOWING,1.8473978779013316,0.5459941284466442,0
24.992,2.066719487727906,0.12079440903360636,2.6688299525385895,0.4633992078492726,1.0376029827680602,0.5265941836870291,-0.10763727074428549,0.5272667424044012,-0.09927169777719186,1.846936349943631,-0.04667748683176276,0.3469363499436311,0,0,FOLLOWING,1.846936349943631,0.5440603901121825,0
25.024,2.0517219807934612,0.12847894757876532,2.665719197126798,0.45079747077626076,1.0484739373344143,0.5258910731536262,-0.10535911347777216,0.5266116582227721,-0.09721118588808997,1.84644254390688,-0.04570888755924818,0.3464425439068799,0,0,FOLLOWING,1.84644254390688,0.5421038262359354,0
25.056,2.0367683411421837,0.136199557151204,2.6626740287750907,0.43821679158247284,1.059260719298648,0.525140035421048,-0.1030930905122042,0.5259082483083535,-0.09516158550242569,1.845916836064058,-0.044744422848502996,0.3459168360640581,0,0,FOLLOWING,1.845916836064058,0.5401247201366717,0
25.088,2.0218595008615514,0.14395435611360918,2.6596940981024337,0.42565742276674756,1.0699624626864421,0.5243414767513307,-0.10083920154114011,0.5251569151903204,-0.09312290350164065,1.8453596092774909,-0.04378410019528056,0.3453596092774909,0,0,FOLLOWING,1.8453596092774909,0.5381233601303762,0
25.12,2.006996369269458,0.151741470284672,2.656779055748958,0.4131196164002202,1.0805783083504612,0.5234958073249841,-0.09859743792804901,0.52435806514092,-0.09109513921672159,1.8447712527804196,-0.04282792376463895,0.34477125278041965,0,0,FOLLOWING,1.8447712527804196,0.5361000395780485,0
25.152,1.9921798333937728,0.15955903357299508,2.6539285526117586,0.40060362412125916,1.0911074040393318,0.5226034414051424,-0.09636778298360978,0.5235121083396376,-0.08907828460999206,1.8441521619543089,-0.04187589450702456,0.34415216195430887,0,0,FOLLOWING,1.8441521619543089,0.5340550569351116,0
25.184,1.9774107584414502,0.16740518859296435,2.651142240074452,0.38810969713041565,1.101548904466061,0.5216647974994312,-0.09415021224413364,0.5226194590372212,-0.08707232447032728,1.8435027381020015,-0.04092801027511728,0.3435027381020015,0,0,FOLLOWING,1.8435027381020015,0.5319887158024617,0
25.216,1.9626899882569415,0.17527808726318791,2.6484197702300207,0.3756380861853823,1.1119019713758953,0.5206802985187766,-0.09194469374949361,0.5216805357176573,-0.08507723662281352,1.8428233882169305,-0.03998426594072501,0.3428233882169305,0,0,FOLLOWING,1.8428233882169305,0.5299013249792015,0
25.248,1.9480183457697127,0.18317589138814677,2.6457607960965452,0.3631890415959611,1.1221657736136197,0.5196503719323355,-0.08975118831906297,0.5206957612574302,-0.08309299215107592,1.8421145247485742,-0.039044653511061345,0.3421145247485742,0,0,FOLLOWING,1.8421145247485742,0.5277931985170978,0
25.28,1.9333966334307595,0.19109677322370033,2.6431649718255055,0.35076281321903835,1.1323394871902808,0.518575449917799,-0.08756964982428173,0.5196655630812395,-0.08111955562946944,1.8413765653643799,-0.03810916224380234,0.3413765653643799,0,0,FOLLOWING,1.8413765653643799,0.5256646557768017,0
25.312,1.9188256336380356,0.19903891602706753,2.6406319529024445,0.3383596504535713,1.1424222953493384,0.5174559695063029,-0.0854000254567888,0.5185903733133868,-0.07915688536175597,1.840609932708379,-0.03717777876043016,0.3406099327083789,0,0,FOLLOWING,1.840609932708379,0.5235160214858784,0
25.344,1.9043061091507623,0.20700051459186425,2.638161396339913,0.3259798022355813,1.1524133886322374,0.5162923727212512,-0.08324225599131395,0.5174706289240332,-0.07720493362236217,1.8398150541567466,-0.036250487157503564,0.3398150541567466,0,0,FOLLOWING,1.8398150541567466,0.5213476257986788,0
25.376,1.889838803492614,0.21497977576872837,2.6357529608626953,0.3136235170331587,1.1623119649433886,0.5150851067103704,-0.08109627604280492,0.5163067718694457,-0.0752636468975061,1.8389923615705739,-0.03532726911559303,0.3389923615705739,0,0,FOLLOWING,1.8389923615705739,0.5191598043580987,0
25.408,1.8754244413437944,0.22297491897200958,2.6334063070854072,0.301291042841475,1.172117229614565,0.5138346238703667,-0.0789620143175179,0.5150992492255166,-0.07333296612363949,1.8381422910461396,-0.03440810400574001,0.3381422910461396,0,0,FOLLOWING,1.8381422910461396,0.5169528983592608,0
25.44,1.861063728922054,0.23098417667294965,2.6311210976826125,0.28898262717780643,1.1818283954686963,0.5125413819635983,-0.07683939385792234,0.5138485133138085,-0.0714128269212205,1.8372652826629858,-0.033492968993347194,0.33726528266298583,0,0,FOLLOWING,1.8372652826629858,0.514727254615161,0
25.472,1.8467573543527012,0.23900579487972973,2.6288969975516423,0.27669851707656656,1.1914446828830652,0.5112058442262072,-0.07472833228147932,0.5125550218195098,-0.06950315982280017,1.836361780230115,-0.03258183913948986,0.3363617802301151,0,0,FOLLOWING,1.836361780230115,0.5124832256243131,0
25.504,1.8325059880276926,0.24703803360471488,2.6267336739683236,0.2644389590843439,1.2009653198518986,0.5098284794672168,-0.07262874201337668,0.511219237900701,-0.06760389049448517,1.8354322310306466,-0.03167468749966185,0.33543223103064657,0,0,FOLLOWING,1.8354322310306466,0.5102211696404372,0
25.536,1.8183102829539017,0.25507916731918845,2.6246307967358424,0.2522041992549613,1.21038954204834,0.5084097621581012,-0.0705405305133997,0.5098416302884109,-0.06571493995058726,1.834477085565253,-0.03077148521999895,0.334477085565253,0,0,FOLLOWING,1.834477085565253,0.5079414507442093,0
25.568,1.8041708750906778,0.26312748539583103,2.6225880383269526,0.2399944831445313,1.2197165928858142,0.5069501725124451,-0.06846360049712669,0.5084226733769766,-0.06383622476152881,1.8334967972947613,-0.029872201631035544,0.33349679729476134,0,0,FOLLOWING,1.8334967972947613,0.5056444389171248,0
25.6,1.7900883836768309,0.27118129253917206,2.620605074019749,0.22781005580653058,1.2289457235787666,0.5054501965552837,-0.06639785015162344,0.506962847304369,-0.06196765725501127,1.83249182238225,-0.02897680433904437,0.33249182238224995,0,0,FOLLOWING,1.83249182238225,0.5033305101174963,0
25.632,1.7760634115471938,0.27923890920421224,2.6186815820271985,0.21565116178688037,1.2380761932027753,0.5039103261817952,-0.06434317334582988,0.505462638022024,-0.06010914571094857,1.8314626194350196,-0.028085259315015154,0.33146261943501965,0,0,FOLLOWING,1.8314626194350196,0.5010000463586181,0
25.664,1.7620965454389237,0.2872986720033961,2.6168172436206283,0.20351804511903904,1.2471072687540339,0.502331059205057,-0.06229945983579259,0.5039225373539338,-0.058260594550488445,1.8304096492468043,-0.027197530981319495,0.33040964924680427,0,0,FOLLOWING,1.8304096492468043,0.49865343578912275,0
25.696,1.74818835628773,0.29535893410208985,2.6150117432473348,0.1914109493191043,1.2560382252081983,0.5007128993926112,-0.06026659546487305,0.5023430430447103,-0.056421904519498745,1.8293333745405984,-0.026313582296090487,0.3293333745405984,0,0,FOLLOWING,1.8293333745405984,0.49629107277555773,0
25.728,1.7343393995142236,0.30341806560270584,2.613264768642493,0.1793301173809252,1.2648683455785914,0.4990563564916418,-0.05824446235906658,0.5007246587963646,-0.05459297286695584,1.8282342597124759,-0.025433374835362343,0.3282342597124759,0,0,FOLLOWING,1.8282342597124759,0.49391335798719765,0
25.76,1.7205502153005967,0.3114744539175969,2.611576010935508,0.1672757917712251,1.273596920973764,0.49736194624259794,-0.05623293911750753,0.49906789429366205,-0.05277369351841039,1.8271127705767773,-0.02455686887297981,0.32711277057677735,0,0,FOLLOWING,1.8271127705767773,0.49152069848311425,0
25.792,1.7068213288578633,0.31952650413082917,2.609945164750959,0.15524821442473646,1.282223250654406,0.4956301903811553,-0.05423190099823474,0.4973732652178502,-0.05096395724505108,1.8259693741130472,-0.023684023458296895,0.32596937411304716,0,0,FOLLOWING,1.8259693741130472,0.489113507801513,0
25.824,1.6931532506838831,0.3275726393489304,2.6083719283042752,0.1432476267393441,1.2907466420896019,0.49386161662844064,-0.052241220099315006,0.4956412932487342,-0.04916365182828799,1.8248045382150926,-0.022814796491689826,0.3248045382150926,0,0,FOLLOWING,1.8248045382150926,0.4866922060513478,0
25.856,1.6795464768124273,0.33561130104069736,2.6068560034922776,0.13127426957124122,1.2991664110124264,0.4920567586695053,-0.05026076553534173,0.49387250605494115,-0.04737266222031212,1.8236187314425472,-0.021949144797881903,0.32361873144254716,0,0,FOLLOWING,1.8236187314425472,0.4842572200062171,0
25.888,1.6660014890535273,0.34364094936613515,2.605397095978711,0.11932838323009132,1.3074818814748828,0.4902161561200654,-0.048290403609394524,0.49206743727246316,-0.04559087070050152,1.8224124227753093,-0.021087024197103954,0.32241242277530935,0,0,FOLLOWING,1.8224124227753093,0.4818089832005406,0
25.92,1.6525187552253715,0.35166006349459034,2.603994915274892,0.10741020747421137,1.315692385902163,0.488340354481563,-0.04632999798047107,0.4902266264713987,-0.04381815702805488,1.8211860813712137,-0.020228389574088013,0.32118608137121374,0,0,FOLLOWING,1.8211860813712137,0.4793479360280014,0
25.952,1.6390987293780135,0.35966714191213195,2.6026491748156078,0.09551998150575658,1.3237972651462444,0.48642990508468026,-0.0443794098264867,0.4883506191110585,-0.042054398590577365,1.819940176327318,-0.019373194944928063,0.31994017632731797,0,0,FOLLOWING,1.819940176327318,0.47687452584224677,0
25.984,1.625741852009157,0.367660702718225,2.6013595920303687,0.08365794396591886,1.3317958685388067,0.48448536502144524,-0.04243849800285027,0.4864399664834757,-0.04029947054900072,1.8186751764451472,-0.01852139352180293,0.3186751764451472,0,0,FOLLOWING,1.8186751764451472,0.47438920705982096,0
26.016000000000002,1.6124485502722932,0.3756392839117329,2.6001258884101546,0.07182433293013801,1.339687553943468,0.48250729706612744,-0.04050711919669661,0.48449522564548636,-0.038553245978684814,1.8173915500002495,-0.017672937775595976,0.31739155000024954,0,0,FOLLOWING,1.8173915500002495,0.47189244126530006,0
26.048000000000002,1.5992192381774533,0.3836014436662809,2.598947789569758,0.06001938590332423,1.3474716878073356,0.4804962695851522,-0.03858512807681377,0.48251695933964456,-0.036815596006755276,1.8160897645164011,-0.016827779496421783,0.31608976451640114,0,0,FOLLOWING,1.8160897645164011,0.46938469731858545,0
26.080000000000002,1.5860543167848549,0.3915457605950058,2.5978250253058537,0.04824333981508966,1.3551476452118694,0.4784528564363191,-0.03667237743934572,0.48050573590407963,-0.03508638994581796,1.8147702865447943,-0.015985869852095384,0.31477028654479433,0,0,FOLLOWING,1.8147702865447943,0.4668664514643099,0
26.112000000000002,1.5729541743917055,0.39947083400471173,2.5967573296509068,0.03649643101499467,1.3627148099230495,0.47637763685762374,-0.03476871834932638,0.47846212917169173,-0.033365495423961125,1.8134335814485245,-0.015147159444565794,0.3134335814485245,0,0,FOLLOWING,1.8134335814485245,0.4643381874432918,0
26.144000000000002,1.5599191867124316,0.40737528413945195,2.5957444409230357,0.02477889526780297,1.3701725744408502,0.4742711953460369,-0.03287400027810191,0.47638671835891444,-0.03165277851113125,1.812080113192685,-0.014311598364345812,0.3120801131926849,0,0,FOLLOWING,1.812080113192685,0.4618003966059646,0
26.176000000000002,1.5469497170525937,0.41525775241355045,2.5947861017719447,0.013090967748750959,1.377520340048009,0.47213412152661877,-0.030988071236748144,0.47428008794443877,-0.029948103841992674,1.8107103441403634,-0.013479136242978917,0.31071034414036336,0,0,FOLLOWING,1.8107103441403634,0.45925357802769695,0
26.208000000000002,1.5340461164767434,0.42311690163407745,2.59388205922104,0.0014328830388268265,1.384757516858093,0.4699670100123685,-0.029110777905527543,0.47214282753825554,-0.028251334735167707,1.8093247348548156,-0.01264972230357353,0.3093247348548156,0,0,FOLLOWING,1.8093247348548156,0.45669823862589887,0
26.240000000000002,1.5212087239704768,0.43095141621279365,2.5930320647058367,-0.0101951248799379,1.3918835238628553,0.4677704602552714,-0.027241965759481148,0.4699755317414197,-0.026562333309126166,1.8079237439080924,-0.011823305409448537,0.3079237439080924,0,0,FOLLOWING,1.8079237439080924,0.4541348932788039,0
26.272000000000002,1.5084378665969234,0.43876000236757623,2.592235874108774,-0.021792822629161712,1.398897788978879,0.46554507638897746,-0.025381479190249384,0.46777879999700267,-0.024880960594551648,1.8065078276963515,-0.010999834110937188,0.30650782769635154,0,0,FOLLOWING,1.8065078276963515,0.45156406494578616,0
26.304000000000002,1.4957338596479117,0.44654138831334333,2.59149324779053,-0.033359977438803146,1.405799749093506,0.46329146706364116,-0.02352916162418417,0.4655532364326729,-0.023207076643438455,1.8050774402621117,-0.01017925669038311,0.3050774402621117,0,0,FOLLOWING,1.8050774402621117,0.4489862847890721,0
26.336000000000002,1.483097006790035,0.4542943244424944,2.5908039506179623,-0.04489635715182638,1.4125888501100414,0.46101024527338286,-0.021684855636860612,0.4632994496954228,-0.021540540634930477,1.8036330331236325,-0.0093615212053888,0.30363303312363255,0,0,FOLLOWING,1.8036330331236325,0.4464020922966645,0
26.368000000000002,1.4705276002058414,0.46201758349488786,2.590167751988756,-0.05640173022886241,1.41926454699224,0.45870202817694805,-0.01984840306409197,0.46101805277889973,-0.019881210977831132,1.8021750551116487,-0.008546575530361535,0.30217505511164866,0,0,FOLLOWING,1.8021750551116487,0.44381203540629444,0
26.400000000000002,1.458025920730354,0.4697099607173811,2.589584425852892,-0.06787586575285776,1.4258263038080599,0.45636743691208426,-0.018019645109494598,0.45870966284395076,-0.01822894541021373,1.8007039522136197,-0.007734367396399211,0.3007039522136197,0,0,FOLLOWING,1.8007039522136197,0.4412166706301857,0
26.432000000000002,1.4455922379831225,0.4773702740129619,2.589053750731031,-0.07931853343370854,1.4322735937726896,0.45400709640419734,-0.0161984224487587,0.45637490103285216,-0.016583601095719356,1.799220167425661,-0.006924844429584631,0.29922016742566093,0,0,FOLLOWING,1.799220167425661,0.4386165631803942,0
26.464000000000002,1.4332268104959975,0.48499736407950633,2.5885755097299,-0.09072950361288079,1.438605899290838,0.4516216351698584,-0.014384575330681198,0.454014392277827,-0.014945034717210355,1.7977241406122964,-0.006117954187728537,0.29772414061229635,0,0,FOLLOWING,1.7977241406122964,0.43601228709444917,0
26.496000000000002,1.4209298858368025,0.49259009453820246,2.588149490554786,-0.10210854726802232,1.444822711998287,0.4492116851157371,-0.012577943675065286,0.45162876510439826,-0.013313102567206903,1.7962163083741567,-0.005313644195621858,0.2962163083741567,0,0,FOLLOWING,1.7962163083741567,0.43340442536101387,0
26.528000000000002,1.4087017007290745,0.5001473520516863,2.5877754855192165,-0.11345543601755659,1.4509235328027048,0.44677788133353785,-0.010778367167623691,0.4492186514301786,-0.01168766063580809,1.794697103923722,-0.004511861978861553,0.29469710392372206,0,0,FOLLOWING,1.794697103923722,0.43079357004523133,0
26.560000000000002,1.3965424811680311,0.5076680464319416,2.58745329155191,-0.12476994212526948,1.456907871923713,0.44432086189153536,-0.008985685351911639,0.4467846863596275,-0.010068564695831088,1.7931669569692006,-0.003712555096284209,0.2931669569692006,0,0,FOLLOWING,1.7931669569692006,0.42818032241340775,0
26.592000000000002,1.3844524425329037,0.5151511107380241,2.5871827102011005,-0.13605183850487634,1.4627752489322057,0.4418412676232657,-0.007199737718490695,0.44432750797544607,-0.008455670385238303,1.7916262936065885,-0.0029156711710993655,0.29162629360658854,0,0,FOLLOWING,1.7916262936065885,0.42556529305663404,0
26.624000000000002,1.3724317896957767,0.5225955013636743,2.5869635476362838,-0.14730089872458318,1.4685251927889202,0.4393397419139808,-0.0054203637913327425,0.441847757127088,-0.006848833287230365,1.7900755362199763,-0.0021211579207456315,0.2900755362199763,0,0,FOLLOWING,1.7900755362199763,0.422949102012925,0
26.656,1.3604807171031532,0.5300001957579245,2.586795618457496,-0.15851689701162974,1.4741572418822522,0.43681693253723214,-0.003647414833715088,0.43934603902307284,-0.005247789946455581,1.7885151046140535,-0.001328968121859564,0.2885151046140535,0,0,FOLLOWING,1.7885151046140535,0.42033237888740665,0
26.688,1.3485994234611884,0.5373641967435634,2.5866799931988327,-0.16969960825681807,1.479670944065313,0.4342735287995603,-0.001883696242348718,0.43682264382168856,-0.003613292411781396,1.7869454260732005,-0.000540300827044593,0.2869454260732005,0,0,FOLLOWING,1.7869454260732005,0.41771576297003515,0
26.72,1.3367880579521343,0.5446865181464312,2.586618868344107,-0.18084880801904024,1.4850658566922332,0.4317102009462822,-0.0001347155614370463,0.4342790583400386,-0.0019101547852052054,1.78536689711629,0.00024250582119655914,0.28536689711628993,0,0,FOLLOWING,1.78536689711629,0.4150999033503168,0
26.752,1.325046753243826,0.5519661661653382,2.586612034192286,-0.19196427252976922,1.4903415466536911,0.4291276001512317,0.0015996967487422371,0.43171558689957057,-0.00021357033337291147,1.7837799211296546,0.0010195074699130833,0.28377992112965456,0,0,FOLLOWING,1.7837799211296546,0.4124854590283958,0
26.784,1.3133756335048923,0.5592021719707825,2.586659234125304,-0.20304577869755924,1.4954975904116896,0.42652637853880443,0.0033198341901360274,0.4291328634365876,0.0014749948106801698,1.7821848978092905,0.0017908120373641978,0.28218489780929046,0,0,FOLLOWING,1.7821848978092905,0.4098730990218913,0
26.816,1.3017748148365738,0.566393593008087,2.586760180292152,-0.21409310411252136,1.5005335740335555,0.42390718849294073,0.005026078590039044,0.4265315355423035,0.0031545646198826364,1.780582222715178,0.0025565647061855934,0.28058222271517796,0,0,FOLLOWING,1.780582222715178,0.40726350246776527,0
26.848,1.2902443943165813,0.5735395131222432,2.5869134214308525,-0.22510602705078564,1.5054490932251703,0.42127064521447954,0.006721575935010154,0.42391254798143896,0.004788782497867072,1.7789722777564214,0.003318076870290732,0.2789722777564214,0,0,FOLLOWING,1.7789722777564214,0.40465735871847,0
26.88,1.278784492885024,0.5806390565955735,2.5871173265793037,-0.23608432647895405,1.510243753363429,0.41861739028622014,0.00840995168209228,0.4212759399075698,0.006372032836590027,1.777355460265073,0.0040768617265074525,0.27735546026507296,0,0,FOLLOWING,1.777355460265073,0.40205536743156467,0
26.912,1.2673952243736442,0.5876913939823961,2.5873706182517835,-0.2470277820585336,1.5149171695279193,0.4159480541649617,0.010094029714224068,0.418622673372908,0.007915361772314706,1.7757321535769612,0.0048340947571854365,0.27573215357696124,0,0,FOLLOWING,1.7757321535769612,0.3994582386519199,0
26.944,1.2560767016440268,0.5946957247587221,2.5876729388039093,-0.2579361741503612,1.5194689665318242,0.41326329188043687,0.011774475316762198,0.4159532629235911,0.009447514336894813,1.7741027413232655,0.005590040842652133,0.2741027413232655,0,0,FOLLOWING,1.7741027413232655,0.3968666928855833,0
26.976,1.244829029422955,0.6016512776010006,2.5880240712508535,-0.2688092838190099,1.5238987789520417,0.41056375829002206,0.013451637320711246,0.41326842103544187,0.010972886139453013,1.772467601131885,0.006344831428032105,0.27246760113188495,0,0,FOLLOWING,1.772467601131885,0.39428146116429613,0
27.008,1.2336523030598059,0.6085573049419026,2.588423831911252,-0.2796468928371847,1.5282062511585226,0.4078501087537586,0.015125795564521108,0.41056880586768285,0.012492517911354094,1.7708271063488434,0.007098568855175458,0.27082710634884344,0,0,FOLLOWING,1.7708271063488434,0.39170328509959984,0
27.04,1.2225466084252585,0.6154130825440461,2.588872063600669,-0.2904487836901004,1.5323910373428191,0.4051229989671073,0.016797176354278145,0.4078550736281453,0.014007237683204903,1.7691816261054853,0.007851332885882911,0.26918162610548535,0,0,FOLLOWING,1.7691816261054853,0.389132916925386,0
27.072,1.2115120218657607,0.6222179092925556,2.5893686302909757,-0.3012147395798519,1.5364528015458496,0.4023830846936277,0.01846596473581583,0.4051278805392941,0.015517706591369395,1.767531525322002,0.00860318588347031,0.2675315253220021,0,0,FOLLOWING,1.767531525322002,0.3865711195276894,0
27.104,1.2005486101958163,0.6289711070531601,2.589913412883344,-0.3119445444297577,1.5403912176848655,0.3996310215030484,0.02013231423294452,0.40238788279466914,0.01702445367820953,1.7658771647125207,0.009354176926406943,0.26587716471252065,0,0,FOLLOWING,1.7658771647125207,0.38401866646042404,0
27.136,1.1896564307177258,0.6356720205674405,2.5905063058782773,-0.32263798288870316,1.5442059695796335,0.39686746452459815,0.021796354527019845,0.39963573632738253,0.018527903924636786,1.7642189007979998,0.010104345054037898,0.2642189007979998,0,0,FOLLOWING,1.7642189007979998,0.381476341945721,0
27.168,1.1788355312590886,0.642320017369204,2.591147214764658,-0.33329484033545964,1.5478967509778165,0.39409306821552037,0.02345819747539086,0.3968720965732,0.02002840071911915,1.7625570859271227,0.010853721811876493,0.2625570859271227,0,0,FOLLOWING,1.7625570859271227,0.37894494085741925,0
27.2,1.1680859502209067,0.6489144877111482,2.5918360539821603,-0.34391490288299353,1.551463265579561,0.3913084861437301,0.02511794179697861,0.3940976182461455,0.02152622377573462,1.7608920683047806,0.011602333234793427,0.2608920683047806,0,0,FOLLOWING,1.7608920683047806,0.3764252686862034,0
27.232,1.1574077166313215,0.655454844494552,2.592572745338574,-0.3544979573827576,1.554905227061284,0.38851437078350726,0.02677567669417158,0.3913129551276215,0.023021603349707653,1.7592241920276697,0.012350201381545743,0.25922419202766966,0,0,FOLLOWING,1.7592241920276697,0.37391814148479596,0
27.264,1.146800850201645,0.6619405231973029,2.5933572167861607,-0.36504379142897037,1.558222359098659,0.38571137332319877,0.028431484630634114,0.3885187598681699,0.024514731457549406,1.7575537971265371,0.013097345513207957,0.25755379712653714,0,0,FOLLOWING,1.7575537971265371,0.3714243857915403,0
27.296,1.136265361382526,0.6683709817973845,2.5941894014799782,-0.3755521933628785,1.5614143953888002,0.38290014348401386,0.03008544344287027,0.3857156838008172,0.026005770688370136,1.7558812196146363,0.0138437829904694,0.2558812196146363,0,0,FOLLOWING,1.7558812196146363,0.3689448385306315,0
27.328,1.1258012514188929,0.6747457006901841,2.5950692370565354,-0.386022952277004,1.5644810796716417,0.38008132934911887,0.031737627928699934,0.38290437676502764,0.027494861089148472,1.7542067915419808,0.014589529950149949,0.2542067915419808,0,0,FOLLOWING,1.7542067915419808,0.366480346887178,0
27.36,1.1154085124028592,0.6810641825987938,2.595996665083765,-0.3964558580193791,1.5674221657505096,0.3772555772023573,0.03338811102717286,0.38008548694036165,0.02898212551860762,1.7525308410550178,0.015334601809216863,0.2525308410550178,0,0,FOLLOWING,1.7525308410550178,0.36403176815521276,0
27.392,1.1050871273241258,0.6873259524769851,2.5969716306435817,-0.40685070119776245,1.5702374175118872,0.37442353137600826,0.03503696468085001,0.3772596606891514,0.030467673790318343,1.7508536924613547,0.016079013634644035,0.2508536924613547,0,0,FOLLOWING,1.7508536924613547,0.36159996955669654,0
27.424,1.0948370701176162,0.6935305574048408,2.5979940820165393,-0.4172072731838419,1.572926608944371,0.37158583410709767,0.03668426045232209,0.3744275424076014,0.03195160586337993,1.7491756662992008,0.01682278040941787,0.24917566629920085,0,0,FOLLOWING,1.7491756662992008,0.35918582802949867,0
27.456,1.0846583057082018,0.6996775664771753,2.599063970444712,-0.4275253661174223,1.575489524156814,0.3687431254018448,0.03833006995141671,0.3715897743848563,0.03343401428698921,1.7474970794111984,0.017565917218493876,0.24749707941119836,0,0,FOLLOWING,1.7474970794111984,0.3567902299822856,0
27.488,1.074550790052433,0.7057665706849524,2.600181249954208,-0.4378047729105998,1.5779259573956592,0.36589604290787975,0.03997446511711209,0.36874699666965277,0.03491498606381712,1.745818245022324,0.018308439373272197,0.24581824502232408,0,0,FOLLOWING,1.745818245022324,0.35441407101419514,0
27.52,1.0645144701772105,0.711797182789917,2.6013458772228355,-0.44804528725191206,1.5802357130614568,0.3630452217939055,0.04161751838848618,0.3658998469442817,0.03639460406103643,1.7441394728215511,0.019050362489065886,0.24413947282155113,0,0,FOLLOWING,1.7441394728215511,0.35205825559712933,0
27.552,1.0545492842153386,0.7177690371926472,2.602557811481723,-0.4582467036104838,1.5824186057245662,0.36019129463653143,0.04325930279120982,0.3630489604055889,0.03787294807158421,1.7424610690469786,0.019791702526749777,0.24246106904697862,0,0,FOLLOWING,1.7424610690469786,0.3497236967184832,0
27.584,1.0446551614378925,0.7236817897942056,2.6038170144422454,-0.4684088172401504,1.5844744601400444,0.3573348913140088,0.04489989196002892,0.3601949696528379,0.03935009560467749,1.7407833365741265,0.02053247580721118,0.24078333657412654,0,0,FOLLOWING,1.7407833365741265,0.34741131548209214,0
27.616,1.0348320222833292,0.7295351178515411,2.605123450241555,-0.47853142418356787,1.5864031112617143,0.3544766389066134,0.046539360113021885,0.35733850458218297,0.04082612246746532,1.7391065750071044,0.021272699005265405,0.23910657500710442,0,0,FOLLOWING,1.7391065750071044,0.34512204066518726,0
27.648,1.02507977838326,0.7353287198267661,2.6064770854015715,-0.4886143212763052,1.5882044042554129,0.35161716160343287,0.04817778198970027,0.35448019228763383,0.04230110318550844,1.737431080772361,0.022012389128131638,0.23743108077236097,0,0,FOLLOWING,1.737431080772361,0.34285680822914666,0
27.68,1.0153983325848095,0.7410623152304131,2.6078778887974607,-0.49865730615092385,1.5898781945114249,0.3487570806153458,0.049815232762209526,0.3516206569682361,0.043775111299269774,1.7357571472147442,0.02275156348237406,0.23575714721474417,0,0,FOLLOWING,1.7357571472147442,0.3406165607818739,0
27.712,1.0057875789694735,0.7467356444587618,2.6093258316325243,-0.5086601772410364,1.5914243476560888,0.3458970140939182,0.05145178792675174,0.34876051984136314,0.045248219564643886,1.7340850646955672,0.02349023963232133,0.23408506469556722,0,0,FOLLOWING,1.7340850646955672,0.33840224698966304,0
27.744,0.996247402868408,0.7523484686253133,2.6108208874171517,-0.5186227337853557,1.5928427395625873,0.34303757705603416,0.05308752318062796,0.3459003990618501,0.04672050007957112,1.7324151206924314,0.024228435352240393,0.23241512069243142,0,0,FOLLOWING,1.7324151206924314,0.33621482093649707,0
27.776,0.9867776808740785,0.7579005693864898,2.6123630319499878,-0.5285447758317203,1.5941332563609103,0.340179381313975,0.05472251428910705,0.34304090964679723,0.048192024353674125,1.7307475999005044,0.024966168574051206,0.23074759990050442,0,0,FOLLOWING,1.7307475999005044,0.33405524142879756,0
27.808,0.9773782808482143,0.7633917487616304,2.6139522432999227,-0.5384261042411111,1.5952957944469974,0.337323035410749,0.056356836945263694,0.3401826634057969,0.049662863333656035,1.7290827843350094,0.025703457331905266,0.2290827843350094,0,0,FOLLOWING,1.7290827843350094,0.33192447124377855,0
27.84,0.9680490619260219,0.7688218289473557,2.615588501787801,-0.5482665206916453,1.5963302604910554,0.33446914456041116,0.05799056662523287,0.33732626887640593,0.0511330873946307,1.7274209534346483,0.026440319704672977,0.2274209534346483,0,0,FOLLOWING,1.7274209534346483,0.3298234763196859,0
27.872,0.9587898745166245,0.7741906521263757,2.617271789967007,-0.5580658276825603,1.597236571445051,0.3316183105931383,0.05962377844077002,0.33447233126458364,0.05260276630510117,1.7257623841657068,0.027176773757137784,0.22576238416570682,0,0,FOLLOWING,1.7257623841657068,0.327753224886387,0
27.904,0.9496005602997077,0.7794980802708147,2.6190020926022863,-0.5678238285381734,1.5980146545493774,0.3287711319048105,0.0612565469904856,0.3316214523898618,0.054071969171612035,1.7241073511265854,0.02791283748048201,0.22410735112658542,0,0,FOLLOWING,1.7241073511265854,0.3257146865349692,0
27.936,0.9404809522183627,0.7847439949401314,2.620779396646289,-0.5775403274118318,1.598664447338696,0.32592820341085743,0.06288894621089429,0.32877423063506,0.05554076436781731,1.722456126652513,0.028648528732550638,0.2224561266525129,0,0,FOLLOWING,1.722456126652513,0.32370883122525024,0
27.968,0.9314308744681296,0.7899282970737072,2.6226036912134676,-0.5872151292898429,1.5991858976469506,0.3230901165041259,0.06452104922802487,0.32593126090023106,0.0570092194515845,1.7208089809202018,0.029383865178214116,0.22080898092020185,0,0,FOLLOWING,1.7208089809202018,0.3217366282303663,0
28.0,0.922450142482258,0.7950509067781819,2.624474967551033,-0.596848039995387,1.5995789636115565,0.3202574590165095,0.06615292821025874,0.3230931345606307,0.0584774010732515,1.7191661820522066,0.030118864230117115,0.21916618205220662,0,0,FOLLOWING,1.7191661820522066,0.31979904501791295,0
28.032,0.9135385629132085,0.8001117631096079,2.6263932190067583,-0.6064388661924172,1.5998436136767604,0.3174308151841115,0.06778465422278225,0.32026043942847476,0.05994537487697377,1.717527996220763,0.030853542989980998,0.21752799622076302,0,0,FOLLOWING,1.717527996220763,0.31789704606744973,0
28.064,0.9046959336104313,0.8051108238504964,2.6283584409934755,-0.6159874153895375,1.5999798265961735,0.3146107656156674,0.06941629708400557,0.3174337597181813,0.06141320539742632,1.7158946877508738,0.03158791819061779,0.21589468775087384,0,0,FOLLOWING,1.7158946877508738,0.3160315916245556,0
28.096,0.8959220435944687,0.8100480652818222,2.630370630950145,-0.6254934959438656,1.599987591434478,0.3117978872640069,0.07104792522415476,0.3146136760149265,0.0628809559528475,1.714266519222435,0.03232200613874392,0.2142665192224349,0,0,FOLLOWING,1.714266519222435,0.3142036363920348,0
28.128,0.8872166730274299,0.8149234819500506,2.6324297882994454,-0.6349569170648826,1.5998669075683045,0.30899275340030663,0.07267960554614611,0.3118007652462021,0.06434868853594183,1.7126437515711894,0.03305582265864925,0.21264375157118942,0,0,FOLLOWING,1.7126437515711894,0.3124141281593252,0
28.16,0.8785795931799076,0.8197370864292467,2.634535914401809,-0.6443774888182578,1.599617784686282,0.3061959335908685,0.07431140328886679,0.3089956006561687,0.06581646370328811,1.7110266441882922,0.03378938303677703,0.2110266441882922,0,0,FOLLOWING,1.7110266441882922,0.31066400637162184,0
28.192,0.8700105663943982,0.8244889090783154,2.636689012505913,-0.6537550221296655,1.5992402427882602,0.3034079936762193,0.07594338189283266,0.30619875178254774,0.06728434046404914,1.709415455018301,0.034522701967208747,0.20941545501830094,0,0,FOLLOWING,1.709415455018301,0.30895420064076773,0
28.224,0.8615093460453078,0.8291789977934243,2.6388890876955857,-0.6630893287885748,1.5987343121837039,0.3006294957522707,0.07757560286827303,0.30341078443581826,0.0687523761685627,1.7078104406553887,0.03525579349808217,0.20781044065538867,0,0,FOLLOWING,1.7078104406553887,0.30728562920048014,0
28.256,0.853075676495625,0.8338074177556447,2.6411361468331784,-0.6723802214520296,1.5981000334892599,0.2978609981533152,0.07920812566553823,0.3006322606804866,0.07022062639713846,1.7062118564375925,0.035988670978899684,0.20621185643759254,0,0,FOLLOWING,1.7062118564375925,0.3056591973090654,0
28.288,0.8447092930503525,0.8383742511738472,2.643430198499374,-0.6816275136484129,1.597337457625496,0.29510305543664267,0.08084100754784747,0.2978637388181804,0.07168914484949443,1.7046199565389206,0.03672134700874263,0.20461995653892062,0,0,FOLLOWING,1.7046199565389206,0.3040757956033534,0
28.32,0.8364099219067935,0.842879597022879,2.645771252929503,-0.6908310197811796,1.5964466458128128,0.2923562183685127,0.08247430346623515,0.29510577337238003,0.0731579832349951,1.7030349940591172,0.03745383338533648,0.20303499405911718,0,0,FOLLOWING,1.7030349940591172,0.30253629840818363,0
28.352,0.8281772801017999,0.8473235707770411,2.6481593219463653,-0.6999905551325893,1.59542766956653,0.28962103391132665,0.08410806593667156,0.29235891507447637,0.07462719116381582,1.701457221110949,0.038186141054960654,0.2014572211109491,0,0,FOLLOWING,1.701457221110949,0.3010415620064105,0
28.384,0.8200110754560864,0.8517063041388842,2.6505944188896144,-0.7091059358674117,1.5942806106911434,0.2868980452117277,0.08574234491923645,0.2896237108510723,0.07609681603934886,1.6998868889048104,0.03891828006315601,0.19988688890481043,0,0,FOLLOWING,1.6998868889048104,0.29959242287499016,0
28.416,0.8119110032894927,0.8560279447326269,2.6530765732986126,-0.718176979036615,1.5930055612737586,0.28418778714807863,0.0873771504594941,0.28690079245262023,0.07756736410383895,1.6983242449371754,0.03965024390869764,0.19832424493717538,0,0,FOLLOWING,1.6983242449371754,0.29818969589334837,0
28.448,0.8038767232154194,0.8602886554487117,2.655605935488449,-0.7272035025810388,1.5916026236766982,0.2814907544599257,0.08901218819529394,0.28419142270159714,0.07904260959894072,1.6967695123234323,0.04038189878800669,0.19676951232343232,0,0,FOLLOWING,1.6967695123234323,0.29683417253081523,0
28.48,0.7959079173317698,0.8644886134247012,2.65818249898097,-0.7361853253350481,1.590071910529284,0.2788074824931281,0.0906475563126329,0.28149524034839096,0.08051765274964802,1.6952229426427907,0.04111327555358679,0.19522294264279072,0,0,FOLLOWING,1.6952229426427907,0.295526619020517,0
28.512,0.7880042593846726,0.86862801083558,2.660806261268185,-0.7451222670301689,1.588413544718794,0.27613850457802536,0.09228334403211404,0.27881274620014573,0.08199261761475192,1.6936847879060557,0.04184440142946011,0.1936847879060557,0,0,FOLLOWING,1.6936847879060557,0.2942677745276581,0
28.544,0.7801654131732093,0.8727070549262604,2.6634772245841254,-0.7540141482987064,1.5866276593805984,0.27348434945262196,0.09391962884146841,0.27614448340355535,0.08346765238384314,1.6921552991089814,0.042575298890891844,0.19215529910898144,0,0,FOLLOWING,1.6921552991089814,0.29305834932064734,0
28.576,0.7723910324427878,0.8767259677084467,2.6661953951661785,-0.7628607906773457,1.5847143978874705,0.27084554117934584,0.09555647790418201,0.2734909920908842,0.08494288216375818,1.6906347262673425,0.04330598626057247,0.19063472626734246,0,0,FOLLOWING,1.6906347262673425,0.29189902295399667,0
28.608,0.7646807608915366,0.8806849856118779,2.668960782593355,-0.7716620166107324,1.582673913838076,0.26822259927216463,0.09719394930420666,0.2708528056686914,0.08641841138207909,1.6891233185695926,0.0440364782321323,0.18912331856959264,0,0,FOLLOWING,1.6891233185695926,0.2907904424723225,0
28.64,0.757034232170318,0.8845843591351674,2.6717733992260926,-0.7804176494550372,1.580506371044644,0.26561603881617535,0.09883209304435396,0.26823045100340287,0.08789432696034556,1.6876213245196565,0.04476678628989772,0.18762132451965652,0,0,FOLLOWING,1.6876213245196565,0.28973322064513407,0
28.672,0.7494510698677102,0.8884243524997267,2.6746332597308773,-0.7891275134815001,1.5782119435198136,0.26302637056271605,0.10047095183693225,0.26562444889438336,0.08937070096444391,1.6861289920602627,0.04549691904143227,0.18612899206026268,0,0,FOLLOWING,1.6861289920602627,0.28872793424235166,0
28.704,0.7419308874817644,0.8922052433056191,2.6775403806732405,-0.7977914338799588,1.575790815462665,0.2604541010026975,0.10211056172572303,0.26303531448406586,0.09084759274139145,1.6846465686786678,0.04622688247929662,0.1846465686786678,0,0,FOLLOWING,1.6846465686786678,0.28777512236068375,0
28.736,0.7344732883809181,0.8959273221879662,2.6804947801655308,-0.8064092367623559,1.5732431812439325,0.2578997324219775,0.10375095257170171,0.26046355758675743,0.09232505063111114,1.683174301497214,0.046956680185626265,0.18317430149721403,0,0,FOLLOWING,1.683174301497214,0.2868752848110739,0
28.768,0.7270778657561178,0.8995908924727495,2.6834964775583825,-0.8149807491662302,1.5705692453903985,0.2553637629420242,0.10539214842891681,0.2579096829484662,0.0938031133318791,1.6817124373507832,0.04768631349060604,0.18171243735078324,0,0,FOLLOWING,1.6817124373507832,0.2860288805774255,0
28.8,0.7197442025658517,0.9031962698310617,2.68654549316691,-0.8235057990581862,1.5677692225684758,0.2528466865484392,0.10703416783191412,0.2553741904507986,0.09528181098557129,1.6802612228527796,0.04841578159381621,0.18026122285277957,0,0,FOLLOWING,1.6802612228527796,0.28523632635668256,0
28.832,0.7124718714755062,0.9067437819310521,2.689641848024357,-0.8319842153373491,1.564843337566973,0.2503489931094064,0.10867702401211539,0.25285757526944885,0.09676116603552552,1.6788209044509408,0.049145081655749046,0.1788209044509408,0,0,FOLLOWING,1.6788209044509408,0.28449799519013513,0
28.864,0.7052604347922339,0.9102337680869507,2.6927855636573046,-0.8404158278387968,1.5617918252790481,0.24787116838567363,0.11032072505724037,0.2503603279958834,0.09824119390041577,1.6773917284739932,0.049874208865412495,0.1773917284739932,0,0,FOLLOWING,1.6773917284739932,0.28381421519545685,0
28.896,0.6981094443963372,0.9136665789046814,2.69597666187768,-0.8488004673369782,1.5586149306833499,0.24541369403337882,0.11196527402525852,0.24788293472900058,0.099721903499124,1.675973941169968,0.050603156488832284,0.1759739411699679,0,0,FOLLOWING,1.675973941169968,0.2831852684085598,0
28.928,0.6910184416700239,0.9170425759236683,2.699215164587708,-0.8571379655491058,1.555312908824354,0.24297704760069075,0.11361066902212683,0.24542587714228578,0.10120329765523121,1.6745677887367818,0.05133191590234398,0.1745677887367818,0,0,FOLLOWING,1.6745677887367818,0.28261138974375904,0
28.96,0.6839869574242801,0.9203621312545173,2.7025010935946923,-0.8654281551385345,1.5518860247918849,0.24056170251909872,0.11525690325092144,0.24298963253082065,0.10268537340433052,1.6731735173455968,0.052060476613859034,0.17317351734559683,0,0,FOLLOWING,1.6731735173455968,0.28209276608010697,0
28.992,0.6770145118245081,0.9236256272123178,2.7058344704331287,-0.8736708697181221,1.5483345536998354,0.23816812808993088,0.11690396503845375,0.24057467384160855,0.10416812222292235,1.6717913731573086,0.05278882627466297,0.17179137315730864,0,0,FOLLOWING,1.6717913731573086,0.2816295354809625,0
29.024,0.6701006143155116,0.9268334559453597,2.7092153161920947,-0.8818659438535663,1.5446587806640795,0.23579678946660196,0.11855183784443066,0.2381814696899379,0.10565153019348336,1.6704216023324665,0.05351695068386908,0.1704216023324665,0,0,FOLLOWING,1.6704216023324665,0.28122178655300994,0
29.056,0.6632447635463471,0.9299860190590988,2.7126436513463097,-0.8900132130667271,1.5408590007795835,0.2334481476329531,0.12020050025719237,0.2358104843640691,0.10713557811910301,1.6690644510348356,0.05424483378721501,0.16906445103483558,0,0,FOLLOWING,1.6690644510348356,0.28086955794999713,0
29.088,0.6564464472955208,0.9330837272352401,2.716119495589524,-0.8981125138389245,1.5369355190967153,0.23112265937795165,0.12184992597942143,0.2334621778198371,0.10862024159625502,1.667720165428757,0.05497245767162795,0.167720165428757,0,0,FOLLOWING,1.667720165428757,0.2805728380254344,0
29.12,0.6497051423969755,0.936126999845829,2.719642867669179,-0.9061636836142255,1.532888650596755,0.22882077726700117,0.12350008380654989,0.23113700566655365,0.11010549105449396,1.666388991670445,0.05569980255669992,0.16638899167044507,0,0,FOLLOWING,1.666388991670445,0.2803315646374334,0
29.152,0.6430203146672849,0.9391162645622698,2.7232137852214664,-0.9141665608027014,1.5287187201666068,0.22654294960997912,0.1251509376001854,0.22883541914529992,0.1115912917690125,1.665071175893284,0.05642684678404519,0.1650711758932839,0,0,FOLLOWING,1.665071175893284,0.28014562510771973,0
29.184,0.6363914188344528,0.9420519569592017,2.7268322646060987,-0.9221209847836755,1.5244260625727177,0.22428962042615128,0.12680244625842216,0.2265578651003948,0.11307760385151011,1.6637669641872022,0.05715356680532091,0.16376696418720216,0,0,FOLLOWING,1.6637669641872022,0.2800148563357098,0
29.216,0.6298178984687073,0.944934520113183,2.7304983207401974,-0.930026795908943,1.520011022434203,0.22206122940603926,0.1284545636847121,0.22430478594454611,0.11456438222268879,1.6624766025721636,0.05787993716961104,0.16247660257216356,0,0,FOLLOWING,1.6624766025721636,0.2799390450673671,0
29.248,0.6232991859156641,0.9477644041961464,2.734211966930838,-0.937883835505978,1.515473954195177,0.21985821187030866,0.1301072387566696,0.22207661961823824,0.11605157657023005,1.6612003369658064,0.05860593051074759,0.16120033696580638,0,0,FOLLOWING,1.6612003369658064,0.2799179283173803,0
29.28,0.61683470223223,0.9505420660635998,2.737973214705857,-0.945691945881117,1.5108152220963005,0.2176809987257174,0.13176041529601357,0.219873799543713,0.11753913129454589,1.659938413145251,0.059331517535071494,0.15993841314525103,0,0,FOLLOWING,1.659938413145251,0.2799511939420547,0
29.312,0.6104238571256179,0.9532679688375606,2.741782073642582,-0.9534509703227232,1.5060352001455382,0.21553001641815808,0.13341403204076346,0.21769675457357485,0.11902698544379126,1.658691076703093,0.06005666701009815,0.1586910767030929,0,0,FOLLOWING,1.658691076703093,0.2800384813591771,0
29.344,0.6040660488958429,0.9559425814842185,2.7456385511941983,-0.9611607531043327,1.501134272088133,0.2134056868828271,0.1350680226206764,0.2155459089343101,0.12051507264001851,1.6574585729976032,0.06078134575449745,0.15745857299760324,0,0,FOLLOWING,1.6574585729976032,0.2801793824100576,0
29.376,0.5977606643820721,0.9585663783863387,2.749542652513497,-0.9688211394877806,1.496112831375799,0.2113084274915281,0.13672231553686232,0.21342168216474403,0.12200332099740513,1.6562411470971463,0.06150551862977771,0.15624114709714632,0,0,FOLLOWING,1.6562411470971463,0.2803734423579245,0
29.408,0.5915070789132045,0.9611398389104202,2.75349438027376,-0.9764319757263049,1.4909712811351334,0.20923865099712885,0.13837683414649732,0.21132448904931578,0.12349165303276514,1.6550390437188356,0.06222914853405559,0.1550390437188356,0,0,FOLLOWING,1.6550390437188356,0.2806201610159205,0
29.44,0.5853046562630646,0.9636634469686415,2.7574937344865766,-0.983993109067633,1.485710034135255,0.20719676547519084,0.1400314966534708,0.20925473954627571,0.12497998556955846,1.6538525071614547,0.062952196398256,0.1538525071614547,0,0,FOLLOWING,1.6538525071614547,0.28091899399709064,0
29.472,0.5791527486106031,0.9661376905756316,2.7615407123163487,-0.9915043877570491,1.4803295127546647,0.2051831742627981,0.14168621610594717,0.20721283871048893,0.1264682296345059,1.652681781232681,0.06367462118514933,0.15268178123268106,0,0,FOLLOWING,1.652681781232681,0.2812693540780133,0
29.504,0.5730506965055014,0.9685630614001199,2.765635307891272,-0.9989656610404363,1.4748301489473379,0.2031982758945918,0.14334090040169972,0.20519918661084008,0.12795629034745512,1.6515271091706427,0.06439637989157809,0.15152710917064272,0,0,FOLLOWING,1.6515271091706427,0.28167061266705257,0
29.536,0.5669978288395937,0.9709400543115261,2.7697775121105566,-1.006376779167307,1.469212384208047,0.20124246403606974,0.14499545230221797,0.20321417824193883,0.12944406680382303,1.6503887335598773,0.06511742755428562,0.15038873355987725,0,0,FOLLOWING,1.6503887335598773,0.2821221013676875,0
29.568,0.5609934628245274,0.9732691669215657,2.7739673124476223,-1.0137375933938038,1.4634766695369157,0.19931612741416588,0.14664976945663624,0.20125820342988024,0.130931451948822,1.6492668962417452,0.06583771725978149,0.14926689624174516,0,0,FOLLOWING,1.6492668962417452,0.2826231136269414,0
29.6,0.5550369039761005,0.9755508991209616,2.7782046927489916,-1.0210479559856886,1.4576234654032145,0.19741964974519136,0.1483037444365776,0.19933164673172551,0.13241833244291198,1.6481618382193934,0.06655720015868827,0.14816183821939344,0,0,FOLLOWING,1.6481618382193934,0.2831729064586098,0
29.632,0.5491274461057245,0.977785752611359,2.7824896330285465,-1.0283077202213047,1.4516532417083932,0.19555340966018325,0.14995726478318439,0.19743488732838582,0.13390458851718387,1.6470737995573574,0.06727582548509892,0.14707379955735744,0,0,FOLLOWING,1.6470737995573574,0.28377070223079975,0
29.664,0.543264371319485,0.9799742304325636,2.7868221092568013,-1.035516740394523,1.4455664777483563,0.19371778062777276,0.1516102130676399,0.1955682989104036,0.13539009381722353,1.6460030192759336,0.06799354058147555,0.14600301927593362,0,0,FOLLOWING,1.6460030192759336,0.28441569050720156,0
29.696,0.5374469500252819,0.9821168364852312,2.791202093144757,-1.0426748718176695,1.4393636621749824,0.19191313087466227,0.1532624669667267,0.19373224955623508,0.13687471523411657,1.6449497352404545,0.06871029092972858,0.1449497352404545,0,0,FOLLOWING,1.6449497352404545,0.2851070299315293,0
29.728,0.5316744409485615,0.9842140750491556,2.795629551921856,-1.049781970824422,1.4330452929568993,0.1901398233038486,0.15491389935506306,0.19192710160233037,0.1383583127198569,1.6439141840456357,0.06942602018914901,0.14391418404563572,0,0,FOLLOWING,1.6439141840456357,0.2858438501446863,0
29.76,0.5259460911571683,0.9862664502973189,2.8001044481074797,-1.0568378947726997,1.426611877339504,0.188398215410773,0.15656437841593868,0.19015321150453646,0.1398407390856816,1.6428966008952008,0.07014067024198267,0.14289660089520084,0,0,FOLLOWING,1.6428966008952008,0.2866252537244481,0
29.792,0.5202611360958787,0.988274465805883,2.804626739275306,-1.0638425020475224,1.4200639318042405,0.18668865919757102,0.158213767772893,0.1884109296897863,0.14132183977889864,1.6418972194770007,0.07085418124752918,0.14189721947700074,0,0,FOLLOWING,1.6418972194770007,0.28745031813773886,0
29.824,0.5146187996312006,0.990238624060324,2.8091963778097866,-1.0707956520638566,1.4134019820271362,0.18501150108568773,0.15986192664443113,0.18670060039751127,0.14280145263656976,1.6409162718339068,0.07156649170574482,0.14091627183390676,0,0,FOLLOWING,1.6409162718339068,0.28831809769597394,0
29.856,0.509018294107064,0.9921594259579277,2.813813310653809,-1.0776972052694331,1.4066265628366,0.18336708182711361,0.16150871002468278,0.18502256150947513,0.14427940761015334,1.6399539882307705,0.07227753853150665,0.13995398823077054,0,0,FOLLOWING,1.6399539882307705,0.2892276255043889,0
29.888,0.5034588204120648,0.9940373703068849,2.8184774790465013,-1.0845470231475498,1.3997382181704863,0.1817557364146186,0.16315396889314931,0.18337714436698574,0.14575552645725454,1.6390105970178253,0.07298725714082366,0.13901059701782525,0,0,FOLLOWING,1.6390105970178253,0.29017791539678356,0
29.92,0.49793956805896833,0.9958729533222521,2.8231888182499154,-1.0913449682198526,1.3927375010324266,0.1801777939913638,0.16479755045721758,0.18176467357406342,0.14722962239437196,1.6380863244909252,0.07369558155050893,0.13808632449092517,0,0,FOLLOWING,1.6380863244909252,0.29116796384768356,0
29.952,0.4924597152772352,0.9976666681190631,2.827947257263121,-1.098090904049092,1.3856249734474337,0.17863357776039318,0.16643929843161198,0.18018546678483166,0.14870149970312838,1.6371813947491047,0.07440244449302336,0.13718139474910473,0,0,FOLLOWING,1.6371813947491047,0.29219675185449834,0
29.984,0.48701842911938936,0.9994190042029021,2.832752718521971,-1.104784695241865,1.3784012064167823,0.1771234048945876,0.16807905335967638,0.17863983447339526,0.15017095328272612,1.6362960295500117,0.07510777754849851,0.13629602955001174,0,0,FOLLOWING,1.6362960295500117,0.29326324678290416,0
30.016000000000002,0.4816148655821279,1.0011304469582807,2.8376051175824606,-1.1114262074513288,1.3710667798721676,0.17564758644775516,0.1697166529821894,0.17712807968365174,0.15163776813721172,1.6354304481638349,0.07581151129627939,0.13543044816383487,0,0,FOLLOWING,1.6354304481638349,0.29436640416930754,0
30.048000000000002,0.47624816968806627,1.0028014771348368,2.842504363058696,-1.1180153073799,1.3636222826291489,0.17420642718841906,0.17135193198346327,0.17565049939947017,0.15310172733197036,1.6345848671728263,0.07651357520759385,0.13458486717282625,0,0,FOLLOWING,1.6345848671728263,0.2955051694749137,0
30.080000000000002,0.47091741196951464,1.004432569930853,2.8474506728038023,-1.1245518627819289,1.356068312339877,0.17280013384168144,0.17298393934220385,0.17420928455554446,0.15457249463824713,1.6337594382330107,0.07721357267960194,0.13375943823301073,0,0,FOLLOWING,1.6337594382330107,0.2966784797865752,0
30.112000000000002,0.4656217085011073,1.0060241930863405,2.852443952559015,-1.1310357424663522,1.348405475445116,0.1714289872796319,0.1746124712467655,0.17280302243101775,0.1560403165175553,1.6329543650205123,0.07791141785167932,0.13295436502051228,0,0,FOLLOWING,1.6329543650205123,0.29788526546024696,0
30.144000000000002,0.4603601672094126,1.0075768076309424,2.857484101924249,-1.1374668162993302,1.340634387125557,0.1700932657782216,0.17623731810367435,0.17143191449464884,0.15750500104633017,1.6321698503793838,0.07860702257302155,0.13216985037938378,0,0,FOLLOWING,1.6321698503793838,0.29912445170351476,0
30.176000000000002,0.45513188554656225,1.0090908677942785,2.8625710144543417,-1.1438449552068533,1.3327556712524302,0.1687932406669945,0.17785826360042262,0.1700962316368653,0.15896635931487915,1.6314060936086323,0.07930029607075273,0.1314060936086323,0,0,FOLLOWING,1.6314060936086323,0.3003949600942802,0
30.208000000000002,0.4499359504126948,1.0105668205305591,2.8677045774664434,-1.1501700311773373,1.3247699603374201,0.16752917575314644,0.17947508480240343,0.1687962449187593,0.1604241963947127,1.6306632900095255,0.0799911449962778,0.13066329000952548,0,0,FOLLOWING,1.6306632900095255,0.3016957100332822,0
30.240000000000002,0.4447714383095887,1.0120051049869598,2.8728846718492917,-1.15644191726419,1.3166778954818872,0.16630132711614778,0.18108755226080486,0.16753221852490777,0.16187831139687037,1.629941630653014,0.0806794734709233,0.1299416306530139,0,0,FOLLOWING,1.629941630653014,0.30302562012869594,0
30.272000000000002,0.4396374155299513,1.0134061519668776,2.878111171875244,-1.1626604875883584,1.308480126325399,0.16510994293426712,0.18269543012643927,0.16630440891918002,0.1633284975583936,1.6292413021652332,0.08136518313351626,0.12924130216523322,0,0,FOLLOWING,1.6292413021652332,0.3043836095115878,0
30.304000000000002,0.43453293836319934,1.0147703833940531,2.8833839450154053,-1.1688256173408575,1.3001773109935768,0.1639552633091202,0.18429847626986265,0.16511306461856443,0.16477454233878808,1.6285624865110946,0.08204817319052049,0.1285624865110946,0,0,FOLLOWING,1.6285624865110946,0.3057685990815058,0
30.336000000000002,0.429457053316176,1.0160982117784367,2.888702851758111,-1.1749371827852753,1.2917701160452608,0.16283752008500887,0.18589644240770062,0.16395842602184313,0.16621622752503246,1.6279053607742855,0.08272834046874555,0.1279053607742855,0,0,FOLLOWING,1.6279053607742855,0.30717951268193905,0
30.368000000000002,0.424408797349004,1.0173900396842,2.89406774543102,-1.180995061260253,1.2832592164189975,0.16175693666290086,0.1874890742350202,0.16284072523688706,0.16765332934436253,1.627270096933859,0.0834055794705626,0.12727009693385893,0,0,FOLLOWING,1.627270096933859,0.3086152782058064,0
30.400000000000002,0.4193871981264322,1.0186462592002705,2.8994784720270403,-1.1869991311819499,1.274645295378855,0.16071372780918589,0.1890761115636973,0.16176018590149602,0.169085618583978,1.6266568616377648,0.08407978243161063,0.1266568616377648,0,0,FOLLOWING,1.6266568616377648,0.31007482863152774,0
30.432000000000002,0.41439127428503414,1.0198672514138158,2.9049348700342863,-1.1929492720464818,1.26592904445957,0.15970809945934378,0.19065728846674823,0.16071702299768018,0.1705128607170754,1.6260658159736918,0.08475083938097949,0.12606581597369182,0,0,FOLLOWING,1.6260658159736918,0.31155710299055983,0
30.464000000000002,0.4094200357166001,1.0210533858871274,2.9104367702702607,-1.1988453644323416,1.2571111634110335,0.15874024851667656,0.1922323334286927,0.15971144265976875,0.17193481603491562,1.6254971152376005,0.08541863820389928,0.12549711523760054,0,0,FOLLOWING,1.6254971152376005,0.3130610472676069,0
30.496000000000002,0.40447248386804846,1.0222050201384008,2.9159839957204485,-1.2046872900027958,1.248192360142104,0.15781036264623974,0.1938009695019646,0.1587436419766928,0.17335123978454137,1.6249509087003264,0.0860830647069486,0.12495090870032644,0,0,FOLLOWING,1.6249509087003264,0.3145856152349758,0
30.528000000000002,0.3995476120581654,1.0233224991269418,2.9215763613814962,-1.2104749315082568,1.2391733506637905,0.15691862006411103,0.19536291446944493,0.15781380878875192,0.1747618823121974,1.62442733937264,0.08674400268581062,0.12442733937264006,0,0,FOLLOWING,1.62442733937264,0.31612976922276476,0
30.560000000000002,0.3946444058114624,1.0244061547433554,2.927213674109151,-1.216208172788639,1.23005485903176,0.15606518932216573,0.19691788101326232,0.15692212147913517,0.17616648921208813,1.623926543769174,0.08740133399564387,0.12392654376917389,0,0,FOLLOWING,1.623926543769174,0.31769248082681445,0
30.592000000000002,0.3897618432094248,1.025456305305312,2.932895732471143,-1.2218868987756881,1.2208376172882125,0.1552502290884909,0.19846557688985797,0.15606874876047547,0.17756480148075332,1.6234486516716062,0.08805493862406877,0.12344865167160624,0,0,FOLLOWING,1.6234486516716062,0.3192727315564758,0
30.624000000000002,0.38489889525940246,1.0264732550595133,2.9386223266051807,-1.2275109954952939,1.2115223654031124,0.15447388792362993,0.20000570511145854,0.15525384945667833,0.17895655567684088,1.6229937858915322,0.08870469476683285,0.1229937858915322,0,0,FOLLOWING,1.6229937858915322,0.32086951342440817,0
30.656000000000002,0.3800545262813746,1.0274572936905018,2.9443932380822324,-1.2330803500697738,1.2021098512147823,0.15373630405282973,0.2015379641339985,0.1544775722802256,0.18034148408646247,1.6225620620334393,0.08935047890617387,0.12256206203343933,0,0,FOLLOWING,1.6225620620334393,0.32248182948072074,0
30.688000000000002,0.37522769431279535,1.028408695836993,2.950208239775284,-1.238594850720141,1.192600830369866,0.15303760513449544,0.20306204805154238,0.1537400556052756,0.1817193148941344,1.622153588258228,0.08999216589190917,0.12215358825822809,0,0,FOLLOWING,1.622153588258228,0.32410869429385303,0
30.72,0.3704173504788488,1.0293277733462265,2.9560669081249187,-1.244054386768346,1.1829960662626642,0.1523778897574422,0.20457817653401922,0.1530417624649647,0.18308390947667072,1.6217684590032657,0.09062984894006076,0.12176845900326572,0,0,FOLLOWING,1.6217684590032657,0.3257491343806477,0
30.752,0.3656224431714347,1.0302147128599581,2.9619692193949647,-1.2494588486395006,1.1732963299738481,0.15175728597415766,0.2060854199699568,0.15238209108037928,0.18444776253046632,1.6214067744750562,0.09126314421064441,0.12140677447505621,0,0,FOLLOWING,1.6214067744750562,0.32740218858809217,0
30.784,0.3608419144306101,1.031069740693404,2.967914913648879,-1.2548081278640746,1.163502400208557,0.151175888431849,0.20758347441403302,0.1517615232373757,0.1858034926822404,1.6210686192981076,0.09189192792291134,0.12106861929810764,0,0,FOLLOWING,1.6210686192981076,0.3290669084292462,0
30.816,0.3560747014196363,1.0318930674358224,2.9739037227364813,-1.260102117080073,1.1536150632338826,0.15063377944525733,0.20907203177148942,0.15118017178096024,0.18715084323833986,1.6207540692273168,0.09251607475893842,0.1207540692273168,0,0,FOLLOWING,1.6207540692273168,0.3307423583758316,0
30.848,0.35131973730433913,1.032684886235327,2.979935370210458,-1.2653407100351926,1.1436351128157483,0.1501310296146927,0.21055077817189416,0.15063811933907972,0.18848955490919622,1.6204631914271614,0.09313545717941807,0.12046319142716144,0,0,FOLLOWING,1.6204631914271614,0.3324276161099735,0
30.88,0.3465759518145953,1.0334453723556005,2.986009571043258,-1.2705238015889542,1.1335633501551776,0.1496676976410369,0.21201939463053365,0.1501354353823702,0.18981935955838677,1.6201960442910905,0.09374994569890394,0.12019604429109054,0,0,FOLLOWING,1.6201960442910905,0.3341217727375363,0
30.912,0.3418422717778792,1.0341746827906673,2.9921260313863147,-1.27565128771481,1.1234005838239842,0.14924383005700453,0.21347755768896623,0.14967217761244736,0.19113998152480685,1.619952677214843,0.09435940915330443,0.11995267721484293,0,0,FOLLOWING,1.619952677214843,0.33582393296543994,0
30.944,0.3371176216677137,1.0348729558903371,2.998284448366314,-1.2807230655022357,1.1131476296998515,0.14885946095365962,0.21492493998511766,0.14924839179225774,0.19245113878040176,1.6197331303713336,0.0949637149380469,0.1197331303713336,0,0,FOLLOWING,1.6197331303713336,0.33753321524531327,0
30.976,0.3324009241714804,1.035540310995886,3.0044845099127824,-1.2857390331587917,1.102805310900834,0.14851461170967636,0.21636121076571227,0.14886411143567435,0.193752543908959,1.6195374344920304,0.09556272922217435,0.11953743449203036,0,0,FOLLOWING,1.6195374344920304,0.33924875188575787,0
31.008,0.32769110077772445,1.03617684808759,3.0107258946123814,-1.2906990900121693,1.0923744577192782,0.14820929072366393,0.21778603635337068,0.14851935749605913,0.19504390494068108,1.6193656106553778,0.0961563171435249,0.11936561065537776,0,0,FOLLOWING,1.6193656106553778,0.3409696891354274,0
31.04,0.32298707238264673,1.0367826474456805,3.0170082715862314,-1.2956031365122103,1.0818559075551644,0.14794349314928898,0.21919908057832063,0.14821413806533765,0.1963249260719343,1.6192176700824363,0.096744342989159,0.11921767008243633,0,0,FOLLOWING,1.6192176700824363,0.34269518723905695,0
31.072,0.3182877599154329,1.0373577693261749,3.0233313003873534,-1.3004510742329036,1.07125050484888,0.14771720063307775,0.2206000051826382,0.14794844808276866,0.1975953082937938,1.61909361393995,0.09732667036434872,0.1190936139399501,0,0,FOLLOWING,1.61909361393995,0.3444244204684905,0
31.104,0.3135920849820514,1.0379022536529168,3.0296946309159023,-1.3052428058743635,1.0605591010134272,0.14753038105491445,0.2219884702033351,0.1477222690519605,0.19885474994826763,1.6189934331511102,0.09790316235276997,0.11899343315111022,0,0,FOLLOWING,1.6189934331511102,0.3461565771306729,0
31.136,0.30889897052713544,1.0384161197270758,3.036097903350374,-1.3099782352647802,1.049782554366069,0.14738298827139112,0.22336413433924282,0.14753556876494983,0.20010294722729655,1.618917108214328,0.09847368166996961,0.1189171082143281,0,0,FOLLOWING,1.618917108214328,0.3478908595544826,0
31.168,0.30420734151353956,1.0388993659552905,3.042540748093331,-1.31465726736235,1.0389217300594256,0.14727496186226835,0.22472665530567035,0.147388301032583,0.20133959462656065,1.6188646090303662,0.09903809081176851,0.11886460903036622,0,0,FOLLOWING,1.6188646090303662,0.34962648405820057,0
31.2,0.299516125619127,1.039351969597569,3.0490227857305117,-1.3192798082571846,1.027977500012016,0.14720622688039856,0.22607569017989476,0.14728040542070664,0.20256438536370136,1.618835894738201,0.09959625219887805,0.11883589473820111,0,0,FOLLOWING,1.618835894738201,0.3513626808993103,0
31.232,0.294824253950311,1.0397738865360193,3.0555436270024283,-1.3238457651731936,1.016950742838261,0.14717669360554766,0.2274108957398938,0.1472118069919479,0.2037770117686511,1.6188309135600094,0.10014802831873683,0.11883091356000941,0,0,FOLLOWING,1.6188309135600094,0.35309869420825096,0
31.264,0.2901306617718299,1.0401650510654425,3.0621028727877557,-1.3283550464699498,1.0058423437779471,0.1471862573026014,0.22873192879818346,0.14718241605307286,0.20497716565199847,1.6188496026556753,0.1006932818653399,0.11884960265567535,0,0,FOLLOWING,1.6188496026556753,0.3548337819076449,0
31.296,0.28543428925219433,1.0405253757067716,3.0687001140979615,-1.3328075616445245,0.9946531946251579,0.1472347979847036,0.23003844653215066,0.14719212790802505,0.2061645386563703,1.6188918879872192,0.10123187587764118,0.11889188798721917,0,0,FOLLOWING,1.6188918879872192,0.35656721561843724,0
31.328,0.28073408222419666,1.0408547510443185,3.075334932082751,-1.337203221333307,0.9833841936566806,0.14732218018193888,0.2313301068119429,0.14724082261694002,0.20733882259441924,1.618957684193559,0.10176367387696697,0.1189576841935589,0,0,FOLLOWING,1.618957684193559,0.35829828055430407,0
31.36,0.27602899295982536,1.0411530455877525,3.082006898046001,-1.3415419373137962,0.972036245559891,0.14744825271618237,0.2326065685266777,0.14732836476150593,0.2084997097765365,1.6190468944759941,0.10228854000375368,0.11904689447599415,0,0,FOLLOWING,1.6190468944759941,0.360026275405604,0
31.392,0.27131798095887555,1.0414201056597012,3.0887155734719176,-1.3458236225063729,0.9606102613601236,0.147612848482796,0.2338674919094778,0.14745460321712825,0.2096468933304317,1.6191594104948024,0.10280633915381744,0.11915941049480239,0,0,FOLLOWING,1.6191594104948024,0.3617505122140639,0
31.424,0.26660001375049625,1.041655755309841,3.095460510061223,-1.3500481909760458,0.949107158347535,0.14781578423987662,0.23511253886167688,0.147619370932437,0.2107800675144958,1.6192951122773276,0.10331693711429082,0.11929511227732759,0,0,FOLLOWING,1.6192951122773276,0.3634703162393099,0
31.456,0.26187406770686034,1.0418597962562997,3.1022412497772116,-1.3542155579341784,0.937527860003462,0.14805686040577867,0.23634137327635787,0.1478224847167455,0.2118989280261899,1.619453868137916,0.10382020069928835,0.11945386813791603,0,0,FOLLOWING,1.619453868137916,0.3651850258182783,0
31.488,0.2571391288680918,1.0420320078551784,3.1090573249015407,-1.3583256397401882,0.925873295926283,0.14833586086566683,0.23755366136131864,0.14806374503608938,0.21300317230645816,1.6196355346100502,0.10431599788533344,0.11963553461005016,0,0,FOLLOWING,1.6196355346100502,0.3668939922184896,0
31.52,0.2523941937775297,1.0421721470989471,3.1159082580996693,-1.3623783539032277,0.9141444017567899,0.14865255278786543,0.2387490719613605,0.14834293581853533,0.21409249984092235,1.619839956391001,0.10480419794649112,0.11983995639100109,0,0,FOLLOWING,1.619839956391001,0.36859657948607005,0
31.552,0.24763827032635397,1.0422799486444465,3.1227935624958394,-1.3663736190838387,0.9023421191030736,0.1490066864507749,0.23992727687981139,0.14865982426949717,0.21516661245839713,1.620066966299298,0.10528467158916424,0.12006696629929792,0,0,FOLLOWING,1.620066966299298,0.37029216428935474,0
31.584,0.24287037860654698,1.042355124871178,3.1297127417575323,-1.3703113550955845,0.8904673954649299,0.14939799508116225,0.24108795119907153,0.14901416069775478,0.21622521462680527,1.6203163852453015,0.10575729108645172,0.12031638524530153,0,0,FOLLOWING,1.6203163852453015,0.37198013575884853,0
31.616,0.23808955177110816,1.0423973659705332,3.136665290189327,-1.3741914829066606,0.8785211841577946,0.14982619470460576,0.2422307735999234,0.149405678352987,0.21726801374707796,1.6205880222151274,0.10622193041195008,0.12058802221512743,0,0,FOLLOWING,1.6205880222151274,0.3736598953242451,0
31.648,0.23329483691742917,1.042406342632553,-3.139534618916029,-1.3780139246414795,0.8665044442362113,0.15029098424783832,0.24335544161889905,0.14983409259191355,0.2182945775458876,1.620881674563551,0.10667847151800247,0.12088167456355103,0,0,FOLLOWING,1.620881674563551,0.37533085654917325,0
31.68,0.22848529584317542,1.0423816926571963,-3.1325168742239438,-1.3817786035822364,0.8544181404168288,0.15079204435056756,0.24446157832806506,0.15029910651933093,0.21930542173255652,1.6211971264357552,0.1071267659482964,0.1211971264357552,0,0,FOLLOWING,1.6211971264357552,0.37699244496426165,0
31.712,0.22366000589388352,1.042323041341144,-3.12546725462366,-1.3854854441704445,0.8422632430009668,0.15132904075793238,0.2455487271145831,0.15080040607459763,0.22030152492229277,1.6215341508505583,0.10756663268244271,0.1215341508505583,0,0,FOLLOWING,1.6215341508505583,0.3786440978990606,0
31.744,0.21881806089339487,1.0422300252740402,-3.1183862255829307,-1.3891343720084555,0.8300407277967093,0.15190162837819451,0.2466164482887529,0.1513376328092972,0.22128308217383766,1.6218925132199429,0.10799789785098701,0.12189251321994288,0,0,FOLLOWING,1.6218925132199429,0.3802852643133506,0
31.776,0.21395857211312191,1.0421022980181465,-3.111274346188066,-1.3927253138609497,0.8177515760405684,0.1525094504099584,0.24766457033200576,0.15191037376482688,0.2222471678927954,1.6222719734682602,0.10842049804561116,0.12227197346826024,0,0,FOLLOWING,1.6222719734682602,0.3819154046282755,0
31.808,0.20908066897346492,1.04193917524485,-3.104132208015786,-1.3962581976564086,0.8053967743187092,0.1531520663459251,0.248692512624809,0.15251858511226726,0.22319276674959646,1.6226722355880716,0.10883420278340282,0.12267223558807161,0,0,FOLLOWING,1.6226722355880716,0.38353399055772464,0
31.84,0.20418350102972677,1.041740338597245,-3.096960367039188,-1.3997329524885602,0.7929773144877458,0.1538290970856944,0.24970017006305056,0.1531614721851974,0.22412099128471577,1.623093044785413,0.10923897625635393,0.12309304478541305,0,0,FOLLOWING,1.623093044785413,0.3851405049403434,0
31.872,0.19926623752648845,1.041505309668897,-3.0897594023782,-1.4031495086178012,0.7804941935951144,0.15454011790745562,0.2506872711760471,0.15383877073233784,0.22503111820207858,1.6235341161199053,0.10963471484993238,0.12353411611990528,0,0,FOLLOWING,1.6235341161199053,0.386734441572508,0
31.904,0.1943280684935733,1.041233587243045,-3.0825299031255167,-1.406507797472599,0.7679484137990287,0.1552846852685224,0.25165355110443066,0.15455006384268527,0.22592283582722622,1.6239951526368517,0.11002131791378389,0.12399515263685168,0,0,FOLLOWING,1.6239951526368517,0.388315305042578,0
31.936,0.18936820575465904,1.0409246506416145,-3.0752724676151306,-1.409807751650865,0.7553409822880255,0.15606233767451896,0.25259875490088207,0.15529490884200095,0.2267958553598755,1.624475846042091,0.11039868910682982,0.12447584604209094,0,0,FOLLOWING,1.624475846042091,0.3898826105666968,0
31.968,0.18438588380196125,1.0405779602689396,-3.067987702733459,-1.4130493049213095,0.7426729112001071,0.15687259579079132,0.2535226367285972,0.15607284436873853,0.22764990952787845,1.624975876876963,0.11076673606681897,0.1249758768769631,0,0,FOLLOWING,1.624975876876963,0.39143588382639166,0
32.0,0.17938036064349802,1.040192958092347,-3.0606762233426146,-1.4162323922247713,0.7299452175414856,0.15771496251852024,0.25442495920239144,0.15688339111147415,0.22848474908228744,1.625494914674534,0.11112537013959134,0.1254949146745341,0,0,FOLLOWING,1.625494914674534,0.39297466080818927,0
32.032000000000004,0.1743509186371012,1.0397690681557465,-3.053338651792818,-1.4193569496755218,0.7171589231049359,0.1585889230833078,0.25530549295725086,0.15772605195324296,0.22930014001127497,1.6260326181264846,0.11147450620207744,0.12603261812648459,0,0,FOLLOWING,1.6260326181264846,0.39449848764543916,0
32.064,0.16929686531149296,1.0393056971291144,-3.045975617502704,-1.4224229145625475,0.7043150543877638,0.15949394514152926,0.25616401639649955,0.15860031207071446,0.23009586141880226,1.626588635262932,0.11181406255915904,0.12658863526293196,0,0,FOLLOWING,1.626588635262932,0.39600692046252484,0
32.096000000000004,0.1642175341730895,1.038802234893397,-3.0385877565906236,-1.4254302253508087,0.6914146425094092,0.16042947890608042,0.25700031557754693,0.1595056390446916,0.23087170393064477,1.627162603645282,0.11214396089698608,0.12716260364528198,0,0,FOLLOWING,1.627162603645282,0.3974995252215802,0
32.128,0.15911228549698894,1.0382580551602076,-3.0311757115436855,-1.428378821682478,0.6784587231286421,0.16139495729261413,0.2578141842019832,0.16044148298881064,0.2316274685152478,1.6277541505719622,0.11246412627899183,0.12775415057196216,0,0,FOLLOWING,1.6277541505719622,0.3989758775719096,0
32.160000000000004,0.15398050710056263,1.0376725161256442,-3.0237401309141276,-1.4312686443781453,0.6654483363604438,0.1623897960870625,0.25860542368350914,0.1614072766982174,0.23236296562965303,1.6283628932967738,0.11277448717363958,0.12836289329677375,0,0,FOLLOWING,1.6283628932967738,0.4004355627021237,0
32.192,0.14882161509805616,1.0370449611575165,-3.0162816690349006,-1.4340996354380104,0.6523845266924929,0.1634133941351675,0.2593738432730212,0.16240243581910674,0.23307801461900735,1.628988439259618,0.11307497550534418,0.1289884392596179,0,0,FOLLOWING,1.628988439259618,0.4018781751951795,0
32.224000000000004,0.14363505463460025,1.0363747195152186,-3.008800985748164,-1.4368717380430454,0.6392683429013152,0.16446513355449568,0.2601192602244098,0.16342635903995575,0.23377244331308938,1.629630386329244,0.1133655267217657,0.12963038632924406,0,0,FOLLOWING,1.629630386329244,0.40330331888633103,0
32.256,0.13842030059803723,1.0356611071014141,-3.0012987461418357,-1.4395848965561355,0.6261008379680866,0.1655443799693107,0.26084149998821204,0.16447842830498766,0.2344460877747737,1.6302883230576557,0.11364607987216369,0.1302883230576557,0,0,FOLLOWING,1.6302883230576557,0.4047106067241141,0
32.288000000000004,0.13317685830697884,1.0349034272446571,-2.993775620290464,-1.4422390565231948,0.6128830689940992,0.1666504827685496,0.26154039642301613,0.16555800905027748,0.23509879216471113,1.6309618289457672,0.11391657769262942,0.13096182894576724,0,0,FOLLOWING,1.6309618289457672,0.40609966063435904,0
32.32,0.12790426417352968,1.0341009715119884,-2.9862322829976278,-1.4448341646742602,0.5996160971158953,0.16778277538704287,0.2622157920167832,0.16666445046281467,0.2357304086939245,1.6316504747198781,0.1141769666949619,0.13165047471987812,0,0,FOLLOWING,1.6316504747198781,0.40747011138732797,0
32.352000000000004,0.1226020863391342,1.0332530205504937,-2.9786694135377387,-1.44737016892456,0.5863009874200787,0.16894057560998485,0.2628675381119065,0.16779708576267738,0.23634079764207105,1.6323538226184853,0.11442719725663464,0.13235382261848527,0,0,FOLLOWING,1.6323538226184853,0.4088215984679525,0
32.384,0.11726992528203763,1.0323588449567351,-2.971087695395742,-1.4498470183755603,0.5729388088578089,0.17012318590059436,0.263495495129328,0.16895523250836572,0.2369298274235693,1.6330714266889461,0.11466722370991889,0.13307142668894612,0,0,FOLLOWING,1.6330714266889461,0.41015376994924374,0
32.416000000000004,0.11190741439488709,1.031417706172895,-2.9634878160036,-1.4522646633159844,0.5595306341589834,0.1713298937507734,0.2640995327880151,0.17013819292524784,0.23749737468787982,1.6338028330934573,0.1148970044286397,0.1338028330934573,0,0,FOLLOWING,1.6338028330934573,0.4114662823688345,0
32.448,0.10651422053104308,1.0304288574084162,-2.955870466472833,-1.4546230552228128,0.5460775397461187,0.17255997205452933,0.26467953031702524,0.17134525425697003,0.23804332444275067,1.634547580423823,0.11511650191142307,0.13454758042382298,0,0,FOLLOWING,1.634547580423823,0.41275880060870507,0
32.480000000000004,0.10109004451821973,1.0293915445858373,-2.9482363413226476,-1.4569221467622548,0.5325806056479362,0.17381267950378504,0.26523537665806846,0.17257568913957547,0.2385675701921228,1.635305200024431,0.11532568286057332,0.13530520002443103,0,0,FOLLOWING,1.635305200024431,0.41403099777804137,0
32.512,0.09563462163812718,1.0283050073094704,-2.9405861382034075,-1.459161891790703,0.5190409154126434,0.175087261006176,0.26576697065698995,0.17382875599801423,0.2390700140818444,1.6360752163228762,0.11552451825593568,0.13607521632287622,0,0,FOLLOWING,1.6360752163228762,0.41528255509927475,0
32.544000000000004,0.09014772207084867,1.0271684798554956,-2.9329205576153488,-1.4613422453556515,0.5054595560209746,0.1763829481242673,0.26627422124295064,0.17510369946459273,0.2395505670480946,1.6368571471676006,0.11571298342324576,0.13685714716760056,0,0,FOLLOWING,1.6368571471676006,0.4165131617972006,0
32.576,0.08462915130275057,1.0259811921819912,-2.9252403026225964,-1.463463163696607,0.4918376177988866,0.17769895953570744,0.26675704759462887,0.1763997508188859,0.240009148964302,1.637650504172007,0.11589105809669231,0.13765050417200708,0,0,FOLLOWING,1.637650504172007,0.4177225149912734,0
32.608000000000004,0.079078751622656,1.0247424237560228,-2.9175458918680857,-1.4655246042459593,0.4781761943300695,0.1790345398645517,0.26721499820829836,0.1777157287153646,0.2404515231492849,1.6384548117386368,0.11605856993044927,0.13845481173863683,0,0,FOLLOWING,1.6384548117386368,0.41891031959091785,0
32.64,0.07349639840210477,1.023451340240802,-2.909838249078074,-1.4675265256298435,0.46447638236810945,0.18038884086978635,0.26764845813828697,0.1790516896203308,0.24086503041139962,1.6392695495008607,0.11621569040967605,0.13926954950086068,0,0,FOLLOWING,1.6392695495008607,0.42007628819396625,0
32.672000000000004,0.0678820047565846,1.022107164796394,-2.902118077871542,-1.4694688876689623,0.4507392817484832,0.1817610449339014,0.2680573652003331,0.18040639055988314,0.24125654925622583,1.6400942119952369,0.11636240749923665,0.14009421199523686,0,0,FOLLOWING,1.6400942119952369,0.4212201409880515,0
32.704,0.06223552083797065,1.0207091216456572,-2.8943860841682723,-1.4713516513793992,0.4369659953002189,0.18315032498282402,0.2684416716830947,0.18177899097518624,0.24162600779841112,1.6409282898241515,0.11649871525622135,0.1409282898241515,0,0,FOLLOWING,1.6409282898241515,0.4223416056550578,0
32.736000000000004,0.05655693358900917,1.0192564358177856,-2.8866429758204846,-1.4731747789733944,0.4231576287574032,0.1845558436109874,0.26880134257167176,0.18316866241891003,0.2419733456455417,1.6417712691474156,0.11662461311576465,0.14177126914741556,0,0,FOLLOWING,1.6417712691474156,0.4234404172784584,0
32.768,0.05084626685606933,1.0177483342303233,-2.878889462133332,-1.4749382338601116,0.4093152906703682,0.18597675355154056,0.26913635522367163,0.1845745680498146,0.2422985173895469,1.642622631988661,0.1167401057514228,0.142622631988661,0,0,FOLLOWING,1.642622631988661,0.4245163182536311,0
32.8,0.04510358151457362,1.0161840468266712,-2.8711262534175113,-1.4766419806463627,0.3954400923167397,0.1874121982754692,0.26944669915811187,0.18599586117452865,0.24260149160366665,1.64348185661331,0.11684520297975176,0.14348185661331003,0,0,FOLLOWING,1.64348185661331,0.42556905820098234,0
32.832,0.03932897555607658,1.0145628077154298,-2.86335406056639,-1.478285985137327,0.3815331476121841,0.18886131261100036,0.26973237588615206,0.1874316856865555,0.24288225007630343,1.6443484179123569,0.11693991968161965,0.14434841791235686,0,0,FOLLOWING,1.6443484179123569,0.42659839388194654,0
32.864,0.0335225841311364,1.01288385630839,-2.8555735946527276,-1.4798702143372315,0.3675955730209984,0.1903232233724733,0.2699933987714609,0.1888811766980887,0.24314078719879773,1.6452217877854363,0.11702427573540897,0.14522178778543626,0,0,FOLLOWING,1.6452217877854363,0.42760408911776593,0
32.896,0.02768457954729567,1.0111464384562818,-2.84778556654115,-1.4813946364500157,0.35362848746649633,0.19179704999733788,0.27022979291189053,0.1903434611935839,0.24337710947308253,1.6461014355223877,0.11709829595871123,0.14610143552238775,0,0,FOLLOWING,1.6461014355223877,0.42858591471097,0
32.928,0.021815171222075137,1.009349807581315,-2.8399906865133837,-1.4828592208799694,0.3396330122411407,0.19328190519068428,0.27044159503595855,0.19181765868845727,0.24359123511288716,1.6469868281830218,0.11716201005585569,0.14698682818302178,0,0,FOLLOWING,1.6469868281830218,0.4295436483696166,0
32.96,0.01591460559099588,1.0074932258053677,-2.832189663903919,-1.4842639382323455,0.3256102709165697,0.19477689557650646,0.2706288534086338,0.19330288189157224,0.24378319371785112,1.6478774309747068,0.11721545256902922,0.14787743097470685,0,0,FOLLOWING,1.6478774309747068,0.4304770746341131,0
32.992,0.009983165970725084,1.0055759650725242,-2.824383206744311,-1.4856087603139532,0.31156138925335053,0.19628112235502307,0.27079162774252724,0.19479823737125868,0.2439530260035871,1.6487727076275196,0.11725866283140228,0.1487727076275196,0,0,FOLLOWING,1.6487727076275196,0.431385984806713,0
33.024,0.004021172377512659,1.0035973082645444,-2.8165720214147454,-1.4868936601337195,0.297487495110647,0.19779368196499592,0.2709299891109177,0.19630282622476292,0.2441007835746416,1.6496721207664957,0.11729168492081676,0.14967212076649572,0,0,FOLLOWING,1.6496721207664957,0.43227017688350033,0
33.056,-0.0019710186988274683,1.001556550307762,-2.808756812301847,-1.4881186119032352,0.2833897183556289,0.19931366675020326,0.27104401986031057,0.19781574475054917,0.24422652872946324,1.6505751322806899,0.11731456761311287,0.15057513228068986,0,0,FOLLOWING,1.6505751322806899,0.4331294554889585,0
33.088,-0.007993014565055944,0.9994529992698433,-2.800938281461964,-1.4892835910372684,0.2692691907728099,0.20084016562886461,0.2711338135202377,0.19933608512300954,0.2443303342891481,1.651481203688559,0.11732736433417701,0.1514812036885591,0,0,FOLLOWING,1.651481203688559,0.43396363181293857,0
33.12,-0.014044386638339078,0.9972859774447967,-2.7931171282893965,-1.4903885741542617,0.255127045973142,0.2023722647650498,0.2711994747090189,0.2008629360686895,0.24441228344307472,1.6523897964993606,0.11733013311021168,0.15238979649936057,0,0,FOLLOWING,1.6523897964993606,0.43477252355012025,0
33.152,-0.0201246708032583,0.9950548224245958,-2.785294049189185,-1.491433539076799,0.24096441930305273,0.2039090482407987,0.27124111903402076,0.20239538354332037,0.24447246960626637,1.6533003725700839,0.1173229365156514,0.1533003725700839,0,0,FOLLOWING,1.6533003725700839,0.43555595484178505,0
33.184,-0.026233367811391198,0.9927588881557765,-2.777469737254238,-1.4924184648320509,0.2267824477532535,0.20544959872792157,0.27125887298581375,0.20393251140862156,0.24451099628396894,1.6542123944576166,0.11730584161850645,0.1542123944576166,0,0,FOLLOWING,1.6542123944576166,0.4363137562199949,0
33.216,-0.03236994372277026,0.9903975459793641,-2.7696448819466455,-1.4933433316521967,0.2125822698675056,0.2069929981581727,0.2712528738252712,0.20547340210798404,0.2445279769405672,1.6551253257656815,0.11727891992276751,0.1551253257656815,0,0,FOLLOWING,1.6551253257656815,0.437045764553997,0
33.248,-0.038533830388433526,0.9879701856525092,-2.761820168783154,-1.4942081209748213,0.1983650256511748,0.2085383283907543,0.271223269463451,0.20701713733988494,0.2445235348697926,1.6560386314862694,0.11724224730783607,0.1560386314862694,0,0,FOLLOWING,1.6560386314862694,0.4377518229989486,0
33.28,-0.04472442597319866,0.9854762163502316,-2.7539962790248036,-1.495012815443285,0.18413185647974117,0.21008467187585225,0.2711702183337112,0.20856279872810926,0.24449780306451238,1.6569517783351397,0.11719590396477875,0.15695177833513974,0,0,FOLLOWING,1.6569517783351397,0.4384317809467983,0
33.312,-0.050941095517703185,0.9829150676457092,-2.7461738893708016,-1.4957573989070756,0.16988390500715433,0.2116311123131507,0.27109388925604044,0.21010946848756235,0.24445092408436356,1.6578642350811272,0.11713997432942813,0.15786423508112724,0,0,FOLLOWING,1.6578642350811272,0.4390854939793809,0
33.344,-0.05718317153867515,0.980286190467587,-2.7383536716567365,-1.4964418564221296,0.1556223150741028,0.21317673530411685,0.27099446129347843,0.21165623008469242,0.24438304992018062,1.6587754728689024,0.11707454701230448,0.15877547286890237,0,0,FOLLOWING,1.6587754728689024,0.4397128238236197,0
33.376,-0.06344995466631853,0.9775890580328349,-2.73053629255726,-1.4970661742511346,0.14134823161618504,0.21472062899699026,0.2708721236006209,0.21320216889138704,0.24429434185416357,1.659684965534924,0.1169997147253814,0.15968496553492395,0,0,FOLLOWING,1.659684965534924,0.4403136383088527,0
33.408,-0.06974071445746026,0.974823180332011,-2.7227223856556506,-1.497630339863802,0.12706280057199315,0.21626189731101547,0.27072702544702043,0.21474620408036252,0.24418583400472668,1.6605921967279964,0.11691555364194926,0.1605921967279964,0,0,FOLLOWING,1.6605921967279964,0.44088781132619437,0
33.44,-0.07605469080252536,0.9719881577136139,-2.7149124413010832,-1.4981343419371225,0.11276716879111544,0.21779971078166674,0.27055907578800237,0.2162865836235186,0.2440620024950278,1.6614966873202164,0.1168220406517615,0.16149668732021638,0,0,FOLLOWING,1.6614966873202164,0.44143522278995373,0
33.472,-0.08239109386634502,0.9690835268221835,-2.707107129252831,-1.4985781703555885,0.09846248394206618,0.21933316225957875,0.2703685304933013,0.2178235177250375,0.2439172407218847,1.6623979174435985,0.11671929568975514,0.16239791744359855,0,0,FOLLOWING,1.6623979174435985,0.4419557586010203,0
33.504,-0.08874910551048307,0.9661088494109921,-2.69930710963255,-1.4989618162114025,0.0841498944201496,0.22086134780418956,0.2701556465913942,0.21935613847732752,0.24375184983255752,1.6632953699541684,0.11660743912548321,0.16329536995416838,0,0,FOLLOWING,1.6632953699541684,0.44244931061223736,0
33.536,-0.09512787927180695,0.9630637152471869,-2.6915130329208856,-1.4992852718046503,0.06983054925526548,0.2223833703233049,0.26992068488855325,0.22088353218565804,0.24356613111392594,1.6641885325384818,0.11648659277409568,0.16418853253848176,0,0,FOLLOWING,1.6641885325384818,0.44291577659568593,0
33.568,-0.10152654110768711,0.9599477426793733,-2.6837255402984,-1.4995485306434597,0.05550559801966376,0.22389834016640323,0.2696639109041623,0.22240478976733533,0.24336037520003592,1.6650768980026762,0.11635688026812828,0.16507689800267622,0,0,FOLLOWING,1.6650768980026762,0.44335506021189625,0
33.6,-0.10794419028005825,0.9567605791097482,-2.675945263880051,-1.4997515874441296,0.04117619073565576,0.22540537547457057,0.2693855955312483,0.22391901150375548,0.2431348653973526,1.6659599644154082,0.11621842732090437,0.16595996441540817,0,0,FOLLOWING,1.6659599644154082,0.4437670709809098,0
33.632,-0.11437990027126389,0.9535019014757206,-2.6681728268594602,-1.4998944381312365,0.026843477783289035,0.22690360253387692,0.26908601552498523,0.2254253074219129,0.24288988050389157,1.6668372352516831,0.116071361919591,0.16683723525168315,0,0,FOLLOWING,1.6668372352516831,0.4441517242552175,0
33.664,-0.12083271971918749,0.9501714167381915,-2.660408843581412,-1.4999770798377137,0.012508609807996599,0.22839215614836111,0.2687654538520216,0.22692279733227913,0.24262569705200032,1.6677082195476975,0.11591581446107835,0.16770821954769755,0,0,FOLLOWING,1.6677082195476975,0.4445089411944968,0
33.696,-0.1273016733700185,0.946768862368194,-2.6526539195577805,-1.4999995109049116,-0.0018272623717923932,0.22987018002755158,0.2684241999263738,0.22841061090899917,0.24234259107652473,1.6685724320642157,0.11575191784130377,0.16857243206421568,0,0,FOLLOWING,1.6685724320642157,0.4448386487421875,0
33.728,-0.1337857630478992,0.9432940068246387,-2.6449086514391382,-1.4999617308826312,-0.016162987857010282,0.23133682718243884,0.2680625497526521,0.22988788783436528,0.24204083949941,1.6694293934553532,0.11557980750660413,0.16942939345535324,0,0,FOLLOWING,1.6694293934553532,0.4451407796037966,0
33.76,-0.14028396864058149,0.9397466500172237,-2.6371736269519936,-1.4998637405291317,-0.030497415760388946,0.23279126032484038,0.26768080599375044,0.23135377799563425,0.24172072120407734,1.6702786304402013,0.11539962147419125,0.1702786304402013,0,0,FOLLOWING,1.6702786304402013,0.4454152722270276,0
33.792,-0.14679524910005104,0.936126623749691,-2.6294494248096605,-1.4997055418111143,-0.04482939529880878,0.23423265226576567,0.26727927797655987,0.23280744172146497,0.2413825178593792,1.6711196759750677,0.11521150032736305,0.17111967597506772,0,0,FOLLOWING,1.6711196759750677,0.44566207078358794,0
33.824,-0.15331854345692386,0.9324337921395294,-2.6217366146032512,-1.499487137903686,-0.05915777588573023,0.2356601863094517,0.26685828164711883,0.2342480500470583,0.24102651454073434,1.671952069424708,0.11501558719017303,0.1719520694247081,0,0,FOLLOWING,1.671952069424708,0.4458811251527849,0
33.856,-0.15985277184731062,0.9286680520109866,-2.6140357566780374,-1.4992085331902931,-0.07348140722351869,0.2370730566400195,0.26641813948414506,0.23567478499923855,0.24065300018736296,1.6727753567310382,0.11481202768526132,0.17277535673103817,0,0,FOLLOWING,1.6727753567310382,0.44607239090676776,0
33.888,-0.1663968365507492,0.9248293332588842,-2.606347401999429,-1.4988697332626346,-0.08779913939583703,0.23847046869860514,0.26595918037862465,0.23708683989394885,0.24026226792680636,1.6735890905783286,0.11460096987802391,0.1735890905783286,0,0,FOLLOWING,1.6735890905783286,0.4462358292975327,0
33.92,-0.17294962303774603,0.9209175991812443,-2.598672092012002,-1.498470744920548,-0.10210982295991669,0.2398516395488864,0.2654817394853431,0.23848341964041808,0.23985461529197116,1.674392830553879,0.11438256420955462,0.1743928305538791,0,0,FOLLOWING,1.674392830553879,0.4463714072455443,0
33.952,-0.17951000102541545,0.9169328467791813,-2.591010358494372,-1.4980115761718769,-0.11641230903888156,0.24121579822967026,0.2649861580516242,0.2398637410468913,0.23943034435119917,1.6751861433035902,0.11415696342053394,0.17518614330359017,0,0,FOLLOWING,1.6751861433035902,0.4464790973300984,0
33.984,-0.1860768255396785,0.912875107022862,-2.583362723412161,-1.497492236232306,-0.1307054494139357,0.2425621860931208,0.26447278322720674,0.24122703312419314,0.23898976176765094,1.6759686026817593,0.1139243224676938,0.1759686026817593,0,0,FOLLOWING,1.6759686026817593,0.44655887778128117,0
34.016,-0.19264893798246135,0.9087444450826581,-2.575729698770881,-1.4969127355251777,-0.14498809661658885,0.24389005712788717,0.26394196785884827,0.2425725373836609,0.2385331788019568,1.6767397898948133,0.1136847984343321,0.17673978989481332,0,0,FOLLOWING,1.6767397898948133,0.446610732473651,0
34.048,-0.1992251672023336,0.9045409605248638,-2.5681117864702223,-1.4962730856812838,-0.1592591040207311,0.24519867826619318,0.2633940702723608,0.2438995081271335,0.23806091126836984,1.6774992936385367,0.11343855043599715,0.17749929363853667,0,0,FOLLOWING,1.6774992936385367,0.44663465092150617,0
34.08,-0.20580433056702202,0.9002647874715785,-2.5605094781609297,-1.4955732995386315,-0.17351732593472782,0.24648732967453868,0.26282945404458397,0.24520721272667795,0.23757327945372148,1.6782467102286844,0.1131857395223692,0.17824671022868444,0,0,FOLLOWING,1.6782467102286844,0.4466306282758615,0
34.112,-0.21238523503625642,0.895916094724538,-2.5529232551052456,-1.4948133911421846,-0.18776161769336575,0.2477553050274548,0.26224848776715765,0.24649493189266858,0.23707060800617194,1.6789816437247167,0.1129265285761032,0.1789816437247167,0,0,FOLLOWING,1.6789816437247167,0.44659866532301334,0
34.144,-0.21896667823341637,0.8914950858528474,-2.5453535880416864,-1.493993375743583,-0.20199083574976215,0.24900191176419215,0.26165154480386943,0.24776195992876504,0.2365532257996438,1.679703706046632,0.11266108220935944,0.179703706046632,0,0,FOLLOWING,1.679703706046632,0.4465387684847866,0
34.176,-0.22554744951447778,0.8870019992447046,-2.5378009370547803,-1.4931132698008365,-0.2162038377671671,0.25022647132814935,0.26103900304294025,0.2490076049729481,0.23602146577877134,1.680412517084806,0.11238956665857591,0.1804125170848061,0,0,FOLLOWING,1.680412517084806,0.44645094982039424,0
34.208,-0.232126331032787,0.8824371081233301,-2.5302657514502718,-1.4921730909779938,-0.2303994827106716,0.251428319389029,0.26041124464550375,0.25023118922385246,0.23547566478809745,1.6811077048028353,0.11211214967799332,0.18110770480283533,0,0,FOLLOWING,1.6811077048028353,0.44633522702996614,0
34.24,-0.23870209879822749,0.8778007205274274,-2.5227484696361797,-1.4911728581447883,-0.24457663093881085,0.25260680604778085,0.25976865579129044,0.2514320491519105,0.23491616338912402,1.6817889053334008,0.11182900043233879,0.18178890533340075,0,0,FOLLOWING,1.6817889053334008,0.4461916234597005,0
34.272,-0.24527352372938271,0.8730931792565889,-2.5152495190100312,-1.4901125913762598,-0.2587341442950562,0.2537612960244641,0.25911162642246627,0.252609535694999,0.2343433056672652,1.682455763067198,0.11154028938905114,0.1824557630671979,0,0,FOLLOWING,1.682455763067198,0.44602016810869266,0
34.304,-0.25183937269734313,0.8683148617821551,-2.5077693158525114,-1.4889923119523503,-0.27287088619918726,0.25489116882922935,0.2584405499863958,0.25376301443838056,0.23375743903147736,1.6831079307349956,0.11124618821035215,0.18310793073499565,0,0,FOLLOWING,1.6831079307349956,0.4458208956373957,0
34.336,-0.2583984095598525,0.8634661801241001,-2.5003082652277087,-1.4878120423574788,-0.28698572173853787,0.2559958189166832,0.2577558231780353,0.2548918657789537,0.23315891400796157,1.6837450694829126,0.1109468696454452,0.18374506948291258,0,0,FOLLOWING,1.6837450694829126,0.4455938463777752,0
34.368,-0.2649493961845362,0.858547580694592,-2.492866760890102,-1.4865718062800886,-0.3010775177591083,0.2570746558239264,0.2570578456825891,0.25599548507379594,0.2325480840296118,1.6843668489409962,0.11064250742308879,0.1843668489409962,0,0,FOLLOWING,1.6843668489409962,0.44533906634511305,0
34.4,-0.27149109346000727,0.8535595441089286,-2.4854451851983765,-1.4852716286121717,-0.3151451429565357,0.25812710429263463,0.25634701991898556,0.25707328277319486,0.2319253052224463,1.6849729472852257,0.11033327614476107,0.18497294728522573,0,0,FOLLOWING,1.6849729472852257,0.445056607251524,0
34.432,-0.27802226229369936,0.8485025849646074,-2.4780439090361424,-1.483911535448771,-0.3291874679669137,0.2591526043755526,0.2556237507846751,0.258124684538381,0.2312909361901589,1.6855630512930437,0.11001935117861095,0.18556305129304373,0,0,FOLLOWING,1.6855630512930437,0.444746526521148,0
34.464,-0.2845416645953297,0.843377251589331,-2.470663291739577,-1.4824915540874537,-0.3432033654574734,0.2601506115278412,0.2548884454022248,0.25914913134422546,0.230645337797418,1.6861368563925547,0.10970090855437675,0.18613685639255473,0,0,FOLLOWING,1.6861368563925547,0.44440888730708866,0
34.496,-0.29104806424495344,0.838184125758794,-2.4633036810320137,-1.4810117130277676,-0.35719171021705537,0.26112059668366244,0.2541415128680808,0.26014607956726443,0.22998887295307266,1.68669406670548,0.10937812485941256,0.18669406670547994,0,0,FOLLOWING,1.68669406670548,0.44404375851003675,0
34.528,-0.29754022804462565,0.8329238223851321,-2.4559654129654493,-1.4794720419706628,-0.3711513792464851,0.2620620463185838,0.2533833640039812,0.2611150010593638,0.22932190639368724,1.6872343950840714,0.10905117713600632,0.18723439508407136,0,0,FOLLOWING,1.6872343950840714,0.44365121479869774,0
34.56,-0.30401692665274804,0.8275969891769465,-2.4486488118689573,-1.4778725718179042,-0.38508125184868414,0.262974462498144,0.25261441111122657,0.26205538320755595,0.2286448044679366,1.6877575631420294,0.10872024278006354,0.1877575631420294,0,0,FOLLOWING,1.6877575631420294,0.44323133663192443,0
34.592,-0.31047693550023386,0.8222043062718439,-2.441354190303946,-1.4762133346714421,-0.39898020971868475,0.26385736291323364,0.2518350677283249,0.262966728980353,0.22795793492249583,1.688263301279654,0.10838549944135378,0.18826330127965396,0,0,FOLLOWING,1.688263301279654,0.4427842102827018,0
34.624,-0.3169190356876857,0.8167464858424579,-2.4340818490262124,-1.4744943638327745,-0.41284713703336484,0.2647102809026425,0.2510457483921162,0.2638485569611242,0.22726166668988787,1.6887513487032664,0.10804712492535186,0.18875134870326638,0,0,FOLLOWING,1.6887513487032664,0.4423099278638751,0
34.656,-0.3233420148628354,0.8112242716769347,-2.426832076954709,-1.4727156938022756,-0.4266809205410714,0.2655327654634836,0.2502468684028469,0.2647004013688966,0.22655636967855067,1.689221453439152,0.1077052970968504,0.1892214534391521,0,0,FOLLOWING,1.689221453439152,0.4418085873557744,0
34.688,-0.3297446680775618,0.805638438734884,-2.419605151146944,-1.470877360278506,-0.44048044965094935,0.2663243812498226,0.24943884359327112,0.26552181206726216,0.22584241456550364,1.6896733723420394,0.10736019378536943,0.1896733723420394,0,0,FOLLOWING,1.6896733723420394,0.4412802926356359,0
34.72,-0.33612579862385,0.7999897926798107,-2.412401336780922,-1.4689794001574912,-0.4542446165221451,0.2670847085602432,0.24862209010222014,0.2663123545616453,0.22512017259208753,1.6901068710983695,0.1070119926925246,0.19010687109836955,0,0,FOLLOWING,1.6901068710983695,0.44072515350896835,0
34.752,-0.3424842188481253,0.7942791693890479,-2.4052208871435163,-1.4670218515319884,-0.46797231615270135,0.2678133433147042,0.24779702415265606,0.2670716099857422,0.22439001536281544,1.6905217242243828,0.1066608713013526,0.19052172422438285,0,0,FOLLOWING,1.6905217242243828,0.44014328574276873,0
34.784,-0.34881875094344117,0.7885074344422238,-2.3980640436251757,-1.4650047536907138,-0.48166244646831124,0.268509897021388,0.2469640618346499,0.26779917507739504,0.22365231464764865,1.6909177150592565,0.10630700678776295,0.19091771505925648,0,0,FOLLOWING,1.6909177150592565,0.4395348111007427,0
34.816,-0.3551282277190653,0.7826754825892969,-2.390931035720818,-1.4629281471175624,-0.49531390841075096,0.26917399673391934,0.24612361889321005,0.26849466214459095,0.22290744218830835,1.69129463575333,0.1059505759340742,0.19129463575333006,0,0,FOLLOWING,1.69129463575333,0.43889985738043585,0
34.848,-0.3614114933470583,0.7767842371991925,-2.3838220810368207,-1.4607920734907864,-0.5089256060261563,0.2698052849996341,0.245276110521432,0.26915769902203057,0.22215576950810817,1.691652287251642,0.10559175504481466,0.19165228725164196,0,0,FOLLOWING,1.691652287251642,0.4382385584524302,0
34.88,-0.3676674040854966,0.7708346496900782,-2.3767373853039464,-1.4585965756821686,-0.522496446552964,0.27040341979925886,0.2444219511588389,0.2697879290188602,0.22139766772617686,1.691990479272809,0.10523071986473019,0.1919904792728091,0,0,FOLLOWING,1.691990479272809,0.43755105430151625,0
34.912,-0.3738948289780403,0.7648276989423061,-2.369677142396082,-1.4563416977561534,-0.5360253405096801,0.2709680744786945,0.24356155429532272,0.27038501085790456,0.22063350737600293,1.6923090302834798,0.10486764549914973,0.1923090302834798,0,0,FOLLOWING,1.6923090302834798,0.43683749107000036,0
34.944,-0.38009265052960445,0.7587643906950461,-2.3626415343546463,-1.4540274849689667,-0.549511201782315,0.27149893767322747,0.24269533228061926,0.2709486186072324,0.21986365822812393,1.6926077674683793,0.10450270633667991,0.19260776746837927,0,0,FOLLOWING,1.6926077674683793,0.436098021103068,0
34.976,-0.38625976535793494,0.7526457569276297,-2.3556307314185148,-1.451653983767708,-0.5629529477115918,0.2719957132248085,0.24182369613955373,0.2714784416041499,0.2190884891178593,1.6928865266961541,0.1041360759743122,0.19288652669615414,0,0,FOLLOWING,1.6928865266961541,0.43533280299633004,0
35.008,-0.39239508482094504,0.7464728552266053,-2.3486448920593133,-1.4492212417894157,-0.5763494991798596,0.27245812009280335,0.24094705539312253,0.2719741843724597,0.21830836777741436,1.693145152481089,0.10376792714496386,0.193145152481089,0,0,FOLLOWING,1.693145152481089,0.43454200164552936,0
35.04,-0.39849753561971174,0.7402467681395029,-2.3416841630219256,-1.446729307860113,-0.5896997806977275,0.2728858922587066,0.2400658178855079,0.2724355665332683,0.21752366067296688,1.6933834979408273,0.10339843164748519,0.19338349794082732,0,0,FOLLOWING,1.6933834979408273,0.43372578829849484,0
35.072,-0.4045660603770787,0.7339686025162874,-2.3347486793700543,-1.4441782319938268,-0.603002720490405,0.2732787786252828,0.23918038961709623,0.27286232270984245,0.2167347328468281,1.6936014247502145,0.10302776027915561,0.19360142475021447,0,0,FOLLOWING,1.6936014247502145,0.43288434060933584,0
35.104,-0.4105996181918537,0.7276394888394637,-2.327838564536677,-1.4415680653915839,-0.6162572505837459,0.27363654291056183,0.23829117458360036,0.27325420242704,0.21594194776433726,1.69379880309137,0.10265608277070415,0.19379880309137,0,0,FOLLOWING,1.69379880309137,0.43201784269497007,0
35.136,-0.4165971851686324,0.7212605805437828,-2.3209539303792326,-1.4388988604403856,-0.6294623068899858,0.2739589635371296,0.23739857462130096,0.2736109700056535,0.21514566716610659,1.693975511600109,0.10228356772385362,0.19397551160010895,0,0,FOLLOWING,1.693975511600109,0.43112648519397556,0
35.168,-0.42255775492331976,0.7148330533264795,-2.314094877239372,-1.4361706707121527,-0.6426168292931689,0.2742458335171149,0.23650298925848834,0.27393240445213757,0.2143462509254729,1.6941314373088165,0.10191038255142049,0.19413143730881655,0,0,FOLLOWING,1.6941314373088165,0.4302104653278602,0
35.2,-0.4284803390644563,0.7083581044489496,-2.307261494007106,-1.433383550962653,-0.6557197617342545,0.274496960333276,0.235604815573107,0.2742182993441478,0.2135440569109088,1.6942664755858907,0.10153669341996395,0.19426647558589072,0,0,FOLLOWING,1.6942664755858907,0.4292699869647447,0
35.232,-0.4343639676504963,0.701836952030758,-2.3004538581891794,-1.4305375571304006,-0.668770052295899,0.2747121658165491,0.2347044480566548,0.2744684627122348,0.2127394408540786,1.6943805300718517,0.10116266519500483,0.19438053007185174,0,0,FOLLOWING,1.6943805300718517,0.4283052606855513,0
35.264,-0.4402076896232153,0.6952708343368463,-2.2936720359815057,-1.4276327463355356,-0.6817666532869024,0.2748912860204467,0.23380227848430973,0.2746827169181028,0.21193275622285745,1.6944735126122377,0.10078846138879882,0.19447351261223766,0,0,FOLLOWING,1.6944735126122377,0.4273165038526951,0
35.296,-0.44601057321746074,0.6886610090587841,-2.286916082345492,-1.4246691768786737,-0.6947085213263307,0.27503417109262684,0.23289869579135689,0.2748608985297835,0.2111243540998953,1.6945453431873836,0.10041424411069189,0.1945453431873836,0,0,FOLLOWING,1.6945453431873836,0.4263039406813786,0
35.328,-0.4517717063474857,0.682008752590887,-2.280186041088075,-1.421646908239742,-0.7075946174272513,0.2751406851439362,0.23199408595579002,0.27500285819406833,0.21031458306646908,1.6945959498391678,0.10004017402000631,0.19459594983916784,0,0,FOLLOWING,1.6945959498391678,0.42526780231346284,0
35.36,-0.4574901969701376,0.6753153593020033,-2.2734819449453108,-1.4185660010767762,-0.7204239070801827,0.2752107061153305,0.23108883188723076,0.2751084605064614,0.20950378909160347,1.6946252685948904,0.09966641028151191,0.19462526859489038,0,0,FOLLOWING,1.6946252685948904,0.4242083268940535,0
35.392,-0.4631651734251994,0.6685821408037386,-2.266803815669332,-1.4154265172247156,-0.7331953603361052,0.2752441256428101,0.23018331332195285,0.27517758387911184,0.20869231542667696,1.694633243388293,0.09929311052339783,0.1946332433882929,0,0,FOLLOWING,1.694633243388293,0.4231257596507412,0
35.424,-0.468795784753205,0.6618104252158731,-2.260151664118521,-1.4122285196941489,-0.7459079518891866,0.2752408489208188,0.22927790672417758,0.27521012040683057,0.2078805025050578,1.6946198259779248,0.09892043079781088,0.19461982597792482,0,0,FOLLOWING,1.6946198259779248,0.42202035297565177,0
35.456,-0.47438120099107434,0.6550015564296936,-2.253525490350712,-1.40897207267006,-0.7585606611590547,0.2752007945641823,0.22837298519340413,0.27520597573159944,0.20706868784739407,1.694584975862853,0.09854852554386495,0.19458497586285306,0,0,FOLLOWING,1.694584975862853,0.4208923665102415,0
35.488,-0.47992061344593434,0.6481568933699408,-2.246925283719265,-1.4056572415105322,-0.7711524723727706,0.27512389446900837,0.2274689183778989,0.2751650689057336,0.206257205971826,1.6945286601959229,0.09817754755317143,0.19452866019592285,0,0,FOLLOWING,1.6945286601959229,0.41974206723298657,0
35.52,-0.48541323494751254,0.6412778092560437,-2.2403510229718413,-1.402284092745444,-0.7836823746463363,0.2750100936725805,0.2265660723941203,0.2750873322540376,0.2054463883096405,1.6944508536945588,0.09780764793780472,0.19445085369455883,0,0,FOLLOWING,1.6944508536945588,0.4185697295499042,0
35.552,-0.4908583000795052,0.6343656908632931,-2.2338026763517203,-1.3988526940751247,-0.7961493620658889,0.2748593502126416,0.2256648097522094,0.27497271123505473,0.20463656312584397,1.6943515385493215,0.09743897610075082,0.19435153854932152,0,0,FOLLOWING,1.6943515385493215,0.4173756353880545,0
35.584,-0.49625506539034187,0.6274219377845714,-2.227280201701486,-1.3953631143690055,-0.8085524337684173,0.2746716349860648,0.22476548928725512,0.2748211643017263,0.2038280554450583,1.6942307043302043,0.09707167970872854,0.19423070433020428,0,0,FOLLOWING,1.6942307043302043,0.416160074291949,0
35.616,-0.501602809583778,0.6204479616932419,-2.2207835465689287,-1.3918154236642266,-0.8208905940221518,0.274446931607278,0.22386846609647837,0.27463266276154197,0.20302118698235208,1.6940883478908892,0.09670590466744011,0.19408834789088925,0,0,FOLLOWING,1.6940883478908892,0.4149233435230187,0
35.648,-0.506900833689765,0.6134451856077606,-2.2143126483150066,-1.3882096931642431,-0.8331628523064633,0.274185236266404,0.22297409148206804,0.2744071906365073,0.20221627607886336,1.6939244732709444,0.0963417950991472,0.19392447327094442,0,0,FOLLOWING,1.6939244732709444,0.41366574816206,0
35.68,-0.512148461216053,0.6064150431585664,-2.2078674342237004,-1.3845459952373864,-0.8453682233914194,0.2738865575874466,0.22208271289973433,0.2741447445228691,0.20141363764257125,1.6937390915961794,0.09597949332259903,0.1937390915961794,0,0,FOLLOWING,1.6937390915961794,0.41238760121479995,0
35.712,-0.5173450382809966,0.5993589778577609,-2.201447821613622,-1.3808244034154167,-0.857505727416854,0.2735509164864871,0.22119467391278463,0.2738453334509823,0.2006135830936946,1.69353222097716,0.09561913983523906,0.19353222097715994,0,0,FOLLOWING,1.69353222097716,0.4110892237205145,0
35.744,-0.5224899337280393,0.5922784423720818,-2.1950537179512097,-1.3770449923920447,-0.8695743899710427,0.2731783460301232,0.2203103141516783,0.273508978745242,0.19981642031474675,1.6933038864060572,0.0952608732976734,0.19330388640605722,0,0,FOLLOWING,1.6933038864060572,0.40977094486379334,0
35.776,-0.5275825392223579,0.5851748977996349,-2.188685020965389,-1.3732078380214356,-0.8815732421689282,0.27276889129419296,0.21942996927897213,0.2731357138843632,0.19902245360517812,1.6930541196518998,0.09490483052036902,0.19305411965189978,0,0,FOLLOWING,1.6930541196518998,0.4084331020894212,0
35.808,-0.5326222693301588,0.5780498129508373,-2.1823416187635267,-1.3693130173166832,-0.8935013207299021,0.27232260922288265,0.2185539709595338,0.2727255843619744,0.19823198364063552,1.6927829591543386,0.0945511464525346,0.19278295915433863,0,0,FOLLOWING,1.6927829591543386,0.4070760412204308,0
35.84,-0.5376085615811166,0.570904663633992,-2.176023389948556,-1.365360608448266,-0.9053576680551392,0.2718395684883052,0.21768264683591781,0.27227864754772196,0.19744530743647262,1.6924904499160358,0.09419995417314596,0.1924904499160358,0,0,FOLLOWING,1.6924904499160358,0.4057001165792972,0
35.872,-0.5425408765144537,0.5637409319458955,-2.169730203737136,-1.3613506907424786,-0.9171413323044739,0.27131984935060577,0.21681632050884167,0.27179497254891166,0.19666271831546825,1.6921766433937782,0.09385138488409117,0.19217664339377816,0,0,FOLLOWING,1.6921766433937782,0.4043056911123116,0
35.904,-0.5474186977091583,0.5565601055678568,-2.1634619200787095,-1.3572833446798387,-0.9288513674728155,0.2707635435186456,0.21595531152261918,0.2712746400727744,0.19588450587979675,1.6918415973884213,0.09350556790538533,0.19184159738842133,0,0,FOLLOWING,1.6918415973884213,0.40289313651709346,0
35.936,-0.552241531798839,0.5493636770674821,-2.1572183897753225,-1.3531586518934722,-0.9404868334660939,0.2701707540113241,0.2150999353554472,0.27071774228939927,0.19511095598696485,1.6914853759337791,0.09316263067241115,0.19148537593377912,0,0,FOLLOWING,1.6914853759337791,0.40146283337326605,0
35.968,-0.5570089084717186,0.5421531432065582,-2.1509994546021036,-1.348976695167475,-0.9520467961767317,0.2695415950195553,0.21425050341447865,0.27012438269541844,0.19434235072958814,1.6911080491845583,0.09282269873516615,0.19110804918455826,0,0,FOLLOWING,1.6911080491845583,0.40001517127623476,0
36.0,-0.5617203804562629,0.5349300042553465,-2.1448049474282653,-1.34473755843525,-0.9635303275586353,0.26887619176893085,0.21340732303553941,0.2694946759784945,0.19357896841879843,1.6907096933034498,0.09248589575945898,0.19070969330344978,0,0,FOLLOWING,1.6907096933034498,0.39855054897407033,0
36.032000000000004,-0.5663755234929417,0.5276957633135838,-2.1386346923385124,-1.340441326777826,-0.9749365057016997,0.2681746803831032,0.21257069748738133,0.2688287478825219,0.19282108357160654,1.6902903903474966,0.09215234353001689,0.19029039034749662,0,0,FOLLOWING,1.6902903903474966,0.39706937450742286,0
36.064,-0.5709739285767088,0.5204512270095555,-2.13248849043394,-1.336088086422146,-0.9862644149058197,0.2674361569614023,0.21174038495155242,0.2681450989166481,0.19206941437947356,1.6898496087309054,0.09182195637610624,0.1898496087309054,0,0,FOLLOWING,1.6898496087309054,0.3955720653524429,0
36.096000000000004,-0.5755151966204516,0.5131968314123703,-2.1263661571660903,-1.3316779247393398,-0.9975131457544015,0.2666591590716236,0.21091593699206723,0.26745374755313805,0.19132351241085208,1.689386488198431,0.09149457249852366,0.18938648819843107,0,0,FOLLOWING,1.689386488198431,0.39405904856660445,0
36.128,-0.5799989300130318,0.5059330226404007,-2.1202675292509046,-1.3272109302429662,-1.0086817951873832,0.2658422440200553,0.2100969832290899,0.26675457656508117,0.1905827131774068,1.6889001804935397,0.09117006162055663,0.18890018049353974,0,0,FOLLOWING,1.6889001804935397,0.3925307609374007,0
36.160000000000004,-0.5844247691977436,0.49866399918635723,-2.114192371402136,-1.3226871925872445,-1.019769466573708,0.2649896832274589,0.20928563102030515,0.2659478843642143,0.1898492670725137,1.6883931993848655,0.0908492201350821,0.18839319938486554,0,0,FOLLOWING,1.6883931993848655,0.3909876491337348,0
36.192,-0.5887923729984307,0.49139161643254964,-2.1081405271305367,-1.3181068025652447,-1.0307752697833406,0.2641022161328183,0.20848251217242483,0.2650960296854671,0.18912071113637835,1.687865980066707,0.09053229526789952,0.18786598006670707,0,0,FOLLOWING,1.687865980066707,0.3894301698599899,0
36.224000000000004,-0.5931014559399683,0.4841173948952089,-2.1021117726792022,-1.3134698521070756,-1.0416983212586928,0.2631800623073521,0.20768791743279655,0.2642085854220373,0.18839914768978383,1.6873186497690986,0.09021940216669933,0.18731864976909862,0,0,FOLLOWING,1.6873186497690986,0.387858790012541,0
36.256,-0.5973517621606242,0.4768428326561306,-2.09610586782428,-1.3087764342780281,-1.0525377440855903,0.2622234146547445,0.20690210790103042,0.263286408049292,0.18768509135638167,1.686751319137529,0.08991064415642569,0.18675131913752896,0,0,FOLLOWING,1.686751319137529,0.38627398683865055,0
36.288000000000004,-0.6015430583975078,0.46956942408510727,-2.0901225641854966,-1.3040266432767225,-1.0632926680636388,0.2612324737232531,0.2061253397548017,0.2623297456647065,0.18697879702593884,1.6861641025034853,0.0896061223726079,0.18616410250348525,0,0,FOLLOWING,1.6861641025034853,0.3846762480974782,0
36.32,-0.605675133025792,0.4622986609983224,-2.0841616058804258,-1.2992205744332002,-1.0739622297761182,0.26020745088039254,0.20535786572542136,0.26133879672000543,0.1862804991410552,1.6855571197144505,0.08930593631713178,0.18555711971445055,0,0,FOLLOWING,1.6855571197144505,0.38306607222309846,0
36.352000000000004,-0.6097477958899288,0.45503203217508215,-2.078222729708843,-1.2943583242070282,-1.0845455726592654,0.25914856837006767,0.204599935305944,0.26031376604193085,0.18559042638301884,1.684930496130355,0.08901018394328841,0.18493049613035506,0,0,FOLLOWING,1.684930496130355,0.38144396848920353,0
36.384,-0.6137608782055257,0.4477710227283314,-2.0723056652849947,-1.2894399901853464,-1.0950418470710728,0.2580560590758046,0.20385179483605684,0.25925487003029934,0.18490880329974885,1.6842843624473012,0.0887189616949633,0.18428436244730118,0,0,FOLLOWING,1.6842843624473012,0.37981045717533496,0
36.416000000000004,-0.6177142324532838,0.44051711347723715,-2.066410135158301,-1.2844656710809241,-1.1054502103594654,0.25693016627540677,0.20311368756332432,0.2581623367027557,0.18423585066703335,1.6836188545163195,0.08843236453627945,0.18361885451631954,0,0,FOLLOWING,1.6836188545163195,0.37816606973426,0
36.448,-0.6216077322585308,0.43327178033538727,-2.0605358549282315,-1.2794354667301655,-1.115769826929984,0.2557711434126527,0.202385853694723,0.25703640527790667,0.18357178567080615,1.6829341131723987,0.0881504859770146,0.18293411317239872,0,0,FOLLOWING,1.6829341131723987,0.3765113489602754,0
36.480000000000004,-0.6254412722572237,0.4260364937146624,-2.054682533355072,-1.2743494780911186,-1.1259998683128334,0.2545792538852653,0.20166853044254504,0.2558773257681132,0.18291682203548537,1.6822302840735297,0.08787341809549365,0.1822302840735297,0,0,FOLLOWING,1.6822302840735297,0.37484684915799155,0
36.512,-0.6292147679498163,0.41881271794372044,-2.048849872467645,-1.2692078072414352,-1.1361395132294239,0.25335477084666946,0.20096195206752784,0.25468535861920427,0.1822711701191374,1.6815075175484835,0.08760125156018117,0.1815075175484835,0,0,FOLLOWING,1.6815075175484835,0.37317313631129817,0
36.544000000000004,-0.6329281555442503,0.41160191070012786,-2.043037567668729,-1.264010557376336,-1.1461879476582815,0.2520979770190374,0.20026634992096792,0.2534607743921541,0.18163503698550754,1.680765968452023,0.08733407565073947,0.18076596845202308,0,0,FOLLOWING,1.680765968452023,0.3714907882520037,0
36.576,-0.6365813917891544,0.40440552245534817,-2.0372453078386994,-1.2587578328065292,-1.1561443649004102,0.2508091645158111,0.19958195248731564,0.25220385347899005,0.18100862645947496,1.6800057960266437,0.08707197827920798,0.18000579602664368,0,0,FOLLOWING,1.6800057960266437,0.36980039482773985,0
36.608000000000004,-0.6401744537981947,0.39722499593195526,-2.031472775437817,-1.2534497389561219,-1.166007965644051,0.2494886346721067,0.19890898542826288,0.250914885846302,0.1803921391694212,1.6792271637700564,0.08681504601174628,0.17922716377005643,0,0,FOLLOWING,1.6792271637700564,0.36810255806857234,0
36.64,-0.643707338866391,0.3900617655725568,-2.0257196466074405,-1.248086382360503,-1.175777958028852,0.24813669788178097,0.19824767162911194,0.2495941708010062,0.1797857725807809,1.6784302393078465,0.08656336409128974,0.17843023930784652,0,0,FOLLOWING,1.6784302393078465,0.36639789235178416,0
36.672000000000004,-0.6471800642791229,0.3829172570200147,-2.0199855912703986,-1.2426678706642043,-1.18545355770944,0.2467536734401666,0.19759823124800613,0.2482420167740405,0.1791897210223434,1.6776151942708584,0.08631701646137711,0.17761519427085837,0,0,FOLLOWING,1.6776151942708584,0.3646870245641878,0
36.704,-0.650592667114461,0.37579288660862026,-2.0142702732306814,-1.2371943126187408,-1.1950339879183887,0.24533988939168488,0.1969608817684638,0.24685874111857403,0.1786041757075055,1.6767822041769826,0.08607608579134363,0.17678220417698265,0,0,FOLLOWING,1.6767822041769826,0.36297059426132877,0
36.736000000000004,-0.6539452040393924,0.3686900608659464,-2.008573350272595,-1.2316658180804287,-1.2045184795285773,0.24389568238168388,0.19633583805555097,0.24544466991987218,0.17802932475107433,1.6759314483170902,0.08584065350303338,0.17593144831709018,0,0,FOLLOWING,1.6759314483170902,0.3612492538228168,0
36.768,-0.6572377511004551,0.3616101760251478,-2.0028944742595023,-1.226082498008179,-1.2139062711149382,0.2424213975120164,0.19572331241601906,0.24400013781448393,0.177465353182234,1.6750631096449566,0.08561079979917352,0.17506310964495664,0,0,FOLLOWING,1.6750631096449566,0.35952366860303575,0
36.800000000000004,-0.6604704035092441,0.3545546175475118,-1.9972332912322295,-1.2204444644612717,-1.2231966090155852,0.2409173881999401,0.19512351466257394,0.24252548781711608,0.176912442954866,1.6741773746710538,0.08538660369348493,0.17417737467105376,0,0,FOLLOWING,1.6741773746710538,0.3577945170763455,0
36.832,-0.6636432754232173,0.3475247596551,-1.9915894415072735,-1.2147518305971055,-1.232388747392316,0.23938401604002835,0.19453665218258395,0.24102107115343546,0.1763707729539029,1.6732744333601455,0.08516814304266651,0.17327443336014547,0,0,FOLLOWING,1.6732744333601455,0.3560624909758908,0
36.864000000000004,-0.6667564997221888,0.3405219648733368,-1.9859625597748813,-1.2090047106689297,-1.24148194829049,0.2378216506688501,0.19396293001136714,0.23948724709782776,0.17584051899926403,1.6723544790326608,0.08495549458031038,0.17235447903266077,0,0,FOLLOWING,1.6723544790326608,0.3543282954249981,0
36.896,-0.6698102277808741,0.33354758358342457,-1.9803522751971303,-1.2032032200235436,-1.2504754816982793,0.23623066963223452,0.1934025509103493,0.23792438281493727,0.1753218538459025,1.671417708269849,0.08474873395287696,0.17141770826984892,0,0,FOLLOWING,1.671417708269849,0.35259264906013904,0
36.928,-0.672804629237823,0.32660295358447783,-1.9747582115061255,-1.1973474750989945,-1.2593686256052554,0.2346114582549442,0.19285571545027294,0.23633285320423653,0.17481494718004448,1.6704643208227206,0.08454793575780362,0.17046432082272056,0,0,FOLLOWING,1.6704643208227206,0.3508562841442699,0
36.96,-0.6757398917610524,0.31968939966527943,-1.9691799871024338,-1.1914375934222257,-1.2681606660603781,0.23296440951274755,0.19232262209977852,0.23471304074693763,0.17431996561183932,1.6694945195248745,0.08435317358388274,0.1694945195248745,0,0,FOLLOWING,1.6694945195248745,0.34911994666939766,0
36.992,-0.6786162208106759,0.3128082331855739,-1.9636172151539284,-1.1854736936067294,-1.276850897229293,0.23128992390671485,0.19180346731961304,0.23306533535462515,0.17383707266259552,1.6685085102092088,0.08416452005401641,0.16850851020920876,0,0,FOLLOWING,1.6685085102092088,0.3473843964470267,0
37.024,-0.6814338393988034,0.3059607516668185,-1.9580695036951918,-1.1794558953501602,-1.2854386214510045,0.22958840933980082,0.19129844566283855,0.23139013421912277,0.17336642874719616,1.6675065016286492,0.08398204687050193,0.16750650162864922,0,0,FOLLOWING,1.6675065016286492,0.34565040718512496,0
37.056,-0.6841929878469747,0.29914823839232396,-1.9525364557277,-1.1733843194319333,-1.2939231492938845,0.2278602809956686,0.1908077498814564,0.22968784166307232,0.17290819114987918,1.6664887053809658,0.08380582486302136,0.16648870538096583,0,0,FOLLOWING,1.6664887053809658,0.34391876655015746,0
37.088,-0.6868939235413682,0.2923719620167181,-1.9470176693209857,-1.1672590877108031,-1.3023037996110196,0.22610596121978113,0.19033157103985363,0.22795886899093237,0.17246251399341062,1.6654553358377804,0.08363592403950126,0.16545533583778038,0,0,FOLLOWING,1.6654553358377804,0.3421902762126096,0
37.12,-0.6895369206860199,0.2856331761846786,-1.9415127377150618,-1.1610803231224147,-1.3105798995948943,0.22432587940282084,0.1898700986356777,0.22620363433985233,0.17202954819990612,1.664406610077891,0.08347241364009439,0.16440661007789092,0,0,FOLLOWING,1.664406610077891,0.3404657518743916,0
37.152,-0.6921222700542694,0.278933119158881,-1.9360212494243811,-1.1548481496768375,-1.318750784831405,0.22252047186649365,0.18942352072868504,0.2244225625301849,0.17160944144271645,1.66334274782503,0.08331536219450954,0.16334274782503,0,0,FOLLOWING,1.66334274782503,0.33874602327636744,0
37.184,-0.69465027873864,0.2722730134571249,-1.930542788343683,-1.1485626924560752,-1.3268157993532004,0.2206901817518254,0.18899202407833732,0.2226160849150875,0.17120233808750512,1.6622639713902012,0.08316483758300652,0.1622639713902012,0,0,FOLLOWING,1.6622639713902012,0.33703193418421895,0
37.216,-0.6971212698993489,0.2656540654986015,-1.9250769338561124,-1.14222407761156,-1.3347742956923405,0.2188354589100597,0.18857579429095297,0.2207846392289137,0.1708083791211733,1.6611705056187391,0.08302090710138943,0.16117050561873913,0,0,FOLLOWING,1.6611705056187391,0.33532434235071407,0
37.248,-0.6995355825116298,0.25907746525928016,-1.9196232609440462,-1.1358324323616102,-1.342625634932285,0.21695675979631376,0.18817501597737243,0.2189286694339862,0.17042770206741706,1.6600625778422593,0.08288363753039696,0.1600625778422593,0,0,FOLLOWING,1.6600625778422593,0.33362411945242326,0
37.28,-0.7018935711120459,0.252544385936403,-1.9141813403031411,-1.1293878849888932,-1.3503691867591678,0.2150545473661186,0.1877898729222179,0.21704862556515292,0.17006044088578104,1.6589404178356484,0.08275309520993179,0.15894041783564838,0,0,FOLLOWING,1.6589404178356484,0.3319321509987592,0
37.312,-0.7041956055439516,0.24605598362208916,-1.9087507384601845,-1.1228905648378307,-1.3580043295124242,0.21312929097512978,0.18742054826611793,0.21514496357171767,0.16970672585315646,1.6578042577793364,0.08262934611869688,0.15780425777933638,0,0,FOLLOWING,1.6578042577793364,0.3302493362112559,0
37.344,-0.7064420707022646,0.2396133969860695,-1.9033310178954166,-1.1163406023120248,-1.3655304502346723,0.21118146628212117,0.18706722470225323,0.21321814515606036,0.16936668342375916,1.6566543322269862,0.08251245595979806,0.15665433222698621,0,0,FOLLOWING,1.6566543322269862,0.3285765878707771,0
37.376,-0.7086333662776894,0.23321774696758613,-1.8979217371700794,-1.109738128871618,-1.3729469447209466,0.2092115551556447,0.18673008468906865,0.21126863760839998,0.1690404360659081,1.6554908780789013,0.08240249025307622,0.15549087807890127,0,0,FOLLOWING,1.6554908780789013,0.32691483213043815,0
37.408,-0.710769906500531,0.22687013647651869,-1.892522451060086,-1.1030832770306769,-1.3802532175671813,0.20722004558454438,0.18640931068100497,0.20929691363682065,0.16872810207087938,1.654314134561328,0.08229951443493277,0.15431413456132792,0,0,FOLLOWING,1.654314134561328,0.32526500829180083,0
37.44,-0.7128521198842307,0.2205716501038272,-1.8871327106968108,-1.0963761803545107,-1.387448682218032,0.2052074315927905,0.18610508537968773,0.2073034511916446,0.16842979533012373,1.6531243432120024,0.0822035939666581,0.1531243432120024,0,0,FOLLOWING,1.6531243432120024,0.32362806854200477,0
37.472,-0.7148804489687438,0.21432335384142545,-1.8817520637161649,-1.0896169734570136,-1.3945327610139426,0.20317421315890652,0.18581759200806738,0.20528873328330588,0.16814562507658898,1.6519217478721737,0.08211479445229264,0.15192174787217372,0,0,FOLLOWING,1.6519217478721737,0.32200497764930375,0
37.504,-0.7168553500638754,0.2081262948116453,-1.8763800544173108,-1.0828057919979388,-1.4015048852375438,0.20112089614057588,0.18554701461079076,0.2032532477922826,0.167875695583399,1.6507065946855248,0.08203318176737828,0.15070659468552483,0,0,FOLLOWING,1.6507065946855248,0.32039671261460323,0
37.536,-0.7187772929926847,0.20198150100648793,-1.8710162239325387,-1.0759427726801998,-1.4083644951592857,0.19904799220481795,0.1852935383841439,0.20119748726994033,0.16762010581497247,1.6494791321042988,0.08195882219998162,0.14947913210429875,0,0,FOLLOWING,1.6494791321042988,0.3188042622764125,0
37.568,-0.7206467608350616,0.19588998103691965,-1.865660110410142,-1.069028053247103,-1.4151110400823992,0.19695601876447072,0.18505735004000942,0.19912194872832426,0.1673789490209707,1.6482396109031516,0.08189178260582607,0.14823961090315163,0,0,FOLLOWING,1.6482396109031516,0.31722862686680064,0
37.6,-0.7224642496715744,0.18985272389252142,-1.8603112492123313,-1.0620617724796078,-1.4217439783870807,0.19484549892153824,0.18483863820841034,0.19702713341731617,0.16715231226619073,1.6469882842011478,0.0818321305794274,0.14698828420114785,0,0,FOLLOWING,1.6469882842011478,0.31567081751578857,0
37.632,-0.7242302683276837,0.18387069871188358,-1.8549691731306408,-1.0550440701935155,-1.4282627775739984,0.19271696141833886,0.18463759388455578,0.19491354658653015,0.16694027588398852,1.6457254074925527,0.08177993464367916,0.1457254074925527,0,0,FOLLOWING,1.6457254074925527,0.3141318557018239,0
37.664,-0.725945338118418,0.17794485456421646,-1.849633412621623,-1.0479750872366886,-1.4346669143070199,0.1905709405972447,0.18445441092677758,0.1927816972295425,0.1667429128422869,1.6444512386869954,0.08173526446053447,0.1444512386869954,0,0,FOLLOWING,1.6444512386869954,0.31261277264587917,0
37.696,-0.7276099925936007,0.17207612024275576,-1.844303496066129,-1.0408549654862007,-1.4409558744552449,0.1884079763702148,0.18428928661329128,0.19063209780702675,0.166560288006465,1.6431660381598374,0.08169819106606746,0.14316603815983742,0,0,FOLLOWING,1.6431660381598374,0.31111460864696167,0
37.728,-0.7292247772837194,0.16626540407066578,-1.8389789500560523,-1.0336838478455057,-1.4471291531342665,0.18622861419926715,0.18414242226677624,0.18846526394496757,0.166392457281199,1.6418700688135606,0.08166878713364034,0.14187006881356057,0,0,FOLLOWING,1.6418700688135606,0.3096384123567922,0
37.76,-0.7307902494465318,0.16051359372028418,-1.833659299713024,-1.0264618782415624,-1.4531862547467114,0.1840334050894284,0.18401402395752772,0.18628171410359406,0.1662394666118043,1.6405635961512466,0.08164712726962886,0.14056359615124658,0,0,FOLLOWING,1.6405635961512466,0.30818523999167724,0
37.792,-0.7323069778145062,0.15482155604673523,-1.8283440690444333,-1.0191892016219475,-1.4591266930220232,0.1818229055958279,0.18390430329784854,0.1840819692112953,0.1661013508181256,1.6392468883633162,0.08163328834695127,0.13924688836331622,0,0,FOLLOWING,1.6392468883633162,0.3067561544796831,0
37.824,-0.7337755423431932,0.14919013693714533,-1.8230327813430256,-1.011865963951946,-1.4649499910555037,0.17959767784697092,0.18381347834257877,0.18186655225714848,0.16597813223232888,1.6379202164289504,0.08162734988257236,0.13792021642895036,0,0,FOLLOWING,1.6379202164289504,0.3053522245414966,0
37.856,-0.7351965339606467,0.14362016117695325,-1.8177249596375822,-1.0044923122116205,-1.4706556813465967,0.17735828958655966,0.18374177461361427,0.17963598783398824,0.16586981910295961,1.6365838542338473,0.08162939446637728,0.13658385423384733,0,0,FOLLOWING,1.6365838542338473,0.3039745237035452,0
37.888,-0.7365705543180099,0.13811243233511017,-1.8124201272034992,-0.9970683943928638,-1.4762433058364217,0.17510531423667391,0.18368942626945106,0.17739080162262538,0.16577640372282185,1.635238078706283,0.081639508250124,0.13523807870628302,0,0,FOLLOWING,1.635238078706283,0.30262412924228504,0
37.92,-0.7378982155414074,0.13266773267034432,-1.8071178081438724,-0.9895943594964263,-1.4817124159445447,0.17283933098564677,0.1836566774450733,0.17513151980539868,0.16569786022579844,1.633883169973807,0.08165778150696812,0.133883169973807,0,0,FOLLOWING,1.633883169973807,0.30130212105882775,0
37.952,-0.7391801399852997,0.1272868230611121,-1.8018175280536983,-0.9820703575289285,-1.4870625726049935,0.1705609249046313,0.18364378379233046,0.17285866839516478,0.16563414198937534,1.6325194115433703,0.08168430927404025,0.13251941154337032,0,0,FOLLOWING,1.6325194115433703,0.30000958048349013,0
37.984,-0.7404169594506735,0.12197033411319358,-1.7965182630869374,-0.9744965394998455,-1.4922933463015047,0.16827052885003493,0.18364965935529667,0.17057608631726295,0.16560241915140533,1.6311469828626737,0.08171863049559325,0.13114698286267368,0,0,FOLLOWING,1.6311469828626737,0.2987475890101971,0
38.016,-0.7416093117677958,0.1167188414691533,-1.791218864176567,-0.9668730574184812,-1.497404317102006,0.16596853226620575,0.1836729148706925,0.1682853034976025,0.1656066049042918,1.6297660341718725,0.08176015840254669,0.1297660341718725,0,0,FOLLOWING,1.6297660341718725,0.2975172269611439,0
38.048,-0.7427578399949014,0.11153302099754632,-1.7859188301907656,-0.9592000642909158,-1.5023950746923278,0.163655507927213,0.18371375401645207,0.16598311134367083,0.16562645115121136,1.6283768404504375,0.0818089664995898,0.1283768404504375,0,0,FOLLOWING,1.6283768404504375,0.2963195720825548,0
38.08,-0.7438631957385893,0.10641353149311857,-1.7806176547077717,-0.9514777141169279,-1.5072652184091497,0.1613320428254466,0.1837723760712789,0.1636698998522666,0.16566212318984472,1.62697968522278,0.08186512633670406,0.12697968522278003,0,0,FOLLOWING,1.62697968522278,0.29515569807294284,0
38.112,-0.7449260396887221,0.1013610087594265,-1.7753148255752578,-0.9437061618869227,-1.512014357272153,0.1589987284685124,0.18384897434585126,0.1613462395571452,0.16571380010125591,1.6255748548432536,0.08192870699397292,0.1255748548432536,0,0,FOLLOWING,1.6255748548432536,0.2940266730457272,0
38.144,-0.7459470414205426,0.09637606486169074,-1.770009825077474,-0.9358855635787937,-1.5166421100154261,0.1566561598675707,0.18394373645670226,0.159012721809368,0.16578165574378112,1.6241626380026002,0.08199977521143254,0.12416263800260019,0,0,FOLLOWING,1.6241626380026002,0.2929335579287661,0
38.176,-0.7469268790990105,0.09145928789308766,-1.764702130097677,-0.9280160761548211,-1.521148105118056,0.15430493539066545,0.18405684458256794,0.1566699428217485,0.165865858899892,1.6227433257556525,0.08207839549966756,0.1227433257556525,0,0,FOLLOWING,1.6227433257556525,0.29187740480381535,0
38.208,-0.7478662391765153,0.08661124179563787,-1.7593912122746425,-0.9200978575584955,-1.5255319808339702,0.15194565670145932,0.18418847570733887,0.1543185020675476,0.16596657346109447,1.621317211603286,0.08216463024373044,0.1213172116032859,0,0,FOLLOWING,1.621317211603286,0.29085925518970357,0
38.24,-0.7487658160932376,0.08183246618963792,-1.7540765381530736,-0.9121310667113711,-1.5297933852209629,0.1495789287055726,0.18433880185022938,0.15195900211623883,0.16608395861863515,1.6198845915819031,0.08225853980171237,0.11988459158190312,0,0,FOLLOWING,1.6198845915819031,0.2898801382735031,0
38.272,-0.7496263119803758,0.07712347620701736,-1.748757569327897,-0.9041158635098538,-1.533931976168964,0.147205359497371,0.18450799028238368,0.14959204860489367,0.1662181690546713,1.6184457643560866,0.08236018259773181,0.11844576435608656,0,0,FOLLOWING,1.6184457643560866,0.28894106909478534,0
38.304,-0.7504484891153724,0.07248476134857638,-1.7434339508299241,-0.896052408822015,-1.5379474214274897,0.1448255430785039,0.18469673335994824,0.1472185625386675,0.16636347220774847,1.6170010255886738,0.08246983589119196,0.11700102558867376,0,0,FOLLOWING,1.6170010255886738,0.28804304668854636,0
38.336,-0.7512330075877796,0.06791678879813148,-1.7381049128756365,-0.8879408644843387,-1.54183939863233,0.1424401147253136,0.18490457378833977,0.1448384860902921,0.1665328314157892,1.6155506866415257,0.08258729795538566,0.11555068664152568,0,0,FOLLOWING,1.6155506866415257,0.2871870521932078,0
38.368,-0.7519805904637068,0.06341999947664723,-1.7327699090242694,-0.8797813932984981,-1.5456075953314148,0.1400496918573703,0.18513167961131333,0.14245278398450267,0.16671926705299073,1.6140950548400286,0.0827126276774639,0.11409505484002858,0,0,FOLLOWING,1.6140950548400286,0.28637404693057716,0
38.4,-0.7526919684885618,0.05899480881421527,-1.727428387449764,-0.8715741590280639,-1.5492517090099112,0.13765489413083837,0.18537821419422063,0.14006209076149173,0.16692294737548052,1.6126344400765162,0.08284588206182675,0.11263444007651624,0,0,FOLLOWING,1.6126344400765162,0.28560497046542754,0
38.432,-0.7533678785232831,0.05464160695593709,-1.7220797910411085,-0.8633193263952417,-1.5527714471144967,0.13525634419414373,0.18564433452037457,0.13766702647996124,0.16714403753992962,1.6111691553915681,0.08298711551327442,0.11116915539156813,0,0,FOLLOWING,1.6111691553915681,0.2848807386527984,0
38.464,-0.7540090632326414,0.050360758656806524,-1.716723557704498,-0.8550170610775418,-1.556166527076857,0.13285466769835005,0.1859301917480502,0.13526821279640827,0.16738269326168284,1.609699517125916,0.08313638007102653,0.10969951712591608,0,0,FOLLOWING,1.609699517125916,0.2842022416818084,0
38.496,-0.754616270816859,0.046152603136069156,-1.7113591206259149,-0.8466675297044737,-1.5594366763363636,0.13045049323330654,0.186235931724428,0.13286627445042967,0.1676390620503079,1.6082258450291116,0.08329372562585569,0.10822584502911159,0,0,FOLLOWING,1.6082258450291116,0.2835703421251335,0
38.528,-0.7551902547389836,0.04201745393099279,-1.7059859085000755,-0.8382708998541908,-1.5625816323619581,0.12804445226275013,0.18656169540813303,0.13046183930090424,0.16791328426070393,1.6067484623689334,0.08345920009924268,0.10674846236893343,0,0,FOLLOWING,1.6067484623689334,0.28298587300385475,0
38.56,-0.7557317734464772,0.037955598754182286,-1.7006033457320924,-0.8298273400501319,-1.565601142673228,0.1256371790649734,0.18690761921376997,0.1280555382331854,0.16820549394573103,1.6052676960456191,0.0836328495900327,0.10526769604561914,0,0,FOLLOWING,1.6052676960456191,0.2824496358776523,0
38.592,-0.7562415900874231,0.033967299354584105,-1.6952108526170837,-0.8213370197576357,-1.5684949648606756,0.12322931067896015,0.18727383529139063,0.1256480050672661,0.16851581954544848,1.6037838767109012,0.08381471849397171,0.10378387671090117,0,0,FOLLOWING,1.6037838767109012,0.2819623989706732,0
38.624,-0.7567204722217181,0.030052791381957867,-1.6898078455019983,-0.8128001093805417,-1.5712628666051804,0.12082148685534497,0.1876604717513924,0.12323987647747282,0.16884438444280775,1.6022973388914579,0.0840048496004957,0.10229733889145787,0,0,FOLLOWING,1.6022973388914579,0.2815248953435337,0
38.656,-0.7571691915274955,0.02621228425459824,-1.684393736933159,-0.8042167802577693,-1.573904625696648,0.11841435001165725,0.1880676528433581,0.12083179192268247,0.1691913074101109,1.600808421116424,0.08420328417031397,0.10080842111642396,0,0,FOLLOWING,1.600808421116424,0.2811378211220656,0
38.688,-0.7575885235029194,0.02244596103012406,-1.6789679357923972,-0.7955872046598791,-1.5764200300518507,0.11600854519140275,0.18849549909568433,0.11842439358539707,0.169556702965433,1.599317466048631,0.08441006199664258,0.0993174660486309,0,0,FOLLOWING,1.599317466048631,0.28080183379335577,0
38.72,-0.7579792471634077,0.018753978279185367,-1.6735298474241538,-0.7869115557856161,-1.5788088777314533,0.1136047200266494,0.18894412742154554,0.11601832631822659,0.16994068165498216,1.5978248206192942,0.08462522145239237,0.0978248206192942,0,0,FOLLOWING,1.5978248206192942,0.28051755057955846,0
38.752,-0.7583421447342729,0.015136465961966088,-1.6680788737555183,-0.7781900077584316,-1.5810709769562248,0.11120352470384492,0.18941365119568446,0.11361423759666933,0.17034335027381417,1.5963308361658795,0.08484879952518476,0.09633083616587945,0,0,FOLLOWING,1.5963308361658795,0.2802855468996771,0
38.784,-0.758678001338713,0.01159352730738384,-1.6626144134108487,-0.7694227356229906,-1.5832061461224354,0.1088056119326707,0.18990418030563208,0.11121277747730911,0.17076481203519087,1.5948358685729067,0.08508083184169402,0.09483586857290671,0,0,FOLLOWING,1.5948358685729067,0.2801063549292203,0
38.816,-0.7589876046810397,0.008125238694908594,-1.6571358618223497,-0.7606099153416572,-1.5852142138164345,0.10641163691776609,0.1904158211802952,0.10881459856074521,0.17120516669682742,1.5933402784154507,0.08532135268253803,0.09334027841545067,0,0,FOLLOWING,1.5933402784154507,0.27998046226711987,0
38.848,-0.7592717447249926,0.004731649538940152,-1.6516426113377844,-0.7517517237909641,-1.5870950188284132,0.10402225733320901,0.19094867679827307,0.10642035595872502,0.17166451065055205,1.5918444311051116,0.08557039498870167,0.09184443110511165,0,0,FOLLOWING,1.5918444311051116,0.27990831071878036,0
38.88,-0.7595312133669575,0.0014127821757004095,-1.6461340513263147,-0.7428483387580633,-1.588848410165346,0.10163813329966281,0.1915028466778231,0.10403070726506455,0.1721429369807648,1.5903486970382257,0.0858279903602881,0.09034869703822568,0,0,FOLLOWING,1.5903486970382257,0.27989029520339553,0
38.912,-0.7597668041038825,-0.0018313682473890499,-1.6406095682833317,-0.7338999389371494,-1.5904742470631135,0.09925992736413113,0.19207842685003368,0.1016463125300514,0.1726405354960038,1.5888534517460906,0.08609416904824928,0.0888534517460906,0,0,FOLLOWING,1.5888534517460906,0.2799267627929468,0
38.944,-0.7599793116956575,-0.005000833879859378,-1.635068545935025,-0.7249067039258934,-1.5919723989978003,0.09688830448225799,0.1926755098163831,0.09926783423807034,0.17315739273711758,1.58735907604696,0.08636895993958271,0.08735907604696003,0,0,FOLLOWING,1.58735907604696,0.2800180118893301,0
38.976,-0.760169531821711,-0.008095674273879597,-1.6295103653433531,-0.7158688142218095,-1.5933427456961777,0.09452393200317977,0.19329418449182773,0.09689593728828194,0.17369359196466802,1.5858659561995896,0.08665239053647089,0.08586595619958959,0,0,FOLLOWING,1.5858659561995896,0.28016429154523226,0
39.008,-0.7603382607315584,-0.011115976487464761,-1.623934405012007,-0.7067864512186635,-1.5945851771453554,0.0921674796568732,0.19393453613406683,0.09453128897822274,0.1742492131280566,1.5843744840580605,0.08694448692962876,0.08437448405806047,0,0,FOLLOWING,1.5843744840580605,0.28036580093318003,0
39.04,-0.7604862948890206,-0.014061855185185244,-1.6183400409938913,-0.6976597972028018,-1.5956995936016167,0.08981961954402838,0.19459664625980932,0.09217455899021851,0.17482433281790744,1.5828850572276436,0.08724527376620594,0.08288505722764361,0,0,FOLLOWING,1.5828850572276436,0.2806226889662755,0
39.072,-0.7606144306098229,-0.016933452736342752,-1.6127266470006143,-0.6884890353495221,-1.5966859055984233,0.08748102612843646,0.19528059254840424,0.08982641938052952,0.17541902420343855,1.5813980792214257,0.08755477421238655,0.08139807922142572,0,0,FOLLOWING,1.5813980792214257,0.28093505407281716,0
39.104,-0.760723463692271,-0.019730939310568168,-1.607093594514432,-0.6792743497193667,-1.5975440339536005,0.08515237623190931,0.1959864487334314,0.0874875445712218,0.17603335695570865,1.5799139596174194,0.08787300991094016,0.07991395961741943,0,0,FOLLOWING,1.5799139596174194,0.2813029441260238,0
39.136,-0.7608141890406915,-0.022454512970783106,-1.6014402529030636,-0.6700159252544622,-1.598273909775691,0.08283434903174763,0.196714284482415,0.08515861134469521,0.17666739715790583,1.5784331142158599,0.08820000093378176,0.07843311421585986,0,0,FOLLOWING,1.5784331142158599,0.28172635652872385,0
39.168,-0.7608874002813187,-0.02510439976345582,-1.5957659895377732,-0.6607139477747714,-1.5988754744694889,0.08052762606079208,0.19746416526513239,0.08284029884088023,0.17732120720325667,1.5769559651963856,0.08853576572974363,0.07695596519638559,0,0,FOLLOWING,1.5769559651963856,0.28220523845188833,0
39.2,-0.7609438893702943,-0.02768085380606981,-1.5900701699150923,-0.6513686039743982,-1.5993486797407404,0.07823289121007639,0.19823615221053625,0.08053328855709796,0.1779948456813144,1.5754829412747717,0.08888032106755706,0.07548294127477173,0,0,FOLLOWING,1.5754829412747717,0.28273948722454617,0
39.232,-0.7609844461934492,-0.030184157371711588,-1.5843521577825403,-0.6419800814178105,-1.5996934876000237,0.0759508307341327,0.19903030195266658,0.0782382643506093,0.1786883672529376,1.574014477858885,0.08923368197420278,0.07401447785888493,0,0,FOLLOWING,1.574014477858885,0.2833289508716906,0
39.264,-0.7610098581575234,-0.032614620970670805,-1.5786113152686925,-0.632548568536103,-1.5999098703657975,0.07368213325896791,0.1998466664655329,0.07595591244385042,0.17940182251451922,1.5725510172034898,0.089595861668617,0.07255101720348978,0,0,FOLLOWING,1.5725510172034898,0.2839734287955473,0
39.296,-0.7610209106490942,-0.0349725834143637,-1.5728470110886805,-0.62307425462319,-1.599997810666623,0.07142748969293601,0.20068531363737782,0.07368692104581569,0.18013500566708424,1.5710930086550303,0.08996688011661091,0.07109300865503032,0,0,FOLLOWING,1.5710930086550303,0.28467267259473644,0
39.328,-0.7610183821294,-0.037258411935729825,-1.5670585947846185,-0.6135573298320249,-1.5999573014425599,0.06918759337038398,0.20154625795520664,0.07143198200952419,0.1808885158817806,1.569640908364244,0.09034673521917402,0.06964090836424397,0,0,FOLLOWING,1.569640908364244,0.2854263870147884,0
39.36,-0.7610030504310915,-0.039472502269896535,-1.5612453894752154,-0.6039979851707762,-1.5997883459457312,0.06696314098328646,0.2024294527767982,0.0691917904598384,0.1816631788539061,1.5681951799897955,0.09073539960654498,0.06819517998979552,0,0,FOLLOWING,1.5681951799897955,0.2862342310227616,0
39.392,-0.7609756890872934,-0.041615278703697876,-1.5554067135593823,-0.5943964124989938,-1.5994909577400642,0.06475483169060488,0.20333483701812918,0.06696704265459577,0.18245914208377242,1.5667562946169071,0.09113284006343325,0.06675629461690713,0,0,FOLLOWING,1.5667562946169071,0.2870958189978769,0
39.424,-0.7609370668060116,-0.04368719413637078,-1.5495418819071902,-0.5847528045237596,-1.5990651607001998,0.06256336709957526,0.20426233730825105,0.0647584372755279,0.18327651585626142,1.565324730893936,0.09153901843090817,0.06532473089393598,0,0,FOLLOWING,1.565324730893936,0.2880107220295122,0
39.456,-0.760887943747435,-0.0456887300829007,-1.543650241604316,-0.5750673547958187,-1.5985109890095772,0.060389449888104026,0.20521194839471113,0.06256667660198033,0.18411429339253862,1.5639009748371129,0.09195392502393052,0.06390097483711288,0,0,FOLLOWING,1.5639009748371129,0.2889784693133147,0
39.488,-0.7608290830040761,-0.04762039671204152,-1.5377311682972001,-0.5653402577056972,-1.5978284871576884,0.05823378590850183,0.2061837420678257,0.06039245495359107,0.18497158218650975,1.5624855213728157,0.09237758229935866,0.06248552137281571,0,0,FOLLOWING,1.5624855213728157,0.28999854963582505,0
39.52,-0.7607612358676398,-0.04948273299227276,-1.531784017000567,-0.5555717084797975,-1.597017709936508,0.056097083207128175,0.20717772630417536,0.05823648305405235,0.18584902702664285,1.5610788727721097,0.09280998635037441,0.06107887277210966,0,0,FOLLOWING,1.5610788727721097,0.29107041293764474,0
39.552,-0.760685146991614,-0.051276306708353855,-1.525808144616611,-0.5457619031764822,-1.5960787224360928,0.05398005232233359,0.2081939074217676,0.05609946949038361,0.18674656893577374,1.5596815394080539,0.09325113272903374,0.059681539408053874,0,0,FOLLOWING,1.5596815394080539,0.2921934719450416,0
39.584,-0.7606015540057378,-0.05300171449495163,-1.5198029094902104,-0.5359110386821384,-1.5950116000393577,0.05188340637887162,0.2092322884797204,0.053982124965377715,0.18766416283294698,1.5582940399016667,0.09370101578113331,0.058294039901666705,0,0,FOLLOWING,1.5582940399016667,0.2933671038597364,0
39.616,-0.7605111869800856,-0.054659581873268574,-1.5137676711011676,-0.5260193127072261,-1.5938164284160226,0.04980786114726378,0.21029286776821157,0.05188516270678484,0.18860177325538235,1.556916901237646,0.09415962801918476,0.056916901237646034,0,0,FOLLOWING,1.556916901237646,0.29459065209670027,0
39.648,-0.7604147678730774,-0.05625056328366463,-1.5077017898880327,-0.5160869237823116,-1.592493303515736,0.04775413509930625,0.2113756375806959,0.04980929856410094,0.1895593702462909,1.5555506588709302,0.09462695961287948,0.05555065887093025,0,0,FOLLOWING,1.5555506588709302,0.29586342805983484,0
39.68,-0.7603130099675691,-0.057775342112987904,-1.5016046271770265,-0.5061140712540757,-1.5910423315603706,0.045722949462970466,0.2124805832111714,0.04775525107239473,0.19053692607061468,1.5541958568250356,0.09510299797316546,0.05419585682503558,0,0,FOLLOWING,1.5541958568250356,0.2971847129456936,0
39.712,-0.7602066172946008,-0.05923463071608489,-1.4954755451949469,-0.49610095528133,-1.5894636290354986,0.04371502827782079,0.21360768212521256,0.04572374151168175,0.1915344125903231,1.552853047781761,0.09558772740856147,0.05285304778176103,0,0,FOLLOWING,1.552853047781761,0.29855375956559155,0
39.744,-0.7600962840442377,-0.060629170431052655,-1.4893139071494268,-0.486047776830973,-1.5877573226810349,0.04173109845170935,0.2147569032642127,0.04371549396570766,0.19255179915968262,1.5515227931616935,0.09608112883680486,0.0515227931616935,0,0,FOLLOWING,1.5515227931616935,0.29996979417694986,0
39.776,-0.7599826939629636,-0.061959731587807224,-1.4831190773634553,-0.4759547376739883,-1.5859235494810693,0.03977188981932844,0.21592820645062144,0.041731235381339625,0.19358905092946185,1.5502056631948868,0.09658317953840001,0.05020566319488684,0,0,FOLLOWING,1.5502056631948868,0.30143201831498057,0
39.808,-0.7598665197371031,-0.06322711350953916,-1.4768904214539103,-0.46582204038136243,-1.5839624566528614,0.037838135203029644,0.2171215418691592,0.039771695629300975,0.19464612747148768,1.548902236981026,0.0970938529416372,0.048902236981025915,0,0,FOLLOWING,1.548902236981026,0.3029396106164938,0
39.84,-0.7597484223617742,-0.0644321445066184,-1.4706273065460875,-0.4556498883200508,-1.5818742016350298,0.035930570476250236,0.2183368496040626,0.03783760756677339,0.19572298165376764,1.5476131025383668,0.09761311843076226,0.047613102538366814,0,0,FOLLOWING,1.5476131025383668,0.30449172862793944,0
39.872,-0.7596290504948942,-0.06557568186249699,-1.4643291015179958,-0.44543848564886446,-1.5796589520749051,0.03404993462975272,0.21957405921717416,0.03592970710228483,0.19681955871024143,1.5463388568406884,0.09814094117095797,0.04633885684068839,0,0,FOLLOWING,1.5463388568406884,0.30608751059056233,0
39.904,-0.7595090397957767,-0.06665861181114231,-1.4579951772695854,-0.43518803731440503,-1.5773168858150786,0.032196969840832916,0.22083308935471055,0.03404873326317435,0.19793579546162737,1.5450801058414652,0.09867728194505943,0.04508010584146516,0,0,FOLLOWING,1.5450801058414652,0.3077260771959398,0
39.936,-0.7593890122478852,-0.06768184950551241,-1.4516249070131948,-0.4248987490469187,-1.574848190879117,0.03037242154557924,0.22211384737372755,0.03219542826581703,0.1990716196522449,1.543837464484441,0.09922209699824848,0.043837464484441035,0,0,FOLLOWING,1.543837464484441,0.3094065333059858,0
39.968,-0.7592695754653194,-0.0686463389765647,-1.4452176665823728,-0.414570827356199,-1.5722530654564757,0.02857703851420653,0.2234162289810605,0.030370537588768596,0.20022694937586083,1.542611556699751,0.09977533788770486,0.04261155669975092,0,0,FOLLOWING,1.542611556699751,0.31112796963191813,0
40.0,-0.7591513219826312,-0.06955305308226346,-1.438772834756922,-0.4042044795274111,-1.56953171788658,0.02681157292943538,0.2247401178796545,0.028574810048856997,0.20140169256871537,1.5414030153847083,0.10033695133508358,0.04140301538470825,0,0,FOLLOWING,1.5414030153847083,0.312889464367509,0
40.032000000000004,-0.7590348285275933,-0.0704029934460265,-1.432289793602538,-0.39379991361696254,-1.5666843666421073,0.025076780467858908,0.22608538541817996,0.026808997880243473,0.20259574655336368,1.5402124823683665,0.10090687908009288,0.0402124823683665,0,0,FOLLOWING,1.5402124823683665,0.31469008477235005,0
40.064,-0.7589206552765496,-0.07119719038402303,-1.4257679288238516,-0.38335733844829534,-1.56371124031144,0.02337342038416285,0.22745189024133877,0.02507385681639382,0.203808997619863,1.5390406083589152,0.10148505773407268,0.03904060835891521,0,0,FOLLOWING,1.5390406083589152,0.3165288887016699,0
40.096000000000004,-0.7588093450920107,-0.07193670282070515,-1.4192066301299864,-0.37287696360772804,-1.5606125775803223,0.02170225559805919,0.22883947793869427,0.02337014617486348,0.20504132063458402,1.5378880528729784,0.10207141863266123,0.03788805287297836,0,0,FOLLOWING,1.5378880528729784,0.31840492607961374,0
40.128,-0.7587014227421675,-0.07262261819192527,-1.4126052916120095,-0.36235899944021766,-1.5573886272126902,0.020064052783715383,0.23024798069101554,0.02169862894475986,0.20629257866866674,1.5367554841458393,0.10266588768710383,0.03675548414583929,0,0,FOLLOWING,1.5367554841458393,0.3203172403136685,0
40.160000000000004,-0.7585973941020261,-0.07325605233495834,-1.4059633121318198,-0.3518036570451617,-1.5540396480307064,0.01845958246144285,0.23167721691322596,0.02006007187667404,0.2075626226403963,1.5356435790216159,0.10326838523381075,0.03564357902161586,0,0,FOLLOWING,1.5356435790216159,0.32226486964824597,0
40.192,-0.758497745335886,-0.07383814936471494,-1.3992800957221807,-0.34121114827214916,-1.5505659088939794,0.016889619091361097,0.2331269908938773,0.01845524557485975,0.20885129096711438,1.5345530228223965,0.10387882588211061,0.03455302282239647,0,0,FOLLOWING,1.5345530228223965,0.3242468484561199,0
40.224000000000004,-0.7584029420609119,-0.07437008153539597,-1.3925550519976801,-0.33058168571671276,-1.5469676886779793,0.015354941168676963,0.23459709243114574,0.016884924591378785,0.2101584092235731,1.533484509195313,0.10449711836017661,0.033484509195313095,0,0,FOLLOWING,1.533484509195313,0.3262622084667353,0
40.256,-0.7583134284915765,-0.07485304908680318,-1.3857875965764963,-0.31991548271606085,-1.5432452762516495,0.01385633132021774,0.2360872964658095,0.01534988752185393,0.21148378980435717,1.5324387399365529,0.10512316535929611,0.032438739936552885,0,0,FOLLOWING,1.5324387399365529,0.32830997993096955,0
40.288000000000004,-0.7582296265647784,-0.07528828007448254,-1.3789771515128715,-0.30921275334479636,-1.5393989704542164,0.012394576401751067,0.23759736271178786,0.013850917102493,0.21282723158916358,1.5314164247912683,0.1057568633767032,0.03141642479126827,0,0,FOLLOWING,1.5314164247912683,0.330389192722213,0
40.32,-0.7581519350454766,-0.07567703018283793,-1.3721231457402399,-0.2984737124106198,-1.5354290800711974,0.010970467595614828,0.2391270352850867,0.012388800307880673,0.21418851960988503,1.5304182812283733,0.10639810255730353,0.03041828122837331,0,0,FOLLOWING,1.5304182812283733,0.3324988773741118,0
40.352000000000004,-0.7580807286127115,-0.07602058252031352,-1.365225015524956,-0.2876985754500172,-1.5313359238096123,0.009584800508078813,0.24067604233210516,0.0109643284491147,0.2155674247192921,1.529445034189186,0.10704676653466594,0.029445034189186092,0,0,FOLLOWING,1.529445034189186,0.33463806605554075,0
40.384,-0.7580163569259262,-0.07632024739570042,-1.3582822049305794,-0.27688755872393633,-1.5271198302723965,0.008238375265822533,0.24224409565842447,0.009578297271658388,0.21696370326118788,1.5284974158089004,0.10770273227172322,0.028497415808900417,0,0,FOLLOWING,1.5284974158089004,0.33680579348376594,0
40.416000000000004,-0.7579591436715378,-0.07657736207458228,-1.3512941662926468,-0.2660408792134441,-1.52278113793202,0.006931996610833506,0.24383089035927336,0.008231507052341715,0.21837709674258654,1.527576165109869,0.10836586990165764,0.027576165109868933,0,0,FOLLOWING,1.527576165109869,0.3390010977769245,0
40.448,-0.7579093841739568,-0.07679334941594886,-1.3442604023261957,-0.25515875461537285,-1.518320195103316,0.005666394486304167,0.24543623283784258,0.006926559701687114,0.21980603077288913,1.5266819715837754,0.10903609602130682,0.026681971583775388,0,0,FOLLOWING,1.5266819715837754,0.3412230212472664,0
40.480000000000004,-0.7578673489497195,-0.07696953462528804,-1.3371803352563199,-0.24424140333795297,-1.5137373599155173,0.004442471903764403,0.24705963829316388,0.005660475221285811,0.22125302074612022,1.5258156493478483,0.10971320606805968,0.025815649347848302,0,0,FOLLOWING,1.5258156493478483,0.3434706111367037,0
40.512,-0.7578332782986062,-0.07710733221786417,-1.3300534463413491,-0.23328904449641819,-1.5090330002835008,0.003261050619766892,0.24870075171892816,0.0044360005251419575,0.2227162218437403,1.5249779578998328,0.11039704964432784,0.024977957899832814,0,0,FOLLOWING,1.5249779578998328,0.34574292029648374,0
40.544000000000004,-0.7578073820548425,-0.0772081857198605,-1.3228792269502256,-0.22230189790863308,-1.504207493878262,0.0021229528514098697,0.2503592004988565,0.0032540551701400267,0.2241953181093364,1.524169658875029,0.11108746914621516,0.024169658875029087,0,0,FOLLOWING,1.524169658875029,0.3480390078127966,0
40.576,-0.7577898389654794,-0.07727356408040698,-1.3156571790600657,-0.21128018409064708,-1.4992612280965802,0.0010290058374530409,0.2520345930661863,0.0021154641718551543,0.22568997804291552,1.5233915187782758,0.11178429917273269,0.023391518778275833,0,0,FOLLOWING,1.5233915187782758,0.35035793958042794,0
40.608000000000004,-0.7577807956795862,-0.07730496102848755,-1.3083868158269192,-0.20022412425230307,-1.4941946000299338,0.0,0.2537265186065934,0.0010210495511961317,0.22719985230816983,1.5226443087480148,0.1124873663912942,0.02264430874801482,0,0,FOLLOWING,1.5226443087480148,0.35269878882642175,0
40.64,-0.7577802071134621,-0.0773044849679314,-1.301067662129739,-0.18913394029276542,-1.4890080164326056,0.0,0.2554346520719905,-9.245469183103908e-06,0.22872457457032777,1.5219281972284195,0.11319653768231541,0.021928197228419544,0,0,FOLLOWING,1.5219281972284195,0.35506063658602144,0
40.672000000000004,-0.7577801121013009,-0.07730272632804142,-1.2936992509972352,-0.1780098547960982,-1.4837018936890431,0.0,0.2571637849640799,-5.108384513234937e-05,0.2302638901896067,1.5212140445083524,0.11391402018550822,0.021214044508352403,0,0,FOLLOWING,1.5212140445083524,0.3574425721329615,0
40.704,-0.7577800865370715,-0.07730118850481901,-1.2862809795252987,-0.16685209102676501,-1.4782766577804163,0.0,0.2589135730948896,-4.5051113151768214e-05,0.231822046917708,1.5205026015728513,0.11463965708021417,0.02050260157285133,0,0,FOLLOWING,1.5205026015728513,0.3598436933664373,0
40.736000000000004,-0.75778008166852,-0.0772999478720835,-1.2788122543795069,-0.15566087292518205,-1.472732744250435,0.0,0.2606833770527089,-3.6399557616133865e-05,0.23339874594457863,1.519796114860809,0.11537315880038146,0.01979611486080901,0,0,FOLLOWING,1.519796114860809,0.3622631071568512,0
40.768,-0.7577800866272612,-0.07729877284314848,-1.2712914105917046,-0.14443642510318844,-1.4670705981703651,0.0,0.2624697381430269,-3.458757913568219e-05,0.23502747629792256,1.5190971573948455,0.11611307539939553,0.01909715739484552,0,0,FOLLOWING,1.5190971573948455,0.36469992965266546,0
40.800000000000004,-0.7577800986316965,-0.07729765302420927,-1.2637180574631404,-0.13317897283957425,-1.4612906741033171,0.0,0.2642723545073739,-3.303677087249124e-05,0.2366684165221181,1.518408129830864,0.11685925845982292,0.01840812983086404,0,0,FOLLOWING,1.518408129830864,0.36715328655042145,0
40.832,-0.7577801148633685,-0.0772965799084916,-1.2560919452261698,-0.12188874207552214,-1.4553934360677339,0.0,0.2660911831409207,-3.169800417916637e-05,0.23831716244099121,1.5177314594294995,0.117611666666527,0.017731459429499496,0,0,FOLLOWING,1.5177314594294995,0.36962231333020595,0
40.864000000000004,-0.7577801332402576,-0.07729554622130291,-1.2484127811409063,-0.11056595941010983,-1.449379357500158,0.0,0.2679259903006849,-3.054322126731627e-05,0.23997505695760418,1.5170696002425694,0.11837018096383356,0.017069600242569427,0,0,FOLLOWING,1.5170696002425694,0.37210615545854514,0
40.896,-0.75778015232053,-0.07729454574938785,-1.240680243000225,-0.09921085209572778,-1.4432489212172053,0.0,0.26977638082582817,-2.954821151759512e-05,0.24164302094108422,1.5164250324556967,0.11913461670612224,0.01642503245569671,0,0,FOLLOWING,1.5164250324556967,0.3746039685609094,0
40.928000000000004,-0.7577801711393344,-0.0772935732023804,-1.2328939917028174,-0.08782364803354237,-1.4370026193768182,0.0,0.2716418251715683,-2.8691263652705256e-05,0.24332158234892906,1.515800261611206,0.11990473483728793,0.015800261611206068,0,0,FOLLOWING,1.515800261611206,0.37711491856571366,0
40.96,-0.7577801890788446,-0.07729262408869818,-1.2250536812818515,-0.07640457576891224,-1.4306409534387479,0.0,0.27352168036870084,-2.7953031159912973e-05,0.24501095573965032,1.5151978177677188,0.12068025054595853,0.01519781776771878,0,0,FOLLOWING,1.5151978177677188,0.37963818182184217,0
40.992,-0.7577802057702686,-0.07729169460493893,-1.2171589669494998,-0.0649538644868024,-1.4241644341242974,0.0,0.27541520626802873,-2.731641678960629e-05,0.2467111042772398,1.5146202545973744,0.12146083995916412,0.014620254597374371,0,0,FOLLOWING,1.5146202545973744,0.38217294519149664,0
41.024,-0.7577802210207036,-0.07729078153816413,-1.2092095116078836,-0.053471744007185684,-1.4175735813753225,0.0,0.2773215781572204,-2.6766419018792504e-05,0.24842178765587505,1.514070148418637,0.12224614532432088,0.014070148418636963,0,0,FOLLOWING,1.514070148418637,0.38471840612020414,0
41.056,-0.7577802347589312,-0.07728988218021232,-1.2012049911730958,-0.0419584447804211,-1.4108689243124835,0.0,0.2792398965891583,-2.6289955626427317e-05,0.25014259919152637,1.5135500971631115,0.12303577902641538,0.013550097163111507,0,0,FOLLOWING,1.5135500971631115,0.38727377268570745,0
41.088,-0.7577802469955759,-0.07728899425304243,-1.1931450989789936,-0.030414197882651983,-1.4040510011927814,0.0,0.28116919507010024,-2.587567827729242e-05,0.25187299457932033,1.5130627192753474,0.12382932670824687,0.013062719275347412,0,0,FOLLOWING,1.5130627192753474,0.3898382636273227,0
41.12,-0.7577802577941054,-0.07728811584404109,-1.1850295494660015,-0.018839235011134603,-1.3971203593663253,0.0,0.2831084461098179,-2.5513788030693066e-05,0.2536123142371038,1.5126106525449994,0.1246263497010438,0.012610652544999379,0,0,FOLLOWING,1.5126106525449994,0.3924111083574409,0
41.152,-0.7577802672499775,-0.07728724535023335,-1.1768580813128708,-0.0072337884796245255,-1.3900775552324132,0.0,0.28505656602291246,-2.519585803127303e-05,0.2553598007131287,1.512196552871063,0.12542638692600125,0.012196552871063027,0,0,FOLLOWING,1.512196552871063,0.3949915469565345,0
41.184,-0.757780275475869,-0.07728638143037123,-1.168630460132912,0.004401908786323183,-1.3829231541948412,0.0,0.2870124187843299,-2.4914667404807874e-05,0.2571146122964836,1.5118230929581364,0.1262289563916139,0.011823092958136439,0,0,FOLLOWING,1.5118230929581364,0.39757883015321865,0
41.216,-0.7577802825914185,-0.07728552296394135,-1.1603464808280364,0.01606762325399136,-1.375657730616535,0.0,0.288974819174573,-2.4664048486152467e-05,0.258875833710468,1.511492960944905,0.12703355638375058,0.01149296094490504,0,0,FOLLOWING,1.511492960944905,0.400172219290569,0
41.248,-0.7577802887162906,-0.07728466901621037,-1.152005969672263,0.02776312078822274,-1.3682818677734174,0.0,0.290942535399173,-2.4438748286706302e-05,0.2606424845669227,1.5112088589652097,0.12783966642435307,0.011208858965209734,0,0,FOLLOWING,1.5112088589652097,0.4027709862800938,0
41.28,-0.7577802939656627,-0.0772838188085044,-1.1436087861794566,0.039488166656094004,-1.3607961578075989,0.0,0.2929142913263463,-2.423430449181182e-05,0.26241352610901486,1.510973501642273,0.12864674805785992,0.010973501642272954,0,0,FOLLOWING,1.510973501642273,0.40537441354442866,0
41.312,-0.7577802984474578,-0.07728297169301174,-1.135154824797033,0.05124252553163822,-1.353201201679832,0.0,0.2948887684562984,-2.4046935254020716e-05,0.2641878666497003,1.510789614516797,0.1294542455118799,0.010789614516796942,0,0,FOLLOWING,1.510789614516797,0.4079817939499715,0
41.344,-0.7577803022608153,-0.07728212713146804,-1.1266440164572435,0.0630259615005655,-1.3454976091212674,0.0,0.29686460771129775,-2.387344230980966e-05,0.2659643660224562,1.510659932409851,0.13026158626861428,0.01065993240985108,0,0,FOLLOWING,1.510659932409851,0.41059243073043156,0
41.376,-0.757780305495428,-0.0772812846771722,-1.1180763300097287,0.07483823806499834,-1.337685998584504,0.0,0.29884041111696297,-2.371112606582758e-05,0.2677418392915939,1.5105871977216372,0.13106818157584285,0.010587197721637187,0,0,FOLLOWING,1.5105871977216372,0.41320563740234134,0
41.408,-0.7577803082314649,-0.07728044395983964,-1.109451773552918,0.08667911814821738,-1.3297669971939388,0.0,0.30081474343057896,-2.3557711900607154e-05,0.2695190599131853,1.5105741586674042,0.13187342692028903,0.010574158667404188,0,0,FOLLOWING,1.5105741586674042,0.4158207376733847,0
41.44,-0.7577803105398804,-0.07727960467287313,-1.1007703956770418,0.09854836409942092,-1.3217412406954203,0.0,0.3027861337607211,-2.3411286288036307e-05,0.27129476249729156,1.5106235674520032,0.13267670248147057,0.010623567452003213,0,0,FOLLOWING,1.5106235674520032,0.41843706534446323,0
41.472,-0.7577803124829605,-0.07727876656268161,-1.092032286627769,0.11044573769849286,-1.313609373405211,0.0,0.3047530772133579,-2.32702418690048e-05,0.2730676452884108,1.5107381783847607,0.13347737358043787,0.010738178384760655,0,0,FOLLOWING,1.5107381783847607,0.4210539642062309,0
41.504,-0.7577803141150057,-0.07727792941973638,-1.0832375793965536,0.12237100016078561,-1.3053720481582602,0.0,0.3067140365924308,-2.3133230198884054e-05,0.27483637245565007,1.510920745936581,0.13427479113491203,0.010920745936580989,0,0,FOLLOWING,1.510920745936581,0.42367078793090535,0
41.536,-0.757780315483075,-0.07727709307109029,-1.0743864507414782,0.1343239121419122,-1.2970299262557945,0.0,0.30866744417703756,-2.299912146031796e-05,0.276599576264828,1.5111740227414208,0.13506829212999183,0.011174022741420764,0,0,FOLLOWING,1.5111740227414208,0.4262868999599754,0
41.568,-0.757780316627743,-0.07727625737413202,-1.0654791221405697,0.14630423374254908,-1.288583677412227,0.0,0.31061170359265516,-2.2866970053099656e-05,0.2783558591886414,1.5115007575445005,0.13585720011175462,0.011500757544500528,0,0,FOLLOWING,1.5115007575445005,0.4289016733885028,0
41.6,-0.7577803175838362,-0.07727542221137941,-1.0565158606781775,0.1583117245132517,-1.2800339797013924,0.0,0.3125451917899839,-2.273598534708776e-05,0.2801037959984905,1.5119036930998846,0.13664082570958447,0.011903693099884594,0,0,FOLLOWING,1.5119036930998846,0.43151449084654475,0
41.632,-0.7577803183811288,-0.07727458748614258,-1.047496979863887,0.17034614345928012,-1.2713815195021108,0.0,0.314466261141661,-2.260550695330035e-05,0.2818419358727165,1.5123855640202943,0.13741846719180936,0.012385564020294337,0,0,FOLLOWING,1.5123855640202943,0.4341247443782956,0
41.664,-0.7577803190449852,-0.07727375311891778,-1.0384228403826063,0.18240724904543404,-1.262626991443085,0.0,0.31637324166435316,-2.247498376840931e-05,0.2835688045474678,1.5129490945822885,0.1381894110582228,0.012949094582288545,0,0,FOLLOWING,1.5129490945822885,0.43673183531938414,0
41.696,-0.7577803195969446,-0.07727291904439167,-1.029293850773822,0.19449479920091228,-1.253771098347128,0.0,0.31826444337133286,-2.2343956323199524e-05,0.28528290653023924,1.5135969964901905,0.13895293267222197,0.013596996490190527,0,0,FOLLOWING,1.5135969964901905,0.43933517417285595,0
41.728,-0.7577803200552448,-0.07727208520895847,-1.0201104680375224,0.20660855132414424,-1.244814551174757,0.0,0.32013815875829005,-2.2212041847988464e-05,0.28698272739137753,1.5143319666024058,0.13970829693449038,0.014331966602405766,0,0,FOLLOWING,1.5143319666024058,0.44193418048415584,0
41.76,-0.7577803204352881,-0.0772712515686586,-1.0108731981639685,0.21874826228769528,-1.2357580689670924,0.0,0.3219926654235193,-2.2078921890865985e-05,0.2886667361440743,1.5151566846240392,0.1404547589996602,0.015156684624039185,0,0,FOLLOWING,1.5151566846240392,0.4445282827156223,0
41.792,-0.7577803207500509,-0.07727041808747567,-1.0015825965842258,0.23091368844310844,-1.226602378788159,0.0,0.32382622882119816,-2.1944331759716404e-05,0.2903333877205518,1.5160738107699507,0.14119156503660224,0.016073810769950736,0,0,FOLLOWING,1.5160738107699507,0.4471169181206947,0
41.824,-0.7577803210104417,-0.07726958473592674,-0.9922392685382647,0.2431045856258327,-1.217348215666489,0.0,0.32563710514536615,-2.1808051799167598e-05,0.2919811255480234,1.5170859834026575,0.14191795303274124,0.017085983402657545,0,0,FOLLOWING,1.5170859834026575,0.4496995326183,0
41.856,-0.7577803212256113,-0.07726875148989786,-0.9828438693573757,0.2553207091600851,-1.2079963225361412,0.0,0.32742354433983933,-2.1669900072979787e-05,0.29360838422656765,1.5181958166497158,0.1426331536420734,0.018195816649715812,0,0,FOLLOWING,1.5181958166497158,0.4522755806675489,0
41.888,-0.7577803215334967,-0.0772679299105266,-0.9733971044368751,0.26756181386379896,-1.1985474501770286,0.0,0.3291838053660512,-2.1232558549443868e-05,0.2952135992076813,1.5194058895470175,0.14333639606240522,0.019405889547017496,0,0,FOLLOWING,1.5194058895470175,0.4548445251431561,0
41.92,-0.7577803219150342,-0.07726713013534063,-0.9638997294935819,0.2798276540535083,-1.1890023571546755,0.0,0.3309161459219509,-2.0536002558007298e-05,0.29679519789507564,1.5207187533496347,0.14402690341023194,0.02071875334963469,0,0,FOLLOWING,1.5207187533496347,0.4574058372116603,0
41.952,-0.7577803222488171,-0.07726635288314634,-0.9543525504571012,0.29211798354931506,-1.1793618097592875,0.0,0.3326188166472989,-1.9824009736599756e-05,0.29835161108845176,1.52213693489936,0.14470388994695305,0.022136934899360083,0,0,FOLLOWING,1.52213693489936,0.45995899620880787,0
41.984,-0.7577803225265295,-0.07726559842485603,-0.9447564233582624,0.30443255567979355,-1.1696265819442642,0.0007800287087894331,0.33429007423378665,-1.911026982402593e-05,0.2998812730725373,1.5236629276000808,0.1453665660656943,0.02366292760008082,0,0,FOLLOWING,1.5236629276000808,0.46250348951812864,0
42.016,-0.7577663239555268,-0.07728414967369737,-0.9351119333576754,0.3167711232869781,-1.1597974552640344,0.0029978370149020563,0.3359327695267567,0.0007268253922694521,0.3013926487174013,1.5252756414191362,0.14601621115738672,0.025275641419136186,0,0,FOLLOWING,1.5252756414191362,0.4650388124510264,0
42.048,-0.757711095129285,-0.07735805814091544,-0.9254196878101176,0.32913343873128587,-1.1498752188113432,0.005285789280832987,0.3375549699434029,0.002884909123595187,0.3028850444079215,1.526932906422269,0.14665643091583336,0.026932906422268976,0,0,FOLLOWING,1.526932906422269,0.46756446812837077,0
42.08,-0.7576108777723172,-0.077490155865835,-0.9156808831626748,0.34151925389652327,-1.1398606691538737,0.007641823577728078,0.3391576420524792,0.005183008725708973,0.30434005071728226,1.5286327727241273,0.14728760717307943,0.028632772724127342,0,0,FOLLOWING,1.5286327727241273,0.4700799673638762,0
42.112,-0.7574630879795298,-0.07768136360886842,-0.9058960963216636,0.35392832019483866,-1.1297546102703189,0.01006687275524338,0.34073951796280944,0.0075531408429206585,0.3057770287425807,1.5303754371083491,0.1479091983956914,0.030375437108349113,0,0,FOLLOWING,1.5303754371083491,0.4725848285492348,0
42.144,-0.7572651966338263,-0.07793240772591163,-0.8960659123967911,0.36636038857172504,-1.1195578534858277,0.012562068761482484,0.3422992309151512,0.009990271652576217,0.307195722032959,1.5321612268240772,0.14852062156378454,0.03216122682407718,0,0,FOLLOWING,1.5321612268240772,0.4750785775412162,0
42.176,-0.7570146168161698,-0.07824398058857965,-0.8861909564941963,0.3788152095110138,-1.1092712174068728,0.015128467495333458,0.34383544764007196,0.012495424731655947,0.30859488061650675,1.5339904033062282,0.14912130755670527,0.033990403306228156,0,0,FOLLOWING,1.5339904033062282,0.47756074755072886,0
42.208,-0.7567086942803317,-0.07861674874789655,-0.8762718949432263,0.39129253303988554,-1.0988955278555328,0.017767024245856234,0.3453468753483877,0.015070043649524072,0.3099732162042018,1.5358631465811312,0.1497107042025606,0.03586314658113121,0,0,FOLLOWING,1.5358631465811312,0.48003087903398606,0
42.24,-0.7563447086640956,-0.07905134662994123,-0.8663094339344752,0.4037921087338845,-1.0884316178031928,0.020478593641017215,0.3468322579628224,0.017715442232291496,0.31132948307966324,1.5377795573215627,0.15028827482038964,0.037779557321562685,0,0,FOLLOWING,1.5377795573215627,0.48248851958576494,0
42.272,-0.7559198759053909,-0.07954836949733901,-0.856304318099116,0.41631368572194627,-1.0778803273036741,0.023263931245831326,0.3482903723002624,0.020432767087442592,0.31266247992867924,1.539739660131849,0.15085349673723325,0.03973966013184893,0,0,FOLLOWING,1.539739660131849,0.4849332238348751,0
42.304,-0.7554313508943451,-0.08010836693031437,-0.846257329234964,0.42885701269143284,-1.0672425034257933,0.02612369465343753,0.34972002506498434,0.02322300815122818,0.3139710452508833,1.5417434065237168,0.15140586014205573,0.041743406523716775,0,0,FOLLOWING,1.5417434065237168,0.48736455334180545,0
42.336,-0.7548762302745465,-0.08073183684976531,-0.8361692851666653,0.4414218378931749,-1.056519000185358,0.029058443994881823,0.3511200505778792,0.02608701086534626,0.3152540531666887,1.5437906775312333,0.15194486724620282,0.043790677531233335,0,0,FOLLOWING,1.5437906775312333,0.489782076498646,0
42.368,-0.7542515553957327,-0.08141922000383651,-0.8260410387126927,0.4540079091465272,-1.0457106784766068,0.032068641980462845,0.35248930910555265,0.02902548593509275,0.31651041007858766,1.5458812860434954,0.15247003169406492,0.045881286043495395,0,0,FOLLOWING,1.5458812860434954,0.49218536843123956,0
42.4,-0.7535543154272732,-0.08217089484791275,-0.8158734767355053,0.4666149738444276,-1.0348184060030943,0.0351546535842401,0.35382668567204956,0.03203901679447585,0.317739052071789,1.5480149789301036,0.1529808781752352,0.04801497893010365,0,0,FOLLOWING,1.5480149789301036,0.49457401090364,0
42.432,-0.7527814506406432,-0.08298717276371119,-0.8056675192555618,0.47924277895846523,-1.0238430572080344,0.03831674546709489,0.35513108925751935,0.035128065222424745,0.31893894291856184,1.5501914390206089,0.1534769421982598,0.05019143902060885,0,0,FOLLOWING,1.5501914390206089,0.49694759222481616,0
42.464,-0.7519298558671357,-0.0838682935766738,-0.7954241186134574,0.4918910710439719,-1.0127855132040877,0.04155508521913811,0.3564014523060014,0.038292975502829174,0.3201090725742379,1.5524102869867658,0.1539577699933713,0.05241028698676575,0,0,FOLLOWING,1.5524102869867658,0.4993057071576863,0
42.496,-0.7509963841351225,-0.08481442134177415,-0.7851442586673378,0.5045595962450806,-1.001646661702649,0.0448697404904292,0.357636730478738,0.04153397744929305,0.32124845607486324,1.5546710831663504,0.15442291851739953,0.05467108316635039,0,0,FOLLOWING,1.5546710831663504,0.5016479568303615,0
42.528,-0.7499778504892864,-0.08582564037660052,-0.7748289540150801,0.5172481002998586,-0.9904273969425468,0.048260678069467655,0.35883590260133946,0.044851188555334286,0.32235613276324554,1.5569733293591281,0.15487195553890754,0.05697332935912813,0,0,FOLLOWING,1.5569733293591281,0.5039739486497374,0
42.56,-0.7488710359924459,-0.08690195152757088,-0.7644792492326559,0.52995632854537,-0.9791286196182908,0.051727762961022425,0.3599979707620856,0.04824461548255468,0.323431165783332,1.5593164706187783,0.155304459785243,0.059316470618778316,0,0,FOLLOWING,1.5593164706187783,0.5062832962172525,0
42.592,-0.7476727475905127,-0.08804323130464915,-0.7540959643249484,0.5426840259228272,-0.9677512368077249,0.05527086518873859,0.3611213319513433,0.051712091735406224,0.32448057331104907,1.5616999641089693,0.1557197676600679,0.061699964108969274,0,0,FOLLOWING,1.5616999641089693,0.508575619246965,0
42.624,-0.7463796490400464,-0.08924934566382826,-0.7436805056245984,0.5554309369826698,-0.956296161899243,0.05888952359362058,0.36220578736391285,0.055257782088894945,0.32548603176489016,1.5641230717001706,0.15611778362864978,0.06412307170017062,0,0,FOLLOWING,1.5641230717001706,0.5108505434857584,0
42.656,-0.7449884454987431,-0.09051985172952087,-0.7332334392298149,0.5681968058897321,-0.9447643145184257,0.06258345562719392,0.36324877927249033,0.058875426044181646,0.3264737992406094,1.5665851737680008,0.15649746428781974,0.06658517376800077,0,0,FOLLOWING,1.5665851737680008,0.5131077006358179,0
42.688,-0.7434958226616681,-0.09185457352125746,-0.7227565798533432,0.5809813764283375,-0.9331566204542471,0.06635192524298773,0.3642512881234005,0.0625723024247408,0.3274048555588465,1.5690853976386834,0.15685919198359322,0.06908539763868338,0,0,FOLLOWING,1.5690853976386834,0.5153467282791805,0
42.72,-0.7418984569192114,-0.09325304818701168,-0.7122510857901886,0.5937843920074803,-0.921474011584715,0.07019427532881128,0.36521237789139605,0.06634384336148579,0.3282997144376629,1.5716229309628769,0.15720257988424802,0.07162293096287686,0,0,FOLLOWING,1.5716229309628769,0.5175672698045009,0
42.752,-0.74019302078606,-0.09471470541757429,-0.7017181430757241,0.6066055956659366,-0.9097174258020968,0.07410975190679736,0.3661311375195698,0.07018922114674718,0.3291575088238663,1.5741969214527085,0.15752725335640494,0.07419692145270851,0,0,FOLLOWING,1.5741969214527085,0.5197689743358281,0
42.784,-0.7383761856996317,-0.0962388720138117,-0.6911589668457362,0.6194447300774608,-0.8978878069375855,0.07809749553670434,0.3670066933704969,0.07410769210210674,0.32997732928365087,1.5768064732826803,0.1578328551311099,0.07680647328268031,0,0,FOLLOWING,1.5768064732826803,0.5219514966635321,0
42.816,-0.7364446262395933,-0.0978247112803013,-0.6805746064598922,0.6323015375559107,-0.8859861046855668,0.0821565932909572,0.36783764561323135,0.07809727527774128,0.33076435648656743,1.5794506775963086,0.15811881895570568,0.07945067759630864,0,0,FOLLOWING,1.5794506775963086,0.52411449717717,0
42.848,-0.7343950259326251,-0.09947131803230927,-0.669966287352348,0.645175760060459,-0.8740132745273388,0.08628599005098876,0.3686230525182329,0.08215781287017031,0.3315130878686308,1.582128564920286,0.158384765227917,0.08212856492028608,0,0,FOLLOWING,1.582128564920286,0.5262576418004317,0
42.88,-0.7322240823941607,-0.10117769751987657,-0.6593353203407767,0.6580671392007325,-0.8619702776544416,0.0904845085606924,0.36936218143218164,0.08628863282627455,0.33222085512341304,1.5848391182803472,0.15863040090038139,0.08483911828034718,0,0,FOLLOWING,1.5848391182803472,0.52838060192795,0
42.912,-0.7299285134361295,-0.10294274611491831,-0.6486830380038243,0.6709754162420356,-0.8498580808914578,0.0947508680363941,0.3700543289271564,0.09048858353245558,0.3328869782012199,1.5875812853243374,0.15885544723919276,0.0875812853243374,0,0,FOLLOWING,1.5875812853243374,0.5304830543641108,0
42.944,-0.7275050630564706,-0.10476524978669952,-0.6380107936992048,0.6839003321105154,-0.8376776566184202,0.09908368655497596,0.3706988202931302,0.09475638932840912,0.3335108077235936,1.5903539812237846,0.1590596396535344,0.09035398122378457,0,0,FOLLOWING,1.5903539812237846,0.5325646812636634,0
42.976,-0.7249505072189923,-0.10664388348034266,-0.6273199606705364,0.6968416273983745,-0.8254299826927358,0.10348148289758809,0.371295009872317,0.09909067030631158,0.33409172222416145,1.5931560910597484,0.15924272786160765,0.09315609105974842,0,0,FOLLOWING,1.5931560910597484,0.534625170074221,0
43.008,-0.7222616596268491,-0.10857721083569577,-0.616611931161422,0.7097990423690743,-0.8131160423706858,0.10794267859849263,0.37184228146138254,0.10348994608105588,0.33462912792294236,1.5959864721675263,0.15940447607364222,0.09598647216752632,0,0,FOLLOWING,1.5959864721675263,0.5366642134805154,0
43.04,-0.7194353775055442,-0.11056368420894207,-0.6058881155311303,0.7227723169625484,-0.8007368242284877,0.1124656002787448,0.37234004873800985,0.10795263818409304,0.33512245867634993,1.5988439564846255,0.15954466317319083,0.09884395648462552,0,0,FOLLOWING,1.5988439564846255,0.5386815093504415,0
43.072,-0.7164685673803424,-0.11260164499689149,-0.5951499413682076,0.7357611908004219,-0.7882933220829318,0.117048482271082,0.37278775569923234,0.11247707255492682,0.33557117604191516,1.6017273529003326,0.15966308289121683,0.10172735290033263,0,0,FOLLOWING,1.6017273529003326,0.5406767606827784,0
43.104,-0.7133581908289666,-0.1146893242662192,-0.5843988525992718,0.7487654031912373,-0.7757865349115969,0.12168946953238845,0.373184877102878,0.11706148228294672,0.3359747694290331,1.6046354496002064,0.1597595439692645,0.10463544960020643,0,0,FOLLOWING,1.6046354496002064,0.5426496755566202,0
43.136,-0.7101012701897204,-0.11682484368910574,-0.5736363085909325,0.7617846931356869,-0.7632174667726503,0.12638662083669158,0.3735309189052976,0.12170401061543992,0.3363327563136968,1.6075670163981306,0.15983387030885177,0.1075670163981306,0,0,FOLLOWING,1.6075670163981306,0.5445999670824024,0
43.168,-0.7066948942049236,-0.11900621678554518,-0.5628637832433465,0.7748187993318504,-0.7505871267242422,0.13113791223907498,0.3738254186898671,0.12640271423042604,0.3366446825000184,1.6105208070484425,0.1598859011048726,0.11052080704844247,0,0,FOLLOWING,1.6105208070484425,0.5465273533545542,0
43.2,-0.7031362235794876,-0.12123135047130065,-0.5520827640743633,0.7878674601804407,-0.7378965287434965,0.13594124079849207,0.3740679460817797,0.13115556676825593,0.3369101224143972,1.6134955615306648,0.15991549096132202,0.11349556153066476,0,0,FOLLOWING,1.6134955615306648,0.5484315574056686,0
43.232,-0.6994224964345415,-0.12349804690914741,-0.5412947512935763,0.8009304137900531,-0.725146691645108,0.14079442854524052,0.37425810314537006,0.13596046261264333,0.3371286794209363,1.6164900082994726,0.15992250998805724,0.11649000829947265,0,0,FOLLOWING,1.6164900082994726,0.5503123071622185,0
43.264,-0.6955510336362671,-0.12580400565966746,-0.5305012568658977,0.8140073979824194,-0.7123386389995535,0.14569522667683396,0.37439552476080423,0.14081522090896026,0.3372999861489859,1.6195028664927467,0.15990684387766002,0.11950286649274666,0,0,FOLLOWING,1.6195028664927467,0.5521693354017058,0
43.296,-0.6915192439804796,-0.1281468261264717,-0.5197038035645144,0.8270981502976826,-0.6994733990509053,0.15064131996416408,0.3744798789774132,0.1457175898051761,0.3374237048249433,1.62253284809084,0.1598683939617425,0.12253284809084009,0,0,FOLLOWING,1.62253284809084,0.5540023797112961,0
43.328,-0.6873246695887102,-0.13052401078018555,-0.5089037424155872,0.8402024079996367,-0.6865520046343114,0.1556304017557506,0.3745104373815202,0.15066415549967133,0.33750520267788964,1.6255786977919708,0.15980690442775702,0.12557869779197084,0,0,FOLLOWING,1.6255786977919708,0.5558111824477758,0
43.36,-0.6829652873007855,-0.13293297148973132,-0.4981009137642661,0.8533199080810382,-0.6735754930930395,0.16066070376916197,0.3744828986793227,0.15564331669022555,0.33759168974251363,1.628639474443301,0.15972068540635204,0.12863947444330104,0,0,FOLLOWING,1.628639474443301,0.5575954906989522,0
43.392,-0.6784387863743482,-0.13537102191971928,-0.48729698578976627,0.8664503872688434,-0.6605449061952392,0.1657297339562407,0.37439729868152005,0.16066313415105532,0.3376260449233621,1.6317138742944428,0.15960979169632783,0.1317138742944428,0,0,FOLLOWING,1.6317138742944428,0.5593550562462828,0
43.424,-0.673742949397539,-0.13783539140282272,-0.47649361641392796,0.8795935820295337,-0.6474612900502668,0.1708349291937562,0.3742536631353632,0.16572154368972591,0.3376085885186016,1.6348005800213383,0.15947427624297653,0.13480058002133832,0,0,FOLLOWING,1.6348005800213383,0.5610896355288769,0
43.456,-0.6688756745321668,-0.14032322464962813,-0.4656924406440803,0.8927492285743641,-0.6343256950247432,0.175973691204843,0.3740519833748819,0.17081588530440714,0.3375400366202855,1.6378982809500715,0.1593141798390702,0.1378982809500715,0,0,FOLLOWING,1.6378982809500715,0.5627989896086567,0
43.488,-0.6638349800314753,-0.1428315851644742,-0.4548950741765318,0.9059170628646982,-0.6211391756581888,0.18114339306228522,0.37379222704256065,0.17594343139058025,0.33742099271903986,1.641005675584522,0.1591295352565461,0.14100567558452193,0,0,FOLLOWING,1.641005675584522,0.5644828841368156,0
43.52,-0.6586190071457536,-0.1453574594693831,-0.4441031166150322,0.919096820617266,-0.6079027905784047,0.18634138324961874,0.37347434796239953,0.1811014378650173,0.3372519597265881,1.6441214725514366,0.1589203710663357,0.1441214725514366,0,0,FOLLOWING,1.6441214725514366,0.5661410893213659,0
43.552,-0.6532260227825802,-0.14789776157754084,-0.43331815396563117,0.9322882373095106,-0.5946176024164437,0.19156498971713784,0.3730982943390472,0.18628714999913937,0.3370333625888096,1.6472443914472754,0.15868671478229307,0.1472443914472754,0,0,FOLLOWING,1.6472443914472754,0.5677733798959187,0
43.584,-0.6476544220196223,-0.15044933764114118,-0.4225417605089216,0.9454910481848546,-0.5812846777213427,0.19681152412023273,0.37266401549090583,0.19149780436424954,0.33676556774310845,1.6503731637102763,0.15842859541084336,0.15037316371027631,0,0,FOLLOWING,1.6503731637102763,0.5693795350894831,0
43.616,-0.6419027304487404,-0.15300897075542522,-0.4117755001621354,0.9587049882580565,-0.5679050868744576,0.20207828620598647,0.3721714673703705,0.1967306309922744,0.3364488990610618,1.6535065335082393,0.15814604550922023,0.15350653350823928,0,0,FOLLOWING,1.6535065335082393,0.5709593385974325,0
43.648,-0.6359696063234553,-0.15557338590540512,-0.4010209274260139,0.9719297923204864,-0.5544799040035734,0.20736256829704725,0.37162061708590044,0.20198285604352473,0.33608365082459946,1.6566432586229158,0.15783910283992766,0.15664325862291584,0,0,FOLLOWING,1.6566432586229158,0.5725125785534254,0
43.68,-0.6298538424858925,-0.15813925504104642,-0.3902795879945481,0.9851651949454887,-0.5410102068966326,0.21266165982599888,0.3710114466028224,0.2072517048995774,0.33567009826171446,1.659782111314792,0.15750781169382058,0.15978211131479192,0,0,FOLLOWING,1.659782111314792,0.5740390475024297,0
43.712,-0.6235543680537979,-0.16070320226567322,-0.3795530190919173,0.99841093049368,-0.5274970769152387,0.21797285187820087,0.3703439557675748,0.212534405579841,0.3352085060717443,1.6629218791550762,0.1571522239411891,0.16292187915507617,0,0,FOLLOWING,1.6629218791550762,0.575538542374653,0
43.744,-0.6170702498521867,-0.1632618091215463,-0.36884274959008556,1.0116667331182947,-0.5139415989078299,0.2232934417060053,0.3696181647756632,0.21782819239427523,0.3346991352800502,1.6660613658146985,0.15677239986033836,0.16606136581469855,0,0,FOLLOWING,1.6660613658146985,0.5770108644604854,0
43.776,-0.6104006935775843,-0.16581161995597685,-0.35815029995209496,1.024932336770516,-0.5003448611225885,0.22862073718095885,0.3688341161840812,0.22313030976077744,0.33414224868510023,1.6691993918022314,0.15636840878524266,0.16919939180223142,0,0,FOLLOWING,1.6691993918022314,0.5784558193863256,0
43.808,-0.6035450446857171,-0.1683491473509595,-0.3474771820398657,1.0382074752048185,-0.48670795512007636,0.23395206115410028,0.36799187655501137,0.2284380161301196,0.3335381150928142,1.67233479514453,0.15594032960819543,0.17233479514452998,0,0,FOLLOWING,1.67233479514453,0.5798732170913418,0
43.84,-0.5965027889959198,-0.17087087759911693,-0.33682489882108035,1.051491881984309,-0.47303197568560196,0.23928475569706587,0.3670915378082668,0.23374858797520437,0.332887012470209,1.6754664320051487,0.1554882511695484,0.17546643200514866,0,0,FOLLOWING,1.6754664320051487,0.5812628718050672,0
43.872,-0.5892735530074824,-0.17337327620873755,-0.3261949440074481,1.0647852904860755,-0.45931802074133055,0.2446161861988955,0.3661332183552805,0.23905932381492231,0.33218923008982854,1.6785931772365381,0.1550122725647155,0.17859317723653811,0,0,FOLLOWING,1.6785931772365381,0.5826246020258752,0
43.904,-0.5818571039246248,-0.1758527934208461,-0.31558880165636033,1.0780874339065385,-0.4455671912581418,0.24994374529477117,0.36511706408765643,0.24436754825695406,0.33144506967376264,1.681713924862445,0.154512503398652,0.1817139248624451,0,0,FOLLOWING,1.681713924862445,0.5839582305002371,0
43.936,-0.5742533493877209,-0.17830586972156767,-0.30500794576992896,1.0913980452668048,-0.4317805911672425,0.25526485660345866,0.3640432492990536,0.2496706160597134,0.33065484547542245,1.684827588486884,0.15398906402030474,0.18482758848688396,0,0,FOLLOWING,1.684827588486884,0.5852635842028088,0
43.968,-0.5664623369087257,-0.18072894133354508,-0.2944538399300167,1.1047168574180275,-0.4179593272715417,0.26057697824978804,0.3629119776314913,0.2549659162317053,0.32981888315470637,1.6879331016254486,0.15344208577446658,0.18793310162544863,0,0,FOLLOWING,1.6879331016254486,0.5865404943172521,0
44.0,-0.5584842530083113,-0.18311844567084137,-0.28392793701590247,1.1180436030467662,-0.40410450915679574,0.26587760614659,0.3617234831579845,0.2602508762098811,0.3289375171955583,1.6910294179533523,0.15287171131686245,0.19102941795335227,0,0,FOLLOWING,1.6910294179533523,0.587788796217835,0
44.032000000000004,-0.5503194220508222,-0.18547082674264448,-0.27343167906363147,1.1313780146803498,-0.39021724910253197,0.2711642770069299,0.3604780317452094,0.26552296618759347,0.32801108647812666,1.6941155114623583,0.15227809505114787,0.19411551146235828,0,0,FOLLOWING,1.6941155114623583,0.5890083294517169,0
44.064,-0.5419683047704448,-0.18778254049221718,-0.2629664973446874,1.144719824692259,-0.37629866199274015,0.2764345710513291,0.35917592288729977,0.2707797037033189,0.32703992742477045,1.6971903765152554,0.1516614037656878,0.1971903765152554,0,0,FOLLOWING,1.6971903765152554,0.5901989377219868,0
44.096000000000004,-0.5334314964775032,-0.19005006005896716,-0.25253381276858844,1.158068765307467,-0.3623498652263986,0.2816861143649803,0.35781749227015686,0.27601865865567293,0.3260243638770758,1.7002530277812644,0.15102181757569416,0.20025302778126441,0,0,FOLLOWING,1.7002530277812644,0.5913604688713077,0
44.128,-0.5247097249267816,-0.19226988095334907,-0.24213503675328646,1.171424568607855,-0.34837197862772706,0.2869165808456461,0.3564031154254788,0.28123745898900027,0.32496469247663745,1.703302500028278,0.1503595313168173,0.203302500028278,0,0,FOLLOWING,1.703302500028278,0.5924927748663056,0
44.160000000000004,-0.5158038478191669,-0.19443852613668877,-0.23177157276401233,1.1847869665375463,-0.3343661243563299,0.2921236936608409,0.3549332129768156,0.2864337974056442,0.3238611617754733,1.7063378477364752,0.1496747565944713,0.20633784773647523,0,0,FOLLOWING,1.7063378477364752,0.5935957117825063,0
44.192,-0.506714849892005,-0.19655255100116176,-0.2214448188041637,1.1981556909083284,-0.3203334268170638,0.2973052261011371,0.353408258190206,0.2916054396263884,0.3227139424839533,1.709358144481891,0.1489677247786628,0.20935814448189105,0,0,FOLLOWING,1.709358144481891,0.5946691397899834,0
44.224000000000004,-0.49744383952982574,-0.19860854824939222,-0.21115617126346944,1.211530473404994,-0.30627501256981376,0.30245900166806444,0.3518287878485892,0.29675023496556113,0.32152308505481364,1.7123624820143368,0.1482386913588972,0.21236248201433683,0,0,FOLLOWING,1.7123624820143368,0.5957129231395134,0
44.256,-0.4879920447915394,-0.20060315267896134,-0.20090703070918214,1.2249110455907681,-0.2921920102390073,0.30758289316412407,0.3501954179254971,0.301866130357395,0.3202884589619816,1.715349968919,0.147487942259503,0.21534996891899993,0,0,FOLLOWING,1.715349968919,0.596726930149405,0
44.288000000000004,-0.47836080869653835,-0.20253304588529722,-0.19069881047671772,1.238297138912653,-0.2780855504230515,0.3126748204442968,0.34850886621600335,0.3069511895374652,0.3190096652157467,1.7183197286976972,0.14671580299366832,0.21831972869769722,0,0,FOLLOWING,1.7183197286976972,0.5977110331928016,0
44.32,-0.46855158353039733,-0.20439496090814824,-0.18053294932711159,1.2516884847068614,-0.26395676560352316,0.31773274632529147,0.3467699851200922,0.31200361996266984,0.3176859092716847,1.7212708970256536,0.14592265195701518,0.2212708970256536,0,0,FOLLOWING,1.7212708970256536,0.5986651086856237,0
44.352000000000004,-0.4585659238047773,-0.20618568686399208,-0.17041093007122085,1.2650848142041657,-0.2498067900542963,0.3227546698960858,0.3449798093681335,0.3170218114424771,0.3163158145654835,1.724202617815642,0.14510893981128278,0.224202617815642,0,0,FOLLOWING,1.724202617815642,0.599589037074949,0
44.384,-0.4484054773090491,-0.20790207363227264,-0.16033430704864024,1.2784858585353347,-0.23563675975043694,0.32773861608010907,0.34313962596929404,0.32200439267823716,0.31489714579673606,1.727114037528638,0.1442752179239683,0.227114037528638,0,0,FOLLOWING,1.727114037528638,0.6004827028280039,0
44.416000000000004,-0.43807197337829806,-0.20954103670210422,-0.15030474691715,1.2918913487364874,-0.22144781227705046,0.33268261967434115,0.3412510776139291,0.32695031553272974,0.31342639296533364,1.730004296863744,0.1434221804400081,0.2300042968637439,0,0,FOLLOWING,1.730004296863744,0.6013459944215599,0
44.448,-0.4275657583184313,-0.211099607865852,-0.14033174713668412,1.3053010157545337,-0.20724108673791042,0.33758169025507007,0.33933529372974697,0.3319040606134613,0.31165883792282584,1.7328710698927776,0.1425584126881104,0.23287106989277762,0,0,FOLLOWING,1.7328710698927776,0.602178804331913,0
44.480000000000004,-0.41688994110300687,-0.21257488012592413,-0.1304103183558786,1.3187145904525324,-0.1930177236640547,0.34243646679714046,0.33737770783645127,0.3367813783258882,0.3100472036060368,1.7357147151317802,0.1416780515454592,0.23571471513178022,0,0,FOLLOWING,1.7357147151317802,0.6029810290252399,0
44.512,-0.406046514870197,-0.2139640047328768,-0.12054254521274259,1.3321318036151322,-0.17877886492218056,0.34724508950357497,0.3353812710484109,0.3416180603383676,0.30837042342215226,1.7385344002682215,0.1407823185392078,0.23853440026822148,0,0,FOLLOWING,1.7385344002682215,0.6037525689485059,0
44.544000000000004,-0.39503725933866074,-0.21526422419481142,-0.11073178020978271,1.3455523859539453,-0.1645256536230052,0.35200515701722995,0.3333521655909831,0.34642200337304624,0.30658887546702995,1.7413290084999762,0.13987374746212167,0.24132900849997618,0,0,FOLLOWING,1.7413290084999762,0.6044933285207414,0
44.576,-0.3838638050361984,-0.21647288711305454,-0.1009824951333951,1.3589760681129672,-0.15025923402948155,0.3567138565328219,0.3312994669722532,0.3511991281361344,0.30466758133155925,1.7440972080974362,0.1389560488434966,0.24409720809743618,0,0,FOLLOWING,1.7440972080974362,0.6052032161248095,0
44.608000000000004,-0.3725275318835658,-0.21758746477474808,-0.0913008141376159,1.3724025806739775,-0.13598075146493843,0.36136776705206636,0.32923649128381605,0.35595848713157197,0.3025549034234862,1.746837357445538,0.13803465921334773,0.24683735744553803,0,0,FOLLOWING,1.746837357445538,0.6058821440995565,0
44.64,-0.3610085037910531,-0.218608004498397,-0.08180512045633162,1.3858316541619493,-0.12169135222113284,0.36591947494643207,0.32745831379726587,0.36137218518555814,0.29674266509676495,1.7495266145234551,0.13722942107214334,0.24952661452345515,0,0,FOLLOWING,1.7495266145234551,0.6065300287324099,0
44.672000000000004,-0.34933311373389436,-0.21953164811539144,-0.07236548715511731,1.3992630190504571,-0.10739218346622435,0.37041767996087116,0.32564091632439646,0.36598760494813165,0.294990737296969,1.752188259040732,0.13640892460745052,0.25218825904073205,0,0,FOLLOWING,1.752188259040732,0.6071467902523433,0
44.704,-0.33750590712434325,-0.22035587124326436,-0.06297844147606975,1.4126964057670859,-0.09308439315267934,0.3748648800758321,0.32377364382714696,0.3704881311959984,0.2933473379195598,1.7548236849284518,0.13556882261536923,0.25482368492845175,0,0,FOLLOWING,1.7548236849284518,0.6077323528232677,0
44.736000000000004,-0.325529545172531,-0.22107834084305045,-0.0536453307691493,1.4261315446988416,-0.07876912992511198,0.3792600022454134,0.3218579807286937,0.3749330992407621,0.2916618332445033,1.7574323558195495,0.13470972717554386,0.2574323558195495,0,0,FOLLOWING,1.7574323558195495,0.6082866445377696,0
44.768,-0.3134066096909588,-0.22169683886480276,-0.04436748478024481,1.439568166197563,-0.06444754302806997,0.3836017929456996,0.3198954816657079,0.3793258103994166,0.28993477341282675,1.7600136095901535,0.13383228225419602,0.2600136095901535,0,0,FOLLOWING,1.7600136095901535,0.6088095974112576,0
44.800000000000004,-0.3011397361127147,-0.22220925243375478,-0.03514620594226656,1.453006000585333,-0.050120782213771954,0.3878890476509972,0.31788773144569604,0.383665385218446,0.2881670120394655,1.7625667950913493,0.13293714316889857,0.2625667950913493,0,0,FOLLOWING,1.7625667950913493,0.6093011473764403,0
44.832,-0.2887316218625128,-0.22261357297994397,-0.025982765001716035,1.466444778159891,-0.03578999764980408,0.39212063179424717,0.31583632997647865,0.38795060337457804,0.28635953939849834,1.7650912847483955,0.13202497017218445,0.2650912847483955,0,0,FOLLOWING,1.7650912847483955,0.6097612342781917,0
44.864000000000004,-0.27618502235602765,-0.22290789604667488,-0.016878397497416663,1.4798842292000447,-0.021456339826786304,0.3962954808431727,0.31374288062271505,0.39218028641374075,0.28451345579841886,1.7675864747627255,0.13109642381421616,0.26758647476272546,0,0,FOLLOWING,1.7675864747627255,0.6101898018687338,0
44.896,-0.26350274592992107,-0.22309042095471265,-0.007834301039465091,1.4933240839710946,-0.007120959465995453,0.4004125982892981,0.31160898067058623,0.39635333269565415,0.28262994657692,1.770051784145249,0.1301521611864102,0.270051784145249,0,0,FOLLOWING,1.770051784145249,0.6105867978032068,0
44.928000000000004,-0.2506876488441898,-0.22315945031136586,0.0011483666802090914,1.50676407273022,0.007214992572984561,0.4044710534515238,0.3094362136804636,0.4004687173855678,0.2807102592387327,1.7724866537153763,0.1291928329212418,0.2724866537153763,0,0,FOLLOWING,1.7724866537153763,0.6109521736355069,0
44.96,-0.23774263046818558,-0.22311338941357112,0.010068489231229957,1.5202039257319329,0.021550365384697637,0.40846997929292544,0.30722614356163375,0.404525489085007,0.27875568326675776,1.7748905451795733,0.12821908087877568,0.27489054517957334,0,0,FOLLOWING,1.7748905451795733,0.6112858848145396,0
44.992000000000004,-0.22467062931327073,-0.22294789617351718,0.01892499068194813,1.5336433732334473,0.03588400811016591,0.41240801858715403,0.3049763682365122,0.4085244315813503,0.27676748700964526,1.7772625259727326,0.12722995177659258,0.2772625259727326,0,0,FOLLOWING,1.7772625259727326,0.6115878906807065,0
45.024,-0.2114746322838577,-0.22266331225922828,0.027716879857812442,1.5470821455001382,0.05021477002932743,0.4162847068370279,0.30269072108479045,0.4124626576770733,0.2747483112534962,1.779602311889797,0.12622699737611331,0.279602311889797,0,0,FOLLOWING,1.779602311889797,0.6118581544628006,0
45.056,-0.19815764893585433,-0.22225942115495725,0.036443381403817185,1.5605199728109114,0.06454150065337169,0.42009958019791555,0.30037164830893265,0.4163389545422007,0.2727049067243569,1.7819095785092371,0.12521120959113508,0.28190957850923715,0,0,FOLLOWING,1.7819095785092371,0.6120966432751307,0
45.088,-0.18472270817928388,-0.22173506075007382,0.045103745978111995,1.5739565854636566,0.07886304981714473,0.4238520300014762,0.29802015528485387,0.4201534225043023,0.2706380867337463,1.7841838699991135,0.12418300044614985,0.2841838699991135,0,0,FOLLOWING,1.7841838699991135,0.6123033281150244,0
45.12,-0.17117286476234972,-0.22108611530255504,0.05369668810466908,1.5873917137806313,0.09317826777145438,0.42754072956285416,0.2956344543035956,0.4239104001280955,0.26853109880857384,1.7864242159618582,0.12314166387120044,0.2864242159618582,0,0,FOLLOWING,1.7864242159618582,0.6124781838606056,0
45.152,-0.15751120729123586,-0.22031120032393872,0.0622211263737347,1.6008250881138875,0.10748600527538753,0.43116496935174864,0.2932159635963109,0.4276060991654895,0.26639031383488887,1.7886300723564221,0.12208778037286308,0.28863007235642213,0,0,FOLLOWING,1.7886300723564221,0.6126211892688673,0
45.184,-0.14374084096316475,-0.2194131909070305,0.07067613234400655,1.6142564388506795,0.12178511368856955,0.43472518210254857,0.29077147198802994,0.4312310197506993,0.26422051137499986,1.7908016972551113,0.12102408826779035,0.2908016972551113,0,0,FOLLOWING,1.7908016972551113,0.612732326974074,0
45.216,-0.12986486582496537,-0.21839141242890076,0.0790609143784745,1.627685496418874,0.1360744450633756,0.4382209992214152,0.28830248754102256,0.434791211722753,0.2620259744754936,1.792938738482491,0.11995120207499908,0.2929387384824911,0,0,FOLLOWING,1.792938738482491,0.6128115834864252,0
45.248,-0.11588638082793157,-0.21724509365216116,0.08737475725343186,1.641111991292373,0.15035285223710315,0.4416520378823306,0.2858101346102918,0.4382869299673541,0.25980908724647156,1.7950408155402504,0.1188695814807767,0.2950408155402504,0,0,FOLLOWING,1.7950408155402504,0.6128589491910648,0
45.28,-0.10180848753218566,-0.21597356807152074,0.09561697936901913,1.6545356539964933,0.1646191889240364,0.44501795660549526,0.28329553397057144,0.441717857322188,0.2575709002156804,1.7971075622120094,0.11777968440858481,0.2971075622120094,0,0,FOLLOWING,1.7971075622120094,0.6128744183473128,0
45.312,-0.08763428810381867,-0.21457637132960403,0.1037871015157499,1.6679562151134164,0.17887230980751362,0.44831849887433023,0.28075951968317703,0.4450833545930325,0.2553177384015485,1.7991386493750507,0.11668185099881605,0.29913864937505075,0,0,FOLLOWING,1.7991386493750507,0.6128579890882784,0
45.344,-0.07336688174599562,-0.21305293869131273,0.11188431223324864,1.6813734052875526,0.19311107063182922,0.45155336084712433,0.27820354344214676,0.44838378267750933,0.2530392185086528,1.8011337200241486,0.11557667402813479,0.3011337200241486,0,0,FOLLOWING,1.8011337200241486,0.6128096634206734,0
45.376,-0.059009362972373504,-0.21140291110407106,0.11990803327888913,1.6947869552309889,0.20733432829414108,0.45472232474541713,0.27562869979897997,0.45161854865835765,0.25074262877563547,1.8030924550345457,0.11446459998936064,0.30309245503454574,0,0,FOLLOWING,1.8030924550345457,0.6127294472250111,0
45.408,-0.04456481859053197,-0.20962602739302322,0.12785771765510298,1.7081965957288523,0.22154094093619478,0.45782521175228225,0.27303607663017104,0.45478741453185567,0.2484289457550504,1.805014551216997,0.1133460724636279,0.30501455121699705,0,0,FOLLOWING,1.805014551216997,0.6126173502560036,0
45.44,-0.03003632471787756,-0.2077221189946464,0.13573284930655458,1.721602057644755,0.23572976803603837,0.4608618790646252,0.27042674932049554,0.45789019609635545,0.24609913642693632,1.8068997201496977,0.11222152982125118,0.3068997201496977,0,0,FOLLOWING,1.8068997201496977,0.6124733861433467,0
45.472,-0.015426944183744244,-0.20569110729461865,0.14353294278014597,1.7350030719261533,0.2498996704995396,0.4638322180952409,0.26780177861967347,0.4609267461926106,0.24375415713931653,1.8087476877966098,0.11109140438863271,0.30874768779660977,0,0,FOLLOWING,1.8087476877966098,0.6122975723927058,0
45.504,-0.0007397240946193737,-0.20353300119608106,0.15125754283070217,1.748399369609791,0.2640495107518787,0.466736152799687,0.2651622090349477,0.46389695190735514,0.24139495191487317,1.8105581942054916,0.10995612182712874,0.3105581942054916,0,0,FOLLOWING,1.8105581942054916,0.6120899303870907,0
45.536,0.014022306473228129,-0.20124789479560937,0.15890622398721282,1.761790681827054,0.27817815282882896,0.46957363805105345,0.2625090675540975,0.4668007330507641,0.23902245121882038,1.8123309932315734,0.10881610064233367,0.31233099323157343,0,0,FOLLOWING,1.8123309932315734,0.6118504853884357,0
45.568,0.028856138658245156,-0.19883596513541596,0.16647859008722796,1.7751767398094094,0.29228446246799833,0.47234465805881515,0.2598433626291696,0.4696380407060236,0.23663757096394258,1.814065852281643,0.10767175179590147,0.3140658522816431,0,0,FOLLOWING,1.814065852281643,0.6115792665395721,0
45.6,0.043758785876409474,-0.19629747001039566,0.17397427378482352,1.7885572748937582,0.306367307199844,0.47504922483299167,0.25716608336991936,0.4724088557570024,0.23424121168490125,1.8157625520769622,0.10652347839945,0.31576255207696224,0,0,FOLLOWING,1.8157625520769622,0.6112763068664127,0
45.632,0.05872728576350981,-0.19363274581417922,0.18139293603622503,1.8019320185278687,0.32042555643863335,0.477687376695398,0.25447819890772727,0.47511318740481906,0.231834257840178,1.8174208864341537,0.10537167547483739,0.31742088643415367,0,0,FOLLOWING,1.8174208864341537,0.6109416432805335,0
45.664,0.07375870199835455,-0.1908422054126371,0.18873426556635295,1.8153007022757246,0.3344580815731637,0.48025917683857317,0.25178065789887266,0.4777510716906329,0.22941757721605313,1.8190406620626896,0.10421672976837396,0.31904066206268955,0,0,FOLLOWING,1.8190406620626896,0.6105753165819755,0
45.696,0.08885012600868483,-0.187926336036623,0.19599797831903307,1.8286630578229524,0.3484637560574104,0.4827647119331926,0.24907438814276264,0.48032257003831513,0.22699202041623787,1.8206216983780024,0.10305901960924005,0.32062169837800236,0,0,FOLLOWING,1.8206216983780024,0.6101773714624477,0
45.728,0.10399867856187027,-0.18488569718836992,0.20318381689329928,1.842018816982177,0.36244145550093626,0.4852040907838101,0.24636029629522763,0.48282776782781234,0.22455842042735077,1.8221638273287957,0.10189891480420377,0.32216382732879567,0,0,FOLLOWING,1.8221638273287957,0.6097478565087766,0
45.76,0.1192015112427162,-0.1817209185579819,0.21029154996799387,1.8553677116984182,0.376390057759173,0.4875774430330479,0.24363926766100344,0.48526677300666005,0.2221175922533254,1.8236668932374893,0.10073677656234592,0.3236668932374893,0,0,FOLLOWING,1.8236668932374893,0.6092868242067304,0
45.792,0.13445580782093852,-0.17843269794802027,0.21732097171671969,1.8687094740544679,0.3903084430235053,0.48988491791384237,0.24091216605224122,0.48763971474531975,0.21967033261397007,1.8251307526525409,0.0995729574445952,0.3251307526525409,0,0,FOLLOWING,1.8251307526525409,0.6087943309451387,0
45.824,0.14975878551104538,-0.17502179920537436,0.224271901215052,1.8820438362762664,0.4041954939111702,0.4921266830493673,0.23817983370231469,0.48994674213987227,0.21721741970313485,1.82655527421152,0.09840780133385271,0.3265552742115201,0,0,FOLLOWING,1.82655527421152,0.6082704370203786,0
45.856,0.16510769612751663,-0.1714890501604923,0.2311441818417793,1.8953705307382778,0.4180500955549617,0.4943029233001453,0.23544309122605336,0.49218802296431413,0.2147596130022236,1.8279403385138624,0.09724164342223243,0.3279403385138624,0,0,FOLLOWING,1.8279403385138624,0.6077152066411725,0
45.888,0.18049982713829377,-0.16783534057470267,0.23793768067580237,1.9086892899688612,0.43187113569273383,0.49641383965778335,0.23270273761908616,0.4943637424736077,0.21229765314452997,1.8292858380022818,0.09607481021256944,0.32928583800228184,0,0,FOLLOWING,1.8292858380022818,0.6071287079337667,0
45.92,0.195932502619687,-0.16406162009682662,0.24465228789016574,1.921999846655638,0.44565750475669363,0.49845964818474797,0.2299595502902998,0.4964741022577798,0.20983226182570222,1.8305916768519037,0.09490761953187449,0.3305916768519037,0,0,FOLLOWING,1.8305916768519037,0.6065110129474351,0
45.952,0.21140308411587821,-0.1601688962306048,0.251287916144546,1.9353019336508586,0.4594080959624792,0.500440578999563,0.2272142851224896,0.49851931914681946,0.20736414175557438,1.8318577708662476,0.09374038055484818,0.33185777086624757,0,0,FOLLOWING,1.8318577708662476,0.6058621976603806,0
45.984,0.22690897140625088,-0.15615823231467274,0.25784449997736875,1.9485952839767622,0.473121805398013,0.5023568753067873,0.22446767655722472,0.5004996241656916,0.2048939766466119,1.8330840473792585,0.09257339383593927,0.33308404737925845,0,0,FOLLOWING,1.8330840473792585,0.6051823419859769,0
46.016,0.24244760318381417,-0.15203074551694445,0.26432199519858307,1.9618796308309372,0.48679753211212495,0.5042087924711387,0.22172043770068803,0.5024152615385208,0.20242243123449474,1.8342704451626595,0.09140695134873761,0.33427044516265947,0,0,FOLLOWING,1.8342704451626595,0.6044715297794254,0
46.048,0.25801645764801334,-0.14778760484531617,0.27072037828398426,1.9751547075916713,0.5004341782029358,0.5059965971350867,0.2189732604479355,0.5042664877408856,0.19995015132658103,1.835416914337945,0.09024133653175137,0.33541691433794507,0,0,FOLLOWING,1.835416914337945,0.6037298488447694,0
46.08,0.27361305301522865,-0.1434300291766073,0.2770396457718633,1.9884202478233175,0.514030648906011,0.5077205663792952,0.2162268156235003,0.5060535705990237,0.1974777638746291,1.8365234162924367,0.08907682433982722,0.33652341629243665,0,0,FOLLOWING,1.8365234162924367,0.6029573909423568,0
46.112,0.2892349479502707,-0.13895928530561952,0.2832798136626461,2.0016759852816124,0.52758585268222,0.5093809869251104,0.21348175313669832,0.5077767884348222,0.19500587706830663,1.8375899235987527,0.08791368130062649,0.33758992359875273,0,0,FOLLOWING,1.8375899235987527,0.6021542517966494,0
46.144,0.3048797419221726,-0.1343766860161275,0.2894409168221089,2.0149216539190578,0.5410987013054065,0.5109781543786102,0.21073870215040913,0.5094364292553201,0.19253508044697049,1.838616419937323,0.08675216557574766,0.33861641993732294,0,0,FOLLOWING,1.838616419937323,0.6013205311045339,0
46.176,0.3205450754875714,-0.12968358817552822,0.29552300838867085,2.02815698789022,0.5545681099497094,0.5125123725152276,0.20799827126218223,0.5110327899857872,0.19006594502713198,1.8396029000212795,0.08559252702611225,0.33960290002127946,0,0,FOLLOWING,1.8396029000212795,0.6004563325439891,0
46.208,0.3362286305049465,-0.12488139085477032,0.30152615918521386,2.0413817215571073,0.5679929972766965,0.5139839526045163,0.20526104869697784,0.5125661757450298,0.18759902344398718,1.8405493695234838,0.08443500728140528,0.3405493695234838,0,0,FOLLOWING,1.8405493695234838,0.5995617637832781,0
46.24,0.35192813028296804,-0.11997153347507071,0.3074504571358297,2.054595589494458,0.5813722855221333,0.5153932127739941,0.2025276025107,0.5140368991621853,0.1851348501054234,1.8414558450050587,0.08327983981331055,0.34145584500505866,0,0,FOLLOWING,1.8414558450050587,0.5986369364905197,0
46.272,0.3676413396661659,-0.11495549398280253,0.31329600668785446,2.0677983264951116,0.594704900582549,0.516740477411621,0.19979848080408386,0.5154452797336929,0.1826739413572822,1.8423223538452576,0.08212725001242849,0.34232235384525755,0,0,FOLLOWING,1.8423223538452576,0.5976819663438184,0
46.304,0.3833660650611083,-0.10983478705381143,0.3190629282395275,2.080989667575288,0.6079897721014249,0.5180260766057826,0.19707421194627572,0.516791643219776,0.18021679565919801,1.8431489341720684,0.08097745526868161,0.3431489341720684,0,0,FOLLOWING,1.8431489341720684,0.5966969730417957,0
46.336,0.39910015440622504,-0.10461096232828852,0.32475135757358214,2.094169347979949,0.6212258335551653,0.5192503456222939,0.19435530480777413,0.5180763210792038,0.177763893769987,1.8439356347934255,0.07983066505513203,0.3439356347934255,0,0,FOLLOWING,1.8439356347934255,0.5956820803147052,0
46.368,0.41484149708837614,-0.09928560267719685,0.33036144529706796,2.1073371031880677,0.6344120223386773,0.5204136244172676,0.19164224900213708,0.5192996499416841,0.17531569894240892,1.8446825151284694,0.07868708101503685,0.34468251512846937,0,0,FOLLOWING,1.8446825151284694,0.5946374159359827,0
46.4,0.43058802380920613,-0.09386032250112514,0.3358933562876747,2.1204926689179833,0.6475472798507205,0.521516257185315,0.18893551513616577,0.5204619711166633,0.17287265712639785,1.8453896451387535,0.07754689705207679,0.3453896451387535,0,0,FOLLOWING,1.8453896451387535,0.5935631117344133,0
46.432,0.44633770640427817,-0.08833676606230993,0.34134726914682945,2.1336357811326603,0.6606305515788495,0.5225585919418679,0.18623555506799408,0.5215636301379422,0.17043519718078118,1.8460571052588537,0.07641029942358474,0.3460571052588537,0,0,FOLLOWING,1.8460571052588537,0.5924593036067589,0
46.464,0.4620885576179135,-0.08271660585045294,0.34672337565981787,2.1467661760450287,0.6736607871841117,0.5235409801390709,0.18354280217277344,0.5226049763428363,0.16800373109276096,1.8466849863263148,0.07527746683669706,0.34668498632631484,0,0,FOLLOWING,1.8466849863263148,0.5913261315310353,0
46.496,0.4778386308366083,-0.07700154098283563,0.35202188026316733,2.159883590123248,0.6866369405853402,0.5244637763140197,0.18085767161542027,0.5235863624852849,0.1655786542049683,1.847273389510427,0.07414857054725921,0.34727338951042697,0,0,FOLLOWING,1.847273389510427,0.590163739580302,0
46.528,0.49358601978382266,-0.07119329563912505,0.35724299951952826,2.172987760096011,0.6995579700431472,0.5253273377686613,0.17818056063002966,0.5245081443816528,0.16316034544970473,1.847822426239716,0.07302377446137226,0.34782242623971604,0,0,FOLLOWING,1.847822426239716,0.5889722759371014,0
46.56,0.5093288581788744,-0.06529361753115408,0.36238696160026107,2.1860784229578254,0.7124228382435543,0.5261320242802782,0.17551184880551102,0.5253706805885271,0.16074916758988064,1.8483322181277844,0.07190323523943702,0.34833221812778437,0,0,FOLLOWING,1.8483322181277844,0.5877518929084847,0
46.592,0.5250653193625927,-0.059304276407857,0.36745400577593973,2.1991553159742905,0.7252305123812681,0.526878197841661,0.17285189837696713,0.5261743321113719,0.15834546746637604,1.8488028968972738,0.07078710240254349,0.34880289689727384,0,0,FOLLOWING,1.8488028968972738,0.5865027469417029,0
46.624,0.540793615892313,-0.05322706259544572,0.3724443819149589,2.2122181766873705,0.7379799642425955,0.5275662224299917,0.17020105452238551,0.526919462143157,0.1559495762513214,1.8492346043016943,0.06967551844106412,0.3492346043016943,0,0,FOLLOWING,1.8492346043016943,0.5852249986405312,0
46.656,0.5565119991087146,-0.047063785572819414,0.3773583499904208,2.225266742920666,0.7506701702879895,0.5281964638034773,0.1675596456641739,0.5276064358319213,0.15356180970689542,1.8496274920448783,0.0685686189252947,0.3496274920448783,0,0,FOLLOWING,1.8496274920448783,0.5839188127823015,0
46.688,0.5722187586769264,-0.04081627258211579,0.38219617959546875,2.23830075278467,0.7633001117342204,0.5287692893247289,0.16492798377509646,0.5282356200763236,0.15118246844925262,1.8499817216978152,0.06746653261799035,0.34998172169781516,0,0,FOLLOWING,1.8499817216978152,0.5825843583356051,0
46.72,0.5879122221042421,-0.0344863672742325,0.38695814946721074,2.2513199446820287,0.7758687746361643,0.529285067809927,0.16230636468814297,0.5288073833481383,0.14881183821702612,1.85029746461266,0.06636938158863959,0.35029746461266,0,0,FOLLOWING,1.85029746461266,0.5812218084787489,0
46.752,0.6035907542367062,-0.028075928389074637,0.3916445470193703,2.2643240573127903,0.7883751499682043,0.5297441694027538,0.15969506840990416,0.5293220955406954,0.14645019014410343,1.8505749018336883,0.06527728132932076,0.35057490183368833,0,0,FOLLOWING,1.8505749018336883,0.5798313406189316,0
46.784,0.6192527567367487,-0.021586828470214828,0.39625566788378713,2.2773128296796497,0.8008182337052354,0.5301469654721028,0.15709435943698047,0.5297801278422822,0.14409778103613857,1.8508142240049983,0.06419034087197888,0.3508142240049983,0,0,FOLLOWING,1.8508142240049983,0.5784131364122113,0
46.816,0.6348966675439642,-0.015020952613592526,0.40079181546086656,2.2902860010931847,0.8131970269032696,0.5304938285325596,0.1545044870750202,0.5301818526334356,0.1417548536502898,1.8510156312747672,0.06310866290697598,0.3510156312747672,0,0,FOLLOWING,1.8510156312747672,0.5769673817842467,0
46.848,0.6505209603210463,-0.008380197249820798,0.40525330047908265,2.3032433111770922,0.8255105357796313,0.5307851321866393,0.15192568575991455,0.530527643407157,0.139421636978112,1.8511793331958768,0.06203234390274114,0.3511793331958768,0,0,FOLLOWING,1.8511793331958768,0.5754942669518814,0
46.88,0.6661241438868075,-0.0016664689596190597,0.40964044056359733,2.3161844998734082,0.8377577717927371,0.5310212510877617,0.14935817538076376,0.5308178747109839,0.13709834653051875,1.8513055486227272,0.06096147422638609,0.3513055486227272,0,0,FOLLOWING,1.8513055486227272,0.573993986445543,0
46.912,0.6817047616381278,0.005118316678154902,0.41395355981407816,2.329109307447741,0.8499377517214701,0.531202560922991,0.14680216160417597,0.5310529221099021,0.13478518462517006,1.8513945056041092,0.0598961382651173,0.35139450560410923,0,0,FOLLOWING,1.8513945056041092,0.5724667391325539,0
46.944,0.6972613909625994,0.011972236206443256,0.41819298839175423,2.3420174744944564,0.8620494977440855,0.5313294384144078,0.14425783619947968,0.5312331621691293,0.13248234067525985,1.8514464412719018,0.05883641454829386,0.35144644127190183,0,0,FOLLOWING,1.8514464412719018,0.5709127282412837,0
46.976,0.7127926426435445,0.018893359378498262,0.42235906211575563,2.354908741941922,0.8740920375167482,0.5314022613383024,0.1417253773645045,0.5313589724555898,0.13018999147961643,1.8514616017256014,0.057782375870001845,0.35146160172560137,0,0,FOLLOWING,1.8514616017256014,0.5693321613862994,0
47.008,0.7282971602590099,0.025879750215601502,0.42645212206876626,2.367782851057666,0.8860644042515562,0.531421408560894,0.13920495005145916,0.5314307315572977,0.12790830151374155,1.851440241912361,0.05673408941196445,0.351440241912361,0,0,FOLLOWING,1.851440241912361,0.5677252505943946,0
47.04,0.7437736195762584,0.03292946803465025,0.430472514212,2.380639543453612,0.8979656367941914,0.531387260089869,0.13669670629262162,0.531448819119342,0.12563742322120372,1.8513826255026398,0.05569161686668567,0.35138262550263977,0,0,FOLLOWING,1.8513826255026398,0.5660922123316806,0
47.072,0.7592207279431975,0.04004056844629593,0.4344205890095079,2.3934785610912206,0.9097947797010465,0.5313001971403998,0.1342007855253914,0.5314136158957212,0.12337749730523069,1.851289024761138,0.05465501456065348,0.351289024761138,0,0,FOLLOWING,1.851289024761138,0.5644332675316154,0
47.104,0.7746372236781113,0.04721110432433346,0.4382967010618094,2.406299646286715,0.9215508833159647,0.5311606022149623,0.1317173149164229,0.5313255038157426,0.12112865302011655,1.8511597204131556,0.05362433357749508,0.3511597204131556,0,0,FOLLOWING,1.8511597204131556,0.5627486416241549,0
47.136,0.7900218754589824,0.054439126747057386,0.44210120874882763,2.4191025417162066,0.9332330038464429,0.5309688591956058,0.12924640968443274,0.5311848660642415,0.11889100846195559,1.8509950015060688,0.05259961988093209,0.35099500150606877,0,0,FOLLOWING,1.8509950015060688,0.5610385645659082,0
47.168,0.8053734817136168,0.0617226859113079,0.44583447388210157,2.431886990420902,0.9448402034394372,0.5307253534479999,0.12678817342141793,0.5309920871743236,0.11666467085859863,1.8507951652660892,0.05158091443743135,0.3507951652660892,0,0,FOLLOWING,1.8507951652660892,0.5593032708714745,0
47.2,0.8206908700117113,0.06905983201993933,0.44949686136623745,2.4446527358122228,0.9563715502566178,0.5304304719359448,0.12434269841189247,0.5307475531318976,0.11444973685832849,1.8505605169500416,0.050568253338403424,0.35056051695004165,0,0,FOLLOWING,1.8505605169500416,0.5575429996458544,0
47.232,0.835972896459932,0.07644861614344306,0.4530887388695483,2.4573995216769897,0.9678261185492144,0.5300846033456431,0.12191006594992852,0.530451651490727,0.11224629281705871,1.8502913696923324,0.04956166792186617,0.35029136969233243,0,0,FOLLOWING,1.8502913696923324,0.5557579946181082,0
47.264,0.8512184451010014,0.08388709105646255,0.4566104765038287,2.4701270921825302,0.9792029887323003,0.529688138218461,0.1194903466536168,0.5301047714972658,0.11005441508378287,1.8499880443468917,0.0485611848934242,0.3499880443468917,0,0,FOLLOWING,1.8499880443468917,0.553948504176155,0
47.296,0.8664264273177228,0.0913733120499279,0.46006244651319383,2.482835191881848,0.9905012474586515,0.5292414690914837,0.11708360077676282,0.5297073042240085,0.107874170283852,1.8496508693242828,0.04756682644649568,0.3496508693242828,0,0,FOLLOWING,1.8496508693242828,0.5521147814028908,0
47.328,0.8815957809166974,0.09890537706712729,0.4634451124950758,2.4955235657187225,1.0017199876920462,0.5287449676646014,0.11468961800180329,0.5292601835759352,0.1057084132045243,1.8492801614990075,0.04657850220304649,0.34928016149900754,0,0,FOLLOWING,1.8492801614990075,0.5502570841135286,0
47.36,0.8967254691975447,0.10648135634541638,0.4667588563676334,2.5081919590328416,1.0128583087800942,0.5281990265939511,0.11230841460554607,0.528763349183316,0.1035545913545855,1.8488762608046183,0.0455962156074568,0.3488762608046183,0,0,FOLLOWING,1.8488762608046183,0.5483756748943023,0
47.392,0.9118144805858293,0.11409931778965839,0.4700040462622385,2.52084011756491,1.0239153165265389,0.5276040458315638,0.10994004149516516,0.5282170866913696,0.10141227388569844,1.848439518083706,0.04461998423308439,0.3484395180837061,0,0,FOLLOWING,1.848439518083706,0.5464708211424999,0
47.424,0.9268618285001646,0.12175733443489407,0.47318105170825164,2.533467787461751,1.0348901232630465,0.5269604283052328,0.10758453981934303,0.5276217895335095,0.09928150447570211,1.8479702912665985,0.04364982136230356,0.3479702912665985,0,0,FOLLOWING,1.8479702912665985,0.5445427951079164,0
47.456,0.9418665509101781,0.1294534853769938,0.47629024337590353,2.5460747152814016,1.0457818479204668,0.5262685797793861,0.10524194104064755,0.5269778600350048,0.09716231876798605,1.8474689449722541,0.04268573601429604,0.3474689449722541,0,0,FOLLOWING,1.8474689449722541,0.5425918739357155,0
47.488,0.9568277097971913,0.13718585648384773,0.4793319928091288,2.5586606479982024,1.0565896160995674,0.525528908988933,0.10291226722020774,0.5262857039323853,0.09505474405716173,1.8469358502939954,0.041727733056461325,0.34693585029399543,0,0,FOLLOWING,1.8469358502939954,0.5406183397107905,0
47.52,0.9717443906102339,0.14495254107396824,0.4823066721646522,2.5712253330078703,1.067312560141231,0.5247418278008712,0.10059553131012441,0.5255457299782339,0.0929587994844739,1.846371384599261,0.0407758133190087,0.3463713845992611,0,0,FOLLOWING,1.846371384599261,0.5386224795036115,0
47.552,0.9866157017308422,0.1527516405739201,0.48521465395712476,2.5837685181325747,1.0779498191961128,0.5239077513788428,0.09829173744844275,0.5247583500512422,0.09087449622679569,1.8457759313269335,0.03982997371106628,0.3457759313269335,0,0,FOLLOWING,1.8457759313269335,0.5366045854176517,0
47.584,1.0014407739485829,0.1605812651557994,0.4880563108104334,2.5962899516259927,1.0885005392937492,0.5230270983474652,0.09600088125610305,0.5239239793159284,0.08880183768960742,1.8451498797807755,0.03889020733811493,0.3451498797807755,0,0,FOLLOWING,1.8451498797807755,0.5345649546383786,0
47.616,1.0162187599478585,0.1684395343553624,0.4908320152155658,2.608789382178366,1.0989638734111165,0.5221002909554378,0.09372295013457885,0.5230430363863894,0.08674081971182324,1.844493624918995,0.03795650362022179,0.34449362491899493,0,0,FOLLOWING,1.844493624918995,0.5325038894839049,0
47.648,1.030948833806323,0.17632457767144977,0.49354213929548674,2.621266558921542,1.1093389815406283,0.5211277552365955,0.09145792356257369,0.5221159434892783,0.08469143078490267,1.8438075671400753,0.03702884841040144,0.3438075671400753,0,0,FOLLOWING,1.8438075671400753,0.5304216974572863,0
47.68,1.0456301905051373,0.18423453514740368,0.4961870545774514,2.6337212314340173,1.1196250307575817,0.52010992116816,0.08920577339011576,0.5211431266250686,0.0826536522852749,1.8430921120650556,0.0361072241124134,0.34309211206505563,0,0,FOLLOWING,1.8430921120650556,0.528318691300565,0
47.712,1.060262045451228,0.19216755793519158,0.49876713177310467,2.646153149745941,1.129821195287005,0.5190472228253228,0.08696646412849122,0.5201250157268987,0.08062745871762333,1.8423476703163795,0.03519160979735597,0.34234767031637947,0,0,FOLLOWING,1.8423476703163795,0.5261951890505238,0
47.744,1.0748436340116578,0.20012180884293196,0.5012827405665891,2.658562064344168,1.1399266565699802,0.5179400985316,0.08473995323480743,0.5190620448161302,0.07861281796517074,1.8415746572936245,0.034281981318546866,0.34157465729362446,0,0,FOLLOWING,1.8415746572936245,0.5240515140962929,0
47.776,1.0893742110601778,0.20809546286648337,0.5037342494107676,2.670947726177225,1.1499406033293258,0.5167889910039791,0.08252619139021238,0.5179546521539475,0.0766096915432922,1.8407734929461483,0.03337831142428971,0.34077349294614834,0,0,FOLLOWING,1.8407734929461483,0.5218879952387265,0
47.808,1.1038530505359885,0.2160867077057052,0.5061220253315618,2.6833098866603504,1.1598622316347604,0.5155943474924739,0.08032512277115147,0.5168032803879214,0.07461803485306363,1.8399446015430851,0.03248056986826875,0.33994460154308515,0,0,FOLLOWING,1.8399446015430851,0.5197049667517242,0
47.84,1.118279445014719,0.2240937442659482,0.5084464337403074,2.6956482976804432,1.16969074496741,0.51435661991313,0.0781366853132472,0.5156083766930567,0.07263779743185043,1.8390884114407289,0.03158872351739905,0.3390884114407289,0,0,FOLLOWING,1.8390884114407289,0.5175027684453977,0
47.872,1.1326527052916056,0.23211478714527048,0.5107078382539648,2.707962711601083,1.1794253542837854,0.5130762649741815,0.07596081096769701,0.5143703929062562,0.07066892319876873,1.8382053548477821,0.030702736457084323,0.33820535484778214,0,0,FOLLOWING,1.8382053548477821,0.5152817457312594,0
47.904,1.146972159976824,0.2401480651078283,0.5129066005229758,2.7202528812674607,1.1890652780790958,0.5117537442944836,0.07379742595012416,0.513089785653813,0.06871135069362626,1.837295867588545,0.029822570093858247,0.3372958675885449,0,0,FOLLOWING,1.837295867588545,0.5130422496893349,0
47.936,1.161237155102922,0.248191821543835,0.5150430800665211,2.732518560011377,1.1986097424500197,0.5103895245139859,0.0716464509820541,0.5117670164710815,0.06676501330817211,1.8363603888645397,0.028948183255476878,0.33636038886453967,0,0,FOLLOWING,1.8363603888645397,0.5107846371373717,0
47.968,1.1754470537442716,0.25624431491644284,0.5171176341149231,2.744759501656155,1.208057981156806,0.5089840773954644,0.06950780152516876,0.5104025519139753,0.06482983950941466,1.8353993610146837,0.028079532288525444,0.3353993610146837,0,0,FOLLOWING,1.8353993610146837,0.5085092707020412,0
48.0,1.1896012356484402,0.2643038191958586,0.5191306174589371,2.7569754605216206,1.2174092356848156,0.5075378799173554,0.06738138800859082,0.5089968636616031,0.06290575305487131,1.834413229274525,0.02721657115363696,0.334413229274525,0,0,FOLLOWING,1.834413229274525,0.5062165188923086,0
