t,x,y,yaw,hx,hy,v,w,actual_v,actual_w,distance,bearing,error,stale,close,state,estimate_distance,estimate_speed,rejected_measurements
0.032,-1.1117249775614982e-19,-9.054995751677783e-06,9.717913460352276e-19,1.5,0.0,2.590493459373827e-12,1.1888460432805557e-06,-3.474412961142314e-18,3.0368479600451785e-17,1.500000000027331,6.036663834377556e-06,2.7331026331012254e-11,0,0,FOLLOWING,1.500000000027331,0.0,0
0.064,-1.409578936266974e-11,-7.563411368054952e-06,1.707395676378967e-08,1.5134399550423492,0.014335808181267047,0.0022925387453660577,0.00191565785488376,-4.314217396333248e-10,5.335611290841395e-07,1.5135079219713052,0.009477030316157617,0.013507921971305237,0,0,FOLLOWING,1.5040381570941566,0.015352065190371156,0
0.096,7.018883814921976e-05,-6.060418445319403e-06,5.891162690405071e-05,1.5268796403398757,0.02867046546861567,0.008067566821476862,0.006702794593905018,0.002195202159533351,0.0018404505203997422,1.5270787289239394,0.01872087426175844,0.027078728923939366,0,0,FOLLOWING,1.511097903435313,0.04106597430358752,0
0.128,0.0003206746732198974,-4.832381920379217e-06,0.00025897619922135736,1.540318786153171,0.043002821060522445,0.0177868903800777,0.014671618343018649,0.00783202985955047,0.006252002729454645,1.5405985335629921,0.02766084881925973,0.040598533562992145,0,0,FOLLOWING,1.5203466099422625,0.0733887263487734,0
0.16,0.0008777747469702849,-3.714821068019162e-06,0.0006889103036423769,1.5537571227536544,0.057331724340246484,0.03144051912556445,0.025710464595342864,0.017416231935133503,0.013435411700044631,1.5539374575733365,0.03621634355552857,0.053937457573336456,0,0,FOLLOWING,1.5311018767550928,0.1095271997065176,0
0.192,0.0018681966696218319,-2.239158119034636e-06,0.0014370522236525898,1.5671943804289856,0.07165602496820221,0.04872420641534273,0.03945446027252501,0.030959582330315177,0.02337939347838,1.566965528778553,0.04430949591607112,0.06696552877855311,0,0,FOLLOWING,1.5428067177992677,0.14743001659223307,0
0.224,0.0034092251425050565,6.618574597534889e-07,0.0025812611899490062,1.5806302894884796,0.08597457297430981,0.06916329120636502,0.055405109974076265,0.0481674586404339,0.03575648178573258,1.5795625341243622,0.05187458699662992,0.0795625341243622,0,0,FOLLOWING,1.5550100635086477,0.18561630466921544,0
0.256,0.0056030084057975115,7.0071119889391335e-06,0.0041850683753848865,1.594064580268518,0.10028621885031608,0.09219895095793121,0.07301250401058804,0.06856690891653716,0.05011892883602547,1.5916237261336128,0.05886103525574126,0.0916237261336128,0,0,FOLLOWING,1.5673508492008563,0.22304156762934751,0
0.28800000000000003,0.008522364971771126,2.0098605495015688e-05,0.006355377249670893,1.6074969831379622,0.11458981364207813,0.11724896555153012,0.09171612370059709,0.09124140813500053,0.06782212551700618,1.6030739375160712,0.06517436951842627,0.10307393751607119,0,0,FOLLOWING,1.579555868075081,0.25899288528965436,0
0.32,0.012200909832938856,4.5008742027622615e-05,0.009286509454937098,1.6209272285035645,0.1288842090418027,0.14284896555153012,0.11095627745711943,0.11496637827834248,0.09159790588037074,1.613877290229164,0.07063062381151455,0.11387729022916404,0,0,FOLLOWING,1.591437008211523,0.29300726435032687,0
0.352,0.016687371932848607,8.917899199635667e-05,0.012833764746373464,1.6343550468153791,0.14316825748023349,0.16844896555153013,0.13027276692397058,0.1402170390327664,0.11085182452498579,1.6239828598420907,0.07538442705327468,0.12398285984209068,0,0,FOLLOWING,1.6028271380864842,0.32480823584934554,0
0.384,0.021983447369249554,0.00016109511160644654,0.01699940553039245,1.6477801685721722,0.15744081221877923,0.19404896555153017,0.1492704327713434,0.1655238924959226,0.13017647104803035,1.6333866315381322,0.07944057996605677,0.13338663153813224,0,0,FOLLOWING,1.613634431575316,0.35425681037058554,0
0.41600000000000004,0.028088778400063078,0.00027078360466218846,0.021773272637688038,1.6612023243268308,0.17170072744157516,0.21964896555153018,0.16762195882390016,0.1908267926829397,0.14918367132914942,1.642086501842527,0.08281493238998161,0.14208650184252702,0,0,FOLLOWING,1.6237912531348537,0.38131370980106094,0
0.448,0.03500301319733764,0.0004297268477370733,0.027134733431099005,1.6746212446917705,0.1859468583474702,0.24524896555153022,0.18506630207683766,0.2161296866505423,0.16754612710683306,1.6500801650613284,0.08553264356482598,0.15008016506132837,0,0,FOLLOWING,1.633247199419375,0.4060104368802122,0
0.48,0.04272591165178523,0.0006498819888060956,0.033054850331101636,1.6880366603443426,0.20017806124193294,0.2708489655515302,0.20140441565139255,0.24143981474148013,0.18500430203619384,1.657365063611313,0.08762666406109101,0.15736506361131308,0,0,FOLLOWING,1.6419651859918436,0.42842725446614127,0
0.512,0.05125727019978691,0.0009450253048567235,0.0394982688530576,1.7014483020322388,0.21439319362886847,0.2964489655515302,0.21649317562916737,0.266764187560407,0.20135767064787197,1.6639382687170603,0.08913507570807302,0.1639382687170603,0,0,FOLLOWING,1.6499182724196522,0.44867655212298496,0
0.544,0.060596838259377325,0.0013300081773227534,0.04642504422508737,1.7148559005788964,0.22859111430233955,0.3220489655515303,0.2302386089485662,0.2921077419698227,0.21646277737290134,1.6697965910922865,0.09009974742089948,0.1697965910922865,0,0,FOLLOWING,1.6570873278663392,0.46689039966904183,0
0.5760000000000001,0.07074424382137716,0.0018204995513944955,0.05379220016041016,1.7282591868888995,0.24277068343818337,0.3476489655515303,0.24258893107276103,0.31747377906651875,0.23022488063385982,1.6749366488339816,0.0905649507484171,0.17493664883398163,0,0,FOLLOWING,1.6634591668683043,0.48321134275908517,0
0.608,0.0816989313460113,0.002432795563861208,0.06155507061196469,1.74165789195338,0.2569307626855181,0.3732489655515303,0.2535277622504994,0.3428642393956789,0.2425911691249227,1.6793549256097569,0.09057614351212884,0.17935492560975685,0,0,FOLLOWING,1.66902508364522,0.4977856980011881,0
0.64,0.09346011227097735,0.0031836684685220967,0.06966843627890819,1.755051746855418,0.271070215258131,0.3988489655515304,0.2630677565156068,0.36827998143198626,0.2535443479488788,1.6830478193063485,0.09017892901559271,0.1830478193063485,0,0,FOLLOWING,1.6737797041209257,0.5107587653697171,0
0.672,0.10602672830065203,0.004090203944120731,0.0780874568041924,1.7684404827754379,0.2851879060257407,0.42209843413444165,0.27124478823150316,0.39372097392343786,0.26309625391857133,1.6860116871429216,0.08941822164912128,0.1860116871429216,0,0,FOLLOWING,1.677720096189655,0.5222715024150979,0
0.704,0.11936043757777452,0.005163713868727225,0.0865863145790892,1.781823830996603,0.2992827016051264,0.4409872743588572,0.27815813677372864,0.4180183539696192,0.2655912216560064,1.6882803420654788,0.0885193358689393,0.18828034206547883,0,0,FOLLOWING,1.6808825421761953,0.5324583048757278,0
0.736,0.1334188066441419,0.006416488271633354,0.09463154432978059,1.795201522910211,0.3133534704511176,0.45849027535885734,0.284036775901161,0.44105631802940826,0.25141511838532693,1.6898911524444655,0.08801345939516327,0.18989115244446553,0,0,FOLLOWING,1.6833080844498018,0.5414456172556634,0
0.768,0.1480324181741042,0.00783714470429977,0.10283894607263966,1.8085732900210831,0.3273990829474354,0.47466556996461196,0.28892089354610423,0.45881483328341865,0.25648302940865547,1.6910102954884796,0.08728125580770327,0.1910102954884796,0,0,FOLLOWING,1.6851673446593844,0.5493511591134241,0
0.8,0.1631493732716555,0.009431592117989013,0.11118645668041,1.8219388639529535,0.3414184114973796,0.4895599348665098,0.29285798413821285,0.47501068036973754,0.26086149447375456,1.6916849064280157,0.0863417967621577,0.19168490642801572,0,0,FOLLOWING,1.6865123431047855,0.5562836016908519,0
0.8320000000000001,0.1787260487294831,0.011205450606882212,0.11964669419681964,1.8352979764538557,0.35541033061435273,0.5032278338415919,0.2959021457624197,0.4899019309191565,0.26438425593430004,1.691953767437338,0.0852196887899232,0.19195376743733794,0,0,FOLLOWING,1.6873869505421526,0.5623425678637882,0
0.864,0.19472115887733324,0.013163345856505148,0.1281938298365158,1.8486503594015067,0.3693737170122161,0.5157291872123518,0.2981116640781034,0.5035619488136914,0.26709985123999286,1.6918533118640697,0.08393805851851943,0.19185331186406973,0,0,FOLLOWING,1.6878327178474462,0.567618858418779,0
0.896,0.21109540831708842,0.015308894384323497,0.13680372785279832,1.861995744808688,0.3833074496954678,0.5271273553645454,0.2995470428901612,0.5160528230860861,0.26906118927532563,1.6914180020737528,0.08251843451183341,0.1914180020737528,0,0,FOLLOWING,1.687889127994637,0.5721948311006506,0
0.928,0.22781155164128827,0.01765060392256128,0.14545403490716743,1.8753338648286242,0.39721041004923796,0.5374872938597111,0.3002687425632343,0.5274644604917869,0.2703239949355674,1.690678981615691,0.08097731505284445,0.19067898161569108,0,0,FOLLOWING,1.6875921665251876,0.5761448771231236,0
0.96,0.244834532300984,0.020185512662431827,0.15412417575607507,1.8886644517603592,0.41108148192909166,0.5468744620351645,0.30033732959619114,0.5378179491561985,0.27094376619914623,1.6896675598764208,0.0793356804125532,0.1896675598764208,0,0,FOLLOWING,1.6869777290475423,0.5795359539904743,0
0.992,0.26213140668685553,0.022914319698303775,0.16279532295994473,1.9019872380541285,0.4249195517506348,0.555353822011034,0.29981188857014984,0.5471966331968132,0.27097519130645487,1.6884120807038485,0.07761033033428957,0.18841208070384852,0,0,FOLLOWING,1.6860784736736145,0.5824281444161381,0
1.024,0.279671404204809,0.025837055323838697,0.1714503836436377,1.915301956316729,0.4387235085789134,0.5629888881792409,0.2987493084593871,0.5556665648148182,0.2704724559512168,1.6869388033605426,0.07581646036608033,0.18693880336054258,0,0,FOLLOWING,1.6849246762046517,0.5848752195360333,0
1.056,0.2974258801739259,0.028953057047829394,0.1800739283017075,1.9286083393168867,0.45249224421760115,0.5698410894387309,0.2972037838645976,0.5632915477260181,0.26948754123625546,1.6852719834151721,0.07396779284666133,0.18527198341517215,0,0,FOLLOWING,1.68354430399448,0.5869251910477457,0
1.088,0.3153682546368728,0.03226104317931896,0.18865210764827195,1.9419061199906185,0.46622465329796614,0.5759693022193965,0.295226479869603,0.57013319665855,0.2680698304069136,1.6834339435620065,0.07207665970752025,0.18343394356200649,0,0,FOLLOWING,1.6819630888304409,0.5886208417943006,0
1.12,0.3334739358732425,0.03575918671570357,0.19717255936904918,1.9551950314465938,0.47991963336761084,0.5814295234921683,0.29286532884580874,0.5762505377508078,0.26626579258663446,1.6814451564644186,0.07015409070463795,0.1814451564644186,0,0,FOLLOWING,1.6802046181884411,0.5900002279945786,0
1.1520000000000001,0.35172023196335467,0.03944518497904229,0.20562430918544305,1.9684748069714901,0.493576084978979,0.5862746591681408,0.2901649324770784,0.5816996916618762,0.2641188049998269,1.6793243373882514,0.06820990534264398,0.17932433738825138,0,0,FOLLOWING,1.678290440611092,0.5910971490707098,0
1.184,0.3700862541663726,0.04331632429091935,0.21399766975397513,1.9817451800353465,0.5071929117776196,0.59055440656108,0.28716654632869737,0.5865336672886998,0.26166908532892785,1.677088543205588,0.06625280562644911,0.17708854320558798,0,0,FOLLOWING,1.6762401802545308,0.5919415830478162,0
1.216,0.38855281530036895,0.047369539422994704,0.22228414007349165,1.995005884296913,0.5207690205902039,0.5943152125071207,0.28390812789050246,0.5908022489454458,0.2589537075917679,1.6747532748610456,0.0642904674157527,0.17475327486104564,0,0,FOLLOWING,1.6740716565375926,0.5925600869695988,0
1.248,0.4071023257028427,0.051601467787487525,0.23047630734515898,2.0082566536089956,0.5343033215122862,0.5976002913855004,0.2804244322157806,0.594551958418362,0.25600667880437045,1.672332580966466,0.062329628770851214,0.17233258096646598,0,0,FOLLOWING,1.671801005695556,0.5929761628148742,0
1.28,0.4257186888222928,0.05600849848233913,0.2385677526333993,2.0214972220237994,0.547794727995803,0.6004496896648225,0.2767471420749915,0.5978260758518148,0.2528590577750913,1.669839160687586,0.06037617419318336,0.16983916068758598,0,0,FOLLOWING,1.6694428017683929,0.5932105901171475,0
1.312,0.4443871980484938,0.06058681640141543,0.24655296120425763,2.034727323798264,0.5612421569363015,0.6029003857162492,0.27290502197074495,0.6006647060465674,0.2495391012892637,1.6672844645038523,0.05843521407803154,0.16728446450385226,0,0,FOLLOWING,1.667010175149488,0.5932817269611489,0
1.344,0.463094436021711,0.06533244167586859,0.25442723805848866,2.047946693399399,0.574644528759893,0.6049864155001755,0.26892408744461155,0.6031048790671926,0.24607242645813177,1.6646787917688617,0.056511159015896706,0.1646787917688617,0,0,FOLLOWING,1.664514927304809,0.5932057813186918,0
1.3760000000000001,0.4818281773582992,0.07024126474121858,0.2621866289127258,2.061155065509612,0.588000767509922,0.6067390163623272,0.26482778287669956,0.605180676033537,0.2424821809839272,1.6620313842840042,0.054607788814655826,0.1620313842840042,0,0,FOLLOWING,1.6619676406630457,0.5929970548390502,0
1.408,0.5005772954814071,0.07530907733565549,0.2698278466947927,2.0743521750320357,0.6013098009333454,0.6081867825872245,0.26063716246641516,0.6069233726346648,0.23878921548751716,1.6593505153311907,0.05272831628071556,0.1593505153311907,0,0,FOLLOWING,1.6593777829905973,0.5926681612631596,0
1.44,0.51933167404145,0.08053159973563616,0.27734820349052697,2.0875377570958453,0.6145705605668135,0.6093558275710772,0.25637107031938894,0.6083615942902776,0.23501225387731567,1.6566435738004879,0.050875445908675765,0.15664357380048788,0,0,FOLLOWING,1.656753805815355,0.5922302216145852,0
1.472,0.5380821232436277,0.08590450452978425,0.2847455477937585,2.100711547061578,0.6277819818224479,0.610269948512233,0.2520463165825289,0.6095214780359879,0.23116805908032484,1.6539171432023674,0.049051427699022654,0.15391714320236738,0,0,FOLLOWING,1.6541032366616202,0.5916930382549228,0
1.504,0.5568203012626056,0.0914234372242325,0.29201820685554714,2.1138732805264415,0.6409430040733081,0.6109507903947067,0.24767784739692406,0.6104268371663717,0.22727159240029132,1.6511770754780914,0.0472581063637586,0.15117707547809145,0,0,FOLLOWING,1.6514327650147242,0.5910652497934075,0
1.536,0.575538640812429,0.09708403396331382,0.2991649338938746,2.1270226933296223,0.6540525707385386,0.6114180067777328,0.24327890710492245,0.6110993254698504,0.22333616541210655,1.6484285596205581,0.04549696619983218,0.14842855962055812,0,0,FOLLOWING,1.6487483220556753,0.5903544687222401,0
1.568,0.5942302808488917,0.10288193663944811,0.30618485990393735,2.1401595215575866,0.6671096293681931,0.6116894155191507,0.23886119167885686,0.6115585985622565,0.21937358373493437,1.6456761851956674,0.04376917191667789,0.14567618519566738,0,0,FOLLOWING,1.6460551542996724,0.5895674035195644,0
1.6,0.6128890033088351,0.10881280565523832,0.31307744979745644,2.153283501549379,0.6801131317277266,0.6117811480689089,0.23443499275717272,0.6118224703950043,0.2153942823177618,1.6429240009143053,0.042075605702028895,0.14292400091430535,0,0,FOLLOWING,1.6433578913425984,0.588709966827781,0
1.6320000000000001,0.6315091747337856,0.11487233058901476,0.3198424625942246,2.1663943699019113,0.6930620338821482,0.6117077913857581,0.2300093319990649,0.6119070634963703,0.21140745207499226,1.6401755684500658,0.04041690080268551,0.14017556845006585,0,0,FOLLOWING,1.6406606079706942,0.5877873711807049,0
1.6640000000000001,0.6500856925818997,0.1210562390021966,0.3264799153887147,2.179491863475252,0.7059552962798292,0.6114825218684756,0.22559208571789846,0.6118269519132646,0.20742115786001153,1.6374340117302222,0.038793471886257314,0.13743401173022218,0,0,FOLLOWING,1.6379668809239718,0.5868042136223284,0
1.696,0.6686139360005875,0.12736030361279133,0.3329900508179401,2.1925757193979054,0.7187918838359604,0.6111172309645041,0.22119009994115857,0.6115952961648993,0.20344244788175259,1.634702061949152,0.03720554243737895,0.1347020619491519,0,0,FOLLOWING,1.6352798406262805,0.5857645504348487,0
1.728,0.6870897208108007,0.13378034804420505,0.3393733077631979,2.2056456750720885,0.7315707660156481,0.6106226423340533,0.21680929618229725,0.6112239698061119,0.19947745476582113,1.6319820985663058,0.03565316942834762,0.13198209856630583,0,0,FOLLOWING,1.6326022182068611,0.5846719630756093,0
1.76,0.7055092584412548,0.14031225134247635,0.3456302950272812,2.218701468179002,0.7442909169166487,0.6100084206155705,0.21245476830762497,0.610723677432444,0.19553148853989155,1.6292761865563996,0.0341362654901064,0.1292761865563996,0,0,FOLLOWING,1.6299363881416689,0.5835296163125083,0
1.792,0.7238691185453764,0.14695195143836814,0.35176176773973544,2.2317428366840946,0.7569513153517273,0.6092832719669301,0.20813087094752925,0.6101040641466801,0.19160912188686297,1.6265861101792876,0.0326546187953336,0.12658611017928756,0,0,FOLLOWING,1.6272844068396302,0.5823403094456185,0
1.824,0.7421661950341676,0.15369544771380558,0.35776860625522944,2.244769518842321,0.7695509449306408,0.6084550366525261,0.20384129994251787,0.6093738166526752,0.18771426805627425,1.6239134035321912,0.031207910851415114,0.12391340353219116,0,0,FOLLOWING,1.6246480474908327,0.5811065214093087,0
1.856,0.7603976752632234,0.16053880281529567,0.36365179732366826,2.2577812532033974,0.7820887941417343,0.6075307740155167,0.19958916533643214,0.6085407562521256,0.1838502518577051,1.6212593781387399,0.02979573238741612,0.12125937813873988,0,0,FOLLOWING,1.6220288314817428,0.5798304504638786,0
1.8880000000000001,0.7785610121207073,0.1674781438405533,0.369412417324813,2.270777778617047,0.7945638564331464,0.6065168402217587,0.19537705743613643,0.6076119240987223,0.18001987417778334,1.618625147818528,0.028417597506034346,0.11862514781852807,0,0,FOLLOWING,1.6194280566680699,0.5785140491082988,0
1.92,0.7966538987742212,0.17450966300887769,0.3750516173744944,2.283758834238242,0.8069751302936169,0.6054189591917124,0.19120710645270794,0.6065936591169745,0.17622547046863504,1.6160116510685043,0.02707295625899686,0.1160116510685043,0,0,FOLLOWING,1.6168468227796997,0.5771590547756716,0
1.952,0.8146742458473678,0.18162961791112558,0.3805706101237055,2.29672415953244,0.819321619332888,0.6042422871523587,0.18708103622661437,0.6054916690247522,0.172468963651318,1.6134196711740012,0.02576120579250385,0.1134196711740012,0,0,FOLLOWING,1.6142860542149953,0.5757670168099945,0
1.984,0.8326201608107088,0.188834331421566,0.38597065808566483,2.3096734942808115,0.8316023323616965,0.6029914712459453,0.18300021252083357,0.6043110949136168,0.1687519118656651,1.6108498542532492,0.024481700198165812,0.11084985425324922,0,0,FOLLOWING,1.611746520464233,0.5743393201662329,0
2.016,0.8504899293862432,0.19612019134159364,0.39125306333916854,2.3226065785854626,0.8438162834713472,0.6016707026286617,0.17896568634333795,0.6030565698433331,0.16507555148006256,1.608302725425065,0.023233759194424497,0.10830272542506503,0,0,FOLLOWING,1.6092288543844973,0.5728772062250457,0
2.048,0.8682819987790279,0.203483649834267,0.3964191584691369,2.3355231528746527,0.8559624921128628,0.6002837644821819,0.17497823273515128,0.6017322718997624,0.16144083575437687,1.6057787032754787,0.022016675753607717,0.10577870327547867,0,0,FOLLOWING,1.6067335685312747,0.5713817910682706,0
2.08,0.8859949625638285,0.21092122269890629,0.4014702986170865,2.348422957908002,0.8680399831757031,0.5988340753461114,0.17103838543353866,0.600341972151356,0.15784846952560633,1.6032781127854705,0.020829722780586424,0.1032781127854705,0,0,FOLLOWING,1.6042610697355242,0.5698540815209534,0
2.112,0.9036275470685052,0.21842948852650346,0.4064078545253625,2.3613057347816975,0.8800477870660486,0.5973247281611008,0.16714646779258008,0.5988890779210411,0.15429894026333574,1.6008011968689861,0.01967215894034097,0.10080119686898614,0,0,FOLLOWING,1.6018116720992883,0.5682949892298337,0
2.144,0.9211785991090342,0.22600508776937514,0.41123320646932554,2.3741712249336864,0.8919849397846396,0.595758525391854,0.16330262031612305,0.5973766717688513,0.15079254581865792,1.5983481266579855,0.018543233723620156,0.09834812665798554,0,0,FOLLOWING,1.5993856085680713,0.5667053430163476,0
2.176,0.9386470749435638,0.23364472175223494,0.41594773898133275,2.387019170148867,0.9038504830041675,0.5941380105773496,0.1595068251313195,0.5958075465577157,0.14732941916801862,1.5959190106595893,0.017442191832237774,0.0959190106595893,0,0,FOLLOWING,1.5969830412242396,0.5650858997139611,0
2.208,0.9560320303246398,0.24134515164657563,0.4205528362793258,2.39984931256427,0.9156434641462113,0.5924654966330177,0.15575892770501673,0.5941842369510657,0.14390955043243095,1.5935139028994034,0.016368276958341588,0.09351390289940342,0,0,FOLLOWING,1.5946040704327047,0.5634373536746284,0
2.24,0.9733326115396812,0.2491031974258098,0.4250498783211533,2.4126613946742377,0.9273629364577096,0.5907430912069037,0.15205865608039562,0.5925090476671462,0.14053280643187038,1.5911328101548354,0.015320735025235233,0.09113281015483543,0,0,FOLLOWING,1.5922487429580148,0.5617603451070329,0
2.2720000000000002,0.9905480473399672,0.2569157368149236,0.42944023741345494,2.4254551593355855,0.9390079590869688,0.5889727193694342,0.1484056378876214,0.5907840787915709,0.13719894801540025,1.5887756983726884,0.014298816951001603,0.0887756983726884,0,0,FOLLOWING,1.5899170591607963,0.5600554673897222,0
2.3040000000000003,1.0076776416677906,0.26477970424534586,0.43372527531104216,2.4382303497727698,0.9505775971591945,0.5871561438945863,0.14479941535993254,0.5890112484268859,0.13390764538937694,1.5864424983564844,0.013301780990236323,0.08644249835648443,0,0,FOLLOWING,1.587608979371131,0.5583232734849654,0
2.336,1.0247207671001055,0.2726920898232244,0.4379063407492524,2.4509867095830367,0.9620709218515447,0.5852949833692872,0.14123945856570055,0.5871923129360708,0.13065849164791082,1.5841331108008112,0.012328894703705795,0.0841331108008112,0,0,FOLLOWING,1.5853244295269655,0.5565642815639505,0
2.368,1.0416768589349514,0.2806499383172543,0.44198476735775916,2.4637239827415707,0.9734870104676969,0.5833907283478699,0.13772517704740178,0.5853288850161112,0.1274510146933739,1.5818474107424763,0.01137943660063212,0.08184741074247626,0,0,FOLLOWING,1.5830633061569155,0.5547789799404931,0
2.4,1.0585454098542266,0.2886503481705415,0.44596187190979564,2.4764419136066325,0.9848249465119228,0.5814447557495308,0.13425593004035935,0.5834224498178648,0.12428468771816548,1.5795852514913777,0.010452697493622154,0.07958525149137774,0,0,FOLLOWING,1.5808254807788689,0.5529678313986138,0
2.432,1.0753259651030336,0.2966904705396457,0.4498389528657553,2.4891402469246886,0.9960838197626656,0.5794583416789952,0.13083103542728503,0.581474379309906,0.12115893840394794,1.5773464680976959,0.009547981601944422,0.07734646809769585,0,0,FOLLOWING,1.578610803778529,0.5511312769889276,0
2.464,1.092018118131892,0.3047675083628706,0.45361728917465083,2.501818727835537,1.0072627263456135,0.5774326728340404,0.1274497775692175,0.5794859450663583,0.11807315697974301,1.5751308804062572,0.008664607434950788,0.07513088040625715,0,0,FOLLOWING,1.5764191078254126,0.5492697393596239,0
2.496,1.108621506653621,0.3128787154590192,0.45729813930100865,2.5144771018774192,1.0183607688062641,0.575368856648169,0.12411141413927733,0.5774583296424787,0.11502670326674137,1.5729382957437033,0.007801908483886234,0.07293829574370325,0,0,FOLLOWING,1.5742502108778313,0.5473836256797657,0
2.528,1.1251358090716894,0.3210213956571523,0.4608827404484552,2.5271151149921307,1.0293770561819722,0.5732679303025103,0.12081518207266563,0.5753926366863165,0.11201891282493852,1.5707685112793406,0.0069592337471269805,0.07076851127934058,0,0,FOLLOWING,1.572103918822955,0.5454733302055554,0
2.56,1.1415607412413646,0.329192901957369,0.4643723079545538,2.5397325135301165,1.0403107040734783,0.5711308687279606,0.1175603027345448,0.5732898999207785,0.10904910230462114,1.5686213160962448,0.006135948111016087,0.06862131609624478,0,0,FOLLOWING,1.5699800277931268,0.5435392365339844,0
2.592,1.1578960535290599,0.3373906357222165,0.46776803483440454,2.5523290442555653,1.0511608347159078,0.568958591706569,0.11434598639666643,0.5711510911172298,0.10611657409521018,1.5664964930053178,0.005331432605884756,0.06649649300531779,0,0,FOLLOWING,1.5678783261952112,0.5415817195828326,0
2.624,1.1741415281389762,0.3456120458980393,0.47107109145315407,2.564904454351489,1.0619265770492403,0.5667519701702171,0.11117143610390497,0.5689771271699028,0.10322062035363129,1.564393820131477,0.004545084554560153,0.0643938201314771,0,0,FOLLOWING,1.5657985964857322,0.5396011473311738,0
2.656,1.1902969766794367,0.353854628265344,0.4742826253099124,2.5774584914247995,1.0726070667882384,0.5645118317846329,0.10803585100303496,0.5667688763691945,0.10036052648573641,1.562313072298013,0.003776317628602255,0.06231307229801297,0,0,FOLLOWING,1.5637406167210113,0.5375978823503388,0
2.688,1.206362237631642,0.36211596143836855,0.4774038468703232,2.5899909035113717,1.0832014464918334,0.562238963966901,0.10493840272356005,0.5645276828413631,0.09753826015434403,1.5602540055384928,0.0030244549092692807,0.060254005538492805,0,0,FOLLOWING,1.5617041451800358,0.5355722831515886,0
2.72,1.2223371742767102,0.37039366314581423,0.4804359240517844,2.6025014390811037,1.0937088656319616,0.5599341186308773,0.10187824844269835,0.5622542413828477,0.09475249171866372,1.5582163777828253,0.0022888587033009777,0.05821637778282529,0,0,FOLLOWING,1.5596889412168418,0.5335247053735103,0
2.7520000000000002,1.238221672720405,0.3786853663912674,0.48337992993746587,2.6149898470429624,1.1041284806618463,0.5575980180944113,0.09885455780306925,0.5599488709220316,0.09200025758954865,1.5561999607602053,0.001568995846080057,0.05619996076020528,0,0,FOLLOWING,1.557694777297516,0.5314555028293001,0
2.7840000000000003,1.254015640311221,0.3869887472754762,0.48623691356708465,2.6274558767500222,1.114459455083718,0.5552313587539442,0.09586651341680351,0.5576122703261981,0.0892808063692143,1.5542045276565417,0.0008643506632056153,0.05420452765654171,0,0,FOLLOWING,1.55572142672957,0.52936502843161,0
2.816,1.2697190044221653,0.39530152516224326,0.4890079003807833,2.6398992780045014,1.1247009595159685,0.5528348140220335,0.09291331117331128,0.55524513224052,0.08659340054682461,1.5522298531305536,0.0001744240886041304,0.052229853130553616,0,0,FOLLOWING,1.5537686637632275,0.5272536350104459,0
2.848,1.2853317110896691,0.4036214621293352,0.4916938926229473,2.6523198010627755,1.1348521717597373,0.5504090369237884,0.08999416045515969,0.5528481283892355,0.08393731523260456,1.55027571381187,-0.0005012668270720222,0.050275713811869904,0,0,FOLLOWING,1.551836264164604,0.5251216760376786,0
2.88,1.3008537237209108,0.41194636240106725,0.49429586975104317,2.6647171966403955,1.1449122768649147,0.5479546623976369,0.08710828427503438,0.550421910454015,0.08131183831405533,1.5483418887732199,-0.0011631893951191685,0.04834188877321988,0,0,FOLLOWING,1.5499240057536046,0.5229695062700728,0
2.912,1.316285021895948,0.4202740717987505,0.49681478884502367,2.67709121591709,1.1548804671955704,0.5454723093343207,0.0842549193444244,0.547967112191216,0.07871627047371985,1.5464281599363787,-0.00181179576116558,0.04642815993637872,0,0,FOLLOWING,1.5480316688673583,0.5207974823212376,0
2.944,1.331625600259949,0.4286024772094642,0.49925158501463096,2.6894416105417576,1.1647559424947895,0.5429625823838512,0.08143331608394908,0.5454843514367833,0.07614992512332552,1.544534312415623,-0.002447523368767135,0.044534312415623,0,0,FOLLOWING,1.546159036753934,0.5186059631716329,0
2.976,1.3468754674980004,0.4369295060715785,0.5016071718029999,2.7017681326374525,1.174537909948918,0.5404260735569131,0.07864273858428107,0.5429742318945031,0.07361212828820317,1.5426601348058373,-0.0030707954126419916,0.0426601348058373,0,0,FOLLOWING,1.544305895904376,0.5163953106246234,0
3.008,1.3620346453853551,0.44525312587565785,0.5038824415856953,2.7140705348063596,1.1842255842512113,0.537863363644305,0.07588246452557831,0.54043734472189,0.07110221846451713,1.5408054194219516,-0.0036820212808714725,0.040805419421951594,0,0,FOLLOWING,1.5424720363305093,0.5141658897155916,0
3.04,1.3771031679066232,0.453571343679674,0.5060782659647232,2.7263485701347596,1.1938181876648797,0.5352750234754079,0.07315178506227858,0.5378742699364223,0.06861954646213654,1.5389699624956372,-0.004281596985923564,0.03896996249563722,0,0,FOLLOWING,1.540657251795132,0.5119180690802414,0
3.072,1.3920810804380432,0.4618822056376744,0.5081954961572913,2.7386019921979843,1.2033149500855247,0.5326616150343334,0.07045000467913691,0.5352855776630833,0.06616347524051495,1.537153564334512,-0.0048699055846508355,0.037153564334512,0,0,FOLLOWING,1.538861340000449,0.5096522212874717,0
3.104,1.4069684389875419,0.47018379654120424,0.510234963379184,2.7508305550653622,1.212715109102965,0.5300236924503123,0.06777644102355199,0.5326718292416375,0.06373337974038204,1.5353560294484951,-0.005447317587531253,0.03535602944849514,0,0,FOLLOWING,1.5370841027399085,0.5073687231415285,0
3.136,1.4217653094878286,0.47847423937287303,0.5121974792226395,2.7630340133051563,1.2220179100624435,0.5273618028770088,0.06513042471845647,0.5300335782099057,0.06132864671186945,1.533577166647422,-0.0060141913574346395,0.03357716664742205,0,0,FOLLOWING,1.5353253460180167,0.5050679559575632,0
3.168,1.4364717671382468,0.4867516948715173,0.5140838360285905,2.775212121989487,1.2312226061252112,0.5246764872737791,0.06251129915946921,0.527371371177365,0.0589486745383328,1.5318167891135448,-0.0065708734981410055,0.0318167891135448,0,0,FOLLOWING,1.5335848801421716,0.5027503058142071,0
3.2,1.4510878957915527,0.49501436110844527,0.5158948072531009,2.7873646366992526,1.240328458328484,0.521968281100402,0.05991842029945893,0.5246857486017702,0.056592873054926975,1.530074714452149,-0.007117699232777608,0.030074714452148932,0,0,FOLLOWING,1.5318625197900873,0.5004161637863345,0
3.232,1.4656137873821924,0.5032604730742712,0.5176311478278088,2.799491313529028,1.2493347356447686,0.5192377149354854,0.05735115642327907,0.5219772454800286,0.05426066336132099,1.5283507647231094,-0.007654992772264335,0.02835076472310938,0,0,FOLLOWING,1.5301580840559668,0.4980659261607729,0
3.2640000000000002,1.4800495413929968,0.5114883022758657,0.519293594514166,2.8115919090919657,1.2582407150405492,0.5164853150275733,0.054808887915055775,0.5192463919633079,0.051951477627735616,1.5266447664559204,-0.00818306767381105,0.0266447664559204,0,0,FOLLOWING,1.528471396478212,0.4956999946373992,0
3.2960000000000003,1.494395264357552,0.5196961563429608,0.5208828662512737,2.82366618052468,1.2670456815343338,0.5137116037869317,0.052291007020121495,0.5164937139052298,0.04966475889486212,1.5249565506504001,-0.00870222718946545,0.024956550650400144,0,0,FOLLOWING,1.5268022850511263,0.49331877651774164,0
3.3280000000000003,1.5086510693957713,0.5278823786439688,0.5223996644971273,2.835713885492117,1.2757489282540533,0.5109171002250598,0.04979691760345261,0.5137197333510086,0.04739996086781079,1.5232859527650273,-0.009212764604699997,0.023285952765027318,0,0,FOLLOWING,1.5251505822227815,0.49092268488293417,0
3.36,1.5228170757804669,0.5360453479105891,0.5238446735631138,2.8477347821924255,1.2843497564938104,0.508102320348147,0.047326034906212414,0.5109249689745105,0.04515654770523519,1.5216328126946428,-0.009714963567025947,0.02163281269464279,0,0,FOLLOWING,1.5235161248809497,0.4885121387626625,0
3.392,1.536893408532926,0.5441834778708033,0.5252185609416425,2.8597286293618023,1.292847475769972,0.505267777509964,0.044877785301837794,0.5081099364694217,0.042933993804762705,1.5199969747390119,-0.010209098404636352,0.019996974739011852,0,0,FOLLOWING,1.5218987543287865,0.4860875632965056,0
3.424,1.550880198045709,0.5522952168898779,0.5265219776268343,2.8716951862793403,1.301241403876602,0.5024139827290273,0.042451606052912344,0.5052751488999702,0.04073178358601013,1.518378287563597,-0.010695434435109341,0.01837828756359694,0,0,FOLLOWING,1.5202983162517298,0.4836493898889175,0
3.456,1.564777579731054,0.5603790476190221,0.527755558428234,2.883634212771857,1.3095308669402308,0.499541444974294,0.040046945069913346,0.502421117016056,0.03854941127250372,1.51677660415369,-0.011174228264227313,0.01677660415369009,0,0,FOLLOWING,1.518714660676914,0.4811980563589199,0
3.488,1.5785856936934277,0.5684334866513713,0.5289199222775534,2.895545469218716,1.3177151994739522,0.49665067142314256,0.03766326067277406,0.4995483495370487,0.036386380673965615,1.515191781762942,-0.011645728075003747,0.015191781762941892,0,0,FOLLOWING,1.517147641926226,0.4787340070854444,0
3.52,1.592304684424899,0.5764570841849922,0.5300156725284949,2.907428716556636,1.3257937444308514,0.4937421676949359,0.035300021356059676,0.49665735340797956,0.03424220496992806,1.5136236818571704,-0.012110173907041612,0.013623681857170444,0,0,FOLLOWING,1.5155971185639991,0.47625769314913174,0
3.552,1.6059347005221305,0.5844484236926275,0.5310433972497365,2.9192837162844887,1.3337658532567527,0.490816438063066,0.03295670555844627,0.4937486340314754,0.03211640649612066,1.5120721700542412,-0.012567797926376412,0.012072170054241216,0,0,FOLLOWING,1.514062953340209,0.47376957247128876,0
3.584,1.6194758944238907,0.5924061215979193,0.5320036695111884,2.931110230468085,1.3416308859422854,0.48787398564802686,0.030632801437061968,0.49082269547828516,0.03000851653408886,1.5105371160606962,-0.013018824685981256,0.010537116060696183,0,0,FOLLOWING,1.5125450131299287,0.47127010995060264,0
3.616,1.6329284221680824,0.6003288269578729,0.5328970476636573,2.9429080217449517,1.349388211074266,0.4849153125937478,0.028327806647158643,0.4878800406789981,0.02791807510525768,1.5090183936057258,-0.013463471377132998,0.00901839360572576,0,0,FOLLOWING,1.5110431688697041,0.46875977759812293,0
3.648,1.6462924431673642,0.6082152211513357,0.5337240756120728,2.9546768533290946,1.3570372058863878,0.4819409202291449,0.026041228127492707,0.4849211715991191,0.025844630769669967,1.5075158803730067,-0.013901948071858627,0.007515880373006656,0,0,FOLLOWING,1.5095572954914227,0.4662390546709444,0
3.68,1.6595681200025232,0.6160640175732819,0.5344852830824507,2.9664164890157516,1.364577256309217,0.47895130921660595,0.02377258189170344,0.48194658939950824,0.02378774043025059,1.5060294579308513,-0.014334457956693969,0.006029457930851301,0,0,FOLLOWING,1.5080872718541758,0.4637084278049511,0
3.712,1.6727556182328118,0.6238739613347092,0.5351811858827661,2.978126693186133,1.372007757019491,0.4759469796889076,0.021521392825910566,0.47895679458385804,0.021746969142505013,1.504559011661061,-0.01476119755798777,0.004559011661060985,0,0,FOLLOWING,1.5066329806745515,0.46116839114691505,0
3.744,1.6858551062225373,0.6316438289679608,0.5358122861579341,2.9898072308121497,1.379328111488715,0.472928431375875,0.019287194492694622,0.4759522871347064,0.019721889930328185,1.5031044306868167,-0.015182356959002387,0.0031044306868166505,0,0,FOLLOWING,1.5051943084557258,0.458619446486185,0
3.7760000000000002,1.6988667549832264,0.6393724281372976,0.5363790726390859,3.0014578674611316,1.3865377320310517,0.46989616372193144,0.017069528941558925,0.4729335666392855,0.017712083607749837,1.50166560779991,-0.015598120009055694,0.001665607799909985,0,0,FOLLOWING,1.5037711454156897,0.45606210338614867,0
3.8080000000000003,1.7117907380307549,0.6470585973545497,0.5368820208873424,3.0130783693005316,1.3936360398505006,0.46685067599553143,0.014867946525937963,0.46990113240636444,0.0157171386069411,1.5002424393875482,-0.016008664524954867,0.00024243938754819894,0,0,FOLLOWING,1.50236338541488,0.45349687931558963,0
3.84,1.724627231256858,0.6547012056996874,0.5373215935322769,3.02466850310262,1.4006224650873644,0.46379246739135,0.012682005726767464,0.466855483575017,0.013736650812279157,1.498834825358967,-0.01641416248496641,-0.001165174641033051,0,0,FOLLOWING,1.5009709258834625,0.45092429978002885,0
3.872,1.7373764128144897,0.6622991525461477,0.5376982405052725,3.036228036249165,1.4074964468640003,0.4607220371259837,0.010511272982601128,0.4637971192162422,0.011770223400717449,1.4974426690720213,-0.01681478021556937,-0.002557330927978718,0,0,FOLLOWING,1.4995936677484725,0.4483448984530774,0
3.904,1.7500384630165264,0.6698513672907666,0.5380123992679612,3.0477567367360994,1.414257433329844,0.45763988452781695,0.008355322526236917,0.46072653842814654,0.009817466688164102,1.4960658772599167,-0.01721067857123093,-0.003934122740083312,0,0,FOLLOWING,1.4982315153609864,0.4457592173077963,0
3.936,1.7626135642473444,0.6773568090881584,0.5382644950359446,3.059254373178181,1.4209048817057166,0.45454650912162775,0.006213736227785403,0.4576442404253357,0.007877997981984056,1.494704359958216,-0.017602013107439696,-0.0052956400417840666,0,0,FOLLOWING,1.4968843764234778,0.44316780674801076,0
3.968,1.7751019008868305,0.6848144665893959,0.5384549409979863,3.070720714813633,1.4274382583273963,0.4514424107084203,0.004086103444095891,0.4545507246231028,0.0059514414394406315,1.4933580304322267,-0.01798893424723036,-0.006641969567773298,0,0,FOLLOWING,1.4955521619174816,0.44057122573948515,0
4.0,1.787503659203123,0.692223349076669,0.5385833236125752,3.082155531508776,1.4338570386884633,0.44832809607714896,0.001972225247240031,0.45144635161389035,0.004011961737690204,1.4920268094212434,-0.0183707675313326,-0.007973190578756562,0,0,FOLLOWING,1.494234790359119,0.4379700419408259,0
4.032,1.7998190132418401,0.6995825011304435,0.5386471052682241,3.0935585937626504,1.4401607074824083,0.44520409012830825,-0.00012739896749833533,0.4483313442613598,0.0019931816797543445,1.4907106298439197,-0.018744729566923416,-0.009289370156080334,0,0,FOLLOWING,1.4929321924751628,0.43536483183394126,0
4.064,1.8120482036210153,0.7068909497990408,0.5386458034609184,3.1049296727116173,1.4463487586439996,0.4420709017496985,-0.0022122056915975857,0.4452071981043164,-4.067656820029445e-05,1.489409394417687,-0.01911005024673551,-0.010590605582313062,0,0,FOLLOWING,1.4916442689497238,0.4327561808538327,0
4.096,1.8241914600631823,0.7141477412265288,0.538579625198302,3.1162685401339565,1.452420695389913,0.43892903488187857,-0.004281752960224792,0.44207392149055935,-0.002068065833405478,1.488123024381166,-0.019466654255383076,-0.01187697561883394,0,0,FOLLOWING,1.4903709390432973,0.43014468351747265,0
4.128,1.836249018977088,0.7213519496193719,0.5384488613910846,3.1275749684544434,1.4583760302586128,0.4357789926104708,-0.00633572064525466,0.4389321458942007,-0.0040863641480181866,1.4868514395311025,-0.019814554890588365,-0.013148560468897452,0,0,FOLLOWING,1.4891121206309952,0.427530943551461,0
4.16,1.8482211164457467,0.7285026784625427,0.5382568430589729,3.138848730748918,1.4642142851494857,0.4326212534706442,-0.008374643936655386,0.43578233959288426,-0.006000568105218699,1.4855945634713998,-0.020156813396176476,-0.014405436528600157,0,0,FOLLOWING,1.4878677354444303,0.4249155740181211,0
4.192,1.8601079503022306,0.7355991054507626,0.5380048608012648,3.150089600748841,1.4699349913612232,0.42945631232761844,-0.010399258563899574,0.43262467749026773,-0.007874440898435812,1.4843523341258509,-0.020494497462179236,-0.01564766587414912,0,0,FOLLOWING,1.4866377194948168,0.4222991974396494,0
4.224,1.871909721481597,0.7426404363549066,0.5376939505632775,3.161297352845832,1.4755376896294505,0.42628466675253,-0.012410401622051303,0.42945970915615284,-0.009715940416151918,1.483124690568006,-0.020828426392252797,-0.016875309431994,0,0,FOLLOWING,1.4854220099937785,0.41968244591988085,0
4.256,1.8836266274686133,0.7496259185846373,0.5373246336372663,3.1724717620961993,1.4810219301635952,0.4231068189621485,-0.014408868590428153,0.4262880287717291,-0.011541149577424699,1.4819115718580536,-0.021158921320604155,-0.018088428141946444,0,0,FOLLOWING,1.4842205441664653,0.41706596126319384,0
4.288,1.895258866329702,0.7565548288220487,0.5368973807843435,3.1836126042254542,1.4863872726829979,0.4199232722688788,-0.016395409869265503,0.423110144058271,-0.013351647472206437,1.480712919529644,-0.021486260844262972,-0.01928708047035599,0,0,FOLLOWING,1.4830332617573816,0.41445039509002013,0
4.32,1.906806637095027,0.763426471961742,0.5364126193919113,3.194719655632814,1.4916332864522586,0.4167345311166738,-0.018370729624347604,0.41992655938892337,-0.015148789530880283,1.4795286776502643,-0.021810687508227455,-0.0204713223497357,0,0,FOLLOWING,1.4818601050921,0.4118364089483806,0
4.352,1.9182701400471496,0.7702401804737034,0.5358707392138508,3.2057926933956864,1.4967595503158155,0.4135411011176711,-0.02033548621336618,0.4167377797546748,-0.016933751803280904,1.4783587927620667,-0.02213241314978409,-0.02164120723793328,0,0,FOLLOWING,1.4807010190188241,0.40922467442080673,0
4.384,1.9296495769650488,0.7769953138819355,0.5352720972389906,3.216831495274146,1.5017656527317573,0.410343489086258,-0.022290293698470704,0.413544311197905,-0.018707558199613412,1.4772032138126336,-0.022451623452312885,-0.022796786187366358,0,0,FOLLOWING,1.4795559508397216,0.40661587322595993,0
4.416,1.9409451513329083,0.7836912583201489,0.5346170218141322,3.227835839715394,1.5066511918048606,0.40714220307057675,-0.024235724067196825,0.41034666089393035,-0.020471103785509,1.4760618920864284,-0.022768481809477326,-0.02393810791357165,0,0,FOLLOWING,1.4784248502428416,0.40401069731419476,0
4.448,1.9521570685239824,0.7903274261442532,0.5339058161319157,3.2388055058582053,1.5114157753188564,0.40393775238158564,-0.026172309878149964,0.40714533719312385,-0.022225174630807108,1.4749347811377804,-0.02308313259508954,-0.025065218862219574,0,0,FOLLOWING,1.4773076692354865,0.4014098489562589,0
4.48,1.9632855359677588,0.7969032555869882,0.5331387611797022,3.2497402735373613,1.516059020767915,0.4007306476197887,-0.028100547121980745,0.40394084965591776,-0.023970464652794038,1.473821836725267,-0.02339570392373047,-0.0261781632747331,0,0,FOLLOWING,1.4762043620789336,0.39881404082425165,0
4.5120000000000005,1.9743307633064973,0.8034182104439024,0.5323161182328355,3.2606399232880663,1.520580555387357,0.397521400699719,-0.03002089814611806,0.4007337090847588,-0.025707589854267007,1.4727230167473055,-0.02370630997731582,-0.027276983252694453,0,0,FOLLOWING,1.4751148852243325,0.3962239960639041,0
4.5440000000000005,1.9852929625454998,0.8098717797828309,0.5314381309640899,3.2715042363503573,1.5249800161835771,0.3943105248722336,-0.03193379453655807,0.3975244275537477,-0.02743710031788477,1.4716382811788022,-0.024015052963512695,-0.028361718821197757,0,0,FOLLOWING,1.4740391972496412,0.3936404483571783,0
4.5760000000000005,1.9961723482001834,0.8162634776712182,0.5305050272307249,3.2823329946734896,1.5292570499631863,0.39109853474465156,-0.03383963988435114,0.3943135184361557,-0.029159490280713206,1.4705675920087098,-0.024322024763203776,-0.02943240799129021,0,0,FOLLOWING,1.472977258797465,0.39106414197410216,0
4.6080000000000005,2.006969137442062,0.8225928429172417,0.5295170205914155,3.293125980920315,1.5334113133613667,0.3878859462987416,-0.035738812390388515,0.3911014964297308,-0.030875206575828866,1.4695109131784183,-0.024627308316303775,-0.03048908682158169,0,0,FOLLOWING,1.4719290325137249,0.388495831812697,0
4.64,2.01768355024507,0.828859438821831,0.5284743115972248,3.3038829784716466,1.5374424728694371,0.3846732769065626,-0.037631667281442446,0.38788887757964746,-0.03258465569336642,1.4684682105209101,-0.024930978788011315,-0.031531789479089856,0,0,FOLLOWING,1.4708944829870878,0.38593628342577835,0
4.672,2.0283158095331935,0.8350628529394807,0.527377088893805,3.3146037714305994,1.5413502048616274,0.38146104534413894,-0.03951853902454043,0.3846761792989713,-0.03428820967965201,1.467439451700608,-0.02523310455120975,-0.032560548299392034,0,0,FOLLOWING,1.4698735766891127,0.38338627303332656,0
4.704,2.0388661413300437,0.8412026968462821,0.526225530165985,3.3252881446269313,1.5451341956210596,0.37824977180295577,-0.04139974333687234,0.38146392038647714,-0.03598621106264593,1.466424606153921,-0.025533748015135638,-0.033575393846078994,0,0,FOLLOWING,1.468866281915082,0.38084658751906575,0
4.736,2.0493347749108137,0.8472786059139588,0.5250198029507512,3.335935883621358,1.548794141364934,0.37503997789925714,-0.04327557899542632,0.3782526210417427,-0.03767897696463217,1.4654236450304294,-0.025832966325533276,-0.034576354969570566,0,0,FOLLOWING,1.4678725687255003,0.3783180244097936,0
4.768,2.0597219429569247,0.8532902390889147,0.5237600653403002,3.3465467747098554,1.5523297482689156,0.3718321866811192,-0.04514632945519735,0.37504280287753033,-0.0393668025374826,1.4644365411347038,-0.026130811957376487,-0.035563458865296216,0,0,FOLLOWING,1.466892408888235,0.3758013918359338,0
4.8,2.0700278817135835,0.8592372786754463,0.5224464665931848,3.357120604927951,1.555740732490724,0.36862692263328245,-0.047012264287711825,0.37183498892936373,-0.04104996383472493,1.463463268868743,-0.026427333217683095,-0.036536731131256994,0,0,FOLLOWING,1.4659257758212858,0.37329750847171345,0
4.832,2.0802528311504327,0.8651194301223615,0.5210791476685415,3.3676571620549978,1.559026820192921,0.36542471167971585,-0.04887364045320494,0.3686297036623892,-0.0427287202152929,1.4625038041750067,-0.026722574672980448,-0.037496195824993306,0,0,FOLLOWING,1.4649726445361655,0.37080720345328066,0
4.864,2.090397035125434,0.8709364218123028,0.5196582416958487,3.378156234618434,1.5621877475648924,0.36222608118388894,-0.050730703420470036,0.3654274729755438,-0.044403316358087315,1.4615581244800242,-0.02701657751348946,-0.0384418755199758,0,0,FOLLOWING,1.4640329915818737,0.3683313162730038,0
4.896,2.100460741552117,0.8766880048531156,0.5181838743905878,3.3886176118980256,1.5652232608440293,0.35903155994672176,-0.05258368814840983,0.3622288242030491,-0.04607398395266728,1.4606262086385546,-0.02730937986403498,-0.039373791361445365,0,0,FOLLOWING,1.4631067949894412,0.3658706966481208,0
4.928,2.1104442025702936,0.8823739528706338,0.5166561644244441,3.399041083930097,1.5681331163360994,0.35584167820218454,-0.054432819942913234,0.35903428611328203,-0.047740943119731975,1.4597080368782884,-0.027601017049997567,-0.04029196312171157,0,0,FOLLOWING,1.4621940342170205,0.36342620436184575,0
4.96,2.1203476747203407,0.8879940618022805,0.5150752237572662,3.4094264415117452,1.5709170804348105,0.3526569676105089,-0.05627831520197073,0.35584438890507386,-0.049404403606292974,1.4588035907450376,-0.02789152182520027,-0.041196409254962374,0,0,FOLLOWING,1.4612946900955002,0.36099870907495424,0
4.992,2.130171419121119,0.8935481496909158,0.5134411579368313,3.4197734762050382,1.5735749296405654,0.349477961248974,-0.05812038206107634,0.35265966420140876,-0.05106456579163621,1.4579128530484138,-0.028180924567495158,-0.04208714695158622,0,0,FOLLOWING,1.4604087447746086,0.35858909010582896,0
5.024,2.139915701651589,0.8990360564783864,0.5117540663715034,3.430081980341198,1.5761064505784057,0.34630519360022094,-0.05995922095001325,0.34948064504058846,-0.05272162153452749,1.4570358078079444,-0.028469253446861964,-0.042964192192055606,0,0,FOLLOWING,1.459536181669485,0.35619823617687424,0
5.056,2.14958079313617,0.9044576437982643,0.5100140425800569,3.4403517470247693,1.5785114400151392,0.3431392005380495,-0.06179502507113356,0.34630786586481177,-0.05437575488668569,1.4561724401996026,-0.02875653457004701,-0.04382755980039743,0,0,FOLLOWING,1.4586769854076778,0.3538270451251766,0
5.088,2.159166969533848,0.9098127947672919,0.5082211744222974,3.4505825701377715,1.5807897048756576,0.3399805193106436,-0.06362798080828982,0.3431418625061639,-0.05602714269296412,1.455322736502719,-0.02904279210514843,-0.04467726349728096,0,0,FOLLOWING,1.4578311417765466,0.3514764235752359,0
5.12,2.1686745121310427,0.9151014137750767,0.5063755443135438,3.460774244343836,1.5829410622584366,0.33682968852116757,-0.0654582680746311,0.3399831721699971,-0.057675955095631656,1.454486684047245,-0.02932804838901337,-0.045513315952754985,0,0,FOLLOWING,1.4569986376710335,0.3491472865715727,0
5.152,2.178103707738212,0.9203234262716108,0.5044772294255897,3.470926565092327,1.5849653394502183,0.33368724810567274,-0.0672860606066242,0.33683233341564933,-0.05932235595694153,1.4536642711613221,-0.029612324019885724,-0.04633572883867787,0,0,FOLLOWING,1.4561794610417615,0.34684055716900175,0
5.184,2.187454848890143,0.9254787785522146,0.5025263018763625,3.4810393286224466,1.5868623739398786,0.3305537393082487,-0.06911152621084346,0.3336898861344432,-0.06096650321225619,1.452855487119145,-0.02989563793736893,-0.04714451288085497,0,0,FOLLOWING,1.4553736008434461,0.3445571659783535,0
5.216,2.1967282340498784,0.9305674375395299,0.5005228289101964,3.4911123319673254,1.5886320134314722,0.3274297046533519,-0.07093482696934049,0.3305563715249468,-0.06260854916346338,1.452060322089067,-0.03017800749148469,-0.0479396779109329,0,0,FOLLOWING,1.454581046983567,0.3422980506654497,0
5.248,2.205924167816198,0.9355893905622077,0.49846687307033544,3.5011453729580957,1.5902741158564595,0.32431568791523707,-0.07275611940872345,0.3274323320653711,-0.0642486407216968,1.4512787670819278,-0.030459448502325792,-0.04872123291807218,0,0,FOLLOWING,1.453801790271285,0.3400641554011598,0
5.28,2.215042961134556,0.9405446451299592,0.49635849236507296,3.511138250227947,1.591788549385113,0.321212234084421,-0.07457555463749453,0.3243183114830971,-0.06588691960626974,1.4505108138995646,-0.030739975311609102,-0.0494891861004354,0,0,FOLLOWING,1.4530358223665627,0.33785643026042667,0
5.312,2.2240849315113667,0.9454332287046538,0.4941977404287242,3.5210907632161716,1.5931751924370987,0.31811988933109814,-0.07639327845562506,0.32121485472121625,-0.06752352250609525,1.4497564550834865,-0.031019600827246585,-0.050243544916513505,0,0,FOLLOWING,1.4522831357294619,0.3356758305682192,0
5.344,2.2330504032315117,0.9502551884671636,0.4919846666784621,3.5310027121721874,1.5944339336912388,0.31503920096543186,-0.07820943143988925,0.31812250790204166,-0.06915858120896914,1.4490156838636687,-0.03129833656188392,-0.050984316136331254,0,0,FOLLOWING,1.4515437235695872,0.33352331619046555,0
5.376,2.241939707578927,0.9550105910796679,0.4897193164679057,3.5408738981595462,1.5955646720944474,0.3119707173946384,-0.0800241490080292,0.31504181828747546,-0.07079222270308676,1.4482884941074472,-0.03157619266624473,-0.0517115058925528,0,0,FOLLOWING,1.4508175797956473,0.3313998507681412,0
5.408,2.2507531830601213,0.9596995224431415,0.48740173123822267,3.5507041230599277,1.5965673168698435,0.30891498807678225,-0.08183756146445978,0.31197333423618495,-0.07242456925466784,1.447574880268483,-0.03185317795798759,-0.05242511973151709,0,0,FOLLOWING,1.4501046989651027,0.32930640089284724,0
5.44,2.2594911770492088,0.9643220874363114,0.48503194216515694,3.5604931895771172,1.5974417875240394,0.305872563414447,-0.08364979243398334,0.3089176442116158,-0.07405594166011895,1.4468748360659407,-0.0321292930070185,-0.053125163934059305,0,0,FOLLOWING,1.4494050749652303,0.32724393522237993,0
5.472,2.2681540822595747,0.968878409275416,0.48260980440512563,3.570240901240962,1.5981880138536009,0.302843993142913,-0.08546091693504841,0.30587633616751086,-0.0756918405201326,1.4461883219620533,-0.03240435311964518,-0.05381167803794673,0,0,FOLLOWING,1.4487186685216464,0.32521342353501476,0
5.5040000000000004,2.276742259095197,0.9733686287860814,0.4801353658880641,3.5799470624113168,1.5988059359506852,0.2998298266989894,-0.0872710172931165,0.3028488366301668,-0.07732624168565984,1.4455153352972487,-0.032678380315761264,-0.05448466470275126,0,0,FOLLOWING,1.4480454772712164,0.32321583572146495,0
5.5360000000000005,2.285256074559462,0.9777929047460612,0.477608670706323,3.589611478281971,1.5992955042078498,0.29683061509699316,-0.08908018079139672,0.2998356524488748,-0.07895926506787845,1.4448558752892517,-0.03295139513853773,-0.055144124710748255,0,0,FOLLOWING,1.4473855007926546,0.32125214071375874,0
5.5680000000000005,2.2936959043358063,0.982151414007037,0.47502975767790145,3.599233954884556,1.5996566793220344,0.2938469107161461,-0.09088849731889789,0.29683734715065613,-0.08059107549192926,1.4442099411520388,-0.03322341476949481,-0.05579005884796118,0,0,FOLLOWING,1.446738738727111,0.3193233053505849,0
5.6000000000000005,2.30206213309304,0.9864443512565964,0.4723986607823046,3.6088142990924412,1.5998894322977169,0.29087926708703554,-0.09269605750647131,0.29385448739038134,-0.08222182416306412,1.4435775319662167,-0.033494453335947805,-0.05642246803378326,0,0,FOLLOWING,1.4461051906493188,0.31743029317901317,0
5.632,2.3103551546558596,0.9906719287192569,0.46971540960005853,3.6183523186246074,1.5999937444492414,0.28792823870649775,-0.09450295126254865,0.2908876384000345,-0.08385164855169892,1.4429586466960072,-0.03376452222683751,-0.05704135330399285,0,0,FOLLOWING,1.4454848560853506,0.3155740631928742,0
5.664,2.318575372177902,0.9948343758475225,0.4669800297103554,3.627847822049507,1.5999696074023169,0.2849943808754822,-0.09630926662464113,0.2879373639067054,-0.08548067370182444,1.4423532842066362,-0.034033630361559375,-0.05764671579336378,0,0,FOLLOWING,1.4448777345308004,0.3137555685085053,0
5.696,2.3267231983275636,0.9989319390083633,0.46419254305057484,3.637300618788908,1.5998170230946918,0.2820782495538926,-0.09811508885901532,0.2850042264113894,-0.08710901342238894,1.4417614432701913,-0.034301784415981196,-0.05823855672980871,0,0,FOLLOWING,1.4442838254574524,0.31197575497903085,0
5.728,2.33479905548513,1.0029648811651228,0.46135296824394695,3.646710519121715,1.599536003775996,0.2791804012275321,-0.09992049975489357,0.2820887874336861,-0.08873677128284564,1.4411831225608647,-0.03456898901251704,-0.05881687743913533,0,0,FOLLOWING,1.443703128309356,0.3102355597488155,0
5.76,2.3428033759490203,1.0069334815543074,0.4584613209009059,3.656077334187781,1.5991265720067593,0.2763013927833206,-0.10172557707069717,0.279191607694924,-0.09036404143536529,1.4406183206414276,-0.03483524688026146,-0.059381679358572415,0,0,FOLLOWING,1.4431356424901525,0.30853590975027134,0
5.792,2.3507366021492366,1.0108380353566928,0.4555176138987948,3.6654008759916943,1.5985887606565996,0.27344178138977865,-0.10353039409878088,0.27631324724710443,-0.09199090929132968,1.4400670359425227,-0.03510055899018877,-0.05993296405747728,0,0,FOLLOWING,1.4425813673432264,0.3068777201457298,0
5.824,2.3585991868663965,1.0146788533622297,0.45252185764386943,3.6746809574065558,1.5979226129015833,0.2706021243804271,-0.10533501932219065,0.2734542655562868,-0.0936174520745017,1.4395292667360813,-0.03536492466963337,-0.06047073326391872,0,0,FOLLOWING,1.4420403021260044,0.30526189271767146,0
5.856,2.366391593454985,1.0184562616282642,0.44947406031889964,3.6839173921777304,1.5971281822207606,0.26778297913825855,-0.10713951614264765,0.2706152215480722,-0.09524373927110177,1.4390050111039285,-0.03562834169954371,-0.06099498889607147,0,0,FOLLOWING,1.4415124459794495,0.30368931421119316,0
5.888,2.374114296069643,1.0221706011306417,0.4463742281191599,3.693109994926587,1.5962055323918705,0.26498490297984084,-0.10894394266342725,0.26779667362112786,-0.09686983299265932,1.4384942669024448,-0.03589080639747061,-0.06150573309755525,0,0,FOLLOWING,1.4409977978936244,0.3021608546332071,0
5.92,2.381767779893479,1.0258222274073077,0.4432223654791573,3.7022585811542212,1.5951547374862223,0.2622084530379238,-0.11074835151438774,0.26499917963381314,-0.09849578826543628,1.4379970317239859,-0.036152313688765536,-0.06200296827601415,0,0,FOLLOWING,1.440496356670021,0.30067736551347857,0
5.952,2.3893525413674994,1.0294115101940462,0.44001847529208155,3.711362967245154,1.5939758818627479,0.2594541861416623,-0.11255278970920912,0.26222329686781604,-0.10012165325787543,1.437513302855627,-0.036412857168079404,-0.06248669714437294,0,0,FOLLOWING,1.4400081208812268,0.299239678133228,0
5.984,2.3968690884203556,1.0329388330520473,0.43676255912363826,3.720422970471021,1.5926690601612297,0.2567226586937645,-0.11435729852714133,0.2594695819721463,-0.10174746945615736,1.4370430772357117,-0.03667242915292129,-0.06295692276428833,0,0,FOLLOWING,1.4395330888284004,0.29784860172764394,0
6.016,2.4043179406976862,1.036404592987013,0.43345461742168884,3.7294384089942376,1.591234377294703,0.2540144265440149,-0.11616191341332982,0.25673859088999734,-0.1033732717951797,1.4365863514085708,-0.03693102073077592,-0.06341364859142917,0,0,FOLLOWING,1.4390712584969243,0.29650492166924486,0
6.048,2.4116996297903777,1.0398092000595491,0.4300946497228855,3.738409101871649,1.589671948441033,0.2513300448587445,-0.11796666389316564,0.25403087877064456,-0.104999088752503,1.4361431214777327,-0.03718862180104743,-0.06385687852226729,0,0,FOLLOWING,1.438622627510553,0.2952093976396157,0
6.08,2.419014699461122,1.0431530769866086,0.42668265485732304,3.7473348690581623,1.5879818990336692,0.2486700679859036,-0.11977157349721514,0.25134699986800835,-0.1066249424103237,1.4357133830578779,-0.03744522111291515,-0.06428661694212212,0,0,FOLLOWING,1.4381871930843115,0.2939627617975897,0
6.112,2.4262637058686805,1.0464366587337774,0.4232186311520591,3.7562155314103585,1.586164364751574,0.24603504931546855,-0.1215766596941283,0.24868750742726925,-0.10825084849079444,1.4352971312257523,-0.037700806300021705,-0.06470286877424769,0,0,FOLLOWING,1.437764951976351,0.29276571695244896,0
6.144,2.433447217789288,1.049660392098221,0.4197025766342546,3.765050910690091,1.5842194915083319,0.2434255411349623,-0.12338193382961266,0.24605295356056472,-0.10987681636793697,1.434894360470207,-0.03795536391280769,-0.06510563952979309,0,0,FOLLOWING,1.4373559004389336,0.29161893475117917,0
6.176,2.440565816834643,1.0528247352821107,0.41613448923457136,3.7738408295680594,1.5821474354404335,0.24084209447991584,-0.1251874010700759,0.24344388911253206,-0.1115028490595831,1.4345050646415265,-0.03820887944918927,-0.0654949353584735,0,0,FOLLOWING,1.4369600341687094,0.29052305388920263,0
6.208,2.447620097665953,1.0559301574563928,0.41251436699138083,3.7825851116273714,1.5799483628947426,0.23828525897912914,-0.12699306034996463,0.24086086351641683,-0.11312894320200154,1.4341292369001613,-0.03846133738419871,-0.06587076309983875,0,0,FOLLOWING,1.4365773482563882,0.2894786783543461,0
6.24,2.454610668203495,1.0589771383147557,0.40884220825627204,3.7912835813670815,1.5776224504151406,0.23575558269461525,-0.12879890432213398,0.23830442464119858,-0.11475508900934547,1.4337668696649866,-0.03871272119913782,-0.06623313033501343,0,0,FOLLOWING,1.4362078371359381,0.28848637571403934,0
6.272,2.461538149831164,1.061966167617684,0.4051180119013069,3.799936064205715,1.5751698847283537,0.23325361195613706,-0.13060491931085552,0.23577511862999143,-0.1163812702189845,1.43341795456118,-0.03896301341075792,-0.06658204543881996,0,0,FOLLOWING,1.4358514945333962,0.28754667545590684,0
6.304,2.468403177595478,1.0648977447264976,0.40134177752841393,3.8085423864847705,1.572590862728962,0.23077989119025866,-0.13241108526725093,0.2332734897301148,-0.1180074640247453,1.4330824823678097,-0.039212195600922706,-0.06691751763219034,0,0,FOLLOWING,1.4355083134153896,0.2866600673919666,0
6.336,2.475206400398498,1.0677723781272948,0.3975135056813052,3.8171023754722064,1.569885591463593,0.22833496274385126,-0.13421737572710957,0.23080008011475953,-0.11963364099798512,1.43276044296523,-0.03946024844721347,-0.06723955703476991,0,0,FOLLOWING,1.4351782859374411,0.28582700013662743,0
6.368,2.481948481184127,1.070590584944728,0.3936331980602597,3.8256158593659073,1.567054288114299,0.2259193667020057,-0.1360237577711664,0.22835542969656228,-0.12125976499805435,1.4324518252823528,-0.039707151754886594,-0.06754817471764718,0,0,FOLLOWING,1.4348614033921583,0.2850478796685184,0
6.4,2.4886300971172224,1.0733528904455683,0.3897008577401316,3.834082667297131,1.5640971799811225,0.22353364070031354,-0.13783019198802068,0.22594007593284463,-0.12288579307151089,1.4321566172438953,-0.039952884490624015,-0.06784338275610469,0,0,FOLLOWING,1.4345576561573739,0.2843230679859357,0
6.432,2.495251939754969,1.0760598275320246,0.3857164893919249,3.842502629333941,1.5610145044638477,0.22117831973149224,-0.13963663243996174,0.22355455362261994,-0.12451167534065005,1.4318748057176873,-0.040197424818497196,-0.06812519428231267,0,0,FOLLOWING,1.4342670336443326,0.2836528818653328,0
6.464,2.501814715209928,1.0787119362248065,0.38168009950828724,3.8508755764846128,1.5578065090429414,0.21885393594633612,-0.1414430266320352,0.22119939469519573,-0.1261373548810537,1.4316063764621143,-0.04044075013858067,-0.0683936235378857,0,0,FOLLOWING,1.4339895242460103,0.2830375917317831,0
6.496,2.5083191443041706,1.0813097631359379,0.3775916966333043,3.8592013407010297,1.5544734512596858,0.21656101844898892,-0.14324931548475434,0.21887512799010483,-0.12776276758716715,1.4313513140738263,-0.040682837128690745,-0.06864868592617368,0,0,FOLLOWING,1.4337251152856636,0.282477420649782,0
6.5280000000000005,2.5147659627138856,1.0838538609313477,0.3734512915969881,3.8674797548820528,1.5510155986955028,0.21430009308654085,-0.14505543331091433,0.21658227902824886,-0.12938784202559592,1.4311096019357876,-0.04092366178973467,-0.06889039806421238,0,0,FOLLOWING,1.433473792965714,0.2819725434420405,0
6.5600000000000005,2.521155921103843,1.086344787783289,0.3692588977548837,3.875710652876876,1.5474332289504715,0.21207168223296485,-0.14686130779702536,0.21432136977395322,-0.13101249927520697,1.430881222165801,-0.04116319949519631,-0.06911877783419906,0,0,FOLLOWING,1.4332355423170802,0.28152308594314296,0
6.5920000000000005,2.5274897852510487,1.0887831068126528,0.36501453123328603,3.88389386948836,1.5437266296210428,0.20987630456741793,-0.14866685998994278,0.21209291838745314,-0.13263665275174935,1.4306661555656397,-0.0414014250453576,-0.0693338444343603,0,0,FOLLOWING,1.4330103471490911,0.2811291243940562,0
6.6240000000000006,2.5337683361569447,1.0911693855212758,0.360718211180576,3.89202924047635,1.5398960982769503,0.2077144748469462,-0.15047200428932586,0.20989743896759894,-0.13426020801664845,1.4304643815709226,-0.04163831272687579,-0.0695356184290774,0,0,FOLLOWING,1.4327981900001203,0.28079068498250886,0
6.656000000000001,2.5399923701474423,1.0935041952143596,0.3563699600252857,3.900116602560968,1.5359419424373222,0.2055867036736424,-0.1522766484466275,0.20773544128410543,-0.1358830625667034,1.4302758782018987,-0.04187383637844655,-0.06972412179810128,0,0,FOLLOWING,1.4325990520891003,0.28050774353322244,0
6.688,2.5461626989600865,1.0957881104131424,0.35196980374155984,3.908155793425894,1.531864479545992,0.20349349725632174,-0.1540806935713895,0.2056074304989119,-0.1375051056029551,1.4301006220153307,-0.042107969463345836,-0.06989937798466928,0,0,FOLLOWING,1.4324129132681014,0.2802802253508946,0
6.72,2.5522801498175935,1.0980217082579977,0.34751777212279167,3.916146651721622,1.5276640369460146,0.20143535716679556,-0.15588403414569305,0.2035139068758393,-0.13912621777523312,1.4299385880576805,-0.042340685149759416,-0.07006141194231952,0,0,FOLLOWING,1.4322397519761851,0.2801080052176863,0
6.752,2.5583455654869875,1.1002055679021616,0.3430138990642972,3.924089017068697,1.5233409518533865,0.199412780090838,-0.15768655804771728,0.20145536547801243,-0.14074627089968286,1.4297897498198369,-0.042571956399909405,-0.07021025018016314,0,0,FOLLOWING,1.4320795451947599,0.27999090754581185,0
6.784,2.5643598043235247,1.102340269896312,0.33845822285606647,3.9319827300609367,1.5188955713299745,0.19742625757396184,-0.15948814658545177,0.1994322958518155,-0.14236512764386028,1.4296540791936516,-0.04280175606915715,-0.07034592080634838,0,0,FOLLOWING,1.4319322684047056,0.2799287066846563,0
6.816,2.570323740298544,1.104426395564268,0.3338507864867445,3.9398276322686288,1.5143282522556514,0.195476275762137,-0.16128867454174292,0.1974451816966142,-0.1439826411757981,1.4295315464305967,-0.043030057016401446,-0.07046845356940334,0,0,FOLLOWING,1.431797895545585,0.279921127380672,0
6.848,2.5762382630103535,1.1064645263700943,0.32919163796022094,3.9476235662417114,1.5096393612996473,0.1935633151376083,-0.1630880102319901,0.1954945005188056,-0.14559865476996245,1.4294221201028883,-0.043256832227303754,-0.07057787989711173,0,0,FOLLOWING,1.4316763989772692,0.2799678453871626,0
6.88,2.5821042776771885,1.108455243276949,0.324480830626407,3.9553703755129326,1.5048292748911123,0.19168785024999552,-0.1648860155759736,0.19358072326878012,-0.14721300136391555,1.429325767067493,-0.04348205495210683,-0.07067423293250696,0,0,FOLLOWING,1.4315677494444097,0.28006848821994945,0
6.912,2.5879227051112417,1.1103991260980322,0.31971842352804025,3.963067904600992,1.4998983791888956,0.189850349442883,-0.16668254618549394,0.19170431395916443,-0.1488255030573949,1.4292424524334721,-0.04370569886006458,-0.07075754756652786,0,0,FOLLOWING,1.4314719160441882,0.28022263605385944,0
6.944,2.5936944816726766,1.1122967528400418,0.31490448176570096,3.9707159990136605,1.4948470700505454,0.18805127457613993,-0.1684774514697268,0.18986572926206996,-0.1504359705432242,1.4291721395332064,-0.04392773821286061,-0.07082786046679357,0,0,FOLLOWING,1.4313888661979048,0.28042982275397094,0
6.976,2.599420559202463,1.1141486990395835,0.31003907688355237,3.97831450525088,1.4896757530005282,0.1862910807442442,-0.17027057476046636,0.18806541808319996,-0.15204420245966294,1.429114789898125,-0.04414814805974088,-0.0708852101018751,0,0,FOLLOWING,1.4313185656270122,0.2806895370346497,0
7.008,2.6051019049327815,1.1159555370930192,0.30512228727881163,3.9858632708078465,1.4843848431976738,0.1845702159909242,-0.17206175345974892,0.1863038211096292,-0.15364998464881052,1.4290703632396595,-0.044366904457578904,-0.07092963676034048,0,0,FOLLOWING,1.4312609783343155,0.28100122373856823,0
7.04,2.610739501373622,1.1177178355802961,0.3001541986384521,3.993362144178069,1.4789747654018448,0.18288912102047533,-0.17385081921272028,0.1845813703280253,-0.1552530893056209,1.4290388174362672,-0.04458398471961377,-0.07096118256373285,0,0,FOLLOWING,1.4312160665911824,0.28136428522718393,0
7.072,2.6163343461740776,1.1194361585833341,0.2951349044073014,4.000810974856411,1.4734459539398368,0.18124822890615822,-0.17563759810905744,0.18289848850906204,-0.15685327399674528,1.4290201085275018,-0.04479936769726395,-0.07097989147249817,0,0,FOLLOWING,1.4311837909317409,0.2817780828735165,0
7.104,2.6218874519566673,1.1211110649996192,0.2900645062924685,4.008209613342112,1.4677988526705108,0.1796479647961452,-0.17742191091678994,0.18125558865297337,-0.1584502805252448,1.4290141907162954,-0.0450130341002209,-0.07098580928370457,0,0,FOLLOWING,1.4311641101552166,0.28224193864755737,0
7.136,2.6273998461228403,1.1227431078516954,0.2849431148099473,4.015557911141785,1.462033914949159,0.17808874561754454,-0.17920357335299333,0.17965307339045783,-0.16004383361256427,1.4290210163807915,-0.04522496686094385,-0.07097898361920851,0,0,FOLLOWING,1.4311569813377563,0.2827551367842449,0
7.168,2.6328725796562074,1.1243328335393261,0.27977080479228855,4.022855720772402,1.456151603591109,0.1765709793014271,-0.18098238639046094,0.17809160523133577,-0.16163504837335332,1.4290405273280111,-0.04543510495898867,-0.07095947267198888,0,0,FOLLOWING,1.4311623510905198,0.28331692552365195,0
7.2,2.638306790667071,1.1258807805688353,0.27454729926444266,4.030102895764249,1.4501523908345695,0.17509506038800543,-0.18275805828061797,0.17657375199292819,-0.1632349188634824,1.429072592763575,-0.045643016764874006,-0.07092740723642499,0,0,FOLLOWING,1.4311800935603456,0.2839265189128595,0
7.232,2.6437035640638693,1.1273874780117825,0.2692726886393182,4.037299290663868,1.4440367583027167,0.17366137158362047,-0.1845303001149548,0.17509785195733574,-0.1648319641527771,1.4291171456205207,-0.04584864156104268,-0.07088285437947928,0,0,FOLLOWING,1.4312101466907727,0.28458309865892817,0
7.264,2.6490639962450673,1.1288534455066301,0.26394707196552925,4.044444761036977,1.4378051969650314,0.17227028649077028,-0.18629882443069515,0.17366419175729683,-0.1664259143659353,1.4291741193712082,-0.046051920017859654,-0.0708258806287918,0,0,FOLLOWING,1.4312524490654268,0.285285816022435,0
7.296,2.6543891977216894,1.130279192996021,0.25857055658041067,4.051539163471367,1.4314582070978803,0.17092216918710784,-0.18806334396969893,0.17227313623242219,-0.1680165104791786,1.429243445088937,-0.04625279349748779,-0.07075655491106292,0,0,FOLLOWING,1.4313069369697808,0.28603379374117816,0
7.328,2.6596802931485293,1.1316652200778614,0.2531432581046711,4.058582355579782,1.4249962982443565,0.16961737378720243,-0.18982357063475921,0.17092504908778489,-0.1696034936359157,1.4293250510967515,-0.04645120387391463,-0.07067494890324855,0,0,FOLLOWING,1.4313735440394986,0.28682612797389834,0
7.36,2.6649384210876246,1.1330120152952927,0.2476653004675108,4.065574196002775,1.4184199891733718,0.16835624401534488,-0.19157921461243185,0.16962028482963895,-0.17118660419443987,1.4294188628688769,-0.04664709338589792,-0.07058113713112313,0,0,FOLLOWING,1.4314522011613227,0.28766189025418637,0
7.392,2.670164733722743,1.134320055418462,0.24213681595695993,4.072514544411545,1.4117298078380076,0.16713911278948287,-0.1933299836391984,0.16835918760349525,-0.17276558093981675,1.4295248029594982,-0.04684040451696925,-0.07047519704050176,0,0,FOLLOWING,1.4315428364012184,0.28854012944516366,0
7.424,2.6753603965459245,1.1355898047249628,0.2365579452912864,4.07940326151076,1.404926291333133,0.165966301814445,-0.19507558239155173,0.16714209071526837,-0.17434016042540343,1.4296427909366367,-0.04703107989917199,-0.07035720906336329,0,0,FOLLOWING,1.431645374937524,0.2894598736859678,0
7.456,2.6805265880179805,1.1368217142806392,0.2309288377079044,4.086240209041341,1.3980099858522848,0.16483812118280486,-0.1968157119834509,0.16596931622556005,-0.17591007642597672,1.4297727433187384,-0.04721906223736716,-0.07022725668126162,0,0,FOLLOWING,1.4317597389967276,0.2904201323216126,0
7.488,2.685664499202968,1.138016221221897,0.22524965106667877,4.093025249783246,1.3909814466438177,0.16375486898207997,-0.1985500695569838,0.1648411745563715,-0.1774750594878416,1.4299145735136227,-0.04740429425131637,-0.07008542648637728,0,0,FOLLOWING,1.4318858477914993,0.2914198978083637,0
7.5200000000000005,2.6907753333764677,1.1391737480406146,0.2195205519649427,4.099758247558222,1.3838412379663303,0.16271683090725417,-0.20027834795412847,0.16375796410341315,-0.17903483656279862,1.4300681917596307,-0.047586718633153446,-0.06993180824036926,0,0,FOLLOWING,1.4320236174608252,0.292458147587374,0
7.5520000000000005,2.6958603056074972,1.1402947018727319,0.21374171586188104,4.106439067232536,1.3765899330433646,0.16172427987786592,-0.20200023545925386,0.16271997085275916,-0.1805891307154324,1.4302335050688788,-0.04776627801817723,-0.06976649493112119,0,0,FOLLOWING,1.4321729610121539,0.2935338459199506,0
7.5840000000000005,2.7009206423138807,1.1413794737916063,0.20791332721024658,4.113067574719688,1.3692281140173874,0.16077747565911657,-0.20371541560350312,0.16172746800119675,-0.18213766089398126,1.430410417172592,-0.04794291496720893,-0.06958958282740801,0,0,FOLLOWING,1.432333788265506,0.2946459456784887,0
7.6160000000000005,2.705957580790932,1.1424284381072343,0.20203557959362278,4.119643636983105,1.361756371903055,0.15987666448663107,-0.2054235670234886,0.16078071557993615,-0.18368014175698788,1.430598828468458,-0.048116571958990585,-0.0694011715315419,0,0,FOLLOWING,1.4325060057995123,0.2957933900877467,0
7.648000000000001,2.7109723687133167,1.143441951672451,0.19610867586767658,4.126167122038808,1.3541753065397664,0.15902207869464915,-0.20712436336782136,0.1598799600814046,-0.18521628354861133,1.430798635970007,-0.04828719139133286,-0.0692013640299931,0,0,FOLLOWING,1.43268951689936,0.2969751144118032,0
7.68,2.7159662636099835,1.1444203531972361,0.19013282830401854,4.132637898958061,1.3464855265435063,0.1582139363475591,-0.2088174732459429,0.15902543408901473,-0.18674579201713365,1.4310097332580423,-0.04845471558989056,-0.06899026674195774,0,0,FOLLOWING,1.4328842215066853,0.29819004758268675,0
7.712,2.7209405333464716,1.145364015300992,0.18410844640064103,4.13905583787,1.3386876492579864,0.15745244002826383,-0.21050260802189175,0.15821768829811422,-0.18826250371545153,1.43123200228691,-0.04861931089501981,-0.06876799771308995,0,0,FOLLOWING,1.433090007916222,0.2994371137672974,0
7.744,2.7258964523813307,1.1462731820323224,0.1780355543535342,4.145420809964239,1.3307823007050845,0.15673777986314086,-0.2121794127808174,0.15745622984032268,-0.18977845957195624,1.431465338960245,-0.04878067334027492,-0.06853466103975503,0,0,FOLLOWING,1.4333067786812028,0.3007152338698519,0
7.776,2.730835304072751,1.1471481333366471,0.1719143960930291,4.151732687493458,1.322770115534584,0.1560701288321231,-0.21384753057113695,0.15674160176983534,-0.19128679277046276,1.4317096265803844,-0.04893874748417647,-0.06829037341961564,0,0,FOLLOWING,1.433534423722561,0.30202332696768025,0
7.808,2.73575837962576,1.1479891295189397,0.16574522527687768,4.15799134377596,1.314651736973227,0.15544964421924254,-0.21550660204413807,0.15607399429344931,-0.19278719930900753,1.4319647443421664,-0.04909347839581471,-0.06803525565783364,0,0,FOLLOWING,1.433772828933374,0.30336031167874505,0
7.84,2.7406669771032255,1.1487964093496121,0.15952830533964393,4.164196653198219,1.3064278167730734,0.154876467263625,-0.21715626500549234,0.15545356497055798,-0.19427937365777836,1.4322305677960574,-0.04924481075461548,-0.0677694322039426,0,0,FOLLOWING,1.4340218766423782,0.3047251074597933,0
7.872,2.7455624006954436,1.1495701894358235,0.1532639096918857,4.1703484912174025,1.298099015159178,0.15435072281207232,-0.21879615409996717,0.15488045400048958,-0.1957630040626253,1.4325069688541159,-0.049392688942018106,-0.06749303114588412,0,0,FOLLOWING,1.4342814456177158,0.3061166358345389,0
7.904,2.7504459600041717,1.1503106636526286,0.1469523219048996,4.176446734363868,1.2896660007765874,0.15387251897706,-0.22042590061089942,0.15435478532901822,-0.19723777299571774,1.4327938157527709,-0.049537057151666765,-0.06720618424722913,0,0,FOLLOWING,1.4345514110273156,0.3075338215517115,0
7.936,2.7553189693042994,1.1510180025882935,0.14059383588253235,4.182491260243639,1.2811294506366604,0.15344194680036302,-0.22204513235335344,0.15387666639088093,-0.1987033575597308,1.4330909730154207,-0.049677859490966376,-0.06690902698457935,0,0,FOLLOWING,1.4348316443989673,0.3089755936732391,0
7.968,2.760182746779411,1.1516923530040184,0.13418875602109126,4.188481947540868,1.2724900500627143,0.15305907992275555,-0.2236534736438314,0.15344618773601404,-0.20015942985977322,1.43339830141887,-0.04981504007490026,-0.06660169858112996,0,0,FOLLOWING,1.4351220135841225,0.3104408865932044,0
8.0,2.765038613731246,1.1523338373101923,0.12773739735813477,4.194418676020266,1.2637484926350109,0.15272397426028034,-0.22525054533283836,0.15306342265945713,-0.2016056573508953,1.4337156579637789,-0.049948543113704835,-0.06628434203622113,0,0,FOLLOWING,1.435422382725606,0.31192864098853573,0
8.032,2.7698878937634595,1.1529425530612336,0.12124008571071905,4.200301326529515,1.2549054801350719,0.1524366676876051,-0.2268359648893508,0.15272842684517549,-0.20304170316761883,1.4340428958490175,-0.05007831299572714,-0.06595710415098255,0,0,FOLLOWING,1.4357326122291068,0.31343780470271226,0
8.064,2.7747319119401874,1.1535185724709207,0.11469715780351256,4.206129781001665,1.24596172248934,0.15219717972900354,-0.22840934652842837,0.15244123802359943,-0.20446722644055862,1.4343798644498138,-0.050204294366500285,-0.0656201355501862,0,0,FOLLOWING,1.4360525587383475,0.3149673335640164,0
8.096,2.779571993919976,1.154061941950004,0.10810896138707686,4.211903922457499,1.2369179377121853,0.15200551125750636,-0.22997030137496285,0.15220187564218846,-0.20588188260375206,1.434726409299614,-0.05032643220488734,-0.06527359070038607,0,0,FOLLOWING,1.4363820751138496,0.31651619214008386,0
8.128,2.784409465065676,1.1545726816677702,0.10147585534649357,4.217623635007882,1.2277748518482627,0.15186164420279097,-0.23151843765793356,0.15201034054836185,-0.20728532369635208,1.4350823720756456,-0.050444671896941656,-0.0649176279243544,0,0,FOLLOWING,1.4367210104152932,0.318083354430704,0
8.16,2.7892456495309843,1.155050785139162,0.09479820980044312,4.223288803856087,1.218533198914224,0.1517655412683842,-0.23305336093065668,0.15186661468450618,-0.20867719866099682,1.4354475905881752,-0.050558959308010284,-0.06455240941182483,0,0,FOLLOWING,1.4370692098874396,0.31966780450098126,0
8.192,2.7940818693243528,1.1554962188389735,0.08807640619077985,4.228899315300099,1.2091937208397887,0.15171714565876768,-0.2345746743133816,0.15177066079494803,-0.21005715364083094,1.4358218987734834,-0.050669240853488264,-0.06417810122651657,0,0,FOLLOWING,1.4374265149496628,0.32126853705709285,0
8.224,2.798919443351065,1.1559089218445837,0.08131083736258454,4.234455056734899,1.199757167408184,0.15171638081698086,-0.23608197875528383,0.15172242214486345,-0.2114248322770722,1.4362051266905806,-0.050775463568529744,-0.06379487330941935,0,0,FOLLOWING,1.4377927631891085,0.32288455796697346,0
8.256,2.8037596864343275,1.1562888055086318,0.07450190763465063,4.239955916654719,1.1902242961959497,0.15176315017332662,-0.23757487331345456,0.1517218222513288,-0.21277987600798462,1.4365971005217344,-0.05087757517696674,-0.0634028994782656,0,0,FOLLOWING,1.4381677883575466,0.32451488472834705,0
8.288,2.8086039083163,1.1566357531629874,0.06765003286031325,4.245401784655286,1.1805958725121193,0.15185733690578715,-0.23905295544691832,0.1517687646267708,-0.21412192437065408,1.4369976425768567,-0.05097552415960408,-0.06300235742314331,0,0,FOLLOWING,1.4385514203719745,0.326158546886563,0
8.32,2.813453412640053,1.156949619855324,0.06075564047851969,4.250792551436032,1.1708726693367801,0.15199880371276145,-0.24051582132404745,0.1518631325351174,-0.2154506153059627,1.437406571301811,-0.05106925982202435,-0.06259342869818907,0,0,FOLLOWING,1.4389434853190244,0.3278145864047288,0
8.352,2.818309495913491,1.1572302321195482,0.053819169555012855,4.256128108802294,1.1610554672590188,0.15218739259873626,-0.2419630661420092,0.15200478876107681,-0.2167655854675598,1.4378237012907227,-0.05115873236198592,-0.06217629870927732,0,0,FOLLOWING,1.4393438054632723,0.32948205798863744,0
8.384,2.823173446456371,1.1574773877813023,0.04684107081349155,4.261408349667479,1.1511450544142512,0.1524229246735009,-0.24339428445709063,0.1521935753929808,-0.21806647053509562,1.4382488433023461,-0.05124389293647366,-0.06175115669765385,0,0,FOLLOWING,1.439752199259495,0.3311600293689858,0
8.416,2.8280465433315896,1.1576908557996939,0.03982180665660528,4.266633168055219,1.1411422264209556,0.15270519996551346,-0.24480907052490058,0.15242931361966358,-0.21935290553189943,1.4386818042805853,-0.05132469372841911,-0.06131819571941466,0,0,FOLLOWING,1.4401684813689768,0.3328475815433482,0
8.448,2.8329300552619894,1.157870376146378,0.032761851176626194,4.271802459101496,1.1310477863167951,0.15303399725001923,-0.2462070186495748,0.15271180354189715,-0.22062452514757755,1.4391223873792127,-0.051401088013103044,-0.06087761262078728,0,0,FOLLOWING,1.4405924626799174,0.33454380898034464,0
8.48,2.8378252395339936,1.1580156597230469,0.025661690155655455,4.276916119056741,1.1208625444941505,0.153409073892516,-0.24758772354119904,0.15304082399888136,-0.22188096406507418,1.4395703919908769,-0.05147303022421934,-0.060429608009123115,0,0,FOLLOWING,1.441023950332033,0.33624781978838275,0
8.512,2.842733340889447,1.1581263883183386,0.01852182105520761,4.281974045287927,1.1105873186350614,0.1538301657081496,-0.24895078068073784,0.15341613241034568,-0.2231218572926137,1.4400256137804581,-0.051540476019566524,-0.059974386219541875,0,0,FOLLOWING,1.4414627477454094,0.3379587358513031,0
8.544,2.847655590407094,1.1582022146051218,0.01134275299502723,4.286976136280621,1.1002229336455822,0.1542969868376147,-0.2502957866918006,0.15383746463476378,-0.22434684050020845,1.44048784472284,-0.05160338234632612,-0.05951215527716003,0,0,FOLLOWING,1.4419086546536886,0.3396756929331924,0
8.576,2.8525932043752027,1.1582427621790485,0.004125006720996856,4.291922291641024,1.0897702215895548,0.1548092296401173,-0.25162233971861936,0.1543045348442748,-0.2255555503605616,1.4409568731451479,-0.051661707505870465,-0.059043126854852135,0,0,FOLLOWING,1.4423614671416318,0.3413978407545498,0
8.608,2.8575473831388676,1.1582476291921882,-0.003130880935374166,4.296812412097984,1.079230021621814,0.1553665646965556,-0.2529300412601968,0.1548170345200456,-0.22674748417710522,1.4414324839862713,-0.05171541818115892,-0.05856751601372867,0,0,FOLLOWING,1.4428209778930887,0.34312434304191713,0
8.64,2.8625193101022437,1.158216371202719,-0.010424393812755802,4.301646399504994,1.0686031799208164,0.15596864051871476,-0.2542184874845363,0.15537463997243067,-0.22792328787865337,1.441914457762512,-0.051764440838553596,-0.058085542237487964,0,0,FOLLOWING,1.4432869751849038,0.34485437755300646,0
8.672,2.8675101506112175,1.1581485261025848,-0.01775504766384782,4.306424156842154,1.0578905496207092,0.15661508396127424,-0.2554872630700809,0.15597700520122212,-0.22908395880754337,1.4424025718140565,-0.05180866777936878,-0.05759742818594349,0,0,FOLLOWING,1.4437592440808693,0.3465871360792626,0
8.704,2.8725210506696626,1.1580436416599438,-0.025122395493694397,4.311145588218124,1.0470929907428392,0.15730550174450766,-0.25673593869041317,0.1566237264260564,-0.2302306611212631,1.4428966030091877,-0.05184797079353208,-0.05710339699081235,0,0,FOLLOWING,1.4442375690798825,0.3483218244277257,0
8.736,2.8775531354293657,1.1579013294043297,-0.03252577833156741,4.315810598872045,1.0362113701267102,0.1580394820995526,-0.257964130187325,0.15731427688645674,-0.23135677049908357,1.443396334115325,-0.05188248741333109,-0.056603665884674914,0,0,FOLLOWING,1.4447217403832102,0.3500576623839548,0
8.768,2.8826075082040057,1.1577206623446556,-0.039964604559322346,4.320419095175445,1.0252465613603918,0.15881657669966276,-0.259171406603897,0.15804877935185482,-0.23246439176992909,1.4439015018556205,-0.051911925839894145,-0.056098498144379505,0,0,FOLLOWING,1.4452115030764088,0.35179388365769576,0
8.8,2.887685250166019,1.157501274677118,-0.04743830689179291,4.324970984634113,1.0141994447103855,0.15963632328159164,-0.26035737033890216,0.15882620607593692,-0.2335542852033695,1.444411886193583,-0.05193636737644589,-0.05558811380641693,0,0,FOLLOWING,1.445706644340289,0.35352973581288893,0
8.832,2.8927874178342803,1.157242567021921,-0.054946276148981114,4.329466175889962,1.003070907050958,0.1604982386302052,-0.26152163151517344,0.15964628114431575,-0.23462514166457274,1.444927248890621,-0.05195578344507929,-0.055072751109378926,0,0,FOLLOWING,1.4462069335025525,0.3552644801835129,0
8.864,2.8979150428080866,1.1569439088665183,-0.06248788983441868,4.333904578722855,0.9918618417929418,0.16140181753942592,-0.2626638077993317,0.1605085315675981,-0.23567654497251808,1.4454473480988494,-0.05197014684962015,-0.05455265190115055,0,0,FOLLOWING,1.44671213624367,0.356997391776688,0
8.896,2.9030691305137033,1.1566046433759414,-0.07006251289479709,4.338286104052421,0.9805731488120095,0.1623465328938075,-0.26378352476631856,0.16141245315330893,-0.23670810271243753,1.445971938943508,-0.0519794341975387,-0.05402806105649205,0,0,FOLLOWING,1.4472220151659738,0.358727759164374,0
8.928,2.9082506590697474,1.1562240880611996,-0.07766949833549303,4.3426106639398405,0.9692057343764328,0.16333183580013608,-0.2648804161904352,0.16235751889378638,-0.2377194417060233,1.4465007736554774,-0.05198362558989514,-0.053499226344522643,0,0,FOLLOWING,1.447736329920695,0.3604548843649099,0
8.96,2.91346057818428,1.155801535349186,-0.08530818775830304,4.346878171589612,0.9577605110743255,0.16435715573842927,-0.265954124276215,0.16334317987356983,-0.23871020557939132,1.4470336016761218,-0.051982704300474,-0.05296639832387817,0,0,FOLLOWING,1.4482548373075794,0.362178082715573,0
8.992,2.918699808069466,1.1553362531958324,-0.09297791183825746,4.351088541351294,0.9462383977403784,0.16542190073197904,-0.26700429985453217,0.1643688655010034,-0.2396800528592309,1.4475701697633832,-0.05197665652405978,-0.05242983023661685,0,0,FOLLOWING,1.448777291375756,0.3638966827372485,0
9.024000000000001,2.9239692383738127,1.1548274857468792,-0.1006779907527041,4.355241688721223,0.9346403193820975,0.1665254575371495,-0.26803060256230854,0.16543398369033854,-0.24062865548122825,1.4481102221016295,-0.05196547118357329,-0.05188977789837046,0,0,FOLLOWING,1.449303443528357,0.3656100259922302,0
9.056000000000001,2.9292697271337573,1.1542744540456817,-0.10840773457347233,4.359337530344207,0.922967207105541,0.16766719185354845,-0.26903270101833726,0.16653792105623702,-0.24155569763632387,1.448653500415537,-0.05194913978493895,-0.05134649958446302,0,0,FOLLOWING,1.449833042631184,0.367317466936106,0
9.088000000000001,2.934602099746557,1.1536763567872816,-0.11616644363096887,4.363375984015206,0.9112199980405699,0.1688464485550624,-0.27001027300339153,0.16768004312735754,-0.24246087489357196,1.4491997440880382,-0.05192765631042773,-0.0508002559119618,0,0,FOLLOWING,1.450365835125445,0.36901837276460764,0
9.120000000000001,2.9399671479664637,1.1530323711179291,-0.12395340885746116,4.367356968680975,0.8993996352656141,0.17006255194213105,-0.2709630056495551,0.16885969458020922,-0.24334389354976202,1.4497486902823309,-0.051901017142851905,-0.05025130971766911,0,0,FOLLOWING,1.450901565144584,0.37071212325624053,0
9.152000000000001,2.9453656289261607,1.1523416534791842,-0.13176791211546604,4.371280404441691,0.8875070677319619,0.1713148060155342,-0.2718905956413671,0.17007619949379674,-0.2442044701639673,1.450300074067918,-0.051869221014336164,-0.049699925932082056,0,0,FOLLOWING,1.451439974635176,0.37239811061144823,0
9.184000000000001,2.9507982641854347,1.1516033404956771,-0.13960922651607696,4.375146212552562,0.8755432501875741,0.1726024947718731,-0.272792749429695,0.1713288616254403,-0.24504233124313238,1.4508536285506417,-0.051832268974498906,-0.049146371449358295,0,0,FOLLOWING,1.4519808034818404,0.3740757392890136,0
9.216000000000001,2.9562657388090328,1.1508165499055136,-0.1474766167311434,4.378954315425403,0.8635091431004404,0.1739248825208432,-0.2736691834580582,0.1726169647079827,-0.2458572130499765,1.4514090850066257,-0.05179016437377701,-0.04859091499337431,0,0,FOLLOWING,1.4525237896361307,0.375744425840327,0
9.248,2.961768700475641,1.1499803815322491,-0.15536933930247807,4.382704636630194,0.8514057125814688,0.1752812142243178,-0.2745196244003304,0.17393977276861122,-0.24664886151010734,1.4519661730200484,-0.05174291285839888,-0.04803382697995162,0,0,FOLLOWING,1.453068669249296,0.37740359874211743,0
9.28,2.9673077586198815,1.1490939182972655,-0.16328664295063566,4.386397100896613,0.8392339303069267,0.17667071585719055,-0.27534380940822145,0.17529653046926957,-0.24741703219867534,1.452524620624649,-0.051690522374111036,-0.04747537937535107,0,0,FOLLOWING,1.453615176808845,0.3790526982281803,0
9.312,2.972883483609204,1.148156227271297,-0.1712277688852916,4.390031634115552,0.8269947734404317,0.17809259478985795,-0.27614148636661856,0.17668646346874722,-0.24816149039036559,1.4530841544488455,-0.05163300317629277,-0.04691584555115447,0,0,FOLLOWING,1.4541630452787904,0.38069117612060155,0
9.344,2.9784964059574843,1.147166360763761,-0.17919195111882627,4.393608163340593,0.8146892245545072,0.179546040192158,-0.2769124141547088,0.17810877880628226,-0.24888201115959865,1.4536444998643296,-0.051570367844495285,-0.04635550013567036,0,0,FOLLOWING,1.454712006243458,0.38231849566091297,0
9.376,2.9841470155771184,1.1461233574484633,-0.1871784167843548,4.397126616789486,0.8023182715516959,0.1810302234585206,-0.2776563629107358,0.17956266530657936,-0.2495783795194693,1.4542053811380102,-0.051502631299815554,-0.045794618861989767,0,0,FOLLOWING,1.45526179005472,0.3839341313415995,0
9.408,2.9898357610713258,1.1450262435241567,-0.19518638645914815,4.400586923845583,0.7898829075852549,0.18254429865402752,-0.2783731142982665,0.18104729400597205,-0.2502503905902468,1.4547665215871342,-0.05142981082377976,-0.045233478412865846,0,0,FOLLOWING,1.4558121259825068,0.3855375687383157,0
9.44,2.995563049068323,1.1438740339083389,-0.20321507449414972,4.403989015059251,0.7773841309794212,0.18408740298102358,-0.27906246177190996,0.18256181859946885,-0.2508978497898697,1.4553276437374252,-0.05135192607766619,-0.04467235626257482,0,0,FOLLOWING,1.4563627423684455,0.38712830434315165,0
9.472,3.001329243598967,1.1426657334625947,-0.21126368935007275,4.407332822149273,0.7648229451492653,0.1856586572658675,-0.2797242108405262,0.18410537590837242,-0.2515205730396169,1.455888469484067,-0.051268999121386855,-0.04411153051593297,0,0,FOLLOWING,1.4569133667824363,0.3887058453992452,0
9.504,3.007134664446187,1.141400391037841,-0.21933162086574426,4.4106182780042165,0.7522003585201373,0.18725717129299901,-0.28035814443124385,0.18567669579135965,-0.25212422858076644,1.45644873539637,-0.05118090223664462,-0.04355126460363001,0,0,FOLLOWING,1.457463741240695,0.3902697097370082,0
9.536,3.0129795895026557,1.1400769365969143,-0.22741786005196715,4.413845316683777,0.7395173844467092,0.18888203224662978,-0.2809641027693264,0.18727568174254597,-0.2526963526554177,1.457008146994884,-0.05108783022858346,-0.0429918530051161,0,0,FOLLOWING,1.4580135767365368,0.39181942561220623,0
9.568,3.0188642522115297,1.138694352322321,-0.2355216026158189,4.417013873420107,0.726775041131619,0.19053231417569638,-0.2815419365105028,0.18890103286553495,-0.25324334218504624,1.4575664246330284,-0.0509898096339349,-0.042433575366971565,0,0,FOLLOWING,1.4585625988491515,0.39335453154610756,0
9.6,3.0247888409726675,1.1372516166881084,-0.24364203944043733,4.420123884619112,0.7139743515437325,0.19220707707339496,-0.2820915076015492,0.1905518024266891,-0.2537650464362633,1.4581232894429499,-0.050886870490227935,-0.04187671055705011,0,0,FOLLOWING,1.4591105337773025,0.394874576167882,0
9.632,3.0307534991159146,1.135747704493579,-0.2517783568728252,4.423175287861726,0.7011163433360159,0.19390536742655076,-0.2826126898941207,0.1922270491259296,-0.2542613236476275,1.4586784628134335,-0.05077904561421542,-0.041321537186566504,0,0,FOLLOWING,1.4596571078154361,0.39637911805942116,0
9.664,3.0367583246213976,1.1341815882236614,-0.2599297371805339,4.42616802190517,0.6882020487630349,0.1956262187766808,-0.2831053696614014,0.1939258198404677,-0.25473204632879043,1.4592316665025111,-0.05066637052965661,-0.04076833349748887,0,0,FOLLOWING,1.46020204746267,0.3978677256027229,0
9.696,3.042803369846362,1.1325522394720826,-0.268095359000321,4.429102026684173,0.6752325045980846,0.19736865230405592,-0.2835694460379693,0.1956471485008925,-0.2551771010104272,1.459782622809144,-0.050548883427891655,-0.04021737719085605,0,0,FOLLOWING,1.460745079590985,0.3993399768299609,0
9.728,3.0488886412998117,1.1308586303756085,-0.27627439778094964,4.431977243312185,0.6622087520499559,0.1991316774331809,-0.2840048313952733,0.19739005654020642,-0.25559638806121127,1.4603310547513504,-0.050426625133092484,-0.03966894524864961,0,0,FOLLOWING,1.4612859316200202,0.4007954592763476,0
9.76,3.055014099470317,1.1290997350558953,-0.28446602622204414,4.434793614082555,0.649131836679347,0.20091429245757325,-0.28441145166247966,0.1991535535108572,-0.25598982156457084,1.4608766862454825,-0.05029963906995922,-0.0391233137545175,0,0,FOLLOWING,1.4618243316931951,0.40223376983588177,0
9.792,3.061179658708168,1.1272745310675247,-0.2926694147104534,4.437551082469689,0.6360028083149223,0.2027154851819119,-0.2847892466003708,0.2009366377312565,-0.25635732924078725,1.4614192422859449,-0.050167971232698116,-0.038580757714055114,0,0,FOLLOWING,1.4623600088544513,0.40365451462005547,0
9.824,3.067385187162513,1.1253820008506812,-0.30088373175516814,4.440249593130186,0.6228227209690343,0.20453423357982076,-0.2851381700343578,0.20273829694720288,-0.2566988524018339,1.461958449125054,-0.050031670154377934,-0.038041550874946095,0,0,FOLLOWING,1.4628926932253257,0.40505730881957674,0
9.856,3.073630506773956,1.1234211331867414,-0.3091081444215505,4.4428890919039485,0.6095926327531044,0.2063695064657042,-0.2854581900513633,0.20455750900581376,-0.25701434592982936,1.462494034452814,-0.049890786875940674,-0.037505965547186104,0,0,FOLLOWING,1.4634221161821153,0.40644177656916325,0
9.888,3.0799153933229535,1.121390924654879,-0.317341818765361,4.44546952581527,0.5963136057926768,0.20822026417916964,-0.28574928916432446,0.20639324254084374,-0.2573037782707991,1.463025727576368,-0.04974537491429942,-0.03697427242363194,0,0,FOLLOWING,1.4639480105329015,0.4078075508154414,0
9.92,3.086239576534215,1.1192903810876575,-0.3255839202668825,4.447990843073894,0.5829867061421504,0.21008545928066052,-0.286011464447262,0.20824445766833366,-0.2575671314375988,1.4635532595988696,-0.04959549022907889,-0.036446740401130384,0,0,FOLLOWING,1.4644701106942022,0.4091542731879759,0
9.952,3.0926027402372083,1.1171185190234862,-0.3338336142652645,4.45045299307606,0.5696130036991951,0.21196403725699015,-0.28624472764323655,0.21011010669164545,-0.2578044010168934,1.4640763635975589,-0.04944119118765528,-0.03592363640244112,0,0,FOLLOWING,1.4649881528669975,0.4104815938734501,0
9.984,3.099004522582722,1.1148743671537342,-0.34209006639308775,4.452855926405517,0.5561935721188566,0.213854937235521,-0.2864491052470313,0.21198913481484402,-0.25801559617599834,1.4645947748007833,-0.04928253852823916,-0.03540522519921674,0,0,FOLLOWING,1.4655018752119116,0.41178917149300753,0
10.016,3.1054445163153193,1.1125569677622467,-0.3503524430110379,4.455199594834511,0.5427294887273665,0.21575709270576696,-0.28662463856401893,0.2138804808634468,-0.2582007396662734,1.4651082307637193,-0.04911959532081045,-0.03489176923628068,0,0,FOLLOWING,1.4660110180232868,0.4130766729827472,0
10.048,3.111922269101401,1.1101653781549643,-0.35861991164249324,4.4574839513247575,0.5292218344356504,0.21766943224723165,-0.28677138374638483,0.21578307801157198,-0.2583598678204886,1.4656164715425735,-0.04895242692577234,-0.03438352845742654,0,0,FOLLOWING,1.4665153239019264,0.4143437734773811,0
10.08,3.1184372843733104,1.107698721583816,-0.36689172981171725,4.459708950028386,0.5156716936525523,0.21959088453694747,-0.2868893975008076,0.2176953124786654,-0.25849579319735905,1.4661192594363754,-0.048781043564805615,-0.033880740563624556,0,0,FOLLOWING,1.467014557432129,0.41559015619703055,0
10.112,3.1249890208898177,1.1051561498260432,-0.37516718135598004,4.461874546288856,0.5020801541977769,0.22152037897586,-0.2869787351500743,0.21961593821202832,-0.25860933811072556,1.4666163658313947,-0.048605439422205805,-0.03338363416860535,0,0,FOLLOWING,1.4675084920786248,0.4168155123371504,0
10.144,3.131576892770484,1.1025367651582811,-0.38344543220144056,4.463980696641858,0.4884483072145586,0.2234568396788938,-0.2870394727410804,0.22154461146475649,-0.25869681779984494,1.467107538918196,-0.048425687802324306,-0.03289246108180399,0,0,FOLLOWING,1.467996878002751,0.4180195409615575,0
10.176,3.1382002716479858,1.0998396903438674,-0.3917256526400666,4.466027358816182,0.4747772470820614,0.22539918726379668,-0.287071705668133,0.22348027859021294,-0.2587583686646107,1.4675925290740595,-0.048241862831580495,-0.03240747092594054,0,0,FOLLOWING,1.4684794673533357,0.41920194889854123,0
10.208,3.144858486707198,1.0970640714663986,-0.40000701772410197,4.468014491734568,0.4610680713275246,0.22734633993605813,-0.28707554764644344,0.22542185021683148,-0.2587941394651802,1.4680710901835226,-0.048054040211801985,-0.031928909816477447,0,0,FOLLOWING,1.4689560155852701,0.42036245064001715,0
10.24,3.1515508252145255,1.0942090790340178,-0.40828870738668926,4.469942055514531,0.44732188053814914,0.22929721451237176,-0.28705112987217263,0.22736823368003764,-0.2588042827325751,1.4685429798646672,-0.047862297292001914,-0.0314570201353328,0,0,FOLLOWING,1.4694262816859778,0.42150076824370236,0
10.272,3.1582765331788876,1.0912739090334171,-0.41656990661150783,4.4718100114691595,0.43353977827274265,0.23125072737887578,-0.28699860032523383,0.22931833666939572,-0.2587889562992209,1.4690079595961487,-0.04766671309523912,-0.030992040403851284,0,0,FOLLOWING,1.469890028302784,0.42261663123826915,0
10.304,3.1650348160766875,1.0882577839999055,-0.4248498056458265,4.473618322107892,0.419722870973124,0.23320579539587513,-0.28691812318257043,0.231271068135637,-0.25874832465569103,1.46946579483588,-0.04746736833015753,-0.030534205164119976,0,0,FOLLOWING,1.4703470218620536,0.42370977653144243,0
10.336,3.171824839630529,1.0851599540967305,-0.43312760024792823,4.475366951137272,0.40587226787529807,0.23516133675912002,-0.2868098783160841,0.2332253389350531,-0.2586825600248849,1.469916255139566,-0.047264345390095,-0.03008374486043408,0,0,FOLLOWING,1.4707970326883077,0.4247799483209994,0
10.368,3.1786457306383324,1.081979698194262,-0.44140249196135356,4.477055863461675,0.3919890809204019,0.23711627182544776,-0.28667406085462066,0.23518006245371065,-0.2585918432000964,1.4703591142793286,-0.04705772834152244,-0.02964088572067136,0,0,FOLLOWING,1.4712398351235683,0.42582689800863205,0
10.4,3.1854965778503637,1.0787163249408906,-0.4496736884097671,4.47868502518401,0.37807442466544167,0.2390695239087286,-0.2865108807936401,0.2371341552346435,-0.258476364189574,1.4707941503619055,-0.04684760290326756,-0.029205849638094472,0,0,FOLLOWING,1.4716752076464255,0.4268503841166246,0
10.432,3.192376432891883,1.0753691738187712,-0.45794040360737603,4.480254403606406,0.36412941619381134,0.2410200200505747,-0.2863205626396066,0.23908653760940157,-0.2583363227024781,1.4712211459458324,-0.04663405641776269,-0.02877885405416758,0,0,FOLLOWING,1.4721029329902406,0.4278501722073092,0
10.464,3.1992843112291856,1.0719376161786038,-0.4662018582807229,4.481763967230862,0.3501551750256134,0.24296669176910307,-0.28610334507883267,0.24103613433266202,-0.2581719285043667,1.471639888157068,-0.0464171778153365,-0.028360111842931968,0,0,FOLLOWING,1.4725227982599451,0.4288260348052485,0
10.496,3.206219193176875,1.0684210562485281,-0.47445728019839717,4.483213685759883,0.33615282302778204,0.2449084757881341,-0.2858594806627281,0.24298187521846906,-0.2579834016646501,1.4720501688025334,-0.04619705757244852,-0.027949831197466635,0,0,FOLLOWING,1.47293459504692,0.42977775132210494,0
10.528,3.213180024944208,1.0648189321129293,-0.48270590450580364,4.484603530097086,0.3221234843240189,0.24684431474848748,-0.28558923550313514,0.24492269577626624,-0.2577709727146143,1.4724517844811085,-0.045973787664608586,-0.027548215518891528,0,0,FOLLOWING,1.473338119541487,0.4307051079841476,0
10.56,3.220165719718383,1.0611307166575645,-0.49094697406259297,4.485933472347789,0.30806828520454765,0.2487731579024884,-0.2852928889728554,0.24685753784511577,-0.2575348827306381,1.472844536691645,-0.045747461514645205,-0.027155463308355055,0,0,FOLLOWING,1.47373317264257,0.43160789776235275,0
10.592,3.2271751587826123,1.0573559184779273,-0.49917973978075797,4.48720348581956,0.29398835403569157,0.2506939617923663,-0.28497073340759804,0.2487853502242414,-0.25727538335495237,1.4732282319376042,-0.04551817393688946,-0.026771768062395784,0,0,FOLLOWING,1.474119560064152,0.43248592030505384,0
10.624,3.234207192666845,1.0534940827482,-0.5074034609617027,4.488413545022765,0.2798848211692913,0.252605690912903,-0.2846230738064913,0.250705089298385,-0.2569927367635448,1.473602681827977,-0.045286021077771466,-0.026397318172022954,0,0,FOLLOWING,1.4744970924381529,0.43333898187309117,0
10.656,3.2412606423289465,1.0495447920485117,-0.5156174056308613,4.489563625671073,0.2657588188519561,0.2545073183584399,-0.2842502275290168,0.25261571965626417,-0.25668721558961105,1.4739677031741654,-0.045051100353277196,-0.026032296825834633,0,0,FOLLOWING,1.4748655854134318,0.4341668952774207,0
10.688,3.2483343003641605,1.045507667148544,-0.5238208508686484,4.490653704681942,0.25161148113416654,0.2563978264541706,-0.2838525239868226,0.25451621470070596,-0.256359102808857,1.4743231180825533,-0.04481351038365544,-0.02567688191744666,0,0,FOLLOWING,1.475224859750621,0.4349694798191373,0
10.72,3.2554269322406455,1.0413823677457992,-0.5320130831367023,4.491683760177089,0.23744394377923206,0.258276207371511,-0.28343030432932925,0.25640555724903324,-0.2560086915924159,1.4746687540425227,-0.04457335092572645,-0.025331245957477266,0,0,FOLLOWING,1.4755747414125453,0.4357465612318659,0
10.752,3.2625372775588617,1.037168593157101,-0.5401933985985211,4.492653771482921,0.22325734417211082,0.2601414637272466,-0.2829839211224169,0.2582827401224183,-0.25563628513161196,1.4750044440096872,-0.044330722803123446,-0.02499555599031278,0,0,FOLLOWING,1.4759150616500067,0.4364979716264787,0
10.784,3.269664051332566,1.0328660829621128,-0.5483611034337268,4.4935637191309565,0.209052821228097,0.2619926091660918,-0.282513738019784,0.2601467667229794,-0.25524219643877527,1.4753300264841929,-0.04408572783473763,-0.02466997351580713,0,0,FOLLOWING,1.4762456570827573,0.43722354943810066,0
10.816,3.2768059452891762,1.028474617597861,-0.5565155141452715,4.494413584858213,0.1948315153013913,0.2638286689262581,-0.2820201294268086,0.2619966515975732,-0.2548267481267873,1.4756453455838785,-0.04383846876165731,-0.0243546544161215,0,0,FOLLOWING,1.4765663697754696,0.43792313937535304,0
10.848,3.283961629187247,1.023994018903436,-0.5646559578590169,4.495203351607573,0.1805945680935495,0.26564868038761197,-0.28150348015692434,0.26383142098722073,-0.25439027217055415,1.4759502511122038,-0.04358904917282491,-0.024049748887796207,0,0,FOLLOWING,1.4768770473085928,0.43859659237180326,0
10.88,3.2911297521487906,1.0194241506142072,-0.5727817726151544,4.49593300352813,0.16634312256182593,0.2674516936019939,-0.2809641850806862,0.26565011336130756,-0.25393310965214966,1.4762445986208161,-0.04333757342965705,-0.02375540137918386,0,0,FOLLOWING,1.4771775428439586,0.43924376553957784,0
10.912,3.298308944004202,1.014764918805051,-0.5808923076510312,4.496602525975502,0.15207832282741585,0.2692367718052842,-0.28040264876781007,0.26745177993569913,-0.2534556104921843,1.4765282494666627,-0.043084146589831174,-0.023471750533337277,0,0,FOLLOWING,1.4774677151850528,0.4398645221251026,0
10.944,3.305497816647526,1.0100162722822328,-0.588986923674974,4.497211905512127,0.13780131408360483,0.2710029919108119,-0.27981928512257565,0.26923548517409585,-0.252958133168478,1.476801070863581,-0.04282887433044591,-0.023198929136418966,0,0,FOLLOWING,1.4777474288318608,0.440458731466929,0
10.976,3.3126949653998397,1.005178202923728,-0.5970649931307724,4.497761129907534,0.12351324250382847,0.27274944498373305,-0.27921451701304395,0.27100030727185787,-0.25244104442409415,1.4770629359283243,-0.04257186287073733,-0.022937064071675728,0,0,FOLLOWING,1.4780165540302466,0.44102626895562086,0
11.008000000000001,3.31989897037852,1.000250745967892,-0.6051259004525036,4.4982501881385915,0.10921525514966086,0.27447523669603,-0.27858877589460807,0.27274533862182876,-0.25190471896560046,1.4773137237209737,-0.042313218894532656,-0.022686276279026307,0,0,FOLLOWING,1.47827496681581,0.44156701599565285,0
11.040000000000001,3.3271083978702114,0.9952339802505212,-0.6131690423094405,4.498679070389718,0.09490849987872418,0.27617948776181733,-0.27794250142843535,0.2744696862615987,-0.25134953915304264,1.4775533192797194,-0.042053049472618675,-0.022446680720280554,0,0,FOLLOWING,1.4785225490522012,0.44208085996930135,0
11.072000000000001,3.3343218017053147,0.9901280283904582,-0.6211938278407961,4.499047768053091,0.08059412525253837,0.27786133435267923,-0.2772761410953924,0.2761724723017511,-0.2507758946824132,1.4777816136500215,-0.041791461985176914,-0.022218386349978525,0,0,FOLLOWING,1.4787591884638829,0.44256769420248976,0
11.104000000000001,3.3415377246318645,0.984933056924016,-0.6291996788801126,4.499356273728814,0.06627328044431323,0.27951992849279744,-0.27659014980606794,0.2778528343347221,-0.25018418226192995,1.4779985039081411,-0.04152856404444638,-0.022001496091858863,0,0,FOLLOWING,1.478984778663342,0.4430274179325585,0
11.136000000000001,3.348754699686695,0.9796492763885978,-0.6371860301691097,4.499604581225064,0.05194711514669168,0.2811544384336739,-0.2758849895075279,0.2795099258239585,-0.24957480528269818,1.4782038931790777,-0.041264463417762354,-0.021796106820922256,0,0,FOLLOWING,1.4791992191727692,0.44345993627793284,0
11.168000000000001,3.355971251561832,0.9742769413559961,-0.6451523295608426,4.499792685558219,0.03761677947945193,0.2827640490082879,-0.27516112878744203,0.28114291647311984,-0.24894817348457396,1.478397690648949,-0.04099926795111519,-0.021602309351050897,0,0,FOLLOWING,1.479402415440237,0.44386516020965927,0
11.200000000000001,3.36318589796411,0.9688163504159527,-0.6530980382120524,4.4999205829529565,0.023283423897171734,0.2843479619645732,-0.27441904247623466,0.28275099257508707,-0.24830470261843302,1.4785798115718551,-0.04073308549336552,-0.02142018842814486,0,0,FOLLOWING,1.479594278850416,0.44424300652478854,0
11.232000000000001,3.3703971509660393,0.9632678461106552,-0.6610226307646015,4.499988270842327,0.008948199096872956,0.2859053962781392,-0.27365921124790404,0.2843333573406523,-0.2476448141050461,1.4787501772712917,-0.04046602382124176,-0.021249822728708345,0,0,FOLLOWING,1.4797747267298793,0.4445933978215748,0
11.264,3.3776035183460342,0.9576318148209333,-0.6689255955159141,4.499995747867812,-0.00538774407436042,0.28743558844420414,-0.2728821212201613,0.28588923120678655,-0.2469689346914676,1.4789087151361824,-0.040198190565258196,-0.021091284863817616,0,0,FOLLOWING,1.4799436823470733,0.4449162624764762,0
11.296,3.38480350491614,0.9519086866050086,-0.6768064345783673,4.499943013879344,-0.019723254711772123,0.28893779274874526,-0.2720882635545255,0.2874178521243971,-0.24627749610575328,1.479055358611608,-0.03992969313666561,-0.020944641388392027,0,0,FOLLOWING,1.4801010749070085,0.4452115346229254,0
11.328,3.391995613835484,0.946098934990724,-0.6846646640275955,4.499830069935314,-0.03405718194533158,0.29041128151891543,-0.2712781340570124,0.2889184758256216,-0.24557093471043243,1.4791900471843273,-0.03966063865555114,-0.02080995281567266,0,0,FOLLOWING,1.4802468395407686,0.4454791541318645,0
11.36,3.399178347907726,0.9402030767222602,-0.6924998140396856,4.499656918302547,-0.04838837503212558,0.2918553453528111,-0.27045223278003794,0.29039037607063156,-0.2448496911553938,1.4793127263631827,-0.039391133880203655,-0.020687273636817327,0,0,FOLLOWING,1.4803809172899265,0.4457190665940134,0
11.392,3.406350210860861,0.9342216714624164,-0.7003114290172692,4.49942356245626,-0.06271568344873965,0.29326929332871693,-0.26961106362614023,0.2918328448740697,-0.24411421003082312,1.4794233476545016,-0.03912128513784108,-0.020576652345498436,0,0,FOLLOWING,1.4805032550859687,0.44593122330385854,0
11.424,3.413509708607788,0.9281553214515952,-0.7080990677045272,4.499130007079993,-0.07703795698362553,0.29465245319398864,-0.26875513395412604,0.2932451927112205,-0.2433649395208048,1.4795218685326101,-0.03885119825681138,-0.02047813146738986,0,0,FOLLOWING,1.480613805724835,0.4461155812453519,0
11.456,3.4206553504861446,0.9220046711246977,-0.7158623032911492,4.498776258065506,-0.09135404582944061,0.2960041715337712,-0.2678849541882124,0.294626748704066,-0.24260233105800633,1.4796082524055763,-0.038580978500351804,-0.020391747594423748,0,0,FOLLOWING,1.480712527836697,0.4462721030793009,0
11.488,3.427785650475969,0.915770406687189,-0.7236007235052946,4.498362322512674,-0.10566280067535563,0.29732381391978474,-0.2670010374307268,0.2959768607874216,-0.24182683898011192,1.4796824685763228,-0.038310730501999735,-0.020317531423677204,0,0,FOLLOWING,1.4807993858510915,0.4464007571324412,0
11.52,3.4348991283938455,0.9094532556516438,-0.7313139306956312,4.497888208729334,-0.11996307279932275,0.2986107650394429,-0.2661038990789149,0.2972948958554105,-0.24103892018837478,1.4797444921992295,-0.038040558202743775,-0.020255507800770456,0,0,FOLLOWING,1.4808743499575419,0.44650151738817795,0
11.552,3.4419943110622406,0.9030539863361343,-0.7390015419025385,4.497353926231124,-0.13425371416029527,0.2998644288055997,-0.26519405644637256,0.29858023988847227,-0.24023903380905345,1.4797943042323836,-0.03777056478998575,-0.02020569576761644,0,0,FOLLOWING,1.4809373960618089,0.44657436347899143,0
11.584,3.4490697334528555,0.8965734073258598,-0.746663188918577,4.49675948574129,-0.1485335774903965,0.30108422844725186,-0.2642720283896098,0.29983229806126255,-0.2394276408579434,1.4798318913856152,-0.03750085263839231,-0.020168108614384783,0,0,FOLLOWING,1.4809885057379084,0.44661928068049855,0
11.616,3.4561239398028616,0.8900123668994564,-0.7542985183383397,4.496104899190469,-0.16280151638701945,0.302269606581551,-0.2633383349402252,0.3010504948317291,-0.2386052039085544,1.4798572460644699,-0.03723152325269896,-0.02014275393553011,0,0,FOLLOWING,1.4810276661760393,0.44663625990715955,0
11.648,3.463155484702997,0.8833717524214596,-0.7619071915978182,4.495390179716454,-0.17705638540486401,0.30342002526750705,-0.26239349694315656,0.30223427401174563,-0.23777218676445075,1.4798703663102821,-0.03696267721253488,-0.020129633689717874,0,0,FOLLOWING,1.4810548701265827,0.44662529770963244,0
11.68,3.470162934156565,0.8766524897024166,-0.769488885003435,4.494615341663926,-0.1912970401478938,0.30453496604178976,-0.2614380357014335,0.30338309881963055,-0.23692905413627616,1.4798712557365006,-0.03669441411931473,-0.02012874426349942,0,0,FOLLOWING,1.4810701158403186,0.44658639627377106,0
11.712,3.477144866608475,0.869855542328174,-0.7770432897508871,4.4937804005841695,-0.20552233736120962,0.30561392993705777,-0.2604724726278583,0.304496451915006,-0.2360762713234096,1.4798599234614334,-0.036426832545262244,-0.020140076538566642,0,0,FOLLOWING,1.4810734070050255,0.4465195634212627,0
11.744,3.4840998739435207,0.8629819109598795,-0.7845701119339915,4.492885373234757,-0.21973113502283026,0.30665643748326743,-0.25949732890399346,0.30557383541639377,-0.23521430390139175,1.479836384037582,-0.03616002998458767,-0.02016361596241789,0,0,FOLLOWING,1.4810647526786258,0.4464248126119079,0
11.776,3.491026562453209,0.8560326326062567,-0.7920690725436953,4.4919302775792165,-0.2339222924353783,0.30766202869243164,-0.2585131251468296,0.3066147709019977,-0.23434361741477447,1.4798006573777294,-0.035894102806889205,-0.020199342622270633,0,0,FOLLOWING,1.4810441672190322,0.4463021629475492,0
11.808,3.4979235537704993,0.8490087798697151,-0.7995399074574665,4.490915132786666,-0.24809467031765198,0.3086302630273196,-0.25752038108346725,0.3076187993941296,-0.23346467707620605,1.4797527686779455,-0.03562914621277601,-0.020247231322054526,0,0,FOLLOWING,1.4810116702108755,0.44615163917764006,0
11.84,3.504789485771912,0.8419114601678712,-0.8069823674192512,4.489839959231436,-0.26224713089609103,0.30956071935460133,-0.2565196152341363,0.30858548132778285,-0.2325779474719399,1.4796927483377036,-0.03536525419177283,-0.02030725166229641,0,0,FOLLOWING,1.4809672863892709,0.4459732717064744,0
11.872,3.5116230134465405,0.8347418149320516,-0.8143962180102277,4.488704778492652,-0.27637853799611745,0.31045299588296066,-0.2555113446038398,0.30951439650383283,-0.23168389227400063,1.4796206318772538,-0.03510251948251142,-0.02037936812274621,0,0,FOLLOWING,1.4809110455608017,0.44576709660207336,0
11.904,3.5184228097315686,0.8275010187843503,-0.8217812396105741,4.487509613353808,-0.29048775713334896,0.3113067100867085,-0.2544960843828912,0.3104051440273917,-0.2307829739594743,1.4795364598524514,-0.03484103353522383,-0.020463540147548587,0,0,FOLLOWING,1.4808429825218827,0.4455331556067416,0
11.936,3.5251875663139924,0.8201902786948068,-0.8291372273524887,4.486254487802306,-0.30457365560467564,0.3121214986154408,-0.25347434765658644,0.3112573422318299,-0.22987565353707864,1.4794402777671947,-0.034580886476562434,-0.020559722232805333,0,0,FOLLOWING,1.480763136974684,0.44527149614930184,0
11.968,3.531915994398295,0.8128108331202566,-0.8364639910646959,4.484939427028975,-0.31863510257919775,0.3128970171902988,-0.2524466451242337,0.31207062858902734,-0.2289623902811518,1.4793321359836598,-0.03432216707674762,-0.020667864016340243,0,0,FOLLOWING,1.4806715534407715,0.44498217135902357,0
12.0,3.538606825439907,0.805363951126402,-0.8437613552086969,4.483564457427568,-0.3326709691890053,0.3136329404873916,-0.251413484827728,0.3128446596063642,-0.22804364147361636,1.4792120896304977,-0.034064962719034135,-0.020787910369502338,0,0,FOLLOWING,1.480568281172654,0.44466524008124814,0
12.032,3.5452588118443646,0.7978509314946247,-0.8510291588070149,4.482129606594228,-0.3466801286198081,0.3143289620089514,-0.25037537188984715,0.31357911071104055,-0.22711986215380706,1.479080198509164,-0.033809359371517966,-0.020919801490836054,0,0,FOLLOWING,1.4804533740633872,0.4443207668947392,0
12.064,3.551870727632128,0.7902731018150476,-0.8582672553636932,4.480634903326937,-0.36066145620139667,0.3149847939427963,-0.24933280826241216,0.3142736761222764,-0.22619150487642264,1.4789365269985613,-0.033555441561252786,-0.021063473001438737,0,0,FOLLOWING,1.4803268905544165,0.44394882213076414,0
12.096,3.558441369069098,0.7826318175673289,-0.86547551277732,4.479080377624937,-0.3746138294979318,0.3156001670106772,-0.24828629248444045,0.31492806871195,-0.22525901947790652,1.4787811439581493,-0.033303292350680636,-0.021218856041850698,0,0,FOLLOWING,1.480188893541815,0.4435494818939286,0
12.128,3.564969555262932,0.7749284611906463,-0.8726538132468387,4.47746606068813,-0.3885361283980553,0.31617483030608884,-0.24723631945038685,0.31554201985427344,-0.2243228528510529,1.4786141226297023,-0.03305299331635591,-0.021385877370297735,0,0,FOLLOWING,1.480039450281094,0.4431228280847831,0
12.16,3.571454128725326,0.7671644411443004,-0.8798020531704318,4.475791984916446,-0.4024272352048126,0.3167085511221256,-0.24618338018856228,0.3161152792650268,-0.22338344872855384,1.4784355405378617,-0.03280462452994459,-0.021564459462138252,0,0,FOLLOWING,1.4798786322907305,0.44266894842422105,0
12.192,3.5778939559004708,0.7593411909603351,-0.886920143037744,4.474058183909201,-0.4162860347253857,0.31720111476996,-0.2451279616497761,0.31664761483099835,-0.22244124747479205,1.4782454793896675,-0.032558264541474924,-0.02175452061033245,0,0,FOLLOWING,1.4797065152545907,0.4421879364796948,0
12.224,3.5842879276599726,0.7514601682895429,-0.8940080073157282,4.472264692464416,-0.4301114143606178,0.31765232438852353,-0.24407054650625062,0.3171388124301375,-0.22149668588661198,1.4780440249731976,-0.032313990364818745,-0.021955975026802355,0,0,FOLLOWING,1.479523178923392,0.441679891693266,0
12.256,3.590634959764554,0.7435228539421829,-0.9010655843283987,4.470411546578122,-0.4439022641943366,0.3180620007459601,-0.24301161296082008,0.31758867574301974,-0.22055019700289494,1.4778312670554978,-0.03207187746536466,-0.022168732944502167,0,0,FOLLOWING,1.4793287070153647,0.4411449194115225,0
12.288,3.596933993292928,0.7355307509247078,-0.908092826130764,4.468498783443635,-0.4576574770824591,0.31842998203342343,-0.24195163456641441,0.3179970260562342,-0.21960220992270346,1.47760729927993,-0.031831999749872164,-0.022392700720069936,0,0,FOLLOWING,1.4791231871162553,0.44058313091738716,0
12.32,3.6031839950382567,0.7274853834737532,-0.9150896983772346,4.466526441450813,-0.4713759487418743,0.31875612365178296,-0.24089108005580587,0.3183637020581511,-0.21865314963257385,1.477372219063106,-0.031594429558441606,-0.022627780936893993,0,0,FOLLOWING,1.478906710578833,0.439994643463844,0
12.352,3.6093839578726867,0.7193882960886048,-0.9220561801847714,4.4644945601852815,-0.48505657783909495,0.3190402979917919,-0.23983041318158596,0.3186885596277838,-0.21770343684219573,1.477126127491529,-0.03135923765859994,-0.02287387250847095,0,0,FOLLOWING,1.4786793724220233,0.43937958030961416,0
12.384,3.6155329010804524,0.7112410525633157,-0.9289922639910723,4.462403180427643,-0.4986982660786775,0.31928239420826926,-0.23877009256631226,0.3189714716171333,-0.21675348782934942,1.4768691292181033,-0.031126493241431685,-0.023130870781896684,0,0,FOLLOWING,1.4784412712298223,0.43873807075681354,0
12.416,3.6216298706601235,0.7030452350196074,-0.9358979554080612,4.460252344152654,-0.5122999182913895,0.31948231798883453,-0.23771057156276007,0.3192123276277228,-0.21580371429314077,1.4766013323586227,-0.030896263919741873,-0.023398667641377324,0,0,FOLLOWING,1.4781925090501153,0.43807025019062035,0
12.448,3.6276739395965656,0.6948024429416375,-0.9427732730709711,4.4580420945283885,-0.5258604425221339,0.31963999131772614,-0.23665229812418967,0.3194110337817089,-0.2148545232162448,1.476322848388394,-0.030668615728183468,-0.023677151611606106,0,0,FOLLOWING,1.4779331912935385,0.4373762601209907,0
12.48,3.633664208103254,0.6865142922136787,-0.9496182484832808,4.455772475915366,-0.539378750117612,0.31975535223522394,-0.23559571468453241,0.3195675124882448,-0.21390631673539925,1.4760337920390911,-0.030443613125338605,-0.02396620796090887,0,0,FOLLOWING,1.4776634266324977,0.4366562482264561,0
12.512,3.6395998038355866,0.6781824141617054,-0.9564329258577852,4.453443533865663,-0.5528537558137213,0.3198283545931854,-0.2345412580483812,0.31968170220552194,-0.21295949202058992,1.4757342811959866,-0.03022131899768521,-0.024265718804013403,0,0,FOLLOWING,1.4773833269004772,0.43591036840003966,0
12.544,3.645479882075874,0.6698084545998398,-0.9632173619540675,4.451055315122001,-0.5662843778226812,0.3198589678071919,-0.23348935929065995,0.3197535571990066,-0.2120144411625315,1.475424436795658,-0.03000179466540853,-0.024575563204342066,0,0,FOLLOWING,1.4770930069917427,0.4351387807973258,0
12.576,3.6513036258907263,0.6613940728825616,-0.9699716259126306,4.448607867616804,-0.5796695379198826,0.31984717660579115,-0.23244044366583624,0.31978304729644214,-0.21107155106836703,1.475104382724286,-0.029785099890032418,-0.024895617275713988,0,0,FOLLOWING,1.4767925847615555,0.43434165188673,0
12.608,3.657070241200305,0.6529404950150056,-0.9766958071758035,4.446101240471241,-0.5930081615304451,0.31979293935684994,-0.23139490456392212,0.31978162617283373,-0.210131456183635,1.4747738716691128,-0.02957112011344043,-0.02522612833088722,0,0,FOLLOWING,1.4764818070266186,0.43351915450199546,0
12.64,3.662778956268403,0.6444480251040876,-0.9833900152995607,4.443535483994237,-0.6062991778154875,0.3196961068067801,-0.23035305848657348,0.3197736467653408,-0.20919478506248876,1.474431863870841,-0.029359399059150082,-0.02556813612915909,0,0,FOLLOWING,1.4761596284626837,0.4326714678969718,0
12.672,3.6684290367381904,0.6359169879508351,-0.9900543505718978,4.440910649681465,-0.6195415197580953,0.31955644146765977,-0.22931516852329073,0.31975947962547724,-0.20826124805626173,1.4740773069666928,-0.029149528918203216,-0.025922693033307187,0,0,FOLLOWING,1.4758249911217103,0.4317987778027099,0
12.704,3.674019788219278,0.6273491365186853,-0.996688948778123,4.43822679021431,-0.632734124248982,0.3193737687546595,-0.22828152410978625,0.31970256508396383,-0.20733195446619782,1.4737103399125324,-0.028941602367281046,-0.02628966008746758,0,0,FOLLOWING,1.4754780279225097,0.4309012764869146,0
12.736,3.679550555388366,0.6187491928584828,-1.003293984775799,4.435483959458818,-0.6458759321718367,0.3191482492440461,-0.2272525766225053,0.31952506024979127,-0.20640812533582378,1.4733336411850142,-0.028736719578786873,-0.026666358814985802,0,0,FOLLOWING,1.4751214104253876,0.4299791628158055,0
12.768,3.685020642631512,0.6101190332500513,-1.0098695260439288,4.432682212464604,-0.6589658884883499,0.3188800615822914,-0.22622878005709385,0.31930051205599475,-0.20548640505836036,1.472947508090172,-0.028535030925785243,-0.027052491909828058,0,0,FOLLOWING,1.4747554299886347,0.4290326423184227,0
12.8,3.6904294171773424,0.6014604116032783,-1.016415712997695,4.42982160546376,-0.6720029423229166,0.3185693818530452,-0.22521057244418785,0.31903291343170237,-0.20456907289029214,1.4725521117746325,-0.028336597034139377,-0.02744788822536748,0,0,FOLLOWING,1.474380251857049,0.4280619272534291,0
12.832,3.695776281278121,0.5927750750885553,-1.0229327016612502,4.426902195869714,-0.6849860470469972,0.31821638421791565,-0.22419837666710704,0.3187228005292062,-0.2036566166157848,1.4721476108829914,-0.028141471633801766,-0.027852389117008602,0,0,FOLLOWING,1.4739960287979417,0.4270672366784468,0
12.864,3.7010606672647404,0.5840647735328723,-1.0294206606682814,4.423924042276088,-0.6979141603631445,0.31782124307364196,-0.2231926017181168,0.3183703761854928,-0.20274943028573525,1.4717341627773557,-0.027949705243821565,-0.028265837222644308,0,0,FOLLOWING,1.47360291232116,0.42604879652198163,0
12.896,3.706282036688722,0.5753312597740897,-1.0358797706054912,4.420887204455514,-0.71078624438868,0.31738413492979883,-0.22219364381295284,0.31797581185310975,-0.20184788743441062,1.4713119248863844,-0.027761345673592567,-0.028688075113615596,0,0,FOLLOWING,1.473201054029282,0.4250068396579746,0
12.928,3.7114398799587756,0.5665762891356146,-1.0423102235846802,4.417791743358443,-0.7236012657390165,0.3169052399400306,-0.2212018873545424,0.3175392790052951,-0.20095234822315927,1.4708810550246623,-0.027576438273370973,-0.029118944975337735,0,0,FOLLOWING,1.4727906059380902,0.4239416059830293,0
12.96,3.7165337160454817,0.5578016187972084,-1.0487122228667263,4.4146377211119106,-0.736358195610618,0.3163847431353807,-0.2202177057659004,0.3170609533994678,-0.2000631610623589,1.4704417115676118,-0.027395026136534106,-0.02955828843238817,0,0,FOLLOWING,1.4723717206525182,0.42285334249636125,0
12.992,3.721563092204631,0.5490090071427677,-1.05508598251628,4.4114252010183,-0.7490560098635966,0.3158228354096571,-0.2192414622114308,0.3165410164133008,-0.19918066357139042,1.469994053577284,-0.02721715027483551,-0.030005946422716034,0,0,FOLLOWING,1.4719445514934024,0.42174230338251223,0
13.024000000000001,3.7265275837102054,0.5402002130972392,-1.061431727081374,4.408154247554068,-0.7616936891039264,0.31521971429927864,-0.21827351022328342,0.3159796559024285,-0.1983051833571339,1.4695382408945645,-0.02704284977199478,-0.03046175910543547,0,0,FOLLOWING,1.4715092525905893,0.42060875009687104,0
13.056000000000001,3.731426793592903,0.5313769954573931,-1.0677496912941642,4.4048249263684465,-0.7742702187652855,0.31457558459298085,-0.21731419424701937,0.31537706685501,-0.197437038674418,1.4690744342044177,-0.026872161919077705,-0.030925565795582255,0,0,FOLLOWING,1.471065978949007,0.4194529514540519,0
13.088000000000001,3.7362603523812785,0.5225411122199061,-1.0740401197897014,4.401437304282133,-0.7867845891905052,0.31389065880081696,-0.21636385011881182,0.31473345189661117,-0.19657653898947713,1.468602795079043,-0.026705122334505838,-0.03139720492095699,0,0,FOLLOWING,1.470614886492597,0.4182751837191635,0
13.120000000000001,3.741027917843226,0.513694319909627,-1.0803032668400716,4.3979914492859455,-0.7992357957126258,0.3131651575069341,-0.21542280548463635,0.31404902167248183,-0.19572398546031716,1.468123486002983,-0.02654176507119166,-0.031876513997016964,0,0,FOLLOWING,1.470156132090127,0.4170757307020168,0
13.152000000000001,3.7457291747260606,0.5048383729104424,-1.0865393961016898,4.394487430539455,-0.8116228387355529,0.31239930962649914,-0.2144913801704181,0.31332399512852077,-0.1948796713476355,1.4676366703835384,-0.026382122712882428,-0.0323633296164616,0,0,FOLLOWING,1.4696898735662616,0.41585488385430297,0
13.184000000000001,3.7503638344939065,0.495975022800783,-1.0927487803738238,4.390925318369601,-0.8239447238143074,0.3115933525837259,-0.21356988651080844,0.31255859970814015,-0.19404388236590273,1.467142512549301,-0.026226226461567137,-0.03285748745069905,0,0,FOLLOWING,1.4692162697006854,0.4146129423697852,0
13.216000000000001,3.7549316350614172,0.4871060176954787,-1.0989317013667608,4.387305184269282,-0.8362004617348575,0.31074753242511594,-0.21265862964316215,0.3117530714798236,-0.19321689698466524,1.4666411777391437,-0.026074106217480963,-0.03335882226085629,0,0,FOLLOWING,1.4687354802176371,0.4133502132875305,0
13.248000000000001,3.759432340523175,0.4782331015953938,-1.1050884494782658,4.383627100895914,-0.8483890685935365,0.3098621038796651,-0.21175790777233033,0.3109076552075269,-0.19239898668765473,1.4661328320836307,-0.02592579065305145,-0.033867167916369345,0,0,FOLLOWING,1.468247665767802,0.41206701159821624,0
13.280000000000001,3.7638657408783165,0.46935801374602876,-1.1112193235771886,4.379891142069979,-0.8605095658760302,0.3089373303758191,-0.21086801241106992,0.3100226043740896,-0.19159041619622655,1.465617642580486,-0.025781307281914415,-0.0343823574195139,0,0,FOLLOWING,1.4677529879042184,0.4107636603535384,0
13.312000000000001,3.768231651750158,0.4604824880060695,-1.117324630793262,4.376097382773539,-0.8725609805359341,0.30797348402333274,-0.20998922860017724,0.3090981811662907,-0.19079144366284326,1.465095777065474,-0.025640682523995872,-0.034904222934526,0,0,FOLLOWING,1.4672516090535392,0.4094404907787431,0
13.344,3.772529914100697,0.4516082522266857,-1.1234046863122833,4.3722458991487345,-0.8845423450728692,0.3069708455668221,-0.20912183511183036,0.3081346564285437,-0.19000232083923843,1.464567404179847,-0.025503941767464955,-0.0354325958201529,0,0,FOLLOWING,1.466743692483822,0.4080978423882989,0
13.376,3.7767603939400436,0.442737027642229,-1.1294598131759725,4.368336768496253,-0.8964526976101548,0.3059297043166716,-0.2082661046391395,0.3071323095912166,-0.18922329322267076,1.4640326933353036,-0.025371109428322436,-0.035967306664696386,0,0,FOLLOWING,1.466229402269775,0.4067360631047235,0
13.408,3.7809229820308796,0.4338705282728483,-1.1354903420859255,4.364370069273777,-0.9082910819720317,0.30485035806201427,-0.20742230397443942,0.3060914285784937,-0.18845460018386853,1.4634918146772635,-0.025242209008224274,-0.036508185322736475,0,0,FOLLOWING,1.4657089032562762,0.40535550938057563,0
13.44,3.785017593588151,0.4250104603394331,-1.141496611211116,4.360345881094416,-0.920056547760419,0.30373311296971706,-0.20659069417849826,0.3050123096997579,-0.18769647507789894,1.462944939047119,-0.025117263151130276,-0.037055060952881025,0,0,FOLLOWING,1.4651823610208312,0.40395654632360134,0
13.472,3.789044167974244,0.4161585216911925,-1.1474789659985116,4.3562642847251,-0.931748150431218,0.3025782834726541,-0.2057715307424941,0.30389525752807456,-0.18694914534149606,1.462392237944036,-0.024996293699257377,-0.037607762055964056,0,0,FOLLOWING,1.4646499418355354,0.40253954782504,0
13.504,3.7930026683899425,0.40731640124609986,-1.1534377589863627,4.352125362084964,-0.9433649513701386,0.30138619215000145,-0.20496506374434062,0.30274058476839505,-0.18621283257665835,1.4618338834867688,-0.024879321748807692,-0.03816611651323121,0,0,FOLLOWING,1.46411181262901,0.4011048966910667,0
13.536,3.7968930815614987,0.39848577844436484,-1.1593733496197918,4.347929196243702,-0.9549060179680536,0.300157169601838,-0.20417153800072382,0.3015486121178668,-0.18548775262241482,1.4612700483758951,-0.024766367705887138,-0.038729951624104864,0,0,FOLLOWING,1.463568140948721,0.3996529847773502,0
13.568,3.800715417424161,0.38966832271503116,-1.1652861040683038,4.343675871419901,-0.9663704236958708,0.2988915543199552,-0.2033911932160104,0.3003196681200987,-0.1847741156150289,1.4607009058568117,-0.024657451343027766,-0.03929909414318833,0,0,FOLLOWING,1.4630190949240205,0.3981842131266899,0
13.6,3.804469708802536,0.3808656929557501,-1.171176395044874,4.339365472979346,-0.9777572481789119,0.29758969255646484,-0.20262426412904885,0.29905408901494734,-0.18407212603715403,1.4601266296837727,-0.024552591856692674,-0.039873370316227286,0,0,FOLLOWING,1.4624648432302016,0.3966989921096856,0
13.632,3.8081560110881596,0.3720795370257379,-1.1770446016262455,4.334998087433316,-0.9890655772708041,0.2962519381915327,-0.20187098065873504,0.2977522185850292,-0.18338198275570766,1.4595473940852426,-0.024451807926153757,-0.04045260591475741,0,0,FOLLOWING,1.461905555053825,0.39519774156838217,0
13.664,3.811774401914652,0.3633114912518901,-1.182891109074075,4.330573802436838,-1.0002945031268686,0.29487865260134394,-0.20113156804913443,0.296414407999896,-0.1827038790483783,1.4589633737307675,-0.024355117774149004,-0.041036626269232546,0,0,FOLLOWING,1.4613414000595402,0.39368089096281966,0
13.696,3.815324980830849,0.35456317994799375,-1.1887163086565595,4.326092706786934,-1.0114431242770023,0.29347020452722516,-0.20040624701485074,0.2950410156587568,-0.18203800261863992,1.4583747436995687,-0.02426253922969468,-0.041625256300431346,0,0,FOLLOWING,1.4607725483585934,0.39214887952039845,0
13.728,3.8188078689722773,0.3458362149469614,-1.1945205974701214,4.321554890420835,-1.022510545698049,0.29202696994669713,-0.19969523388728297,0.2936324070320935,-0.18138453559762732,1.4577816794510383,-0.024174089793510992,-0.042218320548961685,0,0,FOLLOWING,1.4601991704792108,0.3906021563879618,0
13.76,3.8222232087313537,0.3371321951459858,-1.200304378260738,4.316960444414178,-1.0334958788856532,0.29054933194710275,-0.19899874076236196,0.29218895450277343,-0.1807436545329302,1.4571843567973006,-0.02408978670648776,-0.04281564320269937,0,0,FOLLOWING,1.4596214373390197,0.38904118078646976,0
13.792,3.8255711634266665,0.3284527060645075,-1.2060680592444268,4.312309460979179,-1.0443982419255915,0.28903768060235074,-0.19831697565033451,0.2907110372067138,-0.18011553036234262,1.4565829518780014,-0.024009647021704827,-0.04341704812199865,0,0,FOLLOWING,1.4590395202196682,0.3874664221681329,0
13.824,3.8288519169717,0.31979931941487333,-1.2118120539263681,4.3076020334627785,-1.0552167595645696,0.2874924128532309,-0.19765014262815078,0.2891990408732845,-0.17950032837120167,1.455977641137467,-0.023933687680533167,-0.04402235886253303,0,0,FOLLOWING,1.4584535907437977,0.38587836037583695,0
13.856,3.8320656735433456,0.3111735926855668,-1.2175367809180901,4.3028382563447725,-1.0659505632804929,0.28591393239167845,-0.19699844199500524,0.28765335766532596,-0.1788982081317953,1.4553686013044111,-0.023861925593414934,-0.04463139869558885,0,0,FOLLOWING,1.4578638208545263,0.384277485804683,0
13.888,3.835212657250523,0.3025770687368832,-1.223242663752051,4.2980182252359125,-1.0765987913521897,0.28430264954931284,-0.19636207043161352,0.28607438601869023,-0.17830932342216715,1.4547560093743255,-0.023794377725994575,-0.045243990625674524,0,0,FOLLOWING,1.4572703827976083,0.3826642995654349,0
13.92,3.83829311180325,0.2940112754089365,-1.2289301306928944,4.29314203687599,-1.0871605889285927,0.2826589811905213,-0.19574122116382667,0.28446253048082987,-0.1777338221220256,1.4541400425947404,-0.023731061191335275,-0.04585995740525961,0,0,FOLLOWING,1.4566734491064328,0.3810393136496376,0
13.952,3.841307300182454,0.2854777251418879,-1.2345996145445481,4.288209789131892,-1.0976351080973656,0.2809833506103231,-0.19513608413122985,0.28281820154818416,-0.17717184608293912,1.4535208784535287,-0.023671993349067888,-0.04647912154647127,0,0,FOLLOWING,1.4560731925900492,0.37940305109614836,0
13.984,3.844255504310828,0.2769779146083049,-1.2402515524522195,4.283221580995638,-1.1080215079529772,0.2792761874372167,-0.19454684616144677,0.28114181550155104,-0.17662353096877131,1.4528986946704645,-0.02361719191241951,-0.04710130532953549,0,0,FOLLOWING,1.4554697863244268,0.3777560461587891,0
14.016,3.8471380247250186,0.26851332435757846,-1.2458863856982154,4.278177512582394,-1.1183189546642065,0.27753792754118906,-0.193973691150931,0.27943379423883513,-0.17608900606278033,1.4522736691922449,-0.023566675064205178,-0.047726330807755124,0,0,FOLLOWING,1.4548634036471664,0.376098844474788,0
14.048,3.8499551802494083,0.26008541847234906,-1.2515045594903784,4.273077685128459,-1.1285266215410867,0.2757690129470479,-0.19341680025313648,0.27769456510428636,-0.17556839403682103,1.451645980191244,-0.02352046158300447,-0.04835401980875598,0,0,FOLLOWING,1.4542542181559175,0.3744320032336616,0
14.08,3.852707307671766,0.2516956442369326,-1.2571065227417026,4.26792220098924,-1.1386436891012708,0.273969891753227,-0.19287635207506892,0.27592456071285254,-0.1750618106757793,1.4510158060682732,-0.02347857098096151,-0.048984193931726816,0,0,FOLLOWING,1.453642403710796,0.37275609134612714,0
14.112,3.8553947614210045,0.2433454318177684,-1.262692727839558,4.262711163637194,-1.1486693451358216,0.27214101805620655,-0.1923525228833592,0.2741242187686614,-0.17456936455272368,1.4503833254596847,-0.023441023654795057,-0.049616674540315264,0,0,FOLLOWING,1.4530281344411258,0.37107168961261505,0
14.144,3.8580179132472994,0.2350361939559621,-1.268263630402659,4.257444677659748,-1.158602784774416,0.2702828518806902,-0.1918454868211674,0.2722939818759016,-0.17409115664602143,1.4497487172491823,-0.023407841051900302,-0.050251282750817694,0,0,FOLLOWING,1.4524115847568784,0.3693793908908978,0
14.176,3.8605771519047876,0.22676932567206073,-1.2738196890236273,4.252122848757208,-1.1684432105499625,0.2683958591156837,-0.1913554161374232,0.2704342973400632,-0.17362727988912546,1.4491121605847967,-0.02337904585368888,-0.05088783941520325,0,0,FOLLOWING,1.4517929293652583,0.36767980026230285,0
14.208,3.8630728828370837,0.21854620398325658,-1.279361364994706,4.246745783740627,-1.1781898324626197,0.26648051145662766,-0.19088248143013273,0.2685456169576832,-0.17317781864398174,1.4484738349015063,-0.02335466217865223,-0.051526165098493726,0,0,FOLLOWING,1.4511723432929338,0.365973535195941,0
14.24,3.865505527865835,0.21036818763330267,-1.2848891220137593,4.241313590529673,-1.1878418680432208,0.2645372863537513,-0.19042685190576317,0.26662839679176453,-0.17274284808509965,1.4478339199501076,-0.023334715808021267,-0.05216608004989243,0,0,FOLLOWING,1.4505500019144946,0.3642612257103121,0
14.272,3.867875524882523,0.2022366168355267,-1.2904034258672243,4.235826378150453,-1.1973985424160902,0.26256666696683434,-0.1899886956570341,0.2646830969297322,-0.17232243347910695,1.4471925958330136,-0.023319234437392256,-0.05280740416698637,0,0,FOLLOWING,1.44992608098784,0.36254351453161426,0
14.304,3.8701833275437454,0.19415281302943257,-1.2959047440861757,4.230284256733329,-1.2068590883612513,0.26056914212658816,-0.18956817996181693,0.2627101812206214,-0.17191662934472873,1.4465500430477822,-0.023308247958186312,-0.05344995695221777,0,0,FOLLOWING,1.4493007566972786,0.3608210572480083,0
14.336,3.872429404970187,0.18611807865153296,-1.3013935455709642,4.224687337510711,-1.2162227463760198,0.2585452063029004,-0.18916547160630487,0.26071011698673313,-0.17152547847053484,1.4459064425393096,-0.02330178877353473,-0.054093557460690445,0,0,FOLLOWING,1.4486742057052957,0.3590945224590348,0
14.368,3.8746142414495113,0.17813369692120806,-1.3068703001791608,4.219035732814818,-1.225488764735978,0.2564953595802284,-0.1887807372361349,0.2586833747050391,-0.17114901076835998,1.4452619757617926,-0.02329989215391204,-0.054738024238207394,0,0,FOLLOWING,1.4480466052140735,0.3573645919193236,0
14.4,3.876738336143406,0.17020093164258623,-1.3123354782706143,4.213329556075426,-1.2346563995553228,0.2544201076404747,-0.18841414373977247,0.256630427652067,-0.1707872419330356,1.444616824751753,-0.023302596638765882,-0.055383175248246985,0,0,FOLLOWING,1.4474181330380727,0.35563196067565184,0
14.432,3.878802202799038,0.16232102702368226,-1.3177895502022947,4.207568921817593,-1.2437249148465863,0.25231996175374016,-0.1880658586692288,0.2545517515048451,-0.1704401718731755,1.4439711722136548,-0.0233099444915692,-0.056028827786345214,0,0,FOLLOWING,1.446788967689204,0.35389733719635036,0
14.464,3.880806369465178,0.1544952075142997,-1.323232985764332,4.201753945659362,-1.2526935825797219,0.2501954387774212,-0.18773605070405738,0.25244782388947684,-0.17010778287355532,1.4433252016199254,-0.023321982216973236,-0.05667479838007461,0,0,FOLLOWING,1.4461592884763914,0.35216144349198075,0
14.496,3.8827513782133023,0.14672467766454944,-1.3286662535470326,4.195884744309433,-1.2615616827405518,0.24804706116420774,-0.1874248901656543,0.25031912386662053,-0.16979003743813822,1.4426790973275174,-0.02333876115040967,-0.05732090267248258,0,0,FOLLOWING,1.4455292756216807,0.3504250152261279,0
14.528,3.884637784863991,0.13901062200624242,-1.3340898202267413,4.189961435564829,-1.270328503388569,0.2458753569796444,-0.18713254959016556,0.24816613134124543,-0.16948687575397242,1.4420330447135734,-0.023360338132411007,-0.05796695528642659,0,0,FOLLOWING,1.444899110395442,0.3486888018150676,0
14.56,3.886466158719006,0.13135420495990482,-1.3395041497561093,4.183984138308525,-1.2789933407140932,0.24368085993004535,-0.1868592043698388,0.2459893263814616,-0.16919821270386545,1.44138723033323,-0.023386776282279698,-0.05861276966676998,0,0,FOLLOWING,1.4442689752737117,0.3469535665150026,0
14.592,3.8882370822994696,0.12375657077076527,-1.3449097024414718,4.17795297250707,-1.2875554990947742,0.24146410940171073,-0.1866050334745269,0.24378918842768313,-0.16892393433851297,1.4407418421032048,-0.02341814588859914,-0.05925815789679523,0,0,FOLLOWING,1.4436390541213135,0.34522008649546043,0
14.624,3.8899511510906413,0.11621884347779785,-1.350306933886564,4.171868059208169,-1.2960142911514363,0.23922565051258246,-0.18637022026730923,0.24156619536930918,-0.16866389369964105,1.4400970695155444,-0.023454525437629714,-0.05990293048445561,0,0,FOLLOWING,1.443009532405139,0.34348915289737264,0
14.656,3.891608973293877,0.10874212692078523,-1.3556962937776253,4.165729520538262,-1.3043690378032624,0.2369660341777039,-0.1861549534309236,0.23932082246151473,-0.16841790586316932,1.4394531038867908,-0.02349600280483344,-0.06054689611320918,0,0,FOLLOWING,1.4423805974428452,0.341761570874257,0
14.688,3.8932111695864524,0.10132750479148024,-1.3610782244796096,4.159537479700072,-1.312619068322311,0.23468581719013223,-0.18595942802508247,0.23705354104743012,-0.16818574203644585,1.4388101386489358,-0.023542676640182947,-0.06118986135106419,0,0,FOLLOWING,1.4417524386933378,0.34003815961484624,0
14.72,3.894758372890068,0.09397604073628989,-1.3664531594068228,4.1532920609701245,-1.3207637203873626,0.23238556231929444,-0.1857838466988359,0.23476481704380794,-0.1679671225088915,1.4381683696898933,-0.023594657984375322,-0.061831630310106744,0,0,FOLLOWING,1.441125248096772,0.33831975234541495,0
14.752,3.8962512281490063,0.08668877851958247,-1.3718215211232627,4.146993389696265,-1.328802340137093,0.2300658384291996,-0.18562842108721267,0.23245510913787432,-0.16776170820522604,1.437527995752889,-0.02365207216118503,-0.06247200424711097,0,0,FOLLOWING,1.4404992204734668,0.33660719630995845,0
14.784,3.8976903921191135,0.07946674225882341,-1.3771837191178542,4.14064159229513,-1.3367342822225639,0.2277272206194406,-0.1854933734276363,0.23012486662974288,-0.16756909052582444,1.4368892189062794,-0.023715061001412074,-0.06311078109372059,0,0,FOLLOWING,1.4398745539932498,0.3349013527263104,0
14.816,3.8990765331690302,0.07231093674534492,-1.3825401471872816,4.134236796249624,-1.344558909859034,0.2253702903925648,-0.18537893843937425,0.22777452683925825,-0.1673887790840967,1.4362522450979323,-0.023783785466449103,-0.06374775490206774,0,0,FOLLOWING,1.439251450729357,0.3332030967161735,0
14.848,3.900410331095366,0.06522234786785902,-1.3878911803432128,4.127779130106351,-1.352275594877079,0.22299563585219198,-0.18528536551898742,0.2254045119741309,-0.16722018684354936,1.4356172848115996,-0.023858428755588523,-0.06438271518840044,0,0,FOLLOWING,1.4386301173143254,0.3315133172069834,0
14.88,3.901692476953938,0.058201943159967975,-1.3932371711407232,4.121268723473033,-1.3598837177730252,0.22060385193726248,-0.18521292131689757,0.2230152253299829,-0.16706261203026357,1.4349845538468975,-0.023939200001327654,-0.06501544615310251,0,0,FOLLOWING,1.4380107657194852,0.3298329168034237,0
14.912,3.902923671033342,0.05125017343439538,-1.3985810039815143,4.114705707015921,-1.3673826677586787,0.21819550759551598,-0.18516132100942007,0.2206224120985393,-0.16699517535919928,1.4343537809328841,-0.02402372733388347,-0.06564621906711587,0,0,FOLLOWING,1.4373931209246078,0.32816281162634225,0
14.944,3.9041046093911382,0.04436787846697976,-1.4039233097961263,4.108090212457158,-1.3747718428103644,0.21577116710939515,-0.1851303332029134,0.2182138595632666,-0.16694745544661388,1.4337251043227726,-0.02411193305837278,-0.06627489567722744,0,0,FOLLOWING,1.436777317417457,0.3265039311167682,0
14.976,3.9052359949043915,0.0375558991826013,-1.40926468268261,4.101422372572143,-1.3820506497172547,0.21333140380456386,-0.18511977868467483,0.215789368427469,-0.16691830123264137,1.4330986876212513,-0.024203780084164572,-0.06690131237874875,0,0,FOLLOWING,1.4361635150592427,0.32485721780264054,0
15.008000000000001,3.9063185392572075,0.03081505464922789,-1.4146057114197552,4.094702321186869,-1.3892185041289948,0.2108767997596649,-0.1851295225634353,0.21334944823998586,-0.16690754648748443,1.4324746969320143,-0.024299239357762348,-0.06752530306798565,0,0,FOLLOWING,1.4355518762328994,0.3232236270258272,0
15.040000000000001,3.9073529630244397,0.024146139840591233,-1.419946980805362,4.087930193175227,-1.3962748306026134,0.2084079452619828,-0.185159467560551,0.21089467669880846,-0.16691506680416476,1.431853298813725,-0.024398288498940657,-0.06814670118627508,0,0,FOLLOWING,1.434942563798727,0.3216041266269808,0
15.072000000000001,3.908339995476369,0.01754992515336331,-1.425289072766059,4.0811061244563085,-1.4032190626487213,0.20592543834564417,-0.185209548262898,0.20842564518206386,-0.1669407724578976,1.4312346600131207,-0.024500910666534148,-0.06876533998687928,0,0,FOLLOWING,1.4343357408271822,0.31999969658572675,0
15.104000000000001,3.909280374343543,0.011027156105822201,-1.4306325672950009,4.074230251991674,-1.4100506427769885,0.2034298844142873,-0.1852797261978889,0.20594295307967972,-0.1669846030272634,1.4306189473838753,-0.02460709358969826,-0.0693810526161247,0,0,FOLLOWING,1.433731570517452,0.31841132861369126,0
15.136000000000001,3.9101748455700185,0.0045785530632430765,-1.4359780432424554,4.067302713782601,-1.4167690225409013,0.20092189593560963,-0.1853699856139459,0.20344720695628388,-0.1670465227968938,1.430006327833835,-0.02471682874248926,-0.06999367216616492,0,0,FOLLOWING,1.4331302161444184,0.3168400256978704,0
15.168000000000001,3.911024163059223,-0.0017951890265048857,-1.441326078980637,4.060323648867323,-1.423373662581791,0.19840209219599497,-0.1854803298664152,0.2009390202399111,-0.16712651682781257,1.4293969682835976,-0.024830110641451464,-0.07060303171640236,0,0,FOLLOWING,1.4325318410169878,0.3152868015918662,0
15.200000000000001,3.9118291410695614,-0.00809340151018556,-1.4466770632829102,4.053293197318228,-1.429864032672135,0.1958710989997277,-0.18561082727554395,0.19841923533479602,-0.1672186599545623,1.4287910298028097,-0.024947162555949202,-0.0712089701971903,0,0,FOLLOWING,1.4319366025712679,0.3137526802525711,0
15.232000000000001,3.912590492617568,-0.014315440367197611,-1.4520317847926587,4.046211500239056,-1.4362396117581238,0.19332954973759622,-0.18576149672844036,0.19588801137100492,-0.16733544852116483,1.4281886860158057,-0.025067734842409095,-0.07181131398419427,0,0,FOLLOWING,1.431344670906477,0.31223869521993186,0
15.264000000000001,3.9133089935697756,-0.020460688232923997,-1.4573908208862174,4.039078699762062,-1.4424998880014912,0.19077808298560356,-0.18593237124881737,0.19334622064271378,-0.16747028026231825,1.427590103872299,-0.025191830228866726,-0.0724098961277011,0,0,FOLLOWING,1.4307562094235022,0.31074588893754107,0
15.296000000000001,3.913985427785212,-0.026528554394210403,-1.4627547504582512,4.031894939045165,-1.4486443588206075,0.1882173436126676,-0.18612349559538272,0.1907945133494781,-0.16762320258829155,1.4269954499033624,-0.025319453073178396,-0.07300455009663764,0,0,FOLLOWING,1.4301713811241747,0.3092753120119083,0
15.328000000000001,3.914620585611494,-0.03251847480958252,-1.4681241542787693,4.024660362269074,-1.4546725309308235,0.185647982712101,-0.1863349240358087,0.18823353465088524,-0.16779427410454315,1.4264048905513989,-0.025450608122911108,-0.07359510944860115,0,0,FOLLOWING,1.429590348942076,0.30782802240842405,0
15.36,3.9152152635899165,-0.03842991231678578,-1.4734996151490163,4.0173751146343974,-1.4605839203840754,0.18307065755261698,-0.18656671847403017,0.18566393501130743,-0.1679835582893729,1.4258185921874096,-0.025585300304364234,-0.07418140781259042,0,0,FOLLOWING,1.4290132757597,0.3064050845822133,0
15.392,3.915770264195351,-0.04426235686577931,-1.4788817180267209,4.010039342358724,-1.466378052607734,0.18048603154781284,-0.18681894687830405,0.18308637112550416,-0.16819112253510587,1.425236721100532,-0.025723534566052253,-0.0747632788994681,0,0,FOLLOWING,1.4284403243978843,0.30500756854228706,0
15.424,3.9162863955680565,-0.05001532575271617,-1.484271050124648,4.002653192673693,-1.4720544624427057,0.1778947742410057,-0.18709168196009676,0.18050150594922482,-0.16841703731377763,1.4246594434882662,-0.025865315744592055,-0.07534055651173377,0,0,FOLLOWING,1.4278716576059565,0.3036365488476643,0
15.456,3.9167644712366263,-0.05568836385261142,-1.4896682009860522,3.9952168138220334,-1.4776126941807757,0.17529756130291638,-0.18738500006195669,0.1779100086635916,-0.16866137545526644,1.4240869254495445,-0.026010648449038998,-0.07591307455045548,0,0,FOLLOWING,1.4273074380547521,0.3022931035344175,0
15.488,3.917205309832761,-0.0612810438507965,-1.4950737625401385,3.9877303550545933,-1.4830523016011925,0.1726950745401194,-0.1876989802194699,0.17531255465043746,-0.16892421152271733,1.4235193329803022,-0.026159536961067653,-0.0764806670196978,0,0,FOLLOWING,1.4267478283321724,0.3009783129729263,0
15.52,3.9176097347983916,-0.0667929664734417,-1.5004883291402131,3.9801939666273447,-1.4883728480064904,0.1700880019125085,-0.1880337033681691,0.17270982548300623,-0.16920562127140923,1.4229568319710675,-0.026311985148713694,-0.07704316802893252,0,0,FOLLOWING,1.4261929909407856,0.29969325865498847,0
15.552,3.917978574085507,-0.0722237607173897,-1.5059124975867988,3.9726077997983644,-1.4935739062575486,0.1674770375583025,-0.18838925167106646,0.17010250892978043,-0.16950568117907172,1.4223995882061473,-0.02646799639170694,-0.07760041179385269,0,0,FOLLOWING,1.4256430882970605,0.29843902191085164,0
15.584,3.9183126598488935,-0.07757308407949211,-1.5113468671376726,3.9649720068248,-1.4986550588078829,0.16486288182533762,-0.18876570794645497,0.16749129896909845,-0.1698244680371439,1.4218477673640593,-0.026627573516635472,-0.07815223263594073,0,0,FOLLOWING,1.4250982827318812,0.29721668255666134,0
15.616,3.918612828131865,-0.08284062278559227,-1.5167920395064796,3.957286740959815,-1.5036158977371652,0.1622462413075799,-0.18916315517894847,0.16487689581257448,-0.17016205859379796,1.421301535018921,-0.026790718740424158,-0.07869846498107891,0,0,FOLLOWING,1.4245587364920518,0.2960273174733101,0
15.648,3.9188799185449774,-0.08802609201925544,-1.5222486188513273,3.949552156449512,-1.5084560247839733,0.1596278288859433,-0.1895816760994833,0.16226000593567189,-0.17051852924087135,1.4207610566425493,-0.026957433620803606,-0.07923894335745074,0,0,FOLLOWING,1.424024611742549,0.2948719991181865,0
15.68,3.919114773937639,-0.0931292361503079,-1.5277172117545461,3.9417684085298355,-1.5131750513777638,0.15700836377262628,-0.19002135282231622,0.15964134211405298,-0.1708939557377983,1.4202264976070706,-0.02712771901261846,-0.07977350239292935,0,0,FOLLOWING,1.4234960705693238,0.2937517939718822,0
15.712,3.9193182400624615,-0.09814982896321264,-1.5331984271946097,3.9339356534234584,-1.5177725986700654,0.15438857155827956,-0.1904822665289619,0.15702162346458354,-0.1712884129665839,1.4196980231878618,-0.02730157502897068,-0.08030197681213824,0,0,FOLLOWING,1.422973274982471,0.29266776092247965,0
15.744,3.919491165232143,-0.10308767388527676,-1.5386928765110444,3.9260540483366464,-1.5222482975648952,0.1517691842614045,-0.19096449719062847,0.15440157549003605,-0.17170197471275161,1.4191757985666775,-0.027479001006334824,-0.08082420143332247,0,0,FOLLOWING,1.422456386919626,0.29162094959067203,0
15.776,3.9196343999686376,-0.1079426042146554,-1.5442011733630152,3.9181237514561014,-1.5266017887483883,0.14915094037944904,-0.19146812332204521,0.1517819301266694,-0.17213471346776688,1.4186599888348315,-0.02765999547289888,-0.08134001116516854,0,0,FOLLOWING,1.4219455682494586,0.290612398599581,0
15.808,3.9197487966443263,-0.1127144833480896,-1.549723933682157,3.9101449219457876,-1.530832722717645,0.1465345849411228,-0.191993221760698,0.14916342579401348,-0.17258670024906883,1.418150758996318,-0.02784455611947978,-0.08184924100368196,0,0,FOLLOWING,1.4214409807751487,0.2896431337937919,0
15.84,3.919835209114864,-0.11740320500828826,-1.5552617756201017,3.902117719943738,-1.5349407598087892,0.14392086955949807,-0.19253986746643098,0.14654680744624987,-0.17305800443452043,1.4176482739707732,-0.028032679772454605,-0.0823517260292268,0,0,FOLLOWING,1.420942786237746,0.2887141664127793,0
15.872,3.9198944923433734,-0.12200869347083794,-1.560815319491077,3.8940423065588363,-1.5389255702242373,0.14131055248549854,-0.19310813333715665,0.1439328266246583,-0.17354869360826333,1.4171526985961838,-0.028224362368234113,-0.08284730140381624,0,0,FOLLOWING,1.4204511463193268,0.28782649122455545,0
15.904,3.91992750201561,-0.1265309037904999,-1.5663851877098611,3.8859188438675893,-1.5427868340591733,0.13870439866140358,-0.19369809003707783,0.14132224151068132,-0.17405883341559678,1.4166641976312575,-0.028419598928844048,-0.0833358023687425,0,0,FOLLOWING,1.4199662226458554,0.28698108462602095,0
15.936,3.9199350902420687,-0.13096982200591686,-1.5719719976065774,3.8777474949108695,-1.5465242413272322,0.13610317963308538,-0.19430980682170254,0.13871581648911321,-0.1745882650428585,1.4161829356618922,-0.028618387901339526,-0.08381706433810776,0,0,FOLLOWING,1.4194881766982896,0.28617890271714164,0
15.968,3.919918114221289,-0.13532546546860347,-1.577576396443034,3.869528423690645,-1.550137491985386,0.1335076738860088,-0.19494334595179008,0.13611432668621581,-0.1751379238120049,1.4157090772077077,-0.02882070244848922,-0.08429092279229233,0,0,FOLLOWING,1.4190171699103173,0.2854208793566842,0
16.0,3.9198774300167325,-0.13959788301159673,-1.5831990464429502,3.8612617951666874,-1.5536262959580318,0.130918666821072,-0.1955987605147671,0.1335185509920199,-0.17570827723796714,1.415242786686683,-0.029026501222810138,-0.08475721331331698,0,0,FOLLOWING,1.4185533636395737,0.2847079242078267,0
16.032,3.9198138924940125,-0.14378715513137982,-1.5888406164309339,3.8529477752532593,-1.5569903731602783,0.12833695075972845,-0.19627609443999705,0.130929274162345,-0.17629953160801562,1.4147842284539676,-0.0292357368800209,-0.08521577154603244,0,0,FOLLOWING,1.4180969192067996,0.28404092078249044,0
16.064,3.919728354894031,-0.14789339420249994,-1.594501780888171,3.844586530815788,-1.5602294535204315,0.12576332497912296,-0.19697538267633477,0.12834728786989988,-0.17691186369922804,1.4143335667993988,-0.029448356922845642,-0.08566643320060119,0,0,FOLLOWING,1.4176479978941252,0.28342072449372596,0
16.096,3.9196216632967484,-0.15191674459627771,-1.600183184220111,3.8361782296675124,-1.5633432770016775,0.12319859546482073,-0.19769665815834359,0.12577339259256992,-0.17754433357298782,1.4138909657373753,-0.029664335725138716,-0.08610903426262473,0,0,FOLLOWING,1.4172067607413932,0.2828481607259041,0
16.128,3.919494674956173,-0.15585738292375317,-1.6058854428867617,3.827723040566118,-1.5663315936229578,0.120643575434577,-0.1984399594901488,0.12320837982113354,-0.17819606795798457,1.4134565900395264,-0.029883685554824124,-0.0865434099604736,0,0,FOLLOWING,1.4167733695590794,0.28232402293280456,0
16.16,3.919348235437017,-0.1597155183948328,-1.6116091967116783,3.8192211332103474,-1.5691941634790372,0.11809908524593407,-0.19920532332732077,0.12065307149080892,-0.17886779704653008,1.4130306038967146,-0.030106389340165626,-0.08696939610328536,0,0,FOLLOWING,1.416347985615666,0.2818490707739518,0
16.192,3.91918318701577,-0.16349139298623752,-1.6173550846427929,3.810672678236598,-1.5719307567597653,0.1155659523272728,-0.19999278441530663,0.11810828883386008,-0.1795594934818981,1.4126131713750563,-0.030332431056415254,-0.08738682862494374,0,0,FOLLOWING,1.4159307700850743,0.2814240282997254,0
16.224,3.9190003683911674,-0.1671852816347087,-1.6231237451519822,3.8020778472154926,-1.574541153768525,0.11304501122531047,-0.20080237550763286,0.11557485950671842,-0.18027114238745331,1.4122044564395095,-0.030561795342657797,-0.08779554356049046,0,0,FOLLOWING,1.415521884071094,0.2810495821958321,0
16.256,3.9188006141628415,-0.1707974924379264,-1.628915816549463,3.7934368126484403,-1.5770251449398693,0.11053710364762065,-0.20163412717324555,0.11305361818553537,-0.18100273871220715,1.411804622952931,-0.030794467044805485,-0.08819537704706892,0,0,FOLLOWING,1.4151214886075827,0.2807263800976943,0
16.288,3.9185847542906935,-0.1743283668528155,-1.6347319372105216,3.78474974796417,-1.5793825308563474,0.10804307849923608,-0.20248806752934637,0.11054540666891308,-0.18175428449135747,1.4114138346714915,-0.03103043083711987,-0.08858616532850849,0,0,FOLLOWING,1.4147297446551073,0.2804550289851668,0
16.32,3.9183536135415915,-0.17777827988943848,-1.640572745729635,3.776016827515253,-1.5816131222645118,0.10556379191334544,-0.2033642219270221,0.10805107392695512,-0.18252578657706217,1.4110322552381835,-0.031269670911939544,-0.08896774476181646,0,0,FOLLOWING,1.4143468130957424,0.2802360936677225,0
16.352,3.918108010922807,-0.1811476402997674,-1.646438881014281,3.7672382265746034,-1.5837167400901133,0.10310010727605678,-0.2042626126092171,0.10557147613865232,-0.18331725475364377,1.4106600481746034,-0.03151217072504186,-0.08933995182539656,0,0,FOLLOWING,1.4139728547262225,0.28007009536988536,0
16.384,3.9178487591014535,-0.18443689076072617,-1.652330982328506,3.758414121331959,-1.5856932154524772,0.10065289524512908,-0.20518325835474252,0.10310747672181972,-0.1841287001674362,1.4102973768710358,-0.03175791278615536,-0.08970262312896415,0,0,FOLLOWING,1.4136080302494682,0.27995751042619443,0
16.416,3.9175766638092315,-0.18764650805088218,-1.6582496892944716,3.749544688890345,-1.5875423896780603,0.09822303376251224,-0.20612617411763837,0.1006599463560599,-0.1849601340135087,1.4099444045748313,-0.032006878486033896,-0.09005559542516872,0,0,FOLLOWING,1.4132525002644871,0.2798987690943801,0
16.448,3.917292523231848,-0.19077700322014088,-1.6641956418586976,3.7406301072625205,-1.5892641143131903,0.0958114080604861,-0.20709137066795574,0.09822976299876653,-0.18581156643236646,1.409601294377067,-0.032259047953034914,-0.09039870562293295,0,0,FOLLOWING,1.4129064252546333,0.2798942544947334,0
16.48,3.916997127382551,-0.19382892175177086,-1.6701694802284615,3.7316705553674057,-1.590858251135984,0.09341891066114165,-0.20807885423766623,0.09581781189410139,-0.18668300557733597,1.4092682091974504,-0.03251439993344607,-0.09073179080254956,0,0,FOLLOWING,1.412569965574197,0.27994430168283063,0
16.512,3.9166912574592305,-0.19680284371605594,-1.6761718447828073,3.72266621302649,-1.5923246721674418,0.09104644136891069,-0.209088626173692,0.09342498557480464,-0.18757445682106144,1.408945311767432,-0.03277291169081509,-0.09105468823256802,0,0,FOLLOWING,1.4122432814332875,0.28004919686189467,0
16.544,3.9163756851845974,-0.1996993839148432,-1.6822033759617696,3.7136172609602234,-1.5936632596817255,0.08869490725581447,-0.21012068259884176,0.09105218385663576,-0.18848592207457915,1.4086327646114793,-0.033034558920417734,-0.09136723538852065,0,0,FOLLOWING,1.4119265328809603,0.28020917674008056,0
16.576,3.91605117212898,-0.20251919201622173,-1.688264714136713,3.7045238807843903,-1.5948739062156063,0.08636522263907241,-0.21117501408061362,0.0887003138251955,-0.18941739919734152,1.4083307300264483,-0.033299315675709096,-0.09166926997355174,0,0,FOLLOWING,1.4116198797865354,0.28042442803693163,0
16.608,3.9157184690153075,-0.20526295267853553,-1.6943564994641425,3.6953862550064627,-1.595956514577094,0.0840583090506835,-0.21225160530726986,0.08637028981485674,-0.1903688814805296,1.408039370058998,-0.03356715430417335,-0.09196062994100207,0,0,FOLLOWING,1.411323481819048,0.2806950871421554,0
16.64,3.915378315005877,-0.2079313856628998,-1.7004793717248499,3.6862045670219388,-1.596910997853238,0.0817750951985675,-0.21335043477024723,0.08406303337944943,-0.1913403571888188,1.4077588464809692,-0.03383804539046831,-0.09224115351903084,0,0,FOLLOWING,1.4110374984247578,0.2810212399287146,0
16.672,3.9150314369705397,-0.21052524593335356,-1.706633970149887,3.6769790011106602,-1.597737279417107,0.07951651691883167,-0.21447147445177764,0.08177947325434812,-0.192331809148682,1.4074893207626664,-0.034111957705169164,-0.09251067923733358,0,0,FOLLOWING,1.4107620888026515,0.2814029217210803,0
16.704,3.9146785487359663,-0.21304532374374774,-1.7128209332345348,3.6677097424331144,-1.5984352929339385,0.07728351711870594,-0.21561468951650425,0.07952054530955659,-0.19334321437334012,1.4072309540439527,-0.03438885815772763,-0.09276904595604729,0,0,FOLLOWING,1.4104974118778633,0.28184011741829945,0
16.736,3.9143203503156765,-0.2154924447104283,-1.7190408985411851,3.658396977026721,-1.5990049823664654,0.07507704570966926,-0.21678003800587528,0.07728719249336874,-0.1943745437161211,1.406983907103079,-0.03466871175252683,-0.09301609289692103,0,0,FOLLOWING,1.4102436262729254,0.28233276177037586,0
16.768,3.9139575271205613,-0.2178674698697396,-1.7252945024918276,3.649040891802094,-1.5994463019794147,0.07289805953027308,-0.21796747053414064,0.07508036476615258,-0.19542576154573485,1.4067483403231695,-0.03495148154715855,-0.09325165967683047,0,0,FOLLOWING,1.4100008902767724,0.28288073980532186,0
16.8,3.91359074914965,-0.22017129571933244,-1.731582380150668,3.6396416745392917,-1.5997592163431786,0.07074752225814857,-0.21917692998485336,0.07290101902377216,-0.1964968254378599,1.4065244136562647,-0.035237128612199964,-0.09347558634373532,0,0,FOLLOWING,1.4097693618114107,0.2834838874031222,0
16.832,3.913220670160913,-0.22240485424222484,-1.7379051649972672,3.6301995138840493,-1.5999437003366594,0.06862640431066871,-0.2204083512068799,0.07075011901015436,-0.19758768587881248,1.4063122865848394,-0.035525611991931834,-0.09368771341516058,0,0,FOLLOWING,1.4095491983961639,0.28414199201181606,0
16.864,3.912847926821921,-0.22456911291252385,-1.7442634886904533,3.620714599343991,-1.5999997391492862,0.06653568273371999,-0.2216616607090335,0.06862863521849787,-0.19869828597731615,1.4061121180806955,-0.03581688866557364,-0.09388788191930453,0,0,FOLLOWING,1.4093405571094015,0.2848547934999087,0
16.896,3.9124731378402373,-0.2266650746816785,-1.7506579808231961,3.6111871212848263,-1.5999273282822035,0.06447634107802419,-0.22293677635255985,0.06653754478054959,-0.1998285611819753,1.4059240665611425,-0.036110913508687885,-0.09407593343885745,0,0,FOLLOWING,1.4091435945476596,0.2856219851384311,0
16.928,3.9120969030734347,-0.22869377794409498,-1.7570892686685278,3.601617270926532,-1.5997264735486327,0.06244936926243698,-0.22423360704082457,0.06447783134344978,-0.20097843900155318,1.4057482898423606,-0.03640763925451673,-0.09425171015763945,0,0,FOLLOWING,1.4089584667820554,0.2864432147051431,0
16.96,3.9117198026186983,-0.23065629648090616,-1.7635579769165564,3.5920052403395113,-1.599397191073405,0.06045576342363607,-0.22555205240566223,0.06245048493351568,-0.20214783872653053,1.4055849450898534,-0.03670701645506469,-0.09441505491014657,0,0,FOLLOWING,1.4087853293119001,0.2873180857026687,0
16.992,3.9113423958820053,-0.23255373938065022,-1.7700647274025578,3.58235122244074,-1.598939507291668,0.05849652575160076,-0.22689200248995786,0.060456501806444164,-0.20333667115033408,1.4054341887658923,-0.03700899344180675,-0.09456581123410768,0,0,FOLLOWING,1.4086243370154121,0.2882461586817351,0
17.024,3.910965220626928,-0.23438725093557403,-1.776610138826098,3.5726554109898956,-1.5983534589467616,0.056572664310271956,-0.2282533374261358,0.058496884283280114,-0.20454483828904843,1.4052961765738434,-0.037313516285949255,-0.09470382342615657,0,0,FOLLOWING,1.408475644097429,0.28922695266018283,0
17.056,3.9105887920031535,-0.23615801051224028,-1.7831948264611135,3.5629180005854666,-1.5976390930872704,0.05468519284277256,-0.22963592711032513,0.05657264057158556,-0.20577223309881648,1.4051710633992847,-0.03762052875819988,-0.09482893660071534,0,0,FOLLOWING,1.4083394040340178,0.2902599466280317,0
17.088,3.910213601554884,-0.23786723239508098,-1.7898194018568492,3.5531391866608466,-1.5967964670632444,0.052835130560557726,-0.2310396308720658,0.054684784571162284,-0.20701873919013386,1.4050590032478065,-0.037929972288058826,-0.09494099675219347,0,0,FOLLOWING,1.4082157695138846,0.29134458112860084,0
17.12,3.909840116209314,-0.23951616560150374,-1.7964844725295435,3.543319165480415,-1.595825648521597,0.051023501915856494,-0.23246429713949987,0.05283433566371504,-0.2082842305387019,1.4049601491793946,-0.03824178592263561,-0.0950398508206054,0,0,FOLLOWING,1.408104892376477,0.29248025990551363,0
17.152,3.909468777245474,-0.24110609366712357,-1.8031906416447374,3.533458134135596,-1.594726715400672,0.0492513363567598,-0.2339097631000736,0.05102231848580541,-0.2095685711924343,1.4048746532392924,-0.03855590628506045,-0.09512534676070761,0,0,FOLLOWING,1.4080069235466828,0.29366635160536336,0
17.184,3.909099999243764,-0.24263833439965934,-1.809938507690087,3.5235562905409012,-1.5934997559239887,0.047519668064302543,-0.2353758543568485,0.04924976268446088,-0.21087161497457355,1.4048026663852435,-0.038872267532536586,-0.09519733361475646,0,0,FOLLOWING,1.4079220129660177,0.29490219152585045,0
17.216,3.9087341690165953,-0.24411423960000295,-1.816728664138538,3.51361383342996,-1.5921448685931583,0.04582953567088332,-0.2368623845805869,0.04751770265478366,-0.21219320518271204,1.404744338411007,-0.039190801314131996,-0.09525566158899301,0,0,FOLLOWING,1.4078503095202024,0.2961870833993439,0
17.248,3.9083716445206202,-0.24553519474893945,-1.8235616991017536,3.5036309623515307,-1.5906621621799752,0.04418198195936276,-0.2383691551578437,0.04582717725889254,-0.2135331742839339,1.4046998178660501,-0.0395114367283953,-0.09530018213394986,0,0,FOLLOWING,1.4077919609630276,0.2975203012020453,0
17.28,3.9080127537510974,-0.24690261865796886,-1.830438194973659,3.493607877665493,-1.589051755717687,0.04257805354217894,-0.23989595483535195,0.04417922952556304,-0.2148913436061308,1.4046692519713213,-0.039834100280908835,-0.09533074802867869,0,0,FOLLOWING,1.4077471138364082,0.29890109097924855,0
17.312,3.9076577936190393,-0.24821796308265517,-1.8373587280639931,3.4835447805388298,-1.5873137784914357,0.04101880051981854,-0.2414425593610531,0.04257490632986495,-0.21626752302565685,1.4046527865309921,-0.04015871584190145,-0.09534721346900787,0,0,FOLLOWING,1.407715913386523,0.3003286726775606,0
17.344,3.907307028811858,-0.24948271229690516,-1.8443238682217653,3.4734418729415872,-1.5854483700278805,0.03950527611798405,-0.24300873112217125,0.04101525805217584,-0.21766151065183198,1.4046505658400925,-0.04048520460404181,-0.09534943415990749,0,0,FOLLOWING,1.4076985034759473,0.3018022419753983,0
17.376,3.906960690638314,-0.2506983826265604,-1.8513341784485162,3.4632993576428235,-1.5834556800839954,0.03803853630280152,-0.24459421878078588,0.03950133821588177,-0.21907309250832932,1.4046627325879268,-0.04081348504055238,-0.09533726741207316,0,0,FOLLOWING,1.4076950264916799,0.3033209721035728,0
17.408,3.9066189758586694,-0.2518665219406685,-1.858390214501309,3.453117438206537,-1.5813358686350476,0.036619639373418146,-0.2461987569074064,0.038034203103115026,-0.22050204221220496,1.404689427757192,-0.041143472863786945,-0.09531057224280803,0,0,FOLLOWING,1.4077056232489713,0.3048840156483116,0
17.44,3.9062820455010456,-0.25298870909878646,-1.8654925244853766,3.4428963189875814,-1.5790891058617529,0.035249645531348406,-0.24782206561310227,0.03661491134788257,-0.22194812065068667,1.4047307905187056,-0.041475080984425094,-0.09526920948129436,0,0,FOLLOWING,1.4077304328908673,0.3064905063296402,0
17.472,3.9059500236650657,-0.25406655335266126,-1.872641648436382,3.4326362051275665,-1.5767155721366153,0.03392961642593568,-0.24946385018078623,0.03524452350594288,-0.22341107565650006,1.4047869581216597,-0.04180821947143265,-0.09521304187834034,0,0,FOLLOWING,1.4077695927833729,0.30813956074864446,0
17.504,3.905622996313987,-0.25510169370062485,-1.8798381178922556,3.422337302550735,-1.5742154580094443,0.032660614675310375,-0.25112380069629847,0.03392410160077203,-0.22489064168216583,1.40485806577932,-0.04214279551295963,-0.09514193422068007,0,0,FOLLOWING,1.4078232384061595,0.30983028009775276,0
17.536,3.9053010100566263,-0.25609579819304185,-1.8870824554545949,3.4119998179598356,-1.5715889641920604,0.03144370336224173,-0.25280159167998295,0.03265470864504294,-0.22638653947378196,1.4049442465501027,-0.04247871337833887,-0.09505575344989725,0,0,FOLLOWING,1.407891503238739,0.31156175182878115,0
17.568,3.904984070920483,-0.25705056318715264,-1.894375174339637,3.4016239588319728,-1.5688363015421782,0.030279945504295736,-0.2544968817194923,0.03143740813696232,-0.22789847574520214,1.4050456312139463,-0.0428158743813587,-0.09495436878605368,0,0,FOLLOWING,1.407974518642018,0.31333305127412303,0
17.6,3.904672143964544,-0.2579678312625037,-1.9017173634187654,3.3912099334144408,-1.5659576910464814,0.029170396282560174,-0.2562092048113175,0.030276766159343684,-0.22944443998568378,1.4051622379500197,-0.043153622777297056,-0.09483776204998029,0,0,FOLLOWING,1.4080723034675184,0.31514324321706344,0
17.632,3.904365149113143,-0.2588493787148876,-1.909109612227704,3.3807579507205463,-1.5629533638028805,0.028116108909047432,-0.2579380809704473,0.029171094372809937,-0.2310088277366833,1.4052941692510248,-0.04349176521160447,-0.0947058307489752,0,0,FOLLOWING,1.4081849611045387,0.31699138340779637,0
17.664,3.904062962326837,-0.259696955216975,-1.9165522597027638,3.3702682205254115,-1.5598235610019593,0.027118137933263647,-0.2596830595081888,0.028119906323151773,-0.2325838076780278,1.4054415738282522,-0.043830331691151025,-0.09455842617174781,0,0,FOLLOWING,1.4083126413682276,0.31887652002230704,0
17.696,3.9037654074998427,-0.2605114034528406,-1.924045718896491,3.359740953361766,-1.556568533907614,0.02617759871767254,-0.2614436206780696,0.02709699822738772,-0.23417169589465783,1.4056054539247114,-0.04416900236373045,-0.09439454607528863,0,0,FOLLOWING,1.4084563484129669,0.32079769506182865,0
17.728,3.9034722819743166,-0.26129523133722937,-1.9315905112020983,3.3491763605157177,-1.5531885438368793,0.025295547861493003,-0.26321928679571066,0.02615150168722602,-0.23577587837314357,1.405785296347545,-0.044507788189148245,-0.09421470365245499,0,0,FOLLOWING,1.4086155700666687,0.3227539456911144,0
17.76,3.903183316784255,-0.26205034684117395,-1.939186924964806,3.338574654022518,-1.5496838621389506,0.024473033017137834,-0.26500960673643637,0.025266290748055753,-0.23738907199613637,1.4059811562690685,-0.044846741867358375,-0.0940188437309315,0,0,FOLLOWING,1.4087903631297147,0.3247443055142516,0
17.792,3.902898197641695,-0.262778641799637,-1.9468352928957129,3.3279360466622996,-1.5460547701734,0.023711096009168948,-0.2668141337420774,0.02444127889852079,-0.23901266330465595,1.4061931221254098,-0.045185848652417704,-0.09380687787459019,0,0,FOLLOWING,1.4089808178809884,0.3267678057872281,0
17.824,3.902616560610204,-0.2634820216776743,-1.9545359531005089,3.3172607519558115,-1.5423015592875875,0.023010772808495762,-0.26863241684345873,0.02367730531051157,-0.24064682089498013,1.4064212855678309,-0.04552507093033786,-0.09357871443216914,0,0,FOLLOWING,1.4091870280203047,0.3288234765668601,0
17.856,3.902337990218047,-0.26416240784977196,-1.9622892436644976,3.3065489841601305,-1.538424530793273,0.022373093095078067,-0.27046399495226575,0.022975314298088342,-0.24229154413914583,1.4066657377315896,-0.04586435354031648,-0.09333426226841035,0,0,FOLLOWING,1.409409086941888,0.33091034779610995,0
17.888,3.9020620181480505,-0.26482173710459217,-1.9700954995676614,3.29580095826436,-1.534423995942424,0.02179907966271034,-0.272308392534814,0.022336270205433908,-0.24394673600343544,1.4069265682250158,-0.04620362641134723,-0.09307343177498417,0,0,FOLLOWING,1.4096470867289004,0.33302745032616476,0
17.92,3.9017881220174817,-0.2654619607088329,-1.9779550501948187,3.2850168899853194,-1.530300275902231,0.021289747718084256,-0.27416511644429503,0.02176114484676006,-0.24561222164532262,1.4072038644928977,-0.04654280655705234,-0.0927961355071023,0,0,FOLLOWING,1.4099011175223768,0.33517381687596487,0
17.952,3.9015157241867717,-0.2660850432856629,-1.985868217212962,3.2741969957632096,-1.5260537017293219,0.020846104096995752,-0.27603365362275634,0.021250913028979686,-0.24728775988799506,1.4074977112916627,-0.046881799682996446,-0.09250228870833732,0,0,FOLLOWING,1.4101712670019764,0.3373484829301726,0
17.984,3.9012441905925,-0.2666929615501035,-1.9938353127295108,3.263341492757273,-1.5216846143431852,0.020469146413012593,-0.2779134694562793,0.020806549405887612,-0.24897305199904218,1.4078081902325232,-0.04722050149810131,-0.09219180976747676,0,0,FOLLOWING,1.4104576199347023,0.3395504875768073,0
18.016000000000002,3.900972829606643,-0.26728770291831666,-2.0018566376726263,3.2524505988414325,-1.5171933644988,0.020159862149802147,-0.27980400661928134,0.020429025852305733,-0.250667748629967,1.4081353793750198,-0.047558798792060486,-0.09186462062498024,0,0,FOLLOWING,1.410760257774003,0.34177887428599485,0
18.048000000000002,3.9007008909250214,-0.2678712640023276,-2.0099324803482403,3.2415245325999207,-1.5125803127584778,0.01991922770541628,-0.281704684283836,0.020119309184310034,-0.2523714553384269,1.4084793528590265,-0.04789657032659056,-0.09152064714097352,0,0,FOLLOWING,1.4110792582973062,0.3440326916314774,0
18.080000000000002,3.9004275644881528,-0.26844564899899376,-2.0180631151382085,3.230563513322889,-1.5078458294629153,0.019748207394695783,-0.28361489760050373,0.019878359137621038,-0.2540837369985434,1.4088401805661068,-0.04823368757824387,-0.09115981943389317,0,0,FOLLOWING,1.4114146952728466,0.34631099395666914,0
18.112000000000002,3.9001519794378945,-0.269012867980101,-2.026248801311594,3.2195677610020126,-1.5029902947014637,0.019647752414393004,-0.2855340173805887,0.019707126540719558,-0.2558041213360922,1.4092179278031687,-0.0485700153626758,-0.09078207219683132,0,0,FOLLOWING,1.4117666381487388,0.3486128419871822,0
18.144000000000002,3.899873217338763,-0.2695767333767568,-2.0344885559193004,3.2085374963260684,-1.4980140982816152,0.01961870072899178,-0.2874618010965213,0.019656647992631192,-0.25749378844492393,1.409611094821027,-0.048907272841852485,-0.09038890517897302,0,0,FOLLOWING,1.412133589930984,0.35093730339185186,0
18.176000000000002,3.8995902527535917,-0.2701375410080404,-2.0427839233139498,3.197472940676511,-1.4929176396977069,0.019661990928588058,-0.2893974869768719,0.01962979188533195,-0.2592317176378273,1.4100212373116423,-0.04924339646683196,-0.0899787626883577,0,0,FOLLOWING,1.4125171125127909,0.35328345329435856,0
18.208000000000002,3.8993020438121424,-0.27069721550135306,-2.051135058323129,3.1863743161230262,-1.4877013280988516,0.019778547194600943,-0.29134030783036996,0.019672665101611322,-0.26097448576803,1.4104484942695326,-0.04957826573478607,-0.08955150573046744,0,0,FOLLOWING,1.4129173498792449,0.3556503747376127,0
18.240000000000002,3.8990074669794836,-0.2712574177379148,-2.0595421586017983,3.1752418454190767,-1.4823655822560884,0.019969291401990975,-0.29328944821675546,0.019779168914532637,-0.26272343112725666,1.4108932139305588,-0.049911585473828346,-0.08910678606944122,0,0,FOLLOWING,1.4133346558166582,0.35803715910309253,0
18.272000000000002,3.8987053291755913,-0.27181931732972636,-2.068005471409909,3.1640757519974283,-1.4769108305287657,0.02023516277910076,-0.29524398626937876,0.019936992060718133,-0.2644801039094625,1.4113561459990591,-0.05024279664805276,-0.08864385400094088,0,0,FOLLOWING,1.4137697863669392,0.3604429064873562,0
18.304000000000002,3.8983943955934355,-0.2723860394893099,-2.0765251804128537,3.152876259965667,-1.471337510830149,0.020577009172797714,-0.29720310672156586,0.020200646723748005,-0.266242516787118,1.4118363648738714,-0.05057210956095926,-0.08816363512612857,0,0,FOLLOWING,1.4142218206257064,0.36286672603793835,0
18.336000000000002,3.898073332534626,-0.2729596403773369,-2.0851013596791756,3.1416435941017014,-1.4656460705922685,0.02099565348654722,-0.2991659923015215,0.020542101995682783,-0.26800724475482657,1.4123338380158355,-0.050899420069345336,-0.08766616198416455,0,0,FOLLOWING,1.4146907320821558,0.3653077362508341,0
18.368000000000002,3.897740748338792,-0.27354211419688207,-2.0937340962170805,3.130377979849252,-1.459836966729995,0.021491896399462442,-0.3011318090926542,0.0209606616258612,-0.26977469221053907,1.4128485749047883,-0.05122457217957876,-0.08715142509521168,0,0,FOLLOWING,1.4151765365709104,0.3677650652317558,0
18.400000000000002,3.8973951851088278,-0.2741354365678999,-2.1024234578206085,3.1190796433133254,-1.4539106656043623,0.022066515445661832,-0.30309970440301803,0.021456960615861692,-0.2715442587057107,1.4133805834411566,-0.051547401441350615,-0.08661941655884342,0,0,FOLLOWING,1.4156792486466967,0.3702378509232962,0
18.432000000000002,3.897035116789219,-0.2747415662159707,-2.111169490492583,3.107748811255676,-1.4478676429851232,0.022720263699968383,-0.3050688057063567,0.022031745372201688,-0.27331526325646543,1.4139298653393573,-0.05186773762072417,-0.08607013466064273,0,0,FOLLOWING,1.41619887697986,0.37272524130010204,0
18.464,3.8966589485991543,-0.2753624429178244,-2.1199722172320303,3.096385711090254,-1.4417083840125566,0.023453868407501632,-0.3070382199770645,0.022685754501134282,-0.2750869869844076,1.4144964153298987,-0.05218540545235939,-0.08550358467010133,0,0,FOLLOWING,1.416735423561784,0.37522639453410256,0
18.496,3.8962650167069652,-0.2759999850073218,-2.128831637012126,3.0849905708786456,-1.4354333831585206,0.024268029597067597,-0.3090070332985108,0.023419704992782925,-0.27685867907054684,1.415080220765764,-0.052500225169688886,-0.08491977923423599,0,0,FOLLOWING,1.4172888833144224,0.3777404791317608,0
18.528,3.895851588013157,-0.27665608676536424,-2.137747723841515,3.073563619325488,-1.4290431441867522,0.02516341868450576,-0.3109743106846701,0.024234289063105756,-0.27862955936094863,1.4156812612875886,-0.05281201295636606,-0.08431873871241136,0,0,FOLLOWING,1.4178592437583233,0.38026667404530107,0
18.56,3.895416860031722,-0.2773326157320481,-2.146720425888421,3.062105085773887,-1.4225381801124284,0.026140677068433222,-0.31293909607226994,0.02513017216799101,-0.28039882032863156,1.416299508509597,-0.05312058134450748,-0.08370049149040293,0,0,FOLLOWING,1.4184464847010945,0.3828041687597182,0
18.592,3.8949589608727457,-0.27803140995085235,-2.155749664657272,3.0506152002008093,-1.41591901316098,0.027200414720334767,-0.31490041245133293,0.02610799121686973,-0.28216562871487094,1.4169349257199206,-0.05342573957238494,-0.08306507428007937,0,0,FOLLOWING,1.4190505779399005,0.3853521633573827,0
18.624,3.894475949330661,-0.2787542751514385,-2.164835334210538,3.039094193212471,-1.4091861747261654,0.028343208770871924,-0.3168572621099043,0.027168352870471264,-0.2839291269419978,1.4175874675927282,-0.053727293910816876,-0.08241253240727175,0,0,FOLLOWING,1.4196714869754035,0.3879098685619211,0
18.656,3.89396581508262,-0.2795029818770936,-2.173977300430273,3.0275422960397007,-1.4023402053274099,0.029569602094318786,-0.31880862697484613,0.028311831897551158,-0.2856884343542094,1.4182570799105259,-0.05402504796565433,-0.08174292008947415,0,0,FOLLOWING,1.4203091667354826,0.39047650576301424,0
18.688,3.893426479001412,-0.2802792625626711,-2.183175400315274,3.015959740533309,-1.3953816545664133,0.03088010189311807,-0.32075346903521246,0.02953896957782978,-0.2874426483303742,1.4189436992954718,-0.054318802962198376,-0.08105630070452818,0,0,FOLLOWING,1.420963563307556,0.393051307023645,0
18.72,3.892855793587257,-0.2810848085688392,-2.1924294413108574,3.0043467591594295,-1.3883110810830277,0.032275178284674626,-0.32269073083826844,0.030850272142343253,-0.28919084530355615,1.419647252948962,-0.054608358016264624,-0.0803527470510379,0,0,FOLLOWING,1.4216346136787354,0.3956335150712821,0
18.752,3.8922515435227045,-0.28192126717848265,-2.2017392006691554,2.9927035849948536,-1.3811290525104072,0.03375526289264909,-0.32461933605090115,0.032246209244905774,-0.2909320817146949,1.4203676583990283,-0.054893510395624734,-0.07963234160097166,0,0,FOLLOWING,1.4223222454833433,0.39822238327438936,0
18.784,3.89161144635474,-0.2827902385612063,-2.2111044248385547,2.981030451722353,-1.3738361454294399,0.035320747445169796,-0.3265381900811916,0.0337272124605012,-0.2926653949231095,1.421104823255355,-0.05517405577481548,-0.07889517674464508,0,0,FOLLOWING,1.4230263767575708,0.40081717560557983,0
18.816,3.8909331543535126,-0.2836930382924113,-2.2205256793894868,2.96932759362599,-1.3664329453224575,0.03697199258448621,-0.32844598204164127,0.03528782275566032,-0.2944163830401124,1.4218588241591796,-0.055448831674875354,-0.07814117584082036,0,0,FOLLOWING,1.4237470951844213,0.4034171665926606,0
18.848,3.890214254142873,-0.2846314151154253,-2.2300016913077143,2.9575952455864147,-1.3589200465262339,0.03870930172856723,-0.33034164162618246,0.036940539283991394,-0.2961275890132213,1.4226293539426702,-0.055718700510820174,-0.0773706460573298,0,0,FOLLOWING,1.4244841043461864,0.4060216412587421,0
18.88,3.8894522640042175,-0.2856068154345558,-2.2395321212792934,2.9458336430761514,-1.3512980521842697,0.040532936167488244,-0.33222407031678713,0.03867957245190565,-0.29782819168800473,1.4234162826971315,-0.05598344597012473,-0.0765837173028685,0,0,FOLLOWING,1.4252372857101905,0.408629895052512,0
18.912,3.8886446420697234,-0.28662061635118485,-2.2491166006721754,2.9340430221548726,-1.3435675741983721,0.04244311242517417,-0.3340921428023797,0.04050489420087241,-0.2995172747969126,1.4242194790292966,-0.05624284455262707,-0.07578052097070342,0,0,FOLLOWING,1.4260065195810416,0.41124123376970523,0
18.944,3.8877887852474635,-0.28767413248774043,-2.2587547251512876,2.92222361946466,-1.335729233179531,0.04444000083526456,-0.335944710443003,0.0424167192308519,-0.30119372258603566,1.4250388006855295,-0.05649667487835552,-0.07496119931447054,0,0,FOLLOWING,1.4267916757130763,0.41385497346674227,0
18.976,3.886882030323762,-0.2887686135209498,-2.2684460545443055,2.9103756722252574,-1.3277836583980942,0.046523724115520554,-0.337780604294236,0.04441523810327535,-0.30285641510783284,1.4258740936309418,-0.05674471771008349,-0.07412590636905825,0,0,FOLLOWING,1.4275926123856562,0.4164704403674316,0
19.008,3.885921655585844,-0.2899052410203198,-2.278190112799461,2.8984994182293073,-1.319731487733251,0.04869435599483696,-0.33959863771766313,0.04650059184858708,-0.30450423109515223,1.4267251919150485,-0.056986755789797616,-0.07327480808495146,0,0,FOLLOWING,1.428409176264757,0.4190869707635818,0
19.04,3.8849048826402375,-0.29108512527441327,-2.2879863879100233,2.8865950958375794,-1.3115733676218218,0.05095191989625714,-0.34139760867253127,0.04867286909857159,-0.30613604691959784,1.427591917599449,-0.057222573745824956,-0.07240808240055108,0,0,FOLLOWING,1.4292412023259697,0.4217039109103046,0
19.072,3.8838288783896955,-0.29230930216827394,-2.297834331811977,2.8746629439741853,-1.3033099530063588,0.0532963876744439,-0.34317630176854064,0.05093210530028873,-0.3077507357539649,1.4284740806818166,-0.05745195807078663,-0.07152591931818342,0,0,FOLLOWING,1.4300885137731698,0.4243206169167377,0
19.104,3.882690757165759,-0.2935787301205459,-2.3077333602676013,2.8627032021217858,-1.2949419072825714,0.055727678406835346,-0.34493349014260716,0.053278282033811145,-0.30934716713158017,1.429371479014678,-0.05767469715755036,-0.07062852098532191,0,0,FOLLOWING,1.4309509219513223,0.4269364546328563,0
19.136,3.8814876380429437,-0.29489423898834005,-2.317683165545463,2.8507161103167813,-1.2864699022460648,0.058245664944552716,-0.34666787088685064,0.05570905875595639,-0.31093398218799384,1.4302839712224715,-0.05789027101942113,-0.06971602877752847,0,0,FOLLOWING,1.431828299249932,0.4295507995329989,0
19.168,3.8802164780304076,-0.2962566751824021,-2.327682736477091,2.8387019091444983,-1.277894618038408,0.060850154567411344,-0.3483782196260677,0.05822901598132698,-0.3124891977244087,1.4312112520715357,-0.0580988227918211,-0.06878874792846434,0,0,FOLLOWING,1.4327203544899159,0.43216303659668076,0
19.2,3.878874246340126,-0.2976667489684984,-2.3377313847581913,2.8266608397343562,-1.2692167430925325,0.06354089964056513,-0.3500633009714872,0.06083560813775464,-0.3140229036019236,1.4321530798498217,-0.058300142349782196,-0.06784692015017835,0,0,FOLLOWING,1.4336268602672082,0.43477256018722904,0
19.232,3.87745787224902,-0.2991250788373021,-2.3478283856561584,2.8145931437550296,-1.2604369740774624,0.06631759588403373,-0.3517218707136338,0.06352847843225087,-0.31553396139802947,1.433109204145599,-0.05849402167774321,-0.06689079585440094,0,0,FOLLOWING,1.4345475807342896,0.4373787739287182,0
19.264,3.8759642455304344,-0.3006321915057497,-2.3579729768861157,2.8024990634095994,-1.251556015842386,0.06917988137945212,-0.35335267824592925,0.06630732442965467,-0.3170211975588495,1.4340793621403005,-0.05868025625172235,-0.06592063785969948,0,0,FOLLOWING,1.4354822678834382,0.4399810905816539,0
19.296,3.874390219319002,-0.3021885195526185,-2.3681643587335355,2.79037884143069,-1.2425745813600706,0.07212733563340167,-0.35495446880505716,0.06917179416016014,-0.3184834423615957,1.4350632782679116,-0.05885864511990179,-0.06493672173208842,0,0,FOLLOWING,1.4364306611961446,0.4425789319178188,0
19.328,3.87273261333517,-0.30379439892765325,-2.3784016942029145,2.778232721075598,-1.2334933916696222,0.07515947872536143,-0.3565259855567158,0.07212147579331687,-0.3199195307286759,1.436060664199687,-0.05902899098561943,-0.06393933580031308,0,0,FOLLOWING,1.4373924876172441,0.44517172859464527,0
19.36,3.870988217273249,-0.3054500665582116,-2.3886841091757307,2.7660609461214083,-1.2243131758186023,0.07827577054236427,-0.35806597156564934,0.07515589624192484,-0.3213283025179004,1.4370712188665966,-0.05919110032362296,-0.06292878113340339,0,0,FOLLOWING,1.4383674615661388,0.44775892002945833,0
19.392,3.8691537936056406,-0.3071556021517451,-2.3990108893356568,2.7538637608601055,-1.215034670804497,0.08147561191031416,-0.359573123388809,0.07827335446367434,-0.3227147516872289,1.4380946632399847,-0.059344556292984414,-0.061905336760015306,0,0,FOLLOWING,1.4393553197904754,0.4503399542738919,0
19.424,3.8672260828951335,-0.30891102808453746,-2.4093811073595632,2.741641410093667,-1.2056586215155507,0.08475834121427403,-0.3610461440323803,0.08147423748002688,-0.3240722215300322,1.4391306757796174,-0.05948914691627083,-0.060869324220382603,0,0,FOLLOWING,1.4403557566480207,0.45291428788876376,0
19.456,3.8652018061181432,-0.31071626754490367,-2.41979378048052,2.7293941391291527,-1.1961857806709673,0.08812323446112254,-0.36248374889148244,0.08475803406497526,-0.3253989793851116,1.440178917727475,-0.05962468642028318,-0.05982108227252492,0,0,FOLLOWING,1.4413684494475407,0.45548138581965236,0
19.488,3.8630776689658344,-0.31257113648855683,-2.430247888604434,2.7171221937737755,-1.1866169087604765,0.09156950497866154,-0.3638846664354015,0.08812402977737774,-0.3266938587309605,1.441239037477501,-0.059750994456207795,-0.05876096252249896,0,0,FOLLOWING,1.4423930628135364,0.45804072127341117,0
19.52,3.860850366038501,-0.3144753416919273,-2.440742374746528,2.7048258203299778,-1.1769527739832872,0.09509630313175642,-0.365247639014425,0.0915714385738361,-0.32795570668195956,1.4423106709348354,-0.059867896081954974,-0.05768932906516455,0,0,FOLLOWING,1.443429249031408,0.4605917755958069,0
19.552,3.8585165850432377,-0.3164284792210034,-2.451276145463832,2.692505265590479,-1.1671941521864118,0.09870271612766024,-0.3665714238024713,0.09509941033688123,-0.32918338386751095,1.4433934416465413,-0.059975221874993156,-0.056606558353458736,0,0,FOLLOWING,1.4444766481633111,0.4631340381504799,0
19.584,3.8560730110875694,-0.31843003309379986,-2.4618480713049182,2.680160776833329,-1.1573418268023798,0.10238776791208444,-0.3678547938592644,0.09870703146204649,-0.3303757649710686,1.4444869609283937,-0.0600728080767956,-0.05551303907160632,0,0,FOLLOWING,1.4455348881595362,0.46566700619937246,0
19.616,3.853516331075743,-0.32047937412648275,-2.472456987282368,2.6677926018169393,-1.1473965887863458,0.10615041915906723,-0.36909653929555347,0.10239332484712238,-0.33153173944060005,1.4455908280105512,-0.06016049675994494,-0.054409171989448835,0,0,FOLLOWING,1.4466035849882468,0.468190184784776,0
19.648,3.850843238201364,-0.32257575896919294,-2.483101693372602,2.655400988775115,-1.1373592365525882,0.10998956735761992,-0.37029546852613443,0.10615724990515962,-0.33265021234385633,1.4467046302048605,-0.060238136012888514,-0.05329536979513949,0,0,FOLLOWING,1.4476823427863657,0.4707030866131155,0
19.68,3.848050436528082,-0.324718329338657,-2.4937809550469536,2.6429861864120707,-1.1272305759104133,0.1139040469978625,-0.37145040959664577,0.10999770266537773,-0.33373010534484826,1.4478279430945211,-0.06030558013811361,-0.05217205690547888,0,0,FOLLOWING,1.4487707540323598,0.47320523194057523,0
19.712,3.8451346456492836,-0.3269061114543851,-2.504493503837219,2.630548443897439,-1.1170114199994632,0.11789262985905713,-0.37256021157121205,0.11391351597137236,-0.3347703577812274,1.4489603307465273,-0.06036268986004023,-0.0510396692534727,0,0,FOLLOWING,1.4498683997413708,0.4756961484606724,0
19.744,3.842092605417173,-0.3291380156847905,-2.5152380379383286,2.618088010861269,-1.1067025892244367,0.1219540254016353,-0.37362374596898573,0.117903459780099,-0.3357699278246128,1.4501013459471908,-0.06040933253934444,-0.049898654052809244,0,0,FOLLOWING,1.450974849683032,0.478175371193841,0
19.776,3.838921080731066,-0.33141283640904706,-2.5260132228503065,2.6056051373890186,-1.0963049111892254,0.1260868812649878,-0.3746399082384908,0.1219662415642388,-0.3367277937084413,1.4512505304609573,-0.06044538239078934,-0.04874946953904269,0,0,FOLLOWING,1.4520896626222202,0.4806424423791054,0
19.808,3.835616866374232,-0.3337292520999399,-2.536817692061227,2.593100074016532,-1.0858192206304738,0.13028978387245269,-0.37560761925943004,0.12610050682011106,-0.33764295500910907,1.452407415312634,-0.06047072070193682,-0.047592584687365935,0,0,FOLLOWING,1.4532123865828914,0.4830969113678908,0
19.84,3.83217679188814,-0.33608582563235645,-2.5476500477724775,2.5805730717250146,-1.0752463593505663,0.13456125914459272,-0.3765258268622901,0.13030483968280449,-0.3385144339683697,1.4535715210930504,-0.06048523605039069,-0.046428478906949566,0,0,FOLLOWING,1.454342559135069,0.4855383345200219,0
19.872,3.8285977264725437,-0.33848100482142496,-2.5585088616672933,2.5680243819359907,-1.0645871761500427,0.13889977332150139,-0.3773935073566684,0.1345777636498933,-0.33934127684569987,1.4547423582880836,-0.060488824517421776,-0.045257641711916374,0,0,FOLLOWING,1.4554797077049537,0.4879662751019438,0
19.904,3.82487658389944,-0.3409131231936234,-2.5693926757231957,2.5554542565062635,-1.0538425267594604,0.14330373389451515,-0.3782096670597701,0.13891774241459878,-0.34012255529027646,1.4559194276308869,-0.060481389896030364,-0.044080572369113113,0,0,FOLLOWING,1.4566233499080377,0.4903803031871848,0
19.936,3.821010327428617,-0.3433804009934699,-2.5803000030686727,2.542862947722856,-1.0430132737706939,0.14777149064734543,-0.37897334381699854,0.1433231808089492,-0.3408573677238344,1.4571022204770718,-0.06046284389167367,-0.04289777952292817,0,0,FOLLOWING,1.4577729939050141,0.49277999555908736,0
19.968,3.8169959747121913,-0.34588094642765793,-2.5912293288841624,2.53025070829795,-1.0321002865676827,0.15230133680627198,-0.3796836085069854,0.14779242585697616,-0.3415448407252516,1.4582902192024971,-0.060433106314036866,-0.04170978079750287,0,0,FOLLOWING,1.4589281387801891,0.49516493561581676,0
20.0,3.812830901656503,-0.34841276091893253,-2.6021804308655696,2.5176177913638123,-1.0211044412566395,0.15689155361849424,-0.3803392873453776,0.1523158042938991,-0.3422253664710819,1.4594831612148302,-0.060390882452563854,-0.04051683878516976,0,0,FOLLOWING,1.460088538283392,0.49753471327765464,0
20.032,3.8085123249985595,-0.35097372520256664,-2.6131520572511935,2.504964450467714,-1.0100266205957134,0.16154036324175433,-0.38093922113223205,0.15689724173046735,-0.3428667737204744,1.4606805879862903,-0.06033580506128722,-0.0393194120137097,0,0,FOLLOWING,1.4612537503169145,0.49988892489656656,0
20.064,3.804037449554905,-0.35356161301105093,-2.624142614749158,2.4922909395668444,-0.9988677139241218,0.16624592599079394,-0.3814823367049986,0.1615370797654333,-0.34345838920536764,1.4618819618360053,-0.060267805318876544,-0.03811803816399473,0,0,FOLLOWING,1.4624232535444412,0.5022271731680502,0
20.096,3.7994035536706954,-0.35617409426768265,-2.6351504982445157,2.4795975130232106,-0.9876286170907529,0.17100634571335677,-0.38196763692657737,0.16623347414752498,-0.34399984337702705,1.4630867367737639,-0.06018681156864903,-0.036913263226236115,0,0,FOLLOWING,1.463596518144094,0.5045490670452458,0
20.128,3.794607997498528,-0.3588087362127891,-2.646174093178144,2.4668844255985354,-0.9763102323822468,0.1758196728285634,-0.38239419229180405,0.1709844118495526,-0.3444908410814647,1.4642943628759872,-0.06009274844835799,-0.03570563712401276,0,0,FOLLOWING,1.464773010164477,0.5068542216552925,0
20.16,3.7896482273944363,-0.36146300570722184,-2.6572117753583884,2.4541519324491414,-0.9649134684505581,0.18068390717795774,-0.3827611344257611,0.1757878285522644,-0.34493108128097205,1.465504286857516,-0.05998553795913164,-0.0344957131424839,0,0,FOLLOWING,1.4659521920783771,0.5091422582179155,0
20.192,3.784521779979639,-0.3641342719295936,-2.6682619109549908,2.4414002891208315,-0.9534392402400093,0.18559700072780247,-0.38306765110739954,0.18064161983446705,-0.3453202627490297,1.4667159523514175,-0.059865100414704386,-0.033284047648582504,0,0,FOLLOWING,1.467133523044577,0.511412803966219,0
20.224,3.7792262861438872,-0.36681980932669567,-2.679322856722673,2.42862975154376,-0.9418884689138368,0.19055686016904275,-0.3833129824962515,0.18554364258382297,-0.34565809124710756,1.467928800219283,-0.05973135522833628,-0.03207119978071704,0,0,FOLLOWING,1.468316459200283,0.5136654920696594,0
20.256,3.773759474992277,-0.3695168007925437,-2.690392960426382,2.415840576027297,-0.9302620817802416,0.19556134945314743,-0.3834964183001994,0.19049171572875329,-0.3459442858271327,1.4691422689161984,-0.059584221553208305,-0.03085773108380163,0,0,FOLLOWING,1.4695004540084207,0.5158999615591673,0
20.288,3.7681191777139977,-0.3722223410649934,-2.70147056143972,2.403033019254879,-0.9185610122179377,0.2006082922932016,-0.3836172956731477,0.19548362115877022,-0.34617858424348497,1.4703557949060624,-0.05942361879427249,-0.029644205093937614,0,0,FOLLOWING,1.4706849586555446,0.5181158572544008,0
20.32,3.7623033313515375,-0.37493344033018783,-2.7125539914923764,2.390207338278865,-0.9067861996012283,0.2056954746523211,-0.38367499767264185,0.2005171048864485,-0.3463607476098007,1.4715688131209843,-0.05924946700676603,-0.02843118687901569,0,0,FOLLOWING,1.4718694224941642,0.5203128296930744,0
20.352,3.7563099824509205,-0.37764702802503564,-2.7236415755463916,2.3773637905153717,-0.8949385892245858,0.2108206472356067,-0.3836689521406778,0.20558987842707738,-0.34649056442508935,1.4727807574591065,-0.05906168719389049,-0.027219242540893474,0,0,FOLLOWING,1.473053293523879,0.5224905350623522,0
20.384,3.7501372905755135,-0.38035995682763424,-2.7347316327843902,2.3645026337391086,-0.8830191322267638,0.21598152799715806,-0.3835986308976335,0.21069962036793907,-0.3465678540728342,1.4739910613158664,-0.05886020151377113,-0.026008938684133565,0,0,FOLLOWING,1.4742360189064003,0.5246486351322538,0
20.416,3.743783531667682,-0.38306900682519035,-2.7458224776955276,2.3516241260782054,-0.8710287855144396,0.22117580466991207,-0.3834635491607797,0.2158439781025055,-0.34659246987487896,1.4751991581443185,-0.05864493340402133,-0.024800841855681544,0,0,FOLLOWING,1.4754170455101292,0.5267867971910473,0
20.448,3.7372471012441375,-0.3857708898485807,-2.756912421246969,2.33872852600903,-0.858968511685392,0.22640113732305783,-0.3832632651161514,0.22102056970805437,-0.346564301764141,1.4764044820406261,-0.058415807630781025,-0.02359551795937387,0,0,FOLLOWING,1.4765958204804466,0.5289046939825814,0
20.48,3.730526517412173,-0.38846225396227224,-2.7679997721301337,2.3258160923510003,-0.8468392789512227,0.23165516094935956,-0.3829973795866189,0.226226985948949,-0.3464832786215256,1.477606468351185,-0.05817275026818791,-0.02239353164881508,0,0,FOLLOWING,1.4777717918322217,0.5310020036455217,0
20.512,3.723620423695184,-0.3911396880978856,-2.7790828380718273,2.3128870842613924,-0.834642061059628,0.23693548808276965,-0.3826655357504445,0.23146079239162082,-0.34634937030334545,1.4788045542980703,-0.057915688613744194,-0.02119544570192966,0,0,FOLLOWING,1.4789444090612751,0.5330784096544554,0
20.544,3.716527591656916,-0.39379972681926995,-2.7901599272005146,2.299941761230136,-0.8223778372162246,0.24223971144512205,-0.3822674188740901,0.23671953162150192,-0.34616258936488237,1.4799981796196084,-0.05764455104522881,-0.020001820380391555,0,0,FOLLOWING,1.4801131237716258,0.5351336007628181,0
20.576,3.7092469233147316,-0.3964388552065672,-2.8012293494573917,2.2869803830746074,-0.8100475920059385,0.24756540661938956,-0.38180275603108144,0.24200072555734203,-0.3459229924601015,1.4811867872227948,-0.05735926682565973,-0.018813212777205157,0,0,FOLLOWING,1.4812773903152907,0.5371672709476052,0
20.608,3.701777453332829,-0.3990535138463927,-2.812289418040187,2.274003209934416,-0.797652315313961,0.2529101347458787,-0.3812713157858471,0.24730187786505664,-0.34563068136475567,1.4823698238440002,-0.057059765864740264,-0.01763017615599982,0,0,FOLLOWING,1.4824366664410982,0.5391791193558291,0
20.64,3.6941183509866926,-0.4016401039149763,-2.823338450864599,2.261010502266184,-0.7851930022462813,0.25827144523675494,-0.38067290782811897,0.25262047648193664,-0.34528580352723726,1.4835467407138438,-0.056745978448423884,-0.016453259286156152,0,0,FOLLOWING,1.4835904139484315,0.5411688502526755,0
20.672,3.6862689218900377,-0.40419499234089723,-2.8343747720232493,2.248002520838311,-0.772670653049793,0.2636468785033743,-0.38000738255028776,0.2579539962743064,-0.3448885519911508,1.484716994221169,-0.056417834953434116,-0.015283005778830905,0,0,FOLLOWING,1.4847380993408543,0.5431361729713302,0
20.704,3.6782286094749574,-0.4067145170339495,-2.8453967132144196,2.2349795267257537,-0.7600862730320009,0.2690339686899564,-0.3792746305676664,0.2632999018684584,-0.3444391644507717,1.485880046569562,-0.05607526557133191,-0.014119953430437926,0,0,FOLLOWING,1.4858791944730954,0.5450808018644157,0
20.736,3.6699969962146586,-0.4091949921667151,-2.8564026151013135,2.221941781304775,-0.747440872480309,0.27443024640608826,-0.3784745821907744,0.2686556507190529,-0.34393792108012894,1.4870353664176343,-0.05571820007848993,-0.012964633582365659,0,0,FOLLOWING,1.4870131771826074,0.5470024562570193,0
20.768,3.661573804575771,-0.4116327134956584,-2.867390828545599,2.208889546247703,-0.7347354665809144,0.2798332414492715,-0.3776072068706321,0.2740186965139497,-0.3433851406037573,1.4881824294909012,-0.05534656770555246,-0.011817570509098818,0,0,FOLLOWING,1.4881395318935775,0.5489008604012585,0
20.8,3.6529588976832,-0.41402396370905514,-2.878359715633799,2.1958230835176784,-0.7219710753373072,0.28524048550705544,-0.3766725126542207,0.2793864930654865,-0.3427811738232704,1.4893207191481628,-0.054960297185562286,-0.010679280851837225,0,0,FOLLOWING,1.4892577501762758,0.5507757434323483,0
20.832,3.644152279674097,-0.41636501778994406,-2.889307650378065,2.182742655363396,-0.709148723488384,0.29064951482601004,-0.37567054571000325,0.28475649891335814,-0.34212639344127915,1.4904497268779158,-0.05455931709755868,-0.00955027312208423,0,0,FOLLOWING,1.4903673312373076,0.5526268393261311,0
20.864,3.6351540957075907,-0.4186521483836855,-2.900233018917849,2.1696485243138426,-0.6962694404261801,0.296057872831539,-0.3746013900161321,0.2901261829764862,-0.3414211784639639,1.491568952689457,-0.0541435566783699,-0.008431047310542894,0,0,FOLLOWING,1.4914677823054086,0.5544538868580309,0
20.896,3.625964631581608,-0.42088163116188365,-2.9111342189670117,2.156540953173025,-0.6833342601132293,0.3014631126778058,-0.37346516735179136,0.29549303176069563,-0.3406658906203064,1.492677905347059,-0.053712947358723,-0.007322094652941091,0,0,FOLLOWING,1.4925586188611781,0.5562566295633927,0
20.928,3.6165843128846142,-0.42304975017772106,-2.9220096581277164,2.1434202050147,-0.6703442209995559,0.3068627997000596,-0.37226203780296485,0.30085455888708595,-0.33986083894786834,1.4937761023711724,-0.05326742540514884,-0.006223897628827579,0,0,FOLLOWING,1.4936393646346888,0.5580348156991672,0
20.96,3.607013703573908,-0.42515280321273474,-2.9328577505054687,2.130286543177091,-0.6573003659393073,0.31225451373118196,-0.3709922011000018,0.3062083181050683,-0.33900622670227815,1.49486306969352,-0.05280693623959243,-0.005136930306480103,0,0,FOLLOWING,1.49470955125782,0.559788198206908,0
20.992,3.597253503816076,-0.42718710712259045,-2.9436769107728056,2.1171402312576038,-0.6442037421070319,0.31763585122839444,-0.36965589926511794,0.31155192157845124,-0.33810207162495,1.4959383407960771,-0.05233144130081868,-0.004061659203922874,0,0,FOLLOWING,1.4957687174012873,0.5615165346770423,0
21.024,3.587304546837579,-0.42914900320085386,-2.9544655443834538,2.103981533107535,-0.6310554009136117,0.3230044271316578,-0.3682534212944841,0.31688306622445434,-0.3371480856419475,1.4970014550756194,-0.05184092876583435,-0.002998544924380564,0,0,FOLLOWING,1.4968164071380066,0.5632195873143779,0
21.056,3.5771677943949016,-0.43103486259729673,-2.9652220319368414,2.090810712826781,-0.6178563979218543,0.3283578763372638,-0.366785110982542,0.32219957248385905,-0.33614349205746713,1.4980519550365152,-0.051335430164892504,-0.001948044963484774,0,0,FOLLOWING,1.4978521671354075,0.5648971229048134,0
21.088,3.566844330251632,-0.4328410918544536,-2.9759447045704115,2.0776280347585265,-0.6046077927617467,0.33369385460999984,-0.36525137959963544,0.32749944252003366,-0.33508674516493436,1.4990893816923605,-0.050815046067612446,-0.0009106183076394991,0,0,FOLLOWING,1.4988755420571958,0.5665489127832224,0
21.12,3.55633535068838,-0.43456413866881166,-2.986631805432545,2.064433763483954,-0.5913106490453944,0.3390100386606765,-0.36365272609970767,0.33278094921372897,-0.3339750952542546,1.5001132671962878,-0.05027998587738969,0.0001132671962877918,0,0,FOLLOWING,1.4998860671942769,0.5681747328024599,0
21.152,3.545640782180611,-0.4362005436417154,-2.997274191517399,2.051228163816922,-0.5779660342816286,0.3443038707281967,-0.36199154962432384,0.3380853455992546,-0.3325777189826414,1.5011217566410104,-0.049737811752982974,0.0011217566410104407,0,0,FOLLOWING,1.5008818903601426,0.5697743633034803,0
21.184,3.5347631260209784,-0.4377468944810566,-3.007875991538119,2.038011500798654,-0.5645750197903067,0.34957317145335715,-0.3602685769672873,0.34333459376397035,-0.33130936808720857,1.502115441960147,-0.04918301119058155,0.002115441960147013,0,0,FOLLOWING,1.5018636054061603,0.5713475890865221,0
21.216,3.5237039107077828,-0.43919981221299936,-3.0184349930749264,2.0247840396924213,-0.5511386806163053,0.35481568601084235,-0.3584847174199558,0.3485603334555974,-0.32997187765459096,1.5030938393806692,-0.04861634066023024,0.0030938393806692055,0,0,FOLLOWING,1.5028307301432426,0.5728941993833265,0
21.248,3.512464508727222,-0.44055598923927736,-3.0289478034965485,2.011546045978214,-0.537658095443215,0.3600291439451725,-0.3566413373225256,0.3537690200181079,-0.3285283648637918,1.5040561993655974,-0.04803975960526374,0.004056199365597424,0,0,FOLLOWING,1.5037825161244145,0.5744139878303676,0
21.28,3.501046165314905,-0.44181220680283273,-3.039409835044182,1.9982977853474178,-0.5241343465067421,0.36521124349330836,-0.35474049443231853,0.358966250274747,-0.32694148099163445,1.5050015376006556,-0.04745646503898815,0.005001537600655581,0,0,FOLLOWING,1.5047179796069887,0.5759067524430557,0
21.312,3.4894498695746754,-0.44296535490033656,-3.0498146334457203,1.9850395236974772,-0.5105685195078256,0.370359617013505,-0.35278530383741324,0.36416162410736763,-0.3251528960122243,1.5059285098062585,-0.046871578166068684,0.005928509806258475,0,0,FOLLOWING,1.5056357763512085,0.5773722955908899,0
21.344,3.4776598268877756,-0.44401436343197953,-3.0600671006698765,1.9717715271265623,-0.49696170352547625,0.3754688078781975,-0.350802196498705,0.3698849832492359,-0.32039241873915586,1.506818831904053,-0.0463798268177773,0.006818831904052969,0,0,FOLLOWING,1.50651762046378,0.5788104239735278,0
21.376,3.465679997954807,-0.44495755285166705,-3.0701790165003384,1.958494061928226,-0.4833149909293439,0.38053579015289485,-0.34881011610319984,0.3755187114975743,-0.31600007199318386,1.5076739497690486,-0.045969424025511074,0.00767394976904856,0,0,FOLLOWING,1.50736495516255,0.580220948597747,0
21.408,3.4535287550158715,-0.44579165612274185,-3.0802331952578874,1.9452073945860602,-0.46962947729202087,0.3855605975997577,-0.3468037292377015,0.38060979892421365,-0.31419574195780464,1.5085097175845223,-0.04555656817119891,0.008509717584522347,0,0,FOLLOWING,1.5081936331066754,0.5816036847552724,0
21.44,3.441209282259366,-0.44651382645615206,-3.090229402394784,1.9319117917683468,-0.4559062613010886,0.39054188279640384,-0.3447785583758015,0.38563411513967405,-0.3123840834988347,1.5093267150073255,-0.045140280798523946,0.009326715007325515,0,0,FOLLOWING,1.5090042323751978,0.5829584520014357,0
21.472,3.428724111459696,-0.44712135251424284,-3.1001671824618846,1.9186075203227078,-0.4421464446709144,0.3954782533832183,-0.3427309152775556,0.39061278202342675,-0.3105581922771085,1.5101247857495907,-0.04471984579746315,0.010124785749590748,0,0,FOLLOWING,1.5097965946475227,0.5842850741346528,0
21.504,3.4160757827657298,-0.44761162234118057,-3.1100459538792364,1.9052948472707436,-0.4283511320542003,0.40036828298291194,-0.3406578005611236,0.39554653748746205,-0.3087141266597844,1.510903703596361,-0.04429470736111643,0.010903703596361058,0,0,FOLLOWING,1.5105704912421463,0.5855833791766877,0
21.536,3.4032669072161914,-0.44798212166977797,-3.11986503163514,1.8919740398026819,-0.4145214309533075,0.40521052550537034,-0.3385568137687006,0.4004341197270519,-0.3068486543684697,1.5116632392560754,-0.043864446377089444,0.011663239256075375,0,0,FOLLOWING,1.5113256899792618,0.5868531993536736,0
21.568,3.390300170856153,-0.4482304359876808,-3.129623647456864,1.8786453652720096,-0.4006584516313401,0.4100035277666803,-0.33642607470471236,0.4052740611004359,-0.3049591734679783,1.5124031687818014,-0.043428760629300706,0.012403168781801366,0,0,FOLLOWING,1.51206196361264,0.5880943710778818,0
21.6,3.377178332737535,-0.448354252558024,-3.1393209675321923,1.8653090911901087,-0.38676330702301315,0.4147458401424143,-0.3342641547187676,0.41006487489611226,-0.3030436358326008,1.513123275912801,-0.04298744736463813,0.013123275912801047,0,0,FOLLOWING,1.5127790921823119,0.5893067349302006,0
21.632,3.363904222007787,-0.4483513621044707,3.1342291992120925,1.8519654852208869,-0.372837112645305,0.4194360254983488,-0.33207001662587154,0.4148050827974338,-0.30110047641151777,1.5138233535218526,-0.0425403879419588,0.0138233535218526,0,0,FOLLOWING,1.5134768644735257,0.590490135643316,0
21.664,3.3504807349905086,-0.4482176837168245,3.1246571601206097,1.8386148151754054,-0.3588809865079026,0.4240725845841527,-0.32984270575455354,0.4194942613260773,-0.2991285157407436,1.5145030884638586,-0.04208623275278578,0.014503088463858615,0,0,FOLLOWING,1.5141549643833248,0.5916444220855607,0
21.696,3.3369108336885227,-0.4479501113325715,3.1151491406419582,1.825257349006504,-0.3448960490234463,0.4286539916470294,-0.3275814587177966,0.42413194791535397,-0.2971278577211721,1.515162168716505,-0.04162423989607911,0.015162168716505109,0,0,FOLLOWING,1.5148130757472809,0.5927694472454198,0
21.728,3.3231975401317,-0.44754973472659626,3.1057057573614357,1.8118933548034235,-0.33088342291758205,0.43317889439025464,-0.325286131481548,0.42871310985441635,-0.29510792625748566,1.515800570293429,-0.041156092535815425,0.01580057029342896,0,0,FOLLOWING,1.5154511670547286,0.5938650682166681,0
21.76,3.3093439366322395,-0.4470148416178188,3.0963277219059586,1.7985231007864246,-0.3168442331388277,0.4376460063005064,-0.3229567399359197,0.4332377267319513,-0.2930657606730631,1.5164181433027097,-0.04068168211127787,0.016418143302709742,0,0,FOLLOWING,1.5160690828403023,0.5949311461841221,0
21.792,3.2953531609019375,-0.4463409322032576,3.087016276096799,1.7851468553014047,-0.30277960676826104,0.44205394347903226,-0.32059320095615107,0.43770924790113014,-0.2909847917458763,1.5170144823422955,-0.040199562560505164,0.017014482342295523,0,0,FOLLOWING,1.5166664137554817,0.5959675464099886,0
21.824,3.281228397419696,-0.445525290091703,3.0777726183264797,1.771764886814512,-0.28869067292903655,0.44640130140365486,-0.3181955671142425,0.44212553634179985,-0.2888663706199949,1.5175892682109628,-0.03970938406087443,0.01758926821096285,0,0,FOLLOWING,1.5172428349989742,0.5969741382207892,0
21.856,3.2669728737990504,-0.44456976812995475,3.0685976957858765,1.758377463906759,-0.2745785626957394,0.450686884499404,-0.3157645178656616,0.4464761851875629,-0.28671834483213543,1.5181426549152315,-0.03921350212318764,0.018142654915231482,0,0,FOLLOWING,1.5177984917783112,0.5979507949948455,0
21.888,3.2525898682074614,-0.443474163835746,3.05949253259016,1.7449848552686265,-0.2604444090035762,0.4549096249455456,-0.3133009926788566,0.4507623965527583,-0.28453831850560585,1.5186746742446946,-0.03871295473925951,0.0186746742446946,0,0,FOLLOWING,1.518333408404171,0.598897394150313,0
21.92,3.2380826918173953,-0.4422371892918607,3.050458077685744,1.7315873296946784,-0.24628934655743007,0.45906849864585264,-0.3108059797861138,0.4549855571184489,-0.282328639152531,1.519185253077956,-0.03820795280455824,0.019185253077955933,0,0,FOLLOWING,1.5188475048006502,0.5998138171337318,0
21.952,3.2234546829537174,-0.4408576559485645,3.0414952500044956,1.7181851560781625,-0.2321145117407597,0.46316251408481035,-0.30828050650832517,0.45914480888900905,-0.28009024320730197,1.519674323265981,-0.03769870290609667,0.019674323265981064,0,0,FOLLOWING,1.5193407056039325,0.6006999494091,0
21.984,3.2087092058038285,-0.4393345955638209,3.032604769543019,1.704778603405614,-0.2179210425243707,0.46719072363538006,-0.30572560324497133,0.46323886183053703,-0.2778293477378869,1.5201418415067094,-0.03718531695106497,0.02014184150670939,0,0,FOLLOWING,1.5198129599834918,0.6015556804474392,0
22.016000000000002,3.1938496477711262,-0.4376669595537514,3.0237876808116364,1.6913679407514581,-0.20371007837505803,0.4711522087851439,-0.3031423689980364,0.4672674185684731,-0.2755358111663194,1.520587748924605,-0.03666813961411952,0.02058774892460491,0,0,FOLLOWING,1.520264201401774,0.6023809037168438,0
22.048000000000002,3.1788794146661425,-0.4358539252149227,3.01504480590924,1.677953437272608,-0.18948276016412857,0.4750460959374139,-0.3005319245665644,0.47122925765576174,-0.2732165840688144,1.5210120119786112,-0.03614740122426152,0.021012011978611245,0,0,FOLLOWING,1.5206943883622386,0.6031755166730025,0
22.080000000000002,3.163801928225706,-0.433894788821555,3.0063769347308384,1.6645353622030639,-0.17524023007581066,0.4788715563645856,-0.29789540873495984,0.4751234874948412,-0.27087267299998924,1.5214146104048303,-0.035623338170770236,0.02141461040483028,0,0,FOLLOWING,1.5211034924278375,0.6039394207501716,0
22.112000000000002,3.148620622311815,-0.4317889609606595,2.99778482457942,1.6511139848485095,-0.1609836315155582,0.482627807580279,-0.29523397432195925,0.47894927430102013,-0.2685050965133665,1.5217955367599572,-0.035096189661627086,0.021795536759957157,0,0,FOLLOWING,1.5214914977798528,0.6046725213525956,0
22.144000000000002,3.1333389393114217,-0.4295359644197195,2.989269199780664,1.6376895745809061,-0.14671410901825707,0.4863141142461436,-0.29254878445285154,0.48270583085442675,-0.26611488519424714,1.5221547963697781,-0.03456619621047352,0.02215479636977813,0,0,FOLLOWING,1.5218584011799943,0.6053747278463594,0
22.176000000000002,3.1179603266071334,-0.4271354322533059,2.9808307513983063,1.6242624008330873,-0.13243280815634054,0.4899297887221641,-0.2898410090822235,0.48639241672112626,-0.2637030785191378,1.5224924072425863,-0.0340335984113338,0.022492407242586276,0,0,FOLLOWING,1.5222042118969725,0.6060459535516579,0
22.208000000000002,3.102488233106327,-0.42458710590004356,2.972470137039486,1.61083273309335,-0.11814087544782147,0.49347419132299786,-0.2871118217709664,0.49000833910286345,-0.2612707220445748,1.5228083999234245,-0.03349863590595792,0.022808399923424538,0,0,FOLLOWING,1.5225289515735239,0.6066861157354799,0
22.240000000000002,3.0869261058385704,-0.42189083331365007,2.9641879807423375,1.5974008409000469,-0.1038394582642487,0.4969467303300282,-0.28436239671332825,0.49355295337728466,-0.2588188648370526,1.5231028172979635,-0.032961546509276296,0.023102817297963485,0,0,FOLLOWING,1.5228326540427377,0.6072951356046863,0
22.272000000000002,3.0712773866324286,-0.4190465670832707,2.9559848729397165,1.5839669938361776,-0.08952970473859623,0.5003468617996477,-0.2815939060050479,0.4970256633053862,-0.25634855709416215,1.523375714355857,-0.03242256546715261,0.023375714355857058,0,0,FOLLOWING,1.5231153651035299,0.607872938299479,0
22.304000000000002,3.0555455088813757,-0.4160543625251261,2.947861370493985,1.5705314615239723,-0.0752127636730842,0.5036740892009985,-0.2788075171408497,0.5004259209595115,-0.25386084792411323,1.5236271579217904,-0.03188192482594143,0.023627157921790376,0,0,FOLLOWING,1.523377142263495,0.6084194528872555,0
22.336000000000002,3.039733894407143,-0.4129143757328338,2.939817996798434,1.5570945136194894,-0.06088978444696032,0.5069279629105489,-0.2760043907281929,0.5037532264227413,-0.25135678326344957,1.5238572263609158,-0.031339852897398046,0.023857226360915806,0,0,FOLLOWING,1.5236180544558489,0.6089346123568233,0
22.368000000000002,3.023845950427484,-0.40962686157803385,2.9318552419412858,1.543656419807197,-0.04656191692422088,0.5101080795861939,-0.27318567840366315,0.507007127301904,-0.24883740392153175,1.5240660092641598,-0.030796573805625282,0.024066009264159804,0,0,FOLLOWING,1.5238381817359223,0.6094183536129859,0
22.400000000000002,3.007885066634133,-0.40619217165633154,2.9239735629283774,1.530217449794562,-0.032230311361299786,0.5132140814397945,-0.27035252093848844,0.5101872180894227,-0.2463037437468215,1.5242536071178108,-0.030252307105065324,0.02425360711781077,0,0,FOLLOWING,1.5240376149616384,0.6098706174714801,0
22.432000000000002,2.991854612385649,-0.4026107521762495,2.9161733839606656,1.5167778733066368,-0.017896118314724783,0.5162456554240297,-0.2675060465200626,0.5132931394026998,-0.24375682791382106,1.5244201309610088,-0.02970726746036112,0.024420130961008812,0,0,FOLLOWING,1.5242164554615827,0.6102913486542628,0
22.464000000000002,2.975757934018855,-0.39888314179097106,2.9084550967626894,1.5033379600806465,-0.0035604885487495706,0.5192025323469704,-0.2646473691969848,0.5163245771248584,-0.24119767133064107,1.524565702034079,-0.02916166438029233,0.02456570203407904,0,0,FOLLOWING,1.5243748146936107,0.6106804957851365,0
22.496000000000002,2.9595983522816964,-0.39500996937428023,2.900819060958109,1.4898979798605743,0.010775427057030803,0.5220844859258025,-0.26177758747582064,0.5192812614663262,-0.2386272771680423,1.524690451420124,-0.028615701999094245,0.02469045142012405,0,0,FOLLOWING,1.5245128138963975,0.6110380113857096,0
22.528,2.943379159889574,-0.390991951743341,2.8932656044884286,1.4764582023917479,0.02511047760007376,0.5248913317894932,-0.258897783058537,0.5221629659632753,-0.23604663550977364,1.524794519681859,-0.02806957889931816,0.024794519681859084,0,0,FOLLOWING,1.5246305837359169,0.6113638518716874,0
22.56,2.927103619206499,-0.3868298913318883,2.885795024071075,1.4630188974154272,0.03944351224728347,0.5276229264388786,-0.25600901971028917,0.5249695064259188,-0.2334567221229899,1.5248780564953424,-0.027523487971146125,0.02487805649534236,0,0,FOLLOWING,1.524728263948506,0.6116579775494765,0
22.592,2.9107749600518074,-0.3825246738180806,2.8784075856930658,1.4495803346633853,0.05377338032740661,0.530279166171557,-0.2531123422479716,0.5277007398473683,-0.23085849734598446,1.524941220281998,-0.026977616303665904,0.024941220281998078,0,0,FOLLOWING,1.5248060029818813,0.6119203526131254,0
22.624,2.894396377632625,-0.37807726571174477,2.871103525136643,1.4361427838525034,0.06809893142339955,0.5328599859780734,-0.2502087756406086,0.530356563281752,-0.2282529050893629,1.5249841778400912,-0.02643214510414582,0.024984177840091215,0,0,FOLLOWING,1.524863957635312,0.6121509451415582,0
22.656,2.877971030601796,-0.3734887119060635,2.86388304853341,1.4227065146793474,0.08241901546479642,0.5353653584151367,-0.2472993242133293,0.5329369126986889,-0.22564087194532784,1.5250071039767192,-0.02588724964185651,0.025007103976719236,0,0,FOLLOWING,1.5249022926999618,0.6123497270961341,0
22.688,2.861502039240548,-0.36876013319894496,2.8567463329437066,1.4092717968147646,0.09673248282002805,0.5377952924609787,-0.24438497094727557,0.5354417618200524,-0.2230233063991004,1.525010181141174,-0.025343099213365416,0.025010181141174037,0,0,FOLLOWING,1.524921180600297,0.6125166743184982,0
22.72,2.8449924837648,-0.36389272378940773,2.849693526958163,1.3958388998984654,0.11103818438872126,0.5401498323574402,-0.24146667686838225,0.5378711209439134,-0.2204010981358044,1.5249935990605155,-0.024799857126661887,0.02499359906051546,0,0,FOLLOWING,1.524920801037367,0.6126517665287444,0
22.752,2.828445402753676,-0.35888774875432344,2.8427247513185994,1.3824080935336132,0.1253349716939485,0.5424290564429175,-0.23854538051850424,0.540225035759814,-0.21777511743604908,1.5249575543780638,-0.024257680701775364,0.024957554378063795,0,0,FOLLOWING,1.5249013406346867,0.6127549873238756,0
22.784,2.8118637916984777,-0.3537465415108075,2.8358400995556514,1.368979647281413,0.13962169697442875,0.5446330759799108,-0.2356219975028802,0.5425035861590103,-0.21514621465322134,1.5249022502954703,-0.023716721285876208,0.02490225029547033,0,0,FOLLOWING,1.5248629925873771,0.6128263241765588,0
22.816,2.795250601670115,-0.34847050126944906,2.82903963864072,1.355553830655702,0.15389721327667105,0.5467620339805829,-0.232697420108397,0.5447068850427703,-0.21251521976599425,1.524827896218986,-0.02317712428111696,0.024827896218986067,0,0,FOLLOWING,1.524805956315178,0.6128657684341798,0
22.848,2.7786087381027325,-0.343061090483429,2.8223234096500356,1.3421309131175396,0.1681603745470531,0.5488161040334357,-0.22977251698756343,0.546835077131666,-0.20988294199970117,1.5247347074104738,-0.02263902918369265,0.02473470741047379,0,0,FOLLOWING,1.524730437119893,0.612873315318189,0
22.88,2.7619410596910687,-0.3375198322984082,2.8156914284388206,1.3287111640697988,0.1824100357238277,0.55079548913395,-0.2268481329034911,0.5488883377783191,-0.207250169510929,1.5246229046436945,-0.02210256963282431,0.024622904643694543,0,0,FOLLOWING,1.5246366458477918,0.6128489639237398,0
22.912,2.7452503773988766,-0.33184830800787685,2.8091436863236887,1.315294852851761,0.1966450528290495,0.5527004205217916,-0.22392508853158216,0.5508668717861023,-0.20461766913006355,1.5244927138663293,-0.02156787346851807,0.02449271386632934,0,0,FOLLOWING,1.5245247985574368,0.6127927172196225,0
22.944,2.728539453575574,-0.3260481545184441,2.8026801507715873,1.3018822487337083,0.21086428306041483,0.5545311565269779,-0.22100418031391697,0.5527709122359418,-0.20198618615706618,1.5243443658681846,-0.02103506279711942,0.02434436586818456,0,0,FOLLOWING,1.5243951161933929,0.6127045820484882,0
22.976,2.71181100117813,-0.32012106182933225,2.796300766093694,1.28847362091152,0.22506658488300696,0.5562879814271894,-0.2180861803626897,0.5546007193233333,-0.19935644420643006,1.5241780959559665,-0.020504254063784977,0.02417809595596654,0,0,FOLLOWING,1.5242478242662008,0.6125845691273665,0
23.008,2.695067683095068,-0.3140687705301027,2.790005454142837,1.2750692385012699,0.2392508181209399,0.5579712043182362,-0.21517183640926874,0.556356579207532,-0.19672914509738573,1.523994143634996,-0.01997555813111207,0.023994143634995968,0,0,FOLLOWING,1.524083152538999,0.6124326930484756,0
23.04,2.678312111569339,-0.3078930693204111,2.783794115013071,1.2616693705338262,0.25341584404889134,0.5595811579995128,-0.2122618717957418,0.5580388028747268,-0.1941049687864063,1.523792752298172,-0.019449080363236337,0.023792752298172015,0,0,FOLLOWING,1.5239013347211041,0.6122489722803279,0
23.072,2.66154684771674,-0.3015957925553479,2.777666627740176,1.2482742859494464,0.26756052548352655,0.5611181978761118,-0.20935698550599588,0.5596477250169323,-0.19148457333867228,1.5235741689224902,-0.01892492071479568,0.023574168922490202,0,0,FOLLOWING,1.5237026081688605,0.6120334291691366,0
23.104,2.6447744011364414,-0.2951788178196794,2.7716228510018874,1.2348842535923878,0.281683726874784,0.5625827008791169,-0.20645785223360588,0.5611837029281403,-0.18886859493609479,1.5233386437733287,-0.018403173824180108,0.023338643773328727,0,0,FOLLOWING,1.5234872135939925,0.6117860899405102,0
23.136,2.6279972296101626,-0.28864406353406724,2.7656626238168003,1.2214995422055066,0.2957843143970444,0.5639750644054508,-0.20356512248395636,0.5626471154192232,-0.1862576479193472,1.5230864301167664,-0.017883929110597663,0.023086430116766365,0,0,FOLLOWING,1.5232553947797054,0.6115069847014568,0
23.168,2.611217738886441,-0.2819934865961051,2.7597857662408996,1.2081204204248646,0.30986115604015385,0.5652957052785144,-0.20067942270820044,0.564038361752886,-0.1836523248616405,1.5228177839400747,-0.017367270874461216,0.02281778394007472,0,0,FOLLOWING,1.5230073983047066,0.6111961474426902,0
23.2,2.594438282546443,-0.27522908005877683,2.753992080060787,1.1947471567743386,0.3239131217003028,0.5665450587307265,-0.197801355466785,0.5653578605999094,-0.18105319667229167,1.5225329636805562,-0.01685327840068629,0.02253296368055624,0,0,FOLLOWING,1.5227434732753184,0.6108536160412429,0
23.232,2.57766116194772,-0.26835287084870957,2.7482813494827103,1.1813800196602304,0.3379390832707522,0.567723577408944,-0.19493149962040177,0.5666060490177136,-0.17846081272779737,1.522232229962844,-0.01634202606449442,0.022232229962843908,0,0,FOLLOWING,1.522463871065801,0.6104794322633901,0
23.264,2.5608886262423156,-0.2613669175263735,2.7426533418165744,1.16801927736588,0.3519379147323989,0.5688317304036282,-0.19207041054635218,0.5677833814522457,-0.17587570102878883,1.5219158453447506,-0.01583358343937347,0.02191584534475055,0,0,FOLLOWING,1.5221688450669908,0.6100736417678903,0
23.296,2.5441228724656337,-0.254273308090156,2.737107808154162,1.1546651980462812,0.3659084922441736,0.569870002302508,-0.18921862037840143,0.5688903287640056,-0.17329836838103999,1.521584074071744,-0.015328015406833373,0.021584074071743897,0,0,FOLLOWING,1.5218586504433302,0.6096362941095461,0
23.328,2.5273660456924847,-0.2470741578260298,2.7316444840408534,1.1413180497226991,0.37984969423326437,0.5708388922693824,-0.18637663826830775,0.5699273772789483,-0.17072930059858155,1.5212371818400714,-0.014825382267657616,0.021237181840071395,0,0,FOLLOWING,1.5215335438983266,0.6091674427430899,0
23.36,2.5106202392567734,-0.23977160720432658,2.7262630901401868,1.1279781002772915,0.39376040148515723,0.5717389131486057,-0.1835449506672945,0.5708950278648346,-0.16816896272753132,1.5208754355685705,-0.01432573985435548,0.020875435568570522,0,0,FOLLOWING,1.5211937834484763,0.6086671450274022,0
23.392,2.4938874950312995,-0.23236781982493024,2.7209633328906517,1.114645617447732,0.40763949723348825,0.5725705905956978,-0.18072402162582654,0.5717937950336682,-0.16561779928887285,1.520499103179137,-0.013829139644536248,0.020499103179137057,0,0,FOLLOWING,1.5208396282056467,0.608135462230066,0
23.424,2.477169803764218,-0.22486498041201555,2.7157449051541582,1.1013208688218363,0.4214858672496986,0.5733344622344326,-0.1779142931101233,0.5726242060704451,-0.16307623453864997,1.5201084533858438,-0.0133356288749642,0.020108453385843772,0,0,FOLLOWING,1.5204713381679036,0.6075724595322671,0
23.456,2.4604691054687313,-0.21726529285927246,2.7106074868556576,1.0880041218321934,0.4352983999324844,0.5740310768406711,-0.17511618533391293,0.5733868001887453,-0.16054467274436815,1.5197037554926476,-0.012845250656039475,0.01970375549264758,0,0,FOLLOWING,1.5200891740187392,0.6069782060340427,0
23.488,2.4437872898626742,-0.2095709783263872,2.7055507456134706,1.074695643750792,0.44907598639704355,0.5746609935531225,-0.17233009710402059,0.5740821277132581,-0.15802349847569497,1.5192852791996412,-0.012358044086519637,0.01928527919964118,0,0,FOLLOWING,1.519693396934657,0.6063527747598974,0
23.52,2.4271261968546853,-0.20178427338738242,2.700574337359872,1.0613957016836657,0.46281752056408876,0.5752247811111367,-0.16955640617841974,0.5747107492894814,-0.15551307690871044,1.5188532944177302,-0.011874044368236358,0.018853294417730204,0,0,FOLLOWING,1.5192842684010182,0.6056962426647717,0
23.552,2.4104876170737684,-0.1939074282312638,2.695677906951566,1.0481045625655252,0.47652189924865107,0.5757230171195676,-0.16679546963547925,0.5752732351206514,-0.15301375414199622,1.5184080710916883,-0.011393282920658443,0.018408071091688294,0,0,FOLLOWING,1.5188620500360848,0.6050086906404001,0
23.584,2.3938732924390957,-0.1859427049152719,2.6908610887697026,1.0348224931544026,0.4901880222486435,0.5761562873406678,-0.16404762425316083,0.5757701642318994,-0.15052585752355174,1.5179498790314416,-0.010915787495101359,0.01794987903144163,0,0,FOLLOWING,1.5184270034231413,0.6042902035220455,0
23.616,2.377284916767007,-0.17789237567089966,2.68612350730912,1.0215497600262982,0.5038147924331855,0.5765251850129215,-0.1613131868970115,0.5762021237616447,-0.14804969598741094,1.5174789877514767,-0.010441582288429174,0.017478987751476716,0,0,FOLLOWING,1.517979389950586,0.6035408700956327,0
23.648,2.3607241364122244,-0.16975872126270175,2.681464777756547,1.0082866295698294,0.5174011158306827,0.5768303101966561,-0.15859245491583332,0.5765697082800503,-0.14558556039869272,1.5169956663182265,-0.009970688056098355,0.016995666318226466,0,0,FOLLOWING,1.5175194706598565,0.6027607831052834,0
23.68,2.344192550940419,-0.1615440293998038,2.6768845065575255,0.9950333679808844,0.530945901716652,0.5770722691462241,-0.15588570654397949,0.5768735191343867,-0.14313372390618012,1.5165001832053016,-0.009503122224399085,0.016500183205301555,0,0,FOLLOWING,1.5170475061010618,0.6019500392612683,0
23.712,2.327691713829331,-0.15325059319990042,2.67238229197184,0.9817902412572798,0.5444480627012854,0.5772516737084918,-0.15319320130926586,0.5771141638211013,-0.1406944423015313,1.5159928061563939,-0.009038899001770684,0.01599280615639387,0,0,FOLLOWING,1.5165637561961616,0.6011087392483841,0
23.744,2.3112231331957496,-0.14488070970542757,2.667957724617272,0.9685575151934216,0.5579065148167476,0.5773691407473286,-0.15051518044555462,0.5772922553843151,-0.1382679543839284,1.5154738020556988,-0.008578029489063166,0.015473802055698815,0,0,FOLLOWING,1.5160684801095359,0.6002369877347699,0
23.776,2.2947882725457682,-0.13643667845149546,2.6636103880015445,0.9553354553749708,0.5713201776041975,0.5774252915937444,-0.1478518673090993,0.57740841184039,-0.13585448232949882,1.5149434368056862,-0.008120521788638868,0.014943436805686217,0,0,FOLLOWING,1.515561936125792,0.5993348933811732,0
23.808,2.2783885515457953,-0.12792080008507528,2.6593398590423156,0.9421243271735128,0.5846879742005294,0.5774207515212881,-0.14520346779780033,0.5774632556282894,-0.13345423206455168,1.5144019752120272,-0.00766638111221285,0.01440197521202724,0,0,FOLLOWING,1.5150443815346184,0.5984025688506796,0
23.84,2.2620253468119356,-0.1193353750348542,2.6551457085751298,0.9289243957412332,0.5980088314248223,0.5773561492462805,-0.14257017077255718,0.5774574130852194,-0.13106739364195413,1.5138496808755069,-0.007215609887328611,0.013849680875506865,0,0,FOLLOWING,1.5145160725225213,0.5974401308189167,0
23.872,2.2456999927154206,-0.11068270223109042,2.6510275018492613,0.9157359260055897,0.611281679864502,0.5772321164524283,-0.13995214847995857,0.5773915139472616,-0.12869414161967097,1.5132868160907311,-0.006768207862400288,0.013286816090731124,0,0,FOLLOWING,1.5139772640712545,0.5964476999847563,0
23.904,2.229413782201898,-0.10196507787473692,2.6469847990113835,0.9025591826640043,0.6245054539611868,0.5770492873393323,-0.13734955697558446,0.5772661908743904,-0.12633463544102116,1.512713641751417,-0.006324172210218304,0.012713641751417093,0,0,FOLLOWING,1.5134282098627576,0.59542540108151,0
23.936,2.2131679676224505,-0.09318479425503545,2.6430171555770476,0.889394430178544,0.6376790920962364,0.5768082981943822,-0.1347625365472401,0.5770820789994957,-0.12398901981578678,1.5121304172620953,-0.005883497629870505,0.012130417262095294,0,0,FOLLOWING,1.5128691621904056,0.594373362888653,0
23.968,2.19696376157435,-0.08434413861472861,2.6391241228899545,0.8762419327706151,0.6508015366759792,0.5765097869875065,-0.13219121213748786,0.5768398155008236,-0.12165742510167193,1.51153740045601,-0.005446176447000628,0.011537400456010038,0,0,FOLLOWING,1.5123003718763879,0.593291718244084,0
24.0,2.1808023377496197,-0.0754453920619858,2.6353052485690314,0.8631019544156603,0.663871734216616,0.5761543929882277,-0.12963569376487033,0.576540039197365,-0.11933996768529924,1.5109348475190167,-0.005012198712342819,0.010934847519016744,0,0,FOLLOWING,1.5117220881950122,0.5921806040569343,0
24.032,2.164684831789583,-0.0664908285280972,2.6315600769433494,0.8499747588378598,0.6768886354287962,0.5757427564044546,-0.12709607694327335,0.5761833901665426,-0.1170367503624624,1.5103230129192773,-0.004581552298500658,0.010323012919277286,0,0,FOLLOWING,1.5111345588017357,0.5910401613209477,0
24.064,2.1486123421436725,-0.057482713769947597,2.6278881494749076,0.8368606095048393,0.6898511953018547,0.5752755180424356,-0.12457244309889032,0.5757705093837382,-0.11474786271694111,1.5097021493425522,-0.004154222994892542,0.009702149342552202,0,0,FOLLOWING,1.5105380296677346,0.589870535128448,0
24.096,2.132585930930862,-0.048423304416251624,2.624289005169367,0.8237597696223813,0.7027583731877067,0.574753318987277,-0.1220648599843097,0.5753020383829852,-0.11247338149738842,1.5090725076328804,-0.003730194600854553,0.009072507632880367,0,0,FOLLOWING,1.5099327450198021,0.5886718746849112,0
24.128,2.116606624802174,-0.03931484705650265,2.620762180974797,0.8106725021291428,0.7156091328843927,0.5741768003034304,-0.11957338208927325,0.5747786189382701,-0.11021337099182418,1.5084343367384545,-0.003309449016850596,0.008434336738454506,0,0,FOLLOWING,1.5093189472853925,0.587444333324162,0
24.16,2.1006754158028036,-0.030159577371562277,2.6173072121685226,0.7975990696913778,0.7284024427192648,0.5735466027545414,-0.11709805104766188,0.574200892764842,-0.10796788339944105,1.50778788366248,-0.002891966333756102,0.007787883662480066,0,0,FOLLOWING,1.5086968770426017,0.5861880685242139,0
24.192,2.0847932622324827,-0.020959719304801033,2.6139236327321855,0.7845397346976661,0.7411372756318113,0.5728633665420477,-0.114638896040352,0.5735695012398874,-0.10573695919906717,1.5071333934188271,-0.0024777249202090346,0.0071333934188271275,0,0,FOLLOWING,1.5080667729748938,0.5849032419237747,0
24.224,2.068961089502802,-0.011717484272682818,2.6106109757151175,0.7714947592536463,0.7538126092561104,0.5721277310619151,-0.11219593419355099,0.5728850851420181,-0.10352062751424784,1.5064711089922747,-0.002066701507984714,0.0064711089922746545,0,0,FOLLOWING,1.5074288718303868,0.583590019339434,0
24.256,2.053179790990272,-0.002435070413676896,2.6073687735861677,0.758464405176757,0.7664274260029046,0.5713403346788958,-0.10976917097230753,0.5721482844088684,-0.10131890647423956,1.505801271303148,-0.0016588712754046495,0.005801271303147892,0,0,FOLLOWING,1.5067834083854938,0.5822485707835597,0
24.288,2.037450228884004,0.006885338125627727,2.604196558574104,0.7454489339909764,0.7789807131412996,0.5705018145176968,-0.10735860056887742,0.5713597379122691,-0.09913180357092466,1.505124119176173,-0.001254207928744755,0.005124119176173059,0,0,FOLLOWING,1.506130615412748,0.5808790704829272,0
24.32,2.021773235140146,0.016241584104220445,2.6010938308592526,0.732448606921582,0.7914714628800595,0.5696128055374933,-0.10496419645515646,0.5705202770803458,-0.0969603203082792,1.5044398831052508,-0.0008526446351484472,0.004439883105250786,0,0,FOLLOWING,1.505470717437188,0.57948169689809,0
24.352,2.0061496126001086,0.02563154711449343,2.598060036204185,0.7194636848899019,0.8038986724485192,0.5686739391415216,-0.10258589671256542,0.5696308781915177,-0.09480615723273209,1.5037487805292358,-0.0004540460699913318,0.0037487805292357734,0,0,FOLLOWING,1.504803926004708,0.5780566327435356,0
24.384,1.9905801358072972,0.03505309075199768,2.595094710579824,0.7064944285080792,0.8162613441770852,0.5676858452800284,-0.1002236360299445,0.5686916542959415,-0.09266649532476684,1.5030510433480324,-5.838325005136369e-05,0.0030510433480324117,0,0,FOLLOWING,1.5041304672289382,0.5766040650086379,0
24.416,1.9750655518445444,0.044504094040336326,2.5921973919960144,0.6935410980738417,0.828558485577331,0.5666491524616907,-0.09787734520125507,0.5677032104538844,-0.09054127085385744,1.5023469021836284,0.0003343724874631526,0.00234690218362843,0,0,FOLLOWING,1.5034505660334077,0.5751241849794363,0
24.448,1.9596065807848826,0.053982452846414876,2.5893676205331855,0.6806039535652781,0.8407891094216741,0.5655644875535173,-0.09554695064070808,0.5666661728238425,-0.0884304191047378,1.501636585617768,0.0007242500434663235,0.0016365856177680271,0,0,FOLLOWING,1.5027644453877087,0.5736171882612636,0
24.48,1.9442039164194647,0.06348608045007392,2.586604938451679,0.667683254635619,0.8529522338226324,0.5644324755972189,-0.09323237399919077,0.5655811680947775,-0.08633387194588152,1.5009203200976164,0.0011112786616709336,0.000920320097616445,0,0,FOLLOWING,1.502072326212019,0.5720832748022557,0
24.512,1.9288582270232855,0.07301290803776739,2.5839088903123337,0.6547792606080264,0.8650468823116507,0.5632537396478295,-0.09093353186929973,0.564448821339487,-0.08425155747786922,1.500198329910368,0.0014954880037545415,0.0001983299103680558,0,0,FOLLOWING,1.5013744273505718,0.5705226489177632,0
24.544,1.9135701561171756,0.08256088516586677,2.581279023107769,0.6418922304703892,0.8770720839174926,0.5620289006330281,-0.0886503355667977,0.5632697556626529,-0.08218339969886428,1.4994708371685856,0.0018769082071914411,-0.0005291628314143537,0,0,FOLLOWING,1.5006709655558466,0.5689355193156985,0
24.576,1.898340323220213,0.09212798019711338,2.5787148864029854,0.6290224228701242,0.8890268732441918,0.5607585772312502,-0.08638269097823109,0.5620445920405513,-0.08012931821350555,1.4987380618002657,0.002255569926910894,-0.0012619381997343027,0,0,FOLLOWING,1.4999621554774807,0.5673220991228465,0
24.608,1.8831693245909948,0.10171218071090973,2.5762160324835084,0.6161700961089858,0.9009102905485543,0.5594433857668836,-0.0841304984659076,0.5607739491953075,-0.07808922799715587,1.4980002215427306,0.002631504362180514,-0.0019997784572693966,0,0,FOLLOWING,1.4992482096550073,0.5656826059121645,0
24.64,1.868057733956847,0.11131149388813075,2.5737820165091296,0.6033355081378831,0.9127213818172066,0.5580839401210514,-0.08189365282252759,0.5594584434876279,-0.07606303922112134,1.4972575319399692,0.003004743270488053,-0.002742468060030756,0,0,FOLLOWING,1.4985293385140404,0.5640172617311062,0
24.672,1.8530061032302638,0.12092394687130086,2.5714123966712874,0.590518916551697,0.92445919884319,0.5566808516566707,-0.07967204326862742,0.5580986888257062,-0.07405065713856546,1.4965102063431075,0.00337531897036536,-0.0034897936568925036,0,0,FOLLOWING,1.4978057503655882,0.5623262931310046,0
24.704,1.8380149632120393,0.13054758710110156,2.5691067343522884,0.5777205785841182,0.9361227993020764,0.555234729156603,-0.07746555348672679,0.5566952965890839,-0.0720519820274204,1.4957584559136932,0.003743264335056118,-0.0042415440863068365,0,0,FOLLOWING,1.4970776514081967,0.5606099311975304,0
24.736,1.8230848242806543,0.1401804826302345,2.566864594284715,0.5649407511024798,0.9477112468276234,0.5537461787738519,-0.07527406168669397,0.5552488755663628,-0.07006690918422465,1.4950024896295613,0.004108612778852994,-0.004997510370438718,0,0,FOLLOWING,1.496345245732664,0.5588684115822785,0
24.768,1.8082161770675853,0.14982072241568634,2.5646855447096435,0.5521796906026017,0.9592236110869463,0.5522158039928579,-0.07309744069740987,0.5537600319056415,-0.06809532896149378,1.494242514293005,0.004471398237686053,-0.00575748570699508,0,0,FOLLOWING,1.4956087353290806,0.5571019745355009,0
24.8,1.7934094931182696,0.1594664165904297,2.562569157532515,0.5394376532036447,0.9706589678552059,0.5506442056010237,-0.07093555808037108,0.5522293690765437,-0.0661371268408792,1.4934787345410467,0.00483165514535111,-0.006521265458953263,0,0,FOLLOWING,1.49486832009597,0.5553108649400291,0
24.832,1.7786652255385105,0.16911569671556187,2.560515008475757,0.5267148946429685,0.9820163990898059,0.5490319816696945,-0.06878827626133423,0.550657487842843,-0.06419218353493346,1.49271135285761,0.005189418406497559,-0.007288647142390081,0,0,FOLLOWING,1.4941241978513464,0.5534953323464148,0
24.864,1.7639838096261566,0.17876671601384156,2.558522677227442,0.5140116702709989,0.9932949930040952,0.5473797275438723,-0.06665545267660554,0.5490449862447024,-0.06226037511077447,1.4919405695874153,0.005544723367310489,-0.008059430412584723,0,0,FOLLOWING,1.4933765643455026,0.5516556310093311,0
24.896,1.7493656634879156,0.1884176495855348,2.556591747585469,0.5013282350461044,1.004493844140566,0.54568803584001,-0.0645369399309907,0.5473924595897025,-0.060341573130066224,1.4911665829514387,0.005897605784591864,-0.008833417048561332,0,0,FOLLOWING,1.4926256132753803,0.5497920199252609,0
24.928,1.73481118864119,0.19806669460743334,2.554721807596896,0.4886648435294776,1.0156120534435458,0.5439574964512821,-0.062432585964840075,0.5457005004518782,-0.05843564480050637,1.4903895890637948,0.006248101793802085,-0.009610410936205183,0,0,FOLLOWING,1.4918715363003687,0.5479047628715197,0
24.96,1.7203207706008563,0.20771207051586502,2.5529124496921756,0.4760217498800261,1.0266487283313743,0.542188696559776,-0.060342234227973655,0.5439696986781226,-0.05654245313513545,1.4896097819499083,0.006596247876466067,-0.01039021805009166,0,0,FOLLOWING,1.4911145230594165,0.5459941284466435,0
24.992,1.7058947794509158,0.21735201917447164,2.551163270814133,0.4633992078492726,1.0376029827680602,0.5403822206550879,-0.05826572385859959,0.542200641401333,-0.0546618571166185,1.488827353565854,0.006942080827269326,-0.01117264643414595,0,0,FOLLOWING,1.490354761189321,0.5440603901121819,0
25.024,1.6915335704009857,0.22698480502749482,2.5494738725415984,0.45079747077626076,1.0484739373344143,0.5385386505588481,-0.0562028898656407,0.5403939130597843,-0.052793711864315356,1.4880424938187589,0.007285637721063942,-0.01195750618124114,0,0,FOLLOWING,1.4895924363440989,0.5421038262359348,0
25.056,1.677237484327598,0.23660871523927868,2.547843861207652,0.43821679158247284,1.059260719298648,0.5366585654547269,-0.05415356331311097,0.5385500954223135,-0.050937868802556886,1.4872553905881487,0.007626955879962427,-0.012744609411851293,0,0,FOLLOWING,1.4888277322153187,0.5401247201366713,0
25.088,1.6630068483003182,0.24622205982066628,2.5462728480124843,0.42565742276674756,1.0699624626864421,0.5347425419235107,-0.052117571505427146,0.5366697676187678,-0.04909417582900719,1.4864662297481661,0.007966072840650984,-0.013533770251833888,0,0,FOLLOWING,1.4880608305533178,0.5381233601303756,0
25.12,1.6488419760926951,0.2558231717429459,2.5447604491308886,0.4131196164002202,1.0805783083504612,0.5327911539828548,-0.050094738172704434,0.5347535061754561,-0.0472624774823333,1.48567519519053,0.008303026322019846,-0.01432480480946996,0,0,FOLLOWING,1.4872919111891918,0.536100039578048,0
25.152,1.6347431686780864,0.26541040703997626,2.5433062858144284,0.40060362412125916,1.0911074040393318,0.5308049731313489,-0.04808488365525656,0.5328018850551592,-0.04544261510866677,1.484882468848187,0.008637854193205731,-0.015117531151813024,0,0,FOLLOWING,1.4865211520574824,0.534055056935111,0
25.184,1.6207107147104158,0.2749821448991004,2.541909984488329,0.38810969713041565,1.101548904466061,0.5287845683965523,-0.046087825086656174,0.530815475701363,-0.043634427026390324,1.4840882307195478,0.008970594442102797,-0.015911769280452237,0,0,FOLLOWING,1.485748729219475,0.5319887158024615,0
25.216,1.6067448909899436,0.28453678774143776,2.5405711768431622,0.3756380861853823,1.1119019713758953,0.5267305063866722,-0.0441033765748049,0.528794847086447,-0.041837748688961396,1.4832926588932394,0.009301285144415417,-0.016707341106760643,0,0,FOLLOWING,1.484974816887036,0.5299013249792014,0
25.248,1.592845962914138,0.29407276129212295,2.5392894999213813,0.3631890415959611,1.1221657736136197,0.524643351345581,-0.04213134938058458,0.526740565763434,-0.04005241284569724,1.482495929573295,0.009629964433293559,-0.0175040704267051,0,0,FOLLOWING,1.4841995874469016,0.5277931985170974,0
25.28,1.5790141849137624,0.30358851464104153,2.5380645961987933,0.35076281321903835,1.1323394871902808,0.5225236652108802,-0.04017155209371638,0.5246531959210825,-0.0382782497001092,1.4816982171047115,0.00995667046961346,-0.0183017828952885,0,0,FOLLOWING,1.4834232114853643,0.5256646557768013,0
25.312,1.5652498008743005,0.3130825202945936,2.5368961136610424,0.3383596504535713,1.1424222953493384,0.5203720076747376,-0.038223790805535965,0.5225332994420158,-0.036515087065717794,1.4808996939993115,0.010281441412927972,-0.01910030600068846,0,0,FOLLOWING,1.4826458578132766,0.5235160214858781,0
25.344,1.5515530445428545,0.32255327421899643,2.53578370587519,0.3259798022355813,1.1524133886322374,0.5181889362472354,-0.03628786927844886,0.5203814359635957,-0.03476275051927153,1.4801005309618396,0.010604315393138108,-0.019899469038160422,0,0,FOLLOWING,1.481867693491317,0.5213476257986785,0
25.376,1.537924139920668,0.33199929587561716,2.53472703205649,0.3136235170331587,1.1623119649433886,0.515975006321987,-0.03436358911187062,0.5181981629413231,-0.03302106355107587,1.4793008969162393,0.010925330482899566,-0.02069910308376066,0,0,FOLLOWING,1.4810888838554586,0.5191598043580988,0
25.408,1.5243633016414309,0.34141912824880977,2.533725757130434,0.301291042841475,1.172117229614565,0.5137307712437802,-0.03245074990450567,0.5159840357144877,-0.0312898477124106,1.478500959032052,0.011244524670811273,-0.02149904096794808,0,0,FOLLOWING,1.4803095925425773,0.5169528983592612,0
25.44,1.5108707353355346,0.35081133786670726,2.532779551790192,0.28898262717780643,1.1818283954686963,0.5114567823780334,-0.030549149412854446,0.5137396075738593,-0.029568922759881364,1.4777008827508833,0.011561935835378456,-0.022299117249116707,0,0,FOLLOWING,1.4795299815161573,0.5147272546151611,0
25.472,1.4974466379804527,0.3601745148154042,2.5318880925495257,0.27669851707656656,1.1914446828830652,0.5091535891818468,-0.02865858370586574,0.5114654298311818,-0.02785810679650233,1.47690083181289,0.011877601719786135,-0.023099168187109997,0,0,FOLLOWING,1.4787502110920345,0.5124832256243131,0
25.504,1.48409119823743,0.36950727274694267,2.531051061791298,0.2644389590843439,1.2009653198518986,0.5068217392764538,-0.026778847315680133,0.5091620518902636,-0.0261572164096392,1.476100968283242,0.012191559907472005,-0.023899031716758,0,0,FOLLOWING,1.4779704399641365,0.5102211696404374,0
25.536,1.4708045967746692,0.37880824888149867,2.5302681478116673,0.2522041992549613,1.21038954204834,0.504461778520878,-0.02490973338443661,0.5068300213194643,-0.024466066805533152,1.475301452578498,0.012503847798523982,-0.024698547421502015,0,0,FOLLOWING,1.4771908252301698,0.5079414507442094,0
25.568,1.4575870065772072,0.3880761040041428,2.529539044860096,0.2399944831445313,1.2197165928858142,0.5020742510866211,-0.023051033807127967,0.5044698839253816,-0.02278447194043119,1.474502443492888,0.012814502586875774,-0.02549755650711205,0,0,FOLLOWING,1.4764115224172236,0.5056444389171251,0
25.6,1.4444385932436767,0.3973095224565361,2.52886345317526,0.22781005580653058,1.2289457235787666,0.4996596995332055,-0.021202539370518438,0.5020821838275749,-0.021112244648356114,1.4737040982244245,0.013123561238320036,-0.026295901775575503,0,0,FOLLOWING,1.4756326855072344,0.5033305101174965,0
25.632,1.4313595152701586,0.4065072121238993,2.52824107901699,0.21565116178688037,1.2380761932027753,0.4972186648844162,-0.01936403988814423,0.49966746353412567,-0.019449196765370977,1.4729065724008374,0.013431060469310639,-0.027093427599162556,0,0,FOLLOWING,1.4748544669622925,0.5010000463586182,0
25.664,1.4183499243213202,0.415667904417578,2.5276716346943418,0.20351804511903904,1.2471072687540339,0.4947516867050844,-0.0175353243314367,0.4972262640179109,-0.01779513925045081,1.472110020105276,0.013737036726554576,-0.027889979894724082,0,0,FOLLOWING,1.474077017749743,0.4986534357891228,0
25.696,1.4054099654890504,0.4247903542535089,2.527154838589904,0.1914109493191043,1.2560382252081983,0.4922593031782697,-0.015716180957014894,0.4947591247933879,-0.016149882302900927,1.47131459390176,0.014041526167378748,-0.028685406098239996,0,0,FOLLOWING,1.4733004873670568,0.4962910727755576,0
25.728,1.3925397775387938,0.4338733400268766,2.5266904151804663,0.1793301173809252,1.2648683455785914,0.48974205118270403,-0.013906397430213404,0.49226658399381085,-0.014513235476425287,1.4705204448603446,0.014344564640845547,-0.02947955513965539,0,0,FOLLOWING,1.4725250238664367,0.4939133579871977,0
25.76,1.3797394931437914,0.4429156635832298,2.5262780950541335,0.1672757917712251,1.273596920973764,0.4872004663703679,-0.012105760944903962,0.4897491784486623,-0.012885007789820135,1.4697277225819694,0.014646187669614452,-0.030272277418030624,0,0,FOLLOWING,1.4717507738791367,0.49152069848311425,0
25.792,1.3670092391074349,0.4519161501863163,2.5259176149240115,0.15524821442473646,1.282223250654406,0.48463508324407517,-0.010314058339702312,0.4872074437612532,-0.011265007834412536,1.4689365752229706,0.014946430432512425,-0.03106342477702939,0,0,FOLLOWING,1.4709778826394593,0.4891135078015128,0
25.824,1.3543491365739397,0.4608736484828751,2.5256087176385527,0.1432476267393441,1.2907466420896019,0.4820464352349522,-0.008531076210627554,0.4846419143862942,-0.00965304387823662,1.4681471495192258,0.015245327747814397,-0.03185285048077424,0,0,FOLLOWING,1.4702064940084159,0.4866922060513477,0
25.856,1.3417593012275435,0.46978703046461157,2.5253511521886707,0.13127426957124122,1.2991664110124264,0.4794350547797015,-0.006756601020312935,0.48205312370738307,-0.008048923967051853,1.4673595908099133,0.015542914057192547,-0.032640409190086705,0,0,FOLLOWING,1.4694367504970218,0.4842572200062169,0
25.888,1.3292398434804333,0.47865519142756674,2.525144673711722,0.11932838323009132,1.3074818814748828,0.4768014733975456,-0.004990419203856592,0.4794416041142554,-0.006452456022314079,1.4665740430608694,0.015839223410322845,-0.03342595693913064,0,0,FOLLOWING,1.4686687932892066,0.4818089832005405,0
25.92,1.3167908685722438,0.48747704219287213,2.5249890928275383,0.10741020747421137,1.315692385902163,0.4741462225620615,-0.0032323306442919707,0.4768077491528426,-0.004861906218166728,1.4657906531948595,0.01613423573062267,-0.03420934680514054,0,0,FOLLOWING,1.467902766579737,0.47934793602800135,0
25.952,1.3044124921453124,0.49625153133011946,2.5248862638646585,0.09551998150575658,1.3237972651462444,0.47146984815212806,-0.0014826604260556784,0.474151961491568,-0.0032134086373283807,1.465009571244392,0.016425907042828314,-0.03499042875560798,0,0,FOLLOWING,1.4671388176926958,0.47687452584224654,0
25.984,1.2921047741760714,0.5049775957668228,2.524837567508392,0.08365794396591886,1.3317958685388067,0.46877289158061025,0.0002579527523695428,0.47147543947020576,-0.0015217646839721598,1.464230923602767,0.016712633487626857,-0.035769076397232924,0,0,FOLLOWING,1.4663770704307668,0.4743892070598209,0
26.016000000000002,1.2798677691233098,0.51365417559475,2.524842953876603,0.07182433293013801,1.339687553943468,0.46605588360387395,0.0019889766857446034,0.468778372881929,0.00016832044455396353,1.4634548458615326,0.016994235805281033,-0.03654515413846737,0,0,FOLLOWING,1.4656176578631184,0.47189244126529994,0
26.048000000000002,1.2677015268912104,0.5222802330056194,2.5249023090282217,0.06001938590332423,1.3474716878073356,0.4633193537954802,0.003709984097013101,0.46606127491335136,0.0018548449204337874,1.4626814727543578,0.01727060380383527,-0.03731852724564222,0,0,FOLLOWING,1.464860712248892,0.46938469731858523,0
26.080000000000002,1.2556060934415851,0.5308547536117975,2.5250154684132697,0.04824333981508966,1.3551476452118694,0.4605638306428289,0.005420648018930841,0.4633246709420801,0.0035362272179462395,1.4619109377752673,0.017541683847722478,-0.03808906222473274,0,0,FOLLOWING,1.464106364653311,0.46686645146430994,0
26.112000000000002,1.243581499766423,0.5393767468367507,2.5251809494107937,0.03649643101499467,1.3627148099230495,0.45778983116505517,0.007121056597701643,0.46056937902157136,0.005171277614108487,1.4611433637153262,0.017808742249894486,-0.03885663628467384,0,0,FOLLOWING,1.463354735491813,0.4643381874432917,0
26.144000000000002,1.2316278086016315,0.5478452694815632,2.5253968360237753,0.02477889526780297,1.3701725744408502,0.45499786854490104,0.008811752053183852,0.45779545483315576,0.006746453140239439,1.4603788878563833,0.01807351189416817,-0.039621112143616743,0,0,FOLLOWING,1.4626059596630923,0.46180039660596456,0
26.176000000000002,1.2197450849583198,0.5562594115383692,2.5256620561621483,0.013090967748750959,1.377520340048009,0.4521884618636979,0.010493436874852258,0.4550034529015421,0.008288125872764123,1.459617645575484,0.018336895570769233,-0.0403823544245161,0,0,FOLLOWING,1.4618601701891158,0.4592535780276965,0
26.208000000000002,1.2079333979233504,0.5646183025550091,2.5259762135280743,0.0014328830388268265,1.384757516858093,0.44936213480433423,0.012166777657720907,0.45219399888850526,0.009817414320265186,1.4588597681937427,0.018599138382153768,-0.041140231806257255,0,0,FOLLOWING,1.4611174960547413,0.4566982386258987,0
26.240000000000002,1.1961928142682723,0.5729210971485825,2.526338959529296,-0.0101951248799379,1.3918835238628553,0.44651941112784094,0.013832401009201493,0.4493676223274601,0.01133580927187862,1.4581053857976098,0.018860445155301612,-0.04189461420239016,0,0,FOLLOWING,1.4603780650489546,0.4541348932788039,0
26.272000000000002,1.1845233980459107,0.5811669740270293,2.526749985986945,-0.021792822629161712,1.398897788978879,0.44366081472802704,0.015490891935554925,0.4465248480122377,0.012844573646956677,1.457354627393623,0.019120986999817458,-0.04264537260637691,0,0,FOLLOWING,1.4596420039207083,0.4515640649457861,0
26.304000000000002,1.1729252103535754,0.5893551354982752,2.527209019405939,-0.033359977438803146,1.405799749093506,0.44078686968937564,0.01714279392067475,0.44366620033480525,0.014344791315077566,1.4566076209315808,0.019380906644390183,-0.043392379068419196,0,0,FOLLOWING,1.4589094384025674,0.44898628478907227,0
26.336000000000002,1.1613983091566351,0.5974848070993471,2.5277158161234765,-0.04489635715182638,1.4125888501100414,0.43789810034398474,0.018788610178821153,0.4407922037696231,0.015837394536416968,1.4558644933154399,0.019640322987625858,-0.04413550668456012,0,0,FOLLOWING,1.4581804932219506,0.44640209229666483,0
26.368000000000002,1.1499427491574314,0.605555237302577,2.5282701582124227,-0.05640173022886241,1.41926454699224,0.434995031327382,0.020428805683609302,0.43790338297771403,0.017323187551936806,1.4551253704136342,0.019899334956595904,-0.04487462958636579,0,0,FOLLOWING,1.457455292111695,0.4438120354062945,0
26.400000000000002,1.1385585816960604,0.6135656972774443,2.5288718500307685,-0.06787586575285776,1.4258263038080599,0.4320781876331654,0.022063809672962224,0.4350002628710513,0.0188028667731541,1.4543903770696711,0.020158024764725283,-0.045609622930328886,0,0,FOLLOWING,1.456733957820842,0.4412166706301859,0
26.432000000000002,1.1272458546724413,0.6215154806926707,2.5295207153211474,-0.07931853343370854,1.4322735937726896,0.4291480946664437,0.023694018406919426,0.4320833686717473,0.020277037971543656,1.4536596371128423,0.0204164606523074,-0.046340362887157704,0,0,FOLLOWING,1.4560166121255027,0.43861656318039416,0
26.464000000000002,1.1160046124818939,0.6294039035473522,2.5302165947763045,-0.09072950361288079,1.438605899290838,0.42620527829604404,0.025319798015883146,0.4291532259698815,0.021746230839556024,1.452933273368835,0.020674699184468626,-0.04706672663116507,0,0,FOLLOWING,1.455303375839597,0.4360122870944494,0
26.496000000000002,1.1048348959586782,0.6372303040230919,2.530959343997428,-0.10210854726802232,1.444822711998287,0.4232502649054384,0.02694148732414586,0.42621036078044094,0.02321091126749905,1.452211407670074,0.020932787173000737,-0.04778859232992594,0,0,FOLLOWING,1.4545943688253173,0.43340442536101403,0
26.528000000000002,1.093736742323643,0.6449940423514908,2.5317488317823593,-0.11345543601755659,1.4509235328027048,0.420283581442336,0.02855940056995997,0.4232552995992219,0.024671491652242597,1.4514941608656662,0.021190763280379166,-0.04850583913433382,0,0,FOLLOWING,1.4538897100031916,0.4307935700452315,0
26.560000000000002,1.0827101851333678,0.6526945006930925,2.5325849386898174,-0.12476994212526948,1.456907871923713,0.4173057554668814,0.030173829971088358,0.4202885694574887,0.026128339522690138,1.4507816528308644,0.021448659356622102,-0.049218347169135646,0,0,FOLLOWING,1.4531895173616645,0.428180322413408,0
26.592000000000002,1.071755254229067,0.6603310830251116,2.533467555833932,-0.13605183850487634,1.4627752489322057,0.4143173151983929,0.03178504810551392,0.4173106979750313,0.027581784736962236,1.450074002475995,0.02170650155251552,-0.04992599752400495,0,0,FOLLOWING,1.4524939079661576,0.425565293056634,0
26.624000000000002,1.0608719756841254,0.6679032150361137,2.5343965838705578,-0.14730089872458318,1.4685251927889202,0.41131878956058954,0.033393310092182285,0.41432221341140096,0.0290321254754131,1.4493713277548361,0.021964311246270185,-0.050628672245163875,0,0,FOLLOWING,1.45180299796758,0.4229491020129248,0
26.656,1.0500603717495265,0.6754103440263752,2.535371932143068,-0.15851689701162974,1.4741572418822522,0.4083107082252528,0.03499885556760122,0.41132364471514127,0.0304796332245463,1.4486737456724212,0.022222105814892146,-0.05132625432757876,0,0,FOLLOWING,1.4511169026102795,0.4203323788874063,0
26.688,1.0393204607966786,0.6828519388129866,2.5363935179606982,-0.16969960825681807,1.479670944065313,0.4052936016542783,0.03660191046170012,0.4083155215708693,0.03192455691905913,1.447981372292278,0.02247989927650007,-0.05201862770772192,0,0,FOLLOWING,1.4504357362394467,0.41771576297003454,0
26.72,1.0286522572572998,0.6902274896389842,2.5374612659870617,-0.18084880801904024,1.4850658566922332,0.4022680011400881,0.038202688581425434,0.40529837444416067,0.03336712638472785,1.4472943227431236,0.022737702825421202,-0.05270567725687636,0,0,FOLLOWING,1.4497596123079632,0.4150999033503161,0
26.752,1.0180557715600895,0.6975365080859007,2.538575107720276,-0.19196427252976922,1.4903415466536911,0.3992344388443665,0.0398013930137263,0.40227273462422397,0.034807555201293854,1.446612711224984,0.0229955252781866,-0.05338728877501597,0,0,FOLLOWING,1.4490886433827268,0.4124854590283951,0
26.784,1.0075310100639636,0.7047785269891926,2.5397349810493624,-0.20304577869755924,1.4954975904116896,0.39619344783510274,0.04139821736135908,0.3992391342644047,0.03624604308603505,1.4459366510148055,0.023253373445379033,-0.05406334898519449,0,0,FOLLOWING,1.4484229411504426,0.4098730990218905,0
26.816,0.9970779749876453,0.7119531003560293,2.5409408298742155,-0.21409310411252136,1.5005335740335555,0.3931455621219192,0.042993346825704715,0.39619810642053876,0.03768277788021664,1.445266254471519,0.023511252441671623,-0.05473374552848109,0,0,FOLLOWING,1.447762616422904,0.4072635024677644,0
26.848,0.9866966643354118,0.7190598032849471,2.542192603778634,-0.22510602705078564,1.5054490932251703,0.3900913166896676,0.04458695915086628,0.39315018508724653,0.03911793720726211,1.4446016330405833,0.02376916594421319,-0.05539836695941669,0,0,FOLLOWING,1.4471077791417595,0.4046573587184694,0
26.88,0.9763870718188055,0.7260982318868786,2.5434902577476874,-0.23608432647895405,1.510243753363429,0.3870312475302783,0.046179225442912364,0.3900959052322075,0.04055168985842772,1.4439428972580097,0.02402711640775035,-0.05605710274199027,0,0,FOLLOWING,1.446458538382772,0.40205536743156417,0
26.912,0.9661491867741233,0.7330680032070861,2.5448337519221838,-0.2470277820585336,1.5149171695279193,0.38396589167284506,0.04777031087740271,0.38703580282846406,0.04198419695200228,1.4432901567538579,0.02428510524338323,-0.056709843246142144,0,0,FOLLOWING,1.4458150023595715,0.3994582386519196,0
26.944,0.955982994075512,0.7399687551475351,2.546223051384191,-0.2579361741503612,1.5194689665318242,0.38089578721192746,0.04936037530745847,0.383970414884806,0.043415612903837476,1.442643520255211,0.024543132966696746,-0.05735647974478897,0,0,FOLLOWING,1.445177278426897,0.39686669288558307,0
26.976,0.9458884740435098,0.7468001463892717,2.547658125968551,-0.2688092838190099,1.5238987789520417,0.37782147333404925,0.05094957378364957,0.38090027947425437,0.044846086239586205,1.442003095588619,0.02480119932002234,-0.057996904411381056,0,0,FOLLOWING,1.4445454730833245,0.39428146116429613,0
27.008,0.9358656023488929,0.7535618563143841,2.5491389500961437,-0.2796468928371847,1.5282062511585226,0.3747434903423708,0.05253805699595818,0.37782593576068496,0.04627576027443391,1.4413689896820059,0.02505930337279905,-0.058631010317994114,0,0,FOLLOWING,1.4439196919734736,0.39170328509959984,0
27.04,0.925914349911709,0.7602535849271584,2.550665502625315,-0.2904487836901004,1.5323910373428191,0.3716623796795062,0.054125971647099445,0.37474792402356066,0.04770477368068336,1.4407413085660312,0.02531744360336763,-0.05925869143396878,0,0,FOLLOWING,1.4433000398896891,0.38913291692538615,0
27.072,0.9160346827953952,0.7668750527740622,2.55223776671844,-0.3012147395798519,1.5364528015458496,0.3685786839484572,0.05571346076550674,0.37166678568078226,0.04913326096073762,1.4401201573749063,0.025575617964995967,-0.059879842625093715,0,0,FOLLOWING,1.4426866207731874,0.3865711195276894,0
27.104,0.9062265620959096,0.7734260008622185,2.5538557297210436,-0.3119445444297577,1.5403912176848655,0.36549294693162815,0.05730066396541666,0.36858306330966134,0.050561352839525016,1.439505640346636,0.02583382393851341,-0.06049435965336403,0,0,FOLLOWING,1.442079537714655,0.3840186664604243,0
27.136,0.8964899438258159,0.7799061905760556,2.55551938305129,-0.32263798288870316,1.5442059695796335,0.3624057136078855,0.05888771766065502,0.3654973006659436,0.051989176588583805,1.4388978608227063,0.026092058573558674,-0.06110213917729368,0,0,FOLLOWING,1.4414788929543025,0.38147634194572155,0
27.168,0.8868247787932935,0.786315403591846,2.557228722097969,-0.33329484033545964,1.5478967509778165,0.3593175301676235,0.060474755237970385,0.3624100427008931,0.05341685629141648,1.4382969212471826,0.026350318520164784,-0.06170307875281744,0,0,FOLLOWING,1.4408847878813524,0.3789449408574199,0
27.2,0.8772310124760543,0.7926534417898637,2.5589837461253753,-0.34391490288299353,1.551463265579561,0.3562289440257902,0.06206190719507829,0.35932183557637337,0.054844513059224345,1.437702923165227,0.026608600052139053,-0.062297076834773035,0,0,FOLLOWING,1.4402973230329599,0.3764252686862041,0
27.232,0.867708584890174,0.7989201271639144,2.560784458183727,-0.3544979573827576,1.554905227061284,0.35314050383283047,0.0636493012479722,0.35623322667791124,0.0562722652035126,1.437115967221014,0.02686689908349171,-0.06288403277898591,0,0,FOLLOWING,1.439716598092555,0.3739181414847963,0
27.264,0.8582574304538544,0.8051153017280026,2.5626308650239227,-0.36504379142897037,1.558222359098659,0.3500527594834983,0.0652370624114956,0.3531447646256427,0.057700228372230954,1.4365361531550473,0.027125211178995468,-0.06346384684495265,0,0,FOLLOWING,1.4391427118876006,0.3714243857915408,0
27.296,0.8488774778461542,0.811238827419921,2.5645229770156592,-0.3755521933628785,1.5614143953888002,0.34696626212348447,0.06682531305668506,0.35005699928317924,0.0591285156543781,1.4359635798008563,0.02738353155978901,-0.06403642019914368,0,0,FOLLOWING,1.4385757623867528,0.3689448385306317,0
27.328,0.8395686498607333,0.8172905860015514,2.5664608080680305,-0.386022952277004,1.5644810796716417,0.3438815641538126,0.06841417294795665,0.3469704817642384,0.060557237657727296,1.4353983450810786,0.02764185510481809,-0.06460165491892145,0,0,FOLLOWING,1.4380158466964208,0.3664803468871781,0
27.36,0.830330863254671,0.8232704789556791,2.568444375551874,-0.3964558580193791,1.5674221657505096,0.3407992192329438,0.07000375926281718,0.3438857644370875,0.061986502563412565,1.4348405460029086,0.027900176348794936,-0.06515945399709144,0,0,FOLLOWING,1.4374630610567167,0.3640317681552127,0
27.392,0.8211640285924239,0.8291784273791311,2.5704737002232334,-0.40685070119776245,1.5702374175118872,0.3377197822765386,0.07159418659644778,0.340803400926663,0.06341641616071937,1.4342902786529108,0.028158489477250193,-0.06570972134708919,0,0,FOLLOWING,1.4369175008367858,0.3615999695566963,0
27.424,0.812068050085004,0.8350143718720479,2.5725488061473873,-0.4172072731838419,1.572926608944371,0.3346438094548148,0.07318556695319542,0.3377239461143768,0.06484708186495448,1.4337476381911864,0.028416788319187706,-0.06625236180881355,0,0,FOLLOWING,1.4363792605295114,0.3591858280294984,0
27.456,0.8030428254244594,0.8407782724231088,2.5746697206229903,-0.4275253661174223,1.575489524156814,0.3315718581874432,0.07477800972675377,0.33464795613549436,0.06627860072079829,1.4332127188448913,0.02867506633775241,-0.06678728115510868,0,0,FOLLOWING,1.4358484337455846,0.35679022998228554,0
27.488,0.7940882456137504,0.8464701082905266,2.5768364741059235,-0.4378047729105998,1.5779259573956592,0.3285044871359219,0.07637162167056448,0.331575988374057,0.06771107139327684,1.4326856139010908,0.02893331661928311,-0.06731438609890916,0,0,FOLLOWING,1.4353251132069371,0.3544140710141952,0
27.52,0.7852041947921211,0.8520898778786353,2.5790491001325146,-0.44804528725191206,1.5802357130614568,0.32544225619336276,0.07796650685979027,0.3285086014552968,0.06914459014810681,1.4321664156989455,0.029191531861058714,-0.06783358430105446,0,0,FOLLOWING,1.4348093907395187,0.3520582555971296,0
27.552,0.7763905500560699,0.8576375986098864,2.5813076352418416,-0.4582467036104838,1.5824186057245662,0.32238572647163,0.07956276664600144,0.3254463552354424,0.070579250822944,1.4316552156212263,0.029449704357999096,-0.06834478437877367,0,0,FOLLOWING,1.4343013572654248,0.34972369671848347,0
27.584,0.7676471812760288,0.8631133067920788,2.5836121188968666,-0.4684088172401504,1.5844744601400444,0.31933546028576315,0.08116049960559035,0.3223898107889059,0.07201514479100073,1.4311521040851445,0.0297078259885466,-0.06884789591485552,0,0,FOLLOWING,1.4338011027943558,0.3474113154820925,0
27.616,0.7589739509088693,0.8685170574806375,2.5859625934041968,-0.47853142418356787,1.5864031112617143,0.31629202113561894,0.08275980148276703,0.319339530392737,0.07345236091795315,1.4306571705324937,0.029965888199913415,-0.06934282946750625,0,0,FOLLOWING,1.4333087164144072,0.3451220406651874,0
27.648,0.750370713806355,0.8738489243357597,2.588359103832282,-0.4886143212763052,1.5882044042554129,0.31325597368466246,0.08436076512788551,0.3162960775082932,0.07489098551321789,1.4301705034190921,0.03022388199286219,-0.06982949658090787,0,0,FOLLOWING,1.432824286282179,0.34285680822914705,0
27.68,0.7418373170196684,0.8791089994742456,2.5908016979279025,-0.49865730615092385,1.5898781945114249,0.31022788373584,0.08596348043174315,0.3132600167600822,0.07633110227646775,1.429692190203524,0.030481797906144248,-0.070307809796476,0,0,FOLLOWING,1.4323478996122039,0.3406165607818741,0
27.712,0.7333735996001431,0.884297393315826,2.5932904260308094,-0.5086601772410364,1.5914243476560888,0.30720831820446004,0.08756803425640047,0.31023191391168675,0.07777279223995176,1.4292223173351657,0.030739626000726883,-0.07077768266483431,0,0,FOLLOWING,1.431879642665674,0.3384022469896631,0
27.744,0.7249793923963403,0.8894142344238013,2.595825340986411,-0.5186227337853557,1.5928427395625873,0.3041978450880123,0.08917451036299646,0.3072123358386878,0.07921613370732147,1.4287609702414965,0.030997355843880303,-0.07123902975850349,0,0,FOLLOWING,1.431419600738472,0.33621482093649724,0
27.776,0.7166545178476125,0.8944596693397987,2.598406498056402,-0.5285447758317203,1.5941332563609103,0.30119703343285004,0.0907829893369695,0.30420185049853166,0.08066120218943296,1.4283082333146786,0.0312549764932335,-0.0716917666853214,0,0,FOLLOWING,1.4309678581484933,0.3340552414287976,0
27.808,0.7083987605702844,0.899433862119162,2.6010340843690427,-0.5384261042411111,1.5952957944469974,0.29820645211787566,0.09239351654193258,0.30120180523553236,0.08211211851365245,1.4278641645391146,0.031512336792062445,-0.07213583546088542,0,0,FOLLOWING,1.4305244728898558,0.3319244712437787,0
27.84,0.700211918689771,0.9043369938649569,2.603708181694994,-0.5482665206916453,1.5963302604910554,0.29522666984670914,0.09400613436526722,0.2982121637963286,0.08356559027323104,1.4274288404877193,0.03176940005801843,-0.07257115951228066,0,0,FOLLOWING,1.4300895215854155,0.3298234763196857,0
27.872,0.6920937901654575,0.9091692627567804,2.6064288375385636,-0.5580658276825603,1.597236571445051,0.292258256550974,0.09562089105157719,0.2952332540310905,0.08502054663842186,1.427002344561291,0.03202616827699112,-0.07299765543870906,0,0,FOLLOWING,1.4296630877383918,0.3277532248863866,0
27.904,0.6840441637643399,0.9139308842374502,2.609196102957569,-0.5678238285381734,1.5980146545493774,0.2893017835935327,0.09723783856811283,0.29226564631448076,0.08647709865466578,1.4265847591207848,0.03228264136305237,-0.07341524087921525,0,0,FOLLOWING,1.4292452538725544,0.3257146865349688,0
27.936,0.6760628184570112,0.918622090930927,2.612010032510315,-0.5775403274118318,1.598664447338696,0.2863578235915487,0.09885703082427612,0.28930992379118176,0.08793535571426012,1.4261761650795075,0.03253881703743833,-0.07382383492049249,0,0,FOLLOWING,1.4288361011253883,0.32370883122524957,0
27.968,0.6681495232281581,0.9232431324387012,2.614870683914528,-0.5872151292898429,1.5991858976469506,0.28342695025877246,0.1004785222584542,0.28636666951472434,0.08939541655127188,1.42577664191451,0.03279469106637256,-0.07422335808549008,0,0,FOLLOWING,1.4284357092602853,0.3217366282303656,0
28.0,0.6603040369079177,0.9277942751144458,2.617778117732608,-0.596848039995387,1.5995789636115565,0.2805097382681649,0.10210236671784795,0.2834364655537867,0.09085737006401402,1.4253862677048115,0.03305025746888379,-0.07461373229518853,0,0,FOLLOWING,1.428044156705591,0.3197990450179122,0
28.032,0.6525261079927419,0.9322758018316154,2.620732397086816,-0.6064388661924172,1.5998436136767604,0.27760676312982707,0.1037286165696217,0.28051989316127385,0.09232129625029434,1.4250051191615956,0.033305508689396746,-0.07499488083840444,0,0,FOLLOWING,1.4276615205856342,0.31789704606744884,0
28.064,0.6448154744550175,0.9366880117452275,2.623733587399739,-0.6159874153895375,1.5999798265961735,0.2747186010798859,0.10535732199416012,0.2776175329878382,0.09378726699746355,1.4246332716487575,0.03356043574039136,-0.07536672835124247,0,0,FOLLOWING,1.427287876742142,0.31603159162455474,0
28.096,0.6371718635432063,0.9410312200475333,2.6267817561555633,-0.6254934959438656,1.599987591434478,0.2718458289768742,0.1069885304213663,0.2747299652493661,0.0952553467326965,1.4242707991951762,0.033815028320153484,-0.07572920080482382,0,0,FOLLOWING,1.4269232997473873,0.3142036363920344,0
28.128,0.6295949915742087,0.9453057577171384,2.629876972678336,-0.6349569170648826,1.5998669075683045,0.2689890242028884,0.10862228607902483,0.27185776984778204,0.09672559295393272,1.423917774500076,0.03406927490985101,-0.07608222549992405,0,0,FOLLOWING,1.4265678629104463,0.31241412815932507,0
28.16,0.6220845637193921,0.9495119712611463,2.633019307924017,-0.6443774888182578,1.599617784686282,0.26614876456738157,0.11025862962872089,0.2690015264523374,0.09819805666056226,1.423574268932617,0.03432316285345349,-0.07642573106738304,0,0,FOLLOWING,1.4262216382777027,0.3106640063716214,0
28.192,0.6146402737855031,0.9536502224499169,2.636208834283608,-0.6537550221296655,1.5992402427882602,0.26332562821191396,0.11189759786995604,0.2661618145476614,0.09967278269995346,1.4232403525266528,0.034576678423458684,-0.07675964747334718,0,0,FOLLOWING,1.4258846966285288,0.30895420064076734,0
28.224,0.6072618039915015,0.9577208880440659,2.6394456253951177,-0.6630893287885748,1.5987343121837039,0.2605201935145367,0.11353922349720987,0.2633392134539372,0.10114981004323378,1.4229160939714074,0.034829806874848046,-0.07708390602859261,0,0,FOLLOWING,1.4255571074669042,0.3072856292004802,0
28.256,0.5999488247422163,0.9617243595133549,2.6427297559624288,-0.6723802214520296,1.5981000334892599,0.2577330389927678,0.11518353489795796,0.26053430232342933,0.10262917200129605,1.4226015605986964,0.03508253248937177,-0.07739843940130364,0,0,FOLLOWING,1.4252389390095883,0.30565919730906543,0
28.288,0.5927009943996098,0.9656610427471527,2.6460613015794863,-0.6816275136484129,1.597337457625496,0.2549647432043391,0.11683055598224634,0.2577476601168738,0.1041108963908123,1.4222968183671987,0.03533483861184905,-0.07770318163280132,0,0,FOLLOWING,1.4249302581713497,0.3040757956033535,0
28.32,0.5855179590523475,0.9695313577561655,2.6494403385584437,-0.6908310197811796,1.5964466458128128,0.2522158846450588,0.11848030603648832,0.25497986556255603,0.10559500565805277,1.4220019318441648,0.035586707679955414,-0.07799806815583521,0,0,FOLLOWING,1.4246311305476558,0.3025362984081839,0
28.352,0.5783993522843092,0.9733357383651646,2.652866943760633,-0.6999905551325893,1.59542766956653,0.2494870416432746,0.12013279959577182,0.25223149710031695,0.1070815169671828,1.421716964184936,0.03583812124871155,-0.0782830358150639,0,0,FOLLOWING,1.4243416203951698,0.3010415620064106,0
28.384,0.5713447949426164,0.9770746318964526,2.6563411944294124,-0.7091059358674117,1.5942806106911434,0.24677879225052068,0.12178804633025722,0.24950313281234945,0.1085704422587295,1.4214419771105142,0.03608906001068668,-0.07855802288948577,0,0,FOLLOWING,1.4240617906103095,0.2995924228749905,0
28.416,0.5643538949057162,0.9807484988438298,2.6598631680240694,-0.718176979036615,1.5930055612737586,0.24409171412801414,0.12344605094226563,0.24679535034223044,0.1100617882828617,1.4211770308834173,0.03633950381279937,-0.07882296911658271,0,0,FOLLOWING,1.4237917027061036,0.2981896958933484,0
28.448,0.5574262468520311,0.9843578125368385,2.6634329420541216,-0.7272035025810388,1.5916026236766982,0.2414263844287289,0.1251068130714551,0.2441087268033972,0.11155555661153993,1.4209221842820092,0.03658943167043294,-0.07907781571799077,0,0,FOLLOWING,1.4235314167875235,0.29683417253081507,0
28.48,0.5505614320296611,0.9879030587950786,2.6670505939134275,-0.7361853253350481,1.590071910529284,0.2387833796748236,0.12677032720611645,0.24144383867792085,0.11305174363266768,1.4206774945734464,0.03683882177949327,-0.07932250542655361,0,0,FOLLOWING,1.4232809915254407,0.2955266190205166,0
28.512,0.5437590180276084,0.9913847355723964,2.670716200713619,-0.7451222670301689,1.588413544718794,0.2361632756302368,0.12843658259911825,0.23880126170641774,0.11455034052906728,1.4204430174853735,0.037087651526956034,-0.0795569825146265,0,0,FOLLOWING,1.4230404841293314,0.2942677745276576,0
28.544,0.5370185585489905,0.9948033525907689,2.6744298391164554,-0.7540141482987064,1.5866276593805984,0.23356664716829428,0.13010556318741517,0.23618157076953689,0.11605133324441416,1.4202188071764692,0.03733589750033639,-0.0797811928235308,0,0,FOLLOWING,1.4228099503188427,0.293058349320647,0
28.576,0.5303395931866958,0.9981594309637118,2.678191585164726,-0.7628607906773457,1.5847143978874705,0.23099406813419335,0.13177724751434314,0.23358533976158377,0.11755470243827416,1.4200049162059392,0.03758353549650817,-0.07999508379406084,0,0,FOLLOWING,1.4225894442942981,0.2918990229539964,0
28.608,0.5237216472019395,1.0014535028090545,2.6820015141114117,-0.7716620166107324,1.582673913838076,0.2284461112022502,0.1334516086541621,0.23101314145651852,0.11906042343133624,1.419801395502021,0.037830540530203294,-0.080198604497979,0,0,FOLLOWING,1.4223790187062233,0.29079044247232194,0
28.64,0.517164231306177,1.004686110850936,2.6858597002468145,-0.7804176494550372,1.580506371044644,0.22592334772780903,0.13512861413849692,0.22846554736658536,0.12056846614225428,1.4196082943295871,0.0380768868425263,-0.08039170567041287,0,0,FOLLOWING,1.4221787246239617,0.2897332206451335,0
28.672,0.5106668414468358,1.007857808010888,2.6897662167234455,-0.7891275134815001,1.5782119435198136,0.22342634759372398,0.13680822588446775,0.2259431275937792,0.12207879501725173,1.4194256602568882,0.038322547909746874,-0.08057433974311179,0,0,FOLLOWING,1.421988611503434,0.28872793424235127,0
28.704,0.5042289585973359,1.0109691569878867,2.693721135378437,-0.7977914338799588,1.575790815462665,0.22095567905133556,0.13849040012442734,0.22344645067422783,0.12359136895301591,1.4192535391215084,0.0385674964526479,-0.08074646087849158,0,0,FOLLOWING,1.4218087271541018,0.28777512236068337,0
28.736,0.49785004855187265,1.0140207298272594,2.6977245265532894,-0.8064092367623559,1.5732431812439325,0.2185119085558709,0.14017508733730477,0.220976083415486,0.12510614121327404,1.4190919749955797,0.038811704446674256,-0.08090802500442029,0,0,FOLLOWING,1.4216391177051853,0.2868752848110734,0
28.768,0.49152956172544976,1.0170131074783573,2.7017764589107776,-0.8149807491662302,1.5705692453903985,0.2160956005962057,0.14186223218163502,0.21853259072688475,0.126623059340052,1.4189410101503055,0.03905514313311942,-0.08105898984969451,0,0,FOLLOWING,1.421479827571185,0.2860288805774246,0
28.8,0.4852669329596593,1.0199468793409074,2.7058769992488307,-0.8235057990581862,1.5677692225684758,0.21370731751893154,0.14355177343041103,0.21611653544275455,0.12814206505910153,1.4188006850198511,0.03929778303157816,-0.08119931498014887,0,0,FOLLOWING,1.4213308994167628,0.285236326356682,0
28.832,0.4790615813347138,1.0228226427999827,2.7100262123112295,-0.8319842153373491,1.564843337566973,0.21134761934668128,0.14524364390794287,0.21372847813863358,0.12966309418041527,1.4186710381646532,0.03953959395390605,-0.08132896183534677,0,0,FOLLOWING,1.421192374121025,0.2844979951901347,0
28.864,0.4729129099882573,1.025641002749532,2.7142241605949358,-0.8404158278387968,1.5617918252790481,0.2090170635906688,0.14693777042895395,0.21136897694020892,0.1311860764929976,1.4185521062341981,0.039780545019919344,-0.08144789376580186,0,0,FOLLOWING,1.42106429074127,0.2838142151954568,0
28.896,0.46682030594148516,1.0284025711044409,2.7184709041538864,-0.8488004673369782,1.5586149306833499,0.20671620505740979,0.1486340737401787,0.20903858732500116,0.13271093565442635,1.4184439239293376,0.040020604675092386,-0.0815560760706624,0,0,FOLLOWING,1.4209466864762552,0.2831852684085598,0
28.928,0.4607831399331244,1.0311079663011045,2.72276650039908,-0.8571379655491058,1.555312908824354,0.2044455956495945,0.15033246846475812,0.20673786191665897,0.1342375890748467,1.4183465239641924,0.04025974071047945,-0.08165347603580764,0,0,FOLLOWING,1.4208395966290388,0.28261138974375904,0
28.96,0.45480076626183963,1.033757812786507,2.7271110038947337,-0.8654281551385345,1.5518860247918849,0.20220578416109128,0.15203286304976515,0.2044673502715884,0.13576594779435164,1.4182599370277245,0.04049792028518873,-0.08174006297227554,0,0,FOLLOWING,1.4207430545694695,0.28209276608010697,0
28.992,0.4488725226376431,1.0363527404958326,2.7315044661503247,-0.8736708697181221,1.5483345536998354,0.1999973160660703,0.1537351597172196,0.20222759865786175,0.1372959163542288,1.4181841917450477,0.04073510995166262,-0.08181580825495227,0,0,FOLLOWING,1.4206570916963959,0.28162953548096253,0
29.024,0.44299773004290616,1.0388933843186425,2.7359469354082786,-0.8818659438535663,1.5446587806640795,0.19782073330224115,0.15543925441898399,0.2000191498261898,0.13882739266095484,1.4181193146385516,0.04097127568410519,-0.08188068536144844,0,0,FOLLOWING,1.4205817373996703,0.2812217865530099,0
29.056,0.4371756926035878,1.0413803835536801,2.740438456427027,-0.8900132130667271,1.5408590007795835,0.19567657404821084,0.1571450367959697,0.19784254277256524,0.14036026784153677,1.418065330088945,0.041206382910425,-0.08193466991105502,0,0,FOLLOWING,1.420517019022043,0.28086955794999696,0
29.088,0.4314056974713099,1.0438143813523821,2.7449790702591748,-0.8981125138389245,1.5369355190967153,0.19356537249497585,0.15885239014210997,0.19569831249255296,0.1418944260905688,1.418022260296301,0.04144039654806253,-0.08197773970369893,0,0,FOLLOWING,1.4204629618210396,0.28057283802543403,0
29.12,0.4256870147169311,1.0461960241512045,2.7495688140244257,-0.9061636836142255,1.532888650596755,0.19148765861157466,0.1605611913736045,0.19358698972673583,0.14342974450658325,1.4179901252412366,0.041673281044162014,-0.08200987475876342,0,0,FOLLOWING,1.420419588930934,0.2803315646374332,0
29.152,0.4200188972362919,1.0485259610928868,2.754207720676904,-0.9141665608027014,1.5287187201666068,0.18944395790493698,0.16227131100397746,0.19150910069699179,0.1449660929167327,1.4179689426463298,0.041905000420562555,-0.08203105735367022,0,0,FOLLOWING,1.4203869213249414,0.28014562510771956,0
29.184,0.4144005806688217,1.0508048434368127,2.7588958187664367,-0.9221209847836755,1.5244260625727177,0.18743479117397932,0.16398261312554452,0.1894651668333005,0.146503333688236,1.4179587279379378,0.04213551832417384,-0.08204127206206224,0,0,FOLLOWING,1.4203649777777658,0.2800148563357094,0
29.216,0.4088312833297223,1.0530333239586458,2.7636331321933234,-0.930026795908943,1.520011022434203,0.18546067425801038,0.1656949553979347,0.1874557044905622,0.1480413215247347,1.4179594942085534,0.0423647980833346,-0.08204050579144662,0,0,FOLLOWING,1.4203537748286623,0.2799390450673665,0
29.248,0.40331020615646884,1.0552120563394454,2.768419679956012,-0.937883835505978,1.515473954195177,0.1835221177795226,0.16740818904438,0.18548122465489222,0.14957990324457926,1.4179712521798913,0.04259280277087152,-0.08202874782010872,0,0,FOLLOWING,1.4203533267451836,0.27991792831738016,0
29.28,0.39783653267039193,1.0573416945445064,2.7732554758910397,-0.945691945881117,1.5108152220963005,0.18161962688146482,0.16912215885655518,0.1835422326388622,0.15111891753924148,1.4179940101668977,0.042819495274649455,-0.08200598983310226,0,0,FOLLOWING,1.4203636454878115,0.2799511939420551,0
29.312,0.3924094289541385,1.0594228921921824,2.7781405284044687,-0.9534509703227232,1.5060352001455382,0.1797537009591052,0.1708367032088362,0.18163922776487043,0.1526581947074353,1.4180277740429121,0.04304483837652606,-0.08197222595708786,0,0,FOLLOWING,1.4203847406756993,0.28003848135917747,0
29.344,0.3870280436458338,1.0614563019129988,2.7830748401939727,-0.9611607531043327,1.501134272088133,0.17792483338661647,0.1725516540829367,0.17977270303606674,0.15419755636288407,1.4180725472062379,0.04326879484072643,-0.08192745279376212,0,0,FOLLOWING,1.420416619553775,0.28017938241005785,0
29.376,0.3816915079508115,1.0634425746993814,2.788058407960509,-0.9688211394877806,1.496112831375799,0.1761335112385315,0.17426683710399404,0.1779431447935755,0.155736815108986,1.4181283305484143,0.04349132751285856,-0.08187166945158575,0,0,FOLLOWING,1.4204592869614987,0.28037344235792516,0
29.408,0.37639893567180943,1.065382359246374,2.793091222108427,-0.9764319757263049,1.4909712811351334,0.1743802150062437,0.1759820715893073,0.17615103235925378,0.15727577417732402,1.4181951224245164,0.04371239943090278,-0.0818048775754836,0,0,FOLLOWING,1.4205127453035966,0.280620161015921,0
29.44,0.37114942325858274,1.0672763012837447,2.7981732664325936,-0.983993109067633,1.485710034135255,0.17266541830975002,0.1776971706110739,0.1743968376624097,0.15881422702204873,1.4182729186258751,0.04393197394978321,-0.08172708137412488,0,0,FOLLOWING,1.42057699452316,0.2809189939970916,0
29.472,0.3659420498779322,1.0691250428999237,2.803304517790924,-0.9915043877570491,1.4803295127546647,0.17098958760486152,0.1794119410746509,0.1726810248491327,0.1603519568637003,1.418361712355639,0.04415001488131498,-0.0816382876443611,0,0,FOLLOWING,1.4206520320775307,0.28126935407801434,0
29.504,0.36077587750520895,1.0709292218582536,2.808484945760405,-0.9989656610404363,1.4748301489473379,0.16935318188613768,0.18112618381406595,0.1710040498723752,0.16188873617334582,1.4184614942076856,0.04436648665166221,-0.08153850579231436,0,0,FOLLOWING,1.4207378529174768,0.2816706126670531,0
29.536,0.3556499510384261,1.0726894709060804,2.813714512274359,-1.006376779167307,1.469212384208047,0.1677566523858347,0.1828396937067454,0.16936636006061775,0.163424326086344,1.418572252149463,0.04458135447875833,-0.08142774785053697,0,0,FOLLOWING,1.4208344494702305,0.2821221013676883,0
29.568,0.3505632984361903,1.0744064170772487,2.8189931712383127,-1.0137375933938038,1.4634766695369157,0.1662004422691941,0.1845522598097108,0.1677683936626299,0.16495847573384034,1.4186939715094111,0.04479458457256502,-0.08130602849058888,0,0,FOLLOWING,1.42094181162705,0.2826231136269418,0
29.6,0.345514930880765,1.0760806809886203,2.824320868121343,-1.0210479559856886,1.4576234654032145,0.1646849863264429,0.18626366551982823,0.1662105793651561,0.1664909214761728,1.4188266349697616,0.04500614436152839,-0.08117336503023842,0,0,FOLLOWING,1.4210599267360813,0.2831729064586099,0
29.632,0.3405038429676912,1.0777128761312795,2.829697539519205,-1.0283077202213047,1.4516532417083932,0.16321071066192336,0.18797368876108791,0.16469333578003403,0.16802138602125605,1.4189702225655927,0.04521600274917858,-0.08102977743440731,0,0,FOLLOWING,1.42118877960141,0.28377070223079986,0
29.664,0.33552901292353055,1.0793036081571479,2.83512311268486,-1.035516740394523,1.4455664777483563,0.1617780323808245,0.1896821022023726,0.16321707089617576,0.16954957740576074,1.4191247116912082,0.04542413040553406,-0.08087528830879176,0,0,FOLLOWING,1.4213283524893585,0.2844156905072016,0
29.696,0.3305894028534658,1.0808534741617801,2.840597505021189,-1.0426748718176695,1.4393636621749824,0.16038735927405237,0.19138867350972674,0.1617821814911796,0.17107518781328893,1.4192900771150698,0.045630500098789994,-0.08070992288493017,0,0,FOLLOWING,1.4214786251432576,0.2851070299315292,0
29.728,0.3256839172030387,1.0823630617013638,2.846120831315456,-1.049781970824422,1.4330452929568993,0.1590390871431139,0.19309311990342012,0.1603903011631639,0.1726043855485387,1.4194662505482585,0.04583487183043644,-0.08053374945174152,0,0,FOLLOWING,1.421639534373491,0.28584385014468566,0
29.76,0.3208114391108909,1.0838329475169037,2.8516932132669477,-1.0568378947726997,1.426611877339504,0.15773359824446145,0.1947951129816712,0.1590419733664119,0.17413738662221415,1.4196531554856024,0.046036989717356924,-0.08034684451439755,0,0,FOLLOWING,1.4218110088790643,0.28662525372444736,0
29.792,0.3159708721291221,1.0852636966877542,2.857314580017221,-1.0638425020475224,1.4200639318042405,0.15647126349180632,0.19649432640894476,0.15773648789667413,0.17566817356580441,1.41985074743467,0.04623678820956334,-0.08014925256533001,0,0,FOLLOWING,1.4219930094559394,0.28745031813773764,0
29.824,0.3111611058929501,1.0866558623272542,2.862984851152032,-1.0707956520638566,1.4134019820271362,0.15525244350268508,0.1981904346502728,0.15647416266813097,0.1771964477547131,1.4200589803249082,0.0464342028818816,-0.07994101967509182,0,0,FOLLOWING,1.4221854954233317,0.28831809769597294,0
29.856,0.3063810148344777,1.0880099851190936,2.868703936877233,-1.0776972052694331,1.4066265628366,0.15407748815875202,0.19988311187641605,0.15525535369222,0.17872191606528032,1.4202778048545381,0.04662916999062716,-0.07972219514546186,0,0,FOLLOWING,1.422388422970332,0.28922762550438785,0
29.888,0.3016294583443374,1.0893265926209232,2.8744717380076263,-1.0845470231475498,1.3997382181704863,0.1529467361628867,0.201572031047359,0.1540804108751472,0.18024428502543965,1.4205071682739057,0.046821626319368814,-0.07949283172609434,0,0,FOLLOWING,1.422601744938588,0.2901779153967827,0
29.92,0.2969052810944263,1.0906061985323283,2.8802881459297267,-1.0913449682198526,1.3927375010324266,0.1518605146074317,0.20325686314733976,0.15294967334716378,0.18176325999927176,1.420747014310276,0.04701150905378126,-0.07925298568972394,0,0,FOLLOWING,1.4228254107463432,0.29116796384768273,0
29.952,0.2922073134008234,1.0918493019589228,2.886153042542931,-1.098090904049092,1.3856249734474337,0.15081913855280135,0.20493727655050048,0.1518634686270853,0.18327854451223483,1.420997283108922,0.047198755680847526,-0.07900271689107807,0,0,FOLLOWING,1.4230593663286728,0.2921967518544976,0
29.984,0.28753437161531964,1.093056386677132,2.892066300182797,-1.104784695241865,1.3784012064167823,0.14982291061482417,0.20661293649956367,0.15082211216928043,0.18478983969199944,1.4212579111780925,0.04738330390929679,-0.07874208882190747,0,0,FOLLOWING,1.4233035540814922,0.2932632467829037,0
30.016000000000002,0.28288525854457724,1.0942279204011929,2.898027781529617,-1.1114262074513288,1.3710667798721676,0.1488721205594341,0.20828350468252355,0.14982590695422118,0.18629684380894965,1.4215288313364742,0.047565091608456456,-0.07847116866352577,0,0,FOLLOWING,1.4235579128079692,0.29436640416930754,0
30.048000000000002,0.2782587638969716,1.0953643540535956,2.904037339505064,-1.1180153073799,1.3636222826291489,0.14796704490364038,0.2099486388945523,0.148875143088472,0.18779925190342348,1.4218099726629212,0.04774405676305005,-0.0781900273370788,0,0,FOLLOWING,1.4238223776670875,0.2955051694749135,0
30.080000000000002,0.27365366475725755,1.0964661210401456,2.910094817159321,-1.1245518627819289,1.356068312339877,0.14710794652197157,0.21160799277417564,0.14797009741015224,0.18929675548837435,1.4221012604483398,0.047920137441824995,-0.07789873955166016,0,0,FOLLOWING,1.4240968801242653,0.29667847978657513,0
30.112000000000002,0.2690687260892006,1.0975336365308401,2.916200047550808,-1.1310357424663522,1.348405475445116,0.14629507425781627,0.2132612156043735,0.14711103309894086,0.19078904231792104,1.4224026161496812,0.04809327177817213,-0.07759738385031878,0,0,FOLLOWING,1.4243813479039686,0.2978852654602465,0
30.144000000000002,0.2645027012662946,1.0985672967477575,2.9223528536203416,-1.1374668162993302,1.340634387125557,0.14552866253927454,0.21490795217062875,0.1462981992902474,0.1922757962134081,1.422713957346017,0.04826339796119372,-0.07728604265398298,0,0,FOLLOWING,1.424675704944296,0.29912445170351404,0
30.176000000000002,0.259954332630661,1.0995674782611753,2.9285530480613415,-1.1438449552068533,1.3327556712524302,0.14480893099929237,0.21654784266910726,0.1455318306932704,0.19375669693998937,1.4230351976966835,0.04843045423586912,-0.07696480230331648,0,0,FOLLOWING,1.424979871353521,0.3003949600942794,0
30.208000000000002,0.25542235089582205,1.1005345900803725,2.9348002464059775,-1.1501700311773373,1.3247699603374201,0.14413608335269312,0.2181805700236288,0.14481252091195795,0.19522558308769927,1.4233662374162221,0.04859460218331524,-0.07663376258377785,0,0,FOLLOWING,1.4252937537776398,0.3016957100332816,0
30.240000000000002,0.2509054793607258,1.1014689108978213,2.9410944467862894,-1.15644191726419,1.3166778954818872,0.14351031006228218,0.21980575183894255,0.1441396926293679,0.1966944111392139,1.4237069929703345,0.04875553486079598,-0.07629300702966546,0,0,FOLLOWING,1.42561727541899,0.3030256201286953,0
30.272000000000002,0.24640243126861594,1.1023707538787955,2.947435427825505,-1.1626604875883584,1.308480126325399,0.14293178405258247,0.2214230040175177,0.14351393208906846,0.1981563213262467,1.4240573663683878,0.048913193085147195,-0.07594263363161224,0,0,FOLLOWING,1.4259503449953972,0.3043836095115874,0
30.304000000000002,0.24191191094187084,1.1032404109882843,2.953822957634625,-1.1688256173408575,1.3001773109935768,0.1424006619867953,0.22303194038873753,0.14293543161935587,0.1996109851227207,1.4244172549814738,0.04906751829255329,-0.07558274501852624,0,0,FOLLOWING,1.4262928666665295,0.30576859908150555,0
30.336000000000002,0.23743261485034714,1.1040781510616577,2.960256793772785,-1.1749371827852753,1.2917701160452608,0.14191708390944205,0.2246321722500426,0.14240434821926204,0.20105807277802665,1.4247865520816427,0.049218451630048225,-0.07521344791835727,0,0,FOLLOWING,1.4266447405733913,0.3071795126819386,0
30.368000000000002,0.23296323238826433,1.1048842191582118,2.9667366830576714,-1.180995061260253,1.2832592164189975,0.14148117289219017,0.2262233080434088,0.1419208207817771,0.20249724861725277,1.425165146860255,0.049365934043916315,-0.07483485313974492,0,0,FOLLOWING,1.4270058628543785,0.30861527820580603,0
30.400000000000002,0.22850244663292146,1.1056588359773087,2.973262361390048,-1.1869991311819499,1.274645295378855,0.14109303468558104,0.22780495314873722,0.14148497137555974,0.20392817148141698,1.425552924397218,0.04950990638744157,-0.07444707560278196,0,0,FOLLOWING,1.4273761256120132,0.3100748286315269,0
30.432000000000002,0.22404893512641702,1.1064021972895999,2.9798335535909732,-1.1929492720464818,1.26592904445957,0.14075275737682297,0.22937670977286442,0.1410969049933526,0.2053504951241294,1.4259497656296314,0.049650309520486324,-0.07405023437036862,0,0,FOLLOWING,1.4277554168789768,0.3115571029905591,0
30.464000000000002,0.21960137068455768,1.1071144733834513,2.9864499732507337,-1.1988453644323416,1.2571111634110335,0.14046041105411153,0.23093817691685858,0.1407567091690609,0.20676386857799783,1.4263555473243763,0.049787084401715205,-0.0736444526756237,0,0,FOLLOWING,1.4281436205879667,0.3130610472676062,0
30.496000000000002,0.21515842223298323,1.1077958085287616,2.993111322588796,-1.2046872900027958,1.248192360142104,0.14021604747799768,0.2324889504077173,0.14046445359840404,0.2081679364985904,1.4267701420548595,0.04992017217500911,-0.07322985794514048,0,0,FOLLOWING,1.4285406165455918,0.31458561523497486,0
30.528000000000002,0.21071875567006745,1.1084463204603054,2.9998172923242308,-1.2104749315082568,1.2391733506637905,0.1400196997603431,0.23402862298334734,0.14022018977460288,0.20956233949195455,1.4271934181817625,0.050049514251334415,-0.07280658181823751,0,0,FOLLOWING,1.4289462804101574,0.31612976922276376,0
30.560000000000002,0.20628103475606113,1.1090660998825932,3.006567561556247,-1.216208172788639,1.23005485903176,0.13987138205142102,0.23555678442193026,0.1400239506389719,0.2109467144305158,1.4276252398376836,0.050175052387106955,-0.07237476016231636,0,0,FOLLOWING,1.4293604836732166,0.3176924808268134,0
30.592000000000002,0.20184392202788243,1.1096552099981074,3.0133617976545866,-1.2218868987756881,1.2208376172882125,0.1397710892357351,0.23707302170852826,0.13987575024553892,0.21232069476122156,1.4280654669155863,0.05029672875982705,-0.07193453308441367,0,0,FOLLOWING,1.429783093644815,0.31927273155647445,0
30.624000000000002,0.19740607973890242,1.110213686060675,3.020199656159627,-1.2275109954952939,1.2115223654031124,0.13971879663714315,0.23857691923319518,0.13977558343902696,0.21368391080887716,1.4285139550610224,0.05041448604163534,-0.07148604493897759,0,0,FOLLOWING,1.4302139734423802,0.3208695134244069,0
30.656000000000002,0.1929661708230109,1.1107415349556462,3.0270807806921156,-1.2330803500697738,1.2021098512147823,0.13971445973388497,0.24006805901597017,0.1397234255458017,0.21503599007725052,1.428970555668116,0.05052826747127792,-0.07102944433188396,0,0,FOLLOWING,1.430652981983263,0.3224818294807193,0
30.688000000000002,0.18852285988218445,1.111238734808479,3.0340048028725297,-1.238594850720141,1.192600830369866,0.1397580138841248,0.24154602095501826,0.13971923207761303,0.21637655754980867,1.4294351158793333,0.05063801692487235,-0.07056488412066675,0,0,FOLLOWING,1.4310999739809367,0.324108694293852,0
30.72,0.18407481419671298,1.1117052346232597,3.0409713422500957,-1.244054386768346,1.1829960662626642,0.13984937406262699,0.24301038309488732,0.13976293844813276,0.21770523599152564,1.4299074785890646,0.05074367898575805,-0.07009252141093536,0,0,FOLLOWING,1.431554799944896,0.3257491343806472,0
30.752,0.17962070475717465,1.1121409539526346,3.04798000624154,-1.2494588486395006,1.1732963299738481,0.13998843460919086,0.24446072191240056,0.13985445970240606,0.21902164625312198,1.4303874824510794,0.05084519901366491,-0.06961251754892062,0,0,FOLLOWING,1.432017306184308,0.3274021885880916,0
30.784,0.17515920731717974,1.1125457826005725,3.055030390079677,-1.2548081278640746,1.163502400208557,0.14017506898947474,0.24589661261815285,0.1399936902594965,0.22032540757845392,1.4308749618899004,0.050942523213360236,-0.06912503811009962,0,0,FOLLOWING,1.4324873348154685,0.3290669084292456,0
30.816,0.17068900346583632,1.112919580359328,3.0621220767719635,-1.260102117080073,1.1536150632338826,0.14040912956884125,0.24731762947191252,0.14018050366861964,0.22161613791583895,1.4313697471161713,0.051035598702872775,-0.06863025288382874,0,0,FOLLOWING,1.432964723773143,0.33074235837583127,0
30.848,0.16620878171882092,1.1132621767819253,3.0692546370691476,-1.2653407100351926,1.1436351128157483,0.14069044739985734,0.24872334611050928,0.14041475237918216,0.2228934542337513,1.4318716641460885,0.05112437358139399,-0.06812833585391154,0,0,FOLLOWING,1.4334493068258565,0.3324276161099732,0
30.88,0.16171723862686693,1.1135733709914295,3.07642762944418,-1.2705238015889542,1.1335633501551776,0.1410188320240791,0.25011333588699663,0.14069626752517936,0.22415697284126201,1.4323805348249692,0.051208796996877304,-0.06761946517503081,0,0,FOLLOWING,1.4339409135952135,0.3341217727375363,0
30.912,0.1572130799004163,1.1138529315282268,3.083640600081528,-1.27565128771481,1.1234005838239842,0.141394071288747,0.25148717222003714,0.14102485872441375,0.2254063097133982,1.4328961768550237,0.05128881921335404,-0.06710382314497632,0,0,FOLLOWING,1.4344393695793227,0.33582393296543994,0
30.944,0.15269502154910897,1.1141005962364767,3.090893082877069,-1.2807230655022357,1.1131476296998515,0.14181593117901276,0.2528444289525881,0.1414003138930772,0.226641080821533,1.4334184038274227,0.05136439167796449,-0.0665815961725773,0,0,FOLLOWING,1.4349444961804079,0.3375332152453141,0
30.976,0.1481617910347183,1.1143160721908514,3.09818459944871,-1.2857390331587917,1.102805310900834,0.14228415566630795,0.2541846807190575,0.1418223990762026,0.22786090246876356,1.4339470252587099,0.051435467087677794,-0.06605297474129013,0,0,FOLLOWING,1.4354561107366746,0.33924875188575854,0
31.008,0.14361212843607335,1.1144990356646098,3.105514659157905,-1.2906990900121693,1.0923744577192782,0.14279846657345527,0.2555075033201705,0.1422908582945389,0.22906539163031842,1.4344818466316476,0.05150199945564917,-0.06551815336835243,0,0,FOLLOWING,1.4359740265585113,0.34096968913542763,0
31.04,0.13904478762444336,1.11464913214001,3.1128827591422104,-1.2956031365122103,1.0818559075551644,0.14335856345711084,0.2568124741048391,0.142805413408403,0.2302541662986457,1.43502266944055,0.0515639441771756,-0.0649773305594501,0,0,FOLLOWING,1.4364980529690927,0.34269518723905756,0
31.072,0.1344585374477962,1.1147659763619797,3.120288384359035,-1.3004510742329036,1.07125050484888,0.14396412350810814,0.25809917235836244,0.1433657639990313,0.23142684583320922,1.4355692912411664,0.05162125809516763,-0.06443070875883361,0,0,FOLLOWING,1.43702799534945,0.34442442046849175,0
31.104,0.1298521629222819,1.114849152435919,3.127731007640724,-1.3052428058743635,1.0605591010134272,0.1446148014702613,0.25936717969631146,0.14397158726800272,0.23258305131459917,1.436121505705176,0.051673899565084974,-0.06387849429482406,0,0,FOLLOWING,1.4375636551880677,0.34615657713067416,0
31.136,0.1252244664292311,1.1148982139704202,3.135210089761095,-1.3099782352647802,1.049782554366069,0.1453102295781625,0.2606160804634661,0.14462253795523758,0.2337224059026066,1.4366791026793349,0.051721828519234486,-0.06332089732066515,0,0,FOLLOWING,1.4381048301350658,0.34789085955448457,0
31.168,0.12057426891590406,1.1149126842656316,-3.140460227666026,-1.31465726736235,1.0389217300594256,0.14605001751448893,0.2618454621371809,0.1453182482761069,0.23484453519811843,1.437241868249324,0.05176500653035321,-0.06275813175067602,0,0,FOLLOWING,1.4386513140610127,0.34962648405820174,0
31.2,0.11590041107969735,1.1148920572495067,-3.1329098878174904,-1.3192798082571846,1.027977500012016,0.14683375245313157,0.2630549146287078,0.14605832822781317,0.23594924134208153,1.4378095848323065,0.05180339180107385,-0.062190415167693525,0,0,FOLLOWING,1.4392028971430773,0.3513626808993114,0
31.232,0.11120175434162963,1.11483578946318,-3.1253246982669247,-1.3238457651731936,1.016950742838261,0.14766099921109493,0.26424401499903244,0.14684237577786982,0.23703831009565018,1.4383820304836994,0.0518368701108165,-0.06161796951630061,0,0,FOLLOWING,1.439759365181959,0.35309869420825246,0
31.264,0.10647718225706006,1.1147433549435066,-3.1177051350759304,-1.3283550464699498,1.0058423437779471,0.14853130189360075,0.26541232936430986,0.14766992636382015,0.23811250185950641,1.4389589830243945,0.05186532562312074,-0.06104101697560549,0,0,FOLLOWING,1.4403205036234266,0.354833781907647,0
31.296,0.10172560212549671,1.1146142111455453,-3.1100518405483535,-1.3328075616445245,0.9946531946251579,0.1494441830992531,0.2665594510747171,0.14854046949308242,0.23916662153477405,1.4395402194591964,0.05188880760953385,-0.06045978054080359,0,0,FOLLOWING,1.4408860970368207,0.3565672156184391,0
31.328,0.09694594590292774,1.1144475077040576,-3.102365426739558,-1.337203221333307,0.9833841936566806,0.15039913376450162,0.2676849509778584,0.14945382578631164,0.24020161438751067,1.4401254897311788,0.05190713241245647,-0.05987451026882118,0,0,FOLLOWING,1.4414559033940562,0.35829828055430507,0
31.36,0.0921371709289061,1.1142427296233537,-3.094646490649044,-1.3415419373137962,0.972036245559891,0.15139562819176652,0.2687884255435616,0.1504091331728682,0.2412179507949974,1.4407145690667815,0.05192034388641087,-0.059285430933218475,0,0,FOLLOWING,1.4420297052352358,0.3600262754056051,0
31.392,0.08729826191100494,1.1139991987342373,-3.0868956611840113,-1.3458236225063729,0.9606102613601236,0.15243311901527956,0.26986948007461753,0.15140598498942293,0.24221463370876659,1.4413072197504515,0.05192841481719146,-0.05869278024954849,0,0,FOLLOWING,1.4426072723521317,0.3617505122140659,0
31.424,0.08242823154836404,1.1137162069292592,-3.07911358094757,-1.3500481909760458,0.949107158347535,0.15351103662888171,0.2709277288347381,0.15244384052920024,0.24319123509309273,1.4419032006217727,0.05193132091015995,-0.058096799378227315,0,0,FOLLOWING,1.4431883710362798,0.36347031623931153,0
31.456,0.07752612176678686,1.1133930196206046,-3.0713009053975346,-1.3542155579341784,0.937527860003462,0.15462878934031846,0.27196279546178054,0.15352213082146332,0.24414735322480652,1.442502267506053,0.051929042148634696,-0.05749773249394696,0,0,FOLLOWING,1.4437727644990273,0.36518502581827944,0
31.488,0.07259100486605977,1.113028876490658,-3.063458302142535,-1.3583256397401882,0.925873295926283,0.15578576356515586,0.272974313281591,0.15464026419890767,0.245082608378513,1.4431041733525656,0.05192156239558976,-0.05689582664743442,0,0,FOLLOWING,1.4443602130042612,0.3668939922184909,0
31.52,0.06762198463647723,1.1126229921961526,-3.0555864503248973,-1.3623783539032277,0.9141444017567899,0.15698132404099382,0.27396192554844434,0.15579762699925537,0.24599664011393102,1.4437086683560736,0.0519088690276992,-0.05629133164392641,0,0,FOLLOWING,1.4449504739845906,0.3685965794860718,0
31.552,0.0626181974529866,1.112174557118658,-3.0476860400720747,-1.3663736190838387,0.9023421191030736,0.15821481406196813,0.2749252856412889,0.15699358383415166,0.2468891051339319,1.4443155000804984,0.051890952647168476,-0.05568449991950164,0,0,FOLLOWING,1.4455433021596966,0.3702921642893566,0
31.584,0.05757881334614217,1.111682738163752,-3.0397577720020514,-1.3703113550955845,0.8904673954649299,0.15948555573414996,0.27586405723677665,0.15822747783339927,0.24775967559745404,1.4449244135863646,0.0518678068584828,-0.05507558641363541,0,0,FOLLOWING,1.4461384496584695,0.37198013575884903,0
31.616,0.052503037047932584,1.1111466796079583,-3.031802356770834,-1.3741914829066606,0.8785211841577946,0.16079285025233706,0.2767779144735117,0.15949863090501076,0.24860803780467278,1.4455351515621824,0.05183942809775166,-0.054464848437817626,0,0,FOLLOWING,1.446735666145115,0.3736598953242454,0
31.648,0.04739010901043067,1.110565503992403,-3.023820514652248,-1.3780139246414795,0.8665044442362113,0.16213597819859898,0.27766654211704084,0.1608063440155937,0.24943389118725792,1.4461474544597628,0.05180581550442254,-0.05385254554023722,0,0,FOLLOWING,1.4473346989492308,0.3753308565491736,0
31.68,0.04223930639521519,1.1099383130620857,-3.0158129751420737,-1.3817786035822364,0.8544181404168288,0.16351419986282348,0.2785296357314915,0.16214989749189454,0.2502369475477704,1.4467610606334451,0.05176697082698212,-0.05323893936655488,0,0,FOLLOWING,1.4479352931998364,0.37699244496426204,0
31.712,0.03704994403152908,1.1092641887496102,-3.0077804765800127,-1.3854854441704445,0.8422632430009668,0.16492675558540448,0.279366901861103,0.16352855134392824,0.2510169305025271,1.447375706483154,0.05172289835569944,-0.052624293516845944,0,0,FOLLOWING,1.4485371919632908,0.37864409789906145,0
31.744,0.031821375341165595,1.1085421942021523,-2.9997237657841884,-1.3891343720084555,0.8300407277967093,0.16637286612212016,0.28017805822299596,0.16494154560987864,0.2517735750899657,1.4479911266012309,0.05167360487675987,-0.05200887339876914,0,0,FOLLOWING,1.4491401363850411,0.38028526431335163,0
31.776,0.026552993228104782,1.1077713748503564,-2.9916435976938818,-1.3927253138609497,0.8177515760405684,0.16785173303116363,0.2809628339111753,0.16638810072292132,0.2525066275131621,1.44860705392292,0.051619099643072985,-0.05139294607707989,0,0,FOLLOWING,1.4497438658351018,0.38191540462827644,0
31.808,0.02124423093096204,1.106950759517785,-2.9835407350170478,-1.3962581976564086,0.8053967743187092,0.16936253908220797,0.28172096961084636,0.16786741789998222,0.25321584499060196,1.4492232198804083,0.05155939435792112,-0.05077678011959175,0,0,FOLLOWING,1.450348118057158,0.38353399055772563,0
31.84,0.015894562836356946,1.1060793615694442,-2.975415947879829,-1.3997329524885602,0.7929773144877458,0.17090444868731575,0.2824522178215123,0.16937867955235164,0.2539009956937429,1.449839354560273,0.0514945031682803,-0.05016064543972698,0,0,FOLLOWING,1.4509526293211714,0.3851405049403445,0
31.872,0.010503505251362594,1.1051561800978322,-2.9672700134758583,-1.4031495086178012,0.7804941935951144,0.1724766083534333,0.2831563430869506,0.17092104971802946,0.25456185875356135,1.4504551868642,0.05142444266520396,-0.04954481313580006,0,0,FOLLOWING,1.4515571345793472,0.38673444157250925,0
31.904,0.0050706171332560515,1.1041802011448578,-2.9591037157136166,-1.406507797472599,0.7679484137990287,0.17407814715614603,0.28383312222996476,0.17249367451554345,0.25519822432134187,1.451070444672811,0.05134923188914442,-0.0489295553271889,0,0,FOLLOWING,1.4521613676253096,0.3883153050425788,0
31.936,-0.00040449922514480466,1.1031503989578955,-2.950917844860509,-1.409807751650865,0.7553409822880255,0.17570817723430732,0.28448234458972627,0.1740956826189813,0.25580989367141327,1.4516848550124208,0.05126889233846211,-0.04831514498757916,0,0,FOLLOWING,1.452765061256325,0.3898826105666974,0
31.968,-0.005922197556199406,1.1020657372781486,-2.942713197182632,-1.4130493049213095,0.7426729112001071,0.1773657943050981,0.28510381225952725,0.17572618575382434,0.2563966793357019,1.4522981442245473,0.05118344797968177,-0.04770185577545272,0,0,FOLLOWING,1.453367947438387,0.39143588382639266,0
32.0,-0.01148278702578195,1.1009251706594139,-2.934490574579485,-1.4162323922247713,0.7299452175414856,0.17905007819901625,0.28569734032282557,0.17738427921320069,0.25695840526152375,1.4529100381379767,0.051092925258334525,-0.0470899618620233,0,0,FOLLOWING,1.4539697574739867,0.3929746608081904,0
32.032000000000004,-0.017086531690717947,1.0997276458152476,-2.9262507842131305,-1.4193569496755218,0.7171589231049359,0.18076009341424143,0.2862627570855783,0.17906904239403793,0.25749490698563304,1.4535202622431778,0.05099735310944942,-0.04647973775682224,0,0,FOLLOWING,1.4545702221723615,0.3944984876454401,0
32.064,-0.02273365000671057,1.0984721029924642,-2.9179946381314337,-1.4224229145625475,0.7043150543877638,0.18249488968977118,0.2867999043029728,0.18077953935257712,0.25800603181864423,1.45412854186885,0.05089676296689615,-0.0458714581311499,0,0,FOLLOWING,1.4551690720220167,0.39600692046252556,0
32.096000000000004,-0.02842431324020234,1.097157530196757,-2.9097227664515146,-1.4254302253508087,0.6914146425094092,0.18425350750615643,0.28730860261087143,0.18251440627453344,0.2584974652883759,1.4547346181970287,0.05079103699058506,-0.04526538180297135,0,0,FOLLOWING,1.4557660531235304,0.3974995252215812,0
32.128,-0.03415864817705638,1.0957828003671255,-2.901436196029727,-1.428378821682478,0.6784587231286421,0.18603496645435091,0.2877887311177617,0.18427352354778256,0.2589568088810525,1.455338200437424,0.05068037910073153,-0.04466179956257599,0,0,FOLLOWING,1.4563608796057634,0.3989758775719106,0
32.160000000000004,-0.039936734548239365,1.0943468426536829,-2.8931357484232305,-1.4312686443781453,0.6654483363604438,0.18783827481838294,0.28824018064052814,0.18605549977486274,0.2593904783746641,1.4559390138366048,0.05056482545010921,-0.044060986163395155,0,0,FOLLOWING,1.4569532813753128,0.4004355627021244,0
32.192,-0.04575860460019349,1.092848586631653,-2.8848222488557513,-1.4340996354380104,0.6523845266924929,0.18966242877887188,0.2886628545129598,0.1878593212265904,0.2597983592078134,1.4565367849820685,0.05044441574677938,-0.04346321501793149,0,0,FOLLOWING,1.4575429895046117,0.40187817519517977,0
32.224000000000004,-0.051624243250556055,1.0912869624431536,-2.876496525893783,-1.4368717380430454,0.6392683429013152,0.19150641303762586,0.2890566691478428,0.18968398270762815,0.26018034691326786,1.4571312412550137,0.05031919252284655,-0.0428687587449863,0,0,FOLLOWING,1.4581297356833154,0.4033033188863316,0
32.256,-0.05753358797835276,1.0896609022656867,-2.8681594109560162,-1.4395848965561355,0.6261008379680866,0.19336920145160816,0.28942155450000523,0.19152846932736622,0.2605363523537574,1.457722110950217,0.05018920105040614,-0.042277889049783024,0,0,FOLLOWING,1.4587132523350912,0.404710606724115,0
32.288000000000004,-0.06348652872313532,1.0879693418371086,-2.859811737832267,-1.4422390565231948,0.6128830689940992,0.19524975768758526,0.28975745445058354,0.1933917553500943,0.2608663014261222,1.4583091234573404,0.0500544892899204,-0.04169087654265957,0,0,FOLLOWING,1.4592932727959913,0.40609966063435976,0
32.32,-0.06948290783629499,1.0862112219840576,-2.8514543422097898,-1.4448341646742602,0.5996160971158953,0.1971470358956716,0.290064327124986,0.19527280470735858,0.261170134830473,1.4588920094480033,0.04991510784310105,-0.041107990551996654,0,0,FOLLOWING,1.4598695314987642,0.4074701113873286,0
32.352000000000004,-0.07552252008978837,1.0843854901500158,-2.843088061205138,-1.44737016892456,0.5863009874200787,0.19905998139944595,0.29034214515442486,0.19717057168428828,0.26144780789689287,1.4594705010630462,0.04977110990812284,-0.04052949893695379,0,0,FOLLOWING,1.4604417641575735,0.40882159846795313,0
32.384,-0.08160511274309562,1.0824911019213366,-2.834713732900186,-1.4498470183755603,0.5729388088578089,0.20098753140051911,0.29059089588882375,0.1990840016331373,0.2616992904553687,1.46004433209922,0.04962255123605264,-0.03995566790077998,0,0,FOLLOWING,1.4610097079523234,0.4101537699492445,0
32.416000000000004,-0.08773038566865281,1.0805270225494963,-2.826332195881314,-1.4522646633159844,0.5595306341589834,0.20292861569564744,0.2908105815672898,0.2010120316985607,0.2619245667368764,1.4606132381949999,0.04946949008762491,-0.039386761805000114,0,0,FOLLOWING,1.4615731017123288,0.41146628236883553,0
32.448,-0.09389799153581573,1.0784922284676492,-2.817944288781068,-1.4546230552228128,0.5460775397461187,0.2048821574046501,0.29100121945104984,0.20295359155203044,0.26212363529608634,1.4611769570152775,0.04931198718967079,-0.0388230429847225,0,0,FOLLOWING,1.4621316860990425,0.412758800608706,0
32.480000000000004,-0.10010753605327373,1.0763857087994406,-2.8095508498218478,-1.4569221467622548,0.5325806056479362,0.20684707370752442,0.2911628419227381,0.20490760413416859,0.26229650894803724,1.4617352284346787,0.04915010569069001,-0.038264771565321265,0,0,FOLLOWING,1.4626852037876368,0.4140309977780425,0
32.512,-0.10635857826969355,1.0742064668579108,-2.8011527163613668,-1.459161891790703,0.5190409154126434,0.20882227658925245,0.29129549655513093,0.2068729864038247,0.26244321471263815,1.4622877947192716,0.048983911115135566,-0.037712205280728384,0,0,FOLLOWING,1.463233399647149,0.4152825550992754,0
32.544000000000004,-0.1126506309322419,1.071953521632263,-2.7927507244398013,-1.4613422453556515,0.5054595560209746,0.2108066735908732,0.2913992461517985,0.20884865009284748,0.26256379376195194,1.4628344007063911,0.04881347131609503,-0.03716559929360885,0,0,FOLLOWING,1.4637760209189925,0.4165131617972012,0
32.576,-0.1189831609025025,1.0696259092602014,-2.784345708328662,-1.463463163696607,0.4918376177988866,0.21279916856546158,0.2914741687616646,0.21083350246545404,0.2626583013663718,1.4633747939823962,0.048638856426189925,-0.03662520601760377,0,0,FOLLOWING,1.464312817393549,0.41772251499127416,0
32.608000000000004,-0.1253555896291754,1.0672226844835313,-2.7759385000815255,-1.4655246042459593,0.4781761943300695,0.21479866243769877,0.2915203576690859,0.21282644708112733,0.2627268068364838,1.4639087250580325,0.048460138806456055,-0.03609127494196751,0,0,FOLLOWING,1.4648435415846355,0.4189103195909187,0
32.64,-0.13176729432689682,1.0647429907603156,-2.7675298041381318,-1.4675265256298435,0.46447638236810945,0.21680405998367946,0.2915379009799577,0.21482561854770638,0.2627732981519627,1.4644359750981677,0.04827731100144561,-0.0355640249018323,0,0,FOLLOWING,1.465367976374491,0.4200762881939669,0
32.672000000000004,-0.13821760694736349,1.0621859693340847,-2.759120359136491,-1.4694688876689623,0.4507392817484832,0.21881426702172796,0.2915268906503067,0.2168301137227427,0.2627967066388545,1.4649563215953918,0.048090389341081785,-0.0350436784046082,0,0,FOLLOWING,1.4658859008043972,0.42122014098805205,0
32.704,-0.14470581537322333,1.0595507300455969,-2.7507109959998273,-1.4713516513793992,0.4369659953002189,0.22082818620887124,0.29148743982961817,0.21883943150103458,0.2627941483378993,1.4654695241220466,0.04789945393970819,-0.03453047587795344,0,0,FOLLOWING,1.466397075860346,0.4223416056550584,0
32.736000000000004,-0.15123116516548626,1.0568364072408827,-2.7423025400817322,-1.4731747789733944,0.4231576287574032,0.22284471873239,0.29141968141150704,0.2208524901043222,0.26276579727568217,1.4659753450818422,0.047704585765872665,-0.03402465491815776,0,0,FOLLOWING,1.4669012651557776,0.42344041727845916,0
32.768,-0.15779285981503488,1.0540421622339544,-2.733895810843779,-1.4749382338601116,0.4093152906703682,0.22486276542827355,0.29132376691818057,0.22286817977593398,0.26271183758117406,1.4664735508301927,0.047505867251991685,-0.03352644916980729,0,0,FOLLOWING,1.4673982360509672,0.4245163182536318,0
32.8,-0.1643900614284102,1.051167184375308,-2.725491621741131,-1.4766419806463627,0.3954400923167397,0.2268812278282463,0.2911998655789195,0.22488539015784792,0.2626324569594144,1.4669639118774485,0.04730338235824317,-0.033036088122551543,0,0,FOLLOWING,1.4678877598570284,0.4255690582009828,0
32.832,-0.17102189153322606,1.0482106920798517,-2.7170907800577204,-1.478285985137327,0.3815331476121841,0.22889900913604672,0.29104816355807683,0.22690301346394476,0.26252784826608033,1.467446203008475,0.04709721659659127,-0.03255379699152505,0,0,FOLLOWING,1.468369611956354,0.4265983938819472,0
32.864,-0.1776874319450423,1.0451719338660643,-2.708694086697977,-1.4798702143372315,0.3675955730209984,0.2309150151454158,0.29086886329904243,0.2289199453445529,0.26239821086580384,1.4679202033948258,0.046887457039040736,-0.03207979660517424,0,0,FOLLOWING,1.4688435719157968,0.4276040891177666,0
32.896,-0.184385725686262,1.0420501893987184,-2.700302335944402,-1.4813946364500157,0.35362848746649633,0.23292815511028128,0.2906621829573385,0.23093508552814568,0.2622437516991335,1.4683856967063647,0.046674192312970764,-0.03161430329363535,0,0,FOLLOWING,1.4693094235994362,0.42858591471097035,0
32.928,-0.19111577795349202,1.0388447705257056,-2.691916315188765,-1.4828592208799694,0.3396330122411407,0.234937342575263,0.2904283559014798,0.23294733844443183,0.26206468610701356,1.4688424712224735,0.04645751258549291,-0.031157528777526533,0,0,FOLLOWING,1.469766955281023,0.42954364836961684,0
32.96,-0.19787655713056843,1.0355550223008463,-2.6835368046432637,-1.4842639382323455,0.3256102709165697,0.23694149617268967,0.290167630264628,0.23495561384828748,0.2618612384570825,1.4692903199422402,0.04623750953828809,-0.03070968005775976,0,0,FOLLOWING,1.4702159597556104,0.4304770746341132,0
32.992,-0.20466699584463988,1.0321803239858895,-2.675164577036833,-1.4856087603139532,0.31156138925335053,0.23893954039079557,0.2898802685336028,0.2369588274454821,0.26163364260754973,1.4697290406931534,0.04601427633435051,-0.030270959306846645,0,0,FOLLOWING,1.4706562344497724,0.4313859848067127,0
33.024,-0.21148599206279564,1.0287200900259863,-2.666800397300887,-1.4868936601337195,0.297487495110647,0.24093040631655896,0.2895665471646525,0.23895590151901674,0.26138214223753586,1.47015843623765,0.0457879075776364,-0.02984156376234992,0,0,FOLLOWING,1.4710875815299,0.4322701768835001,0
33.056,-0.21833241022678626,1.0251737709938407,-2.658445022248017,-1.4881186119032352,0.2833897183556289,0.24291303235571093,0.289226756217662,0.24094576555444522,0.2611069910673154,1.4705783143771274,0.04555849926666777,-0.029421685622872618,0,0,FOLLOWING,1.4715098080080398,0.4331294554889581,0
33.088,-0.22520508242342474,1.0215408544984887,-2.6500992002465487,-1.4892835910372684,0.2692691907728099,0.24488636493170446,0.2888611990022935,0.24292735686252967,0.26080845298739735,1.4709884880528465,0.04532614874279073,-0.029011511947153457,0,0,FOLLOWING,1.471922725844849,0.43396363181293807,0
33.12,-0.23210280958827592,1.0178208660552812,-2.641763670893405,-1.4903885741542617,0.255127045973142,0.24684935916487433,0.2884701917310386,0.24489962119746783,0.26048680211179803,1.4713887754434223,0.045090954633899116,-0.02861122455657772,0,0,FOLLOWING,1.472326152049215,0.43477252355011997,0
33.152,-0.23902436274025507,1.0140133699141762,-2.633439164687289,-1.491433539076799,0.24096441930305273,0.24880097953257355,0.2880540631753119,0.24686151336903206,0.26014232276791743,1.4717790000584123,0.0448530167941259,-0.028220999941587666,0,0,FOLLOWING,1.4727199087741947,0.4355559548417853,0
33.184,-0.2459684842447584,1.010117969843898,-2.625126402703883,-1.4924184648320509,0.2267824477532535,0.2507402005107486,0.2876131543216754,0.2488119978469234,0.25977530943340715,1.4721589908277857,0.04461243624013323,-0.027841009172214326,0,0,FOLLOWING,1.4731038234089064,0.43631375621999496,0
33.216,-0.2529338891029498,1.0061343098698976,-2.6168260962745062,-1.4933433316521967,0.2125822698675056,0.2526660071971587,0.2871478180260261,0.2507500493558601,0.25938606662819974,1.472528582186876,0.04436931508437825,-0.0274714178131239,0,0,FOLLOWING,1.473477728666113,0.4370457645539972,0
33.248,-0.25991926626482437,1.0020620749643865,-2.60853894666944,-1.4942081209748213,0.1983650256511748,0.25457739591626577,0.28665841866418684,0.2526746534598956,0.25897490876870977,1.4728876141566534,0.04412375646587208,-0.02711238584334663,0,0,FOLLOWING,1.4738414626651968,0.43775182299894877,0
33.28,-0.2669232799636672,0.9979009916870069,-2.60026564478694,-1.495012815443285,0.18413185647974117,0.25647337480568283,0.2861453317778197,0.25458480713462617,0.2585421599898819,1.473235932419015,0.04387586447871206,-0.02676406758098504,0,0,FOLLOWING,1.4741948690103432,0.4384317809467987,0
33.312,-0.27394457106952613,0.9936508287749547,-2.59200687084883,-1.4957573989070756,0.16988390500715433,0.25835296438397903,0.2856089437149643,0.25647951932608404,0.258088153939677,1.4735733883869695,0.04362574409879638,-0.026426611613030504,0,0,FOLLOWING,1.474537796863692,0.43908549397938124,0
33.344,-0.2809817584593175,0.9893113976816056,-2.583763294103421,-1.4964418564221296,0.1556223150741028,0.26021519809957916,0.28504965126481846,0.25835781149515064,0.2576132335500549,1.473899839269517,0.043373501108998624,-0.026100160730482935,0,0,FOLLOWING,1.4748701010133416,0.43971282382362,0
33.376,-0.2880334404011897,0.9848825530628945,-2.5755355725364066,-1.4970661742511346,0.14134823161618504,0.2620591228604555,0.28446786128660695,0.2602187181464986,0.25711775078774,1.4742151481311105,0.04311924202308238,-0.025784851868889458,0,0,FOLLOWING,1.4751916419360172,0.4403136383088526,0
33.408,-0.2950981959507793,0.980364193210899,-2.5673243525902936,-1.497630339863802,0.12706280057199315,0.26388379954429825,0.2838639903325943,0.26206128734110623,0.2566020663874948,1.4745191839455827,0.04286307400862732,-0.02548081605441732,0,0,FOLLOWING,1.4755022858543423,0.4408878113261945,0
33.44,-0.3021745863570052,0.9757562604342355,-2.559130268892848,-1.4981343419371225,0.11276716879111544,0.26568830348884365,0.2832384642654348,0.2638845811915824,0.2560665495702734,1.474811821644467,0.042605104809190664,-0.025188178355532997,0,0,FOLLOWING,1.4758019047885718,0.4414352227899539,0
33.472,-0.3092611564750692,0.9710587413850523,-2.550953943994977,-1.4985781703555885,0.09846248394206618,0.26747172496205673,0.282591717870184,0.2656876763395072,0.2555115777484548,1.4750929421596395,0.04234544266594442,-0.024907057840360514,0,0,FOLLOWING,1.476090376602772,0.4419557586010202,0
33.504,-0.3163564361843492,0.9662716673325406,-2.5427959881184043,-1.4989618162114025,0.0841498944201496,0.26923316961187566,0.28192419446137973,0.2674696644142094,0.2549375362196933,1.475362432460252,0.04208419623897752,-0.024637567539748106,0,0,FOLLOWING,1.4763675850453477,0.44244931061223736,0
33.536,-0.3234589418089037,0.96139511438303,-2.53465699891345,-1.4992852718046503,0.06983054925526548,0.2709717588952594,0.28123634548568155,0.26922965247238173,0.25434481785112123,1.4756201855839213,0.04182147452847085,-0.024379814416078727,0,0,FOLLOWING,1.476633419783938,0.44291577659568615,0
33.568,-0.3305671775383364,0.956429203646869,-2.52653756122719,-1.4995485306434597,0.05550559801966376,0.27268663048630554,0.2805286301206035,0.2709667634180926,0.2537338227551358,1.4758661006621872,0.04155738679592913,-0.024133899337812847,0,0,FOLLOWING,1.4768877764346204,0.44335506021189625,0
33.6,-0.3376796368468103,0.9513741013524065,-2.5184382468822046,-1.4997515874441296,0.04117619073565576,0.27437693866324436,0.2798015148699225,0.2726801364027432,0.25310495795815235,1.476100082940231,0.0412920424856309,-0.023899917059768905,0,0,FOLLOWING,1.477130556585475,0.4437670709809097,0
33.632,-0.34479480390804057,0.9462300189075166,-2.5103596144661346,-1.4998944381312365,0.026843477783289035,0.2760418546741496,0.27905547315637014,0.274368927204701,0.252458637063198,1.4763220437908973,0.041025551146476325,-0.023677956209102735,0,0,FOLLOWING,1.4773616678144816,0.44415172425521743,0
33.664,-0.35191115500414644,0.9409972129092115,-2.5023022091321865,-1.4999770798377137,0.012508609807996599,0.2776805670812468,0.27829098491223736,0.27603230858830086,0.2517952799075067,1.476531900723042,0.040758022354385304,-0.023468099276958032,0,0,FOLLOWING,1.4775810237018288,0.4445089411944968,0
33.696,-0.35902715992629103,0.9356759851019986,-2.4942665624107265,-1.4999995109049116,-0.0018272623717923932,0.2792922820837449,0.27750853616853505,0.27766947064199576,0.2511153122160916,1.4767295773842903,0.04048956563539318,-0.023270422615709663,0,0,FOLLOWING,1.4777885438366354,0.44483864874218737,0
33.728,-0.3661412833650962,0.9302666822857317,-2.486253192032064,-1.4999617308826312,-0.016162987857010282,0.2808762238191475,0.27670861864335194,0.27927962109556387,0.25041916525190216,1.4769150035582153,0.040220290389566316,-0.023084996441784744,0,0,FOLLOWING,1.4779841538181915,0.4451407796037962,0
33.76,-0.37325198628887957,0.9247696961738043,-2.478262601760512,-1.4998637405291317,-0.030497415760388946,0.2824316346430553,0.2758917293300701,0.2808619856162191,0.24970727546361512,1.4770881151560975,0.039950305815932285,-0.022911884843902497,0,0,FOLLOWING,1.4781677852517412,0.4454152722270277,0
33.792,-0.3803577273078236,0.919185463202613,-2.4702952812397734,-1.4997055418111143,-0.04482939529880878,0.28395777538749867,0.2750583700860697,0.2824158080836575,0.24898008413156283,1.477248854203248,0.039679720838465826,-0.02275114579675197,0,0,FOLLOWING,1.4783393757389354,0.44566207078358805,0
33.824,-0.38745696402225627,0.9135144642933136,-2.4623517058496804,-1.499487137903686,-0.05915777588573023,0.28545392559789107,0.2742090472225746,0.28394035084397484,0.24823803701284283,1.477397168820112,0.03940864403334299,-0.02260283117988804,0,0,FOLLOWING,1.4784988688630014,0.445881125152785,0
33.856,-0.3945481543532913,0.9077572245669582,-2.4544323365743157,-1.4992085331902931,-0.07348140722351869,0.2869193837487235,0.273344271096257,0.2854348949425894,0.24748158398587777,1.4775330131981332,0.03913718355749651,-0.022466986801866762,0,0,FOLLOWING,1.4786462141687728,0.44607239090676787,0
33.888,-0.40162975785415034,0.9019143130141797,-2.446537619881487,-1.4988697332626346,-0.08779913939583703,0.2883534674381687,0.27246455570322664,0.2868987403362143,0.24671117869531092,1.477656347570627,0.03886544707866291,-0.022343652429372973,0,0,FOLLOWING,1.4787813671376489,0.44623582929753264,0
33.92,-0.408700237000566,0.895986342120657,-2.43866798761354,-1.498470744920548,-0.10210982295991669,0.28975551356179036,0.2715704182759966,0.2883312060840671,0.24592727819791296,1.4777671381786521,0.03859354170694118,-0.02223286182134787,0,0,FOLLOWING,1.478904289157642,0.4463714072455443,0
33.952,-0.4157580584587425,0.8899739674496522,-2.4308238568894533,-1.4980115761718769,-0.11641230903888156,0.2911248784656004,0.2706623788840197,0.2897316305184877,0.24513034260981653,1.4778653572321496,0.03832157392804758,-0.022134642767850377,0,0,FOLLOWING,1.4790149474886003,0.4464790973300985,0
33.984,-0.4228016943294308,0.8838778871829719,-2.4230056300181566,-1.497492236232306,-0.1307054494139357,0.29246093807873125,0.2697409600383551,0.2910993713951908,0.24432083475590236,1.4779509828663497,0.038049649538269836,-0.02204901713365026,0,0,FOLLOWING,1.4791133152227744,0.446558877781281,0
34.016,-0.4298296233667584,0.877698841621753,-2.4152136944229863,-1.4969127355251777,-0.14498809661658885,0.29376308802602974,0.2688066863010168,0.29243380602344066,0.24349921982167758,1.4780239990937263,0.037777873581299914,-0.02197600090627372,0,0,FOLLOWING,1.479199371240835,0.4466107324736505,0
34.048,-0.4368403321705352,0.8714376126485196,-2.4074484225771764,-1.4962730856812838,-0.1592591040207311,0.29503074372090876,0.26786008389952665,0.29373433137638805,0.24266596500842963,1.4780843957515213,0.03750635028692573,-0.021915604248478715,0,0,FOLLOWING,1.4792731001635169,0.4466346509215056,0
34.08,-0.44383231635084347,0.865095023152002,-2.399710171950273,-1.4955732995386315,-0.17351732593472782,0.29626334043882374,0.26690168034717976,0.2950003641819502,0.241821539191861,1.478132168445119,0.037235183011751875,-0.021867831554881034,0,0,FOLLOWING,1.4793344922990126,0.44663062827586086,0
34.112,-0.4508040816638035,0.8586719364162401,-2.3919992849653413,-1.4948133911421846,-0.18776161769336575,0.29746033337176575,0.2659320040695005,0.29623134099459336,0.2409664125847495,1.4781673184873176,0.03696447418193749,-0.02183268151268236,0,0,FOLLOWING,1.4793835435863025,0.44659866532301307,0
34.144,-0.45775414511749357,0.8521692554755265,-2.3843160889668154,-1.493993375743583,-0.20199083574976215,0.2986211976641938,0.2649515840373479,0.29742671824835293,0.24010105640446663,1.4781898528337483,0.03669432523806204,-0.021810147166251737,0,0,FOLLOWING,1.4794202555345395,0.44653876848478674,0
34.176,-0.4646810360470872,0.8455879224367742,-2.3766608961988376,-1.4931132698008365,-0.2162038377671671,0.2997454284308511,0.26396094940710435,0.298585972291573,0.23922594254510343,1.4781997840145662,0.036424836582155784,-0.021800215985433802,0,0,FOLLOWING,1.4794446351587078,0.44645094982039457,0
34.208,-0.47158329715835773,0.8389289177709078,-2.369034003793901,-1.4921730909779938,-0.2303994827106716,0.30083254075693305,0.2629606291683583,0.29970859940373834,0.23834154325533174,1.4781971300625978,0.03615610752693854,-0.021802869937402214,0,0,FOLLOWING,1.4794566949116628,0.44633522702996636,0
34.24,-0.47845948553878404,0.8321932595749006,-2.361435693771635,-1.4911728581447883,-0.24457663093881085,0.301882069681096,0.2619511517994586,0.30079411579491955,0.23744833082182676,1.4781819144381174,0.03588823624733406,-0.021818085561882583,0,0,FOLLOWING,1.4794564526127805,0.44619162345970104,0
34.272,-0.48530817363557877,0.8253820028060871,-2.353866233047502,-1.4901125913762598,-0.2587341442950562,0.3028935701618153,0.2609330449313077,0.3018420575882664,0.2365467772590447,1.478154165950432,0.03562131973425853,-0.02184583404956797,0,0,FOLLOWING,1.479443931373332,0.4460201681086931,0
34.304,-0.49212795020004046,0.8184962384903924,-2.346325873451228,-1.4889923119523503,-0.27287088619918726,0.30386661702761736,0.25990683501971806,0.30285198078605985,0.23563735400549796,1.4781139186764467,0.03535545375075966,-0.021886081323553297,0,0,FOLLOWING,1.479419159518819,0.4458208956373966,0
34.336,-0.49891742119771754,0.8115370929061184,-2.3388148517547207,-1.4878120423574788,-0.28698572173853787,0.3048008049117279,0.2588730470266436,0.30382346121988385,0.23472053162678536,1.4780612118763976,0.03509073279048813,-0.021938788123602393,0,0,FOLLOWING,1.4793821705083805,0.4455938463777758,0
34.368,-0.5056752106839505,0.8045057267449279,-2.3313333897092665,-1.4865718062800886,-0.3010775177591083,0.30569574817169065,0.2578322041105663,0.3047560944853561,0.23379677952607528,1.477996089906927,0.03482725003855647,-0.022003910093072898,0,0,FOLLOWING,1.4793330028515124,0.4453390663451133,0
34.4,-0.5123999616444411,0.797403334251663,-2.323881694091756,-1.4852716286121717,-0.3151451429565357,0.30655108079452226,0.2567848273262926,0.3056494958620809,0.23286656566169484,1.4779186021316777,0.0345650973347813,-0.022081397868322306,0,0,FOLLOWING,1.4792717000222144,0.4450566072515239,0
34.432,-0.5190903368005743,0.790231142344625,-2.3164599567596893,-1.483911535448771,-0.3291874679669137,0.3073664562879827,0.2557314353343911,0.30650330021927197,0.23193035627276948,1.477828802829597,0.03430436513931534,-0.022171197170403056,0,0,FOLLOWING,1.4791983103708062,0.4447465265211476,0
34.464,-0.5257450193792934,0.782990409717927,-2.309068354714714,-1.4824915540874537,-0.3432033654574734,0.3081415475585457,0.25467254412047424,0.3073171619077014,0.23098861561267678,1.4777267511011274,0.03404514250069468,-0.02227324889887261,0,0,FOLLOWING,1.4791128870335213,0.44440888730708866,0
34.496,-0.5323627138474087,0.7756824259275192,-2.3017070501744277,-1.4810117130277676,-0.35719171021705537,0.3088760467766594,0.2536086667245046,0.3080907546384958,0.23004180569069688,1.4776125107724327,0.03378751702625893,-0.02238748922756728,0,0,FOLLOWING,1.4790154878401203,0.4440437585100367,0
34.528,-0.538942146610285,0.7683085104624618,-2.2943761906521787,-1.4794720419706628,-0.3711513792464851,0.30956966522989926,0.2525403129802858,0.3088237713494007,0.2290903860220582,1.4774861502979069,0.03353157485500402,-0.022513849702093136,0,0,FOLLOWING,1.47890617521964,0.4436512147986976,0
34.56,-0.5454820666749262,0.7608700118030028,-2.2870759090445922,-1.4778725718179042,-0.38508125184868414,0.3102221331646107,0.2514679892652574,0.3095159240590559,0.22813481338663932,1.4773477426610417,0.033277400632770515,-0.02265225733895826,0,0,FOLLOWING,1.478785016104504,0.4432313366319245,0
34.592,-0.5519812462775465,0.7533683064669848,-2.279806323726537,-1.4762133346714421,-0.39898020971868475,0.31083319961664696,0.2503921982607154,0.3101669437099366,0.22717554159619685,1.4771973652739352,0.03302507748984373,-0.022802634726064808,0,0,FOLLOWING,1.4786520818331133,0.442784210282702,0
34.624,-0.5584384814757737,0.7458047980460847,-2.2725675386532656,-1.4744943638327745,-0.41284713703336484,0.31140263223180453,0.24931343872253348,0.3107765800005172,0.22621302127055648,1.477035099875496,0.03277468702086761,-0.02296490012450403,0,0,FOLLOWING,1.4785074480511409,0.44230992786387496,0
34.656,-0.5648525927056993,0.7381809162333502,-2.26535964346942,-1.4727156938022756,-0.4266809205410714,0.3119302170765615,0.2482322052624501,0.3113446012072531,0.22524769962264168,1.4768610324286342,0.032526309267115305,-0.0231389675713658,0,0,FOLLOWING,1.4783511946116383,0.44180858735577416,0
34.688,-0.5712224253040479,0.7304981158434708,-2.258182713624635,-1.470877360278506,-0.44048044965094935,0.3124157584397164,0.24714898813996053,0.31187079399698403,0.22428002025269062,1.4766752530164735,0.03228002270102559,-0.02332474698352649,0,0,FOLLOWING,1.4781834054741747,0.44128029263563584,0
34.72,-0.5775468499957904,0.7227578758271761,-2.251036810495437,-1.4689794001574912,-0.4542446165221451,0.31285907862552925,0.2460642730648385,0.3123549632303944,0.22331042295123882,1.476477855737873,0.03203590421305025,-0.023522144262126954,0,0,FOLLOWING,1.4780041686031133,0.4407251535089685,0
34.752,-0.5838247633475867,0.7149616982811258,-2.2439219815131533,-1.4670218515319884,-0.46797231615270135,0.31326001773895257,0.24497854101027827,0.3127969317570445,0.22233934351144405,1.4762689386022914,0.031794029100696175,-0.02373106139770864,0,0,FOLLOWING,1.477813575865232,0.4401432857427689,0
34.784,-0.5900550881874865,0.707111107454609,-2.2368382602975343,-1.4650047536907138,-0.48166244646831124,0.31361843346354384,0.2438922680366443,0.3131965402026063,0.22136721355056585,1.4760486034242706,0.03155447105981546,-0.023951396575729422,0,0,FOLLOWING,1.4776117229267958,0.43953481110074305,0
34.816,-0.5962367739913703,0.6992076487543283,-2.2297856667958005,-1.4629281471175624,-0.49531390841075096,0.3139342008326343,0.2428059251257864,0.3135536467489257,0.22039446034025031,1.4758169557175613,0.03131730217801021,-0.02418304428243867,0,0,FOLLOWING,1.4773987091502665,0.4388998573804364,0
34.848,-0.6023687972366518,0.6912528877485066,-2.2227642074268257,-1.4607920734907864,-0.5089256060261563,0.31420721199433044,0.24171997802586379,0.31386812690738175,0.21942150664630747,1.4755741045891597,0.031082592930214318,-0.02442589541084028,0,0,FOLLOWING,1.4771746374907613,0.4382385584524306,0
34.88,-0.608450161723813,0.683248409171505,-2.215773875230166,-1.4585965756821686,-0.522496446552964,0.31443737597090554,0.24063488710660777,0.31413987328623966,0.21844877057711123,1.4753201626332748,0.030850412176310904,-0.024679837366725188,0,0,FOLLOWING,1.4769396143924323,0.4375510543015167,0
34.912,-0.614479898866371,0.6751958159300956,-2.2088146500196384,-1.4563416977561534,-0.5360253405096801,0.31462461841313805,0.2395511072249287,0.31436879535243534,0.21747666544138047,1.4750552458254735,0.0306208271608277,-0.024944754174526462,0,0,FOLLOWING,1.4766937496848653,0.43683749107000075,0
34.944,-0.6204570679499213,0.66709672811249,-2.2018864985411826,-1.4540274849689667,-0.549511201782315,0.3147688813501354,0.23846908760077026,0.3145548191884487,0.21650559961454274,1.4747794734170352,0.03039390351460103,-0.02522052658296481,0,0,FOLLOWING,1.4764371564796706,0.4360980211030682,0
34.976,-0.6263807563609288,0.658952782001169,-2.1949893746347082,-1.451653983767708,-0.5629529477115918,0.3148701229351739,0.23738927170308494,0.3146978872447465,0.21553597641394245,1.4744929678297134,0.030169705258401347,-0.025507032170286603,0,0,FOLLOWING,1.4761699510673407,0.43533280299633015,0
35.008,-0.6322500797859707,0.6507656290905233,-2.188123219399659,-1.4492212417894157,-0.5763494991798596,0.3149283171880724,0.23631209714580503,0.3147979580883274,0.21456819398287713,1.474195854550981,0.029948294808459952,-0.02580414544901899,0,0,FOLLOWING,1.4758922528145517,0.4345420016455295,0
35.04,-0.6380641823821616,0.6425369351102538,-2.1812879613640175,-1.446729307860113,-0.5896997806977275,0.314943453734604,0.23523799559366262,0.31485500614792616,0.21360264518300293,1.473888262029897,0.02972973298385151,-0.02611173797010302,0,0,FOLLOWING,1.4756041840619638,0.4337257882984946,0
35.072,-0.6438222369195145,0.6342683790554413,-2.1744835166564838,-1.4441782319938268,-0.603002720490405,0.31491553754343654,0.23416739267770778,0.3148690214563341,0.2126397174951672,1.4735703215736875,0.029514079015681816,-0.026429678426312497,0,0,FOLLOWING,1.4753058700226909,0.432884340609336,0
35.104,-0.6495234448960163,0.6259616522241412,-2.1677097891815653,-1.4415680653915839,-0.6162572505837459,0.31484458866107823,0.23310070792035376,0.31484000939041057,0.2116797929284497,1.473242167245154,0.029301390558043927,-0.02675783275484589,0,0,FOLLOWING,1.4749974386814817,0.4320178426949704,0
35.136,-0.6551670322093703,0.6176180669325473,-2.160966663615429,-1.4388988604403856,-0.6294623068899858,0.31473060561271604,0.23203833214006525,0.3147780560699308,0.21072347237744427,1.4729036076253186,0.029091572969304202,-0.02709639237468142,0,0,FOLLOWING,1.4746786926813515,0.4311264851939758,0
35.168,-0.6607522467156005,0.6092379536194584,-2.1542540022756107,-1.4361706707121527,-0.6426168292931689,0.31457347782236955,0.23098057844736627,0.31470910597837753,0.20977145455097593,1.4725536084552298,0.028884166408237544,-0.027446391544770243,0,0,FOLLOWING,1.4743485921403574,0.4302104653278604,0
35.2,-0.6662783752099519,0.6008216627885623,-2.1475716782988985,-1.433383550962653,-0.6557197617342545,0.314373005189157,0.2299277062964915,0.3146335573305543,0.20882340132943372,1.4721911228534195,0.028678761693757604,-0.027808877146580535,0,0,FOLLOWING,1.4740060845396632,0.429269986964745,0
35.232,-0.671744743627866,0.5923708213035028,-2.1409195320274454,-1.4305375571304006,-0.668770052295899,0.3141290355724133,0.22887999341045265,0.3145187232700576,0.2078803375640165,1.4718161695287066,0.02847539691038259,-0.02818383047129336,0,0,FOLLOWING,1.4736511825717928,0.42830526068555164,0
35.264,-0.6771507221770241,0.5838902767646554,-2.13429735630407,-1.4276327463355356,-0.6817666532869024,0.3138417633366562,0.22783788255785206,0.3142800311354353,0.20694374765750634,1.4714315251389005,0.028275196748548392,-0.02856847486109948,0,0,FOLLOWING,1.4732866559696516,0.4273165038526955,0
35.296,-0.6824956375672027,0.5753819346962326,-2.1277050608050705,-1.4246691768786737,-0.6947085213263307,0.31351140106109066,0.22680181992718218,0.31399369207499905,0.20600998048490723,1.4710375008590766,0.028078313296776788,-0.028962499140923414,0,0,FOLLOWING,1.472912809939042,0.4263039406813793,0
35.328,-0.6877788808009262,0.5668475725172416,-2.1211424795967804,-1.421646908239742,-0.7075946174272513,0.31313815845017046,0.22577223569297475,0.3136638657784127,0.2050813988850235,1.4706342771768424,0.027884805163546744,-0.029365722823157636,0,0,FOLLOWING,1.4725298190476375,0.42526780231346384,0
35.36,-0.6929998786613619,0.558288959196413,-2.1146094312194887,-1.4185660010767762,-0.7204239070801827,0.3127222429214957,0.22474954480176398,0.3132911348494216,0.20415848805118814,1.4702220214573876,0.027694723900521634,-0.029777978542612438,0,0,FOLLOWING,1.472137844768849,0.4242083268940544,0
35.392,-0.6981580886081176,0.5497078650112828,-2.1081057218187973,-1.4154265172247156,-0.7331953603361052,0.3122638617603262,0.22373414822852025,0.31287573663584434,0.2032416353200859,1.4698008995428105,0.027508117848515038,-0.030199100457189543,0,0,FOLLOWING,1.4717370470815538,0.4231257596507418,0
35.424,-0.7032529978692954,0.541106061940398,-2.1016311458172727,-1.4122285196941489,-0.7459079518891866,0.3117632239985038,0.22272643409507353,0.31241787557083234,0.20233120703860624,1.4693710771417008,0.027325032653474413,-0.030628922858299212,0,0,FOLLOWING,1.4713275858606656,0.4220203529756524,0
35.456,-0.7082841230417748,0.5324853231449448,-2.095185486347305,-1.40897207267006,-0.7585606611590547,0.31122054194682447,0.2217267786392461,0.31191775562237906,0.20142755602653004,1.468932720154934,0.027145511520457966,-0.031067279845065965,0,0,FOLLOWING,1.4709096212039443,0.420892366510242,0
35.488,-0.7132510097617855,0.523847422344106,-2.088768515630794,-1.4056572415105322,-0.7711524723727706,0.3106360324292127,0.22073554705422904,0.311375584662212,0.20053102323806624,1.468485994853618,0.02696959541827937,-0.03151400514638203,0,0,FOLLOWING,1.4704833136108106,0.41974206723298657,0
35.52,-0.7181532323950829,0.5151941331678315,-2.0823799953277247,-1.402284092745444,-0.7836823746463363,0.3100099177687515,0.21975309421719888,0.3107915758126341,0.1996419387342016,1.4680310680075042,0.026797323256938732,-0.03196893199249584,0,0,FOLLOWING,1.470048824111637,0.41856972954990423,0
35.552,-0.722990393737634,0.506527228499458,-2.0760196768595516,-1.3988526940751247,-0.7961493620658889,0.30934242656813943,0.21877976532363955,0.31016594830533933,0.19876062246982654,1.467568106979857,0.026628732043387334,-0.03243189302014304,0,0,FOLLOWING,1.4696063143633562,0.4173756353880545,0
35.584,-0.7277621247227186,0.4978484798129156,-2.069687301711197,-1.3953631143690055,-0.8085524337684173,0.30863379432005394,0.21781589644148033,0.3094989281360269,0.1978873849623071,1.4670972797953252,0.026463857019017212,-0.032902720204674774,0,0,FOLLOWING,1.4691559467180828,0.4161600742919492,0
35.616,-0.7324680841315301,0.4891596565079509,-2.063382601714771,-1.3918154236642266,-0.8208905940221518,0.3078842638769387,0.21686181499714194,0.30879074856935385,0.19702252786250066,1.4666187551858287,0.026302731781816746,-0.03338124481417126,0,0,FOLLOWING,1.4686978842696155,0.41492334352301913,0
35.648,-0.7371079583050212,0.4804625252462082,-2.0571052993176693,-1.3882096931642431,-0.8331628523064633,0.3070940858047573,0.21591784020385005,0.30804165052150034,0.1961663444430385,1.4661327026183841,0.026145388395582003,-0.03386729738161587,0,0,FOLLOWING,1.4682322908818954,0.41366574816206,0
35.68,-0.7416814608552711,0.47175884929055767,-2.0508551078373127,-1.3845459952373864,-0.8453682233914194,0.3062635186411388,0.21498428344109094,0.307251882841437,0.19531912001584378,1.4656392923083523,0.02599185748841304,-0.034360707691647674,0,0,FOLLOWING,1.4677593312027544,0.4123876012147999,0
35.712,-0.746188332375072,0.4630503878496727,-2.0446317317044156,-1.3808244034154167,-0.857505727416854,0.30539282907490223,0.21406144859281326,0.30642170250848716,0.1944811322904958,1.4651386952208127,0.025842168342212982,-0.03486130477918725,0,0,FOLLOWING,1.4672791706658044,0.41108922372051476,0
35.744,-0.750628340144784,0.4543388954295306,-2.0384348666964187,-1.3770449923920447,-0.8695743899710427,0.30448229206109956,0.21314963235088344,0.30555137476070426,0.19365265168173393,1.4646310830624911,0.025696348974846742,-0.035368916937508876,0,0,FOLLOWING,1.4667919754827723,0.4097709448637935,0
35.776,-0.7550012778357909,0.44562612119322687,-2.0322642001624307,-1.3732078380214356,-0.8815732421689282,0.3035321908833496,0.2122491244893658,0.30464117316641975,0.19283394157473369,1.4641166282661628,0.02555442621623394,-0.035883371733837155,0,0,FOLLOWING,1.4662979126282991,0.4084331020894215,0
35.808,-0.7593069652101214,0.4369138083302519,-2.026119411240843,-1.3693130173166832,-0.8935013207299021,0.30254281717325754,0.21136020811438055,0.30369137964907367,0.19202525855412964,1.463595503969174,0.025416425779558605,-0.03640449603082607,0,0,FOLLOWING,1.465797149818776,0.40707604122043134,0
35.84,-0.7635452478159829,0.4282036934361708,-2.0200001710705826,-1.365360608448266,-0.9053576680551392,0.3015144708950815,0.21048315989361766,0.30270228447393727,0.1912268526027884,1.4630678839874522,0.025282372328555347,-0.036932116012547755,0,0,FOLLOWING,1.4652898554866538,0.4057001165792978,0
35.872,-0.767715996679106,0.41949750590347085,-2.0139061429968548,-1.3613506907424786,-0.9171413323044739,0.30044746030243846,0.20961825026897044,0.30167418620371067,0.19043896727404278,1.462533942786149,0.02515228954175064,-0.03746605721385099,0,0,FOLLOWING,1.4647761987513046,0.40430569111231174,0
35.904,-0.771819107989919,0.4107969673241853,-2.007836982772066,-1.3572833446798387,-0.9288513674728155,0.29934210187271,0.20876574365526088,0.30060739162906586,0.18966183984227375,1.4619938554478562,0.02502620017436552,-0.038006144552143795,0,0,FOLLOWING,1.4642563493874494,0.40289313651709313,0
35.936,-0.7758545027866599,0.40210379090477694,-2.0017923387525673,-1.3531586518934722,-0.9404868334660939,0.2981987202238621,0.20792589862758143,0.2995022156788983,0.18889570143362203,1.4614477976392126,0.024904126118552528,-0.03855220236078738,0,0,FOLLOWING,1.4637304777918974,0.4014628333732657,0
35.968,-0.7798221266346113,0.393419680893651,-1.9957718520917573,-1.348976695167475,-0.9520467961767317,0.297017648017606,0.2070989680994236,0.2983589813143917,0.1881407771396463,1.460895945576555,0.024786088462534824,-0.03910405442344489,0,0,FOLLOWING,1.4631987549493233,0.4000151712762344,0
36.0,-0.7837219493016983,0.38474633202157293,-1.9897751569300373,-1.34473755843525,-0.9635303275586353,0.29579922585217155,0.20628519949343313,0.2971780194103029,0.18739728611574327,1.4603384759911844,0.024672107549169153,-0.03966152400881562,0,0,FOLLOWING,1.4626613523975895,0.39855054897407005,0
36.032000000000004,-0.7875539644307303,0.3760854289551865,-1.9838018805820612,-1.340441326777826,-0.9749365057016997,0.294543802147424,0.20548483490638592,0.2959596686262034,0.18666544166571475,1.4597755660947214,0.024562203034404595,-0.040224433905278634,0,0,FOLLOWING,1.462118442193149,0.3970693745074229,0
36.064,-0.7913181892086016,0.3674386457637576,-1.977851643721708,-1.336088086422146,-0.9862644149058197,0.29325173302459034,0.20469811126973922,0.29470427526995174,0.1859454513129544,1.4592073935449466,0.024456393946097332,-0.04079260645505345,0,0,FOLLOWING,1.4615701968768702,0.3955720653524424,0
36.096000000000004,-0.7950146640327854,0.3588076453992183,-1.9719240605651773,-1.3316779247393398,-0.9975131457544015,0.29192338218249353,0.20392526050694512,0.2934121931551816,0.18523751685896261,1.4586341364124769,0.02435469874360585,-0.041365863587523144,0,0,FOLLOWING,1.4610167894406918,0.39405904856660423,0
36.128,-0.7986434521754712,0.35019407918952433,-1.966018739052603,-1.3272109302429662,-1.0086817951873832,0.29055912077187224,0.20316650968855055,0.2920837834544989,0.1845418344299156,1.4580559731485747,0.024257135378590755,-0.04194402685142529,0,0,FOLLOWING,1.4604583932953417,0.39253076093740064,0
36.160000000000004,-0.8022046394457015,0.3415995863453148,-1.9601352810285855,-1.3226871925872445,-1.019769466573708,0.2891593272690969,0.2024220811859847,0.2907194145492948,0.1838585945101956,1.4574730825543147,0.024163721357426615,-0.042526917445685264,0,0,FOLLOWING,1.4598951822394344,0.3909876491337349,0
36.192,-0.8056983338498728,0.3330257934798166,-1.9542732824220572,-1.3181068025652447,-1.0307752697833406,0.2877243873503846,0.20169219282484244,0.2893194618773636,0.18318798196345415,1.4568856437514066,0.024074473805696828,-0.04311435624859339,0,0,FOLLOWING,1.459327330430127,0.38943016985999024,0
36.224000000000004,-0.8091246652509562,0.32447431414191774,-1.948432333425908,-1.3134698521070756,-1.0416983212586928,0.2862546937674216,0.20097705803839105,0.2878843077788643,0.1825301760399424,1.4562938361547726,0.023989409535164263,-0.04370616384522741,0,0,FOLLOWING,1.458755012355577,0.3878587900125416,0
36.256,-0.8124837850267991,0.31594674836231085,-1.942612018676844,-1.3087764342780281,-1.0525377440855903,0.2847506462251581,0.20027688602197596,0.28641434134116023,0.18188535036932402,1.4556978394471818,0.02390854511376661,-0.044302160552818215,0,0,FOLLOWING,1.4581784028093556,0.3862739868386513,0
36.288000000000004,-0.8157758657278529,0.3074446822125919,-1.9368119174359697,-1.3040266432767225,-1.0632926680636388,0.2832126512624108,0.19959188188895502,0.28490995824290893,0.18125367293805164,1.4550978335560045,0.023831896939071836,-0.04490216644399547,0,0,FOLLOWING,1.4575976768670271,0.3846762480974789,0
36.32,-0.8190011007346741,0.2989696873771899,-1.9310316037706503,-1.2992205744332002,-1.0739622297761182,0.2816411221358046,0.19892224682878418,0.28337156059753876,0.18063530604939124,1.4544939986323584,0.023759481315839274,-0.0455060013676416,0,0,FOLLOWING,1.4570130098650265,0.3830660722230988,0
36.352000000000004,-0.8221597039155248,0.29052332073800075,-1.9252706467382619,-1.2943583242070282,-1.0845455726592654,0.2800364787074981,0.19826817826785903,0.2817995567960188,0.18003040626434802,1.4538865150327178,0.023691314538219377,-0.04611348496728218,0,0,FOLLOWING,1.4564245773820474,0.3814439684892041,0
36.384,-0.8252519092843976,0.28210712397159654,-1.9195286105725098,-1.2894399901853464,-1.0950418470710728,0.2783991473370677,0.19762987003373678,0.2801943613489189,0.1794391243214351,1.4532755633032535,0.023627412977361484,-0.04672443669674653,0,0,FOLLOWING,1.4558325552230695,0.3798104571753353,0
36.416000000000004,-0.8282779706597739,0.2737226231588823,-1.9138050548730716,-1.2844656710809241,-1.1054502103594654,0.2767295607778646,0.19700751252338736,0.2785563947274523,0.17886160503292095,1.4526613241669806,0.0235677931751177,-0.04733867583301943,0,0,FOLLOWING,1.4552371194062437,0.3781660697342602,0
36.448,-0.8312381613244096,0.2653713284070922,-1.9080995347994325,-1.2794354667301655,-1.115769826929984,0.2750281580781143,0.19640129287616437,0.2768860832029004,0.17829798715362058,1.4520439785140167,0.023512471944781232,-0.047956021485983324,0,0,FOLLOWING,1.4546384461527972,0.3765113489602758,0
36.480000000000004,-0.8341327736864376,0.2570547334840214,-1.9024116012698804,-1.2743494780911186,-1.1259998683128334,0.2732953844869882,0.1958113951522465,0.2751838586840609,0.17774840321973492,1.4514237073950442,0.023461466479770543,-0.04857629260495577,0,0,FOLLOWING,1.4540367118802,0.37484684915799193,0
36.512,-0.8369621189420565,0.24877431546441592,-1.8967408011667692,-1.2692078072414352,-1.1361395132294239,0.271531691365849,0.19523800051737628,0.2734501585518383,0.17721297935303115,1.4508006920183192,0.023414794471428246,-0.04919930798168082,0,0,FOLLOWING,1.453432093198787,0.3731731363112988,0
36.544000000000004,-0.8397265267400679,0.2405315343884708,-1.891086677549316,-1.264010557376336,-1.1461879476582815,0.26973753610484985,0.19468128743481514,0.27168542549001445,0.17669183502532368,1.4501751137503949,0.0233724742371475,-0.04982488624960513,0,0,FOLLOWING,1.452824766912146,0.3714907882520045,0
36.576,-0.8424263448485112,0.23232783293241563,-1.8854487698753706,-1.2587578328065292,-1.1561443649004102,0.26791338204504916,0.19414143186556163,0.26989010731118923,0.17618508277812972,1.4495471541209188,0.02333452486032006,-0.050452845879081165,0,0,FOLLOWING,1.4522149100215147,0.36980039482774074,0
36.608000000000004,-0.8450619388236357,0.22416463609121187,-1.8798266142338182,-1.2534497389561219,-1.166007965644051,0.2660596984061978,0.19361860747800158,0.2680646567764182,0.17569282789034674,1.4489169948318092,0.023300966343732913,-0.051083005168190754,0,0,FOLLOWING,1.4516026997345783,0.36810255806857334,0
36.64,-0.8476336916814374,0.21604335087343532,-1.8742197435895267,-1.248086382360503,-1.175777958028852,0.26417696022034703,0.19311298586834663,0.26620953140696796,0.1752151679863402,1.4482848177712078,0.023271819778353686,-0.051715182228792234,0,0,FOLLOWING,1.4509883134790058,0.36639789235178527,0
36.672000000000004,-0.8501420035719842,0.2079653660084738,-1.8686276880430146,-1.2426678706642043,-1.18545355770944,0.26226564827143206,0.19262473679340333,0.2643251932863687,0.1747521925757258,1.447650805032653,0.023247107529682065,-0.05234919496734691,0,0,FOLLOWING,1.4503719289212222,0.3646870245641893,0
36.704,-0.8525872914567393,0.1999320516662473,-1.8630499751074068,-1.2371943126187408,-1.1950339879183887,0.26032624904098833,0.19215402841745285,0.26241210885031224,0.17430398251335943,1.4470151389400017,0.023226853444248352,-0.052984861059998334,0,0,FOLLOWING,1.4497537239908878,0.3629705942613303,0
36.736000000000004,-0.8549699887890942,0.19194475918973816,-1.8574861300055978,-1.2316658180804287,-1.2045184795285773,0.258359254660176,0.19170102757530377,0.26047074866187303,0.17387060936760634,1.4463780020786865,0.02321108307919539,-0.0536219979213135,0,0,FOLLOWING,1.4491338769117388,0.36124925382281836,0
36.768,-0.8572905451983163,0.18400482084072195,-1.851935675991057,-1.226082498008179,-1.2139062711149382,0.25636516286830235,0.19126590005390615,0.2585015871688442,0.17345213468177034,1.4457395773340294,0.023199823958403698,-0.05426042266597064,0,0,FOLLOWING,1.4485125662394442,0.359523668603037,0
36.800000000000004,-0.8595494261771114,0.17611354955921069,-1.8463981346962477,-1.2204444644612717,-1.2231966090155852,0.25434447697806123,0.19084881089530206,0.25650510243937935,0.173048609110957,1.4451000479374243,0.02319310585915768,-0.054899952062575696,0,0,FOLLOWING,1.4478899709073503,0.35779451707634674,0
36.832,-0.8617471127730132,0.16827223873726022,-1.840873026513313,-1.2147518305971055,-1.232388747392316,0.2522977058477383,0.19044992472414662,0.2544817758716193,0.1726600714138547,1.4444595975213512,0.02319096113404551,-0.055540402478648776,0,0,FOLLOWING,1.44726627028103,0.3560624909758919,0
36.864000000000004,-0.8638841012838051,0.1604821620079675,-1.8353598710124746,-1.2090047106689297,-1.24148194829049,0.25022536386067545,0.19006940610358106,0.252432091871863,0.17228654727410406,1.4438184101843643,0.023193425073584795,-0.0561815898156357,0,0,FOLLOWING,1.44664164422282,0.35432829542499883,0
36.896,-0.8659609029571981,0.15274457305068478,-1.8298581874045454,-1.2032032200235436,-1.2504754816982793,0.24812797091233527,0.18970741992388174,0.25035653749506953,0.17192804792182814,1.4431766705673854,0.023200536316043685,-0.05682332943261459,0,0,FOLLOWING,1.4460162731676327,0.35259264906013926,0
36.928,-0.867978043694998,0.14506070541372174,-1.824367495055089,-1.1973474750989945,-1.2593686256052554,0.24600605240537002,0.18936413182908188,0.24825560204009492,0.17158456851960371,1.4425345639428553,0.023212337312041642,-0.057465436057144714,0,0,FOLLOWING,1.4453903382116617,0.35085628414426995,0
36.96,-0.869936063762014,0.1374317723560957,-1.818887314059121,-1.1914375934222257,-1.2681606660603781,0.24386013925317634,0.18903970868767822,0.24612977659070712,0.17125608627048353,1.4418922763186661,0.023228874852956993,-0.05810772368133388,0,0,FOLLOWING,1.444764021215818,0.3491199466693975,0
36.992,-0.8718355174999882,0.12985896671024474,-1.8134171658869143,-1.1854736936067294,-1.276850897229293,0.24169076789250415,0.18873431911463592,0.24397955349137002,0.17094255819610854,1.4412499945590134,0.023250200673769372,-0.05875000544098663,0,0,FOLLOWING,1.4441375049261165,0.3473843964470262,0
37.024,-0.8736769730468575,0.12234346076803804,-1.807956574113437,-1.1794558953501602,-1.2854386214510045,0.2394984803058037,0.18844813405322655,0.24180542574476047,0.17064391852301278,1.4406079065248643,0.023276372143043567,-0.05939209347513574,0,0,FOLLOWING,1.4435109731136717,0.3456504071851243,0
37.056,-0.8754610120617027,0.11488640619293221,-1.8025050652464,-1.1733843194319333,-1.2939231492938845,0.2372838240541229,0.1881813274268242,0.23960788631504665,0.17036007560112473,1.4399662012371608,0.02330745305517357,-0.06003379876283921,0,0,FOLLOWING,1.4428846107374091,0.34391876655015674,0
37.088,-0.8771882294557928,0.10748893396174691,-1.7970621696708238,-1.1672590877108031,-1.3023037996110196,0.23504735232153473,0.18793407687271066,0.23738742731752807,0.17009090826256582,1.43932506906653,0.02334351454300765,-0.060674930933469984,0,0,FOLLOWING,1.4422586041333096,0.342190276212609,0
37.12,-0.8788592331301999,0.10015215434028928,-1.791627422731644,-1.1610803231224147,-1.3105798995948943,0.2327896239722638,0.18770656457227355,0.2351445390710709,0.16983626150781006,1.4386847019540367,0.023384636132619766,-0.06131529804596325,0,0,FOLLOWING,1.4416331412346663,0.34046575187439104,0
37.152,-0.880474643720545,0.09287715689799184,-1.7862003659803107,-1.1548481496768375,-1.318750784831405,0.23051120362192953,0.18749897819482905,0.2328797089842862,0.1695959413809553,1.43804529366843,0.023430906966468875,-0.061954706331569964,0,0,FOLLOWING,1.4410084118288644,0.33874602327636694,0
37.184,-0.8820350943495349,0.08566501056787204,-1.7807805486167867,-1.1485626924560752,-1.3268157993532004,0.22821266172460597,0.18731151197577312,0.23059342023980717,0.16936970886328476,1.4374070401065004,0.023482427226707348,-0.06259295989349956,0,0,FOLLOWING,1.4403846078572424,0.33703193418421873,0
37.216,-0.8835412303880844,0.07851676375954167,-1.7753675291651563,-1.14222407761156,-1.3347742956923405,0.22589457467776464,0.18714436795404024,0.22828615023243146,0.16915727257317045,1.4367701396445665,0.023539309797265373,-0.06322986035543354,0,0,FOLLOWING,1.439761923766111,0.3353243423507138,0
37.248,-0.884993709225972,0.07143344453474225,-1.7699608774293836,-1.1358324323616102,-1.342625634932285,0.22355752494760278,0.18699775739910232,0.22595836870663208,0.16895828001099014,1.4361347935508886,0.023601682211769944,-0.06386520644911142,0,0,FOLLOWING,1.4391405569186657,0.3336241194524229,0
37.28,-0.8863932000531751,0.06441606085708726,-1.7645601767863963,-1.1293878849888932,-1.3503691867591678,0.22120210121780295,0.18687190246426688,0.22361053552468926,0.16877230701794554,1.4355012064709651,0.023669688945049394,-0.06449879352903487,0,0,FOLLOWING,1.4385207080798275,0.3319321509987586,0
37.312,-0.8877403836532735,0.05746560093042245,-1.7591650268867423,-1.1228905648378307,-1.3580043295124242,0.2188288985654488,0.1867670381111263,0.2212430979802283,0.16859884503914283,1.4348695870005075,0.023743494119238484,-0.06513041299949252,0,0,FOLLOWING,1.4379025819887001,0.33024933621125513,0
37.344,-0.8890359522106096,0.05058303364368213,-1.7537750468497995,-1.1163406023120248,-1.3655304502346723,0.216438518668657,0.18668341436013336,0.21885648754897705,0.16843728566871483,1.434240148364219,0.02382328471227035,-0.06575985163578091,0,0,FOLLOWING,1.4372863880368973,0.3285765878707764,0
37.376,-0.890280608331803,0.04376910209189183,-1.7483888185993042,-1.109738128871618,-1.3729469447209466,0.21403155617338385,0.18662106238836212,0.21645748448415603,0.1683200414810656,1.4336129047335195,0.02390819125425403,-0.06638709526648046,0,0,FOLLOWING,1.4366721366095947,0.3269148321304378,0
37.408,-0.8914750585258017,0.03702441800684079,-1.7430044282428403,-1.1030832770306769,-1.3802532175671813,0.21160858905487487,0.18657972493129166,0.21404994189301269,0.16826260685049613,1.4329877649293095,0.023996838361964867,-0.06701223507069054,0,0,FOLLOWING,1.4360597327793263,0.32526500829180044,0
37.44,-0.8926200102956835,0.03034981611126358,-1.7376212689628385,-1.0963761803545107,-1.387448682218032,0.209170196920047,0.1865592004558004,0.21162678787297046,0.1682241354296546,1.4323648832269826,0.024089182964109664,-0.06763511677301737,0,0,FOLLOWING,1.4354493270733444,0.3236280685420044,0
37.472,-0.8937161790167765,0.02374611886260463,-1.73223874099888,-1.0896169734570136,-1.3945327610139426,0.2067169682779938,0.18655933491380625,0.20918823411172155,0.16820440665870157,1.4317444263436787,0.02418519207551384,-0.06825557365632129,0,0,FOLLOWING,1.4348410824834243,0.3220049776493034,0
37.504,-0.8947642889991586,0.01721412528405605,-1.726856249130337,-1.0828057919979388,-1.4015048852375438,0.20424950005658205,0.1865800145582301,0.20673483545681184,0.16820327866737148,1.4311265624204688,0.024284839918550016,-0.06887343757953124,0,0,FOLLOWING,1.434235163448037,0.320396712614603,0
37.536,-0.8957650734267026,0.010754609617994222,-1.7214732014869314,-1.0759427726801998,-1.4083644951592857,0.20176839710664943,0.1866211598058088,0.20426718721653153,0.16822064675636145,1.4305114598814481,0.02438810671070346,-0.06948854011855188,0,0,FOLLOWING,1.4336317347111447,0.3188042622764119,0
37.568,-0.8967192741339474,0.004368320934952978,-1.7160890085443732,-1.069028053247103,-1.4151110400823992,0.19927427178907375,0.186682719980083,0.2017858954559674,0.16825643761307202,1.4298992872624618,0.024494977631671633,-0.07010071273753815,0,0,FOLLOWING,1.43303096115059,0.31722862686680015,0
37.6,-0.8976276413574068,-0.0019440171544824643,-1.7107030822766434,-1.0620617724796078,-1.4217439783870807,0.19676774363931665,0.18676466880774367,0.19929157378255763,0.16831060441626505,1.4292902131456722,0.024605441941853327,-0.07070978685432783,0,0,FOLLOWING,1.4324330077124103,0.31567081751578807,0
37.632,-0.898490933477487,-0.008181706769542876,-1.7053148354421854,-1.0550440701935155,-1.4282627775739984,0.19424943909735715,0.18686700056121908,0.19678484278087496,0.16838312265157146,1.4286844061138053,0.02471949223156278,-0.07131559388619468,0,0,FOLLOWING,1.4318380393647938,0.31413185570182334,0
37.664,-0.8993099694176944,-0.014344076675303396,-1.699923870535749,-1.0479750872366886,-1.4346669143070199,0.1917199912012159,0.18698977558826965,0.1942665613149459,0.1684680628575109,1.4280820285804128,0.024837349962691935,-0.07191797141958722,0,0,FOLLOWING,1.4312462148859688,0.31261277264587845,0
37.696,-0.9000854669901475,-0.020430480521958155,-1.6945293906842145,-1.0408549654862007,-1.4409558744552449,0.18918004058249696,0.1871330060077222,0.19173687668970224,0.1685779056867757,1.4274832561246207,0.024958764150853074,-0.07251674387537932,0,0,FOLLOWING,1.4306577063269432,0.3111146086469609,0
37.728,-0.900818207063121,-0.026440298961703076,-1.6891308103333378,-1.0336838478455057,-1.4471291531342665,0.18663023312448104,0.18729671896662492,0.18919667804721116,0.16870604725386038,1.4268882573175328,0.025083736234743585,-0.07311174268246723,0,0,FOLLOWING,1.4300726787080622,0.3096384123567917,0
37.76,-0.9015089786641493,-0.03237293963472014,-1.6837275425817204,-1.0264618782415624,-1.4531862547467114,0.18407122102746246,0.1874809541091469,0.18664662341702118,0.16885252961980668,1.4262972002750092,0.025212269435642698,-0.07370279972499083,0,0,FOLLOWING,1.4294912966143034,0.30818523999167674,0
37.792,-0.9021585774672489,-0.03822783718271421,-1.678318998801503,-1.0191892016219475,-1.4591266930220232,0.18150366273140708,0.18768576123910194,0.18408736533315517,0.16901740673741847,1.4257102530021644,0.02534436749415736,-0.07428974699783564,0,0,FOLLOWING,1.4289137245405938,0.30675615447968285,0
37.824,-0.9027678054918085,-0.044004453457462796,-1.6729045884635008,-1.011865963951946,-1.4649499910555037,0.1789282228601063,0.18791119835160341,0.18151956160559932,0.169200738025257,1.425127583411106,0.02548003443993041,-0.0748724165888941,0,0,FOLLOWING,1.4283401269094258,0.30535222454149635,0
37.856,-0.903337470836494,-0.04970227775573329,-1.6674837189957938,-1.0044923122116205,-1.4706556813465967,0.1763455721852503,0.18815732997906318,0.17894387628072211,0.1694025873209783,1.424549359309844,0.02561927441859968,-0.07545064069015606,0,0,FOLLOWING,1.4277706680596598,0.3039745237035452,0
37.888,-0.9038683874049975,-0.05532082705512229,-1.6620557956714181,-0.9970683943928638,-1.4762433058364217,0.1737563876070368,0.18842422579964996,0.1763609796700064,0.1696230219718128,1.423975748391991,0.02576209154351239,-0.07602425160800896,0,0,FOLLOWING,1.427205512236128,0.3026241292422853,0
37.92,-0.9043613746228458,-0.0608596462484391,-1.6566202215212193,-0.9895943594964263,-1.4817124159445447,0.17116135214861156,0.18871195946469108,0.1737715483101377,0.16986211204830462,1.423406918229483,0.025908489767908046,-0.07659308177051694,0,0,FOLLOWING,1.426644823582308,0.30130212105882814,0
37.952,-0.9048172571459576,-0.06631830837674912,-1.6511763972684637,-0.9820703575289285,-1.4870625726049935,0.16856115496209134,0.18902060760867842,0.17117626493479987,0.17011992966444667,1.4228430362679634,0.026058472774658448,-0.07715696373203662,0,0,FOLLOWING,1.4260887661356747,0.30000958048349063,0
37.984,-0.9052368645614853,-0.07169641486138015,-1.6457237212822784,-0.9744965394998455,-1.4922933463015047,0.16595649134428353,0.18935024901151915,0.16857581846267133,0.1703965483892196,1.4222842698243081,0.02621204388105136,-0.07771573017569189,0,0,FOLLOWING,1.4255375038252427,0.298747589010198,0
38.016,-0.9056210310812973,-0.07699359573515512,-1.6402615895474266,-0.9668730574184812,-1.497404317102006,0.1633480627605063,0.18970096388764,0.16597090399932676,0.17069204273622973,1.421730786085857,0.026369205956404684,-0.07826921391414299,0,0,FOLLOWING,1.4249912004708307,0.2975172269611446,0
38.048,-0.9059705952283055,-0.08220950987305924,-1.6347893956482757,-0.9592000642909158,-1.5023950746923278,0.16073657687516213,0.19007283328068805,0.1633622228505378,0.17100648772000163,1.4211827521109703,0.02652996135059027,-0.07881724788902966,0,0,FOLLOWING,1.4244500197837069,0.29631957208255527,0
38.08,-0.9062863995157217,-0.08734384522249845,-1.6293065307651573,-0.9514777141169279,-1.5072652184091497,0.158122747587915,0.19046593854601773,0.16075048254487734,0.17133995846905634,1.4206403348306182,0.02669431183179261,-0.07935966516938175,0,0,FOLLOWING,1.4239141253682766,0.2951556980729435,0
38.112,-0.9065692901192289,-0.092396319033261,-1.623812383681567,-0.9437061618869227,-1.512014357272153,0.15550729507448754,0.19088036090602103,0.15813639686389638,0.17169252988684927,1.420103701050712,0.02686225853201285,-0.07989629894928796,0,0,FOLLOWING,1.4233836807245823,0.2940266730457278,0
38.144,-0.9068201165419778,-0.09736667808725293,-1.6183063408009177,-0.9358855635787937,-1.5166421100154261,0.15289094583123464,0.19131618106576323,0.1555206858784211,0.1720642763534711,1.4195730174550207,0.027033801899108312,-0.08042698254497926,0,0,FOLLOWING,1.4228588492513876,0.29293355792876663,0
38.176,-0.9070397312722446,-0.10225469892804201,-1.6127877861717483,-0.9280160761548211,-1.521148105118056,0.1502744327227558,0.19177347887837845,0.15290407598977465,0.17245527146123707,1.4190484506084113,0.027208941654193852,-0.08095154939158866,0,0,FOLLOWING,1.4223397942496663,0.29187740480381585,0
38.208,-0.907228989433544,-0.10706018809021021,-1.607256101520483,-0.9200978575584955,-1.5255319808339702,0.14765849503190587,0.1922523330513649,0.1502872999749104,0.1728655877789388,1.4185301669603343,0.027387676753535924,-0.0814698330396657,0,0,FOLLOWING,1.4218266789263365,0.29085925518970374,0
38.24,-0.9073887484269386,-0.1117829823284838,-1.6017106662909746,-0.9121310667113711,-1.5297933852209629,0.14504387851163428,0.19275282088630843,0.14767109703461562,0.1732952966396109,1.4180183328483458,0.02757000535404286,-0.08198166715165423,0,0,FOLLOWING,1.4213196663981162,0.28988013827350356,0
38.272,-0.9075198675652527,-0.11642294884658098,-1.596150857690218,-0.9041158635098538,-1.533931976168964,0.1424313354381448,0.1932750180457502,0.14505621284404324,0.1737444679479524,1.4175131145016113,0.027755924781711405,-0.08248688549838867,0,0,FOLLOWING,1.4208189196953598,0.28894106909478595,0
38.304,-0.9076232076988666,-0.12097998552568817,-1.5905760507397146,-0.896052408822015,-1.5379474214274897,0.13982162466491727,0.19381899834188368,0.14244339960494548,0.17421317000353073,1.4170146780442237,0.02794543150235307,-0.08298532195577635,0,0,FOLLOWING,1.4203246017658002,0.2880430466885468,0
38.336,-0.9076996308327426,-0.1254540211524495,-1.584985618332089,-0.8879408644843387,-1.54183939863233,0.13721551167716867,0.19438483354260339,0.1398334160990534,0.1747014693368292,1.4165231894982993,0.028138521094141614,-0.08347681050170075,0,0,FOLLOWING,1.419836875478071,0.2871870521932082,0
38.368,-0.9077499997343125,-0.1298450156463282,-1.579378931292625,-0.8797813932984981,-1.5456075953314148,0.1346137686463653,0.1949725931911122,0.13722702774213333,0.17520943055538699,1.4160388147867038,0.02833518822145864,-0.08396118521329621,0,0,FOLLOWING,1.4193559036249517,0.2863740469305773,0
38.4,-0.9077751775318343,-0.13415296028617124,-1.5737553584454755,-0.8715741590280639,-1.5492517090099112,0.1320171744844166,0.19558234443588138,0.1346250066382301,0.1757371161977841,1.4155617197353862,0.02853542660971597,-0.08443828026461375,0,0,FOLLOWING,1.418881848926229,0.2856049704654275,0
38.432,-0.9077760232052674,-0.1383778779162627,-1.568114273451292,-0.8633193263952417,-1.5527714471144967,0.129426514750331,0.19621415274881923,0.13202813138106131,0.17628437523757143,1.4150920699659715,0.028739232893073563,-0.08490793003402852,0,0,FOLLOWING,1.4184148739261995,0.2848807386527982,0
38.464,-0.9077534010050273,-0.1425198232959405,-1.5624550119146303,-0.8550170610775418,-1.556166527076857,0.12684258202825974,0.19686807471728734,0.12943719151594982,0.17685239681456322,1.4146300310185689,0.028946570575160813,-0.08536996898143112,0,0,FOLLOWING,1.417955141106927,0.2842022416818082,0
38.496,-0.9077081731882111,-0.14657888322068274,-1.5567769007822667,-0.8466675297044737,-1.5594366763363636,0.1242661758405697,0.19754415744536274,0.12685297925008135,0.17744145147920481,1.414175768327481,0.029157394499919494,-0.08582423167251907,0,0,FOLLOWING,1.4175028128716614,0.2835703421251332,0
38.528,-0.9076412003639084,-0.15055517672521315,-1.5510792606463792,-0.8382708998541908,-1.5625816323619581,0.12169810267471341,0.19824243862288432,0.12427629341528791,0.17805173782293895,1.4137294472461401,0.02937165360333838,-0.08627055275385986,0,0,FOLLOWING,1.4170580515697426,0.2829858730038546,0
38.56,-0.907553341072005,-0.15444885529937355,-1.5453614066647927,-0.8298273400501319,-1.565601142673228,0.11913917601800027,0.1989629467416284,0.12170793987332677,0.17868342567825574,1.4132912330426852,0.029589291744995583,-0.08670876695731478,0,0,FOLLOWING,1.416621019492992,0.282449635877652,0
38.592,-0.9074454475869461,-0.1582601029284666,-1.5396227150671908,-0.8213370197576357,-1.5684949648606756,0.11659021606144329,0.1997057147154231,0.11914872996887904,0.17933460642319757,1.4128612908393352,0.029810311455031435,-0.0871387091606648,0,0,FOLLOWING,1.4161918788201084,0.2819623989706728,0
38.624,-0.9073183799571896,-0.16198913654020256,-1.5338625460416546,-0.8128001093805417,-1.5712628666051804,0.11405205037246695,0.200470776641632,0.11659947522744496,0.18000578149765678,1.4124397862295073,0.03003470696360866,-0.08756021377049272,0,0,FOLLOWING,1.4157707922187845,0.2815248953435332,0
38.656,-0.9071729876499308,-0.16563620619676564,-1.52808025265862,-0.8042167802577693,-1.573904625696648,0.11152551363828622,0.20125816458889761,0.11406100998007601,0.18069717334623828,1.4120268843054211,0.030262460377782796,-0.08797311569457889,0,0,FOLLOWING,1.415357921893831,0.28113782112206515,0
38.688,-0.9070101163547841,-0.16920159529089426,-1.522275188865204,-0.7955872046598791,-1.5764200300518507,0.10901144766135457,0.2020679085806324,0.11153416955038035,0.18140875457770533,1.4116227500226988,0.030493554708236337,-0.08837724997730123,0,0,FOLLOWING,1.4149534299449769,0.28080183379335544,0
38.72,-0.9068306076151524,-0.17268562074106825,-1.5164467091068143,-0.7869115557856161,-1.5788088777314533,0.1065107014031875,0.2029000364627128,0.10901979593163807,0.18214050962113665,1.4112275482150083,0.030727973460300317,-0.08877245178499171,0,0,FOLLOWING,1.4145574783824875,0.2805175505795581,0
38.752,-0.9066352982826092,-0.1760886331893611,-1.5105941680430428,-0.7781900077584316,-1.5810709769562248,0.10402413102261505,0.20375457367300484,0.1065187382009276,0.18289243178465206,1.410841443591189,0.03096570019892475,-0.0891585564088111,0,0,FOLLOWING,1.4141702291255327,0.2802855468996766,0
38.784,-0.9064250199530817,-0.17941101719556754,-1.5047169203471327,-0.7694227356229906,-1.5832061461224354,0.10155259990780797,0.2046315429459468,0.10403185259972496,0.1836645206438526,1.4104646007293002,0.031206718189005,-0.08953539927069976,0,0,FOLLOWING,1.4137918439975394,0.2801063549292199,0
38.816,-0.9062005983895665,-0.1826531914262198,-1.4988143205747417,-0.7606099153416572,-1.5852142138164345,0.09909697870205827,0.20553096397685847,0.1015600025761674,0.18445677987610004,1.4100971840687582,0.031451010100236765,-0.08990281593124183,0,0,FOLLOWING,1.4134224847197223,0.2799804622671195,0
38.848,-0.90596285293077,-0.18581560883779208,-1.4928857230903514,-0.7517517237909641,-1.5870950188284132,0.09665814532323974,0.20645285306353403,0.09910405881688795,0.1852692154591226,1.4097393579006856,0.03169855776453678,-0.09026064209931439,0,0,FOLLOWING,1.4130623129028927,0.27990831071878,0
38.88,-0.905712595884949,-0.18889875685344756,-1.4869304820417746,-0.7428483387580633,-1.588848410165346,0.09423698497681388,0.20739722273730676,0.09666489927123627,0.18610183416761328,1.4093912863564884,0.031949341976091894,-0.09060871364351164,0,0,FOLLOWING,1.412711490037583,0.2798902952033953,0
38.912,-0.9054506319082933,-0.19190315753266482,-1.480947951374992,-0.7338999389371494,-1.5904742470631135,0.09183439016218305,0.2083640813917755,0.09424340916816185,0.1869546423131595,1.4090531333946446,0.032203342325917594,-0.09094686660535545,0,0,FOLLOWING,1.4123701774824526,0.2799267627929464,0
38.944,-0.9051777573672457,-0.1948293677330527,-1.4749374848829497,-0.7249067039258934,-1.5919723989978003,0.08945126067214876,0.20935343291443248,0.09184048102575548,0.18782764468266536,1.4087250627856742,0.03246053706421103,-0.09127493721432578,0,0,FOLLOWING,1.4120385364509787,0.2800180118893298,0
38.976,-0.9048947596842043,-0.19767797926363448,-1.4688984362831576,-0.7158688142218095,-1.5933427456961777,0.0870885035851856,0.21036527632429075,0.08945701465330233,0.18872084363841904,1.408407238095274,0.03272090298509189,-0.0915927619047261,0,0,FOLLOWING,1.411716727996371,0.2801642915452317,0
39.008,-0.9046024166660909,-0.20044961902885064,-1.4628301593198823,-0.7067864512186635,-1.5945851771453554,0.08474703325020803,0.21139960541706654,0.08709391714570254,0.1896342383494341,1.4080998226655368,0.03298441532917851,-0.0919001773344632,0,0,FOLLOWING,1.411404912994689,0.2803658009331795,0
39.04,-0.9043014958153089,-0.20314494916249917,-1.456732007887536,-0.6976597972028018,-1.5956995936016167,0.08242777126346966,0.2124564084184033,0.08475210287000311,0.19056782412902215,1.4078029795942397,0.033251047700418875,-0.09219702040576028,0,0,FOLLOWING,1.4111032521260911,0.28062268896627507,0
39.072,-0.9039927536226495,-0.20576466715079633,-1.4506033361725181,-0.6884890353495221,-1.5966859055984233,0.08013164643720927,0.21353566764488027,0.0824324934437587,0.1915215918581848,1.4075168717121027,0.03352077199410841,-0.09248312828789729,0,0,FOLLOWING,1.4108119058541693,0.2809350540728168,0
39.104,-0.9036769348417328,-0.20830950594370942,-1.4444434988113017,-0.6792743497193667,-1.5975440339536005,0.07785959475962745,0.21463735917208435,0.08013601770490918,0.19249552747786614,1.4072416615579804,0.03379355833373787,-0.09275833844201964,0,0,FOLLOWING,1.4105310344032922,0.2813029441260236,0
39.136,-0.9033547717446081,-0.21078023405367485,-1.4382518510630116,-0.6700159252544622,-1.598273909775691,0.07561255934575498,0.21576145250872353,0.07786361167280345,0.1934896115361421,1.406977511351885,0.03406937501460461,-0.09302248864811502,0,0,FOLLOWING,1.4102607977338957,0.28172635652872374,0
39.168,-0.9030269833581637,-0.2131776556407797,-1.4320277489950957,-0.6607139477747714,-1.5988754744694889,0.07339149037875099,0.21690791027562104,0.0756162184999671,0.19450381877900766,1.4067245829657917,0.034348188452672845,-0.09327541703420827,0,0,FOLLOWING,1.4100013555156339,0.2822052384518881,0
39.2,-0.9026942746810339,-0.21550261058344716,-1.4257705496809958,-0.6513686039743982,-1.5993486797407404,0.0711973450411488,0.2180766878883608,0.07339478841418837,0.1955381177753309,1.4064830378921147,0.0346299631372895,-0.0935169621078853,0,0,FOLLOWING,1.4097528670983213,0.2827394872245458,0
39.232,-0.9023573358807182,-0.21775597453362816,-1.4194796114089778,-0.6419800814178105,-1.5996934876000237,0.06903108743554612,0.21926773324238125,0.07120027865047779,0.1965924705682542,1.406253037209796,0.03491466158680745,-0.09374696279020389,0,0,FOLLOWING,1.4095154914805716,0.28332895087169013,0
39.264,-0.9020168414706671,-0.21993865895546286,-1.4131542939014612,-0.632548568536103,-1.5999098703657975,0.06689368849422007,0.22048098639936325,0.06903365337240056,0.19766683234693633,1.4060347415478904,0.03520224430619301,-0.09396525845210957,0,0,FOLLOWING,1.4092893872760548,0.2839734287955468,0
39.296,-0.9016734494671208,-0.22205161114633673,-1.4067939585443763,-0.62307425462319,-1.599997810666623,0.06478612587712844,0.2217163792738542,0.06689588358228893,0.1987611511332228,1.4058283110465828,0.03549266974603493,-0.09417168895341721,0,0,FOLLOWING,1.409074712677274,0.28467267259473616,0
39.328,-0.9013278005255285,-0.22409581423921673,-1.4003979686262007,-0.6135573298320249,-1.5999573014425599,0.06270938385774472,0.22297383531917095,0.06478794701981563,0.19987536747924317,1.4056339053155185,0.03578589426237655,-0.09436609468448154,0,0,FOLLOWING,1.408871625416779,0.2854263870147882,0
39.36,-0.9009805170564137,-0.22607228718511302,-1.3939656895864274,-0.6039979851707762,-1.5997883459457312,0.06066445319615599,0.22425326921174393,0.06271082804836807,0.20100941417248994,1.4054516833893684,0.03608187207700664,-0.09454831661063157,0,0,FOLLOWING,1.4086802827257119,0.2862342310227616,0
39.392,-0.9006322023205925,-0.22798208471447337,-1.387496489273324,-0.5943964124989938,-1.5994909577400642,0.058652330998843205,0.22555458653318355,0.06066551752868274,0.20216321594568273,1.4052818036805232,0.03638055523789285,-0.09471819631947676,0,0,FOLLOWING,1.408500841289598,0.28709581899787656,0
39.424,-0.9002834395037018,-0.22982629727627688,-1.3809897382108933,-0.5847528045237596,-1.5990651607001998,0.056674020564543945,0.22687768344946502,0.05865301267913601,0.2033366891890256,1.4051244239288143,0.036681893579532776,-0.09487557607118569,0,0,FOLLOWING,1.408333457201271,0.28801072202951183,0
39.456,-0.8999347907700359,-0.23160605095355524,-1.3744448098750144,-0.5750673547958187,-1.5985109890095772,0.054730531215592314,0.2282224463867474,0.05667431692213216,0.20452974166341073,1.4049797011481695,0.03698583468306493,-0.0950202988518305,0,0,FOLLOWING,1.4081782859108491,0.2889784693133144,0
39.488,-0.8995867962957446,-0.23332250735403165,-1.3678610809787821,-0.5653402577056972,-1.5978284871576884,0.05282287811411184,0.22958875170344634,0.05473043971595115,0.20574227221294078,1.4048477915700923,0.03729232383603942,-0.09515220842990768,0,0,FOLLOWING,1.4080354821726426,0.28999854963582467,0
39.52,-0.8992399732814988,-0.2349768634745284,-1.3612379317670986,-0.5555717084797975,-1.597017709936508,0.050952082062434276,0.23097646535829067,0.052822396371467045,0.20697417047579006,1.404728850583869,0.03760130399179129,-0.0952711494161309,0,0,FOLLOWING,1.4079051999889092,0.2910704129376444,0
39.552,-0.8988948149447878,-0.23657035153775854,-1.3545747463205922,-0.5457619031764822,-1.5960787224360928,0.049119169287100035,0.23238544257418167,0.050951207853070335,0.20822531659270216,1.4046230326733948,0.03791271572838739,-0.09537696732660517,0,0,FOLLOWING,1.4077875925503347,0.2921934719450414,0
39.584,-0.8985517894920687,-0.23810423880008022,-1.3478709128689657,-0.5359110386821384,-1.5950116000393577,0.04732517120579538,0.23381552749777282,0.0491179005632078,0.20949558091235942,1.4045304913505186,0.03822649720717086,-0.09546950864948145,0,0,FOLLOWING,1.4076828121731573,0.293367103859736,0
39.616,-0.8982113390710568,-0.23957982732875666,-1.3411258241138757,-0.5260193127072261,-1.5938164284160226,0.045571124176566696,0.2352665528547645,0.04732350610983153,0.21078482369343726,1.404451379084803,0.03854258413092526,-0.095548620915197,0,0,FOLLOWING,1.4075910102328095,0.29459065209670005,0
39.648,-0.8978738787035113,-0.24099845374723372,-1.3343388775614697,-0.5160869237823116,-1.592493303515736,0.043858069228654525,0.23673833960099305,0.04556906105615495,0.21209289480290008,1.4043858472295958,0.038860909701729396,-0.09561415277040419,0,0,FOLLOWING,1.4075123370939975,0.2958634280598348,0
39.68,-0.8975397951989398,-0.24236148894691253,-1.3275094758646913,-0.5061140712540757,-1.5910423315603706,0.04218705177427667,0.23823069656946302,0.043855606652017945,0.21341963341064862,1.4043340459443074,0.03918140457857721,-0.09566595405569256,0,0,FOLLOWING,1.4074469420370903,0.29718471294569376,0
39.712,-0.8972094460497215,-0.24367033776386646,-1.3206370271754804,-0.49610095528133,-1.5894636290354986,0.040559121300695805,0.23974342011354086,0.04218418854620615,0.21476486768035746,1.4042961241127987,0.03950399683483852,-0.0957038758872013,0,0,FOLLOWING,1.4073949731807402,0.29855375956559155,0
39.744,-0.8968831583082283,-0.2449264386189236,-1.3137209455069776,-0.486047776830973,-1.5877573226810349,0.038975331041897356,0.2412762937465951,0.04055585647906483,0.216128414456714,1.4042722292577723,0.03982861191571008,-0.09572777074222771,0,0,FOLLOWING,1.4073565774006134,0.29996979417695013,0
39.776,-0.8965612274466014,-0.24613126311951083,-1.3067606511058534,-0.4759547376739883,-1.5859235494810693,0.037436737629210744,0.24282908777842366,0.038971663954718856,0.21751007894919958,1.404262507451072,0.040155172595708555,-0.09573749254892805,0,0,FOLLOWING,1.4073319002441445,0.3014320183149809,0
39.808,-0.8962439161999294,-0.247286315621632,-1.2997555708348492,-0.46582204038136243,-1.5839624566528614,0.035944400720203634,0.24440155894887453,0.037432667892239625,0.21890965441274685,1.4042671032197944,0.04048359893641518,-0.09573289678020558,0,0,FOLLOWING,1.4073210858412055,0.3029396106164942,0
39.84,-0.8959314533936658,-0.24839313275033484,-1.2927051385656305,-0.4556498883200508,-1.5818742016350298,0.0344993826051881,0.24599345005911158,0.0359399282550879,0.22032692182560884,1.4042861594481164,0.04081380824451908,-0.09571384055188359,0,0,FOLLOWING,1.4073242768106053,0.30449172862794,0
39.872,-0.8956240327562109,-0.24945328287700286,-1.2856087955820261,-0.44543848564886446,-1.5796589520749051,0.03310274779067917,0.24760448960104064,0.034494507658153976,0.2217616495647289,1.4043198172747475,0.04114571503039932,-0.09568018272525247,0,0,FOLLOWING,1.4073416141623116,0.30608751059056305,0
39.904,-0.8953218117176902,-0.2504683655517975,-1.2784659909937137,-0.43518803731440503,-1.5773168858150786,0.03175556255915916,0.2492343913854515,0.033097470951766315,0.22321359307927008,1.4043682159859185,0.04147923096730155,-0.09563178401408146,0,0,FOLLOWING,1.4073732371953183,0.3077260771959405,0
39.936,-0.8950249101960528,-0.251440010889566,-1.2712761821604002,-0.4248987490469187,-1.574848190879117,0.030458894504508942,0.2508828541694924,0.031749884781982714,0.22468249456264294,1.4044314929038288,0.041814264851366856,-0.09556850709617115,0,0,FOLLOWING,1.4074192833910604,0.30940653330598644,0
39.968,-0.8947334093717259,-0.2523698789075261,-1.264038835126524,-0.414570827356199,-1.5722530654564757,0.029213812042483096,0.2525495612841294,0.030452817126553268,0.2261680826236884,1.4045097832704572,0.04215072256258101,-0.09549021672954283,0,0,FOLLOWING,1.4074798883023012,0.3111279696319187,0
40.0,-0.8944473504521686,-0.253259658813039,-1.2567534250664876,-0.4042044795274111,-1.56953171788658,0.02802138389561992,0.2542341802623056,0.02920733680591219,0.22767007195757427,1.4046032201266831,0.04248850702691165,-0.09539677987331685,0,0,FOLLOWING,1.4075551854374027,0.31288946436750953,0
40.032000000000004,-0.8941667336141281,-0.2541110949902962,-1.2494193043710493,-0.39379991361696254,-1.5666843666421073,0.026882676896483503,0.2559363379894225,0.028015304901600223,0.22919229961809984,1.4047119092571312,0.04282739271769431,-0.09528809074286881,0,0,FOLLOWING,1.4076452811944047,0.31469008477235044,0
40.064,-0.8938915170680406,-0.25492607239000936,-1.2420352851356689,-0.38335733844829534,-1.56371124031144,0.02579874868465602,0.25765552344087794,0.026881121985777856,0.23075165008479837,1.4048358492400688,0.04316663083367156,-0.09516415075993123,0,0,FOLLOWING,1.4077501748615202,0.3165288887016704,0
40.096000000000004,-0.8936216127643813,-0.25570633845654683,-1.2346010307048114,-0.37287696360772804,-1.5606125775803223,0.02477065834425245,0.25939126538355334,0.025800997777260685,0.232321521448679,1.4049751892931925,0.04350626808865709,-0.09502481070680746,0,0,FOLLOWING,1.4078700166358125,0.3184049260796141,0
40.128,-0.8933568865590213,-0.25645332168858215,-1.2271161828861665,-0.36235899944021766,-1.5573886272126902,0.02379948867860835,0.26114308881702236,0.02476586944078779,0.2339025867389494,1.4051303944060631,0.043846221628462086,-0.09486960559393687,0,0,FOLLOWING,1.4080052728870827,0.3203172403136685,0
40.160000000000004,-0.8930971603690722,-0.2571684034479983,-1.2195802274698915,-0.3518036570451617,-1.5540396480307064,0.022886344851374193,0.2629104718594693,0.023774763158375255,0.2354997216175951,1.405301989526157,0.04418621217397756,-0.09469801047384308,0,0,FOLLOWING,1.4081564701944431,0.3222648696482459,0
40.192,-0.8928422166225048,-0.2578539572898005,-1.2119927827428403,-0.34121114827214916,-1.5505659088939794,0.0220322856859931,0.2646929491314118,0.022857124508326762,0.23710878561520332,1.4054896034441664,0.044526344336224266,-0.0945103965558336,0,0,FOLLOWING,1.4083232385377826,0.3242468484561198,0
40.224000000000004,-0.8925917771230155,-0.25851190382588174,-1.2043535475473441,-0.33058168571671276,-1.5469676886779793,0.021238361977405484,0.2664900747520376,0.02200009747159729,0.23872726117901852,1.4056932995363374,0.04486665535732203,-0.09430670046366263,0,0,FOLLOWING,1.408505642987757,0.32626220846673537,0
40.256,-0.8923455168718424,-0.2591441548371304,-1.196662184962814,-0.31991548271606085,-1.5432452762516495,0.0205056187335849,0.2683014035396448,0.021203819723428278,0.2403562659837502,1.4059131673121261,0.04520712486876599,-0.09408683268787388,0,0,FOLLOWING,1.4087037749617561,0.32830997993096966,0
40.288000000000004,-0.8921030602896579,-0.2597526364923012,-1.1889183538543382,-0.30921275334479636,-1.5393989704542164,0.01983509502468333,0.27012648328927014,0.02046916007441968,0.24199593174084552,1.4061492985997055,0.04554771063674146,-0.0938507014002945,0,0,FOLLOWING,1.4089177284039505,0.3303891927222129,0
40.32,-0.891863979454759,-0.2603392909599078,-1.1811217137988994,-0.2984737124106198,-1.5354290800711974,0.01922782348077395,0.27196484943139254,0.01979707230492894,0.24364623621244857,1.4064017844551349,0.045888353303536356,-0.09359821554486514,0,0,FOLLOWING,1.409147596699326,0.3324988773741116,0
40.352000000000004,-0.8916277927996794,-0.2609060757965636,-1.1732719280656265,-0.2876985754500172,-1.5313359238096123,0.018684829646832483,0.273816021142392,0.019188527210495868,0.2453070640263856,1.4066707142366452,0.04622897890274435,-0.09332928576335475,0,0,FOLLOWING,1.4093934717535004,0.3346380660555406,0
40.384,-0.8913939638828235,-0.2614549629534997,-1.1653686660482625,-0.27688755872393633,-1.5271198302723965,0.018207131239811936,0.27567949851951956,0.01864450193226655,0.24697822379462528,1.406956174991481,0.04656950078633204,-0.09304382500851904,0,0,FOLLOWING,1.4096554433851605,0.3368057934837657,0
40.416000000000004,-0.8911619001878242,-0.2619879376065377,-1.1574116053467816,-0.2660408792134441,-1.52278113793202,0.017795737328427416,0.2775547605527253,0.018165975777332793,0.24865945907746265,1.4072582509443754,0.04690982118186593,-0.0927417490556246,0,0,FOLLOWING,1.4099335988201622,0.339001097776924,0
40.448,-0.8909309519477004,-0.26250699684594503,-1.149400433578832,-0.25515875461537285,-1.518320195103316,0.017451647449591545,0.2794412636926597,0.017753927180809034,0.2503504568266953,1.4075770230499585,0.047249832465372066,-0.09242297695004154,0,0,FOLLOWING,1.4102280222495511,0.34122302124726595,0
40.480000000000004,-0.8907004257591167,-0.26301609212166316,-1.1413357393904378,-0.24424140333795297,-1.5137373599155173,0.017175738062025964,0.2813387897054563,0.017464405387676848,0.25202305955660137,1.4079108485204568,0.04759095089384858,-0.09208915147954322,0,0,FOLLOWING,1.4105370727347313,0.3434706111367032,0
40.512,-0.8904695228724213,-0.2635153891421522,-1.133216307500703,-0.23328904449641819,-1.5090330002835008,0.01696900462852747,0.28324668717690776,0.017190824458167053,0.25373364056980946,1.4082614461887977,0.047931522182098174,-0.09173855381120233,0,0,FOLLOWING,1.4108624743390275,0.345742920296483,0
40.544000000000004,-0.8902374325744848,-0.26400680951148203,-1.1250419223603856,-0.22230189790863308,-1.504207493878262,0.01683243328686754,0.2851642955823736,0.0169835362112577,0.2554509581299382,1.4086289844998883,0.048271450818662576,-0.09137101550011173,0,0,FOLLOWING,1.4112043995375667,0.3480390078127958,0
40.576,-0.8900032686442886,-0.264492368639955,-1.1168123179432687,-0.21128018409064708,-1.4992612280965802,0.016766993993348748,0.28709093515574957,0.016846142924740553,0.2571765895412145,1.4090135420888703,0.04861058790178618,-0.09098645791112969,0,0,FOLLOWING,1.411562931205012,0.35035793958042716,0
40.608000000000004,-0.8897660795793955,-0.26497409445694625,-1.1085272428738944,-0.20022412425230307,-1.4941946000299338,0.016773639149762133,0.28902590584619015,0.016779867359761187,0.2589100769629212,1.4094151834989648,0.048948777589785664,-0.09058481650103523,0,0,FOLLOWING,1.4119381383842071,0.3526987888264212,0
40.64,-0.8895248498070826,-0.2654540181004195,-1.1001864645188557,-0.18913394029276542,-1.4890080164326056,0.01685330288088141,0.2909684867541425,0.016785685780596946,0.2606508347043258,1.4098339664531323,0.04928585962744658,-0.0901660335468677,0,0,FOLLOWING,1.4123300835655608,0.355060636586021,0
40.672000000000004,-0.8892784990500194,-0.2659341710816621,-1.0917897700430286,-0.1780098547960982,-1.4837018936890431,0.01700690028271221,0.29291793572176794,0.01686453381945801,0.2623982440665182,1.4102699424305898,0.049621669751495734,-0.08973005756941022,0,0,FOLLOWING,1.4127388232688711,0.357442572132961,0
40.704,-0.8890258652893317,-0.2664149601594325,-1.083336908941531,-0.16685209102676501,-1.4782766577804163,0.01723541048777796,0.294873321484726,0.016972720679017818,0.26415348222734797,1.410724542351714,0.04995538286262935,-0.08927545764828593,0,0,FOLLOWING,1.4131657953022545,0.3598436933664368,0
40.736000000000004,-0.8887657683244613,-0.2668999635953171,-1.0748276225428706,-0.15566087292518205,-1.472732744250435,0.017539694563514563,0.2968338512727313,0.01719844053414203,0.26591680450316496,1.411196471991353,0.0502873050613204,-0.08880352800864699,0,0,FOLLOWING,1.413609709574442,0.3622631071568505,0
40.768,-0.8884969130726067,-0.26739128316745586,-1.066261833123755,-0.14443642510318844,-1.4670705981703651,0.017920588725233957,0.2987987320718838,0.017502359416074184,0.2676825560664174,1.41168568335984,0.050617352368437674,-0.0883143166401601,0,0,FOLLOWING,1.4140705239325622,0.36469992965266457,0
40.800000000000004,-0.8882179493034255,-0.2678909413212052,-1.057639435558568,-0.13317897283957425,-1.4612906741033171,0.018378908466079643,0.3007671513851434,0.01788323165798014,0.2694515932969075,1.4121921888270013,0.05094537009984146,-0.08780781117299874,0,0,FOLLOWING,1.414548256919902,0.36715328655042034,0
40.832,-0.8879274608632552,-0.26840094198922654,-1.0489603430735641,-0.12188874207552214,-1.4553934360677339,0.018915447624953986,0.30273827534622266,0.01834165707496476,0.27122334269431125,1.4127160010705149,0.05127119423085113,-0.08728399892948513,0,0,FOLLOWING,1.4150429276864025,0.3696223133302051,0
40.864000000000004,-0.8876239631843098,-0.2689232738438537,-1.040224490414653,-0.11056595941010983,-1.449379357500158,0.0195309769432695,0.30471124805966504,0.018878396782500716,0.2729971317615315,1.4132571268777396,0.051594654866459415,-0.08674287312226037,0,0,FOLLOWING,1.415554549792261,0.37210615545854425,0
40.896,-0.8873059025830011,-0.269459908403189,-1.0314318350986693,-0.09921085209572778,-1.4432489212172053,0.020226242575333224,0.30668519126965404,0.019494209567305663,0.27477224889796503,1.4138155661915173,0.05191557702836513,-0.08618443380848273,0,0,FOLLOWING,1.4160831302572539,0.37460396856090855,0
40.928000000000004,-0.8869716558518929,-0.2700127975619008,-1.0225823584357658,-0.08782364803354237,-1.4370026193768182,0.02100196460160846,0.30865920423442644,0.02018983367312679,0.276547950551884,1.4143913117025468,0.052233781168257165,-0.08560868829745316,0,0,FOLLOWING,1.4166286691565055,0.37711491856571294,0
40.96,-0.8866195299644777,-0.27058387099167824,-1.0136760664693534,-0.07640457576891224,-1.4306409534387479,0.021858835548354865,0.3106323637581285,0.020965983238120697,0.27832346379718936,1.414984348513343,0.05254908360261857,-0.0850156514866569,0,0,FOLLOWING,1.4171911592875543,0.37963818182184134,0
40.992,-0.8862477618771841,-0.27117503346107774,-1.0047129908568224,-0.0649538644868024,-1.4241644341242974,0.0227975189128649,0.3126037243481385,0.0218233462936962,0.28009798818386883,1.4155946538230546,0.05286129689801356,-0.0844053461769454,0,0,FOLLOWING,1.4177705858579654,0.38217294519149586,0
41.024,-0.8858545184310449,-0.27178816208519563,-0.995693189700793,-0.053471744007185684,-1.4175735813753225,0.023818647693501012,0.3145723184744802,0.022762582992514886,0.28187069728406644,1.4162221966257318,0.053170230218855474,-0.08377780337426821,0,0,FOLLOWING,1.4183669261860556,0.38471840612020364,0
41.056,-0.8854378963573589,-0.2724251035114065,-0.9866167483375914,-0.0419584447804211,-1.4108689243124835,0.02492282292415211,0.3165371569141637,0.023784323916243636,0.2836407400286372,1.416866937419561,0.053475689646208746,-0.08313306258043895,0,0,FOLLOWING,1.4189801494122236,0.38727377268570706,0
41.088,-0.8849959223918501,-0.2730876710468139,-0.9774837800879826,-0.030414197882651983,-1.4040510011927814,0.026110612213166125,0.31849722916796563,0.02488916843603403,0.2854072418866848,1.4175288279255458,0.053777478474352325,-0.0824711720744542,0,0,FOLLOWING,1.4196102162193518,0.38983826362732216,0
41.12,-0.8845265535018165,-0.27377764173293234,-0.9682944269738987,-0.018839235011134603,-1.3971203593663253,0.027382548287232755,0.3204515039407192,0.026077683113901677,0.28716930592815276,1.4182078108146083,0.05407539749059875,-0.08179218918539166,0,0,FOLLOWING,1.4202570785612136,0.39241110835744036,0
41.152,-0.8840276772306991,-0.27449675337311086,-0.9590488604038913,-0.0072337884796245255,-1.3900775552324132,0.028739127541086564,0.3223989296788308,0.0273504001370935,0.2889260138011892,1.418903819442416,0.054369245242621767,-0.08109618055758405,0,0,FOLLOWING,1.4209206793981914,0.39499154695653393,0
41.184,-0.8834971121644171,-0.2752467015182827,-0.9497472818292112,0.004401908786323183,-1.3829231541948412,0.030180808594262556,0.32433843516074057,0.028707815779929452,0.2906764266499834,1.419616777591547,0.05465881829690855,-0.08038322240845308,0,0,FOLLOWING,1.4216009524398803,0.3975788301532181,0
41.216,-0.8829326085237051,-0.27602913641674975,-0.9403899233717683,0.01606762325399136,-1.375657730616535,0.03170801085647838,0.3262689301374964,0.030150388889327535,0.29241958599359774,1.4203465992208197,0.05494391149103229,-0.07965340077918026,0,0,FOLLOWING,1.4222978218943942,0.40017221929056823,0
41.248,-0.8823318488865476,-0.2768456599338878,-0.9309770484246858,0.02776312078822274,-1.3682818677734174,0.033321113103524605,0.32818930602168356,0.03167853939177227,0.29415451458222436,1.421093188221819,0.05522431818211615,-0.07890681177818104,0,0,FOLLOWING,1.4230112022243728,0.4027709862800931,0
41.28,-0.8816924490446448,-0.2776978224478571,-0.9215089522257286,0.039488166656094004,-1.3607961578075989,0.03502045206583452,0.33009843662369576,0.033292646820416924,0.2958802172450282,1.421856438182785,0.05549983049317008,-0.07814356181721505,0,0,FOLLOWING,1.4237409979098576,0.4053744135444279,0
41.312,-0.8810119589976536,-0.2785871197276405,-0.9119859624035382,0.05124252553163822,-1.353201201679832,0.03680632103216083,0.3319951789348533,0.03499304886229862,0.29759568173978357,1.4226362321601849,0.05577023955880145,-0.07736376783981513,0,0,FOLLOWING,1.4244871032183113,0.40798179394997064,0
41.344,-0.8802878640887251,-0.27951498979997436,-0.9024084394963211,0.0630259615005655,-1.3454976091212674,0.03867896847102933,0.33387837395720704,0.03678003992611415,0.2992998796138289,1.4234324424583653,0.05603533577136555,-0.07656755754163469,0,0,FOLLOWING,1.425249401982186,0.41059243073043067,0
41.376,-0.8795175874825257,-0.2804825872729383,-0.8927759862840914,0.07483823806499834,-1.337685998584504,0.040638605806301104,0.33574666110456036,0.038648431984004854,0.30101649132864194,1.4242450964090794,0.05629401379431709,-0.07575490359092063,0,0,FOLLOWING,1.4260279336655677,0.4132056374023404,0
41.408,-0.8786984897075699,-0.2814914645481505,-0.8830899199475001,0.08667911814821738,-1.3297669971939388,0.042685383685262465,0.3375989070779117,0.040609720560552995,0.3026919406188052,1.4250738640832528,0.05654706338646642,-0.07492613591674724,0,0,FOLLOWING,1.4268223801854718,0.4158207376733839,0
41.44,-0.8778278672391803,-0.28254287307233944,-0.8733506929495883,0.09854836409942092,-1.3217412406954203,0.0448194059002104,0.33943395393598885,0.04265839026085005,0.30435325061017277,1.425918578458618,0.05679426581214708,-0.07408142154138209,0,0,FOLLOWING,1.4276325869771844,0.4184370653444625,0
41.472,-0.8769029607391717,-0.2836379849298813,-0.8635587894593802,0.11044573769849286,-1.313609373405211,0.04704072669132032,0.3412506207352376,0.04479427830464598,0.3059994303966336,1.4267790695774691,0.057035396783387086,-0.07322093042253086,0,0,FOLLOWING,1.4284583968514282,0.4210539642062302,0
41.504,-0.8759209545587318,-0.2847778989741501,-0.8537147308064837,0.12237100016078561,-1.3053720481582602,0.049349349416332566,0.3430477070020761,0.047017437853428865,0.30762931866996485,1.4276551559135533,0.05727023483057846,-0.0723448440864467,0,0,FOLLOWING,1.4292996413477803,0.4236707879309048,0
41.536,-0.8748789783764274,-0.2859636383466467,-0.843819075524815,0.1343239121419122,-1.2970299262557945,0.051745225234102535,0.3448239957943271,0.04932789145993632,0.30924175275708726,1.4285466435426446,0.057498561342486654,-0.0714533564573554,0,0,FOLLOWING,1.4301561398993723,0.42628689995997493,0
41.568,-0.8737741093514311,-0.2871961473884437,-0.833872419316911,0.14630423374254908,-1.288583677412227,0.05422825185109978,0.3465782563779427,0.05172560758942191,0.3108355710989839,1.429453326043384,0.05772016044354478,-0.07054667395661607,0,0,FOLLOWING,1.4310276997275437,0.42890167338850255,0
41.6,-0.8726033744770406,-0.2884762885715183,-0.8238753950425278,0.1583117245132517,-1.2800339797013924,0.05679827233469352,0.3483092466075744,0.05421049799249514,0.31240961249183835,1.4303749844586107,0.05793481893750074,-0.06962501554138933,0,0,FOLLOWING,1.4319141157963393,0.4315144908465444,0
41.632,-0.8713638082155588,-0.2898047931480921,-0.8138283693987869,0.17034614345928012,-1.2713815195021108,0.0594550816315094,0.3500156507351473,0.05678018471805828,0.31397219483303673,1.4313114591654283,0.058142025825963395,-0.06868854083457165,0,0,FOLLOWING,1.4328152426669967,0.4341247443782953,0
41.664,-0.8700522856354799,-0.2911824009430775,-0.803732393133789,0.18240724904543404,-1.262626991443085,0.0621984074272239,0.35169622977208803,0.0594390994747741,0.3155019407286219,1.4322624286605068,0.0583419129016931,-0.06773757133949321,0,0,FOLLOWING,1.433730773302531,0.4367318353193839,0
41.696,-0.8686656972025586,-0.29260971314114675,-0.7935882056057226,0.19449479920091228,-1.253771098347128,0.06502792075388396,0.35334973492816135,0.06218465636372695,0.31700858147014543,1.4332276335334717,0.05853427051751891,-0.06677236646652829,0,0,FOLLOWING,1.434660463000748,0.43933517417285584,0
41.728,-0.8672008967781722,-0.2940872349716175,-0.7833965832284489,0.20660855132414424,-1.244814551174757,0.06794323432934819,0.35497491002047105,0.06501642050611846,0.3184909590284257,1.434206805383598,0.05871889175758959,-0.0657931946164021,0,0,FOLLOWING,1.4356040583139118,0.44193418048415567,0
41.76,-0.8656547022801658,-0.2956153757092557,-0.7731583404436303,0.21874826228769528,-1.2357580689670924,0.0709439016365013,0.35657049406081837,0.06793400761947173,0.3199478849872333,1.4351996632000943,0.05889557370688936,-0.06480033679990571,0,0,FOLLOWING,1.4365612934185277,0.444528282715622,0
41.792,-0.8640238987795897,-0.2971944463989105,-0.7628743295221974,0.23091368844310844,-1.226602378788159,0.07402941606678609,0.35813522363574013,0.07093698185719083,0.32137817713375755,1.4362059130574285,0.059064117512261705,-0.06379408694257149,0,0,FOLLOWING,1.4375318897997613,0.44711691812069465,0
41.824,-0.8623052419551782,-0.2988246574751074,-0.752545440342624,0.2431045856258327,-1.217348215666489,0.07719921015548051,0.3596678351128888,0.07402484575867206,0.3227806601832551,1.4372252481310077,0.05922432845155812,-0.06277475186899228,0,0,FOLLOWING,1.4385155562555774,0.4496995326183,0
41.856,-0.8604954613835355,-0.3005060914101212,-0.7421725119513788,0.2553207091600851,-1.2079963225361412,0.08045265570992358,0.36116704506906244,0.07719651619650207,0.3241569226714542,1.4382573643252405,0.059375914155706866,-0.06174263567475946,0,0,FOLLOWING,1.4395120045505416,0.4522755806675491,0
41.888,-0.858591264566507,-0.30223871043950146,-0.7317563747366373,0.26756181386379896,-1.1985474501770286,0.08378906312395369,0.3626315444239572,0.08045107124289017,0.32550723515345176,1.4393019533745963,0.05951853211984082,-0.06069804662540368,0,0,FOLLOWING,1.440520942489995,0.45484452514315604,0
41.92,-0.8565893412518317,-0.3040224055262344,-0.721298027772136,0.2798276540535083,-1.1890023571546755,0.08720767927483766,0.36406003762325173,0.08378858260247886,0.32682632601916883,1.4403586713048577,0.05965199526334841,-0.05964132869514227,0,0,FOLLOWING,1.4415420422908658,0.45740583721166045,0
41.952,-0.8544863665677929,-0.3058569597883826,-0.7107985079350186,0.29211798354931506,-1.1793618097592875,0.09070768773367574,0.3654512434175353,0.08720833399677519,0.3281130138806598,1.4414271603623154,0.05977612271539667,-0.05857283963768456,0,0,FOLLOWING,1.442574962549123,0.4599589962088079,0
41.984,-0.8522790055593387,-0.30774204568701563,-0.7002588893260764,0.30443255567979355,-1.1696265819442642,0.09428820850725339,0.3668038956269109,0.09070951247043353,0.32936613544699533,1.442507050153878,0.059890739314771964,-0.05749294984612208,0,0,FOLLOWING,1.443619349366506,0.46250348951812875,0
42.016,-0.8499639175150498,-0.3096772234637499,-0.6896802827929137,0.3167711232869781,-1.1597974552640344,0.09794829787660315,0.3681167440423854,0.09429123796754128,0.33058454232729156,1.4435979578648201,0.05999567568593478,-0.05640204213517985,0,0,FOLLOWING,1.4446748365531206,0.46503881245102663,0
42.048,-0.8475377603490747,-0.31166193983663915,-0.6790638354392219,0.32913343873128587,-1.1498752188113432,0.10168694832928057,0.36938855545331,0.09795256609723421,0.33176710146579586,1.4446994884039859,0.060090768364706726,-0.055300511596014124,0,0,FOLLOWING,1.4457410457569355,0.4675644681283706,0
42.08,-0.8449971950796987,-0.3136955268897814,-0.6684107301140362,0.34151925389652327,-1.1398606691538737,0.10550308858768517,0.3706181147839348,0.10169248837714708,0.33291269576740784,1.4458112345612035,0.060175859950408084,-0.05418876543879647,0,0,FOLLOWING,1.4468175866049413,0.4700799673638762,0
42.112,-0.8423388904021153,-0.3157772011580423,-0.6577221848758189,0.35392832019483866,-1.1297546102703189,0.10939558373625512,0.3718042263229851,0.10550993231265732,0.33402022488466515,1.446932777185779,0.06025079927808319,-0.05306722281422105,0,0,FOLLOWING,1.4479040568649386,0.4725848285492347,0
42.144,-0.8395595273472612,-0.31790606291350976,-0.646999452427055,0.36636038857172504,-1.1195578534858277,0.11336323545015091,0.3729457150314131,0.10940376154636336,0.33508860613913805,1.4480636853874411,0.06031544160617119,-0.051936314612558876,0,0,FOLLOWING,1.4490000426292964,0.47507857754121613,0
42.176,-0.8366558040174432,-0.32008109566036724,-0.6362438195157728,0.3788152095110138,-1.1092712174068728,0.11740478232775202,0.37404142791462225,0.11337277610391272,0.3361167755552657,1.4492035167602095,0.060369648815452925,-0.05079648323979047,0,0,FOLLOWING,1.4501051185212337,0.47756074755072886,0
42.208,-0.83362444038885,-0.3223011658444231,-0.6254566063010518,0.39129253303988554,-1.0988955278555328,0.12151890032896685,0.3750902354465047,0.11741571274148582,0.3371036889858642,1.4503518176295214,0.06041328961568581,-0.04964818237047863,0,0,FOLLOWING,1.451218847923955,0.4800308790339862,0
42.24,-0.8304621831704896,-0.3245650227830001,-0.6146391656801209,0.4037921087338845,-1.0884316178031928,0.12570420332103024,0.37609103303353714,0.12153124539778296,0.3380483233125226,1.4515081233228115,0.06044623975670005,-0.04849187667718846,0,0,FOLLOWING,1.4523407832329067,0.4824885195857652,0
42.272,-0.8271658107085911,-0.32687129882030663,-0.6037928825751585,0.41631368572194627,-1.0778803273036741,0.12995924373311732,0.37704274250800746,0.12571798575271237,0.3389496777051127,1.45267195846367,0.060468382241109175,-0.04732804153632997,0,0,FOLLOWING,1.4534704661312812,0.48493322383487514,0
42.304,-0.8237321379250349,-0.32921850971278255,-0.5929191731783292,0.42885701269143284,-1.0672425034257933,0.1342825133207535,0.37794431364016545,0.12997448389449795,0.33980677492696854,1.4538428372895698,0.060479607536063296,-0.046157162710430244,0,0,FOLLOWING,1.4546074278888397,0.4873645533418053,0
42.336,-0.820158021277953,-0.33160505524824835,-0.5820194841539924,0.4414218378931749,-1.056519000185358,0.13867244404063694,0.3787947256597383,0.13429922909652475,0.3406186626734779,1.4550202639930914,0.06047981378173983,-0.04497973600690863,0,0,FOLLOWING,1.4557511896839859,0.4897820764986458,0
42.368,-0.8164403637322628,-0.3340292201019835,-0.5710952917973647,0.4540079091465272,-1.0457106784766068,0.14312740903612567,0.3795929887778276,0.13869065070475517,0.3413844149329851,1.4562037330864563,0.060468906994482145,-0.04379626691354366,0,0,FOLLOWING,1.4569012629489755,0.49218536843123933,0
42.4,-0.8125761197275593,-0.33648917493212427,-0.560148101149243,0.4666149738444276,-1.0348184060030943,0.1476457237332616,0.3803381457007248,0.14314711913618103,0.3421031333600558,1.4573927297890805,0.06044680126269131,-0.04260727021091948,0,0,FOLLOWING,1.458057149738002,0.49457401090363984,0
42.432,-0.8085623001305157,-0.3389829777160024,-0.5491794450666896,0.47924277895846523,-1.0238430572080344,0.15222564704683017,0.38102927312765483,0.1476669469882614,0.3427739486518637,1.4585867304377922,0.06041341893374341,-0.04141326956220781,0,0,FOLLOWING,1.4592183431178571,0.4969475922248159,0
42.464,-0.8043962522226967,-0.34150857879442553,-0.5381896683684325,0.4918910710439719,-1.0127855132040877,0.1568654225896004,0.38166522607174436,0.1522410581020291,0.34343398799346875,1.4597854455817465,0.06036756466524518,-0.0402145544182535,0,0,FOLLOWING,1.460384570015092,0.49930570715768596,0
42.496,-0.8000752207169876,-0.34406380877626547,-0.5271799027336606,0.5045595962450806,-1.001646661702649,0.16156324082220053,0.382244842107002,0.15687190998360448,0.3440586614915882,1.4609884373575484,0.06030874676932391,-0.03901156264245165,0,0,FOLLOWING,1.4615554089741367,0.5016479568303613,0
42.528,-0.7955964111471379,-0.3466463893348214,-0.5161517581080467,0.5172481002998586,-0.9904273969425468,0.1663172293814481,0.3827670474268031,0.16156057153679523,0.3446330227838491,1.462195163783864,0.06023689847270619,-0.03780483621613606,0,0,FOLLOWING,1.462730334354481,0.5039739486497374,0
42.56,-0.7909571034766321,-0.34925393835824947,-0.5051068568115192,0.52995632854537,-0.9791286196182908,0.17112545948488112,0.38323084669090923,0.16630520286487183,0.34515668507713393,1.4634050734463726,0.06015195084741326,-0.036594926553627394,0,0,FOLLOWING,1.4639088108983296,0.5062832962172525,0
42.592,-0.7861546616602134,-0.35188397095037355,-0.4940468300427397,0.5426840259228272,-0.9677512368077249,0.17598594907303958,0.3836353142813697,0.1711037585551966,0.345629370887505,1.4646176111094755,0.06005383110919171,-0.035382388890524474,0,0,FOLLOWING,1.4650902993215935,0.5085756192469649,0
42.624,-0.7811865381481908,-0.35453390179208233,-0.48297331804964655,0.5554309369826698,-0.956296161899243,0.18089666575932342,0.3839795875060184,0.17595413902356277,0.3460507974049174,1.4658322184051198,0.05994246368543593,-0.03416778159488021,0,0,FOLLOWING,1.4662742569845957,0.5108505434857584,0
42.656,-0.7760502779561107,-0.3572010479364746,-0.4718879701428251,0.5681968058897321,-0.9447643145184257,0.18585552962272175,0.3842628613806391,0.18085420488996762,0.3464206814023446,1.4670483341268976,0.05981777118186471,-0.03295166587310239,0,0,FOLLOWING,1.4674601381681285,0.5131077006358178,0
42.688,-0.7707435226632603,-0.3598826318631799,-0.4607924444768432,0.5809813764283375,-0.9331566204542471,0.1908604158905661,0.3844843846575984,0.18580177872327153,0.3467387464871606,1.4682653945453121,0.05967967518502159,-0.03173460545468787,0,0,FOLLOWING,1.4686473943708716,0.5153467282791803,0
42.72,-0.7652640143497476,-0.36257578476274643,-0.44968840762623336,0.5937843920074803,-0.921474011584715,0.19590915755077554,0.38464345683008605,0.1907946458274938,0.34700472951875594,1.4694828337775374,0.05952809691500377,-0.03051716622246259,0,0,FOLLOWING,1.4698354746614664,0.5175672698045004,0
42.752,-0.7596095994510781,-0.36527755003912776,-0.43857753398513594,0.6066055956659366,-0.9097174258020968,0.2009995479239952,0.38473942589359494,0.1958305551921365,0.3472183861193494,1.4707000842080005,0.05936295774650108,-0.02929991579199953,0,0,FOLLOWING,1.4710238260817567,0.5197689743358277,0
42.784,-0.7537782325085596,-0.3679848870200187,-0.4274615050153169,0.6194447300774608,-0.8978878069375855,0.20612934321849724,0.38477168668886347,0.200907220684127,0.34737949541258534,1.4719165769535616,0.05918417961382694,-0.028083423046438405,0,0,FOLLOWING,1.472211894094917,0.5219514966635314,0
42.816,-0.7477679797959029,-0.37069467486478486,-0.4163420083631918,0.6323015375559107,-0.8859861046855668,0.21129626508465393,0.38473967968480927,0.2060223224591904,0.3474878641172263,1.4731317423674006,0.05899168531253818,-0.02686825763259937,0,0,FOLLOWING,1.4733991230727617,0.5241144971771693,0
42.848,-0.7415770228044188,-0.3734037166594634,-0.4052207368631116,0.645175760060459,-0.8740132745273388,0.2164980031809486,0.3846428900876079,0.21117350856425401,0.34754333010168964,1.474345010576613,0.05878539870815336,-0.025654989423387065,0,0,FOLLOWING,1.4745849568171674,0.5262576418004311,0
42.88,-0.7352036615710189,-0.3761087436879636,-0.3940993874414565,0.6580671392007325,-0.8619702776544416,0.22173221775960472,0.38448084718430436,0.2163583967053771,0.3475457654838888,1.4755558120489431,0.05856524486031012,-0.02444418795105685,0,0,FOLLOWING,1.4757688391112103,0.5283806019279496,0
42.912,-0.7286463178348254,-0.3788064198682,-0.3829796599340002,0.6709754162420356,-0.8498580808914578,0.22699654227681013,0.3842531238472997,0.2215745761593065,0.3474950793417072,1.4767635781847712,0.05833115006953227,-0.02323642181522878,0,0,FOLLOWING,1.4769502142960569,0.5304830543641101,0
42.944,-0.7219035380096023,-0.38149334634147897,-0.3718632558275381,0.6839003321105154,-0.8376776566184202,0.2322885860300147,0.3839593361405822,0.22681960981061072,0.3473912200798049,1.477967741930638,0.058083041852573625,-0.022032258069361932,0,0,FOLLOWING,1.4781285278700624,0.5325646812636626,0
42.976,-0.7149739959604574,-0.3841660662030383,-0.36075187693592875,0.6968416273983745,-0.8254299826927358,0.23760593682276632,0.38359914298043607,0.23209103630012454,0.34723417747932406,1.4791677384110005,0.057820848852081275,-0.020832261588999534,0,0,FOLLOWING,1.4793032271066984,0.5346251700742204,0
43.008,-0.7078564955743288,-0.38682106936123795,-0.3496472240205592,0.7097990423690743,-0.8131160423706858,0.24294616365591984,0.38317224581319387,0.23738637227510653,0.34702398443468163,1.4803630055748913,0.05754450068637451,-0.01963699442510869,0,0,FOLLOWING,1.480473761688101,0.5366642134805147,0
43.04,-0.7005499731146356,-0.38945479751252343,-0.338550995365989,0.7227723169625484,-0.8007368242284877,0.24830681944270047,0.3826783882809457,0.24270311473692333,0.3467607183542691,1.4815529848541193,0.0572539277462068,-0.018447015145880652,0,0,FOLLOWING,1.4816395843508543,0.5386815093504409,0
43.072,-0.6930534993511059,-0.3920636492189555,-0.32746488532336054,0.7357611908004219,-0.7882933220829318,0.25368544374396196,0.3821173558535255,0.24803874348917926,0.3464445021677957,1.4827371218293217,0.05694906094740687,-0.017262878170678286,0,0,FOLLOWING,1.4828001515404006,0.5406767606827783,0
43.104,-0.6853662814561365,-0.3946439850748322,-0.3163905828374701,0.7487654031912373,-0.7757865349115969,0.25907956551896727,0.38148897541207855,0.25339072369848287,0.34607550483688077,1.4839148668995754,0.056629831451791283,-0.016085133100424587,0,0,FOLLOWING,1.4839549240697596,0.5426496755566201,0
43.136,-0.6774876646589489,-0.3971921329487484,-0.3053297699787903,0.7617846931356869,-0.7632174667726503,0.2644867058860706,0.38079311477666206,0.2587565085933072,0.3456539412002809,1.4850856759502562,0.05629617037430748,-0.014914324049743799,0,0,FOLLOWING,1.485103367777319,0.5445999670824028,0
43.168,-0.669417133648174,-0.3997043932873684,-0.2942841205099353,0.7748187993318504,-0.7505871267242422,0.26990438088669383,0.38002968217833777,0.2641335423441625,0.3451800708974827,1.4862490110122237,0.055948008502744645,-0.01375098898777627,0,0,FOLLOWING,1.4862449541767544,0.5465273533545547,0
43.2,-0.6611543137120183,-0.4021770444672705,-0.2832552985284765,0.7878674601804407,-0.7378965287434965,0.2753301042448972,0.3791986256859469,0.2695192631948384,0.344654195982651,1.487404340903019,0.05558527606898584,-0.012595659096980905,0,0,FOLLOWING,1.487379161089816,0.5484315574056694,0
43.232,-0.6526989716025269,-0.40460634818150676,-0.27224495724631104,0.8009304137900531,-0.725146691645108,0.2807613901134842,0.37829993261045963,0.27491110695162163,0.3440766566571499,1.488551141837113,0.05520790262935735,-0.011448858162887099,0,0,FOLLOWING,1.4885054732490057,0.5503123071622191,0
43.264,-0.6440510161060555,-0.4069885548480948,-0.26125473799297116,0.8140073979824194,-0.7123386389995535,0.28619575579580775,0.3773336289271245,0.280306510993133,0.3434478242711363,1.4896888979869256,0.05481581713924061,-0.010311102013074391,0,0,FOLLOWING,1.4896233828519057,0.5521693354017063,0
43.296,-0.6352104982951068,-0.4093199090286216,-0.250286269570296,0.8270981502976826,-0.6994733990509053,0.2916307244299837,0.3762997787801268,0.2857029190443987,0.34276809034308164,1.490817101968374,0.05440894834780141,-0.009182898031625975,0,0,FOLLOWING,1.4907323900408758,0.5540023797112966,0
43.328,-0.6261776114258399,-0.41159665484668,-0.2393411681455357,0.8402024079996367,-0.6865520046343114,0.2970638276187157,0.3751984841697918,0.2910977870815992,0.342037849733205,1.4919352552128728,0.05398722569926634,-0.008064744787127154,0,0,FOLLOWING,1.4918320032701249,0.5558111824477763,0
43.36,-0.6169526904288778,-0.41381504139822284,-0.22842103795893542,0.8533199080810382,-0.6735754930930395,0.3024926079828266,0.3740298849741414,0.2964885909180071,0.34125747519016963,1.493042868170166,0.05355058101781443,-0.00695713182983404,0,0,FOLLOWING,1.4929217395044072,0.5575954906989525,0
43.392,-0.6075362109153579,-0.41597132814950627,-0.21752747325607194,0.8664503872688434,-0.6605449061952392,0.30791462160900845,0.3727941595335105,0.3018728363048563,0.34042727907637305,1.494139460259559,0.053098951389558724,-0.005860539740440984,0,0,FOLLOWING,1.4940011241670634,0.5593550562462829,0
43.424,-0.5979287875805801,-0.4180617903237177,-0.20666206205942575,0.8795935820295337,-0.6474612900502668,0.31332744035091553,0.37149152614243985,0.30724807281871896,0.33954745589012725,1.4952245594468667,0.052632283863270984,-0.004775440553133281,0,0,FOLLOWING,1.4950696907145242,0.5610896355288771,0
43.456,-0.588131171826104,-0.42008272428558485,-0.19582639270804172,0.8927492285743641,-0.6343256950247432,0.31872865392537597,0.37012224596860704,0.312611913495344,0.33861799576039664,1.4962977012618146,0.05215054291147117,-0.0037022987381853945,0,0,FOLLOWING,1.4961269796521648,0.562798989608657,0
43.488,-0.5781442483247384,-0.4220304529457648,-0.18502206458417025,0.9059170628646982,-0.6211391756581888,0.3241158717187604,0.3686866281887062,0.31796206326645315,0.33763855359992573,1.49735842697381,0.051653722093053626,-0.0026415730261899473,0,0,FOLLOWING,1.4971725367092052,0.564482884136816,0
43.52,-0.5679690300998567,-0.42390133122601276,-0.17425070522060054,0.919096820617266,-0.6079027905784047,0.3294867241767033,0.3671850385522874,0.32329636103157977,0.33660824970307046,1.4984062804903249,0.05114186214794143,-0.0015937195096751289,0,0,FOLLOWING,1.4982059097370062,0.5661410893213663,0
43.552,-0.5576066514443279,-0.42569175165599404,-0.16351399722627896,0.9322882373095106,-0.5946176024164437,0.3348388635840078,0.3656179132507533,0.3286128431182881,0.3355253629159583,1.4994408032963338,0.05061507902218307,-0.0005591967036662204,0,0,FOLLOWING,1.4992266436489239,0.5677733798959191,0
43.584,-0.5470583576019964,-0.4273981502196462,-0.15281372049869132,0.9454910481848546,-0.5812846777213427,0.3401699639344444,0.3639857810390477,0.333909840779638,0.33438685291220144,1.5004615263515466,0.05007360739136915,0.00046152635154661503,0,0,FOLLOWING,1.5002342723185,0.5693795350894836,0
43.616,-0.5363240852430484,-0.42901705813875796,-0.14215924421132164,0.9587049882580565,-0.5679050868744576,0.3454774586366415,0.36229112635790284,0.3392298262720008,0.33295554860253035,1.501466554785574,0.049525237994280775,0.0014665547855738925,0,0,FOLLOWING,1.501226903369748,0.5709593385974328,0
43.648,-0.5254063998309956,-0.43054505912319124,-0.13154637481302825,0.9719297923204864,-0.5544799040035734,0.3507591675416262,0.3605347337694749,0.3444930857831487,0.3316552959274782,1.5024564945788694,0.048964399490179736,0.002456494578869428,0,0,FOLLOWING,1.5022051444720357,0.5725125785534257,0
43.68,-0.514306866451985,-0.43197877132368684,-0.12097741586347002,0.9851651949454887,-0.5410102068966326,0.3560128327208386,0.3587175872163879,0.3497321235625059,0.33028305552882414,1.5034308487106038,0.048391945123936964,0.00343084871060384,0,0,FOLLOWING,1.5031684999582478,0.5740390475024297,0
43.712,-0.5030268747034087,-0.43331488760098696,-0.11045594514923898,0.99841093049368,-0.5274970769152387,0.3612361776451968,0.3568411656108648,0.3549540056243878,0.32879900651871774,1.504388835261375,0.047810026422884816,0.0043888352613750126,0,0,FOLLOWING,1.5041161887671388,0.575538542374653,0
43.744,-0.4915676613312036,-0.43455019428813585,-0.09998686249059092,1.0116667331182947,-0.5139415989078299,0.36642688912333904,0.3549077031329327,0.3601651316659674,0.3271618342517567,1.5053294123823655,0.04722216192012159,0.005329412382365506,0,0,FOLLOWING,1.5050471693870036,0.5770108644604854,0
43.776,-0.47993016481654965,-0.43568159284224234,-0.08957714520332993,1.024932336770516,-0.5003448611225885,0.3715825783718209,0.3529205982001212,0.3653764210748618,0.32530661533653166,1.5062511367456548,0.04663400951122939,0.006251136745654806,0,0,FOLLOWING,1.5059599982912009,0.5784558193863255,0
43.808,-0.4680902827201858,-0.4367089499163005,-0.07936575671998496,1.0382074752048185,-0.48670795512007636,0.37669626467816203,0.3509176392595673,0.37137749992768315,0.31910867420498645,1.5071273456650112,0.046184631557660435,0.007127345665011164,0,0,FOLLOWING,1.5068280101015161,0.5798732170913415,0
43.84,-0.45606887197198626,-0.4376294773479069,-0.069250650157292,1.051491881984309,-0.47303197568560196,0.3817674171669192,0.34890438090466325,0.37675909018253134,0.31609978454602544,1.507976380371332,0.045771667537412936,0.00797638037133197,0,0,FOLLOWING,1.5076695436810166,0.5812628718050667,0
43.872,-0.44387650823900077,-0.43844008575789456,-0.05919382532225801,1.0647852904860755,-0.45931802074133055,0.386795337831109,0.34687569525833123,0.3818423077585365,0.3142784340950969,1.5088062536659752,0.04535599740289155,0.008806253665975206,0,0,FOLLOWING,1.5084926103039682,0.5826246020258744,0
43.904,-0.43151606535339815,-0.4391379604670433,-0.04919559175947948,1.0780874339065385,-0.4455671912581418,0.3917786691859723,0.3448273077750117,0.38686862899295177,0.31244741097220524,1.5096171898817299,0.04493673046027792,0.009617189881729882,0,0,FOLLOWING,1.5092974324982968,0.5839582305002362,0
43.936,-0.4189900863308783,-0.439720405305793,-0.03925643604644911,1.0913980452668048,-0.4317805911672425,0.3967160105858569,0.3427557094021996,0.39184927959798765,0.3106011823232029,1.5104090004762603,0.04451319147071552,0.010409000476260255,0,0,FOLLOWING,1.510083819469019,0.585263584202808,0
43.968,-0.40630115345478784,-0.4401848231768715,-0.02937696519362659,1.1047168574180275,-0.4179593272715417,0.40160593140155515,0.340658058020975,0.39678403357099834,0.30873598457569934,1.511181458942068,0.044084859540287326,0.011181458942068012,0,0,FOLLOWING,1.510851542025432,0.5865404943172515,0
44.0,-0.3934519225194224,-0.4405287163042154,-0.019557884490147528,1.1180436030467662,-0.40410450915679574,0.40644698507606947,0.33853209119576694,0.40167153307537506,0.30684874648599786,1.5119343394052953,0.04365134572560651,0.011934339405295313,0,0,FOLLOWING,1.5116003711913106,0.5877887962178343,0
44.032000000000004,-0.3804451240291768,-0.44074968835209377,-0.009799977893783176,1.1313780146803498,-0.39021724910253197,0.4112377212687841,0.33637604992112735,0.40651030273917926,0.30493700963412046,1.512667422189701,0.04321237379525417,0.012667422189700961,0,0,FOLLOWING,1.5123300837798221,0.5890083294517164,0
44.064,-0.3672835607866767,-0.44084544633370754,-0.00010409083777856882,1.144719824692259,-0.37629866199274015,0.4159766960751297,0.33418861198992705,0.4112988596364628,0.3029988528974281,1.5133804958002208,0.04276776326054308,0.013380495800220826,0,0,FOLLOWING,1.5130404643884967,0.5901989377219866,0
44.096000000000004,-0.3539701048339765,-0.4408138021886212,0.009528884740053633,1.158068765307467,-0.3623498652263986,0.42066248058191535,0.3319688337199249,0.41603573280830597,0.3010328230041326,1.5140733582697454,0.04231741445734584,0.014073358269745428,0,0,FOLLOWING,1.5137313067579747,0.5913604688713078,0
44.128,-0.34050769470725084,-0.44064988809270567,0.01909802176651003,1.171424568607855,-0.34837197862772706,0.42529355173858746,0.3297157378131923,0.42072111679721225,0.29903782500071174,1.5147456490871218,0.04185946125422373,0.014745649087121837,0,0,FOLLOWING,1.5144022477918782,0.5924927748663056,0
44.160000000000004,-0.326899333158378,-0.4403521899611852,0.02860246243685156,1.1847869665375463,-0.3343661243563299,0.4298684263854682,0.32742873546925744,0.4253531089133373,0.2970160161927145,1.515397147546066,0.04139414681845352,0.015397147546065915,0,0,FOLLOWING,1.5150530612377278,0.5935957117825063,0
44.192,-0.31314808303480474,-0.43992108288766446,0.038041588191996184,1.1981556909083284,-0.3203334268170638,0.4343857751655599,0.32510773366108636,0.42992773012659713,0.2949748754107768,1.5160278046985871,0.040922679322698746,0.01602780469858711,0,0,FOLLOWING,1.515683691046535,0.5946691397899834,0
44.224000000000004,-0.2992570648837158,-0.4393548635405522,0.04741468950381948,1.211530473404994,-0.30627501256981376,0.4388443265601288,0.3227527914481622,0.43444479811057185,0.2929115651258041,1.5166374756621483,0.04044494845495562,0.01663747566214835,0,0,FOLLOWING,1.5162939865877145,0.5957129231395134,0
44.256,-0.2852294558569288,-0.43864810405323706,0.05672031665592612,1.2249110455907681,-0.2921920102390073,0.4432426670098872,0.32036379538967513,0.4389095756770901,0.29080295582072285,1.5172256659864491,0.03995910165854955,0.017225665986449146,0,0,FOLLOWING,1.516883449864179,0.5967269301494051,0
44.288000000000004,-0.2710684745621628,-0.43779913867683196,0.06595742941722264,1.238297138912653,-0.2780855504230515,0.44757941212133573,0.3179408697323777,0.44331670177893223,0.28866183444466287,1.5177921417022506,0.03946531557781178,0.01779214170225063,0,0,FOLLOWING,1.5174518403969834,0.597711033192802,0
44.32,-0.25677738418009244,-0.4368107713055314,0.07512506853860172,1.2516884847068614,-0.26395676560352316,0.4518534362480708,0.31548487685159365,0.4476547597896136,0.28649073195733477,1.5183371776005825,0.03896657229884418,0.01833717760058251,0,0,FOLLOWING,1.5179994234950847,0.5986651086856242,0
44.352000000000004,-0.24235949934764278,-0.4356818400049712,0.08422222770982105,1.2650848142041657,-0.2498067900542963,0.45606369924018736,0.3129967785022855,0.45192929157768497,0.28428818758150093,1.5188607219405765,0.03846325456260814,0.01886072194057653,0,0,FOLLOWING,1.5185261404360642,0.5995890370749496,0
44.384,-0.2278181608565544,-0.43441107011691216,0.09324796897472201,1.2784858585353347,-0.23563675975043694,0.46020919350523826,0.31047758031528755,0.4561399610819076,0.2820563323887672,1.5193627036681625,0.037955563247967505,0.019362703668162506,0,0,FOLLOWING,1.5190319130550884,0.6004827028280044,0
44.416000000000004,-0.2131567367165177,-0.432997308923169,0.1022013846645731,1.2918913487364874,-0.22144781227705046,0.46428894528867065,0.3079283255990796,0.4602858318869469,0.279796112562113,1.5198430606667854,0.037443708971064416,0.019843060666785428,0,0,FOLLOWING,1.5195166718560245,0.6013459944215604,0
44.448,-0.19837861968107048,-0.4314396245634914,0.111081766002788,1.3053010157545337,-0.20724108673791042,0.46830202602539095,0.3053500594648553,0.46436561481692695,0.2775137438644117,1.520301756358546,0.03692780767162453,0.02030175635854592,0,0,FOLLOWING,1.5199803725748549,0.6021788043319134,0
44.480000000000004,-0.1834872243404276,-0.4297370048839458,0.11988808109514944,1.3187145904525324,-0.1930177236640547,0.47224753736035124,0.30274389414079866,0.4683790427329215,0.275199128346882,1.5207387383993756,0.03640820641372995,0.020738738399375567,0,0,FOLLOWING,1.5204229550507402,0.6029810290252404,0
44.512,-0.16848598227021194,-0.42788866350878063,0.12861952027681287,1.3321318036151322,-0.17877886492218056,0.4761246267181734,0.30011096228961265,0.4723249068312139,0.2728592108945815,1.5211539800649008,0.035885137715950394,0.021153980064900768,0,0,FOLLOWING,1.5208443844566044,0.6037525689485064,0
44.544000000000004,-0.153378339536055,-0.4258939330521184,0.13727530640233632,1.3455523859539453,-0.1645256536230052,0.47993248710661185,0.29745241322699834,0.4762023357194108,0.27049500792036313,1.5215474679778196,0.03535883959112973,0.02154746797781959,0,0,FOLLOWING,1.5212446391006236,0.6044933285207419,0
44.576,-0.1381677528716374,-0.4237522604761279,0.14585469520141364,1.3589760681129672,-0.15025923402948155,0.4836703583478751,0.29476940901513515,0.4800105170775455,0.26810754682393784,1.5219192016093783,0.03482955238758128,0.021919201609378325,0,0,FOLLOWING,1.5216237099429495,0.6052032161248098,0
44.608000000000004,-0.12285768606894491,-0.4214632049823841,0.15435697563195805,1.3724025806739775,-0.13598075146493843,0.4873375278658915,0.2920631207880218,0.48374868591684744,0.26569786603053125,1.5222691932002224,0.034297517344252904,0.02226919320022236,0,0,FOLLOWING,1.5219816005301128,0.6058821440995568,0
44.64,-0.10745160644621994,-0.41902643606774387,0.16278147013423294,1.3858316541619493,-0.12169135222113284,0.49093333113433574,0.28933472533195,0.487416124606635,0.2632670119035244,1.5225974676514593,0.03376297542176268,0.022597467651459313,0,0,FOLLOWING,1.5223183268991576,0.6065300287324101,0
44.672000000000004,-0.09195298137986295,-0.41644173161944953,0.17112753479639825,1.3992630190504571,-0.10739218346622435,0.49445715184473266,0.28658540192213683,0.4910121635831209,0.2608160359767079,1.5229040623601715,0.03322616631662334,0.022904062360171507,0,0,FOLLOWING,1.5226339174259045,0.6071467902523435,0
44.704,-0.07636527490961778,-0.4137089760159048,0.1793945594389564,1.4126964057670859,-0.09308439315267934,0.49790842184176626,0.28381632940947416,0.49453618177345443,0.25834599242013156,1.5231890270074646,0.03268732762610399,0.023189027007464613,0,0,FOLLOWING,1.5229284126253655,0.6077323528232678,0
44.736000000000004,-0.060691944427617495,-0.41082815821055774,0.18758196762405588,1.4261315446988416,-0.07876912992511198,0.5012866208642754,0.2810286835472638,0.4979876067052769,0.255857935692123,1.5234524233083397,0.03214669413942803,0.023452423308339743,0,0,FOLLOWING,1.523201864913705,0.6082866445377698,0
44.768,-0.04493643746060662,-0.40779936978270315,0.19568921659464686,1.439568166197563,-0.06444754302806997,0.5045912761235448,0.2782236345454992,0.5013659143515179,0.253352918347307,1.523694324731192,0.031604497235992374,0.02369432473119204,0,0,FOLLOWING,1.523454338339461,0.6088095974112582,0
44.800000000000004,-0.02910218855325409,-0.4046228029440183,0.2037157971478827,1.453006000585333,-0.050120782213771954,0.5078219617449873,0.27540234483917636,0.5046706287585424,0.2508319889818965,1.52391481619331,0.031060964375087957,0.02391481619331004,0,0,FOLLOWING,1.5236859082905052,0.6093011473764408,0
44.832,-0.013192616259172068,-0.40129874849363356,0.2116612334468413,1.466444778159891,-0.03578999764980408,0.5109782980948834,0.27256596705683594,0.5079013214979659,0.24829619030630817,1.5241139937375585,0.03051631866448612,0.024113993737558514,0,0,FOLLOWING,1.5238966611818299,0.6097612342781923,0
44.864000000000004,0.002788879754923489,-0.39782759371769577,0.21952508277450333,1.4798842292000447,-0.021456339826786304,0.5140599510102806,0.269715642175744,0.5110576109754157,0.24574655734074935,1.524291964194465,0.029970778497447725,0.024291964194465,0,0,FOLLOWING,1.524086694128476,0.6101898018687344,0
44.896,0.018838921487542015,-0.39420982023187384,0.22730693523388656,1.4933240839710946,-0.007120959465995453,0.5170666309472789,0.2668524978506309,0.5141391616237444,0.2431841157326727,1.5244488448331661,0.029424557249404182,0.024448844833166117,0,0,FOLLOWING,1.5242561146069498,0.6105867978032071,0
44.928000000000004,0.03495415525982564,-0.3904460017671931,0.23500641339824543,1.50676407273022,0.007214992572984561,0.5199980920605926,0.26397764690356557,0.5171456830033139,0.24060988019637145,1.524584763003956,0.028877863026813527,0.024584763003955956,0,0,FOLLOWING,1.524405040108011,0.610952173635507,0
44.96,0.05113125424947901,-0.386536801901082,0.24262317191525296,1.5202039257319329,0.021550365384697637,0.522854131225405,0.26109218596327627,0.5200769288278987,0.2380248530749782,1.5246998557748752,0.028330898461808418,0.024699855774875212,0,0,FOLLOWING,1.5245335977830747,0.6112858848145397,0
44.992000000000004,0.0673669208994302,-0.38248297173665297,0.25015689706907146,1.5336433732334473,0.03588400811016591,0.5256345870109707,0.25819719424298704,0.5229326959314888,0.2354300230245442,1.5247942695640548,0.027783860546942762,0.02479426956405484,0,0,FOLLOWING,1.5246419240861737,0.6115878906807064,0
45.024,0.08365788920010624,-0.3782853475340772,0.25760730630415607,1.5470821455001382,0.05021477002932743,0.5283393386141811,0.2552937324465747,0.5257128231883847,0.23282636381824195,1.5248681597696088,0.027236940505196542,0.024868159769608766,0,0,FOLLOWING,1.524730164413014,0.6118581544628002,0
45.056,0.10000092684480655,-0.3739448482985341,0.2649741477145446,1.5605199728109114,0.06454150065337169,0.53096830476025,0.2523828417935731,0.5284171903967371,0.23021483326786016,1.5249216903982032,0.026690323690815698,0.024921690398203244,0,0,FOLLOWING,1.5247984727385189,0.6120966432751302,0
45.088,0.11639283725818783,-0.3694624733296274,0.272257199502239,1.5739565854636566,0.07886304981714473,0.5335214425768281,0.24946554315422614,0.5310457171338839,0.22759637225794432,1.5249550336936502,0.026144189517251563,0.024955033693650153,0,0,FOLLOWING,1.5248470112539476,0.612303328115024,0
45.12,0.13283046149834227,-0.3648392997374435,0.2794562694081079,1.5873917137806313,0.09317826777145438,0.5359987464471361,0.2465428362864495,0.5335983615902372,0.22497190388719498,1.5249683697663334,0.025598711408767794,0.02496836976633343,0,0,FOLLOWING,1.5248759500045994,0.6124781838606052,0
45.152,0.14931068003336626,-0.3600764799305729,0.2865711941185469,1.6008250881138875,0.10748600527538753,0.5384002468471001,0.2436156991671563,0.5360751193874048,0.2223423327108547,1.5249618862244787,0.0250540567728178,0.024961886224478702,0,0,FOLLOWING,1.5248854665290157,0.6126211892688669,0
45.184,0.165830414393686,-0.35517523908148146,0.2936018386509032,1.6142564388506795,0.12178511368856955,0.5407260091709631,0.24068508741098724,0.5384760223852364,0.21970854407723706,1.524935777807978,0.024510386990596322,0.024935777807977955,0,0,FOLLOWING,1.5248757455003825,0.6127323269740736,0
45.216,0.182386628701735,-0.3501368725746005,0.3005480957204613,1.627685496418874,0.1360744450633756,0.5429761325494138,0.23775193377002266,0.5408011374818513,0.2170714035515176,1.524890246025497,0.023967857423528804,0.024890246025496943,0,0,FOLLOWING,1.5248469783709349,0.6128115834864247,0
45.248,0.19897633108086937,-0.3449627434424314,0.3074098850915604,1.641111991292373,0.15035285223710315,0.5451507486638931,0.2348171477085504,0.5430505654100729,0.21443175641989412,1.5248254987955316,0.02342661743375779,0.024825498795531642,0,0,FOLLOWING,1.5247993630199272,0.6128589491910644,0
45.28,0.21559657494567272,-0.3396542797948439,0.3141871529152046,1.6545356539964933,0.1646191889240364,0.5472500205604024,0.23188161504743754,0.5452244395334152,0.21179042726758862,1.524741750091928,0.02288681041692009,0.024741750091928028,0,0,FOLLOWING,1.5247331034058367,0.6128744183473126,0
45.312,0.2322444601760322,-0.3342129722465916,0.3208798710553297,1.6679562151134164,0.17887230980751362,0.5492741414658646,0.2289461976730913,0.5473229246443277,0.20914821962438332,1.524639219594565,0.022348573845801523,0.024639219594565054,0,0,FOLLOWING,1.5246484092232826,0.6128579890882782,0
45.344,0.24891713417757994,-0.3286403713478877,0.32748803640571084,1.6813734052875526,0.19311107063182922,0.5512233336098062,0.22601173330637478,0.5493462157672676,0.2065059156722257,1.5245181323454966,0.02181203932353981,0.0245181323454966,0,0,FOLLOWING,1.524545495565238,0.6128096634206736,0
45.376,0.2656117928312791,-0.3229380850226833,0.3340116701993305,1.6947869552309889,0.20733432829414108,0.5530978470539162,0.22307903532723572,0.5512945369689246,0.20386427600967125,1.524378718411237,0.021277332645348757,0.024378718411236955,0,0,FOLLOWING,1.5244245825909253,0.6127294472250111,0
45.408,0.28232568133509983,-0.31710777601907386,0.34045081731187665,1.7081965957288523,0.22154094093619478,0.5548979585317995,0.2201488926511007,0.5531681401777827,0.20122403946850856,1.524221212551391,0.02074457386773271,0.02422121255139098,0,0,FOLLOWING,1.5242858951998954,0.6126173502560037,0
45.44,0.29905609494087565,-0.31115115937602933,0.34680554556091725,1.721602057644755,0.23572976803603837,0.5566239703010732,0.21722206965342652,0.5549673040150759,0.1985859229786937,1.5240458538942294,0.0202138773844181,0.02404585389422942,0,0,FOLLOWING,1.5241296627126124,0.612473386143347,0
45.472,0.31580037958955676,-0.30506999991041167,0.35307594500217276,1.7350030719261533,0.2498996704995396,0.5582762090097426,0.21429930613902573,0.5566923326390318,0.1959506214777347,1.5238528856193352,0.019685352008185497,0.023852885619335185,0,0,FOLLOWING,1.5239561185579513,0.6122975723927064,0
45.504,0.33255593244818643,-0.2988661097280007,0.35926212722421247,1.748399369609791,0.2640495107518787,0.5598550245786467,0.2113813173530716,0.5583435546042004,0.19331880786150157,1.5236425546478527,0.019159101058005723,0.023642554647852698,0,0,FOLLOWING,1.5237654999678723,0.6120899303870911,0
45.536,0.3493202023520165,-0.29254134576200824,0.36536422464280144,1.761790681827054,0.27817815282882896,0.5613607891015847,0.208468794030854,0.5599213217375435,0.19069113297334403,1.5234151113403787,0.018635222450812394,0.023415111340378658,0,0,FOLLOWING,1.5235580476795962,0.6118504853884362,0
45.568,0.3660906901552519,-0.28609760734231593,0.3713823897960467,1.7751767398094094,0.29228446246799833,0.5627938957645974,0.205562402483592,0.5614260080327785,0.18806822562914152,1.5231708092029672,0.018113808797432462,0.023170809202967213,0,0,FOLLOWING,1.5233340056454756,0.6115792665395724,0
45.6,0.382864948993975,-0.27953683379843186,0.3773167946414074,1.7885572748937582,0.306367307199844,0.564154757785717,0.202662784717756,0.5628580085644621,0.18545069267559405,1.5229099046012111,0.017594947502115932,0.022909904601211117,0,0,FOLLOWING,1.5230936207508208,0.611276306866413,0
45.632,0.3996405844648385,-0.2728610020989217,0.3831676298555689,1.8019320185278687,0.32042555643863335,0.5654438073763847,0.19977055858551157,0.5642177384229886,0.18283911907980394,1.5226326564828057,0.01707872086527168,0.022632656482805658,0,0,FOLLOWING,1.522837142539799,0.6109416432805337,0
45.664,0.41641525472315044,-0.26607212452983325,0.3889351041381108,1.8153007022757246,0.3344580815731637,0.5666614947255755,0.1968863179640482,0.5655056316717737,0.1802340680478477,1.5223393261084972,0.016565206188925874,0.022339326108497204,0,0,FOLLOWING,1.5225648229496151,0.6105753165819754,0
45.696,0.433186670503983,-0.25917224641440567,0.3946194435198319,1.8286630578229524,0.3484637560574104,0.5678082870075815,0.19401063296165907,0.5667221403275418,0.17763608117038757,1.5220301767917517,0.01605447588458103,0.022030176791751677,0,0,FOLLOWING,1.5222769160530205,0.6101773714624478,0
45.728,0.4499525950699443,-0.25216344387612527,0.400220890676546,1.842018816982177,0.36244145550093626,0.5688846674142533,0.19114405014857658,0.5678677333647226,0.17504567859368214,1.5217054736470146,0.015546597583051935,0.021705473647014584,0,0,FOLLOWING,1.5219736778093114,0.6097478565087765,0
45.76,0.4667108440892374,-0.2450478216469766,0.4057397042490882,1.8553677116984182,0.376390057759173,0.5698911342124087,0.18828709281065653,0.568942895744672,0.17246335921370065,1.521365483346771,0.015041634245998081,0.021365483346770908,0,0,FOLLOWING,1.5216553658237897,0.6092868242067303,0
45.792,0.48345928544761235,-0.2378275109225192,0.4111761581702353,1.8687094740544679,0.3903084430235053,0.5708281998270068,0.1854402612241069,0.5699481274704467,0.1698896008922508,1.521010473887347,0.014539644278807273,0.021010473887346892,0,0,FOLLOWING,1.5213222391158232,0.6087943309451388,0
45.824,0.500195838997784,-0.23050466726522342,0.416530540999173,1.8820438362762664,0.4041954939111702,0.571696389950577,0.1826040329495429,0.5708839426676653,0.1673248606928612,1.520640714363486,0.014040681644562238,0.020640714363485912,0,0,FOLLOWING,1.5209745578954064,0.6082704370203785,0
45.856,0.516918476249847,-0.22308146855729521,0.42180315526410556,1.8953705307382778,0.4180500955549617,0.5724962426793067,0.17977886314374364,0.5717508686919588,0.16476957513525062,1.52025647475168,0.013544795978813695,0.02025647475168002,0,0,FOLLOWING,1.5206125833483273,0.6077152066411727,0
45.888,0.5336252200061693,-0.21556011300403685,0.42699431681354616,1.9086892899688612,0.43187113569273383,0.5732283076760952,0.17696518488755153,0.5725494452633391,0.16222416046669,1.519858025702211,0.013052032704915284,0.019858025702210957,0,0,FOLLOWING,1.5202365774297952,0.6071287079337669,0
45.92,0.5503141439441899,-0.2079428171886068,0.43210435417678456,1.921999846655638,0.44565750475669363,0.5738931453607956,0.1741634095284397,0.5732802236278358,0.1596890129487904,1.5194456383398518,0.012562433149689911,0.0194456383398518,0,0,FOLLOWING,1.5198468026665892,0.6065110129474354,0
45.952,0.5669833721504771,-0.20023181417887223,0.4371336079339816,1.9353019336508586,0.4594080959624792,0.5744913261277874,0.171373927036336,0.5739437657465175,0.15716450915840705,1.5190195840731493,0.012076034659212363,0.019019584073149298,0,0,FOLLOWING,1.519443521967561,0.6058621976603807,0
45.984,0.5836310786093397,-0.19242935168688383,0.4420824300962997,1.9485952839767622,0.473121805398013,0.5750234295909478,0.16859710637137226,0.5745406435121025,0.15465100630127607,1.5185801344121963,0.011592870714508763,0.018580134412196303,0,0,FOLLOWING,1.5190269984425047,0.6051823419859771,0
46.016,0.6002554866491999,-0.1845376902813497,0.44695118349643503,1.9618796308309372,0.48679753211212495,0.575490043856014,0.16583329586227277,0.5750714379931177,0.15214884253712666,1.5181275607947917,0.011112971046991882,0.01812756079479172,0,0,FOLLOWING,1.5185974952291947,0.6044715297794253,0
46.048,0.6168548683498613,-0.17655910165333724,0.4517402411898819,1.9751547075916713,0.5004341782029358,0.5758917648202695,0.16308282359417586,0.5755367387056655,0.14965833731510605,1.51766213442086,0.010636361753457835,0.017662134420860065,0,0,FOLLOWING,1.518155275328587,0.6037298488447694,0
46.08,0.6334275439137144,-0.16849586693529683,0.45644998586722474,1.9884202478233175,0.514030648906011,0.5762291954994192,0.16034599780472905,0.5759371429126404,0.1471797917183632,1.5171841260950276,0.010163065410487504,0.01718412609502762,0,0,FOLLOWING,1.5177006014479566,0.602957390942357,0
46.112,0.6499718810038411,-0.1603502750733708,0.46108080927770945,2.0016759852816124,0.52758585268222,0.5765029453814605,0.15762310728736356,0.5762732549503149,0.14471348881663545,1.5166938060771291,0.00969310118809591,0.016693806077129114,0,0,FOLLOWING,1.5172337358519217,0.6021542517966494,0
46.144,0.6664862940518783,-0.15212462125283463,0.4656331116643282,2.0149216539190578,0.5410987013054065,0.576713629807315,0.15491442180070714,0.5765456855820044,0.14225969402600283,1.5161914439406448,0.0092264849625171,0.016191443940644756,0,0,FOLLOWING,1.5167549402211367,0.6013205311045342,0
46.176,0.6829692435384142,-0.14382120537640006,0.4701073012106022,2.02815698789022,0.5545681099497094,0.5768618693779163,0.15222019248313542,0.5767550513786712,0.1398186554745597,1.5156773084386963,0.008763229427961816,0.015677308438696302,0,0,FOLLOWING,1.5162644755185626,0.6004563325439893,0
46.208,0.69941923524859,-0.13544233059501137,0.4745037934992379,2.0413817215571073,0.5679929972766965,0.5769482893874313,0.14954065227153654,0.5769019741260333,0.13739060437337045,1.5151516673776637,0.008303344207270469,0.015151667377663713,0,0,FOLLOWING,1.5157626018630894,0.5995617637832772,0
46.24,0.715834819505486,-0.1269903018906665,0.478823010982784,2.054595589494458,0.5813722855221333,0.5769735192822221,0.14687601632339092,0.5769870802579581,0.13497575539161516,1.5146147874980034,0.007846835961314857,0.014614787498003379,0,0,FOLLOWING,1.5152495784103968,0.5986369364905186,0
46.272,0.7322145903837685,-0.11846742471070926,0.48306538246640457,2.0677983264951116,0.594704900582549,0.5769381921451446,0.14422648244132616,0.5770110003156468,0.13257430703521822,1.5140669343623243,0.007393708497089202,0.014066934362324313,0,0,FOLLOWING,1.5147256632408168,0.5976819663438173,0
46.304,0.748557184905977,-0.10987600365295475,0.4872313426028536,2.080989667575288,0.6079897721014249,0.5768429442047264,0.1415922314993545,0.5769743684322782,0.13018644202810642,1.5135083722502962,0.006943962874354892,0.013508372250296219,0,0,FOLLOWING,1.514191113254079,0.5966969730417945,0
46.336,0.7648612822237346,-0.1012183412009415,0.4913213313997093,2.094169347979949,0.6212258335551653,0.5766884143687514,0.13897342787003966,0.5768778218425656,0.12781232769543174,1.5129393640604238,0.006497597510805531,0.012939364060423841,0,0,FOLLOWING,1.5136461840706812,0.5956820803147039,0
46.368,0.7811256027860587,-0.09249673650853078,0.4953357937389105,2.1073371031880677,0.6344120223386773,0.5764752437817381,0.13637021985188785,0.5767220004168441,0.1254521163479586,1.5123601712182637,0.00605460828562404,0.012360171218263716,0,0,FOLLOWING,1.5130911299397602,0.5946374159359817,0
46.4,0.7973489074968569,-0.08371348423302044,0.49927517890861156,2.1204926689179833,0.6475472798507205,0.5762040754057902,0.13378274009629387,0.5765075462190442,0.12310594566706179,1.5117710535911126,0.005614988641414797,0.011771053591112635,0,0,FOLLOWING,1.512526203653209,0.5935631117344122,0
46.432,0.8135299968635942,-0.07487087341587946,0.503139940147354,2.1336357811326603,0.6606305515788495,0.5758755536242608,0.13121110603342107,0.5762351030881829,0.12077393908963942,1.5111722694087273,0.005178729684398031,0.011172269408727287,0,0,FOLLOWING,1.5119516564658968,0.592459303606758,0
46.464,0.8296677101390156,-0.0659711864101695,0.5069305342005331,2.1467661760450287,0.6736607871841117,0.5754903238676697,0.12865542029643193,0.5759053162426468,0.11845620619234214,1.5105640751901075,0.0047458202828615246,0.010564075190107491,0,0,FOLLOWING,1.5113677380217365,0.5913261315310344,0
46.496,0.845760924457723,-0.05701669785367112,0.5106474208891234,2.159883590123248,0.6866369405853402,0.5750490322612872,0.12611577114351333,0.5755188319068165,0.11615284307465841,1.509946725675924,0.004316247163776321,0.009946725675924029,0,0,FOLLOWING,1.510774696285466,0.5901637395803013,0
46.528,0.8618085539692995,-0.0480096736867014,0.5142910626906038,2.172987760096011,0.6995579700431472,0.5745523252937892,0.12359223287719623,0.5750762969593797,0.11386393274019119,1.5093204737665462,0.003889995007564262,0.009320473766546211,0,0,FOLLOWING,1.5101727774798643,0.588972275937101,0
46.56,0.8778095489695943,-0.03895237021357316,0.5178619243320199,2.1860784229578254,0.7124228382435543,0.5740008495063811,0.12108486626048355,0.5745783586027826,0.11158954547593564,1.5086855704653723,0.0034670465409627482,0.008685570465372328,0,0,FOLLOWING,1.5095622260282924,0.5877518929084844,0
46.592,0.8937628950316816,-0.029847033206625715,0.5213604723950892,2.1991553159742905,0.7252305123812681,0.5733952512017766,0.1185937189293546,0.5740256640531479,0.10932973922861741,1.5080422648272969,0.0030473826279641125,0.008042264827296863,0,0,FOLLOWING,1.5089432845022623,0.5865027469417025,0
46.624,0.9096676121379245,-0.02069589705173029,0.5247871749332574,2.2122181766873705,0.7379799642425955,0.5727361761724136,0.1161188258012326,0.5734188602500969,0.10708455997822929,1.5073908039121002,0.0026309823587981063,0.00739080391210023,0,0,FOLLOWING,1.5083161935739369,0.5852249986405309,0
46.656,0.9255227538144876,-0.011501183934159883,0.5281425011005961,2.225266742920666,0.7506701702879895,0.5720242694472875,0.1136602094790372,0.5727585935858281,0.10485404210798706,1.5067314327425663,0.002217823136934638,0.006731432742566268,0,0,FOLLOWING,1.5076811919732647,0.5839188127823012,0
46.688,0.9413274062695591,-0.0022651030636965832,0.5314269207924147,2.23830075278467,0.7633001117342204,0.571260175056776,0.11121788065048142,0.5720455096528505,0.1026382087704784,1.5060643942671197,0.0018078807640953267,0.006064394267119688,0,0,FOLLOWING,1.5070385164496516,0.5825843583356046,0
46.72,0.9570806875364609,0.007010150062155354,0.5346409042974594,2.2513199446820287,0.7758687746361643,0.5704445358148371,0.10879183848229108,0.5712802530096932,0.10043707224973936,1.5053899293268,0.0014011295232559948,0.005389929326800047,0,0,FOLLOWING,1.5063884017378801,0.5812218084787486,0
46.752,0.9727817466227483,0.016322394357992685,0.5377849219615521,2.2643240573127903,0.7883751499682043,0.5695779931179573,0.10638207100905836,0.5704634669640343,0.09825063431878553,1.5047082766263677,0.000997542259634443,0.004708276626367747,0,0,FOLLOWING,1.5057310805281905,0.5798313406189309,0
46.784,0.9884297623657413,0.02566949624832209,0.540859529104555,2.2773128296796497,0.8008182337052354,0.5686611848062506,0.10398852945227512,0.5695963074624831,0.09608155040722717,1.5040196562510597,0.0005969866345192365,0.004019656251059711,0,0,FOLLOWING,1.5050667669621662,0.5784131364122106,0
46.816,1.004023942540188,0.035049320125939074,0.5438652283070432,2.2902860010931847,0.8131970269032696,0.5676947463222518,0.10161114904499809,0.5686791255022962,0.09392817240486506,1.503324295298859,0.00019939123690837501,0.0033242952988590257,0,0,FOLLOWING,1.5043956822931943,0.5769673817842464,0
46.848,1.019563522911482,0.04445973321162268,0.5468024851494322,2.3032433111770922,0.8255105357796313,0.5666793116147907,0.09924986139997413,0.5677123313094534,0.09178934404401874,1.5026224259586214,-0.0001952729129824915,0.0026224259586213883,0,0,FOLLOWING,1.5037180529616065,0.5754942669518814,0
46.88,1.0350477666857127,0.0538986190346405,0.5496717631306474,2.3161844998734082,0.8377577717927371,0.565615513014975,0.09690459400118062,0.5666965470840639,0.08966500026648139,1.501914278674213,-0.0005870347913125018,0.0019142786742130102,0,0,FOLLOWING,1.5030341037502586,0.5739939864455429,0
46.912,1.0504759638949444,0.06336387835316543,0.5524735235911271,2.329109307447741,0.8499377517214701,0.5645039810430603,0.09457526976571333,0.5656324040729257,0.08755507361004512,1.5012000817714546,-0.0009759236605578758,0.0012000817714545864,0,0,FOLLOWING,1.5023440574101297,0.5724667391325535,0
46.944,1.0658474306411467,0.07285342968387291,0.5552082255982419,2.3420174744944564,0.8620494977440855,0.5633453442356323,0.09226180670154409,0.5645205327398559,0.08545949303220025,1.5004800614037688,-0.00136196915915765,0.00048006140376877227,0,0,FOLLOWING,1.5016481346048731,0.5709127282412831,0
46.976,1.0811615083263464,0.08236520978219192,0.5578763258206217,2.354908741941922,0.8740920375167482,0.5621402289945229,0.08996411764840317,0.5633615616631755,0.08337818356343087,1.4997544415329984,-0.0017452013687891954,-0.0002455584670015831,0,0,FOLLOWING,1.5009465538904099,0.5693321613862987,0
47.008,1.096417562889894,0.09189717409402742,0.5604782783923725,2.367782851057666,0.8860644042515562,0.5608892594556345,0.08768211009047021,0.5621561172938592,0.08131106599121307,1.499023443917407,-0.0021256508648045402,-0.0009765560825929498,0,0,FOLLOWING,1.5002395317018382,0.5677252505943939,0
47.04,1.1116149840562437,0.10144729718078839,0.5630145347687723,2.380639543453612,0.8979656367941914,0.5595930573758531,0.08541568603127342,0.5609048238139801,0.07925805659376234,1.498287288104046,-0.0025033487510432995,-0.0017127118959539,0,0,FOLLOWING,1.4995272823445598,0.5660922123316798,0
47.072,1.1267531845944505,0.11101357311838989,0.5654855435753187,2.3934785610912206,0.9097947797010465,0.55825224203642,0.08316474192249561,0.5596083030205123,0.07721906693227526,1.4975461914246682,-0.002878326680641363,-0.0024538085753318395,0,0,FOLLOWING,1.498810017989101,0.5644332675316144,0
47.104,1.1418315995902084,0.12059401587099643,0.567891750452088,2.406299646286715,0.9215508833159647,0.5568674301613554,0.08092916863934936,0.5582671742264957,0.07519400370442839,1.4968003689950558,-0.0032506168646799782,-0.003199631004944248,0,0,FOLLOWING,1.4980879486692007,0.562748641624154,0
47.136,1.1568496857310555,0.13018665964042,0.5702335978953162,2.4191025417162066,0.9332330038464429,0.5554392358496594,0.07870885149600898,0.5568820541778609,0.07318276865747714,1.4960500337172313,-0.003620252070647978,-0.003949966282768669,0,0,FOLLOWING,1.4973612822829294,0.5610385645659071,0
47.168,1.1718069206052348,0.13978955919217878,0.5725115250979317,2.431886990420902,0.9448402034394372,0.5539682705201808,0.07650367029525759,0.555453556984772,0.07118525855557213,1.4952953962844875,-0.0039872656125655714,-0.004704603715512512,0,0,FOLLOWING,1.496630224596492,0.5593032708714732,0
47.2,1.186702802014601,0.14940079015926327,0.5747259677905672,2.4446527358122228,0.9563715502566178,0.5524551428681307,0.07431349940710519,0.5539822940664054,0.06920136519475022,1.494536665188761,-0.004351691334514074,-0.005463334811238951,0,0,FOLLOWING,1.4958949792505187,0.5575429996458533,0
47.232,1.2015368473018717,0.15901844932465964,0.5768773580843409,2.4573995216769897,0.9678261185492144,0.5509004588323341,0.0721382078717093,0.5524688741079042,0.06723097545809097,1.4937740467303213,-0.004713563589052505,-0.006225953269678675,0,0,FOLLOWING,1.4951557477685462,0.5557579946181072,0
47.264,1.2163085926924644,0.16864065488365987,0.5789661243164342,2.4701270921825302,0.9792029887323003,0.5493048215723847,0.06997765952243423,0.550913903028567,0.06527397140326369,1.4930077450293668,-0.005072917211804917,-0.0069922549706331605,0,0,FOLLOWING,1.494412729567547,0.5539485041761543,0
47.296,1.2310175926511122,0.17826554668694958,0.5809926908992931,2.482835191881848,0.9905012474586515,0.5476688314549483,0.06783171312537326,0.5493179839601973,0.06333023037563873,1.4922379620395334,-0.0054297874932420775,-0.0077620379604665946,0,0,FOLLOWING,1.4936661219702507,0.5521147814028899,0
47.328,1.2456634192534086,0.18789128646541856,0.5829574781740613,2.4955235657187225,1.0017199876920462,0.5459930860485208,0.06570022253211881,0.5476817172346937,0.061399625140616615,1.4914648975629683,-0.005784210148494617,-0.008535102437031705,0,0,FOLLOWING,1.4929161202191679,0.5502570841135277,0
47.36,1.2602456615724076,0.1975160580375902,0.5848609022686991,2.5081919590328416,1.0128583087800942,0.5442781801260054,0.06358303684298841,0.5460057003800936,0.059482024029989554,1.4906887492669483,-0.006136221285827803,-0.009311250733051724,0,0,FOLLOWING,1.4921629174920708,0.5483756748943015,0
47.392,1.2747639250803744,0.20713806750051944,0.5867033749611,2.52084011756491,1.0239153165265389,0.542524705674522,0.06148000057828954,0.5442905281243742,0.05757729109813833,1.4899097127018366,-0.006485857374275872,-0.010090287298163414,0,0,FOLLOWING,1.4914067049188977,0.546470821142499,0
47.424,1.2892178310657592,0.2167555434049643,0.588485303547409,2.533467787461751,1.0348901232630465,0.5407332519119122,0.05939095385556294,0.5425367924062954,0.05568528628459615,1.4891279813202718,-0.006833155210795416,-0.010872018679728201,0,0,FOLLOWING,1.4906476715998522,0.5445427951079157,0
47.456,1.3036070160654458,0.22636673691559667,0.5902070907156699,2.5460747152814016,1.0457818479204668,0.5389044053094341,0.05731573257105242,0.5407450823927952,0.0538058655805539,1.4883437464974665,-0.007178151887218043,-0.01165625350253352,0,0,FOLLOWING,1.4898860046246787,0.542591873935715,0
47.488,1.3179311313123048,0.2359699219569828,0.5918691344248652,2.5586606479982024,1.0565896160995674,0.5370387496201838,0.055254168583918864,0.5389159845024108,0.05193888119737129,1.4875571975525144,-0.007520884757202695,-0.012442802447485635,0,0,FOLLOWING,1.48912188909291,0.5406183397107899,0
47.52,1.3321898421980611,0.24556339534603333,0.5934718277893662,2.5712253330078703,1.067312560141231,0.5351368659128112,0.0532060899019496,0.5370500824342546,0.05008418173570034,1.4867685217705915,-0.007861391403335638,-0.013231478229408511,0,0,FOLLOWING,1.4883555081350834,0.5386224795036108,0
47.552,1.3463828277514607,0.2551454769115947,0.5950155589687918,2.5837685181325747,1.0779498191961128,0.5331993326101193,0.05117132086772911,0.5351479572021431,0.04824161235435143,1.4859779044259724,-0.008199709604512218,-0.01402209557402756,0,0,FOLLOWING,1.4875870429347329,0.5366045854176509,0
47.584,1.3605097801317096,0.26471450960183074,0.5965007110632298,2.5962899516259927,1.0885005392937492,0.531226725532172,0.0491496823443948,0.533210187173529,0.046411014938118784,1.4851855288057496,-0.008535877303669892,-0.01481447119425039,0,0,FOLLOWING,1.486816672751162,0.5345649546383779,0
47.616,1.37457040413713,0.2742688595800178,0.5979276620137938,2.608789382178366,1.0989638734111165,0.5292196179435481,0.04714099190025994,0.5312373481128069,0.04459222826422023,1.4843915762341922,-0.008869932575977344,-0.015608423765807844,0,0,FOLLOWING,1.4860445749428188,0.5325038894839044,0
47.648,1.3885644167289648,0.28380691630936,0.5992967845084384,2.621266558921542,1.1093389815406283,0.5271785806044071,0.04514506399170593,0.5292300132287415,0.0427850881668399,1.483596226097644,-0.009201913597523537,-0.016403773902355923,0,0,FOLLOWING,1.485270924991287,0.5304216974572853,0
47.68,1.4024915465702446,0.293327092627406,0.6006084458929788,2.6337212314340173,1.1196250307575817,0.5251041818250494,0.04316171014385144,0.5271887532256432,0.04098942769965795,1.4827996558699104,-0.009531858614572508,-0.01720034413008964,0,0,FOLLOWING,1.4844958965257227,0.5283186913005641,0
47.712,1.416351533579611,0.30282782481063314,0.6018630080872376,2.646153149745941,1.129821195287005,0.5229969875236635,0.041190739128593085,0.5251141363580069,0.039205077296106054,1.482002041137996,-0.009859805913437159,-0.01799795886200406,0,0,FOLLOWING,1.4837196613477495,0.5261951890505228,0
47.744,1.4301441284999792,0.3123075726297423,0.6030608275062437,2.658562064344168,1.1399266565699802,0.5208575612869888,0.0392319571396818,0.5230067284883191,0.03743186492720428,1.4812035556282521,-0.010185793791013809,-0.018796444371747878,0,0,FOLLOWING,1.4829423894566727,0.5240515140962918,0
47.776,1.443869092481904,0.3217648193961899,0.6042022549863917,2.670947726177225,1.1499406033293258,0.5186864644336078,0.037285167964576066,0.5208670931477827,0.03566961625661797,1.4804043712326844,-0.010509860526012436,-0.019595628767315576,0,0,FOLLOWING,1.4821642490750069,0.5218879952387255,0
47.808,1.4575261966815105,0.3311980720004605,0.6052876357164839,2.6833098866603504,1.1598622316347604,0.5164842560796279,0.035350173152847636,0.5186957915996516,0.03391815479318226,1.4796046580355717,-0.01083204435092111,-0.02039534196442827,0,0,FOLLOWING,1.4813854066741958,0.5197049667517232,0
47.84,1.471115221872826,0.34060586094256756,0.6063173091735523,2.6956482976804432,1.16969074496741,0.5142514932064981,0.033426772180974576,0.5164933829049503,0.03217730204032723,1.4788045843401183,-0.011152383424732237,-0.0211954156598817,0,0,FOLLOWING,1.4806060270005335,0.5175027684453968,0
47.872,1.4846359580743527,0.3499867403552472,0.6072916090633697,2.707962711601083,1.1794253542837854,0.5119887307307402,0.031514762613392484,0.514260423990333,0.03044687764259247,1.4780043166953014,-0.011470915806446881,-0.021995683304698588,0,0,FOLLOWING,1.4798262731011602,0.5152817457312584,0
47.904,1.4980882041897028,0.35933928802029197,0.6082108632655459,2.7202528812674607,1.1890652780790958,0.5096965215753683,0.029613940259700263,0.5119974697178585,0.028726699528851186,1.477204019922652,-0.011787679429380304,-0.022795980077348066,0,0,FOLLOWING,1.479046306350153,0.5130422496893343,0
47.936,1.51147176766212,0.368662105378452,0.6090753937831054,2.732518560011377,1.1986097424500197,0.5073754167427974,0.027724099327965494,0.5097050729564491,0.027016584052463793,1.476403857143122,-0.012102712076272226,-0.023596142856878055,0,0,FOLLOWING,1.4782662864745926,0.5107846371373708,0
47.968,1.5247864641426931,0.37795381753330987,0.6098855166964445,2.744759501656155,1.208057981156806,0.505025965389038,0.025845032574071586,0.5073837846548306,0.02531634612799536,1.4756039898037978,-0.012416051355216394,-0.02439601019620219,0,0,FOLLOWING,1.4774863715806288,0.5085092707020402,0
48.0,1.5380321171720737,0.3872130732495195,0.6106415421215505,2.7569754605216206,1.2174092356848156,0.5026487148989983,0.023976531447099585,0.5050341539157712,0.023625799364506785,1.474804577704607,-0.012727734676400204,-0.025195422295392955,0,0,FOLLOWING,1.476706718179436,0.5062165188923077,0
