t,x,y,yaw,hx,hy,v,w,actual_v,actual_w,distance,bearing,error,stale,close,state,estimate_distance,estimate_speed,rejected_measurements
0.032,-9.895465867617852e-20,-9.05499575168298e-06,1.4335101498603523e-18,1.5,0.0,0.0,0.0,-3.3507354409815345e-18,4.479350741066638e-17,1.500000000027331,6.036663834380559e-06,2.7331026331012254e-11,1,0,LOST — STOP,,0.0,0
0.064,-1.7226834245389714e-19,-7.563411368053963e-06,3.2808221720291764e-19,1.5134399550423492,0.014335808181267047,0.0,0.0,-2.2910295247223737e-18,-3.454340460026005e-17,1.51350792195721,0.009477047390202642,0.013507921957210067,1,0,LOST — STOP,,0.0,0
0.096,1.2308400006443664e-18,-6.063949966937634e-06,-1.489085077602139e-18,1.5268796403398757,0.02867046546861567,0.0,0.0,4.3073075975264334e-17,-5.678342231029597e-17,1.527148905452223,0.018778925119309772,0.027148905452222927,1,0,LOST — STOP,,0.0,0
0.128,1.0735785918242548e-18,-4.8546819719621805e-06,-9.473348331601941e-19,1.540318786153171,0.043002821060522445,0.0,0.0,-5.172457597434408e-18,1.69341329577311e-17,1.5409190839071174,0.027914029953477304,0.040919083907117404,1,0,LOST — STOP,,0.0,0
0.16,1.5546703236644465e-18,-3.887547762594087e-06,-2.900664086877365e-18,1.5537571227536544,0.057331724340246484,0.0007173733101266802,-0.0007818634749322435,1.477603682044836e-17,-6.10371996763158e-17,1.5548146413313346,0.036884534644870924,0.054814641331334624,0,0,FOLLOWING,1.5075438337498936,0.0,0
0.192,2.1931983611111025e-05,-3.1099296735584315e-06,-2.3935953121007134e-05,1.5671943804289856,0.07165602496820221,0.009285335324885388,0.002291201065498368,0.0006859403536933645,-0.0007479992280233757,1.5688099039656087,0.04571722020172129,0.06880990396560871,0,0,FOLLOWING,1.5252270482338417,0.03994110357642718,0
0.224,0.000307413997697726,-2.494742488481099e-06,4.6380010060303725e-05,1.5806302894884796,0.08597457297430981,0.01155103265185986,0.011007057280695204,0.008927972660288887,0.0021973662195338643,1.582659927771166,0.05430478594953089,0.08265992777116593,0,0,FOLLOWING,1.515169716330732,0.054330456365467954,0
0.256,0.0006752604556307338,-1.9801088566167953e-06,0.0003702592098575062,1.594064580268518,0.10028621885031608,0.032537871897055155,0.028709498913598926,0.011496187675024635,0.010121213007672818,1.5965422785959194,0.062486998703529084,0.09654227859591935,0,0,FOLLOWING,1.556981751679677,0.1448881201075225,0
0.28800000000000003,0.001689985884138387,-1.1999580718419003e-06,0.0012042255958150726,1.6074969831379622,0.11458981364207813,0.043181998542412,0.03728669109961391,0.03172519462255092,0.026061430983910266,1.6098904350381276,0.07003540353799642,0.10989043503812757,0,0,FOLLOWING,1.5444468723701146,0.1007847893068222,0
0.32,0.0030624065895133524,8.324711512561313e-07,0.0022858105291459975,1.6209272285035645,0.1288842090418027,0.05064131780305484,0.05019126213449184,0.04289345803736209,0.03379950765299167,1.6229902977970132,0.07720894770626488,0.1229902977970132,0,0,FOLLOWING,1.5419182939338647,0.12250560057964191,0
0.352,0.004680905418239623,4.955693590801672e-06,0.00373925614303316,1.6343550468153791,0.14316825748023349,0.03976408425932192,0.0646071811161262,0.0505792692856665,0.04542016270107914,1.6359503470817678,0.08388361212903526,0.1359503470817678,0,0,FOLLOWING,1.504098684822055,0.12599185733831048,0
0.384,0.0059774903379244074,1.0344112510176961e-05,0.005608096506491003,1.6477801685721722,0.15744081221877923,0.033054011775669044,0.07712639482657793,0.040504754011115286,0.05840126835560705,1.6493333157810486,0.08998841347544197,0.14933331578104858,0,0,FOLLOWING,1.5074733057609822,0.12853322926581703,0
0.41600000000000004,0.007051261801008035,1.7044528626383425e-05,0.00783773140322555,1.6612023243268308,0.17170072744157516,0.03949390507375297,0.09201826634573337,0.03354675788354617,0.06967611538518748,1.6630366876993008,0.09558157889187972,0.1630366876993008,0,0,FOLLOWING,1.532556999422058,0.16061821005911772,0
0.448,0.008309443105284144,2.769720330503023e-05,0.010496379298420304,1.6746212446917705,0.1859468583474702,0.06509390507375297,0.11811692923243292,0.03932262846639787,0.08308279269248381,1.676651709385987,0.10061930029128753,0.17665170938598695,0,0,FOLLOWING,1.5791693444516377,0.2677906492984391,0
0.48,0.010329247134764522,5.0161382976232e-05,0.014065375160125257,1.6880366603443426,0.20017806124193294,0.09069390507375295,0.15183305170629788,0.06314028717928043,0.111531232261498,1.6896015330959933,0.10466015218712629,0.18960153309599326,0,0,FOLLOWING,1.6057033676189623,0.34956383351716525,0
0.512,0.01313912445857252,9.191224724623765e-05,0.0187688159173493,1.7014483020322388,0.21439319362886847,0.11629390507375295,0.18151761412254652,0.08783334866451786,0.14698279223321736,1.7018557278104611,0.10748847952435694,0.20185572781046113,0,0,FOLLOWING,1.6167837001930654,0.3668807600707544,0
0.544,0.016735122081092235,0.0001635098136987134,0.024518964707599292,1.7148559005788964,0.22859111430233955,0.14189390507375296,0.20572810395046348,0.11240850172671214,0.17969266229449984,1.71341569645501,0.10919624086417688,0.21341569645501002,0,0,FOLLOWING,1.666173842316196,0.425350251108014,0
0.5760000000000001,0.02112712931789821,0.0002772959527326828,0.03109958279673257,1.7282591868888995,0.24277068343818337,0.167493905073753,0.21883078576032733,0.13730467115995693,0.20564510282191795,1.7242688029888986,0.1100036716517669,0.22426880298889862,0,0,FOLLOWING,1.6658545162631733,0.39261479734202215,0
0.608,0.026331701027714472,0.00044714432504927955,0.03810041272127773,1.74165789195338,0.2569307626855181,0.193093905073753,0.2326370296085628,0.16273563601187752,0.21877690655626436,1.7343955107653017,0.11032465245673517,0.23439551076530174,0,0,FOLLOWING,1.6758279754781542,0.4149942980071855,0
0.64,0.03234794765806695,0.0006866088917001243,0.04554352995073808,1.755051746855418,0.271070215258131,0.218693905073753,0.2434199734941991,0.18816036290951277,0.2325985965163095,1.7437934723930768,0.1101394278447096,0.2437934723930768,0,0,FOLLOWING,1.6725347801351933,0.40524493135473577,0
0.672,0.03917632029612206,0.0010104812387476884,0.05333230920275924,1.7684404827754379,0.2851879060257407,0.24429390507375304,0.2571307322629894,0.2136283200435445,0.24340072443146926,1.752458659253866,0.10954618888915786,0.252458659253866,0,0,FOLLOWING,1.693170105813742,0.45263205947584084,0
0.704,0.04681357315665878,0.001433680832963854,0.061560242122152144,1.781823830996603,0.2992827016051264,0.26989390507375305,0.2704850000131024,0.2390300679747761,0.2571245269023404,1.7603904777022528,0.10845245201335936,0.26039047770225277,0,0,FOLLOWING,1.7197778625554236,0.49793146796241083,0
0.736,0.05525808585642283,0.0019728291138604507,0.07021604902606446,1.795201522910211,0.3133534704511176,0.29549390507375306,0.27948557250927664,0.26442630219583413,0.27049586104521933,1.7675862264529418,0.1068695479873922,0.26758622645294183,0,0,FOLLOWING,1.7203609823850057,0.4889134009871245,0
0.768,0.064510511095021,0.0026457554988342153,0.07916052243429451,1.8085732900210831,0.3273990829474354,0.32109390507375307,0.2965387335769443,0.28989859794580725,0.27951689826387904,1.774040501376515,0.10493618105506132,0.27404050137651503,0,0,FOLLOWING,1.757264592378513,0.5796568452593418,0
0.8,0.07456389180936411,0.0034691241054050485,0.08865101215641141,1.8219388639529535,0.3414184114973796,0.34669390507375303,0.31672684890669733,0.3152145948784303,0.2965802973517443,1.7797553242293036,0.10239425818979112,0.2797553242293036,0,0,FOLLOWING,1.737380069977518,0.5722628732896684,0
0.8320000000000001,0.0854264054233671,0.004462532420004902,0.09872015550018778,1.8352979764538557,0.35541033061435273,0.372293905073753,0.3321842353652407,0.34086243702885294,0.3146636868070394,1.7847170285953375,0.09921026764577418,0.28471702859533754,0,0,FOLLOWING,1.7860635254750727,0.6392605988082076,0
0.864,0.09709067604675728,0.005648925060850725,0.10925625741868637,1.8486503594015067,0.3693737170122161,0.39789390507375305,0.3359767885222363,0.36637911213222846,0.3292565837765824,1.7889262278344107,0.0954914810626734,0.2889262278344107,0,0,FOLLOWING,1.7959916912275409,0.6202763852577216,0
0.896,0.10955529413366036,0.007051074084201912,0.11991006071922045,1.861995744808688,0.3833074496954678,0.42349390507375306,0.34791607258521196,0.39196505891454864,0.33293489645232416,1.7923773021744667,0.09158337895316512,0.29237730217446667,0,0,FOLLOWING,1.8334136932189444,0.7090875188090123,0
0.928,0.12283533173834511,0.008688648224334653,0.13081807791946473,1.8753338648286242,0.39721041004923796,0.4490939050737531,0.35856970823994977,0.41813202767037116,0.3408793187553372,1.7950488204767878,0.08734927009042989,0.2950488204767878,0,0,FOLLOWING,1.8695615568973447,0.766563527799882,0
0.96,0.13692319388567292,0.010582105890378404,0.141965437359763,1.8886644517603592,0.41108148192909166,0.4746939050737531,0.35030974260718006,0.4441897551375474,0.3483590232099497,1.7969410632371299,0.08280072759377483,0.2969410632371299,0,0,FOLLOWING,1.8584075295942184,0.6882332099916789,0
0.992,0.15179662298466892,0.012749988182321037,0.15289806682208312,1.9019872380541285,0.4249195517506348,0.500293905073753,0.3435169340094208,0.46969061473369833,0.3416485350215643,1.798068668936008,0.07838749675458728,0.2980686689360079,0,0,FOLLOWING,1.8427232859848595,0.6583484699032132,0
1.024,0.1674789390161911,0.01520990525997252,0.1635078892418905,1.915301956316729,0.4387235085789134,0.525893905073753,0.33612694481452504,0.49605018860317535,0.33156050058325737,1.798401810497796,0.07421938201259802,0.2984018104977959,0,0,FOLLOWING,1.7992884857269482,0.5804000699925571,0
1.056,0.18399286401139595,0.01797771115021277,0.17364287679360996,1.9286083393168867,0.45249224421760115,0.5514939050737531,0.330420353616577,0.5232447020182754,0.3167214861361005,1.79791157628015,0.07045121029504002,0.2979115762801501,0,0,FOLLOWING,1.8076130101549812,0.6011331752602012,0
1.088,0.2013656592250834,0.02106728384701079,0.18319487495823641,1.9419061199906185,0.46622465329796614,0.577093905073753,0.31696946211727983,0.5514057924183735,0.2985025900139549,1.79656510573327,0.06719581706655961,0.2965651057332701,0,0,FOLLOWING,1.7731688531937313,0.5213049649838203,0
1.12,0.21951734771317405,0.024470305879603953,0.19235671305995108,1.9551950314465938,0.47991963336761084,0.602693905073753,0.29579637445491835,0.5771080731907847,0.28630977990997053,1.7944389406495522,0.06426210598605689,0.2944389406495522,0,0,FOLLOWING,1.764235997769459,0.4859856981449326,0
1.1520000000000001,0.2384411298891742,0.028206425254498277,0.20090598502592483,1.9684748069714901,0.493576084978979,0.6282939050737529,0.2754265668876285,0.6027721057251767,0.2671667594918593,1.7915315916921581,0.06186849530662625,0.29153159169215814,0,0,FOLLOWING,1.8094225183865271,0.5713858487034127,0
1.184,0.2581350527698449,0.03226623113199515,0.20886481929388595,1.9817451800353465,0.5071929117776196,0.6538939050737528,0.2586398107196523,0.6283655630837852,0.24871512359311487,1.7878442948985431,0.06000505250709066,0.28784429489854313,0,0,FOLLOWING,1.8077939209913692,0.5765939698317307,0
1.216,0.27859771033491654,0.03664921492286101,0.2163357681382632,1.995005884296913,0.5207690205902039,0.6794939050737527,0.25594399754601543,0.6539527996063517,0.2334684084629926,1.7833757332326075,0.05857659886440145,0.28337573323260745,0,0,FOLLOWING,1.8348948457064669,0.6621691386165399,0
1.248,0.2998277464353512,0.04135692157025808,0.2237243526795864,2.0082566536089956,0.5343033215122862,0.7050939050737527,0.23718883048519895,0.6795435699619738,0.2308944416200238,1.7781241475449174,0.05718381788688337,0.27812414754491743,0,0,FOLLOWING,1.8281433973497414,0.6182087321595827,0
1.28,0.3218217282182272,0.04639969594669528,0.23057045127593642,2.0214972220237994,0.547794727995803,0.7163206083141208,0.2300903005995557,0.7051365384150206,0.21394155347907856,1.7720874025867748,0.05628789787415071,0.2720874025867748,0,0,FOLLOWING,1.8084998105279937,0.6093122961289151,0
1.312,0.3441504030510145,0.051676028718565914,0.2372078234058904,2.034727323798264,0.5612421569363015,0.7257951106130193,0.2212638976440356,0.7169669187608076,0.2074187229766834,1.7657032491305171,0.05554711035230678,0.2657032491305171,0,0,FOLLOWING,1.8145873255807534,0.6240859265260797,0
1.344,0.36673932455422625,0.05716854181940113,0.24358816856596202,2.047946693399399,0.574644528759893,0.7452907422344929,0.2068556175714065,0.7264505349652582,0.1993864991882636,1.7590450858688484,0.0550093333742909,0.25904508586884845,0,0,FOLLOWING,1.8361500519350198,0.6597432238726034,0
1.3760000000000001,0.38988189527170375,0.06294837444307104,0.24955225227329625,2.061155065509612,0.588000767509922,0.7410605017144031,0.20604345107337746,0.7454086853134534,0.18637815337744826,1.7518087866608885,0.05484705321091016,0.25180878666088846,0,0,FOLLOWING,1.7901689363544957,0.6069662599643251,0
1.408,0.41288894746839255,0.06883773587569068,0.2554905080027202,2.0743521750320357,0.6013098009333454,0.7317876163166295,0.22091252549904503,0.7421242722724991,0.18557100552524852,1.744702426379055,0.054651244468288895,0.24470242637905493,0,0,FOLLOWING,1.771348359046206,0.6297042175750907,0
1.44,0.43557724978016427,0.07478758899741228,0.26185589640006357,2.0875377570958453,0.6145705605668135,0.7217522930522133,0.22587694156630256,0.7329522843725005,0.19891902711009682,1.7379123033476043,0.05396066950992062,0.23791230334760427,0,0,FOLLOWING,1.758944448935617,0.5977178651489751,0
1.472,0.45791203899169003,0.08079701852127259,0.2683667854418892,2.100711547061578,0.6277819818224479,0.7040001534360603,0.22165892613064625,0.7227559301776754,0.20346599538156707,1.7314683865991471,0.05304687600455449,0.23146838659914715,0,0,FOLLOWING,1.7344472740075132,0.5439918840010851,0
1.504,0.4797541254906566,0.08682785882137596,0.275247294650359,2.1138732805264415,0.6409430040733081,0.6784001534360603,0.2239617149555616,0.7080755610441359,0.21501675800433612,1.725511230636427,0.0516762040571625,0.22551123063642708,0,0,FOLLOWING,1.6944560380246323,0.5059009842543103,0
1.536,0.5008145721624921,0.0927934758171087,0.2824133925445052,2.1270226933296223,0.6540525707385386,0.6587985338260546,0.23422305783742128,0.6839968749297831,0.22394151792762818,1.7203385204610022,0.049919560357318093,0.22033852046100222,0,0,FOLLOWING,1.7092839302502942,0.5721381167456457,0
1.568,0.5212139855923054,0.09873698888989346,0.2898646323304002,2.1401595215575866,0.6671096293681931,0.6403709727824832,0.25089339792664866,0.6639598197365159,0.23285231480565866,1.7158182033263856,0.047768284525964884,0.21581820332638557,0,0,FOLLOWING,1.6883883973843776,0.5775897202326833,0
1.6,0.5409985730213983,0.10466802340901914,0.297813013612346,2.153283501549379,0.6801131317277266,0.6266507358145071,0.26896765013385016,0.6454276576069697,0.24838821696684377,1.7118994606712172,0.045006868404214695,0.21189946067121723,0,0,FOLLOWING,1.6842293276276386,0.597347498504211,0
1.6320000000000001,0.5602598977727147,0.11061316935448477,0.30603685135699615,2.1663943699019113,0.6930620338821482,0.6138137226193024,0.27031056016382,0.6299163880430152,0.2569963678683126,1.708483134933236,0.041854013584295136,0.2084831349332359,0,0,FOLLOWING,1.6754891721881462,0.5463678292219448,0
1.6640000000000001,0.5790454519930401,0.11658426536312261,0.3141456727553655,2.179491863475252,0.7059552962798292,0.6099769809981826,0.2731486546755806,0.6159746086748905,0.25340204639535,1.705516616192909,0.038697750303310297,0.20551661619290895,0,0,FOLLOWING,1.6869767033890364,0.5812000845120037,0
1.696,0.5975950764042469,0.12264821518215939,0.3220330551831325,2.1925757193979054,0.7187918838359604,0.6107115977570113,0.2649871839213126,0.6098561184984893,0.2464819914963354,1.7027479335475575,0.0356520862327045,0.2027479335475575,0,0,FOLLOWING,1.6919105332226445,0.567116050197251,0
1.728,0.6161102306797601,0.1288633832069858,0.32968506939359343,2.2056456750720885,0.7315707660156481,0.5963873025061721,0.24578170548449962,0.6103254739449042,0.2391266359769729,1.6999644461786796,0.032738245565856805,0.1999644461786796,0,0,FOLLOWING,1.6584330160058287,0.484046262866995,0
1.76,0.6341995122567881,0.1350907906216396,0.3369720509875262,2.218701468179002,0.7442909169166487,0.5959983172723339,0.23659535033004653,0.597837678422555,0.2277192028890511,1.6975780518724837,0.0300787887070596,0.19757805187248367,0,0,FOLLOWING,1.6790589860711649,0.5480842679108316,0
1.792,0.6521809684805118,0.14142702058798629,0.34380292499001464,2.2317428366840946,0.7569513153517273,0.5960898308532662,0.21947275433717747,0.5957842911600295,0.21346568669183702,1.6952539198973096,0.027775709152883243,0.19525391989730956,0,0,FOLLOWING,1.6773316713350181,0.5304353633742944,0
1.824,0.6701202006691381,0.14788466470676404,0.3501385980211523,2.244769518842321,0.7695509449306408,0.6076591563301683,0.19667750005202025,0.5958164755069784,0.19799049179221528,1.6929233412032163,0.025874102373837082,0.1929233412032163,0,0,FOLLOWING,1.7005651768694887,0.5655276915238318,0
1.856,0.6883533507165567,0.1545757121854459,0.3558160438233474,2.2577812532033974,0.7820887941417343,0.6082981471315755,0.18534979718409775,0.606949665291969,0.17742069599228633,1.6902297503980115,0.024548565359331476,0.1902297503980115,0,0,FOLLOWING,1.6792858579280932,0.5439438249306247,0
1.8880000000000001,0.7065855068951884,0.1613811464902809,0.3611644484514936,2.270777778617047,0.7945638564331464,0.5858027152739345,0.18028730561813078,0.6081512077030722,0.16713806461502434,1.6874886094682178,0.023471723245152676,0.18748860946821777,0,0,FOLLOWING,1.6261543925600173,0.4639697740794678,0
1.92,0.7242289511007957,0.16807262541860965,0.36685559123595424,2.283758834238242,0.8069751302936169,0.5700484778036675,0.17680138574309961,0.5896601278515442,0.17784872271532112,1.6853278218596692,0.021964531520946906,0.18532782185966923,0,0,FOLLOWING,1.6270302239571879,0.47822699807866137,0
1.952,0.7413408074804975,0.17467348357586596,0.37235462591440976,2.29672415953244,0.819321619332888,0.5651594730860137,0.17472785891783182,0.5731366986560515,0.17184531128142436,1.6836830434423637,0.020556953317505122,0.18368304344236375,0,0,FOLLOWING,1.6403628148008704,0.5131784484376712,0
1.984,0.7581812289971703,0.1812752637732692,0.37739412029361447,2.3096734942808115,0.8316023323616965,0.5751922082557324,0.1664821522423452,0.5652516457999008,0.15748459669062442,1.6822762987612294,0.019521571819027972,0.18227629876122942,0,0,FOLLOWING,1.6685144755187042,0.5571166665216756,0
2.016,0.7752634366550598,0.18806604218055228,0.38219578451142056,2.3226065785854626,0.8438162834713472,0.6007922082557323,0.16521627623508867,0.5744626953057618,0.15005236231307897,1.680559186054447,0.018650462338604235,0.1805591860544471,0,0,FOLLOWING,1.7067951537643626,0.6427856899764663,0
2.048,0.7930556156882502,0.1952343657883472,0.3869626004652238,2.3355231528746527,0.8559624921128628,0.6263922082557323,0.17088750224795707,0.5994550991615216,0.14896329575132528,1.6780249581547322,0.017748761312194716,0.17802495815473218,0,0,FOLLOWING,1.7201643085905651,0.6816535753435742,0
2.08,0.8115781276321633,0.20279863511536944,0.39189421468960356,2.348422957908002,0.8680399831757031,0.6519922082557322,0.1777426198703217,0.6252509773384405,0.15411323127888718,1.674645659091708,0.01661651895949034,0.17464565909170804,0,0,FOLLOWING,1.7270601950521836,0.6990939636069006,0
2.112,0.830826805307888,0.21077016326176573,0.3970256147387412,2.3613057347816975,0.8800477870660486,0.6723959151780053,0.16957766056689397,0.6510739361929009,0.16035657744179094,1.670418597624082,0.015216500266168664,0.17041859762408196,0,0,FOLLOWING,1.7112410787741374,0.643510173324242,0
2.144,0.8506482107695857,0.21909887271881673,0.40192478913713026,2.3741712249336864,0.8919849397846396,0.6761388532408696,0.1573295530589189,0.6718825487435737,0.15309950978069437,1.665502336815826,0.013975770383704567,0.16550233681582593,0,0,FOLLOWING,1.6932018272096665,0.6046170200141301,0
2.176,0.8705633274286124,0.2275850483841161,0.40647153935988695,2.387019170148867,0.9038504830041675,0.659305753357665,0.15054576903286726,0.6764830639238978,0.14208620455350746,1.6604135813050447,0.013010377402571494,0.16041358130504468,0,0,FOLLOWING,1.647520152659717,0.530704172333443,0
2.208,0.8899711385815059,0.23596016386103297,0.4108218905033885,2.39984931256427,0.9156434641462113,0.6404100006455878,0.13850509348665796,0.660529430026739,0.1359486826168521,1.6558084094955183,0.012163179163785509,0.15580840949551833,0,0,FOLLOWING,1.6328469158238514,0.5020232529703511,0
2.24,0.9088020826682232,0.24418356923133486,0.414913082643055,2.4126613946742377,0.9273629364577096,0.6167799274986935,0.13294171829701126,0.6421075839626588,0.12784992355068894,1.651764776870797,0.011497783326222977,0.15176477687079704,0,0,FOLLOWING,1.6105257059716573,0.47814483508239924,0
2.2720000000000002,0.9269594793763504,0.2522007800195737,0.419134221749775,2.4254551593355855,0.9390079590869688,0.6077685635521812,0.13838875569050263,0.6202456234053103,0.1319107994247889,1.6483911562717763,0.010626214879298712,0.14839115627177635,0,0,FOLLOWING,1.6275525272773643,0.5408817529495656,0
2.3040000000000003,0.9447307568088601,0.26013694170673324,0.42312920005452614,2.4382303497727698,0.9505775971591945,0.6039286654670536,0.14778128640354027,0.6082022016091917,0.12484325987922924,1.6453720955713902,0.009903877939217487,0.1453720955713902,0,0,FOLLOWING,1.631446266077741,0.5657290333912022,0
2.336,0.9623453577145767,0.2680867502401038,0.42739340458045655,2.4509867095830367,0.9620709218515447,0.6190850523945974,0.15891300310629614,0.6039177872821143,0.13325662618606465,1.6424576417490875,0.0088392031554424,0.14245764174908748,0,0,FOLLOWING,1.667966876904167,0.6448649557909458,0
2.368,0.9803427251887797,0.27630022169446905,0.4319796521393367,2.4637239827415707,0.9734870104676969,0.6025591079767502,0.17138366161584076,0.6182295767278817,0.14332050361627116,1.6390513639599051,0.007379908696740489,0.13905136395990514,0,0,FOLLOWING,1.6034644994679346,0.5400012860497904,0
2.4,0.9978640851187217,0.2843960545178719,0.4369269020988832,2.4764419136066325,0.9848249465119228,0.5981855654124829,0.1771626713359454,0.6031503469123364,0.15460187643580553,1.6360907760989425,0.0054748958390927185,0.1360907760989425,0,0,FOLLOWING,1.6197708614825785,0.5648339643125259,0
2.432,1.015203007861005,0.29251330721479624,0.44204233135270204,2.4891402469246886,0.9960838197626656,0.6012117787753006,0.17787061976929747,0.5982723413271316,0.1598575106525802,1.6332490473977157,0.0033142271729375006,0.1332490473977157,0,0,FOLLOWING,1.632181807424103,0.5837268408818794,0
2.464,1.0325765006697447,0.30075663135808967,0.4471800006283259,2.501818727835537,1.0072627263456135,0.6072105258957703,0.17006676594592723,0.6009360130225441,0.16055251514447927,1.6302832834638332,0.0010421699550817731,0.13028328346383322,0,0,FOLLOWING,1.6388604556962862,0.5841785053305197,0
2.496,1.0500771154344142,0.30917100361439,0.45209475408639177,2.5144771018774192,1.0183607688062641,0.5899869461652534,0.16004660913550575,0.6068268359105495,0.15358635290883974,1.6270886402858264,-0.0010964390228276333,0.12708864028582645,0,0,FOLLOWING,1.5897399742157337,0.48985751590984233,0
2.528,1.067070763864764,0.317447068107989,0.45672117867880063,2.5271151149921307,1.0293770561819722,0.5729929395581719,0.1565428359419122,0.5906649961620706,0.14457602306906114,1.6243687435979413,-0.0030358471311944797,0.12436874359794126,0,0,FOLLOWING,1.57965751217013,0.4887175547747278,0
2.56,1.083536620720341,0.3255610177850878,0.4612446964336836,2.5397325135301165,1.0403107040734783,0.5626828712775074,0.14981908736976243,0.5736257457946666,0.1413601788642119,1.622150915385314,-0.004957163785400398,0.12215091538531397,0,0,FOLLOWING,1.5844938125603407,0.49786098574735144,0
2.592,1.0996588603759914,0.3335961277411229,0.46557288141256936,2.5523290442555653,1.0511608347159078,0.5504676550702685,0.13755677251276333,0.5629180939386885,0.13525601276282076,1.6202313945324365,-0.006766865693971891,0.12023139453243648,0,0,FOLLOWING,1.5743894010411694,0.47373836717502543,0
2.624,1.115397563716103,0.34152490239766176,0.4695466999041706,2.564904454351489,1.0619265770492403,0.5466394673738196,0.11552991400943845,0.5507142915140116,0.12418202256382484,1.6186564795657736,-0.008303767753044757,0.11865647956577363,0,0,FOLLOWING,1.586651360768387,0.48925058191621634,0
2.656,1.13098441903592,0.3494535967925088,0.472884641407458,2.5774584914247995,1.0726070667882384,0.552296676976693,0.09849273715172302,0.5464875720326945,0.10431081567406719,1.6171698065633473,-0.009283251350449995,0.1171698065633473,0,0,FOLLOWING,1.603900010498446,0.5280145576161314,0
2.688,1.1466950561613545,0.35750774964188364,0.4757296058618632,2.5899909035113717,1.0832014464918334,0.5454581762592471,0.07086474648733009,0.5517233841268478,0.08890525334844197,1.6154671908229987,-0.009841993112909342,0.11546719082299872,0,0,FOLLOWING,1.5795630892021724,0.474778749013118,0
2.72,1.1622064555509433,0.36551448444684215,0.47777780234660444,2.6025014390811037,1.0937088656319616,0.5519244784854315,0.05229132433497499,0.5454985295240617,0.06400620684367528,1.6139134723930288,-0.00967061067292574,0.11391347239302885,0,0,FOLLOWING,1.6029193161093005,0.5264787417917947,0
2.7520000000000002,1.1778713213609306,0.37363681791912357,0.47928785198038826,2.6149898470429624,1.1041284806618463,0.5538503978838237,0.04100297704735844,0.551427803039943,0.04718910905962923,1.6121190173790285,-0.00901992476941832,0.11211901737902852,0,0,FOLLOWING,1.5947279245309922,0.5145828494413113,0
2.7840000000000003,1.1935868232817328,0.3818126768708302,0.48047058079626087,2.6274558767500222,1.114459455083718,0.5788475264448083,0.03563516385755645,0.5535986762825383,0.0369603107637147,1.610202398495224,-0.008095097963310982,0.11020239849522406,0,0,FOLLOWING,1.6444227375176208,0.6168646776434098,0
2.816,1.2099768393346026,0.3903603396151036,0.4814985047889116,2.6398992780045014,1.1247009595159685,0.5955698047902666,0.025008808375076005,0.5776775694224076,0.032122622205463025,1.6074620762705591,-0.007067562859036592,0.10746207627055915,0,0,FOLLOWING,1.638074186954611,0.5983617292642179,0
2.848,1.2268473456438487,0.3991786509829935,0.4822196973408388,2.6523198010627755,1.1348521717597373,0.6211698047902665,0.028168470259657064,0.5948933670481865,0.022537223405390508,1.6041157222376803,-0.005782301633031228,0.10411572223768029,0,0,FOLLOWING,1.6688646453012979,0.6670682843101304,0
2.88,1.2444318019437646,0.4083843345419833,0.4830318338356325,2.6647171966403955,1.1449122768649147,0.6467698047902664,0.03331576973065096,0.6202777539569077,0.02537918848654692,1.5999012507686268,-0.004632979134082449,0.09990125076862677,0,0,FOLLOWING,1.67616814959591,0.6812460575378585,0
2.912,1.262738785122637,0.41798621258230223,0.48399359004035636,2.67709121591709,1.1548804671955704,0.6718367301425362,0.04157377088489511,0.6460210929885114,0.030054794525726864,1.5948059258029554,-0.0036782143259579403,0.09480592580295544,0,0,FOLLOWING,1.675392322134643,0.6824783524913794,0
2.944,1.2817513699085858,0.4279815077352189,0.485195492052387,2.6894416105417576,1.1647559424947895,0.6842168849382643,0.047732981817531266,0.6712556939085655,0.037559362455464644,1.5888449834043477,-0.0030095350016777767,0.08884498340434765,0,0,FOLLOWING,1.664650119382829,0.6610315616301878,0
2.976,1.3011208043273297,0.43819508629259163,0.4865780597726317,2.7017681326374525,1.174537909948918,0.6672025999722145,0.06039130865394467,0.6842888056777523,0.043205202204701386,1.5824075619929452,-0.0025698670339463496,0.08240756199294519,0,0,FOLLOWING,1.6039723284582867,0.5578178485005441,0
3.008,1.3200310614294375,0.4482015223905563,0.48832817920295757,2.7140705348063596,1.1842255842512113,0.6416025999722146,0.06823014912442321,0.6685534436432804,0.0546912356477611,1.5764128497861414,-0.0025484382206349965,0.07641284978614138,0,0,FOLLOWING,1.5462621717739755,0.4529481477418867,0
3.04,1.3382069347258385,0.4578616795231236,0.49031262924699837,2.7263485701347596,1.1938181876648797,0.6160025999722146,0.0663655004231095,0.6432045633213664,0.06201409140236048,1.5711680947091438,-0.002818271108522508,0.07116809470914376,0,0,FOLLOWING,1.5439201375112628,0.4487568248895725,0
3.072,1.3556328239938724,0.46716972447231675,0.49224740590850447,2.7386019921979843,1.2033149500855247,0.5904025999722147,0.06432055234495357,0.6173513863198337,0.06046178858775419,1.5666887097940976,-0.003100141991589811,0.06668870979409758,0,0,FOLLOWING,1.5620094262754722,0.49394252004432676,0
3.104,1.3723108442233687,0.47612150519456414,0.49412380609017864,2.7508305550653622,1.212715109102965,0.5671482039644409,0.06732701685815536,0.5914977324281205,0.058637517363878115,1.5629736819596993,-0.0033856765797163346,0.06297368195969932,0,0,FOLLOWING,1.550097886935357,0.4837319021683998,0
3.136,1.388307295600707,0.48474747653365174,0.4960838505147407,2.7630340133051563,1.2220179100624435,0.5510356966444878,0.0787872186122017,0.5679228155172903,0.06125140680382072,1.5599491147233557,-0.0038171421545366013,0.059949114723355734,0,0,FOLLOWING,1.5401898756817634,0.48543413438395805,0
3.168,1.4038189584357725,0.4931526165425623,0.4983682197234597,2.775212121989487,1.2312226061252112,0.5443436527263867,0.08137261061956459,0.55132234640099,0.07138656776607447,1.557390933120004,-0.004637434158587306,0.057390933120003984,0,0,FOLLOWING,1.5523697119774502,0.5027603793024535,0
3.2,1.4191091399175122,0.5014837934915781,0.5007273780771222,2.7873646366992526,1.240328458328484,0.5187436527263868,0.07404479823691625,0.5441462951948864,0.07372372028709476,1.554996637691351,-0.005601642442146838,0.0549966376913511,0,0,FOLLOWING,1.5056095764685287,0.40519311828858784,0
3.232,1.433685182949013,0.5094706829516663,0.5028824540168197,2.799491313529028,1.2493347356447686,0.5156230735001599,0.06832028594166555,0.5193888437747944,0.067346133005326,1.553327139657778,-0.006430039317607772,0.05332713965777791,0,0,FOLLOWING,1.5446539995227317,0.48846700257901354,0
3.2640000000000002,1.448126536711807,0.5174252553104794,0.5048646073039211,2.8115919090919657,1.2582407150405492,0.5125142286272893,0.07534337086825933,0.5152321194058659,0.06194231478634094,1.5517233539052118,-0.007154573862921898,0.051723353905211766,0,0,FOLLOWING,1.540359217480287,0.49714199033317796,0
3.2960000000000003,1.4624650191809052,0.5253598800147921,0.5070477923199882,2.82366618052468,1.2670456815343338,0.4978581560529403,0.07475360236407586,0.5121164857124128,0.0682245735369684,1.550150453929981,-0.008147088488025922,0.050150453929981076,0,0,FOLLOWING,1.512962616953358,0.43824137210289954,0
3.3280000000000003,1.476392220571792,0.5331067748293412,0.5092136211788757,2.835713885492117,1.2757489282540533,0.48664798243639873,0.07689329888198415,0.49802126975961625,0.06768217876410908,1.5489586039546241,-0.009190197551308121,0.04895860395462415,0,0,FOLLOWING,1.5126283653872643,0.44574461849544245,0
3.36,1.4899857693410372,0.5407067746015988,0.5114405508570034,2.8477347821924255,1.2843497564938104,0.47577632142422716,0.07227787283851624,0.4866814795867089,0.0695915859972655,1.5480591934472208,-0.010362709818820148,0.04805919344722076,0,0,FOLLOWING,1.5077706632662156,0.43194427226040333,0
3.392,1.50325819781609,0.5481662337842893,0.5135344599296822,2.8597286293618023,1.292847475769972,0.45618963116042566,0.07283167056093277,0.4757810811051021,0.06543468663524957,1.5474372956030076,-0.011471237618020269,0.04743729560300758,0,0,FOLLOWING,1.4822080545549696,0.3921202733222798,0
3.424,1.5159799882002931,0.5553512416967562,0.5156454943179365,2.8716951862793403,1.301241403876602,0.45864094182829607,0.06729684135089088,0.45657258791589395,0.06596986143270923,1.5473576937279843,-0.012662527131002133,0.04735769372798426,0,0,FOLLOWING,1.5217081588102197,0.4655500713789362,0
3.456,1.5287270759151066,0.5625860282604493,0.5175953942108672,2.883634212771857,1.3095308669402308,0.46657978128640665,0.0531859481832261,0.4580449709556288,0.06093440744595521,1.5471586672141036,-0.013763404701045756,0.047158667214103556,0,0,FOLLOWING,1.5354847993746865,0.485886117563906,0
3.488,1.5416753393310048,0.5699678225249072,0.5191390781665021,2.895545469218716,1.3177151994739522,0.4709654404549801,0.05279387684545927,0.4657847926527156,0.04824014844640249,1.5466384413741776,-0.014528971787555855,0.04663844137417761,0,0,FOLLOWING,1.5301769636703786,0.48266158965089023,0
3.52,1.5547423133780887,0.5774430745017315,0.5206705765063446,2.907428716556636,1.3257937444308514,0.4795780343125685,0.06651818694689836,0.4704493019004566,0.04785934820329651,1.5458943141519987,-0.015348654132405049,0.04589431415199874,0,0,FOLLOWING,1.5405328783427357,0.5205963877150966,0
3.552,1.5680354720031962,0.585073835642749,0.5225968507137725,2.9192837162844887,1.3337658532567527,0.4799830586286047,0.07586644219701416,0.47899906899087474,0.06019609499746818,1.5448014613251124,-0.01663090849798965,0.044801461325112424,0,0,FOLLOWING,1.5260959327047652,0.4890993329150992,0
3.584,1.581337784145895,0.5927439366350118,0.524793075839494,2.931110230468085,1.3416308859422854,0.4818304527990815,0.08132916345161532,0.4798515437121146,0.06863206299193929,1.5436052991919094,-0.01825330985779461,0.043605299191909364,0,0,FOLLOWING,1.5291945480457754,0.49226596417996515,0
3.616,1.5946740980425445,0.6004732697500966,0.5271476798421304,2.9429080217449517,1.349388211074266,0.4858225302170617,0.07613525107391537,0.4816977380249673,0.07358140822601394,1.5422737443011123,-0.020108068669648982,0.042273744301112304,0,0,FOLLOWING,1.5350446709589218,0.49249912955070074,0
3.648,1.6081003740323143,0.608297770425602,0.5293539063518219,2.9546768533290946,1.3570372058863878,0.4818740979257978,0.08871633294803279,0.48562411281544215,0.06894460623999554,1.5407397433731136,-0.02189150080091906,0.04073974337311359,0,0,FOLLOWING,1.5179642145278187,0.4834314832477214,0
3.68,1.6214104271817582,0.6160944892027909,0.5319222721902138,2.9664164890157516,1.364577256309217,0.4804471170173511,0.0765631307312717,0.4820431044827387,0.08026147655088843,1.5392425926492161,-0.024109799321308745,0.039242592649216146,0,0,FOLLOWING,1.5221744766221037,0.4652009026714667,0
3.712,1.6346576642865915,0.6239010320232814,0.5341418778446586,2.978126693186133,1.372007757019491,0.4756435792171778,0.06852804352618946,0.48050847520133194,0.06936270411248564,1.5377167176033535,-0.02605704088731453,0.03771671760335349,0,0,FOLLOWING,1.5137581951363954,0.45168202903912075,0
3.744,1.647758596769533,0.6316609208141115,0.536129610047234,2.9898072308121497,1.379328111488715,0.47088739559256837,0.06760204674509851,0.4758284144389638,0.062116651408508784,1.5362619451600392,-0.0278449258774891,0.03626194516003922,0,0,FOLLOWING,1.5108027305778033,0.4533386591515174,0
3.7760000000000002,1.6607126583418883,0.6393684336049461,0.538089779768791,3.0014578674611316,1.3865377320310517,0.48222857811173997,0.05989248019524516,0.47104671706906887,0.061255324782668596,1.534880997434903,-0.029675182480681017,0.034880997434902916,0,0,FOLLOWING,1.544279671843299,0.513800278977785,0
3.8080000000000003,1.673943508039762,0.647275132588788,0.539827829125954,3.0130783693005316,1.3936360398505006,0.48564980154638576,0.04344041884645221,0.4816770449720306,0.05431405703663658,1.5330808134382308,-0.03136250893147241,0.03308081343823077,0,0,FOLLOWING,1.5326259925929322,0.48510513679330336,0
3.84,1.6872653670737237,0.6552669312272187,0.5410916368605224,3.02466850310262,1.4006224650873644,0.4815715196411628,0.019715186150799764,0.4854764243232128,0.039493995963781364,1.5310787112738098,-0.032649253360653274,0.03107871127380979,0,0,FOLLOWING,1.517791022750499,0.4569538475392598,0
3.872,1.700476296872854,0.6632137471553495,0.5416710231680972,3.036228036249165,1.4074964468640003,0.49449602388068087,0.013499538523287866,0.48177408005174494,0.018105820693699058,1.5291139415793835,-0.033315746564306685,0.029113941579383518,0,0,FOLLOWING,1.5515414328891823,0.5247045209888171,0
3.904,1.71401761433978,0.6713677322931084,0.5420693591652102,3.0477567367360994,1.414257433329844,0.48844931716846957,-0.0001636549247169149,0.49397200610094266,0.012447992860271661,1.5266778162130197,-0.03386946912952115,0.02667781621301968,0,0,FOLLOWING,1.516886163852002,0.4538834479396116,0
3.936,1.727414227064949,0.6794398760853725,0.5420662672232688,3.059254373178181,1.4209048817057166,0.4667222914283354,-0.015921060062368438,0.4887632260578534,-9.663255016529974e-05,1.5243255982100714,-0.03407669506033618,0.02432559821007141,0,0,FOLLOWING,1.4784931746911005,0.3822163706890048,0
3.968,1.740234882973785,0.6871630106914405,0.5415953227890175,3.070720714813633,1.4274382583273963,0.4411222914283354,-0.03257959704935212,0.467705519388001,-0.014717007099168157,1.5225636246111516,-0.0338558239328981,0.022563624611151578,0,0,FOLLOWING,1.418120094464998,0.2731680369170046,0
4.0,1.7523597426890798,0.6944568523304034,0.5406404559130855,3.082155531508776,1.4338570386884633,0.4170511979942586,-0.044465393077942394,0.4421571409442078,-0.029839551808814712,1.5215352363809822,-0.03318301922802947,0.021535236380982203,0,0,FOLLOWING,1.4798480772577582,0.4016917752680879,0
4.032,1.763825337412192,0.7013369392381968,0.539341658119185,3.0935585937626504,1.4401607074824083,0.42842467049850014,-0.05353835339195929,0.4178429330421356,-0.04058736249921595,1.5212005435073215,-0.03219541742882759,0.02120054350732148,0,0,FOLLOWING,1.5160155415261765,0.4727981207469526,0
4.064,1.7755662465098907,0.7083598770757931,0.5377827214822447,3.1049296727116173,1.4463487586439996,0.4540246704985002,-0.055566166508389976,0.4275482273115173,-0.048716715217217064,1.52047187025643,-0.03099833035949784,0.020471870256429936,0,0,FOLLOWING,1.5639950841286716,0.5626253354732548,0
4.096,1.7880049221242365,0.7157733205708671,0.5361573168016533,3.1162685401339565,1.452420695389913,0.4749688862918387,-0.037871757383998964,0.4525366547854856,-0.050793880584646185,1.5188593067680969,-0.029793689095897413,0.018859306768096884,0,0,FOLLOWING,1.5454203390704873,0.5270891162274012,0
4.128,1.8010442324230138,0.7235147171764583,0.5350417245046328,3.1275749684544434,1.4583760302586128,0.4808411258413053,-0.03414788649250669,0.4739001989810404,-0.03486227207357902,1.5164778083113892,-0.02915386204339787,0.01647780831138923,0,0,FOLLOWING,1.5322370509321686,0.4919074866555783,0
4.16,1.814279234685997,0.7313513312199112,0.5340404743585488,3.138848730748918,1.4642142851494857,0.4866827189293633,-0.031367225264654214,0.48066216842331255,-0.03128908661309392,1.513794061007891,-0.02867954473391554,0.013794061007891045,0,0,FOLLOWING,1.534536074637698,0.4955591981156486,0
4.192,1.8276856942767268,0.739271703807584,0.5331205711293412,3.150089600748841,1.4699349913612232,0.5007105559292411,-0.03550674920692427,0.486604545474239,-0.02874699159769742,1.5108345149722386,-0.028339648994434974,0.01083451497223864,0,0,FOLLOWING,1.5555937886659914,0.5353728528343465,0
4.224,1.8414765938593651,0.7474029188350052,0.5320823393763605,3.161297352845832,1.4755376896294505,0.5156226232609583,-0.031375826182750866,0.5003056177846196,-0.032444757343632134,1.50735101429345,-0.027940890501422237,0.007351014293450087,0,0,FOLLOWING,1.5632247101753398,0.5490413029041392,0
4.256,1.855686786167391,0.7557623753171677,0.5311616767140962,3.1724717620961993,1.4810219301635952,0.5131092514594248,-0.027067685936844735,0.5152153617731838,-0.02877072804766492,1.5033043919073312,-0.027719391762018986,0.003304391907331228,0,0,FOLLOWING,1.5318350772949263,0.4858913586877323,0
4.288,1.8698582438322715,0.7640817218031658,0.5303683881324552,3.1836126042254542,1.4863872726829979,0.4985157049739295,-0.008917416035913563,0.5135217802830445,-0.024790283306157956,1.4992250759255323,-0.02767675168567929,-0.0007749240744676644,0,0,FOLLOWING,1.502460156354907,0.44133023690821016,0
4.32,1.883647846495202,0.7721623074470988,0.5300955163141171,3.194719655632814,1.4916332864522586,0.47846518986900977,-0.002119006489694936,0.499444666953025,-0.008527248530674228,1.4955092036981965,-0.02820059088973148,-0.00449079630180349,0,0,FOLLOWING,1.4832046093260995,0.4004187913987866,0
4.352,1.8968875656204582,0.7799173778107235,0.5300276170160406,3.2057926933956864,1.4967595503158155,0.45286518986900975,-0.0019393048953535441,0.479473918673889,-0.0021218527942613074,1.4923455812237683,-0.028978500337210278,-0.007654418776231742,0,0,FOLLOWING,1.460105115955106,0.3574347925845112,0
4.384,1.9094219270288366,0.7872594638861882,0.5299660657831965,3.216831495274146,1.5017656527317573,0.4363879373675629,0.001251208501414938,0.45393024196944,-0.0019234870252565033,1.48991237092589,-0.02980992555185813,-0.010087629074110094,0,0,FOLLOWING,1.4686837923163525,0.38166619207930913,0
4.416,1.9214852100689355,0.794325690899439,0.530003179000599,3.227835839715394,1.5066511918048606,0.42004814036451427,-0.0005034833139430835,0.43688139646066326,0.0011597706918581407,1.4879380319145883,-0.030791798107195012,-0.012061968085411712,0,0,FOLLOWING,1.4605189811417298,0.3673784864380054,0
4.448,1.9330927701973828,0.8011264232803282,0.5299868523095762,3.2388055058582053,1.5114157753188564,0.39588890829188816,-0.0092145681901423,0.4204022340767982,-0.000510231167869223,1.4864039530646376,-0.031772695058864764,-0.013596046935362427,0,0,FOLLOWING,1.4351202164526773,0.3207567871880702,0
4.48,1.9440419692639432,0.8075408368774999,0.5297068606127,3.2497402735373613,1.516059020767915,0.41380462214763314,-0.009432431924988353,0.39654330621903267,-0.008749758992592149,1.48554571746744,-0.03253539383788323,-0.014454282532559981,0,0,FOLLOWING,1.517025024867841,0.4857041689179701,0
4.5120000000000005,1.955433111398108,0.8142111540383961,0.5294230953189705,3.2606399232880663,1.520580555387357,0.41602976849916445,-0.02031183865552105,0.41253659888901895,-0.008867675434881962,1.4840898062334498,-0.03336626981150709,-0.01591019376655023,0,0,FOLLOWING,1.4918343401674579,0.4325534375404177,0
4.5440000000000005,1.9669091954188782,0.8209263112767291,0.5288282900036934,3.2715042363503573,1.5249800161835771,0.40730077041252644,-0.028504869277893384,0.4155214742638787,-0.01858766942091234,1.482450619823833,-0.03394883781104596,-0.01754938017616703,0,0,FOLLOWING,1.468222669794983,0.3853185811687497,0
4.5760000000000005,1.9781656243757004,0.827503374603064,0.527996364789971,3.2823329946734896,1.5292570499631863,0.403206156624344,-0.03961688086591685,0.40740613423142213,-0.025997660297544536,1.4809830352272408,-0.034346484053113524,-0.01901696477275916,0,0,FOLLOWING,1.474671712066988,0.4013321810627373,0
4.6080000000000005,1.9893100361238825,0.8340016864050467,0.52684342858584,3.293125980920315,1.5334113133613667,0.38784416272443056,-0.03754489082479455,0.4031453052699979,-0.03602925262126465,1.479564072348539,-0.03447613554516315,-0.02043592765146096,0,0,FOLLOWING,1.4469075694365185,0.34448356105090167,0
4.64,2.0000513365762624,0.8402469165025344,0.5257468608760723,3.3038829784716466,1.5374424728694371,0.38518306556860393,-0.03989475139154565,0.3882707346537126,-0.03426772913161819,1.478532581387833,-0.03470418919906732,-0.021467418612167055,0,0,FOLLOWING,1.4687062402967621,0.3900382555801612,0
4.672,2.0107096037324803,0.8464276068590492,0.5245842566552968,3.3146037714305994,1.5413502048616274,0.3829320674190612,-0.04557005299255678,0.3850246606044834,-0.03633137624521501,1.4775173155573587,-0.03491813318567916,-0.022482684442641343,0,0,FOLLOWING,1.4686649648657406,0.3908314145126703,0
4.704,2.0213120838828043,0.8525587793995045,0.5232579697207764,3.3252881446269313,1.5451341956210596,0.35733206741906115,-0.04833487838694141,0.38274112783958103,-0.04144646430891227,1.4764871398519634,-0.035020833901343584,-0.023512860148036552,0,0,FOLLOWING,1.4032432611506993,0.26253831923766624,0
4.736,2.031244205597565,0.8582825887248955,0.5218428832985019,3.335935883621358,1.548794141364934,0.33173206741906114,-0.05685297154152498,0.35821516944608867,-0.044221441549930435,1.476152627282795,-0.03506792641382428,-0.02384737271720505,0,0,FOLLOWING,1.400145171967634,0.26734168874713293,0
4.768,2.040472618270663,0.8635824401907441,0.5201829132113616,3.3465467747098554,1.5523297482689156,0.3105675047031719,-0.056696465919987664,0.33254811568082804,-0.05187405988320906,1.4765508987174387,-0.03490198829595004,-0.02344910128256128,0,0,FOLLOWING,1.4092383947713933,0.28434691155995584,0
4.8,2.0491125223274014,0.8685245844087349,0.5185300225264354,3.357120604927951,1.555740732490724,0.295535625607999,-0.06575892987058889,0.3110397358160226,-0.05165282586921729,1.4775490443071635,-0.03477627014681922,-0.022450955692836505,0,0,FOLLOWING,1.404494037043201,0.2840321057226044,0
4.832,2.057331641279172,0.8732079302458395,0.5166215083881882,3.3676571620549978,1.559026820192921,0.3018240950354577,-0.06510807233006391,0.29561706360480966,-0.05964107504650649,1.4789525077583412,-0.0344329071846729,-0.021047492241658805,0,0,FOLLOWING,1.4454885910336248,0.35833834662944997,0
4.864,2.0657078604051504,0.8779595316245871,0.5147326660933886,3.378156234618434,1.5621877475648924,0.30298534709574565,-0.06030476372807729,0.3009565761136189,-0.05902633028204496,1.480097627342178,-0.03416133525223869,-0.01990237265782202,0,0,FOLLOWING,1.438169552234558,0.33955691908785,0
4.896,2.074134072312096,0.8827181967723229,0.5129820507505882,3.3886176118980256,1.5652232608440293,0.308342361049358,-0.055226880301023615,0.30241934759274913,-0.05470673564344077,1.4811077402828867,-0.03407758137981021,-0.01889225971711328,0,0,FOLLOWING,1.449128125793385,0.3585597680830808,0
4.928,2.082716580082293,0.8875453338997517,0.5113777485434936,3.399041083930097,1.5681331163360994,0.30549845914023344,-0.04692641093855718,0.30772586856650097,-0.050134452243224506,1.481860293358248,-0.03419403435716145,-0.018139706641751907,0,0,FOLLOWING,1.4340650297262107,0.3262204580193665,0
4.96,2.0912403474097236,0.8923214593332851,0.5100127222510715,3.4094264415117452,1.5709170804348105,0.3244509171798267,-0.03892497000552167,0.30533644834172646,-0.04265707749200355,1.48260129355876,-0.03459928310087362,-0.017398706441239975,0,0,FOLLOWING,1.4824145930145143,0.41951002495798245,0
4.992,2.1002735734126508,0.8973686568143405,0.5088698012355818,3.4197734762050382,1.5735749296405654,0.3461770490163123,-0.06117100586181875,0.32338216141306286,-0.035716288098258865,1.4826782917675214,-0.03529473649109244,-0.017321708232478583,0,0,FOLLOWING,1.499139253360589,0.4624955602078359,0
5.024,2.1099194730272752,0.9027446085037278,0.5070870970970112,3.430081980341198,1.5761064505784057,0.3666450042486337,-0.07450898630531416,0.3451072200997246,-0.05570951732025525,1.4819734194915868,-0.035424063236837944,-0.018026580508413215,0,0,FOLLOWING,1.506497491958692,0.46436839052503925,0
5.056,2.120154414918404,0.9084250247192598,0.5049197822405327,3.4403517470247693,1.5785114400151392,0.3798379859875701,-0.08565244593301537,0.3658140236091781,-0.06772862318418123,1.48051909804124,-0.03523822965894746,-0.019480901958760066,0,0,FOLLOWING,1.5010552861396722,0.4488040821870228,0
5.088,2.1307859410510703,0.9142942112261996,0.5024358808682604,3.4505825701377715,1.5807897048756576,0.38971637864105146,-0.08789518097375866,0.3795050003091367,-0.07762198180917297,1.4785396123214467,-0.034797366252903854,-0.021460387678553294,0,0,FOLLOWING,1.5002563133452265,0.43756065302999697,0
5.12,2.1417165965146383,0.9202919890153473,0.4998879912213315,3.460774244343836,1.5829410622584366,0.3930021212375641,-0.09043948737443587,0.3896276212388203,-0.07962162855442721,1.4761493395204366,-0.03434976219313513,-0.023850660479563413,0,0,FOLLOWING,1.491028168089555,0.4178065754080089,0
5.152,2.1527644550546987,0.9263163256063041,0.49726779418483447,3.470926565092327,1.5849653394502183,0.4079709822732731,-0.09749623666636095,0.39323343488187457,-0.08188123655315406,1.4735568776862378,-0.03388242777862571,-0.026443122313762224,0,0,FOLLOWING,1.5189070967247493,0.4747721437838952,0
5.184,2.1642336317033033,0.9325315568772259,0.49443857301867267,3.4810393286224466,1.5868623739398786,0.42614906238311145,-0.09791659136665133,0.4076593179708966,-0.08841324668030023,1.4704169686169257,-0.033267907229200755,-0.029583031383074276,0,0,FOLLOWING,1.533032368782684,0.49414272818995514,0
5.216,2.176228379372568,0.9389876728531432,0.49159290213007945,3.4911123319673254,1.5886320134314722,0.42425091047201235,-0.09737192413528047,0.42568994488869655,-0.08892731178122937,1.4666143249118577,-0.03270076536311911,-0.033385675088142275,0,0,FOLLOWING,1.4976068168247156,0.421338173654395,0
5.248,2.1882163828533208,0.9453942791251329,0.4887720275950024,3.5011453729580957,1.5902741158564595,0.40907380086558165,-0.09012534134718525,0.42475624448181837,-0.08815243080853345,1.4627551185622858,-0.03220811970422932,-0.037244881437714206,0,0,FOLLOWING,1.4667716547429093,0.3582242240803652,0
5.28,2.1998110830746276,0.9515467915057944,0.48615311781525683,3.511138250227947,1.591788549385113,0.40019528506106966,-0.08756059328050074,0.41016583514354815,-0.08184100165431499,1.4592766865288949,-0.03195807239024806,-0.04072331347110514,0,0,FOLLOWING,1.4737336365993996,0.3771026653384665,0
5.312,2.2111579402363835,0.9575298423166424,0.48361334529526123,3.5210907632161716,1.5931751924370987,0.37976502314080846,-0.08223097036061609,0.40085109936105057,-0.07936793805625814,1.4560113364426646,-0.03183493537303167,-0.04398866355733544,0,0,FOLLOWING,1.443275906362607,0.318014280705523,0
5.344,2.2219529879283755,0.9631853893831575,0.48121856903466054,3.5310027121721874,1.5944339336912388,0.37555390454966536,-0.07856988317765476,0.3808193612064477,-0.0748367931288283,1.4533017254630478,-0.03189674202213538,-0.04669827453695219,0,0,FOLLOWING,1.4698594623450416,0.37417359171665465,0
5.376,2.232615123709143,0.9687405358238873,0.4789426442159716,3.5408738981595462,1.5955646720944474,0.37489344153120796,-0.07790911143171897,0.3757005312248585,-0.07112268433494649,1.4506720920793248,-0.03213117128416543,-0.04932790792067521,0,0,FOLLOWING,1.4759991022977201,0.38788587156704885,0
5.408,2.2432637270496287,0.9742585351720344,0.47668676052493686,3.5507041230599277,1.5965673168698435,0.37215785713728666,-0.07855309028481215,0.37479454999967354,-0.07049639895285631,1.4479877792639615,-0.03244331253210809,-0.052012220736038506,0,0,FOLLOWING,1.4712294685198775,0.3791094591356001,0
5.44,2.2538492598349276,0.9797140867079006,0.4744127592960881,3.5604931895771172,1.5974417875240394,0.3702751996798632,-0.08809683896967022,0.3721460046540431,-0.07106257197035673,1.4453047676831712,-0.032794450592248225,-0.054695232316828823,0,0,FOLLOWING,1.4720520085237438,0.3901547286228324,0
5.472,2.264392656255377,0.9851179824423996,0.4718642819795965,3.570240901240962,1.5981880138536009,0.37258805163407205,-0.09379288952710871,0.3702372762971679,-0.07963996162863993,1.442599910698203,-0.032929145921333,-0.057400089301796964,0,0,FOLLOWING,1.4803390208193945,0.4029313114785909,0
5.5040000000000004,2.27501064834756,0.9905261259415159,0.4691509713640104,3.5799470624113168,1.5988059359506852,0.3734335250393862,-0.09761385119851539,0.37237657964889725,-0.08479100872337673,1.4397442036745165,-0.032958426586355005,-0.0602557963254835,0,0,FOLLOWING,1.4785550246168089,0.39754081683084236,0
5.5360000000000005,2.2856701281279133,0.9959187747476456,0.4663275255854835,3.589611478281971,1.5992955042078498,0.37247121392558813,-0.10491621355971288,0.37331178857733016,-0.08823273821250867,1.4367764343472786,-0.03293540869044098,-0.06322356565272136,0,0,FOLLOWING,1.4752089161077504,0.39572948719193757,0
5.5680000000000005,2.2963205616186273,1.0012687280444266,0.463293568660686,3.599233954884556,1.5996566793220344,0.37946454447277417,-0.11810503623785353,0.3724566349040879,-0.0948112254906867,1.4337543201629595,-0.03275819031251953,-0.06624567983704055,0,0,FOLLOWING,1.4925158349917136,0.43851717173986926,0
5.6000000000000005,2.3071770451610636,1.0066812263095777,0.4598740035208407,3.6088142990924412,1.5998894322977169,0.36613697824557717,-0.12115456806655545,0.3790952115533264,-0.1068615143184252,1.4304389244122533,-0.03225692810191665,-0.06956107558774671,0,0,FOLLOWING,1.4500574500628165,0.34561542176693255,0
5.632,2.3176997563216943,1.01187947188745,0.45636058089926657,3.6183523186246074,1.5999937444492414,0.36785873504966377,-0.11723150037976697,0.3667593665760397,-0.10979456699211723,1.4274366835050927,-0.03170469393336339,-0.07256331649490733,0,0,FOLLOWING,1.4778953793472576,0.3930172693057656,0
5.664,2.3282685196845683,1.0170548018475702,0.4529689013561599,3.627847822049507,1.5999696074023169,0.3594401956223431,-0.12065674993786542,0.36774698087092267,-0.10599008433765686,1.4243230088958998,-0.03132881128539999,-0.0756769911041002,0,0,FOLLOWING,1.4565908757072632,0.36014967435953915,0
5.696,2.3386261487947615,1.0220815782879813,0.449473280993313,3.637300618788908,1.5998170230946918,0.34609501788349156,-0.11914258244529681,0.35977475391118163,-0.10923824383644486,1.4213844037418537,-0.030897417814578942,-0.07861559625814629,0,0,FOLLOWING,1.4412294823225433,0.32659231248425946,0
5.728,2.348623615024233,1.0268889016036062,0.4460159096708307,3.646710519121715,1.599536003775996,0.35015236342490824,-0.11030897422565487,0.3466538053408901,-0.10804295557453458,1.4187862115963144,-0.03054850971791434,-0.08121378840368565,0,0,FOLLOWING,1.474255593063446,0.3844748662477993,0
5.76,2.358727565073002,1.0317061972267407,0.4428213236015318,3.656077334187781,1.5991265720067593,0.3288621350693042,-0.08970443224874083,0.3498046281634781,-0.09983090078296902,1.4160092885068467,-0.03052096846066676,-0.08399071149315329,0,0,FOLLOWING,1.4198922589407872,0.2726852956789831,0
5.792,2.3682681197569164,1.0362142079904595,0.4402028724524813,3.6654008759916943,1.5985887606565996,0.30625601206859954,-0.08203180569596648,0.3297357567297586,-0.08182664229253607,1.4137957860963064,-0.031110927198500005,-0.0862042139036936,0,0,FOLLOWING,1.4069410426914364,0.2538182035364601,0
5.824,2.3771661084124758,1.0403897390486865,0.43780689660915645,3.6746809574065558,1.5979226129015833,0.3043317893437701,-0.07745881176469224,0.30714243947102693,-0.07487430018485397,1.4122279167283163,-0.03196807405191848,-0.08777208327168373,0,0,FOLLOWING,1.44283643192136,0.32813034071848507,0
5.856,2.385983600786579,1.044504838595142,0.4355647129781994,3.6839173921777304,1.5971281822207606,0.29459957028105305,-0.07341970564597154,0.3040821587537847,-0.07006830567180097,1.4106823479277562,-0.03304069720323888,-0.08931765207224385,0,0,FOLLOWING,1.424913994918987,0.2922407974496046,0
5.888,2.39453771035895,1.0484736909660282,0.433432203807949,3.693109994926587,1.5962055323918705,0.2935252995034117,-0.06508330885310483,0.2946862995114584,-0.06664096410925208,1.4093616102189517,-0.03427899305461335,-0.09063838978104832,0,0,FOLLOWING,1.4403402522023359,0.3197708515982787,0
5.92,2.403056758882265,1.0524058903839342,0.43154767071692396,3.7022585811542212,1.5951547374862223,0.2735187525919596,-0.0491810941003991,0.29321730983509764,-0.05889170463823714,1.408013382758003,-0.035829054571589136,-0.09198661724199697,0,0,FOLLOWING,1.3978383979101108,0.23483301066972687,0
5.952,2.4110300246009593,1.0560662800332425,0.43010146893116613,3.711362967245154,1.5939758818627479,0.2683870496179026,-0.045794461454886345,0.27415732057893283,-0.0451938364606477,1.4072002350291475,-0.03786586232576328,-0.09279976497085252,0,0,FOLLOWING,1.4222318147395296,0.28602479736434466,0
5.984,2.418836031152785,1.0596387337311397,0.42877015043046296,3.720422970471021,1.5926690601612297,0.25342400204705096,-0.05372037441369039,0.2682727807899007,-0.04160375137500971,1.4065027157805212,-0.040080989021695934,-0.09349728421947878,0,0,FOLLOWING,1.3980223800033023,0.2500992157094461,0
6.016,2.4262240450744703,1.063007824266379,0.42720300467033206,3.7294384089942376,1.591234377294703,0.24392516139286027,-0.06637593485409671,0.2537437341617153,-0.048973348287905116,1.406197343778955,-0.042113771154794866,-0.093802656221045,0,0,FOLLOWING,1.4034019504810693,0.27177217688353167,0
6.048,2.433331885316032,1.0662366445581875,0.42527771410287535,3.738409101871649,1.589671948441033,0.2285752725146999,-0.0718141091993748,0.24396340040059628,-0.06016537816946881,1.4061333715275677,-0.043843993323087804,-0.09386662847243232,0,0,FOLLOWING,1.38626475632336,0.2310452030436479,0
6.08,2.440006491368295,1.0692523422136073,0.4231888792911599,3.7473348690581623,1.5879818990336692,0.22289481542579082,-0.08082165315884805,0.22887879228904257,-0.06527612676631087,1.4064806576103202,-0.04545628581245198,-0.09351934238967985,0,0,FOLLOWING,1.4014609839200793,0.26790135055782444,0
6.112,2.446506550154445,1.0721737058961571,0.4208512432974912,3.7562155314103585,1.586164364751574,0.2268289855099664,-0.07977413727626746,0.2227024838944405,-0.07305117572178461,1.4069555831557115,-0.046873447226525644,-0.09304441684428855,0,0,FOLLOWING,1.4216006451607979,0.2910564552623377,0
6.144,2.453116132145832,1.0751257908323961,0.418542309279008,3.765050910690091,1.5842194915083319,0.21679513857498997,-0.08609515485740045,0.22622597863722585,-0.07215422890200605,1.4072488263352336,-0.04838162912099275,-0.09275117366476637,0,0,FOLLOWING,1.3929287747120636,0.2458908724880996,0
6.176,2.459460199167775,1.0779408072151169,0.4160475216309012,3.7738408295680594,1.5821474354404335,0.22091433617779602,-0.08809044725059423,0.21689139491111326,-0.07796215711933714,1.4077715601324639,-0.0497517476370099,-0.09222843986753615,0,0,FOLLOWING,1.420976714827099,0.291522708750376,0
6.208,2.4659143243269286,1.080785741326558,0.41349863858016916,3.7825851116273714,1.5799483628947426,0.22513058615499035,-0.0849400519908135,0.22042520975204563,-0.0796526426462944,1.4081140880273837,-0.051129851064897584,-0.09188591197261631,0,0,FOLLOWING,1.424536861601597,0.28886343358189864,0
6.24,2.4725001771177584,1.0836687577725845,0.4110383306989557,3.7912835813670815,1.5776224504151406,0.21514661142888977,-0.09611164666866501,0.2246719828058485,-0.0768846611628047,1.4082542092245456,-0.05265999927675047,-0.09174579077545442,0,0,FOLLOWING,1.3950565797947,0.25655425251722364,0
6.272,2.4788220431963746,1.0864166427459345,0.408254824927858,3.799936064205715,1.5751698847283537,0.200271273980726,-0.10530010878887235,0.2154093412846359,-0.08698461046929379,1.4086241471932084,-0.0539141519073103,-0.09137585280679161,0,0,FOLLOWING,1.3795070526400184,0.23034524766697298,0
6.304,2.48472271362768,1.0889604915671982,0.4052001308937678,3.8085423864847705,1.572590862728962,0.18441097127446857,-0.11689280368008466,0.20079312101388347,-0.09545925856820445,1.4093959210078335,-0.054934548679896826,-0.09060407899216649,0,0,FOLLOWING,1.3704875595149972,0.22852425786087047,0
6.336,2.490164355762156,1.0912856562221604,0.40181107526024795,3.8171023754722064,1.569885591463593,0.16745702828716932,-0.13017656118695822,0.18491634747161143,-0.10590808531966756,1.41061065009631,-0.055653688663557466,-0.08938934990368996,0,0,FOLLOWING,1.3605864883432874,0.22719162315585095,0
6.368,2.495113830670563,1.0933794736630777,0.39803904570828746,3.8256158593659073,1.567054288114299,0.15062890576203447,-0.13729307988140685,0.16793414290410452,-0.11787605782152724,1.4123043150142345,-0.05601831225728604,-0.08769568498576552,0,0,FOLLOWING,1.3535280485337282,0.2049636479992781,0
6.4,2.4995725730712306,1.0952445907435335,0.39406188595709757,3.834082667297131,1.5640971799811225,0.15437005037092744,-0.14596540655298784,0.15102881277816266,-0.12428640119307549,1.41447514719263,-0.056203264777395456,-0.08552485280736999,0,0,FOLLOWING,1.3930935277024605,0.27398457936211407,0
6.432,2.5041188662064413,1.097126103171893,0.38984641454037183,3.842502629333941,1.5610145044638477,0.15954194638901023,-0.1555386544013252,0.15376874448512726,-0.1317336867765381,1.4164969277257655,-0.05620069256657534,-0.08350307227423448,0,0,FOLLOWING,1.3991932228856512,0.28778068537305446,0
6.464,2.5088254934984513,1.0990508456876034,0.3853549675927112,3.8508755764846128,1.5578065090429414,0.1729133284395541,-0.1605242325913556,0.15891668478196477,-0.14035795485602032,1.4182930528997733,-0.05597521341244599,-0.08170694710022675,0,0,FOLLOWING,1.4217035667349223,0.3136746643930143,0
6.496,2.5139280523974787,1.1011121088742424,0.3807083524719138,3.8592013407010297,1.5544734512596858,0.19851332843955413,-0.17044917953372213,0.1719893510892991,-0.14520698391160722,1.4196114704356892,-0.055658602869716745,-0.08038852956431075,0,0,FOLLOWING,1.4640854006256616,0.39580459811818547,0
6.5280000000000005,2.5197860930157483,1.1034490103911891,0.37575938029707845,3.8674797548820528,1.5510155986955028,0.22402099570503942,-0.17229485443539053,0.197114102766469,-0.15465569621631786,1.420068328356411,-0.05512089154632454,-0.07993167164358894,0,0,FOLLOWING,1.464804325662686,0.37513524868640774,0
6.5600000000000005,2.52642097729505,1.1060580135964948,0.37075525201505194,3.875710652876876,1.5474332289504715,0.23275745350202928,-0.16851975199200453,0.22281195303075035,-0.15637934721328983,1.4196459802924384,-0.05461004333182101,-0.08035401970756162,0,0,FOLLOWING,1.446786577966503,0.3262126790108702,0
6.5920000000000005,2.5333623785040604,1.10874478271598,0.3658827970425629,3.88389386948836,1.5437266296210428,0.22081284678613408,-0.15239097624200545,0.23260231207807147,-0.15226455461030647,1.4188532395132396,-0.054292413433193853,-0.0811467604867604,0,0,FOLLOWING,1.405874695566818,0.22486727427376005,0
6.6240000000000006,2.5399919113921587,1.1112713076409722,0.3614736802765538,3.89202924047635,1.5398960982769503,0.19901969315916962,-0.13753479326884607,0.22169145335566173,-0.13778515103709596,1.4183526184926123,-0.05447497442479793,-0.0816473815073877,0,0,FOLLOWING,1.3786994148736098,0.17379554077365053,0
6.656000000000001,2.545994375983543,1.113525413834509,0.35747601454396244,3.900116602560968,1.5359419424373222,0.17539567674582848,-0.12318779873874448,0.20034517448209269,-0.12492722592819665,1.418479019283632,-0.05509357088973971,-0.08152098071636793,0,0,FOLLOWING,1.3645309403933568,0.1473704857539813,0
6.688,2.55129510904621,1.1154899000832526,0.3538890002242298,3.908155793425894,1.531864479545992,0.16026488726549792,-0.11693515339816261,0.17663792372528297,-0.1120943172556653,1.4193092359447528,-0.056144973473992665,-0.08069076405524722,0,0,FOLLOWING,1.3728024619613473,0.17718814894150978,0
6.72,2.55612829315999,1.1172618609083318,0.3504978686233246,3.916146651721622,1.5276640369460146,0.15576524558882615,-0.10985916954527905,0.16085821458486993,-0.10597297783595414,1.420591384501941,-0.05742513230541407,-0.07940861549805911,0,0,FOLLOWING,1.3905554397782671,0.20536842139424133,0
6.752,2.5608114050357678,1.1189622046328986,0.34732299036572817,3.924089017068697,1.5233409518533865,0.15393142507019325,-0.12989111655008215,0.1556963159271211,-0.09921505045988208,1.4219873482819096,-0.05896773758672679,-0.07801265171809035,0,0,FOLLOWING,1.3935555491211855,0.2824615085365035,0
6.784,2.5654399306153532,1.120626870346773,0.3435719307000682,3.9319827300609367,1.5188955713299745,0.14975794708896237,-0.14402205130330803,0.15371570661952838,-0.1172207704262123,1.4233963541120298,-0.05998439143421036,-0.0766036458879702,0,0,FOLLOWING,1.3880075952153614,0.26443374875137465,0
6.816,2.5699527040939736,1.1222310475315245,0.33941371475981486,3.9398276322686288,1.5143282522556514,0.14751876678872547,-0.14999406086906605,0.14967070430935364,-0.12994444411238606,1.4248850959968633,-0.06063874246368944,-0.0751149040031367,0,0,FOLLOWING,1.3919151626049358,0.24963031190742094,0
6.848,2.574402817101375,1.1237921977492449,0.33508317313560454,3.9476235662417114,1.5096393612996473,0.16241050913810987,-0.15686030877421628,0.14737752126518164,-0.13532964176834944,1.4263987028490448,-0.06116621945237193,-0.0736012971509552,0,0,FOLLOWING,1.430674062518789,0.3150252259195769,0
6.88,2.5792846492292276,1.1254833750842796,0.3305374050420344,3.9553703755129326,1.5048292748911123,0.15914381800525648,-0.15444990324125238,0.1614670344395829,-0.1420555021060584,1.4274155799142756,-0.061548172442266125,-0.07258442008572441,0,0,FOLLOWING,1.3986073418820184,0.23577615440260527,0
6.912,2.5841052937808096,1.1271273855931134,0.32607769317344587,3.963067904600992,1.4998983791888956,0.17334548420868662,-0.15754508468369233,0.1591638842532783,-0.1393662255600448,1.4284593433858734,-0.06206098889897521,-0.07154065661412656,0,0,FOLLOWING,1.4373267916861359,0.3125785978290006,0
6.944,2.589339619207076,1.1288883371534297,0.3215112200677403,3.9707159990136605,1.4948470700505454,0.19894548420868663,-0.16394382026414947,0.17259255132445037,-0.14270253251051723,1.4290299146173278,-0.06253719611702196,-0.07097008538267224,0,0,FOLLOWING,1.4905299010298936,0.4093575210624046,0
6.976,2.595341742250962,1.1308797306055753,0.31673739870164724,3.97831450525088,1.4896757530005282,0.2168343595652143,-0.17069085747860227,0.19763888742843713,-0.14918220021533912,1.4287575892663062,-0.06289559978829246,-0.07124241073369375,0,0,FOLLOWING,1.4510286273568087,0.3373840832195704,0
7.008,2.601915446336096,1.1330250653405696,0.3117838693969945,3.9858632708078465,1.4843848431976738,0.23397412231218367,-0.1824443436524245,0.2161005078453375,-0.15479812373864202,1.427853379852387,-0.06315468138748309,-0.07214662014761308,0,0,FOLLOWING,1.473817679497323,0.38962755814888383,0
7.04,2.6090283560489245,1.1353070176216091,0.306495061836966,3.993362144178069,1.4789747654018448,0.2595741223121837,-0.19596115995954635,0.23344299699393306,-0.16527564991243548,1.4263546395691105,-0.0631594498149447,-0.07364536043088954,0,0,FOLLOWING,1.510660006090887,0.4574052369439282,0
7.072,2.6169227775177415,1.1377948189556633,0.3007983474574011,4.000810974856411,1.4734459539398368,0.2851741223121837,-0.20006329092383762,0.25867044956725227,-0.1780228447670195,1.4240113156676237,-0.06285111733177742,-0.07598868433237627,0,0,FOLLOWING,1.5116272348220274,0.43478575166546835,0
7.104,2.6256165075716784,1.1404798507365037,0.2949786545499614,4.008209613342112,1.4677988526705108,0.2925175636532735,-0.1952780113461955,0.28434886547471605,-0.1818659917008608,1.4208101298734495,-0.0625157189445745,-0.07918987012655054,0,0,FOLLOWING,1.4832519029996083,0.3614729209773466,0
7.136,2.6345863923041732,1.1431892131044805,0.28933493228362994,4.015557911141785,1.462033914949159,0.27161139514825683,-0.1842987357678035,0.29280886982806154,-0.17636690192911045,1.4173017602949216,-0.06242679502604878,-0.08269823970507839,0,0,FOLLOWING,1.4281198067035026,0.24910084852965017,0
7.168,2.642975532149515,1.1456669022405008,0.28397968981973526,4.022855720772402,1.456151603591109,0.25241192729304124,-0.1824994145662247,0.2733261553658936,-0.16735181017362252,1.4143797526572237,-0.06265720539783495,-0.08562024734277629,0,0,FOLLOWING,1.421470262934328,0.264076694415864,0
7.2,2.6507805875195927,1.1479246080299959,0.2786783394549454,4.030102895764249,1.4501523908345695,0.2435987799245717,-0.17561326399936772,0.2538826773373308,-0.1656676056069386,1.4120452056220916,-0.0629740119377248,-0.08795479437790843,0,0,FOLLOWING,1.435673134608546,0.27480827629267407,0
7.232,2.6583002098010855,1.1500570932305636,0.27359948743748697,4.037299290663868,1.4440367583027167,0.24075589987879065,-0.16020047146888397,0.24424299609835956,-0.15871446749858145,1.409986705077865,-0.06356034490081414,-0.09001329492213506,0,0,FOLLOWING,1.4458788321534597,0.27259897365070895,0
7.264,2.6657281591473154,1.1521233999014289,0.2689731027895143,4.044444761036977,1.4378051969650314,0.24479018929557142,-0.14593092441820224,0.24093365891745067,-0.14457477842291463,1.40800339399437,-0.06465599996624552,-0.09199660600563009,0,0,FOLLOWING,1.4607210746660242,0.2974647874663168,0
7.296,2.6732780401917524,1.1541871556451804,0.26475523496445996,4.051539163471367,1.4314582070978803,0.23505000017684347,-0.14144581255028155,0.2445924497417333,-0.1318085656857955,1.4058744467119642,-0.06623056247211279,-0.09412555328803585,0,0,FOLLOWING,1.4318230023145124,0.2590143097724923,0
7.328,2.6805577328878156,1.1561432639491749,0.2606546997523176,4.058582355579782,1.4249962982443565,0.22960795881980767,-0.14439017773709367,0.23555238479744042,-0.12814190618952315,1.4040063442859019,-0.06797478642492782,-0.09599365571409813,0,0,FOLLOWING,1.4364900117696615,0.2858833359550728,0
7.36,2.6876682502488474,1.1580237187249847,0.25648151321213336,4.065574196002775,1.4184199891733718,0.22393583958428326,-0.14894464923943218,0.22983868803198731,-0.1304122736683288,1.4022949094279187,-0.06970448842350424,-0.09770509057208132,0,0,FOLLOWING,1.4333495864908925,0.2872519550895948,0
7.392,2.6946096165582967,1.159828761088712,0.2521766013797629,4.072514544411545,1.4117298078380076,0.224150228089252,-0.1579284561384156,0.22412855435493523,-0.13452870801886416,1.4007412778795578,-0.0713588024458062,-0.09925872212044218,0,0,FOLLOWING,1.4436892488312654,0.319719471981581,0
7.424,2.701555315023802,1.1616038562583757,0.247618650184332,4.07940326151076,1.404926291333133,0.2151195082920901,-0.17392267905514835,0.22403097536150077,-0.1424362268525004,1.3991678852264426,-0.0728248302475028,-0.10083211477355736,0,0,FOLLOWING,1.4222259726471103,0.3172245895400427,0
7.456,2.7082439017435576,1.1632798132122137,0.2425867216493557,4.086240209041341,1.3980099858522848,0.19473313407886259,-0.18065241195604773,0.2154743517786428,-0.15724809988191832,1.3978455125205946,-0.07386452399321347,-0.10215448747940536,0,0,FOLLOWING,1.3925380026519907,0.2552028848132514,0
7.488,2.7143309903471122,1.1647689390181233,0.23731764556960747,4.093025249783246,1.3909814466438177,0.17753856220475872,-0.18388241501185731,0.19581701087147838,-0.1646590028524028,1.3971291850106249,-0.07468935124055934,-0.10287081498937511,0,0,FOLLOWING,1.3904738403752952,0.24590516573619303,0
7.5200000000000005,2.719882323782284,1.1660949156171085,0.23196516588519753,4.099758247558222,1.3838412379663303,0.15193856220475874,-0.20268791153880356,0.17834946709978108,-0.16726539327018639,1.396950616848395,-0.07545437808773764,-0.10304938315160506,0,0,FOLLOWING,1.3602900682971264,0.28717088252349066,0
7.5520000000000005,2.7246555433925974,1.1672048188949558,0.22605018657531714,4.106439067232536,1.3765899330433646,0.12633856220475875,-0.20990583155496612,0.15312844862177738,-0.1848436470487228,1.3975578101754718,-0.07566179781275692,-0.10244218982452824,0,0,FOLLOWING,1.34474724533881,0.23997913853692202,0
7.5840000000000005,2.7286335141828526,1.1681023239471182,0.21992708594693422,4.113067574719688,1.3692281140173874,0.12029859970652947,-0.21462779186011471,0.12742440436375854,-0.19134750801128383,1.3989672088386846,-0.07565982947976915,-0.10103279116131536,0,0,FOLLOWING,1.3860105049780544,0.27414516145545054,0
7.6160000000000005,2.732384283315084,1.1689270708542687,0.2137375801848099,4.119643636983105,1.361756371903055,0.11132159613413524,-0.22102062658546406,0.12001689968966513,-0.19342273041857397,1.40059689192943,-0.07562237242686254,-0.09940310807056996,0,0,FOLLOWING,1.3728419954919395,0.27053169367809643,0
7.648000000000001,2.7358620637020707,1.169668813707292,0.20736389695700458,4.126167122038808,1.3541753065397664,0.10567435479501723,-0.2293832685545603,0.11112858122419027,-0.19917831261104535,1.4024944923720943,-0.07542549011433192,-0.09750550762790566,0,0,FOLLOWING,1.3762071739963981,0.28752976834617106,0
7.68,2.7391645375267224,1.170350992356048,0.20074916854424024,4.132637898958061,1.3464855265435063,0.08007435479501723,-0.2423072528189506,0.10538638477542901,-0.20671104942947502,1.4045609218372075,-0.07501630306322715,-0.09543907816279251,0,0,FOLLOWING,1.3268242685915634,0.2807423439165794,0
7.712,2.741710508863424,1.1708540840803965,0.19369415751538507,4.13905583787,1.3386876492579864,0.06703877092199642,-0.24029312350423532,0.08108949825006975,-0.22047001381253592,1.407388387793759,-0.07415791067324831,-0.09261161220624103,0,0,FOLLOWING,1.3462329625620744,0.2350589537319207,0
7.744,2.743822662528258,1.1712560829833116,0.18674941236867904,4.145420809964239,1.3307823007050845,0.0668955277381284,-0.23071155351216474,0.06718901944909544,-0.21702420423533303,1.4106473623966373,-0.07341973366175186,-0.08935263760336265,0,0,FOLLOWING,1.3711645245772797,0.22522848806706336,0
7.776,2.7459103695860803,1.171639736406971,0.18009599232788548,4.151732687493458,1.322770115534584,0.06958352960095188,-0.22851720180071652,0.06634380380331817,-0.20792019623190147,1.4139224805560338,-0.0730040932108213,-0.08607751944396624,0,0,FOLLOWING,1.3781237640568829,0.25604990678657563,0
7.808,2.7480828674313647,1.1720252983239217,0.17350563853782297,4.15799134377596,1.314651736973227,0.04398352960095187,-0.2280097510389159,0.06896310569489937,-0.20594933701443438,1.4171041643683506,-0.07268853536362542,-0.08289583563164937,0,0,FOLLOWING,1.300160514248208,0.2153673952587071,0
7.84,2.7495086169006915,1.1722629959446118,0.16684847678553508,4.164196653198219,1.3064278167730734,0.03293073991703856,-0.21701244061152916,0.0451575502167125,-0.20803707571668179,1.421035692441005,-0.07229423925711831,-0.07896430755899497,0,0,FOLLOWING,1.3504620348935468,0.19174609505147105,0
7.872,2.7505513868607596,1.1724300141581048,0.16058953693691072,4.1703484912174025,1.298099015159178,0.03586376831804341,-0.2130602268186266,0.033000771425983046,-0.19559255138182038,1.4253478576656702,-0.07230765794497172,-0.07465214233432982,0,0,FOLLOWING,1.3656704175589542,0.22854251693746522,0
7.904,2.751666139697311,1.1726030324524892,0.1544443838145882,4.176446734363868,1.2896660007765874,0.04169752195853726,-0.22188844691582651,0.03526444348293943,-0.1920366816878296,1.4295815756686412,-0.07246641818727212,-0.07041842433135881,0,0,FOLLOWING,1.3731603308054774,0.2870668200059752,0
7.936,2.7529641913686054,1.172798431777677,0.14804493725235762,4.182491260243639,1.2811294506366604,0.04910747084821562,-0.23218144971533625,0.04103360152220655,-0.19998341278764062,1.4336259101639697,-0.07240848397208073,-0.06637408983603033,0,0,FOLLOWING,1.3801946310503832,0.30529269203825765,0
7.968,2.754499531426066,1.1730213091438821,0.14134875661030258,4.188481947540868,1.2724900500627143,0.07470747084821562,-0.23972547497202873,0.048493628435350274,-0.2092564376470953,1.4374281199929353,-0.07209430437153172,-0.0625718800070647,0,0,FOLLOWING,1.4360506848214887,0.36367432749455186,0
8.0,2.7568036650723378,1.1733466867385944,0.13431779783766085,4.194418676020266,1.2637484926350109,0.09732153872016182,-0.2447324408191005,0.07274032886812241,-0.21971836885842966,1.4404545831827347,-0.07151730628068582,-0.05954541681726533,0,0,FOLLOWING,1.4261466659412148,0.3409161545804118,0
8.032,2.759837963275552,1.1737536486270488,0.1271518226139113,4.200301326529515,1.2549054801350719,0.11907864069788254,-0.2529963411522543,0.09568704919506,-0.2239376859751632,1.442747490253934,-0.070874001897574,-0.057252509746066105,0,0,FOLLOWING,1.4431078077184756,0.37565597144010987,0
8.064,2.763576682667879,1.1742272468716164,0.11976380916975429,4.206129781001665,1.24596172248934,0.14467864069788255,-0.2704433161268804,0.11778002440611948,-0.23087648850558798,1.4443355830639064,-0.07007729538015664,-0.055664416936093586,0,0,FOLLOWING,1.4778593319394593,0.4588589624034478,0
8.096,2.7681163088480214,1.1747685656219664,0.11178971059908203,4.211903922457499,1.2369179377121853,0.1702786406978826,-0.27531035614177324,0.14287831105752627,-0.2491919362999609,1.4451246374148352,-0.06877020600822764,-0.05487536258516479,0,0,FOLLOWING,1.4693938613695319,0.4063004947820632,0
8.128,2.7734313946165083,1.1753584742397098,0.10342886989906797,4.217623635007882,1.2277748518482627,0.17428995302371855,-0.2746948145925558,0.16712222166163465,-0.2612778680229428,1.4451431430305646,-0.06715019568727493,-0.05485685696943543,0,0,FOLLOWING,1.435438037911523,0.3418106567794516,0
8.16,2.7789905599409606,1.1759238628744588,0.09550381629848698,4.223288803856087,1.218533198914224,0.19117293242865308,-0.2691906657397094,0.17461136119963513,-0.2476593453893272,1.444926632356836,-0.06601061367227729,-0.05507336764316406,0,0,FOLLOWING,1.4728247532863947,0.37452113158277495,0
8.192,2.7850755514946206,1.17649349707588,0.08772281788728077,4.228899315300099,1.2091937208397887,0.18483460156068035,-0.26956751077185986,0.19098644438659948,-0.2431575052995045,1.4441940193629206,-0.0650783406764216,-0.05580598063707942,0,0,FOLLOWING,1.4285506155212584,0.3329431558093294,0
8.224,2.79099698739222,1.1769991131170194,0.07994566477984087,4.234455056734899,1.199757167408184,0.19604282112249202,-0.26591707227492395,0.18569994339346158,-0.24303734657937628,1.443637463834191,-0.06418062848135642,-0.05636253616580911,0,0,FOLLOWING,1.465312968765646,0.36684920722908493,0
8.256,2.7972533168787606,1.1774838766545652,0.07227348598752237,4.239955916654719,1.1902242961959497,0.2030432514930652,-0.25962844142517466,0.1960932091138549,-0.23975680515482864,1.4427588536170557,-0.0634427759232632,-0.05724114638294431,0,0,FOLLOWING,1.4620704453662585,0.3495234568169842,0
8.288,2.803740222343546,1.1779360171368336,0.06478249295866813,4.245401784655286,1.1805958725121193,0.2152876872492744,-0.2596181524247909,0.20320266697620745,-0.23409466614550642,1.4416640160168193,-0.06293750213226469,-0.05833598398318074,0,0,FOLLOWING,1.4767623612630978,0.3889685454107167,0
8.32,2.8106136562776705,1.1783635623690305,0.05729188662626386,4.250792551436032,1.1708726693367801,0.21837002528126306,-0.2579288531417828,0.21520925646859917,-0.234082572327955,1.4401983764530422,-0.06249320259139687,-0.05980162354695784,0,0,FOLLOWING,1.462228119122172,0.3612020780074112,0
8.352,2.817601191368834,1.1787451554440709,0.04985023071287469,4.256128108802294,1.1610554672590188,0.21302084197840934,-0.2572901712663286,0.2186780713722977,-0.23255285700902548,1.438635679124043,-0.0621466962036109,-0.06136432087595689,0,0,FOLLOWING,1.4446354127072347,0.34123482449754594,0
8.384,2.824431311879153,1.1790660245559326,0.042427797253613474,4.261408349667479,1.1511450544142512,0.22307039237464232,-0.26246684236263057,0.21366294621888476,-0.2319521390659267,1.4372482693343438,-0.06185570490651746,-0.0627517306656562,0,0,FOLLOWING,1.4755776416154787,0.4058175673559276,0
8.416,2.8315609832963977,1.179348327618772,0.03485645008385326,4.266633168055219,1.1411422264209556,0.24595347459272274,-0.2508855005011369,0.2229764728071683,-0.23660573971231447,1.4355806775089985,-0.061473284227738664,-0.06441932249100146,0,0,FOLLOWING,1.510808079523549,0.40587378881664576,0
8.448,2.839331557653405,1.1796010930781717,0.027231671078438095,4.271802459101496,1.1310477863167951,0.23632168132723141,-0.24502904760705235,0.24296652157077478,-0.23827550603195485,1.433293517425154,-0.06111349437764401,-0.06670648257484602,0,0,FOLLOWING,1.4495032055712052,0.32186467292020393,0
8.48,2.8469135323638297,1.1797860471500417,0.020162191593776083,4.276916119056741,1.1208625444941505,0.2307918237703243,-0.24696815810238015,0.23699299538486435,-0.22092219515122685,1.4312160483706353,-0.06134406710957296,-0.06878395162936468,0,0,FOLLOWING,1.4527144269625893,0.3546218818790672,0
8.512,2.8543165938856196,1.1799134165755387,0.013038400255569706,4.281974045287927,1.1105873186350614,0.21615880446443292,-0.25032490392635165,0.23136758146248618,-0.22261943162893522,1.4293396749549019,-0.06155962242454935,-0.07066032504509812,0,0,FOLLOWING,1.428672968781396,0.33401952351469005,0
8.544,2.861261164264442,1.1799820116058952,0.0058193254229124015,4.286976136280621,1.1002229336455822,0.212936630981988,-0.25576614931356934,0.21701119329974108,-0.22559707211063404,1.4279442187803322,-0.06170428812558614,-0.07205578121966782,0,0,FOLLOWING,1.4463998007161436,0.3683103228754881,0
8.576,2.868083050008236,1.1799998844527002,-0.001555812442149544,4.291922291641024,1.0897702215895548,0.2275073413638956,-0.256156957455051,0.21317872210930022,-0.23047410298026846,1.426695334706688,-0.0617302438029949,-0.07330466529331203,0,0,FOLLOWING,1.4850292947385688,0.40613194121622176,0
8.608,2.875343829981619,1.1799669416115968,-0.008942822388660001,4.296812412097984,1.079230021621814,0.2295732984121349,-0.2470397502667798,0.22691099612175794,-0.2308451093391047,1.42503363363569,-0.0618070935004238,-0.07496636636431009,0,0,FOLLOWING,1.465534760826031,0.34269847102274414,0
8.64,2.88268898260678,1.1798796110965224,-0.016067421987458187,4.301646399504994,1.0686031799208164,0.23233317666718112,-0.23977776900663608,0.22955105382036192,-0.22264468011045763,1.4233139481876986,-0.06219366966419403,-0.07668605181230137,0,0,FOLLOWING,1.4683582659104772,0.3484440595897298,0
8.672,2.8901223504567586,1.1797385887849867,-0.022982789313843986,4.306424156842154,1.0578905496207092,0.22402498266291723,-0.22540309458767352,0.23233303908247036,-0.21610609014013002,1.4215335913789422,-0.06283842708859211,-0.0784664086210578,0,0,FOLLOWING,1.4458798475495356,0.286430918788765,0
8.704,2.8973040981710705,1.1795520503096097,-0.02948374665044648,4.311145588218124,1.0470929907428392,0.22273149592589325,-0.22088765413996844,0.22449551251316682,-0.20315563272249415,1.4200328029449831,-0.06393092791158231,-0.07996719705501687,0,0,FOLLOWING,1.456839047482946,0.3304670390134885,0
8.736,2.904431948506239,1.179321893190486,-0.035854075227787024,4.315810598872045,1.0362113701267102,0.19996547753257138,-0.21972187065990054,0.22285791765828902,-0.19907344089660592,1.4186156338205187,-0.06519822811293922,-0.0813843661794813,0,0,FOLLOWING,1.40728128571242,0.2782875818515841,0
8.768,2.910858135635538,1.179070056879416,-0.04218943776180891,4.320419095175445,1.0252465613603918,0.17436547753257137,-0.23434443215572964,0.20095356767532419,-0.19798074140302765,1.417929394022408,-0.06650908262057895,-0.08207060597759197,0,0,FOLLOWING,1.3812479687324912,0.328881157439623,0
8.8,2.9164981214941244,1.1788115293726256,-0.04911947522853889,4.324970984634113,1.0141994447103855,0.15142722138721484,-0.24429134830393368,0.17641629244775267,-0.21656454873722258,1.4180595701939347,-0.0672254542906126,-0.0819404298060653,0,0,FOLLOWING,1.3839231576300324,0.32257497047755584,0
8.832,2.9213844900549724,1.1785517634589624,-0.05627902779761464,4.329466175889962,1.003070907050958,0.1531386110885826,-0.2501655482279555,0.15290070962671548,-0.22373699638521213,1.4189741241296805,-0.06770579326599338,-0.08102587587031951,0,0,FOLLOWING,1.4245747657327166,0.3528167944841546,0
8.864,2.926261819549976,1.1782584541078438,-0.06348983167283558,4.333904578722855,0.9918618417929418,0.1637581808029419,-0.2636851815701873,0.15269958854228355,-0.2253386469355577,1.419930221713133,-0.06816181058337295,-0.0800697782868669,0,0,FOLLOWING,1.4441694862905237,0.4112861168081892,0
8.896,2.9314626867660447,1.1779099723419248,-0.07109079429105473,4.338286104052421,0.9805731488120095,0.16940476855000836,-0.2720907397045272,0.16290636683280077,-0.23753125857433427,1.4205963358203464,-0.06827113411877685,-0.07940366417965361,0,0,FOLLOWING,1.4384571968266784,0.3916235112357471,0
8.928,2.9368520011248336,1.1775086288523153,-0.07893485346134085,4.3426106639398405,0.9692057343764328,0.18106219705329765,-0.27659160836174734,0.16889063688985867,-0.24512811421299022,1.4211078473945835,-0.06817298215511519,-0.07889215260541649,0,0,FOLLOWING,1.4553118938261649,0.4016765676909642,0
8.96,2.9426056967908756,1.177035843269793,-0.08690970779184799,4.346878171589612,0.9577605110743255,0.19520738195252108,-0.2826333638836652,0.1804191797049048,-0.24921552026810304,1.4212891524200135,-0.06798815432313399,-0.07871084757998648,0,0,FOLLOWING,1.4663146392087065,0.42387211120343443,0
8.992,2.9488066063127825,1.1764775018066702,-0.09505967024382751,4.351088541351294,0.9462383977403784,0.20440094582125087,-0.2833033924437787,0.19457192825994013,-0.2546877366727716,1.4210575886911134,-0.06767722589801682,-0.07894241130888657,0,0,FOLLOWING,1.4626745530272045,0.40076742720962616,0
9.024000000000001,2.955306303506879,1.1758390073191312,-0.10322992344042398,4.355241688721223,0.9346403193820975,0.19297480349883742,-0.2831212059415652,0.20409645984954713,-0.25532183960384486,1.4205618218992722,-0.06738771646725158,-0.07943817810072784,0,0,FOLLOWING,1.4209076038995772,0.3474194398621644,0
9.056000000000001,2.9614678210711003,1.1751810572013426,-0.1113946950930989,4.359337530344207,0.922967207105541,0.18159183483988314,-0.2957264852119888,0.1936280280528911,-0.25515054235120643,1.4204406183587637,-0.067112097189337,-0.07955938164123633,0,0,FOLLOWING,1.4127455229495538,0.39783599450966683,0
9.088000000000001,2.9672604384872154,1.1745128407811927,-0.11992180007610198,4.363375984015206,0.9112199980405699,0.18411508815648428,-0.3042367446251614,0.18220651387896675,-0.266473645408957,1.4207257784327545,-0.06647851611238803,-0.0792742215672455,0,0,FOLLOWING,1.4379484177080881,0.4161638657066088,0
9.120000000000001,2.9731048001785974,1.173787900814939,-0.12869441951361593,4.367356968680975,0.8993996352656141,0.1752449496706531,-0.31058800255849695,0.1840354580646153,-0.2741461150677647,1.4209954361801265,-0.06562194482045072,-0.07900456381987353,0,0,FOLLOWING,1.4133183227762574,0.38849701403286996,0
9.152000000000001,2.9786755350382768,1.1730458929247407,-0.13764979082108603,4.371280404441691,0.8875070677319619,0.16921265825010462,-0.3022369534735853,0.17561431102525948,-0.2798572211490145,1.4215768508872721,-0.06458658804879178,-0.07842314911272785,0,0,FOLLOWING,1.4175722383461375,0.33517018711688723,0
9.184000000000001,2.984043411871729,1.1722808771883613,-0.1463647796056541,4.375146212552562,0.8755432501875741,0.1629415589856199,-0.29282912480427686,0.16943566435735724,-0.27234512129952043,1.4223994591323903,-0.06379651282357149,-0.0776005408676097,0,0,FOLLOWING,1.4150118320960132,0.32356924951603966,0
9.216000000000001,2.989204676598133,1.1714985787730454,-0.15480849156250617,4.378954315425403,0.8635091431004404,0.1735286610111795,-0.2822803262893003,0.1631272834503916,-0.2638675674979133,1.4234681419359052,-0.06328178054357114,-0.0765318580640948,0,0,FOLLOWING,1.4505793981203152,0.35879902249397944,0
9.248,2.9946699578194247,1.1706245455062783,-0.1629488598133143,4.382704636630194,0.8514057125814688,0.19065313898785366,-0.2786908609430609,0.17296956200394345,-0.254387918405994,1.42426856065673,-0.06309958695661361,-0.07573143934326998,0,0,FOLLOWING,1.4699104718128353,0.4039663820633833,0
9.28,3.0006613910799795,1.1696186966680435,-0.1709864696642042,4.386397100896613,0.8392339303069267,0.20710599215248424,-0.2767211203517684,0.18986549951714302,-0.2511766588102489,1.424576270792301,-0.06306242887994062,-0.07542372920769891,0,0,FOLLOWING,1.4765913871467307,0.4150722136513394,0
9.312,3.007168447314646,1.168474311201104,-0.17896809440842312,4.390031634115552,0.8269947734404317,0.22577405514101703,-0.2820252589959314,0.2064759637648758,-0.2494270963997773,1.4244012314367043,-0.06312529984170621,-0.07559876856329573,0,0,FOLLOWING,1.488325742282094,0.4556660165946634,0
9.344,3.014255197572906,1.167171240997628,-0.18710344337607052,4.393608163340593,0.8146892245545072,0.22303479973216334,-0.27758531306681267,0.22518190875335112,-0.2542310643767624,1.4236776938928006,-0.06308397209280134,-0.07632230610719937,0,0,FOLLOWING,1.4504383540820418,0.36867015510037643,0
9.376,3.0212774792477672,1.165820023131173,-0.1951109896945643,4.397126616789486,0.8023182715516959,0.2151297298566489,-0.2778401774715869,0.22346157684360102,-0.2502371893655726,1.4230581058676557,-0.06318872344105325,-0.07694189413234431,0,0,FOLLOWING,1.4368936055098276,0.3694659499823508,0
9.408,3.0280476112506722,1.1644596311953679,-0.20312514599251935,4.400586923845583,0.7898829075852549,0.20815547050711522,-0.2830436021174826,0.21578140136823354,-0.2504437415673473,1.422733947893631,-0.06329495140145569,-0.07726605210636905,0,0,FOLLOWING,1.433701216706497,0.38868459538845707,0
9.44,3.0345836696538946,1.163090585211255,-0.2112884800874013,4.403989015059251,0.7773841309794212,0.21610758303494998,-0.29415500954838286,0.20867282235478338,-0.255105612078519,1.4226877622517378,-0.06325870335319539,-0.07731223774826224,0,0,FOLLOWING,1.4619606517907915,0.45156832980356454,0
9.472,3.0413339276764213,1.1616196573913964,-0.21977205943759223,4.407332822149273,0.7648229451492653,0.21531528781501563,-0.2979407493077072,0.21589717131390665,-0.26511344505288,1.4224628678975133,-0.06292898291840263,-0.0775371321024867,0,0,FOLLOWING,1.4464233454159257,0.41012909918221574,0
9.504,3.048058019118751,1.1600941727955367,-0.22836487339094932,4.4106182780042165,0.7522003585201373,0.21065890980992977,-0.3045861811615938,0.21546240897334257,-0.26852709219761567,1.422303702736571,-0.0625031632132331,-0.07769629726342897,0,0,FOLLOWING,1.4364864120699368,0.4147293405168189,0
9.536,3.0546289692284296,1.158543025087604,-0.23714879602194697,4.413845316683777,0.7395173844467092,0.19529163368078628,-0.3049577805132085,0.21097764739520977,-0.2744993496886327,1.4223401726395724,-0.06189122847431841,-0.07765982736042765,0,0,FOLLOWING,1.4102700060584492,0.36668943047864955,0
9.568,3.0607210786137213,1.1570462061281883,-0.24594271813670454,4.417013873420107,0.726775041131619,0.17288059767665293,-0.3002677171274279,0.1960250830786575,-0.27481183500353645,1.4229066802398607,-0.06125515766583245,-0.07709331976013933,0,0,FOLLOWING,1.3874569860837047,0.3261793611395509,0
9.6,3.066110561384144,1.1556687958528251,-0.2546003529103463,4.420123884619112,0.7139743515437325,0.1472805976766529,-0.30091108332334504,0.17381637891259416,-0.2705527720557117,1.4242352550162913,-0.06072673381383681,-0.07576474498370867,0,0,FOLLOWING,1.3604965316986786,0.33135539070536385,0
9.632,3.0706952663671343,1.154451587131736,-0.26327729125121324,4.423175287861726,0.7011163433360159,0.13076581168654328,-0.3087216004692415,0.1482179090846838,-0.2711560350780519,1.4264343839831317,-0.0601416466040643,-0.07356561601686828,0,0,FOLLOWING,1.3800158792002515,0.38017439943223386,0
9.664,3.0747415421627853,1.1533376822059422,-0.2721759131149404,4.42616802190517,0.6882020487630349,0.13373171487540536,-0.311227831406345,0.13114282370932362,-0.2780838116000547,1.4292322021446437,-0.05930577498572664,-0.07076779785535625,0,0,FOLLOWING,1.4106295703611749,0.3903747018962908,0
9.696,3.0788403160999347,1.1521715237602113,-0.2811474410632618,4.429102026684173,0.6752325045980846,0.129605954376778,-0.3209489908208539,0.13317982774861964,-0.28036219183086686,1.4320186853072854,-0.058392812123264914,-0.06798131469271462,0,0,FOLLOWING,1.3944759990831408,0.4099306034737763,0
9.728,3.0828123387828743,1.1510032021531749,-0.2903991178393176,4.431977243312185,0.6622087520499559,0.11550006059213758,-0.32446230178366164,0.1293872920839979,-0.2891169965257178,1.434979426356104,-0.057185849341536754,-0.06502057364389602,0,0,FOLLOWING,1.3703639591434185,0.37163774229818675,0
9.76,3.0863564613965266,1.1499235199003908,-0.2997520083194794,4.434793614082555,0.649131836679347,0.10253780343528508,-0.33283955479414157,0.1157736820827004,-0.29227997797015964,1.4384279838515963,-0.05584711868843384,-0.061572016148403685,0,0,FOLLOWING,1.364692090149938,0.3950188128505155,0
9.792,3.0894925593686446,1.1489344399650625,-0.3093460389310153,4.437551082469689,0.6360028083149223,0.09769790281098369,-0.31847991459874475,0.10275737035780019,-0.29981578425227134,1.4423455343476623,-0.05423480428894729,-0.05765446565233767,0,0,FOLLOWING,1.3812265846382001,0.31066877521583414,0
9.824,3.092459831925378,1.1479671061138492,-0.3185272805659966,4.440249593130186,0.6228227209690343,0.10562310920374991,-0.3015723875596567,0.09753326819767097,-0.28691585434462563,1.44648327527754,-0.053010860165582985,-0.05351672472245994,0,0,FOLLOWING,1.4096564483997045,0.32027323682818504,0
9.856,3.0956426512352087,1.1468995712855516,-0.32722226646127434,4.4428890919039485,0.6095926327531044,0.120414201183998,-0.28420046266815274,0.10492146776315561,-0.27172005806621163,1.4504384571879287,-0.05226524715799841,-0.04956154281207126,0,0,FOLLOWING,1.4304034098455536,0.33270289991624136,0
9.888,3.099258311514776,1.1456552691163384,-0.3354178924673255,4.44546952581527,0.5963136057926768,0.12288625232819383,-0.2763518173808271,0.11950933125713994,-0.25611476186061083,1.4539810509671771,-0.052021667913441705,-0.04601894903282289,0,0,FOLLOWING,1.409489145380715,0.33128494636271183,0
9.92,3.10295917277464,1.1443486634764688,-0.3433874952173592,4.447990843073894,0.5829867061421504,0.13546024660412934,-0.27138492623894667,0.12265185808225601,-0.24905140603982218,1.4574763947488887,-0.05199395662750889,-0.04252360525111132,0,0,FOLLOWING,1.4335845803880398,0.36612182137066185,0
9.952,3.1070183975244396,1.142881070994184,-0.35121457601559947,4.45045299307606,0.5696130036991951,0.14912368917548244,-0.27289561425147596,0.13489637370914462,-0.24459752279665448,1.4606343791329428,-0.05211054881524668,-0.039365620867057194,0,0,FOLLOWING,1.4415161472121638,0.39707117372276585,0
9.984,3.111477644127794,1.1412310625932653,-0.3590856853460856,4.452855926405517,0.5561935721188566,0.16239064294457553,-0.27883242716492856,0.1485936347344258,-0.2459734347172551,1.4634085422146916,-0.05218816909798768,-0.03659145778530837,0,0,FOLLOWING,1.446492421391308,0.42055845550468307,0
10.016,3.1163248177329628,1.1393952524963762,-0.36712838022252053,4.455199594834511,0.5427294887273665,0.15238419227232008,-0.29058788276553965,0.16197999375682323,-0.25133557338196677,1.465808890139767,-0.052099843961140646,-0.03419110986023299,0,0,FOLLOWING,1.3988896752026303,0.39997001644932023,0
10.048,3.1208905895698775,1.137622413880238,-0.3755093727594015,4.4574839513247575,0.5292218344356504,0.15812969737486246,-0.2850980011228206,0.15304478659221143,-0.26190756650828695,1.4685479494234164,-0.05165009074320759,-0.03145205057658362,0,0,FOLLOWING,1.4322526096550718,0.3684216289386783,0
10.08,3.12559101897751,1.1357517358979852,-0.38373299354957274,4.459708950028386,0.5156716936525523,0.18372969737486247,-0.2792096326439413,0.1580927810185689,-0.25698960323884057,1.4711797690094055,-0.05134914552559666,-0.028820230990594498,0,0,FOLLOWING,1.4913962188428282,0.44383461177293926,0
10.112,3.131007014321143,1.133546113695445,-0.3917964298027772,4.461874546288856,0.5020801541977769,0.20932969737486246,-0.26847145135715433,0.18276145706934552,-0.2519837485684843,1.4730776101923966,-0.05122505339929695,-0.02692238980760342,0,0,FOLLOWING,1.5125572717807063,0.4520542813977373,0
10.144,3.137150722122276,1.1309881914280058,-0.3996321884659581,4.463980696641858,0.4884483072145586,0.23492969737486247,-0.2731677880668113,0.20797900508902334,-0.24486872652552322,1.4742236207877915,-0.05134993429796131,-0.025776379212208544,0,0,FOLLOWING,1.4898924520110735,0.4606201525783038,0
10.176,3.144047560776458,1.1280547885806802,-0.4075201211491535,4.466027358816182,0.4747772470820614,0.2517635052077022,-0.28717453549338967,0.2342204252507696,-0.24649921188175197,1.4745854104295308,-0.051449449275614345,-0.02541458957046916,0,0,FOLLOWING,1.4903041826038532,0.49896251896912275,0
10.208,3.1514320040663955,1.1248455814450433,-0.41580738563084685,4.468014491734568,0.4610680713275246,0.2582186807448406,-0.2903858080790181,0.25161283444793425,-0.2589785729794835,1.4744456686403626,-0.05116830449488097,-0.02555433135963736,0,0,FOLLOWING,1.480528309732065,0.4513918377113188,0
10.24,3.158993242910598,1.1214835672008319,-0.42418783929115206,4.469942055514531,0.44732188053814914,0.24826808691666258,-0.29141799180765454,0.25858277295984905,-0.26189081373677686,1.4741372965336492,-0.0507984488645687,-0.025862703466350778,0,0,FOLLOWING,1.4469707428785605,0.4028392405337178,0
10.272,3.1662551584018197,1.1181788442538525,-0.43259737162658685,4.4718100114691595,0.43353977827274265,0.2577404139938084,-0.28721566638673796,0.24930581659591405,-0.2627995228955265,1.4741791360059229,-0.050382821339075234,-0.025820863994077126,0,0,FOLLOWING,1.4859076612573345,0.43602556130667125,0
10.304,3.1737355985978195,1.1146980109105538,-0.4408861989308934,4.473618322107892,0.419722870973124,0.2697170081844852,-0.2770315935751922,0.257827902214537,-0.25902737342725884,1.4740032360924493,-0.050091370729682116,-0.02599676390755068,0,0,FOLLOWING,1.4969579132738255,0.42802736531581775,0
10.336,3.181527548700952,1.110993990317214,-0.4488828075511125,4.475366951137272,0.40587226787529807,0.2953170081844852,-0.26851444911301564,0.2696091356806952,-0.2498953815530659,1.4735050195897634,-0.050101162647207216,-0.026494980410236568,0,0,FOLLOWING,1.5340066526871388,0.48572142452699135,0
10.368,3.1900107655338124,1.1068803505010012,-0.4566362405026077,4.477055863461675,0.3919890809204019,0.32091700818448515,-0.2632295821088607,0.2946337317176206,-0.2422960166500113,1.4722617333282495,-0.05038282898042784,-0.0277382666717505,0,0,FOLLOWING,1.5481703216122369,0.5112020712230765,0
10.4,3.199199236913488,1.1023384895895874,-0.46423893167851865,4.47868502518401,0.37807442466544167,0.32912252175200724,-0.2587054082962642,0.3203104715514459,-0.23758528818983832,1.4702524674785231,-0.05084976407876457,-0.029747532521476883,0,0,FOLLOWING,1.5142131568906982,0.45319363943373286,0
10.432,3.2086121959219605,1.0975962415886265,-0.47171080387748376,4.480254403606406,0.36412941619381134,0.32228150862992894,-0.26088531612817695,0.3293680362576197,-0.23349717296306177,1.4680080000869606,-0.05146549429862102,-0.03199199991303936,0,0,FOLLOWING,1.4865571694454578,0.43439440269498963,0
10.464,3.2178132765050727,1.0928707677786027,-0.47924410798227635,4.481763967230862,0.3501551750256134,0.3093859538263282,-0.27832055290248164,0.3232170252933645,-0.23541694267816948,1.4660142565147938,-0.05201853287655289,-0.03398574348520622,0,0,FOLLOWING,1.465623792161468,0.47280561788402353,0
10.496,3.226616453200452,1.0882633657202154,-0.48727846850341044,4.483213685759883,0.33615282302778204,0.3016116375183238,-0.2966582706953343,0.31047658794893634,-0.25107515504597383,1.4644817763649796,-0.052059097491229334,-0.03551822363502044,0,0,FOLLOWING,1.4678191234306752,0.4940502165908999,0
10.528,3.2351511210655555,1.0837072911174976,-0.49584027216432724,4.484603530097086,0.3221234843240189,0.2922890237667251,-0.296309513986692,0.30231545589897535,-0.26755801438728494,1.4632638918543512,-0.05156009371067971,-0.03673610814564876,0,0,FOLLOWING,1.4617957366462222,0.42428848561383825,0
10.56,3.243381496338242,1.079220662789239,-0.5043924852141967,4.485933472347789,0.30806828520454765,0.27961315140472437,-0.29830265938916195,0.2929179840497497,-0.2672582923549596,1.4623991939753493,-0.051050831723927104,-0.03760080602465066,0,0,FOLLOWING,1.4493748762703145,0.4207989839184495,0
10.592,3.2512189142366767,1.0748587251817723,-0.5130016227592304,4.48720348581956,0.29398835403569157,0.2855183593972,-0.2929984944692342,0.28028155852202347,-0.26903720776066714,1.4619905600669043,-0.05045837072883497,-0.03800943993309569,0,0,FOLLOWING,1.485047863213352,0.4442886449477919,0
10.624,3.25915787840127,1.0703552715812212,-0.5214585830829662,4.488413545022765,0.2798848211692913,0.29820511205783684,-0.2900941944451637,0.2852303618424159,-0.26428158769382576,1.461476317596524,-0.05001396217405441,-0.038523682403476034,0,0,FOLLOWING,1.5025073944764096,0.4759067910687626,0
10.656,3.2674019448225464,1.065588068955265,-0.5298334415386418,4.489563625671073,0.2657588188519561,0.3117855806208282,-0.290990639659768,0.2976056672858401,-0.26171585617194365,1.4606183633842607,-0.04965543128062844,-0.039381636615739346,0,0,FOLLOWING,1.50941344247854,0.49735432262401397,0
10.688,3.275982108412245,1.0605317662643532,-0.5382352342653275,4.490653704681942,0.25161148113416654,0.30865920072291186,-0.28649649606687494,0.3112296754948067,-0.2625575679068379,1.4593762758382351,-0.0492766038078406,-0.04062372416176485,0,0,FOLLOWING,1.4787561016026967,0.4328726073143467,0
10.72,3.2844560162132077,1.055436177947918,-0.5465066069198831,4.491683760177089,0.23744394377923206,0.29650589181384446,-0.2779727901667481,0.30899053184308045,-0.2584818819052704,1.4582558489361193,-0.04901272695305192,-0.04174415106388074,0,0,FOLLOWING,1.457332658350908,0.3867606416045232,0
10.752,3.2925662166821423,1.050465358579811,-0.5545326802484599,4.492653771482921,0.22325734417211082,0.3134889708643873,-0.2830232720392367,0.2972448029072177,-0.25081614125780505,1.4575607151292331,-0.04896895119176459,-0.04243928487076687,0,0,FOLLOWING,1.513876856137067,0.5162469037981733,0
10.784,3.301061991513007,1.0451721337797646,-0.5627053690149478,4.4935637191309565,0.209052821228097,0.31086500569552494,-0.27826285575717513,0.3128141558922373,-0.2553979411592043,1.456418852938147,-0.04879015005011377,-0.04358114706185301,0,0,FOLLOWING,1.4786933636589015,0.4306373792465985,0
10.816,3.3094663896968832,1.0398343418279312,-0.5707398303636599,4.494413584858213,0.1948315153013913,0.30308697452659544,-0.26726829594116125,0.31112418239888334,-0.2510782743628435,1.4553795491755903,-0.04873358021453112,-0.044620450824409685,0,0,FOLLOWING,1.4667917060466626,0.38965649027188676,0
10.848,3.317625078597785,1.0345588610242828,-0.5784579602139605,4.495203351607573,0.1805945680935495,0.28424562469204057,-0.25935184927928195,0.30360463309644076,-0.24119275639838164,1.454629025788157,-0.04897270365160289,-0.04537097421184311,0,0,FOLLOWING,1.4376689559229,0.3556168884997658,0
10.88,3.325249284791888,1.0295428746861062,-0.5859475444772181,4.49593300352813,0.16634312256182593,0.2697742928721069,-0.25476643726032283,0.2851776871981938,-0.23405060228104183,1.4545151018059368,-0.04940613385274195,-0.045484898194063206,0,0,FOLLOWING,1.4373461938821361,0.3664930006783892,0
10.912,3.332441970170184,1.0247323245666962,-0.5933033020958822,4.496602525975502,0.15207832282741585,0.26499938525471434,-0.2614242286099515,0.2703973906764359,-0.22986847374556962,1.454920893534946,-0.049941344578042446,-0.045079106465053975,0,0,FOLLOWING,1.4496513069548884,0.42647565808591514,0
10.944,3.339458634779864,1.019965337374949,-0.6008489880859611,4.497211905512127,0.13780131408360483,0.2497792347593144,-0.25790702430679635,0.2650848905296337,-0.23580383104683553,1.4555431975317061,-0.0502639615665551,-0.044456802468293866,0,0,FOLLOWING,1.4245707873441977,0.3592767231429468,0
10.976,3.346048544711529,1.015413893449287,-0.6082939790255384,4.497761129907534,0.12351324250382847,0.2450825565829362,-0.25625724350248896,0.2502689147560081,-0.23265706023603538,1.4566841284423326,-0.05064895626434396,-0.04331587155766736,0,0,FOLLOWING,1.4405463115723474,0.38753556114933535,0
11.008000000000001,3.352468493658183,1.010909589483296,-0.6156901435051347,4.4982501881385915,0.10921525514966086,0.24346888915539133,-0.25436986123896166,0.24507718380664265,-0.23113122611198,1.4580357896758824,-0.05105422337418131,-0.04196421032411757,0,0,FOLLOWING,1.4450099510576617,0.39253933467733676,0
11.040000000000001,3.3588091731618976,1.0063915154344731,-0.62303170097619,4.498679070389718,0.09490849987872418,0.23307329362770257,-0.26189173465165916,0.24330578298815753,-0.22942472999040062,1.4594878109298357,-0.051488326437223675,-0.040512189070164295,0,0,FOLLOWING,1.42259519939564,0.4008857714164253,0
11.072000000000001,3.3648574043124087,1.0020138247659731,-0.6305901760179582,4.499047768053091,0.08059412525253837,0.24428777680358402,-0.2656138667846709,0.23331610420609655,-0.23620348960813564,1.461301489718549,-0.05166797198220996,-0.03869851028145099,0,0,FOLLOWING,1.465886943835471,0.4484630099780607,0
11.104000000000001,3.3711386051201457,0.9974019372572518,-0.638257303956831,4.499356273728814,0.06627328044431323,0.2631879026596973,-0.2721552598963958,0.24352628011768024,-0.23959894851420707,1.4628313926420389,-0.051726816090954086,-0.037168607357961125,0,0,FOLLOWING,1.487784455842462,0.4911170228634966,0
11.136000000000001,3.3778632823672172,0.9923872541586586,-0.6461152302971473,4.499604581225064,0.05194711514669168,0.2887879026596973,-0.27309301469380504,0.2621580957173766,-0.24556146558088987,1.4638070899637483,-0.05159123303153512,-0.03619291003625169,0,0,FOLLOWING,1.5159616650038534,0.5157308992512477,0
11.168000000000001,3.385199125226712,0.9868290216952817,-0.6540031913388608,4.499792685558219,0.03761677947945193,0.31082978137371314,-0.26986918670252447,0.2876327208565768,-0.24650005890243085,1.4640091138735676,-0.05143169358243227,-0.03599088612643242,0,0,FOLLOWING,1.5144083144081502,0.4962601886464926,0
11.200000000000001,3.3930591886562174,0.9807764371676589,-0.6617998700146035,4.4999205829529565,0.023283423897171734,0.31334285012592134,-0.2804549452893959,0.3100221450597823,-0.24364745901961282,1.463535109468276,-0.051368191260400486,-0.03646489053172397,0,0,FOLLOWING,1.482016120055378,0.49272130105046263,0
11.232000000000001,3.400960268875499,0.9745918106652351,-0.6698989832677092,4.499988270842327,0.008948199096872956,0.30043308010458714,-0.2766350318301946,0.3135463161130668,-0.2530987148663035,1.462986716846735,-0.050985632480970315,-0.03701328315326502,0,0,FOLLOWING,1.4493341239150026,0.40026760042469756,0
11.264,3.4085040377172326,0.9685805164855444,-0.6778892234326165,4.499995747867812,-0.00538774407436042,0.3059926922528881,-0.27599120526707077,0.30141491471436216,-0.24969637592244204,1.4628630578101025,-0.050670817708087346,-0.03713694218989749,0,0,FOLLOWING,1.4839395231049473,0.46198582943594446,0
11.296,3.416115195821345,0.9624198223747652,-0.6858607464850635,4.499943013879344,-0.019723254711772123,0.3040636792331072,-0.26884716731484953,0.3059961448439502,-0.24911142019097623,1.4626304260015155,-0.05035823920065163,-0.03736957399848451,0,0,FOLLOWING,1.4703287239145812,0.41854206563337426,0
11.328,3.4236349668866906,0.9562278989915243,-0.6936260696560127,4.499830069935314,-0.03405718194533158,0.30069294481079956,-0.273569862849251,0.30439770361760343,-0.24266758049253262,1.4624843388398907,-0.05022290271310082,-0.03751566116010929,0,0,FOLLOWING,1.46412516865496,0.45004151432724754,0
11.36,3.431024291988716,0.9500455704336864,-0.7015271684815654,4.499656918302547,-0.04838837503212558,0.31142183895997344,-0.2722783411877166,0.3010687272550546,-0.2469106261598357,1.46247941301094,-0.04992350946119917,-0.03752058698906002,0,0,FOLLOWING,1.4937647876825826,0.47578354928282035,0
11.392,3.438610746414642,0.943602493064606,-0.7093936880322191,4.49942356245626,-0.06271568344873965,0.28956508987893137,-0.27473600019679123,0.3110416729659092,-0.2458300017928478,1.462190173356152,-0.049648128922164525,-0.03780982664384802,0,0,FOLLOWING,1.4250631781940772,0.3935217401317555,0
11.424,3.445649723791755,0.937519465427691,-0.7173309542761137,4.499130007079993,-0.07703795698362553,0.278403951877969,-0.27269802503156404,0.29070422947793056,-0.2480408767742968,1.4625824662722304,-0.04924827473357396,-0.03741753372776957,0,0,FOLLOWING,1.438258774640114,0.39751322499154085,0
11.456,3.452358085879389,0.9316270687988468,-0.7252075134428629,4.498776258065506,-0.09135404582944061,0.2752146888132009,-0.27555761363675474,0.2790110518846028,-0.24614374610784162,1.4633801119215293,-0.048865597456913656,-0.03661988807847072,0,0,FOLLOWING,1.4495785108661654,0.43254532521083344,0
11.488,3.4589322467232226,0.9257604560891296,-0.7331647300917491,4.498362322512674,-0.10566280067535563,0.2737648432117064,-0.2748977965208762,0.2753455395086716,-0.24866433832013338,1.4643253795008542,-0.04836701794898024,-0.035674620499145826,0,0,FOLLOWING,1.4518085014267954,0.4251028515551463,0
11.52,3.4654224611727793,0.919875582408951,-0.7411029808137031,4.497888208729334,-0.11996307279932275,0.2723812634265023,-0.27659788278487885,0.2737789851406657,-0.24807164331680587,1.4653497701036657,-0.04785299799589071,-0.03465022989633426,0,0,FOLLOWING,1.4506024103209436,0.43274656783957277,0
11.552,3.4718333876966327,0.9139693736612703,-0.749090354059513,4.497353926231124,-0.13425371416029527,0.2881126406315417,-0.28259185948338555,0.27239971833990617,-0.24960674545436115,1.4664460497400682,-0.047254988195846725,-0.0335539502599318,0,0,FOLLOWING,1.4869318947648662,0.5021336981865884,0
11.584,3.4785489660695528,0.9076917811553746,-0.7572545840418035,4.49675948574129,-0.1485335774903965,0.296533335759571,-0.2980588303453503,0.2872843341219887,-0.2551336079810892,1.4670939542567056,-0.04646691479839782,-0.032906045743294365,0,0,FOLLOWING,1.4756696021866624,0.5237465242923411,0
11.616,3.4854181801080717,0.9011652941034324,-0.7658637171581888,4.496104899190469,-0.16280151638701945,0.3077956360411054,-0.2984937375843304,0.29610465431462674,-0.26903707235140606,1.4674852700980563,-0.04521024313517186,-0.032514729901943706,0,0,FOLLOWING,1.4869003034271486,0.4930310292973593,0
11.648,3.4924898552624946,0.8943303322163966,-0.7744882312549678,4.495390179716454,-0.17705638540486401,0.3195505346139385,-0.2893185270526373,0.3073424865622117,-0.26951774315421106,1.4675416721460128,-0.04391477771611917,-0.03245832785398717,0,0,FOLLOWING,1.495219944281764,0.4728636757183934,0
11.68,3.499771803471241,0.8871700445869422,-0.7828506284872182,4.494615341663926,-0.1912970401478938,0.33013763487092773,-0.27886267548683485,0.3191437200467938,-0.26132645068994337,1.4672439873246017,-0.042859027151158524,-0.032756012675398294,0,0,FOLLOWING,1.4987958730235786,0.468878629434949,0
11.712,3.5072360022724203,0.879707149755657,-0.7909129108225915,4.4937804005841695,-0.20552233736120962,0.3400870879853995,-0.27225548224079993,0.32984447868385225,-0.25194770576410813,1.4666263633073793,-0.042082413100128835,-0.03337363669262072,0,0,FOLLOWING,1.501873530409766,0.4798583401300632,0
11.744,3.514865167985986,0.8719560308811852,-0.7987855110245485,4.492885373234757,-0.21973113502283026,0.3567256327198844,-0.2684510929326481,0.3398679950632147,-0.24602004503458558,1.4657095176310995,-0.041476876343333524,-0.03429048236890053,0,0,FOLLOWING,1.5206862874977123,0.5151951860915497,0
11.776,3.5227986826897735,0.8637699035737941,-0.8065512768037792,4.4919302775792165,-0.2339222924353783,0.3466452176615362,-0.2602783121512884,0.35624297832873386,-0.24268141644677033,1.4642896589788492,-0.04096886396424715,-0.03571034102115078,0,0,FOLLOWING,1.4693711689482936,0.41593412045621236,0
11.808,3.530471511561637,0.8557183288470579,-0.8140794088499717,4.490915132786666,-0.24809467031765198,0.3582193888246436,-0.2603315616996258,0.34754631613039255,-0.2352552804707043,1.46316611725287,-0.040660674096860805,-0.036833882747129953,0,0,FOLLOWING,1.5111977119432618,0.5072093099395958,0
11.84,3.5383165564211057,0.8473716347877156,-0.8216098241453125,4.489839959231436,-0.26224713089609103,0.36058915192418217,-0.2638168774330698,0.3579602543367102,-0.2353265851931965,1.4617286311943833,-0.04034123955964941,-0.03827136880561666,0,0,FOLLOWING,1.4948446712196126,0.49220471628922363,0
11.872,3.5461578961321245,0.8389023767596544,-0.8292388191334984,4.488704778492652,-0.27637853799611745,0.35386575622913186,-0.2644723776240692,0.3606754656921449,-0.23840726199074028,1.4602212655162987,-0.03990301271754082,-0.039778734483701284,0,0,FOLLOWING,1.4750639326928012,0.45536858311727674,0
11.904,3.5537973454220166,0.8305138708104378,-0.8368878733964185,4.487509613353808,-0.29048775713334896,0.3331906833334803,-0.26594405570484914,0.3545436804149361,-0.23903413051775463,1.458925374766972,-0.03941016272206654,-0.04107462523302807,0,0,FOLLOWING,1.4396287710476068,0.41066430140199994,0
11.936,3.5609408144289874,0.8225443739574589,-0.8445819414880306,4.486254487802306,-0.30457365560467564,0.3075906833334803,-0.269793321056665,0.3344277160128922,-0.2404408169731681,1.4582868190776646,-0.038825706780521,-0.04171318092233545,0,0,FOLLOWING,1.40858724889231,0.38579888004600293,0
11.968,3.567480200850799,0.8151309564568453,-0.8523863233974949,4.484939427028975,-0.31863510257919775,0.28199068333348026,-0.2777980733154161,0.30889683235438364,-0.24388817045894418,1.4584775995268413,-0.03807604142162391,-0.041522400473158694,0,0,FOLLOWING,1.393615782839738,0.3935002934284992,0
12.0,3.573418462910639,0.8082886286689583,-0.8604191313279609,4.483564457427568,-0.3326709691890053,0.2563906833334803,-0.2731333844354036,0.2830996610679941,-0.2510266103197071,1.4595048938867647,-0.037038915038934084,-0.04049510611323526,0,0,FOLLOWING,1.3696540497907823,0.3236920460680158,0
12.032,3.5787638868389,0.802024735900589,-0.8683165862472968,4.482129606594228,-0.3466801286198081,0.2338277138131031,-0.2808766055216333,0.25731795590927015,-0.24679678484395587,1.4613666512555583,-0.036073644959654705,-0.03863334874444169,0,0,FOLLOWING,1.4086040857869246,0.4200964970966559,0
12.064,3.5835880393615667,0.796277788953541,-0.8764338606465043,4.480634903326937,-0.36066145620139667,0.22982781908440822,-0.2867665194190667,0.23446843149316698,-0.2536662941444533,1.4639677227076362,-0.03482620186196195,-0.0360322772923638,0,0,FOLLOWING,1.4129710350411997,0.42416947848804387,0
12.096,3.5882656909036617,0.7906147058150638,-0.8847150038339189,4.479080377624937,-0.3746138294979318,0.2282897602431256,-0.29600194333023105,0.2295411066934283,-0.25878730852401555,1.466733904150986,-0.03336598697261439,-0.03326609584901408,0,0,FOLLOWING,1.4155760850964307,0.44540046301755526,0
12.128,3.59286376479174,0.7849544655292777,-0.8932614575467483,4.47746606068813,-0.3885361283980553,0.2433391862715417,-0.29824380956668617,0.22789793918278667,-0.26707837858969763,1.4695582315584126,-0.031592561564673494,-0.030441768441587413,0,0,FOLLOWING,1.4528535318977005,0.4741263917166377,0
12.16,3.5977031492178546,0.7789041686119014,-0.9018795557362421,4.475791984916446,-0.4024272352048126,0.2633611319908013,-0.2899110764615024,0.24213029253499702,-0.2693172928583781,1.4719320259516322,-0.029714633352614813,-0.028067974048367805,0,0,FOLLOWING,1.4733689041648272,0.4675803892576299,0
12.192,3.6028864004791874,0.7723119882688766,-0.9102622298950277,4.474058183909201,-0.4162860347253857,0.2889611319908013,-0.29098378916824097,0.26207629608876054,-0.26196011205642905,1.4736707693750661,-0.028040680586675304,-0.026329230624933864,0,0,FOLLOWING,1.511378528212297,0.5505953897550786,0
12.224,3.6085161327498496,0.765030562509058,-0.918679285694688,4.472264692464416,-0.4301114143606178,0.31456113199080127,-0.2759002946719577,0.287641223131988,-0.263034544582792,1.4745934759400448,-0.026307383956685523,-0.02540652405995525,0,0,FOLLOWING,1.545717253737336,0.5568952714063672,0
12.256,3.6145852514087853,0.7570451432787627,-0.9266653286089082,4.470411546578122,-0.4439022641943366,0.3401611319908012,-0.24607769258780426,0.3134510266565479,-0.24956517806437045,1.474690924573563,-0.024981403884306808,-0.0253090754264369,0,0,FOLLOWING,1.5413927227707689,0.5018377916151886,0
12.288,3.6210854891804685,0.7483513315599715,-0.9337955391509523,4.468498783443635,-0.4576574770824591,0.3657611319908013,-0.2198988267984685,0.33923554012828755,-0.22282005247550313,1.4739628685340367,-0.024492293142792665,-0.026037131465963315,0,0,FOLLOWING,1.5295378358210436,0.4709873047934861,0
12.32,3.628013586031236,0.7389488919098299,-0.9401730384707109,4.466526441450813,-0.4713759487418743,0.37822191246640274,-0.19628904238782793,0.364984089419599,-0.19929755902824056,1.472409599466964,-0.02474600979809627,-0.027590400533036075,0,0,FOLLOWING,1.4964429000872348,0.4033212486127857,0
12.352,3.635129910865247,0.7291618121829252,-0.9458653095644886,4.4644945601852815,-0.48505657783909495,0.375200009028095,-0.1859122097140481,0.37814593724477996,-0.1778839848467317,1.470432596282268,-0.025675758782567445,-0.029567403717732033,0,0,FOLLOWING,1.4925432586361318,0.41991561499276736,0
12.384,3.6421476898267557,0.7193856064114407,-0.9512526931245449,4.462403180427643,-0.4986982660786775,0.393029104409415,-0.18252166145486115,0.3760551611911561,-0.1683561730052546,1.468518774235258,-0.026895203348396565,-0.031481225764742105,0,0,FOLLOWING,1.5361550167090299,0.5113303351771205,0
12.416,3.649426990110423,0.7091432973623079,-0.9565481619825852,4.460252344152654,-0.5122999182913895,0.39864883455428785,-0.18363208733928263,0.3926746524409289,-0.16548375565109685,1.4660700132749982,-0.02821498888688534,-0.033929986725001804,0,0,FOLLOWING,1.516706861456225,0.48502214259582377,0
12.448,3.656765360396058,0.698702854574677,-0.9618701248184074,4.4580420945283885,-0.5258604425221339,0.38787161919207797,-0.18332911152276116,0.3987875168707635,-0.16631173334482233,1.463420538757874,-0.02950835768885829,-0.036579461242125966,0,0,FOLLOWING,1.482494353696213,0.4235717604023185,0
12.48,3.6638640170435237,0.68847829912292,-0.9671852879429133,4.455772475915366,-0.539378750117612,0.3841869736434102,-0.18273166072358057,0.38895515963972627,-0.16609926171516273,1.4610790329761232,-0.03079292012845491,-0.03892096702387682,0,0,FOLLOWING,1.492468357302135,0.44196145361676936,0
12.512,3.6708342575267365,0.6783250231876574,-0.972479800783408,4.453443533865663,-0.5528537558137213,0.3585869736434102,-0.17996500123346318,0.38484964199305355,-0.16545391044842067,1.4588620446344691,-0.032089348141801304,-0.04113795536553089,0,0,FOLLOWING,1.4246624034186222,0.32740751672872687,0
12.544,3.67730435126622,0.6687883908902006,-0.9777029657214944,4.451055315122001,-0.5662843778226812,0.3329869736434102,-0.18977013343569177,0.360108151300564,-0.16322427621577454,1.4574276304790756,-0.033428986245315206,-0.04257236952092436,0,0,FOLLOWING,1.4232482823206387,0.3749328032483952,0
12.576,3.683264017208481,0.6599027266554255,-0.9832053309420835,4.448607867616804,-0.5796695379198826,0.31630618939286237,-0.19388364392099394,0.3343266637395281,-0.17194935293856725,1.4568083636711437,-0.034456873452768044,-0.04319163632885625,0,0,FOLLOWING,1.4459310756592034,0.3975583834807446,0
12.608,3.6888684064345596,0.6514463244002185,-0.9888205220458117,4.446101240471241,-0.5930081615304451,0.2975356393043528,-0.1833004855702498,0.31701764341735095,-0.17547520330484292,1.4567321416431287,-0.03534012682432208,-0.0432678583568713,0,0,FOLLOWING,1.422443115026128,0.3169021143769272,0
12.64,3.6940943139742286,0.6434620322355887,-0.9941315654096506,4.443535483994237,-0.6062991778154875,0.275328239198119,-0.19217663903482113,0.2981923816692808,-0.16597052289692435,1.4572457409336594,-0.03648978839849615,-0.04275425906634056,0,0,FOLLOWING,1.4028569424003798,0.35330822345016283,0
12.672,3.698891739485971,0.6360447887369985,-0.9996966822850203,4.440910649681465,-0.6195415197580953,0.25232688867596026,-0.19162660826749467,0.2760357316945492,-0.17391040030936963,1.4584543329045465,-0.03734331616445796,-0.04154566709545349,0,0,FOLLOWING,1.390963641664902,0.3096958566641608,0
12.704,3.7032493105110955,0.6292221596180407,-1.005245665018221,4.43822679021431,-0.632734124248982,0.24216851847109191,-0.1969681037587191,0.2529736534080962,-0.17340621266545672,1.4603854142185737,-0.03816450247254122,-0.03961458578142629,0,0,FOLLOWING,1.4079902088271314,0.35717695059043997,0
12.736,3.70738418436256,0.6226695448031073,-1.0109402566499683,4.435483959458818,-0.6458759321718367,0.24210242000042662,-0.20679465169012298,0.2421316274556921,-0.1779565511668079,1.462647226657477,-0.03880051939713546,-0.03735277334252296,0,0,FOLLOWING,1.4249457204122058,0.4012055173454735,0
12.768,3.711473234545001,0.6161100801577888,-1.0169118607123167,4.432682212464604,-0.6589658884883499,0.2417474413051844,-0.2190461579190114,0.24156001013111103,-0.18661325223836675,1.4649099343136174,-0.03912777454981553,-0.03509006568638262,0,0,FOLLOWING,1.423602989317722,0.41340688490608724,0
12.8,3.715518744778597,0.6095367445506499,-1.0232371829131426,4.42982160546376,-0.6720029423229166,0.255228759130853,-0.21985356131913789,0.24120986742070633,-0.19766701941502374,1.4671647984514233,-0.03906859837099641,-0.032835201548576665,0,0,FOLLOWING,1.4561104772120732,0.42829305036009546,0
12.832,3.7197388299980694,0.6025851069430128,-1.0295963325273547,4.426902195869714,-0.6849860470469972,0.25776955108028604,-0.220169971995972,0.25415057362361704,-0.1987241160192042,1.4689858755679306,-0.03895371870179698,-0.031014124432069412,0,0,FOLLOWING,1.4388150572283496,0.3972947590592134,0
12.864,3.7239663166281605,0.5955185843646965,-1.0359589730941823,4.423924042276088,-0.6979141603631445,0.274538263255023,-0.22810868762396397,0.25733383337554494,-0.19883318997017296,1.4706832027423224,-0.03880422534937167,-0.02931679725767755,0,0,FOLLOWING,1.4709723123954852,0.47131546912898087,0
12.896,3.728413919712776,0.5879786192887162,-1.042559266490176,4.420887204455514,-0.71078624438868,0.2850244132378226,-0.23979831434600693,0.2735751744351016,-0.20625991882327438,1.4718387891360123,-0.03840041695648888,-0.028161210863987707,0,0,FOLLOWING,1.4641081740120752,0.4748942995602639,0
12.928,3.732986534505534,0.5801075133824505,-1.0494932170716824,4.417791743358443,-0.7236012657390165,0.2821941036583902,-0.24585214562316784,0.28447170499733415,-0.21668682617584026,1.4726217283574428,-0.03764080451028672,-0.02737827164255724,0,0,FOLLOWING,1.4395646106408302,0.4243071700961811,0
12.96,3.7374694889999724,0.5722586752546878,-1.0565956735738622,4.4146377211119106,-0.736358195610618,0.2773241312643823,-0.24418232556927522,0.2824579422400694,-0.22195270793573973,1.4734432222840865,-0.036675970658816226,-0.02655677771591347,0,0,FOLLOWING,1.4346298553740933,0.39382511614584853,0
12.992,3.741820776188974,0.5645094067372279,-1.0636537811986155,4.4114252010183,-0.7490560098635966,0.27940117001779236,-0.23888943288752104,0.2777211047117855,-0.22056678290862414,1.4743894293709212,-0.03571666084911129,-0.025610570629078788,0,0,FOLLOWING,1.448672442274353,0.4029609307099942,0
13.024000000000001,3.7461436097034646,0.5566858030199273,-1.0705596340020571,4.408154247554068,-0.7616936891039264,0.2833708928785806,-0.23872513735252968,0.2793238857844997,-0.21580875849783174,1.4752567809978414,-0.03487881641270785,-0.02474321900215859,0,0,FOLLOWING,1.4534998587491237,0.4239155716392817,0
13.056000000000001,3.7504712642402103,0.5487244065271495,-1.0774629551537356,4.4048249263684465,-0.7742702187652855,0.2902073926023903,-0.23711532218861656,0.28317431543756655,-0.21572964377812573,1.4759720504444873,-0.03401477091744032,-0.024027949555512684,0,0,FOLLOWING,1.4619751860434387,0.43163990750415704,0
13.088000000000001,3.754845556544614,0.540544238650667,-1.0843234455046946,4.401437304282133,-0.7867845891905052,0.29139336874221333,-0.23211104214795458,0.2898855360934559,-0.21439116616539816,1.476442584545867,-0.033168057895585745,-0.023557415454132924,0,0,FOLLOWING,1.4532625161452712,0.4050439325247146,0
13.120000000000001,3.7591852555567273,0.5322920838116062,-1.091036744698313,4.3979914492859455,-0.7992357957126258,0.30493028933807753,-0.22630068127155145,0.2913616748952609,-0.20979139151839124,1.4768344007020926,-0.032439336798627316,-0.023165599297907402,0,0,FOLLOWING,1.4818659940782626,0.4466585333521056,0
13.152000000000001,3.76366167121668,0.5236436374826228,-1.0975938836679167,4.394487430539455,-0.8116228387355529,0.33053028933807754,-0.22521583766244124,0.30432670965897657,-0.20491132772649143,1.4767795032222173,-0.03184952147991127,-0.023220496777782706,0,0,FOLLOWING,1.526129870746068,0.5299257023349584,0
13.184000000000001,3.7684476851627724,0.5142526598000683,-1.1041312603487112,4.390925318369601,-0.8239447238143074,0.35613028933807755,-0.22562304103196992,0.32939582403679357,-0.2042937495824862,1.4758897795415264,-0.031274779147944194,-0.024110220458473552,0,0,FOLLOWING,1.5291917112298945,0.5329567518529761,0
13.216000000000001,3.7735424723364086,0.504095272991521,-1.110682224137589,4.387305184269282,-0.8362004617348575,0.3785083352957798,-0.2296044457813316,0.3551204604716642,-0.204718371549998,1.4741429113504967,-0.030684518790237814,-0.025857088649503313,0,0,FOLLOWING,1.5231280518948311,0.5285162714662016,0
13.248000000000001,3.7788923508827112,0.4932538542905722,-1.1173463777873287,4.383627100895914,-0.8483890685935365,0.3987298598206586,-0.22822582294674693,0.3778036735166042,-0.2082556228262913,1.4716350941719707,-0.029979186279000647,-0.028364905828029308,0,0,FOLLOWING,1.5376426360661992,0.5380621984200475,0
13.280000000000001,3.784455584363969,0.4817889023439612,-1.1239716826879316,4.379891142069979,-0.8605095658760302,0.4201210875061828,-0.2332269899908815,0.3982325111475236,-0.20704161398554669,1.4684374965133524,-0.029310696732002706,-0.031562503486647575,0,0,FOLLOWING,1.5488666121865886,0.5714880554973462,0
13.312000000000001,3.7902381457172276,0.46966947415129423,-1.1307437309461081,4.376097382773539,-0.8725609805359341,0.4220150025196908,-0.23958285939287,0.4196332050979825,-0.21162740760658183,1.4645182276551174,-0.02849704885974336,-0.03548177234488259,0,0,FOLLOWING,1.5146682640445617,0.5183391818493032,0
13.344,3.795975642934031,0.4574265366438815,-1.1376817254213107,4.3722458991487345,-0.8845423450728692,0.41143227289972706,-0.24496552435009672,0.4225042283514235,-0.21681332094249145,1.4604683795597448,-0.02750489373478615,-0.039531620440255155,0,0,FOLLOWING,1.4866675572006893,0.4752074991341443,0
13.376,3.8014917213947883,0.4454254141800232,-1.1447868518395081,4.368336768496253,-0.8964526976101548,0.3978222892997175,-0.24459953321640743,0.41272862811778027,-0.22203623948620957,1.4566915165281338,-0.026320513598004913,-0.04330848347186622,0,0,FOLLOWING,1.474332436058586,0.443472881471478,0
13.408,3.8067415017058774,0.4337804461644121,-1.1518876551898218,4.364370069273777,-0.9082910819720317,0.3840263690205668,-0.2441418096591998,0.39915194449857067,-0.22190108184824744,1.4533085033819615,-0.025113413995875744,-0.04669149661803851,0,0,FOLLOWING,1.4667039149561454,0.4347921682854455,0
13.44,3.811726214082085,0.4225065038737951,-1.1589761615648957,4.360345881094416,-0.920056547760419,0.3722595930099113,-0.23382693817450295,0.38519141333523765,-0.22151676275008433,1.4503306818260773,-0.02389115535166475,-0.04966931817392273,0,0,FOLLOWING,1.465056751863003,0.4051605849610272,0
13.472,3.8164768706413414,0.41155012891000525,-1.1657670952914423,4.3562642847251,-0.931748150431218,0.3509551909738325,-0.22463450044653224,0.37317240751309716,-0.21221749399623066,1.447694967762312,-0.02293994051202208,-0.0523050322376879,0,0,FOLLOWING,1.4378899631636999,0.36240761300300106,0
13.504,3.8208883545800565,0.4011779055240873,-1.1723031594445772,4.352125362084964,-0.9433649513701386,0.33403580972979735,-0.21312505002412518,0.35221225425799646,-0.20425273191867724,1.44568608354928,-0.02221282551625947,-0.054313916450720034,0,0,FOLLOWING,1.4374268390335203,0.3543407075491728,0
13.536,3.8250186652274407,0.3912870308442925,-1.178501810581611,4.347929196243702,-0.9549060179680536,0.32100620186866075,-0.20417893533739812,0.33494478077476586,-0.193708488576978,1.4441852887072308,-0.021796237666390494,-0.05581471129276916,0,0,FOLLOWING,1.4376839424790517,0.3600114896234212,0
13.568,3.828925757580782,0.38176654716906744,-1.1844358754574806,4.343675871419901,-0.9663704236958708,0.3011797111287143,-0.1975285382419241,0.3215877206930236,-0.18544011462614562,1.4430665168003438,-0.021621165732089276,-0.05693348319965619,0,0,FOLLOWING,1.4157793808336998,0.3298106203088908,0
13.6,3.8325411585801445,0.37280325655431285,-1.1901847472102571,4.339365472979346,-0.9777572481789119,0.27923662037778374,-0.18947921374425333,0.30202033749027274,-0.17965279078505814,1.4425271444972825,-0.021604559528491937,-0.057472855502717524,0,0,FOLLOWING,1.401540185598248,0.30279302764323435,0
13.632,3.835845672970788,0.3644707864281348,-1.195702849036736,4.334998087433316,-0.9890655772708041,0.2665469033639133,-0.18388303349952395,0.2801089182645179,-0.17244119488415185,1.4426412654291842,-0.02179015138351459,-0.05735873457081575,0,0,FOLLOWING,1.4116604697654487,0.3252282889587262,0
13.664,3.838951040865748,0.3565162364799281,-1.2010446073262504,4.330573802436838,-1.0002945031268686,0.2514536894838064,-0.1755618099839981,0.26684920388212297,-0.16693044687360709,1.4431314294987576,-0.022128788991963244,-0.05686857050124239,0,0,FOLLOWING,1.400769732844438,0.2978866146602751,0
13.696,3.841841313090721,0.34899405782607384,-1.2061483502237023,4.326092706786934,-1.0114431242770023,0.2528833767306704,-0.16495123991990707,0.25182105738645133,-0.1594924090295352,1.444052886408695,-0.022679888935790427,-0.055947113591305,0,0,FOLLOWING,1.431586416298625,0.3401629047534177,0
13.728,3.8447025971103574,0.3414492964656143,-1.2109230958960528,4.321554890420835,-1.022510545698049,0.2784833767306704,-0.15946855400193125,0.25216986626702154,-0.14921119677554212,1.4449133401940015,-0.02354700777297425,-0.05508665980599847,0,0,FOLLOWING,1.4919076765598283,0.45323071761307787,0
13.76,3.8478063906495286,0.3331622632784966,-1.2155785145479048,4.316960444414178,-1.0334958788856532,0.3040833767306705,-0.1581650306612411,0.27656567138833577,-0.14548215863292466,1.4449429067293176,-0.024537122786287835,-0.05505709327068242,0,0,FOLLOWING,1.5114095838466046,0.4886268825382444,0
13.792,3.8511596489547535,0.32408682733403466,-1.2201969495071934,4.312309460979179,-1.0443982419255915,0.3296833767306705,-0.15665521885784975,0.30237128836790195,-0.1443263548950094,1.4440950570917024,-0.02557192173892342,-0.05590494290829762,0,0,FOLLOWING,1.5050346234222758,0.4688433365485268,0
13.824,3.854755685075259,0.31421824182150154,-1.2247712635976675,4.3076020334627785,-1.0552167595645696,0.3435759194133482,-0.15348102891844306,0.32824852510649316,-0.14294755316684907,1.4423668182085927,-0.026663365178047238,-0.057633181791407306,0,0,FOLLOWING,1.4954672637067274,0.44253381441544015,0
13.856,3.8584652583866466,0.3038889403802287,-1.2292345504775504,4.3028382563447725,-1.0659505632804929,0.34291578730194017,-0.1539767774565292,0.34298113904456157,-0.13947794473449565,1.440113754917904,-0.027874592310654252,-0.05988624508209606,0,0,FOLLOWING,1.4734754114702813,0.4090234197086094,0
13.888,3.862129632118762,0.2935347002623389,-1.2336858057405482,4.2980182252359125,-1.0765987913521897,0.34287016918808133,-0.14525098181847332,0.34322733157100377,-0.1391019627606669,1.4377985430697404,-0.0290994760723986,-0.06220145693025958,0,0,FOLLOWING,1.4756008034860224,0.39065745387854217,0
13.92,3.8657469775714466,0.28316329348728314,-1.2378896672169855,4.29314203687599,-1.0871605889285927,0.3294246752118905,-0.15541444094933177,0.3432471695716916,-0.13137086701903022,1.435428186792099,-0.030574462421203652,-0.06457181320790095,0,0,FOLLOWING,1.443341381745568,0.38314004389672784,0
13.952,3.86918561780945,0.2731633062870579,-1.2424066288893634,4.288209789131892,-1.0976351080973656,0.31255385985967465,-0.16415062901755909,0.3304424151048659,-0.14115529283558576,1.4334118560383506,-0.03173106759782662,-0.06658814396164936,0,0,FOLLOWING,1.4285390640905873,0.3630893545597868,0
13.984,3.872405303806628,0.2636560888874627,-1.2471820102241753,4.283221580995638,-1.1080215079529772,0.30162227213716347,-0.17122788186759577,0.31365795659092643,-0.14923095033262687,1.431876196909985,-0.03261707890864285,-0.06812380309001509,0,0,FOLLOWING,1.4334666438197288,0.3722899467036845,0
14.016,3.8754640135343505,0.2544798910888291,-1.252149562823606,4.278177512582394,-1.1183189546642065,0.30490007096286076,-0.17041655163123298,0.3022573549334043,-0.155236339323292,1.4306483960835328,-0.0333000138947912,-0.06935160391646722,0,0,FOLLOWING,1.460899890372316,0.39823138272881486,0
14.048,3.87850251201729,0.2452183008471213,-1.2570776564813702,4.273077685128459,-1.1285266215410867,0.30354009714343516,-0.17532129093819512,0.304605574305289,-0.15400324339701915,1.429288172141326,-0.034022005261963084,-0.07071182785867403,0,0,FOLLOWING,1.4516998225557887,0.39778038878694477,0
14.08,3.881483544377618,0.23597460259075664,-1.262143622639168,4.26792220098924,-1.1386436891012708,0.2963414814698103,-0.18273379262597259,0.30351515277808294,-0.15831178184617298,1.4279041575603395,-0.034601707860500326,-0.0720958424396605,0,0,FOLLOWING,1.437400583375805,0.38532376459271855,0
14.112,3.8843502257081766,0.22692399378876751,-1.2674361175029287,4.262711163637194,-1.1486693451358216,0.2879894036042995,-0.1990658045269349,0.2966744675067202,-0.16539084966162407,1.42667937303524,-0.03494481777660075,-0.07332062696475994,0,0,FOLLOWING,1.4296718228205858,0.40969692616332154,0
14.144,3.8870891696006487,0.21811177031367032,-1.2732001084353444,4.257444677659748,-1.158602784774416,0.2766533034783402,-0.21208951304549267,0.28837048723498643,-0.18012521386787717,1.4256599063385005,-0.03480360360454027,-0.07434009366149952,0,0,FOLLOWING,1.4183288251584738,0.3925674112646109,0
14.176,3.889671205708584,0.20962621309747123,-1.2793469406312157,4.252122848757208,-1.1684432105499625,0.26690583423486064,-0.22088725216809557,0.27717006656418275,-0.19208910464113718,1.4249373775505425,-0.034260188879261744,-0.0750626224494575,0,0,FOLLOWING,1.4165374090842502,0.38386077162472676,0
14.208,3.892109696686662,0.20142755728406686,-1.2857448854993758,4.246745783740627,-1.1781898324626197,0.267954020789153,-0.2278388004175898,0.26729425460242906,-0.19993645261933035,1.4244686364860435,-0.03344487279722674,-0.0755313635139565,0,0,FOLLOWING,1.4362462802032976,0.41197479163456785,0
14.24,3.8944999847097947,0.193202490686066,-1.2923212560493984,4.241313590529673,-1.1878418680432208,0.26261378425511456,-0.22655222628820465,0.26767001736250673,-0.20551232127888763,1.4239252782220608,-0.03243865396322776,-0.07607472177793917,0,0,FOLLOWING,1.423476521082451,0.368411652205828,0
14.272,3.8967910668262196,0.18511319498286033,-1.2988752143060953,4.235826378150453,-1.1973985424160902,0.25611164724814606,-0.22231001153702404,0.26273200795854784,-0.20481192176372817,1.4234759029820576,-0.03143553933322463,-0.07652409701794238,0,0,FOLLOWING,1.4191324910338678,0.3518715234854266,0
14.304,3.898973451075346,0.17720567755247146,-1.3053129590635528,4.230284256733329,-1.2068590883612513,0.25882632548744444,-0.21462707162804762,0.25634542677850614,-0.20118021489684434,1.423166232802602,-0.030529224845961656,-0.07683376719739798,0,0,FOLLOWING,1.4376529792659047,0.3688707446075255,0
14.336,3.901124212069605,0.16922036052232958,-1.3115203773827508,4.224687337510711,-1.2162227463760198,0.26245342799194693,-0.20962169697485353,0.258438140280435,-0.19398245066994446,1.4227247444946503,-0.029843414518184726,-0.07727525550534975,0,0,FOLLOWING,1.4413944124058307,0.37796197384125163,0
14.368,3.90325503820691,0.16111130868819276,-1.3175884426528492,4.219035732814818,-1.225488764735978,0.2706699487947289,-0.2037733680221671,0.2620150807896452,-0.18962762448233142,1.4221030942610906,-0.02928947814845717,-0.0778969057389094,0,0,FOLLOWING,1.4540785926635253,0.39279646820574593,0
14.4,3.9054015166482507,0.15274242423531686,-1.3235041965783498,4.213329556075426,-1.2346563995553228,0.26826668639122214,-0.20038313443371164,0.2699995710037753,-0.18486785082933324,1.4211597987985425,-0.028886134694823262,-0.07884020120145752,0,0,FOLLOWING,1.4344981420012317,0.36286399558754434,0
14.432,3.9074838261413762,0.1444099884329298,-1.329298067584869,4.207568921817593,-1.2437249148465863,0.2525717228205053,-0.20410282596114512,0.2683941534676369,-0.1810589751918692,1.420200540187841,-0.028595821575641667,-0.07979945981215897,0,0,FOLLOWING,1.4026517041802933,0.3370171055227209,0
14.464,3.909402536692747,0.13652490247206353,-1.3352446617257412,4.201753945659362,-1.2526935825797219,0.22697172282050526,-0.21033807544413463,0.253586181761437,-0.18583161287492075,1.4196469087538433,-0.028135148598042115,-0.08035309124615675,0,0,FOLLOWING,1.363488817569753,0.3024685641649534,0
14.496,3.911086062839776,0.12940630685872753,-1.3414068091115785,4.195884744309433,-1.2615616827405518,0.22210902050228015,-0.21530819594173037,0.2285733796032995,-0.1925677119890297,1.4198247205400798,-0.02743223999630695,-0.0801752794599202,0,0,FOLLOWING,1.4126955021800987,0.367462506318043,0
14.528,3.912683200727797,0.12247673156227096,-1.3476339566921742,4.189961435564829,-1.270328503388569,0.23120543225392032,-0.21544198252201854,0.22222553581559581,-0.1945990145024822,1.4201371912673806,-0.026652570431595635,-0.07986280873261942,0,0,FOLLOWING,1.4363326832132108,0.3886841055369728,0
14.56,3.914297141919249,0.11528469882621849,-1.3538783933606287,4.183984138308525,-1.2789933407140932,0.22882124934118672,-0.20482459479595988,0.23035162209187243,-0.1951393000044632,1.4201205327597528,-0.02585326108885533,-0.07987946724024719,0,0,FOLLOWING,1.4170169174842255,0.32232158852533244,0
14.592,3.9158537230961468,0.10813345439333012,-1.3597903178638826,4.17795297250707,-1.2875554990947742,0.23496979838919418,-0.20817495654732177,0.22871063021167365,-0.1847481818864149,1.42008579720751,-0.025375970455588034,-0.07991420279248995,0,0,FOLLOWING,1.4342404518164433,0.38730717982830254,0
14.624,3.9174075716825634,0.10079439390550812,-1.365815724140422,4.171868059208169,-1.2960142911514363,0.25061386422827503,-0.21451744786776042,0.23443602361158883,-0.18829452217180995,1.4197973948286702,-0.024783896648783443,-0.08020260517132982,0,0,FOLLOWING,1.4582968585767087,0.4342196462388885,0
14.656,3.9190169626848896,0.09297626169665237,-1.372070810241575,4.165729520538262,-1.3043690378032624,0.25636027125794525,-0.21116646484079335,0.2494513613759532,-0.1954720786384111,1.4189577062890422,-0.023968500874577803,-0.08104229371095784,0,0,FOLLOWING,1.4452061030524213,0.3831507368103841,0
14.688,3.9206167822193745,0.08494329549710551,-1.3781889876871414,4.159537479700072,-1.312619068322311,0.25402908386501616,-0.19938692113451947,0.25596286833161347,-0.19119364397723848,1.4178376706975935,-0.023288858464294737,-0.08216232930240652,0,0,FOLLOWING,1.4316506451368824,0.3329962337620352,0
14.72,3.922155513783792,0.07695494978763802,-1.3839426628577056,4.1532920609701245,-1.3207637203873626,0.25950929563862213,-0.20066862417898584,0.2542200074311436,-0.179802848168329,1.4167009509423618,-0.02296979027029522,-0.08329904905763819,0,0,FOLLOWING,1.4472439123036411,0.39107907978562306,0
14.752,3.923678899162638,0.06879891096300919,-1.3897485028660834,4.146993389696265,-1.328802340137093,0.25518359768132537,-0.19767813362853587,0.2592849433424304,-0.18143300915451246,1.415329862173078,-0.022603057097663415,-0.0846701378269219,0,0,FOLLOWING,1.4285275221663285,0.34716397413853567,0
14.784,3.9251323809216068,0.06075260968391804,-1.3954602070599214,4.14064159229513,-1.3367342822225639,0.24431548337682227,-0.19557620682296695,0.2555100820472825,-0.17849124269166516,1.414006305939714,-0.022329449722396033,-0.0859936940602859,0,0,FOLLOWING,1.4119825748550487,0.3232690088835169,0
14.816,3.926480749437552,0.053023295794891984,-1.4011556606980726,4.134236796249624,-1.344558909859034,0.24452685204763533,-0.18989691998620944,0.24517807608695572,-0.1779834073294891,1.4129397002517383,-0.022067456003138638,-0.08706029974826168,0,0,FOLLOWING,1.4324434268113395,0.3438505814306284,0
14.848,3.9277835377838612,0.04530713325204737,-1.4066347550374143,4.127779130106351,-1.352275594877079,0.23273332908149147,-0.18432124130298494,0.24454163164108156,-0.17122212801337505,1.4118200023066947,-0.02202547075156991,-0.08817999769330531,0,0,FOLLOWING,1.4060982612606174,0.29874937651326156,0
14.88,3.928985095841117,0.03792985909575462,-1.4120138543501888,4.121268723473033,-1.3598837177730252,0.2185543117393089,-0.1880544858499995,0.23356867968896233,-0.16809725938996323,1.4109768917788772,-0.022080148528323074,-0.0890231082211228,0,0,FOLLOWING,1.3941417343408375,0.31206406582075,0
14.912,3.9300760232338683,0.03098899536716802,-1.4175151790789966,4.114705707015921,-1.3673826677586787,0.19785080781217343,-0.18760623364000414,0.21955468887704555,-0.17191683641541536,1.410507507376975,-0.0220085222608446,-0.08949249262302494,0,0,FOLLOWING,1.3730020213056888,0.2721688690508632,0
14.944,3.931029031271361,0.024679995951624976,-1.4230586831115852,4.108090212457158,-1.3747718428103644,0.1864817803385933,-0.1859167378647352,0.1993797270596819,-0.17323495126705205,1.410608418696423,-0.021884532234150322,-0.08939158130357705,0,0,FOLLOWING,1.3846548997680563,0.2845114785813819,0
14.976,3.9318918323034615,0.01875703032449199,-1.4284735002838567,4.101422372572143,-1.3820506497172547,0.16968903177256425,-0.1853837776105309,0.1870417291820297,-0.1692134788686408,1.411028972256676,-0.021885128145864963,-0.088971027743324,0,0,FOLLOWING,1.367220259924519,0.26564797263198986,0
15.008000000000001,3.9326477436675518,0.013352029387723566,-1.4338990742131787,4.094702321186869,-1.3892185041289948,0.15257502179380475,-0.19033249468535396,0.1705434664903023,-0.16954962727648243,1.4119014794185665,-0.021866196503796065,-0.08809852058143353,0,0,FOLLOWING,1.357972213651148,0.27788385374394153,0
15.040000000000001,3.933300214278359,0.008487228923301747,-1.439463730168896,4.087930193175227,-1.3962748306026134,0.14617129655060548,-0.20082378481875277,0.15338024057186042,-0.17389598305402768,1.4132469261445915,-0.02169840781284571,-0.08675307385540854,0,0,FOLLOWING,1.3733944891287655,0.32211957784985795,0
15.072000000000001,3.933897423353426,0.0038534568031439553,-1.4452540344649074,4.0811061244563085,-1.4032190626487213,0.15240995555651965,-0.18719610839562517,0.1460059763072523,-0.18094756471747142,1.414752090182947,-0.021300961493584403,-0.0852479098170531,0,0,FOLLOWING,1.402797874599055,0.28209077229402885,0
15.104000000000001,3.934491175356294,-0.0009635649479318138,-1.4506529914292001,4.074230251991674,-1.4100506427769885,0.1657976552288917,-0.1843666079563849,0.15168445462668786,-0.16871785045993476,1.415999082783509,-0.02129659486289781,-0.08400091721649106,0,0,FOLLOWING,1.4223651819332395,0.3362689120089383,0
15.136000000000001,3.935110050863263,-0.006193731616593367,-1.4560143352724768,4.067302713782601,-1.4167690225409013,0.1751506083184868,-0.19141347055567406,0.16459967477316131,-0.16754241761165628,1.4167559957508213,-0.021339484214468962,-0.08324400424917866,0,0,FOLLOWING,1.4194366988479872,0.3591862157570542,0
15.168000000000001,3.9357366334085464,-0.01174297911516625,-1.4615356414480063,4.060323648867323,-1.423373662581791,0.17932754395481287,-0.19049245160265993,0.1745268736576524,-0.17254126015841914,1.4171178888594187,-0.021231263178612014,-0.0828821111405813,0,0,FOLLOWING,1.4139864936323174,0.3247621014831307,0
15.200000000000001,3.9363484743049075,-0.01744040185884113,-1.4670309676977533,4.053293197318228,-1.429864032672135,0.19117971332420214,-0.19455776182426343,0.17907218146760176,-0.17172937762515414,1.4172567096755866,-0.02115658582407587,-0.08274329032441341,0,0,FOLLOWING,1.4335464613634878,0.3683639161494425,0
15.232000000000001,3.936967361842007,-0.023510345602507404,-1.472643826623933,4.046211500239056,-1.4362396117581238,0.20215240695438474,-0.18690261764805638,0.19067752677181674,-0.17540230144145202,1.416946809596853,-0.020977651197354952,-0.08305319040314707,0,0,FOLLOWING,1.439522173387044,0.3400473743713789,0
15.264000000000001,3.9375866722235884,-0.029936511984927736,-1.4780380589459958,4.039078699762062,-1.4424998880014912,0.22775240695438478,-0.18462801149423916,0.20175444858688893,-0.16857017077162767,1.4162047602367327,-0.021031984822377447,-0.0837952397632673,0,0,FOLLOWING,1.4790781912354765,0.41465902281393174,0
15.296000000000001,3.9382454198589802,-0.037111971876105036,-1.4836388268088931,4.031894939045165,-1.4486443588206075,0.23255283558055972,-0.18162998594252863,0.22518999956754618,-0.17502444815657142,1.4146356109744476,-0.020908596818067116,-0.08536438902555243,0,0,FOLLOWING,1.444049953714586,0.3473159447861163,0
15.328000000000001,3.938879052800742,-0.044526713547680424,-1.4888814265705572,4.024660362269074,-1.4546725309308235,0.20695283558055969,-0.18306921459374564,0.2325540229914006,-0.16383164953988064,1.4127525117080044,-0.021158252056840965,-0.08724748829199558,0,0,FOLLOWING,1.3675601354841562,0.25436888843241645,0
15.36,3.939409909197292,-0.05121903814027287,-1.4943956104478555,4.0173751146343974,-1.4605839203840754,0.18177015053960982,-0.185694442683165,0.20976610736804155,-0.172318704660231,1.4115197287182837,-0.02113765316508176,-0.08848027128171632,0,0,FOLLOWING,1.3748839619301527,0.2716348472259346,0
15.392,3.9398433423103474,-0.057137706505481445,-1.5001417690311383,4.010039342358724,-1.466378052607734,0.1561701505396098,-0.18801701751924782,0.18543053728248665,-0.179567948564925,1.4109875376859953,-0.02088445949435891,-0.08901246231400473,0,0,FOLLOWING,1.3495420432243064,0.24817924440760064,0
15.424,3.940187455804355,-0.062274322682260956,-1.506154253490999,4.002653192673693,-1.4720544624427057,0.1331754981704278,-0.18295732328241882,0.16086026840751805,-0.1878907034316127,1.4111633536715757,-0.020362185914106323,-0.08883664632842425,0,0,FOLLOWING,1.3506080066256878,0.2215000497160559,0
15.456,3.940452870086035,-0.06666739376840049,-1.5120055365636438,3.9952168138220334,-1.4776126941807757,0.11582725548769313,-0.1808094724756224,0.13751995272937037,-0.18285312689778574,1.4120076948406786,-0.01999660882125731,-0.08799230515932144,0,0,FOLLOWING,1.3496636980178713,0.2311876356221797,0
15.488,3.940657205428935,-0.07042344678331224,-1.517422104479693,3.9877303550545933,-1.4830523016011925,0.10894909024302712,-0.17459905361361408,0.11754207318583797,-0.1692681970622115,1.4134129484618978,-0.020063464655849517,-0.0865870515381022,0,0,FOLLOWING,1.3663982809694566,0.23303197097530187,0
15.52,3.940829566488,-0.07390106950074195,-1.5224578384267533,3.9801939666273447,-1.4883728480064904,0.08499103193877053,-0.17358081863091226,0.10881187191769863,-0.15736707844048364,1.4150194232545166,-0.0205159167587734,-0.08498057674548343,0,0,FOLLOWING,1.3245217736574455,0.20908679638998123,0
15.552,3.940949440974954,-0.07667563034671417,-1.527675734134283,3.9726077997983644,-1.4935739062575486,0.08778971072842807,-0.17441826726272708,0.08677768881110244,-0.1630596507203032,1.4172519098461243,-0.020780885790759877,-0.08274809015387574,0,0,FOLLOWING,1.3743868505973296,0.26667180665557233,0
15.584,3.9410584278669347,-0.0794632947517804,-1.5327060294084867,3.9649720068248,-1.4986550588078829,0.0817616233704779,-0.1729323146051543,0.0871923651541429,-0.15719712676288003,1.4193932233258146,-0.02124175252413107,-0.08060677667418537,0,0,FOLLOWING,1.3572567993926432,0.23558409062899893,0
15.616,3.941147498904594,-0.0820699400556911,-1.5376935635488875,3.957286740959815,-1.5036158977371652,0.09117184713944987,-0.17322086589323685,0.08151007088905168,-0.15586080462673382,1.4216375715823835,-0.021749947963669358,-0.07836242841761654,0,0,FOLLOWING,1.3903932231399032,0.28142389032955745,0
15.648,3.9412337552959054,-0.08495910519621344,-1.5426898582048798,3.949552156449512,-1.5084560247839733,0.09353925005935637,-0.17816658675961658,0.090342098358375,-0.15613456455254132,1.4235212242441604,-0.022262896780907315,-0.07647877575583961,0,0,FOLLOWING,1.3796220052290908,0.2826954371394853,0
15.68,3.941308691993457,-0.08793755326712502,-1.5478287864358906,3.9417684085298355,-1.5131750513777638,0.10087858159095635,-0.18613458157416957,0.09311380546362298,-0.16059187332035993,1.425237572252418,-0.022644986033116602,-0.07476242774758202,0,0,FOLLOWING,1.3925176301170488,0.31163144296089945,0
15.712,3.9413740170053155,-0.09114788906149356,-1.5531975017516517,3.9339356534234584,-1.5177725986700654,0.09377575792749912,-0.19528229614035406,0.1003532809623444,-0.167772762449296,1.4266441011403361,-0.022812737383300474,-0.07335589885966387,0,0,FOLLOWING,1.3638646906281227,0.28888056620137303,0
15.744,3.941418648413783,-0.0941540580164385,-1.5588297170038572,3.9260540483366464,-1.5222482975648952,0.0983245046375275,-0.20192435002201437,0.09394966575613867,-0.1760071921199346,1.4281768895928177,-0.022725008547026748,-0.07182311040718226,0,0,FOLLOWING,1.3878368493202633,0.3092469910757757,0
15.776,3.9414479528948445,-0.09729075394553569,-1.5646535430434125,3.9181237514561014,-1.5266017887483883,0.10884835727763946,-0.20263041024617115,0.0980311123594487,-0.18199507968851475,1.4295013300385406,-0.02245982800767532,-0.07049866996145937,0,0,FOLLOWING,1.4053988749505855,0.3099589214223949,0
15.808,3.941460977792014,-0.10075671134796471,-1.5704981669897224,3.9101449219457876,-1.530832722717645,0.13081082030656319,-0.18498210893940814,0.10832121320165103,-0.1826450184788371,1.4304188525214487,-0.02219283629314006,-0.06958114747855126,0,0,FOLLOWING,1.439931724113292,0.30076252469366616,0
15.84,3.9414537683290884,-0.10485690122194023,-1.576124334902226,3.902117719943738,-1.5349407598087892,0.1564108203065632,-0.18216351416491774,0.1281463514136782,-0.17581821033221276,1.4306247471972604,-0.02217117124423562,-0.0693752528027396,0,0,FOLLOWING,1.4624127897474437,0.3656699602106894,0
15.872,3.941418426727843,-0.10971914421965744,-1.5819509212203346,3.8940423065588363,-1.5389255702242373,0.1498952929184251,-0.18095038267710342,0.15196443159158987,-0.18208134154537303,1.429991435252342,-0.021981821720802097,-0.07000856474765804,0,0,FOLLOWING,1.396953218906247,0.2671700425528442,0
15.904,3.94135513107202,-0.11452891047583325,-1.5871727872170238,3.8859188438675893,-1.5427868340591733,0.1510955584805321,-0.18686757701412257,0.15030982339934654,-0.16318370681579739,1.4293333684685339,-0.022417984751594622,-0.07066663153146613,0,0,FOLLOWING,1.4136320602695367,0.3156023228041034,0
15.936,3.941265703617235,-0.11937171227292252,-1.5925644450833925,3.8777474949108695,-1.5465242413272322,0.15952059622489026,-0.19377321096346073,0.15135774694574838,-0.16848972662144163,1.4285653306808819,-0.02270948083224345,-0.07143466931911813,0,0,FOLLOWING,1.4306948704358415,0.344510696324838,0
15.968,3.941144165096385,-0.12447167969463252,-1.598155235265878,3.869528423690645,-1.550137491985386,0.17241058800718276,-0.1977413007506078,0.15942020753166644,-0.1747126548635692,1.427463422561765,-0.022832092866643672,-0.07253657743823494,0,0,FOLLOWING,1.4456845278497308,0.35678466530274544,0
16.0,3.940982535099018,-0.12997680003043485,-1.6038607886913856,3.8612617951666874,-1.5536262959580318,0.1873679205968919,-0.20902635267739914,0.17211359117017308,-0.1782990371102445,1.4258798279063558,-0.02287456623478623,-0.07412017209364419,0,0,FOLLOWING,1.4559216879105745,0.39744340215549984,0
16.032,3.94077312129758,-0.1359577691856466,-1.6098917205041474,3.8529477752532593,-1.5569903731602783,0.19235779463525757,-0.21371793745097276,0.1870247591853508,-0.18846720500208827,1.4237439913715975,-0.022629987260148532,-0.07625600862840254,0,0,FOLLOWING,1.4417352019331342,0.35738212241413375,0
16.064,3.9405199220240474,-0.14211259882903454,-1.616058241564796,3.844586530815788,-1.5602294535204315,0.17866361527381414,-0.2020434446684202,0.19249703505581883,-0.19270442237898364,1.4213580228459461,-0.02228361298328529,-0.07864197715405385,0,0,FOLLOWING,1.4046455618480926,0.2473684966019661,0
16.096,3.940246472826204,-0.14785407707132397,-1.6218884881822002,3.8361782296675124,-1.5633432770016775,0.16464667452386578,-0.1837718367588163,0.17960615354739962,-0.18219574899997878,1.4193096471008746,-0.022296841326950867,-0.0806903528991254,0,0,FOLLOWING,1.3988682591252561,0.2098981511261847,0
16.128,3.939962116012887,-0.15314280293718685,-1.6271919383417504,3.827723040566118,-1.5663315936229578,0.15064946127594586,-0.17361718819046587,0.16549522344967654,-0.16573321062617477,1.4176389414011796,-0.02286058276639147,-0.08236105859882037,0,0,FOLLOWING,1.3920266899292841,0.220300624670531,0
16.16,3.939675363373621,-0.1579774968701908,-1.632201966125439,3.8192211332103474,-1.5691941634790372,0.15680310275157333,-0.16478729548912474,0.15133675978630715,-0.15656369581249274,1.4163480157358257,-0.02374285966546963,-0.0836519842641743,0,0,FOLLOWING,1.4313382201269476,0.2776250147368728,0
16.192,3.939354768321803,-0.16297514379151304,-1.6369576291318477,3.810672678236598,-1.5719307567597653,0.16338824193737198,-0.15819762100151216,0.15650286657329632,-0.14861475290341739,1.414819776375578,-0.02491755820321595,-0.0851802236244219,0,0,FOLLOWING,1.4360509153113956,0.2849777330317591,0
16.224,3.9389971285554894,-0.1681802052150037,-1.641523503748023,3.8020778472154926,-1.574541153768525,0.15312456117876647,-0.15841465556148498,0.16304777200532353,-0.14268383032773177,1.413010264371431,-0.026324104671877402,-0.08698973562856893,0,0,FOLLOWING,1.4012644445226372,0.2528001480238267,0
16.256,3.9386376359904784,-0.1730810552123182,-1.6460950729407522,3.7934368126484403,-1.5770251449398693,0.13768430385112318,-0.1591308059762864,0.1535548508919313,-0.14286178649859974,1.4114327069258839,-0.027758357085783114,-0.08856729307411615,0,0,FOLLOWING,1.384899508155357,0.23584982886207556,0
16.288,3.9382928422346506,-0.1774941044756051,-1.65068680419704,3.78474974796417,-1.5793825308563474,0.12456414344559255,-0.16173856623015997,0.13831621312468567,-0.14349185614206322,1.410271832597683,-0.029200595177650612,-0.08972816740231693,0,0,FOLLOWING,1.3827984035834096,0.2428155846021494,0
16.32,3.9379622863902157,-0.181480709386,-1.655353321449181,3.776016827515253,-1.5816131222645118,0.1184608148617624,-0.1652484722997897,0.12500076074419314,-0.14582893605588043,1.4094669578401708,-0.030595698886320077,-0.09053304215982916,0,0,FOLLOWING,1.3926561594296916,0.259622457517913,0
16.352,3.9376312291587348,-0.18525853341106782,-1.6601209173197997,3.7672382265746034,-1.5837167400901133,0.11747015116413198,-0.17327998954899673,0.11850849190905001,-0.1489876654275351,1.4088006002119702,-0.03192123957021397,-0.09119939978802982,0,0,FOLLOWING,1.4011390169641356,0.28999854319879004,0
16.384,3.9372862297958857,-0.18899500219313728,-1.6651199289484322,3.758414121331959,-1.5856932154524772,0.10867267066911801,-0.18401431319414155,0.11726500894008259,-0.1562194505130925,1.4081055109998553,-0.033050875119876366,-0.09189448900014474,0,0,FOLLOWING,1.3828931372833078,0.28751611993511317,0
16.416,3.9369483605884015,-0.19246080708895388,-1.6704281044401665,3.749544688890345,-1.5875423896780603,0.11757957824251802,-0.18784900030778,0.10881701872580125,-0.16588087982493702,1.4076124318310201,-0.03390054771785022,-0.09238756816897986,0,0,FOLLOWING,1.420031675666632,0.3076807401504478,0
16.448,3.93656642602762,-0.19618425857815683,-1.6758473719980278,3.7406301072625205,-1.5892641143131903,0.13007550567790724,-0.18120122182506848,0.11697924911930337,-0.16935253377561985,1.4067915714369206,-0.03468208872426137,-0.09320842856307943,0,0,FOLLOWING,1.434796199720932,0.29009066618608564,0
16.48,3.9361228570834315,-0.2003000497083522,-1.6810759496063248,3.7316705553674057,-1.590858251135984,0.1253058862262859,-0.17569594824067486,0.12937585652620748,-0.16339342423358477,1.4055080416826617,-0.03570338619355251,-0.09449195831733825,0,0,FOLLOWING,1.4029653403018614,0.24215692242066264,0
16.512,3.9356715055885654,-0.20428927411885847,-1.68614600078941,3.72266621302649,-1.5923246721674418,0.11214161546878679,-0.17684932760645936,0.12545556071381805,-0.15843943867877097,1.4042839886915126,-0.03692056322620396,-0.09571601130848739,0,0,FOLLOWING,1.3814930032764445,0.2416078213394246,0
16.544,3.935246937663129,-0.207870481905965,-1.6912489269168263,3.7136172609602234,-1.5936632596817255,0.11019927485294445,-0.1685561210997403,0.11268616550942633,-0.15946678663772418,1.403403483154753,-0.0381342944303491,-0.09659651684524695,0,0,FOLLOWING,1.402303979559185,0.22801952795281163,0
16.576,3.93481382254161,-0.21137028485901083,-1.6961132733581563,3.7045238807843903,-1.5948739062156063,0.10218622657698807,-0.16742917226697093,0.11020295573755923,-0.15201112826824298,1.4025390288977193,-0.039624966539337114,-0.09746097110228069,0,0,FOLLOWING,1.3877612949840432,0.2327411438623781,0
16.608,3.9343951250810036,-0.21462051061622314,-1.7009449096161577,3.6953862550064627,-1.595956514577094,0.1122730643352011,-0.17974667496526578,0.10240472752156796,-0.15098892938158717,1.4018610472557171,-0.041182385076982575,-0.09813895274428286,0,0,FOLLOWING,1.423409905545508,0.3286675672942849,0
16.64,3.9339224713622873,-0.21816338805654345,-1.7061313422250441,3.6862045670219388,-1.596910997853238,0.12320808659298589,-0.19132483852151494,0.11170608626655205,-0.16207638717721162,1.4008244471206492,-0.042437081383239095,-0.09917555287935076,0,0,FOLLOWING,1.4306140204899256,0.3402707013478628,0
16.672,3.93338432185199,-0.22205076389287837,-1.711651687060597,3.6769790011106602,-1.597737279417107,0.12004498202807579,-0.1995094366914444,0.12264887348313937,-0.1725112143749252,1.3993773892341044,-0.04341382813213435,-0.10062261076589563,0,0,FOLLOWING,1.4049605559480276,0.30262812257894456,0
16.704,3.9328355490141194,-0.22585743718368598,-1.7174079838975032,3.6677097424331144,-1.5984352929339385,0.12490939548985384,-0.21159739529175603,0.12018513783181714,-0.1798847736315326,1.3979490918524857,-0.04419747673870322,-0.10205090814751427,0,0,FOLLOWING,1.4210989309720703,0.34221579791066103,0
16.736,3.9322433069465426,-0.22980492883759027,-1.723512637720838,3.658396977026721,-1.5990049823664654,0.13083963988492572,-0.21808555922161976,0.12474209385297835,-0.19077102495617398,1.396316797504789,-0.04468368666986522,-0.10368320249521101,0,0,FOLLOWING,1.4268448196255814,0.33261113451418606,0
16.768,3.931597897421654,-0.2339350783221112,-1.7298046308940502,3.649040891802094,-1.5994463019794147,0.11835412602656498,-0.21320505447908494,0.13063645766346416,-0.19662543710142316,1.394438727000494,-0.045035969635988105,-0.1055612729995059,0,0,FOLLOWING,1.390269629835103,0.2480381283684041,0
16.8,3.9309850829153064,-0.23769269335232684,-1.735956161112081,3.6396416745392917,-1.5997592163431786,0.12187155974193108,-0.216672407038554,0.11896493322214217,-0.19223592752982502,1.392876948856769,-0.04556284927298737,-0.10712305114323106,0,0,FOLLOWING,1.4197901603590994,0.3129083738622591,0
16.832,3.930334245266543,-0.24153427654241835,-1.7422074940564036,3.6301995138840493,-1.5999437003366594,0.11553569933589973,-0.21479653321685532,0.12176161767732026,-0.19535479064188957,1.3911710964633515,-0.0460410069705568,-0.10882890353664854,0,0,FOLLOWING,1.400422833140772,0.2705422273519048,0
16.864,3.9296916771609025,-0.24518417567309325,-1.7484048182420782,3.620714599343991,-1.5999997391492862,0.10596150119620046,-0.22680515345905733,0.11580794534473778,-0.19366700016694174,1.3896013981187527,-0.04661507211485572,-0.11039860188124728,0,0,FOLLOWING,1.3881026790801836,0.3207479474991714,0
16.896,3.9290798495320964,-0.24853229740191662,-1.7549474951259614,3.6111871212848263,-1.5999273282822035,0.11045492762120632,-0.2334978784725317,0.10635372558693483,-0.20445938088876583,1.3882810652603543,-0.046881601288757846,-0.11171893473964567,0,0,FOLLOWING,1.4159380136776494,0.3320983363774026,0
16.928,3.928423682729246,-0.25199678213337273,-1.7616832728207559,3.601617270926532,-1.5997264735486327,0.13125766058165608,-0.23385382338993024,0.11019418560568697,-0.21049385021643402,1.3867868444420854,-0.047007891726487554,-0.11321315555791456,0,0,FOLLOWING,1.4563233360004304,0.35960798945448136,0
16.96,3.9276220441209464,-0.2560767132480405,-1.7684893784046343,3.5920052403395113,-1.599397191073405,0.1393505077981158,-0.2154098038414455,0.12995232856645722,-0.21269162020925883,1.384611333597061,-0.047136149644380954,-0.1153886664029391,0,0,FOLLOWING,1.4413388881103513,0.26748833681337947,0
16.992,3.92673727268513,-0.2604361657734453,-1.7747099025984419,3.58235122244074,-1.598939507291668,0.13740900230019432,-0.21190658621120112,0.13901534619980918,-0.19439201017519755,1.3820973000691301,-0.04791617756449584,-0.11790269993086988,0,0,FOLLOWING,1.422016174075814,0.28343692493724004,0
17.024,3.9258340967739667,-0.2647473097837168,-1.7808248385915346,3.5726554109898956,-1.5983534589467616,0.13287355638678072,-0.20419432776380694,0.13764295728097523,-0.19109235078607514,1.3795798437124431,-0.04885820525317963,-0.12042015628755687,0,0,FOLLOWING,1.4162400710668561,0.2567977913832491,0
17.056,3.924933845355079,-0.26891441038158237,-1.7867175096046632,3.5629180005854666,-1.5976390930872704,0.11294108926716727,-0.20835442870920848,0.13321921356827088,-0.18414650490368567,1.3771582168710998,-0.05007613759872175,-0.12284178312890015,0,0,FOLLOWING,1.3779872409377059,0.2674255824138785,0
17.088,3.9241415200976117,-0.2724788758677304,-1.7927634038643143,3.5531391866608466,-1.5967964670632444,0.10375728834837755,-0.23459023055955713,0.11409050487828355,-0.18893477070582126,1.3753035351388483,-0.05117704692372227,-0.12469646486115171,0,0,FOLLOWING,1.3879557186572544,0.38211262494998566,0
17.12,3.9233966124249915,-0.2757271425377379,-1.7995298940417817,3.543319165480415,-1.595825648521597,0.0827920154391868,-0.2467512385327127,0.10413592068911944,-0.21145362500620593,1.373724474258475,-0.05160042882932947,-0.1262755257415249,0,0,FOLLOWING,1.3581610179745758,0.31978228081451293,0
17.152,3.922779215952756,-0.27833523607529354,-1.8066783419403687,3.533458134135596,-1.594726715400672,0.06342578739993529,-0.2651667611417615,0.083741274481271,-0.22338994860277672,1.3727554157925372,-0.05166996412140267,-0.12724458420746276,0,0,FOLLOWING,1.3497990002126612,0.35657109117707547,0
17.184,3.9222896424201874,-0.28032956116539237,-1.8143484301803385,3.5235562905409012,-1.5934997559239887,0.07273254187179994,-0.28318482639431797,0.06416213867342838,-0.23969143907629384,1.3723717595109644,-0.05124242727431616,-0.12762824048903565,0,0,FOLLOWING,1.404705882521673,0.40363807495077314,0
17.216,3.9217239616983375,-0.28256259109641724,-1.8225146091759843,3.51361383342996,-1.5921448685931583,0.07116717973828281,-0.29391338899716163,0.07199989831001803,-0.2551945406817976,1.3716995364615323,-0.050377274158844854,-0.1283004635384677,0,0,FOLLOWING,1.3857890479326838,0.36911940738755655,0
17.248,3.9211489635044456,-0.28475787342597714,-1.8309902440977646,3.5036309623515307,-1.5906621621799752,0.0695092032266069,-0.29910339867491037,0.07092109228224915,-0.26486518597607306,1.3710241765456985,-0.049251042767474384,-0.12897582345430147,0,0,FOLLOWING,1.3859577312239064,0.352313581224875,0
17.28,3.920568474289225,-0.28689980739296167,-1.8396157334231582,3.493607877665493,-1.589051755717687,0.0656042300324118,-0.2978643338384043,0.06935262485454048,-0.2695482172045722,1.3703631079371525,-0.04802278321905562,-0.12963689206284745,0,0,FOLLOWING,1.381612171557645,0.32404011599031585,0
17.312,3.9200017173114765,-0.28892040088140347,-1.8482058017111491,3.4835447805388298,-1.5873137784914357,0.06039313921746289,-0.29258921151660444,0.06558065907030836,-0.26844128700306413,1.36978831236018,-0.04687531977594439,-0.13021168763982005,0,0,FOLLOWING,1.3781000684118032,0.3026998539704429,0
17.344,3.9194628415502795,-0.29077797638362907,-1.8566440400290143,3.4734418729415872,-1.5854483700278805,0.034793139217462896,-0.28520412220282215,0.060441507109648955,-0.263696514707275,1.3693451473670168,-0.04592379670928182,-0.13065485263298315,0,0,FOLLOWING,1.3202698169091478,0.2677535097494177,0
17.376,3.9191317578439238,-0.29188119163718873,-1.8649155429683393,3.4632993576428235,-1.5834556800839954,0.00919313921746289,-0.2933150443071068,0.035978047608082125,-0.2584859414618081,1.369652450908524,-0.045161405322073696,-0.13034754909147606,0,0,FOLLOWING,1.3021081460188415,0.3346857425436832,0
17.408,3.9190306334276315,-0.2921945102511188,-1.8734161079979452,3.453117438206537,-1.5813358686350476,0.0010906134470707407,-0.3013042112046382,0.010273221325162021,-0.2656442705561146,1.3707518183015812,-0.044186635154382925,-0.12924818169841878,0,0,FOLLOWING,1.357391460571903,0.35567552833473326,0
17.44,3.9190139489750058,-0.292223582683893,-1.882104929961288,3.4428963189875814,-1.5790891058617529,0.006916556570331625,-0.3063192153394028,0.0010260486890189143,-0.2715274403236364,1.372119117397855,-0.04305585926571176,-0.12788088260214492,0,0,FOLLOWING,1.370316085128023,0.35509687389036154,0
17.472,3.9189476791471054,-0.2924099781887412,-1.89093815308898,3.4326362051275665,-1.5767155721366153,0.005089199370265112,-0.301570037804354,0.006194247728174103,-0.27604007367701955,1.373295200752139,-0.04183123616962159,-0.12670479924786093,0,0,FOLLOWING,1.3585897128975801,0.3066713069791317,0
17.504,3.9188950824826723,-0.292553104186488,-1.899635018547393,3.422337302550735,-1.5742154580094443,0.0,-0.2925292593853196,0.0047699319145489355,-0.27177878474843203,1.3744919126782578,-0.04078699624594284,-0.12550808732174223,0,0,FOLLOWING,1.3415747811689385,0.27546783996587204,0
17.536,3.9188922702634708,-0.29254941175838306,-1.9080741278462592,3.4119998179598356,-1.5715889641920604,0.0,-0.2748339732420783,-7.79583500948314e-05,-0.2637237471025341,1.3758205314982528,-0.04004099087914614,-0.12417946850174721,0,0,FOLLOWING,1.363289282588816,0.2387273849894005,0
17.568,3.91889217530813,-0.29253992583377647,-1.9160013594665728,3.4016239588319728,-1.5688363015421782,0.0,-0.2549353830820342,-0.00027280252872595765,-0.24772730016345182,1.3771342877231785,-0.03985204760545268,-0.12286571227682153,0,0,FOLLOWING,1.3629049697085764,0.2144038874612545,0
17.6,3.918892404362641,-0.29253173376594355,-1.923355489482808,3.3912099334144408,-1.5659576910464814,0.015812666652363812,-0.23024832235332748,-0.0002382535130628626,-0.22981760818559718,1.3784275312187626,-0.040282123352592736,-0.1215724687812374,0,0,FOLLOWING,1.4120698815578965,0.2289553476355541,0
17.632,3.9187254215858847,-0.29297374856324276,-1.9300271150693722,3.3807579507205463,-1.5629533638028805,0.03531684774778492,-0.21303426757201555,0.014781593694839376,-0.20848907750624898,1.3792234129514576,-0.041456190346738975,-0.12077658704854244,0,0,FOLLOWING,1.4213846108605104,0.24987094232778723,0
17.664,3.9183368360449204,-0.2939967413199417,-1.9362055495835186,3.3702682205254115,-1.5598235610019593,0.06091684774778493,-0.18844686249697556,0.03421394326618293,-0.1930766910423899,1.3793827404834968,-0.043195052238554243,-0.12061725951650315,0,0,FOLLOWING,1.4810681874997524,0.30643681707388626,0
17.696,3.917659743915152,-0.29575331986726133,-1.9418210506659985,3.359740953361766,-1.556568533907614,0.08651684774778491,-0.1723420035211275,0.05884759715936003,-0.17548487075518088,1.3787415931958293,-0.04558006801200598,-0.12125840680417066,0,0,FOLLOWING,1.4376308554046224,0.238169733130636,0
17.728,3.916687405777305,-0.2982392848392403,-1.947164696491764,3.3491763605157177,-1.5531885438368793,0.09676510487957345,-0.1679232551467351,0.08343141451369511,-0.1669893418616399,1.3773040438307813,-0.04832878075154179,-0.12269595616921869,0,0,FOLLOWING,1.4365575036925886,0.2674931970508124,0
17.76,3.9155477477498835,-0.3011116326682415,-1.9520251912405384,3.338574654022518,-1.5496838621389506,0.09812384160232542,-0.16885198152886824,0.09656968247644063,-0.15189078949677806,1.3754383167160875,-0.05164693077968696,-0.12456168328391248,0,0,FOLLOWING,1.4239687523708426,0.26906286218146985,0
17.792,3.9143707512211323,-0.3040372659139173,-1.956900375353633,3.3279360466622996,-1.5460547701734,0.10319210661665851,-0.1749096188124907,0.09853889771301874,-0.15234983748602787,1.3735039656287709,-0.05502700262329329,-0.12649603437122914,0,0,FOLLOWING,1.4326079218388772,0.300221422088207,0
17.824,3.9131201182150566,-0.3071014750762931,-1.9619500804853243,3.3172607519558115,-1.5423015592875875,0.10260699754742594,-0.1768242807526535,0.10342006387677335,-0.1578036444524773,1.3714108182431908,-0.05831422145598597,-0.12858918175680922,0,0,FOLLOWING,1.4233375014853982,0.27490736697286,0
17.856,3.9118582945983174,-0.3101472863948864,-1.9670551248691077,3.3065489841601305,-1.538424530793273,0.09868117583204257,-0.18227198300829411,0.10301801250516464,-0.1595330040791524,1.3693298910087544,-0.06162159562911108,-0.13067010899124565,0,0,FOLLOWING,1.4153034687621966,0.2833778097571159,0
17.888,3.910627884676347,-0.3130729483495465,-1.9723170090501188,3.29580095826436,-1.534423995942424,0.09916188333226167,-0.1825217896061126,0.09917349567075737,-0.16443427335063396,1.3673735886353189,-0.06484244792755467,-0.13262641136468112,0,0,FOLLOWING,1.424391838917091,0.2728449615686733,0
17.92,3.9093790851261616,-0.31599802451470904,-1.9775862629598178,3.2850168899853194,-1.530300275902231,0.10508696524294805,-0.18850851191755566,0.09938590173420603,-0.16466457207653906,1.3654149949542431,-0.06813217523669368,-0.13458500504575688,0,0,FOLLOWING,1.4363692145842981,0.3101235028327782,0
17.952,3.9080432940953855,-0.3190817656403505,-1.9830280301643124,3.2741969957632096,-1.5260537017293219,0.1035758959750385,-0.20867803849819555,0.10502015866997975,-0.17005564826321048,1.3632836771617864,-0.0713361184235457,-0.13671632283821356,0,0,FOLLOWING,1.419775719542186,0.36190642471012807,0
17.984,3.9067057867181734,-0.3221228724592944,-1.989050381258023,3.263341492757273,-1.5216846143431852,0.09896342035653988,-0.23524624791504,0.10381474430731186,-0.18819904590021058,1.3612002010488107,-0.07403557872138601,-0.13879979895118932,0,0,FOLLOWING,1.4094516431359247,0.4000025565504929,0
18.016000000000002,3.905407986631928,-0.3250242008206766,-1.995837873094076,3.2524505988414325,-1.5171933644988,0.07750034751258938,-0.25439600938817203,0.09931643343424884,-0.21210993869468994,1.3592721085548631,-0.07603820370427394,-0.14072789144513687,0,0,FOLLOWING,1.3691472539529643,0.36479315565555537,0
18.048000000000002,3.904364336510145,-0.3273132051545465,-2.003190437318647,3.2415245325999207,-1.5125803127584778,0.057341519425937466,-0.26869280609033597,0.07859622652578457,-0.2297686658077889,1.3580186751350418,-0.07750969411317188,-0.14198132486495818,0,0,FOLLOWING,1.3616562949534785,0.354448213953217,0
18.080000000000002,3.9035764291722463,-0.32900307190534184,-2.010953582397867,3.230563513322889,-1.5078458294629153,0.03305796310552918,-0.2753023503017298,0.05825074373744823,-0.24259949606127212,1.3574301572994458,-0.07859771845298714,-0.14256984270055417,0,0,FOLLOWING,1.3434696912746293,0.32481405664938073,0
18.112000000000002,3.903106490698974,-0.329984967465913,-2.0189107773981068,3.2195677610020126,-1.5029902947014637,0.016135801682675283,-0.2763029359555163,0.03400207467907893,-0.24866365646328487,1.3576327532579335,-0.07950548275638658,-0.14236724674206647,0,0,FOLLOWING,1.3493949794973792,0.3051249463604126,0
18.144000000000002,3.902870434649373,-0.3304604448534257,-2.0268901022880503,3.2085374963260684,-1.4980140982816152,0.011196312093434968,-0.28050335731359993,0.016582012443790935,-0.24935524885969196,1.3584107489541546,-0.08041245348386461,-0.1415892510458454,0,0,FOLLOWING,1.3678769959222523,0.3289126921849509,0
18.176000000000002,3.90270984420134,-0.3307725194851383,-2.034980586886289,3.197472940676511,-1.4929176396977069,0.001785014043735207,-0.2883636188038608,0.010971575375273959,-0.25282906541959904,1.359389705171837,-0.08124995577488825,-0.1406102948281629,0,0,FOLLOWING,1.3546668073081685,0.3452447135969666,0
18.208000000000002,3.902679827732399,-0.3308201988882114,-2.043299831269608,3.1863743161230262,-1.4877013280988516,0.003693354612311741,-0.2924220840268299,0.0017547036054019497,-0.25997792255464697,1.3606864198211326,-0.0818921016526426,-0.1393135801788674,0,0,FOLLOWING,1.3767007423292155,0.34352370471339266,0
18.240000000000002,3.9026292790021806,-0.33090877535827,-2.0517339875745866,3.1752418454190767,-1.4823655822560884,0.0,-0.2941389485709073,0.0031942320310876177,-0.2635689845532533,1.3619637501365205,-0.08247268436865163,-0.1380362498634795,0,0,FOLLOWING,1.3447308560470608,0.32390160196253354,0
18.272000000000002,3.902629044641949,-0.3309009711778717,-2.0602177987370496,3.1640757519974283,-1.4769108305287657,0.0,-0.29492319273840784,-0.00020779507578461416,-0.2651207098016854,1.3633779974040652,-0.08304673015512609,-0.13662200259593482,0,0,FOLLOWING,1.345276329362121,0.32181408234187253,0
18.304000000000002,3.902631000872082,-0.33089077645136555,-2.0687243673776945,3.152876259965667,-1.471337510830149,0.0,-0.2969914692931569,-0.00030335271374469394,-0.2658318896424731,1.364826335277451,-0.08364705298235144,-0.135173664722549,0,0,FOLLOWING,1.334847831090041,0.32765307601891897,0
18.336000000000002,3.902632855241216,-0.3308822719285403,-2.077290599669194,3.1416435941017014,-1.4656460705922685,0.0,-0.30337556158539825,-0.0002556779821475262,-0.26769640642095754,1.3663065301488533,-0.08423659221133217,-0.13369346985114672,0,0,FOLLOWING,1.3256787190477828,0.3494588526462725,0
18.368000000000002,3.9026344285265484,-0.33087546308140775,-2.0860407356931243,3.130377979849252,-1.459836966729995,0.0,-0.31429119326034416,-0.00020549839359543535,-0.27344350167144754,1.367820930986271,-0.08469062291118146,-0.132179069013729,0,0,FOLLOWING,1.3319152653553163,0.3771791432634003,0
18.400000000000002,3.902635744554628,-0.3308700156755647,-2.0951054246880845,3.1190796433133254,-1.4539106656043623,0.0,-0.3265734133368516,-0.0001648560732034353,-0.28327347451721346,1.3693722887458204,-0.08487794598603271,-0.1306277112541796,0,0,FOLLOWING,1.331062947569044,0.39282108031394614,0
18.432000000000002,3.9026368424788602,-0.3308655278118996,-2.104524669319697,3.107748811255676,-1.4478676429851232,0.0,-0.33378461712508134,-0.00013572780938959475,-0.2943535732454579,1.370963423101917,-0.0847579336250255,-0.129036576898083,0,0,FOLLOWING,1.3025121490865463,0.37751754535026233,0
18.464,3.9026377600787603,-0.3308616865803042,-2.114152896930985,3.096385711090254,-1.4417083840125566,0.0,-0.3429591755047998,-0.00011560984000019604,-0.30088443853084057,1.3725970827938938,-0.08447551269278808,-0.1274029172061062,0,0,FOLLOWING,1.3477711184555445,0.4013110461969185,0
18.496,3.902638528431493,-0.3308584500933242,-2.1240458501777133,3.0849905708786456,-1.4354333831585206,0.0,-0.3564086062984561,-9.709826790296777e-05,-0.3091573111853864,1.3742757966457553,-0.08397435163294675,-0.12572420335424472,0,0,FOLLOWING,1.3262707087558006,0.4226382394729996,0
18.528,3.9026391704184435,-0.3308557250788876,-2.134326433729631,3.073563619325488,-1.4290431441867522,0.0,-0.3601154702895718,-8.14519688434202e-05,-0.3212710660663089,1.3760021355022967,-0.08313087823745889,-0.12399786449770334,0,0,FOLLOWING,1.3661635805191865,0.4041426876176595,0
18.56,3.9026397057160804,-0.33085320637710636,-2.144715146527318,3.062105085773887,-1.4225381801124284,0.0,-0.35764841832097527,-7.418444030624857e-05,-0.32465019500060005,1.377778839001695,-0.08222377774849932,-0.12222116099830505,0,0,FOLLOWING,1.3662984185699196,0.37845350117180615,0
18.592,3.9026401546832816,-0.33085088949184077,-2.1550335655822805,3.0506152002008093,-1.41591901316098,0.0,-0.3620714145655144,-6.733579771620295e-05,-0.3224534565727318,1.3796084067820569,-0.08143073536555079,-0.12039159321794313,0,0,FOLLOWING,1.3498803801941825,0.4026849728661539,0
18.624,3.9026405316632946,-0.33084891171605363,-2.1654789507730183,3.039094193212471,-1.4091861747261654,0.0,-0.36562468694820627,-5.71556774755241e-05,-0.3264212551880511,1.3814932252631438,-0.0805537629024573,-0.11850677473685622,0,0,FOLLOWING,1.3746500120333358,0.4149895457106762,0
18.656,3.9026408450698997,-0.3308471244516966,-2.1760268597911816,3.0275422960397007,-1.4023402053274099,0.0,-0.38464362540469826,-5.09949019761955e-05,-0.3296252129989658,1.3834359012542965,-0.07961639171794398,-0.1165640987457035,0,0,FOLLOWING,1.3686678421211484,0.48913638134196424,0
18.688,3.9026411072879132,-0.33084567687161537,-2.1871216539055376,3.015959740533309,-1.3953816545664133,0.0071663820264856294,-0.3918493170035776,-4.124089165370012e-05,-0.3467158726832985,1.385438809170738,-0.07817343533822418,-0.11456119082926208,0,0,FOLLOWING,1.394221906429517,0.4630179127204276,0
18.72,3.902514440969414,-0.33102256244990236,-2.198428255065043,3.0043467591594295,-1.3883110810830277,0.0035331473924534998,-0.3919618463452241,0.006804575291770214,-0.3533350502142151,1.387286630902695,-0.07657238476804906,-0.112713369097305,0,0,FOLLOWING,1.3553696256437213,0.41498777225607864,0
18.752,3.902444590330759,-0.3311196708068766,-2.2097366782828494,2.9927035849948536,-1.3811290525104072,0.006097492744049737,-0.3881228795667161,0.0037345978944539854,-0.35339199206331934,1.3892978076909983,-0.0750050479637987,-0.11070219230900169,0,0,FOLLOWING,1.3688549678918003,0.4036389097010975,0
18.784,3.90232950621766,-0.33127276829273344,-2.2209341978053887,2.981030451722353,-1.3738361454294399,0.02352775632378463,-0.3883103387365305,0.005986669086561527,-0.34992614159708546,1.391305265986096,-0.07359072049688598,-0.10869473401390395,0,0,FOLLOWING,1.4030454756255681,0.44152315177431833,0
18.816,3.9018874404859063,-0.3318507607439509,-2.2321422989788333,2.96932759362599,-1.3664329453224575,0.0445492189552397,-0.381185630878931,0.022751998511717532,-0.3502568260696745,1.3928489381920157,-0.07223538775403116,-0.10715106180798428,0,0,FOLLOWING,1.4219180763450556,0.42287369551222687,0
18.848,3.9010267344762095,-0.33295211625316223,-2.243146901134552,2.9575952455864147,-1.3589200465262339,0.06571964800808873,-0.36392292634263174,0.043693560775784845,-0.34389729033441374,1.3937981088298352,-0.07116265243360687,-0.10620189117016476,0,0,FOLLOWING,1.435678582734433,0.3842806246208566,0
18.88,3.8997284471542524,-0.33457692274678447,-2.2536536170380126,2.9458336430761514,-1.3512980521842697,0.08643767780569923,-0.3563847642704826,0.0650032835618262,-0.32833791491842057,1.3941438779020743,-0.07067010067917057,-0.10585612209792572,0,0,FOLLOWING,1.4438691325714452,0.42194020786412956,0
18.912,3.897990566393062,-0.3367056438431783,-2.2639416587125014,2.9340430221548726,-1.3435675741983721,0.11203767780569923,-0.3581516621463684,0.08588232209992844,-0.3215041856041446,1.3939030866030189,-0.07048126707023394,-0.10609691339698113,0,0,FOLLOWING,1.4766651335449172,0.4919281937757673,0
18.944,3.8957080573437417,-0.33944296322125944,-2.2742808143590865,2.92222361946466,-1.335729233179531,0.1299677976808297,-0.36520826929978106,0.111385238915638,-0.323101560632622,1.3929315426467008,-0.07033831146181768,-0.10706845735329917,0,0,FOLLOWING,1.4456155489919988,0.4822484453095334,0
18.976,3.8930154357778486,-0.3426043514652739,-2.2848199903830237,2.9103756722252574,-1.3277836583980942,0.13083299050930405,-0.3618792241686159,0.12976927565845237,-0.3293524091068277,1.391459367614924,-0.07008396349505208,-0.10854063238507594,0,0,FOLLOWING,1.4284190577572227,0.4244727486537266,0
19.008,3.8902527755711716,-0.34577736399737913,-2.295258324782798,2.8984994182293073,-1.319731487733251,0.1404402569235104,-0.35560678888968705,0.13145860183474697,-0.32620104661794114,1.3900220706668545,-0.06999079197214053,-0.10997792933314554,0,0,FOLLOWING,1.4490848060454469,0.4291687539606147,0
19.04,3.8872606841945623,-0.34913961949830935,-2.305517998610707,2.8865950958375794,-1.3115733676218218,0.1349809918221447,-0.35592997185105507,0.14064310084972587,-0.32061770826572855,1.3883840748326448,-0.07014927476325195,-0.11161592516735519,0,0,FOLLOWING,1.4181608045052325,0.42720799616994276,0
19.072,3.8843375193261953,-0.3523543440008419,-2.315784884087742,2.8746629439741853,-1.3033099530063588,0.11979399102006355,-0.35085126789415205,0.13576495294614324,-0.32084306714744537,1.386996509877121,-0.07034968372741757,-0.11300349012287891,0,0,FOLLOWING,1.394031267648372,0.38631021304766977,0
19.104,3.881702914076237,-0.35518867991431297,-2.325906443057334,2.8627032021217858,-1.2949419072825714,0.09677027693171725,-0.3439926998926625,0.1209059356246062,-0.3163014585349567,1.3861805586980047,-0.07072361612516431,-0.11381944130199528,0,0,FOLLOWING,1.3690346983536905,0.3621671631187679,0
19.136,3.87954063354144,-0.35746320405644866,-2.335830261331913,2.8507161103167813,-1.2864699022460648,0.08071194050115457,-0.3405372850947708,0.09804770870071428,-0.3101218719826083,1.3861938338016149,-0.07130399896852337,-0.11380616619838513,0,0,FOLLOWING,1.3725360072336563,0.3763541184767356,0
19.168,3.877723295554026,-0.35933284971799007,-2.3456508463791628,2.8387019091444983,-1.277894618038408,0.08692201590585383,-0.3428528336933078,0.08146571738397473,-0.3068957494750915,1.3868385499532059,-0.07200101821975968,-0.11316145004679412,0,0,FOLLOWING,1.4133199569383141,0.42893392228364935,0
19.2,3.875774501584036,-0.3613010578171516,-2.355537995677252,2.8266608397343562,-1.2692167430925325,0.10841638629703393,-0.3545092522393151,0.08656172331954187,-0.3089759467013534,1.387425805961785,-0.07268082937833453,-0.112574194038215,0,0,FOLLOWING,1.447719115874805,0.5046374212369233,0
19.232,3.873335949715561,-0.3637218124881683,-2.3657614674782272,2.8145931437550296,-1.2604369740774624,0.1114802291092845,-0.37298845616689835,0.10739478731997763,-0.3194862780732681,1.3874560930700808,-0.07310335318168182,-0.11254390692991922,0,0,FOLLOWING,1.4133791805379607,0.5152507852607321,0
19.264,3.870781410702979,-0.3662071483550245,-2.376517343948542,2.8024990634095994,-1.251556015842386,0.10228205961520165,-0.38084044492745467,0.1113770316570027,-0.33612438147501256,1.3874688431456061,-0.07304257735724562,-0.11253115685439385,0,0,FOLLOWING,1.3881355978800056,0.4635546449634003,0
19.296,3.8683978447654015,-0.3684745047799059,-2.387499435601579,2.79037884143069,-1.2425745813600706,0.10241162964210332,-0.382314455432105,0.10279286922116312,-0.3431938175032833,1.3878673983591567,-0.072777858553156,-0.11213260164084327,0,0,FOLLOWING,1.4055998713168836,0.4522528030824119,0
19.328,3.8659965294141085,-0.37070845379036405,-2.398524168039773,2.778232721075598,-1.2334933916696222,0.1047679642434285,-0.39005448428170475,0.1024896507550258,-0.3445263785142907,1.388390417628419,-0.07250420251167798,-0.11160958237158103,0,0,FOLLOWING,1.4083112736601395,0.4859919535033392,0
19.36,3.863518305423696,-0.37296367542977277,-2.4097718406190216,2.7660609461214083,-1.2243131758186023,0.09027157739626528,-0.39271254535695616,0.10471076399252596,-0.3514934738202068,1.3889595484747066,-0.07204408060810108,-0.1110404515252934,0,0,FOLLOWING,1.3714222917372854,0.44647524893485124,0
19.392,3.8613424449244014,-0.37489630402974483,-2.4210956600248617,2.7538637608601055,-1.215034670804497,0.09589991827994647,-0.3943770373617553,0.09093139055199675,-0.35387313594809644,1.39008687173994,-0.07151167989858465,-0.10991312826006006,0,0,FOLLOWING,1.409415123645353,0.46950542018088254,0
19.424,3.859031737086333,-0.37690349390773975,-2.4324676382903503,2.741641410093667,-1.2056586215155507,0.08687753310501162,-0.4044889337407527,0.09565176842103983,-0.3553781531085891,1.3911851797632895,-0.07096476949207142,-0.10881482023671052,0,0,FOLLOWING,1.375714203525793,0.4899317480420091,0
19.456,3.856902712969541,-0.378709040312501,-2.4441304055543234,2.7293941391291527,-1.1961857806709673,0.07282172342803596,-0.39865694168738175,0.08722841746244803,-0.36446560719778953,1.3926750536685466,-0.07013485757153193,-0.1073249463314534,0,0,FOLLOWING,1.363010657290696,0.41680394587600866,0
19.488,3.855092649011312,-0.3802049929213879,-2.4556249848333014,2.7171221937737755,-1.1866169087604765,0.06507967203856013,-0.4004571432891953,0.07337183971798139,-0.35920955616907113,1.3947318505722868,-0.06946624133198842,-0.10526814942771323,0,0,FOLLOWING,1.3682673191176042,0.45275753733583196,0
19.52,3.8534663029176404,-0.38151639108617014,-2.4671708054623296,2.7048258203299778,-1.1769527739832872,0.057461664732741044,-0.40315974173037883,0.06528373810528203,-0.3608109127716295,1.3971735745696265,-0.06874552000070323,-0.10282642543037346,0,0,FOLLOWING,1.363684344308379,0.45748653324092986,0
19.552,3.852017491227507,-0.38265594917778667,-2.478794274881326,2.692505265590479,-1.1671941521864118,0.060276096644735835,-0.40659111813504734,0.05759975427586086,-0.36323752344906296,1.3999888547348285,-0.06794310722826769,-0.10001114526517152,0,0,FOLLOWING,1.3826958055856529,0.47491056363026973,0
19.584,3.850497066485048,-0.383825337175858,-2.490516790200049,2.680160776833329,-1.1573418268023798,0.056803328081693555,-0.4079052832000771,0.05994699820381234,-0.366332818951418,1.4028595049397816,-0.06705167774764309,-0.09714049506021838,0,0,FOLLOWING,1.3698001303388132,0.4608952471315468,0
19.616,3.849044307040901,-0.3849158280340642,-2.5022772212546225,2.6677926018169393,-1.1473965887863458,0.0634355980215413,-0.40056695253071606,0.056766219215218114,-0.3675177156235538,1.4059631935480725,-0.06612045118467913,-0.09403680645192747,0,0,FOLLOWING,1.393137389442862,0.4371962391517432,0
19.648,3.8474191714999426,-0.38610863169503057,-2.5138266876361772,2.655400988775115,-1.1373592365525882,0.0781753647579304,-0.3963664102674797,0.06300430842032485,-0.3609248456235769,1.4090013553029135,-0.06541159536659391,-0.09099864469708652,0,0,FOLLOWING,1.4141388633289589,0.46374820848960774,0
19.68,3.845406510123217,-0.3875544251468794,-2.525255494643446,2.6429861864120707,-1.1272305759104133,0.0738507796204976,-0.3979764974734454,0.07745364484779643,-0.35715410773094525,1.4117136547055058,-0.06484796836718942,-0.0882863452944942,0,0,FOLLOWING,1.376512977200953,0.4600192157230926,0
19.712,3.8434659727692946,-0.3889143867835109,-2.5367304443304213,2.630548443897439,-1.1170114199994632,0.08082314060800207,-0.4051748143762961,0.07404640393690126,-0.35859611371993183,1.414671064814178,-0.0642326708136025,-0.08532893518582196,0,0,FOLLOWING,1.3974992826163342,0.5026629682602992,0
19.744,3.841338017649997,-0.3903706730473232,-2.548412866971085,2.618088010861269,-1.1067025892244367,0.0932813539133896,-0.4099465670050811,0.08058284567727242,-0.3650798595972707,1.4175584620193264,-0.06341781627320486,-0.08244153798067355,0,0,FOLLOWING,1.4129452904828805,0.5094421075212676,0
19.776,3.8388683000663284,-0.39202066831217197,-2.5602333994833955,2.6056051373890186,-1.0963049111892254,0.09747269185678131,-0.40252656969054124,0.09282443635498171,-0.3693959424288458,1.4201951708063738,-0.06248064694153088,-0.07980482919362619,0,0,FOLLOWING,1.4031996435047365,0.44867896497061777,0
19.808,3.8362553731091174,-0.3937220451817487,-2.5718405649740235,2.593100074016532,-1.0858192206304738,0.1050951960348141,-0.38587102753063224,0.09743666789545134,-0.3627280033275238,1.422825919754795,-0.06175944918417908,-0.077174080245205,0,0,FOLLOWING,1.4157168045421897,0.41234341799001073,0
19.84,3.8334198670575637,-0.39552219759393925,-2.582968191471703,2.5805730717250146,-1.0752463593505663,0.10273342226745903,-0.36771373537044777,0.10495872604057482,-0.34774192529213177,1.4253596137995448,-0.06152385967216478,-0.07464038620045521,0,0,FOLLOWING,1.398147181413586,0.37718712763992895,0
19.872,3.8306160452751,-0.39725770275332384,-2.593572397968705,2.5680243819359907,-1.0645871761500427,0.11816783587622524,-0.37629780380543815,0.10303910024123372,-0.33138457046793834,1.428098853160159,-0.06180263660067187,-0.07190114683984095,0,0,FOLLOWING,1.4305019362916764,0.5162171578452872,0
19.904,3.827393497125765,-0.3992073601900676,-2.604423659187104,2.5554542565062635,-1.0538425267594604,0.1288733102061847,-0.370157511146978,0.11770706329577184,-0.33910524100212086,1.4305162121196147,-0.061850527724947035,-0.06948378788038534,0,0,FOLLOWING,1.4301951953456695,0.45488774556264805,0
19.936,3.8238488995255997,-0.4013005394322917,-2.6150986062005854,2.542862947722856,-1.0430132737706939,0.14770600153885532,-0.36816717752857586,0.12864230457748127,-0.33359527513229503,1.4327317411602387,-0.06208496630914073,-0.06726825883976129,0,0,FOLLOWING,1.4527594188532102,0.49242436641486953,0
19.968,3.8197698311467874,-0.4036533769343059,-2.6257227689459417,2.53025070829795,-1.0321002865676827,0.1605523705085536,-0.37499260279457886,0.14716207863209863,-0.33200822346044057,1.4345051712770422,-0.06239353970664307,-0.06549482872295775,0,0,FOLLOWING,1.4456104654335344,0.5215233403433239,0
20.0,3.815297858712739,-0.406169867237387,-2.6365409731201286,2.5176177913638123,-1.0211044412566395,0.17483512610674198,-0.38956824789757766,0.16035555611345215,-0.33807221671179427,1.4360076906197106,-0.06252388845894741,-0.06399230938028944,0,0,FOLLOWING,1.4513587404049855,0.567151054250576,0
20.032,3.8103984640648005,-0.408857877119191,-2.647781657243946,2.504964450467714,-1.0100266205957134,0.17305772769495256,-0.3899817512314339,0.17463359018738778,-0.35127512709047987,1.4372062558969534,-0.06224930418665408,-0.06279374410304661,0,0,FOLLOWING,1.4240251979057506,0.4873511872421559,0
20.064,3.8054966541891155,-0.4114732193722213,-2.659029225685163,2.4922909395668444,-0.9988677139241218,0.17435046658807352,-0.3905801211167129,0.1736066657798252,-0.35149029375428376,1.4385901227057247,-0.0619586277880475,-0.06140987729427527,0,0,FOLLOWING,1.4294718985964048,0.4949298717554107,0
20.096,3.8005332243263035,-0.41404860023246526,-2.6702946001378787,2.4795975130232106,-0.9876286170907529,0.17301262302549247,-0.3709520115910574,0.17473260555013817,-0.3520467191211337,1.4400920766169647,-0.06164186423923158,-0.0599079233830353,0,0,FOLLOWING,1.4284207029988738,0.40451073898505613,0
20.128,3.7955781980454097,-0.41654786185455084,-2.6809968190779476,2.4668844255985354,-0.9763102323822468,0.18634820369540867,-0.3633448997489664,0.17341567660248966,-0.3344475632937554,1.4417909184059565,-0.06187371841051981,-0.05820908159404348,0,0,FOLLOWING,1.4586366192001186,0.4781307996925864,0
20.16,3.790237210326397,-0.4191730945994942,-2.6914938574346214,2.4541519324491414,-0.9649134684505581,0.21194820369540868,-0.35806834570349727,0.18597953356508487,-0.3280354677761536,1.4432451023341262,-0.06231874534272297,-0.05675489766587383,0,0,FOLLOWING,1.4964278755023166,0.5298389330141425,0
20.192,3.7841493298054236,-0.4220906809892017,-2.701853937396249,2.4414002891208315,-0.9534392402400093,0.23754820369540866,-0.3584183229824089,0.2109752411006047,-0.323755401056615,1.4440589592109117,-0.06293006522199329,-0.05594104078908835,0,0,FOLLOWING,1.501842709746227,0.5537089558341463,0
20.224,3.77728730575536,-0.4252944264487601,-2.7122278632911914,2.42862975154376,-0.9418884689138368,0.2417294432205827,-0.35464830098978456,0.23666501488624864,-0.32418813024072474,1.444211412239366,-0.06356130156351948,-0.05578858776063389,0,0,FOLLOWING,1.4638671518690698,0.4872481631870739,0
20.256,3.7702355336046627,-0.4284952847640001,-2.722475421166727,2.415840576027297,-0.9302620817802416,0.23437359750879616,-0.3588689456645025,0.24199499199514832,-0.3202390834436752,1.4443530107625808,-0.06432131172311317,-0.055646989237419175,0,0,FOLLOWING,1.4402287441940969,0.4948491638978609,0
20.288,3.7633429561740632,-0.43153338083538895,-2.7328464732938036,2.403033019254879,-0.9185610122179377,0.24050638313053432,-0.3692108381478159,0.2353684735054052,-0.32409836535904707,1.4448664430358849,-0.06493836831749178,-0.05513355696411515,0,0,FOLLOWING,1.4634560605591242,0.5518053405714536,0
20.32,3.7562677194362704,-0.43456832010226226,-2.7435190101037117,2.390207338278865,-0.9067861996012283,0.22806366945031728,-0.37316954509665845,0.24057476527130467,-0.33351996672211986,1.4453756226968875,-0.06525377311173708,-0.05462437730311254,0,0,FOLLOWING,1.4242415425636916,0.49136772796324624,0
20.352,3.7494942092648404,-0.43738103040292975,-2.754315784294496,2.3773637905153717,-0.8949385892245858,0.20246366945031727,-0.38188531480378757,0.22917623103888837,-0.3374025121478084,1.4464096258295662,-0.06540776138288917,-0.053590374170433774,0,0,FOLLOWING,1.3837172166578822,0.486077936441158,0
20.384,3.743430354200498,-0.43981617262309847,-2.765382360835963,2.3645026337391086,-0.8830191322267638,0.1869926243377288,-0.3957160545432537,0.20417688677404644,-0.34583405221875274,1.4484027484295559,-0.06522766083336595,-0.05159725157044415,0,0,FOLLOWING,1.3939728083542469,0.5265159208112394,0
20.416,3.737821550703116,-0.4419947156469182,-2.7768343162269935,2.3516241260782054,-0.8710287855144396,0.17082653837736367,-0.39880331226908367,0.18801651839575217,-0.35787751600527634,1.451073234934689,-0.06460496631339165,-0.048926765065310907,0,0,FOLLOWING,1.3837735727986586,0.48133992122050157,0
20.448,3.732675278225634,-0.4439230137101757,-2.788377996542902,2.33872852600903,-0.858968511685392,0.17191996643346807,-0.40467945196599575,0.17172743756213635,-0.3607440211262834,1.4544243924675886,-0.06382477403872411,-0.04557560753241141,0,0,FOLLOWING,1.4131297746645062,0.523067469664084,0
20.48,3.727515036318252,-0.44579526757552435,-2.8000668587145743,2.3258160923510003,-0.8468392789512227,0.18324424459093414,-0.39457012066073593,0.17154502620229417,-0.3652811385208909,1.4579424640839636,-0.06285773577078535,-0.04205753591603645,0,0,FOLLOWING,1.4396598020416151,0.4850867834321987,0
20.512,3.722011295999561,-0.44772407854983626,-2.8114900428229017,2.3128870842613924,-0.834642061059628,0.18270021676659118,-0.38706754001421034,0.18225719389874254,-0.3569784046108401,1.4612790867237384,-0.062126479234064114,-0.03872091327626159,0,0,FOLLOWING,1.4182909521947296,0.46587036992834063,0
20.544,3.716480450552306,-0.449590766555312,-2.8226783709848537,2.299941761230136,-0.8223778372162246,0.2083002167665912,-0.3751249644571293,0.18241628226417617,-0.34963890452637836,1.4647703090923558,-0.06158150187524303,-0.03522969090764416,0,0,FOLLOWING,1.481378878379392,0.5195200717803308,0
20.576,3.710193652851957,-0.45164211127815257,-2.8335768028329724,2.2869803830746074,-0.8100475920059385,0.2339002167665912,-0.3677041974959008,0.20667228464647758,-0.340579364221938,1.4676479482103497,-0.06131710861406203,-0.03235205178965028,0,0,FOLLOWING,1.500988553446235,0.5539080824888836,0
20.608,3.703120759989951,-0.4538679259051161,-2.84437376152281,2.274003209934416,-0.797652315313961,0.25291123622505873,-0.3560088129721099,0.23172615903304275,-0.33740823538144943,1.4698859405674807,-0.061147208692565076,-0.030114059432519324,0,0,FOLLOWING,1.475789452031634,0.49426381029993705,0
20.64,3.6954076835574114,-0.4562049380685131,-2.854722141816649,2.261010502266184,-0.7851930022462813,0.27047911098969457,-0.3493214365801687,0.25185904290593625,-0.32338979839827386,1.4716414033546534,-0.06141354630012641,-0.028358596645346568,0,0,FOLLOWING,1.4924086378442136,0.5287807378878416,0
20.672,3.6871235597236702,-0.45862225122459377,-2.864875470157419,2.248002520838311,-0.772670653049793,0.2797659302504262,-0.3577563030656093,0.2696749528215082,-0.31729428215788474,1.4729887179647496,-0.06186307554700621,-0.027011282035250384,0,0,FOLLOWING,1.4781278567091451,0.5660091901146945,0
20.704,3.6785115127092345,-0.46103936713925425,-2.875251799572953,2.2349795267257537,-0.7600862730320009,0.29033119661209483,-0.36737778248294045,0.2795169565626001,-0.32426326968846675,1.4741823654085127,-0.062067052238112826,-0.025817634591487337,0,0,FOLLOWING,1.482871495202963,0.5829755896424829,0
20.736,3.6695509362465293,-0.4634546055354724,-2.8859148836992605,2.221941781304775,-0.747440872480309,0.29654998516715525,-0.3682648949431736,0.29000244675012465,-0.3332246015355866,1.4752018388289938,-0.06196176034745138,-0.024798161171006194,0,0,FOLLOWING,1.4784235721561347,0.5479646970537115,0
20.768,3.6603663882093387,-0.4658245474382134,-2.8966021973095186,2.208889546247703,-0.7347354665809144,0.3099489929595156,-0.3627190130225377,0.2964059137207003,-0.33398180371917147,1.4761768543047595,-0.06180043210427977,-0.023823145695240466,0,0,FOLLOWING,1.4979993647609247,0.5498902129226515,0
20.8,3.650757850193829,-0.46819634978502994,-2.9071646931384,2.1958230835176784,-0.7219710753373072,0.3355489929595156,-0.3495015388062501,0.3092724748579063,-0.3300811207297443,1.4769010754319731,-0.061741777197529935,-0.02309892456802687,0,0,FOLLOWING,1.5463436883055859,0.5907867579628419,0
20.832,3.640363498608245,-0.4706499063130868,-2.9174464436307614,2.182742655363396,-0.709148723488384,0.35149051136197357,-0.347808912920348,0.33375162162513056,-0.3213075868349626,1.477003794326826,-0.06196137923707212,-0.022996205673174064,0,0,FOLLOWING,1.5102336874511268,0.5671552950022158,0
20.864,3.6294198850556563,-0.4731137046296282,-2.9276139567817094,2.1696485243138426,-0.6962694404261801,0.3770905113619736,-0.350567715624225,0.35054120877561207,-0.31773762006663236,1.4767298019816986,-0.06228276527027666,-0.023270198018301436,0,0,FOLLOWING,1.5567385770423232,0.6520896340317994,0
20.896,3.617670706659176,-0.4756367575629464,-2.9379095785860607,2.156540953173025,-0.6833342601132293,0.3928127553944482,-0.34158699829269323,0.375529555013968,-0.32174111478341144,1.475817878021582,-0.06248049225141683,-0.02418212197841796,0,0,FOLLOWING,1.5312298647370564,0.5701989066477606,0
20.928,3.6053839417581246,-0.4781421578632185,-2.947925163610743,2.1434202050147,-0.6703442209995559,0.41307710178403,-0.3368383348508497,0.39185194790400096,-0.31298980146860844,1.4745438618863331,-0.06294874144658413,-0.02545613811366687,0,0,FOLLOWING,1.5547928346795379,0.6172797535367379,0
20.96,3.5924475122491377,-0.48064714820131577,-2.9578381983296267,2.130286543177091,-0.6573003659393073,0.4224075086534329,-0.34607470556764164,0.4117640368878058,-0.3097850037111317,1.4727936239727861,-0.06352066615362562,-0.027206376027213874,0,0,FOLLOWING,1.5360038166274772,0.6366839182495753,0
20.992,3.579167764805617,-0.4830801454340241,-2.9679636175900947,2.1171402312576038,-0.6442037421070319,0.4120740216903475,-0.3557336507027507,0.42188180093394,-0.3164222123814395,1.4708790984500846,-0.06386638859778815,-0.029120901549915423,0,0,FOLLOWING,1.4935490186708007,0.5870992544094876,0
21.024,3.566099029409094,-0.48532480302423464,-2.9784147595782837,2.103981533107535,-0.6310554009136117,0.40053878015576405,-0.36416835346268134,0.4143489474194208,-0.32660134091000514,1.4693620997399977,-0.06383507263084454,-0.03063790026000235,0,0,FOLLOWING,1.483381698091063,0.579374026855885,0
21.056,3.553360805278168,-0.48737220740089426,-2.9891607464575918,2.090810712826781,-0.6178563979218543,0.3880185508923876,-0.3544652218588355,0.40314969775590814,-0.33581540430227547,1.4683592533523502,-0.06345059144261578,-0.03164074664764982,0,0,FOLLOWING,1.476906088683336,0.5080605309956594,0
21.088,3.5409913335912955,-0.4892209546615579,-2.9996780101763654,2.0776280347585265,-0.6046077927617467,0.38078548031818027,-0.347002909812579,0.3908149859504989,-0.32866755425221217,1.4679054011677601,-0.06322701248044103,-0.03209459883223986,0,0,FOLLOWING,1.4820294772177365,0.5222531487215162,0
21.12,3.528849470962174,-0.4909056228037377,-3.00995363550881,2.064433763483954,-0.5913106490453944,0.3731950003152207,-0.3448735483261148,0.38305115915566756,-0.3211161209265588,1.4678537166909795,-0.06318295313636924,-0.032146283309020474,0,0,FOLLOWING,1.4753162140952503,0.532139454657493,0
21.152,3.5169351862241465,-0.49243426325122763,-3.0201675992977894,2.051228163816922,-0.5779660342816286,0.38020138722211516,-0.35078031750725963,0.3753588726986067,-0.31918914337052834,1.4682005174326322,-0.06313586052037179,-0.031799482567367754,0,0,FOLLOWING,1.500733868994398,0.6005941635741223,0
21.184,3.504881862154733,-0.4938670476472185,-3.03039715482839,2.038011500798654,-0.5645750197903067,0.3813037665710792,-0.3622362357471047,0.379312296030695,-0.3196764006883889,1.4685735508817737,-0.06302949475479425,-0.03142644911822634,0,0,FOLLOWING,1.4874897769582691,0.608810335971993,0
21.216,3.4927281121679385,-0.4951813297088905,-3.040960462329836,2.0247840396924213,-0.5511386806163053,0.380504645610833,-0.3679796201025386,0.3820115927437091,-0.3301064289859586,1.469010219514004,-0.06253110028437003,-0.030989780485995988,0,0,FOLLOWING,1.4822460344589818,0.5885531276666808,0
21.248,3.480567543705656,-0.4963653841098624,-3.05175884627995,2.011546045978214,-0.537658095443215,0.3863203093621016,-0.3618413683784587,0.38180434898158605,-0.3374527778504144,1.469601731352626,-0.06173221641074234,-0.03039826864737405,0,0,FOLLOWING,1.497464057807233,0.5710702532133868,0
21.28,3.4682550293048395,-0.49743765708946497,-3.062186979339916,1.9982977853474178,-0.5241343465067421,0.3924171430328978,-0.34657099763281907,0.38621487341650224,-0.32588211067267203,1.470199650485859,-0.06124612921438465,-0.02980034951414101,0,0,FOLLOWING,1.5023904700172352,0.5441055207249226,0
21.312,3.455739171584353,-0.4983973983111751,-3.0721756473645843,1.9850395236974772,-0.5105685195078256,0.40965540785093413,-0.33504858479911037,0.3922629033325822,-0.3121484711733983,1.470750009514113,-0.061141459707063195,-0.029249990485886945,0,0,FOLLOWING,1.529207171039738,0.5920360980942426,0
21.344,3.442757581795606,-0.4992661821374592,-3.0822471124604855,1.9717715271265623,-0.49696170352547625,0.42086475243582583,-0.3418261375781477,0.4065808871608958,-0.3147359398203711,1.4709878597909885,-0.060912161505738,-0.02901214020901155,0,0,FOLLOWING,1.5197743370775094,0.6333352925209377,0
21.376,3.4293451170769145,-0.500028122348369,-3.092214292388963,1.958494061928226,-0.4833149909293439,0.4268812542067385,-0.3463627845757805,0.419811309119637,-0.3114769589385043,1.4709460068927886,-0.060740770812824495,-0.02905399310721135,0,0,FOLLOWING,1.511317480304875,0.6170735268564117,0
21.408,3.415699300849572,-0.5006678651944589,-3.1021983813781993,1.9452073945860602,-0.46962947729202087,0.40817539793198016,-0.353456798774165,0.4268891459621204,-0.3120053882441763,1.470819440961425,-0.06049862479770976,-0.02918055903857497,0,0,FOLLOWING,1.4568307896572115,0.5549307895604266,0
21.44,3.4024578461757664,-0.501144470874834,-3.1131758315547144,1.9319117917683468,-0.4559062613010886,0.40588445765657827,-0.36505393354367777,0.4140356167518455,-0.3430487959636515,1.4712417183245816,-0.05916998823773969,-0.028758281675418385,0,0,FOLLOWING,1.4809840430168244,0.6149342086532599,0
21.472,3.3894555341463244,-0.5014785542712694,-3.1236970945860456,1.9186075203227078,-0.4421464446709144,0.4158423573345739,-0.36624869062281384,0.40643495644359523,-0.328792506417434,1.4720442177456852,-0.05821240919121998,-0.02795578225431483,0,0,FOLLOWING,1.506492152360038,0.6220233063692473,0
21.504,3.376159091875887,-0.501680991666646,-3.1342532907691556,1.9052948472707436,-0.4283511320542003,0.41629754153626736,-0.3663743144243584,0.4155555361935522,-0.32988419445087513,1.472691038326994,-0.05715306666815259,-0.027308961673006005,0,0,FOLLOWING,1.4895165871297342,0.5945932361471391,0
21.536,3.3628336655149966,-0.5017432503797828,3.1383720738172287,1.8919740398026819,-0.4145214309533075,0.4240603736235744,-0.3735164636059817,0.4164102032395546,-0.33000127689040093,1.4734434785001547,-0.05600995128658193,-0.02655652149984533,0,0,FOLLOWING,1.5031828952715025,0.642626190606662,0
21.568,3.349269210594044,-0.5016635614599283,3.127605880541814,1.8786453652720096,-0.4006584516313401,0.44881338431822515,-0.37886146546219635,0.4238869321918617,-0.33644679311292935,1.474088371381191,-0.05458734807180532,-0.025911628618809024,0,0,FOLLOWING,1.5424047952012172,0.7008188546819358,0
21.6,3.3349370429975735,-0.5014223100382621,3.11668301981115,1.8653090911901087,-0.38676330702301315,0.44952498273565755,-0.3714194278984796,0.44794632829218833,-0.34134280331081746,1.4740939602705978,-0.05295170976058561,-0.025906039729402197,0,0,FOLLOWING,1.501466723259162,0.5952068846647711,0
21.632,3.3205488003587114,-0.5010218413621065,3.1059734209678322,1.8519654852208869,-0.372837112645305,0.45245214942741563,-0.35433014902316945,0.4497893200089164,-0.33467820477505156,1.4741669777122952,-0.051444727479597045,-0.025833022287704788,0,0,FOLLOWING,1.5082830025678267,0.5725826704273991,0
21.664,3.3060735981840708,-0.500463457016943,3.0957553124181976,1.8386148151754054,-0.3588809865079026,0.46029848420777675,-0.33871050097532934,0.45267151431064806,-0.3193186962014414,1.4742729990692756,-0.05034634402784244,-0.025727000930724442,0,0,FOLLOWING,1.5203065264712936,0.5902491520858423,0
21.696,3.2913620593152317,-0.49974369850455286,3.0859872072317653,1.825257349006504,-0.3448960490234463,0.44643340834577944,-0.33181853739357947,0.46027654119862943,-0.3052557267427802,1.474259412769429,-0.049622839026422394,-0.025740587230570933,0,0,FOLLOWING,1.4735949482412323,0.5370204196039449,0
21.728,3.277071649098215,-0.4989001755569258,3.0764207049756616,1.8118933548034235,-0.33088342291758205,0.43697080620849066,-0.3267500629499654,0.44732851052511613,-0.2989554863054821,1.4747803440648595,-0.04900257824308874,-0.025219655935140528,0,0,FOLLOWING,1.474866065308052,0.5456027367966331,0
21.76,3.2631007656094004,-0.49793908167898066,3.067002301256524,1.7985231007864246,-0.3168442331388277,0.41137080620849065,-0.318002364191757,0.4376037708290706,-0.29432729111526396,1.4757313713769529,-0.048435070473990656,-0.024268628623047128,0,0,FOLLOWING,1.4219080162758828,0.4550030209290229,0
21.792,3.249744448247525,-0.4969145638467706,3.056826727247291,1.7851468553014047,-0.30277960676826104,0.40520114432383625,-0.3009986803644681,0.41858082222566856,-0.3179894465507157,1.477408031257257,-0.0470175848972878,-0.02259196874274294,0,0,FOLLOWING,1.474422613437876,0.5100842047187732,0
21.824,3.236761043908335,-0.49576499268089025,3.0478831124548282,1.771764886814512,-0.28869067292903655,0.3936675500138222,-0.2894975128666643,0.40730605325837826,-0.2794898089631508,1.4795585538262293,-0.04670827074332351,-0.02044144617377075,0,0,FOLLOWING,1.4494016010630302,0.47997947684736103,0
21.856,3.224209351238893,-0.4945402784588136,3.0395412609373067,1.758377463906759,-0.2745785626957394,0.36806755001382224,-0.27514951993694553,0.39409193173099943,-0.2606844170232415,1.482243663613079,-0.046896555455243405,-0.01775633638692109,0,0,FOLLOWING,1.404985190203719,0.3987864517765702,0
21.888,3.212300132515146,-0.4932964291439391,3.0307353031999265,1.7449848552686265,-0.2604444090035762,0.3424675500138222,-0.2679894863249398,0.3741677485750967,-0.2751880701714296,1.4856763396259896,-0.04652284906184434,-0.01432366037401045,0,0,FOLLOWING,1.379131839646507,0.38629479730726884,0
21.92,3.201216252548103,-0.49203966194046916,3.022157541325418,1.7315873296946784,-0.24628934655743007,0.3310708567806965,-0.2571544619103164,0.3485696217984517,-0.2680567802335791,1.4900343581267446,-0.04625121133010124,-0.009965641873255437,0,0,FOLLOWING,1.436826362976716,0.46081499138659915,0
21.952,3.1906282508741772,-0.49073061606860846,3.0144107553141737,1.7181851560781625,-0.2321145117407597,0.3437824452567185,-0.2640899198799239,0.333388794209589,-0.242088347138324,1.4949819252520007,-0.04668217896560912,-0.005018074747999313,0,0,FOLLOWING,1.46268491616815,0.5540933626844191,0
21.984,3.1797509449353827,-0.48931375592850607,3.006802452027179,1.704778603405614,-0.2179210425243707,0.35914092910573486,-0.27317052330903263,0.34280107279295985,-0.23776080579170025,1.4997324471940545,-0.04717304336768624,-0.00026755280594548125,0,0,FOLLOWING,1.4734560247968218,0.5795161532682396,0
22.016000000000002,3.168401001445447,-0.48774993820524887,2.9989309089500638,1.6913679407514581,-0.20371007837505803,0.37960656386898917,-0.27403493616397673,0.35805108076532255,-0.24598706218574198,1.5040961752346182,-0.04732330525838658,0.004096175234618249,0,0,FOLLOWING,1.4930539148107707,0.5866078609007761,0
22.048000000000002,3.156416171431529,-0.48600417333519375,2.9910314994968203,1.677953437272608,-0.18948276016412857,0.404142350106728,-0.2621637074090616,0.37849267941318243,-0.24685784097805127,1.507904839426427,-0.04737341215381941,0.007904839426426946,0,0,FOLLOWING,1.5143022063556009,0.5830332947119135,0
22.080000000000002,3.143668331295972,-0.484045682743445,2.9834706959475326,1.6645353622030639,-0.17524023007581066,0.429742350106728,-0.2604299202973712,0.40305771837773513,-0.2362762255552227,1.5110245358215944,-0.04769634343934425,0.01102453582159435,0,0,FOLLOWING,1.5316346792750484,0.6311679924377296,0
22.112000000000002,3.1301217096440133,-0.48186077793935445,2.9759576135164565,1.6511139848485095,-0.1609836315155582,0.455342350106728,-0.2636265947597561,0.428813101955221,-0.23478491662917375,1.5134153405796609,-0.04800836098102446,0.013415340579660873,0,0,FOLLOWING,1.5679994723777788,0.7024741285502838,0
22.144000000000002,3.1157780814651095,-0.4794376497215099,2.968350260324258,1.6376895745809061,-0.14671410901825707,0.48094235010672803,-0.2667384146663603,0.4545955060819727,-0.2377309402169974,1.515074449893893,-0.048170974691485124,0.01507444989389306,0,0,FOLLOWING,1.5621294642863137,0.6867481681753761,0
22.176000000000002,3.1006415965816356,-0.4767626859230195,2.9606509261869456,1.6242624008330873,-0.13243280815634054,0.4906516736261516,-0.27062582125906176,0.4803471135900341,-0.2406054241863362,1.516000855660031,-0.048188324384833336,0.016000855660031066,0,0,FOLLOWING,1.4952151087946284,0.5741367861642259,0
22.208000000000002,3.0851952432107947,-0.4739096594216631,2.9528386404895652,1.61083273309335,-0.11814087544782147,0.4908189944960802,-0.2762882033807706,0.4908506313817018,-0.24413526196900062,1.5166793461012247,-0.04802307805307082,0.01667934610122468,0,0,FOLLOWING,1.507685466031156,0.6050715710384509,0
22.240000000000002,3.0697527549221504,-0.4709253327213814,2.9448631951657664,1.5974008409000469,-0.1038394582642487,0.492144340154602,-0.2897472306090335,0.4914867124262477,-0.24923409930058113,1.5174228803964007,-0.04760852384453296,0.01742288039640072,0,0,FOLLOWING,1.5074260485895226,0.6343972127469919,0
22.272000000000002,3.0542970148160604,-0.4678093794437462,2.9365002104253404,1.5839669938361776,-0.08952970473859623,0.4948863439491034,-0.28787985310009273,0.4926910704693858,-0.261344863747592,1.5182114091554368,-0.04672180259584069,0.018211409155436842,0,0,FOLLOWING,1.5110965832239713,0.600897238612036,0
22.304000000000002,3.038787154296017,-0.46454629870771935,2.928190042825627,1.5705314615239723,-0.0752127636730842,0.4966857642399951,-0.29053183645795105,0.4952784574551151,-0.259694291595627,1.5189981503807313,-0.04579952286860678,0.01899815038073127,0,0,FOLLOWING,1.5094643739107982,0.612381123885167,0
22.336000000000002,3.023249786562321,-0.46114161156306965,2.9198036230084745,1.5570945136194894,-0.06088978444696032,0.49187077242717536,-0.27902988717066,0.49704855438121365,-0.2620771972111072,1.5198068329520869,-0.044711412165739706,0.01980683295208685,0,0,FOLLOWING,1.4962706975034847,0.5518221753416616,0
22.368000000000002,3.0078849031502806,-0.4576383089563639,2.911748713988193,1.543656419807197,-0.04656191692422088,0.47646431611980106,-0.2679498240517106,0.49245772218868133,-0.2517172990417795,1.5208382068843982,-0.04385645971682095,0.02083820688439819,0,0,FOLLOWING,1.470357977424751,0.5063981346319302,0
22.400000000000002,2.9930171016289306,-0.4541208255542708,2.904015135810663,1.530217449794562,-0.032230311361299786,0.4714380520144057,-0.2494701289941279,0.47742136869713936,-0.2416755311056239,1.5224238658707236,-0.04321544578930458,0.022423865870723647,0,0,FOLLOWING,1.4867243229764688,0.5144480869937621,0
22.432000000000002,2.978351357554799,-0.4505315060732043,2.8968154845644944,1.5167778733066368,-0.017896118314724783,0.48747542037791436,-0.24092439620790707,0.4718194577094051,-0.22499007318829214,1.524260617020017,-0.04301193473216758,0.024260617020017028,0,0,FOLLOWING,1.5294442550122802,0.6094397393473406,0
22.464000000000002,2.9632450382861846,-0.4467290442866323,2.88986279791808,1.5033379600806465,-0.0035604885487495706,0.4833985393144471,-0.23018899590005407,0.4868039285790964,-0.2172723273687046,1.5256890396766414,-0.04298926036890949,0.02568903967664138,0,0,FOLLOWING,1.4925175183156678,0.5329629699922054,0
22.496000000000002,2.9482635118057634,-0.44284135834210625,2.883220740345805,1.4898979798605743,0.010775427057030803,0.5019959841061615,-0.23436664541729554,0.4836702356273369,-0.20756506075772307,1.5272845880063155,-0.04318652895179254,0.027284588006315502,0,0,FOLLOWING,1.5380382771562073,0.6485878846780586,0
22.528,2.9327615673482224,-0.4387185830668506,2.8764588148286045,1.4764582023917479,0.02511047760007376,0.5254269833893181,-0.24462015901747988,0.5012815261622732,-0.21131095885013154,1.528383750339787,-0.0432056262025502,0.028383750339787017,0,0,FOLLOWING,1.5554046565824127,0.6945137531149569,0
22.56,2.9165686666014135,-0.43429710018473133,2.869400398791524,1.4630188974154272,0.03944351224728347,0.5342712298450457,-0.2633467272320951,0.5245604253607811,-0.22057640306949045,1.5288025050241427,-0.042871323461010746,0.02880250502414272,0,0,FOLLOWING,1.5315904413149053,0.6805234623818388,0
22.592,2.90011076212737,-0.4296786001056578,2.861801902489815,1.4495803346633853,0.05377338032740661,0.5519625754187659,-0.2721869339703456,0.5341682615041181,-0.23745417046546896,1.5289749305935338,-0.0419237154779557,0.028974930593533843,0,0,FOLLOWING,1.5539725352948106,0.6987836233683836,0
22.624,2.8831537218007885,-0.4247806933679111,2.853945559359939,1.4361427838525034,0.06809893142339955,0.5673352252196844,-0.2667580495543541,0.5515654627430678,-0.24551202892248222,1.5286500512139458,-0.04064629384637897,0.028650051213945815,0,0,FOLLOWING,1.5582796960125025,0.6722020263625662,0
22.656,2.8657597181195347,-0.41960749031341277,2.8462424522386445,1.4227065146793474,0.08241901546479642,0.582669991009906,-0.2587237795842222,0.5670869087465374,-0.24072336014937942,1.5278851921734384,-0.039445335632329215,0.027885192173438433,0,0,FOLLOWING,1.5658112112809357,0.6771049380617185,0
22.688,2.8479351280507785,-0.4141561272754476,2.838769031989669,1.4092717968147646,0.09673248282002805,0.5988011545322446,-0.26042751168882794,0.5824792351043131,-0.23354554324246546,1.5266824661888247,-0.03839927205062921,0.02668246618882475,0,0,FOLLOWING,1.572845776485305,0.7092509666819544,0
22.72,2.8296590368904004,-0.40841739082922257,2.831246190487607,1.3958388998984654,0.11103818438872126,0.6061420919609102,-0.268595820735165,0.5986141509349512,-0.23508997319744493,1.525016157248367,-0.03723297764603295,0.02501615724836692,0,0,FOLLOWING,1.5585328435088013,0.7010463380218146,0
22.752,2.8111904632091322,-0.4024586504472039,2.823488416059013,1.3824080935336132,0.1253349716939485,0.5980195056108125,-0.2729432110871453,0.606423991004107,-0.24243176772124073,1.5231497521479853,-0.0357486989735012,0.023149752147985314,0,0,FOLLOWING,1.5259052139079938,0.6395500443823959,0
22.784,2.79299561032015,-0.3964305670294782,2.8156058174019916,1.368979647281413,0.13962169697442875,0.6004862228005903,-0.2584947451983801,0.5989551042328528,-0.24633256543634802,1.5215694176516743,-0.03404305377656103,0.021569417651674305,0,0,FOLLOWING,1.5461756957817405,0.6354376503503365,0
22.816,2.774791354942611,-0.39023928831488264,2.8081391638625988,1.355553830655702,0.15389721327667105,0.5866863537553022,-0.24776308325752144,0.6008684494010343,-0.23333405159211942,1.5199735796086487,-0.0326616630875427,0.01997357960864865,0,0,FOLLOWING,1.5111604992318282,0.5774701105986757,0
22.848,2.7570329682782018,-0.38405061144666364,2.800983875419866,1.3421309131175396,0.1681603745470531,0.5755885594211173,-0.23690317532789468,0.5876579099704644,-0.22360373551387858,1.5188432436397175,-0.03149215441926456,0.018843243639717455,0,0,FOLLOWING,1.5094459692206077,0.575154180757756,0
22.88,2.7396609127454807,-0.3778571873500691,2.7941441911605653,1.3287111640697988,0.1824100357238277,0.573983449438578,-0.22723083853613366,0.5763263433965763,-0.2137409660890211,1.51811677895309,-0.030542608712861963,0.01811677895309005,0,0,FOLLOWING,1.5241798207522357,0.6048467491432261,0
22.912,2.7223960570543437,-0.37157019587625484,2.78758537447528,1.315294852851761,0.1966450528290495,0.5613339693695993,-0.2193247459798605,0.5741765169146243,-0.204963756835868,1.5174987208329334,-0.02978763776869542,0.017498720832933357,0,0,FOLLOWING,1.4979222616375452,0.5599164341906044,0
22.944,2.7055397212109,-0.3653074034656531,2.781256369180824,1.3018822487337083,0.21086428306041483,0.5638081640039081,-0.21807076562580582,0.561927199345301,-0.19778208225253954,1.5173094978926849,-0.029170805629693763,0.017309497892684877,0,0,FOLLOWING,1.5236776276077777,0.6226391621881628,0
22.976,2.6886701840969467,-0.3589201250267344,2.7749650682636005,1.28847362091152,0.22506658488300696,0.5868410498637368,-0.2180476284877053,0.5636924851092898,-0.19660381720350265,1.5170995000023844,-0.028511247641700432,0.01709950000238436,0,0,FOLLOWING,1.5689892400795924,0.7082877109341842,0
23.008,2.671179709243407,-0.35218134567573517,2.768673317330777,1.2750692385012699,0.2392508181209399,0.591477261906502,-0.21623439251564078,0.5857538143376126,-0.1966178626847233,1.5162178111633726,-0.02778905244187646,0.01621781116337262,0,0,FOLLOWING,1.5388016004860243,0.6465378261433389,0
23.04,2.6535663366205173,-0.3452621027448548,2.762433282114964,1.2616693705338262,0.25341584404889134,0.5898508413291037,-0.22397273468818824,0.5913621213749828,-0.195001729755657,1.515187265052908,-0.027037061046347066,0.015187265052907906,0,0,FOLLOWING,1.525153450349898,0.6446992255423428,0
23.072,2.636033539521338,-0.3382481259808134,2.7559700356925654,1.2482742859494464,0.26756052548352655,0.5857592846415764,-0.21691987989876815,0.5901048738399859,-0.2019771481543359,1.5142258312627797,-0.02597948557878249,0.014225831262779653,0,0,FOLLOWING,1.5187477178602824,0.60432175658644,0
23.104,2.618664887664306,-0.3311688547381539,2.7497084657823336,1.2348842535923878,0.281683726874784,0.6033902581179621,-0.2149643811450422,0.5861114006928432,-0.1956746978562776,1.5134190199750108,-0.025035296298629994,0.013419019975010826,0,0,FOLLOWING,1.5640421906849105,0.698262013721796,0
23.136,2.6008484603146425,-0.32378312583346347,2.7435020939040826,1.2214995422055066,0.2957843143970444,0.6204266675920045,-0.21142738770584463,0.602711586017544,-0.19394973298128226,1.5121068913547835,-0.024076112696231,0.012106891354783489,0,0,FOLLOWING,1.5703122479444134,0.7044442126459409,0
23.168,2.58257361407899,-0.3160747789227923,2.7373961110442147,1.2081204204248646,0.30986115604015385,0.6281189310920999,-0.19985438937944525,0.6198164836560108,-0.19081255075893563,1.5102706301269193,-0.023144937837185964,0.010270630126919311,0,0,FOLLOWING,1.5580755473872143,0.6645615679260305,0
23.2,2.5641047488823276,-0.3081466808664466,2.7316229884109955,1.1947471567743386,0.3239131217003028,0.6363776265975588,-0.19121569082360818,0.6280765433609408,-0.18041059227146983,1.5081909060475427,-0.02246737224687534,0.00819090604754269,0,0,FOLLOWING,1.5621934831183617,0.6747328855071538,0
23.232,2.5454384785532893,-0.3000067347420721,2.726099186199777,1.1813800196602304,0.3379390832707522,0.6254086866351115,-0.19366509420578698,0.6363669889967124,-0.17261924949945115,1.5058653146937673,-0.021967265332722974,0.005865314693767276,0,0,FOLLOWING,1.5215279157759738,0.6190022299410608,0
23.264,2.52711368643281,-0.2918951199980075,2.720506296500741,1.16801927736588,0.3519379147323989,0.612923295888741,-0.19272064709145315,0.6262256147965957,-0.17477825252053616,1.5038811752818615,-0.02131879764185296,0.003881175281861493,0,0,FOLLOWING,1.511635772295687,0.5988897226375354,0
23.296,2.5091992817764086,-0.2838451444726191,2.7149417134894707,1.1546651980462812,0.3659084922441736,0.6059869811200396,-0.1862397877282515,0.6137288712355093,-0.17389366466050618,1.5023123418295257,-0.02061536279980647,0.002312341829525666,0,0,FOLLOWING,1.5176164235874103,0.6030512355501231,0
23.328,2.4915429022131006,-0.2757930714335595,2.7095645035894327,1.1413180497226991,0.37984969423326437,0.6088954055655933,-0.19814358481051306,0.6064176638824141,-0.16803821457146279,1.5009912019908604,-0.020017402649500138,0.0009912019908604464,0,0,FOLLOWING,1.533413217767236,0.6712192312896428,0
23.36,2.4738604824570984,-0.2676151037662313,2.7038457183399873,1.1279781002772915,0.39376040148515723,0.6168609754422794,-0.21033569992313655,0.6088076114821028,-0.17871252885103261,1.4996055966848487,-0.01900236264534394,-0.0003944033151512816,0,0,FOLLOWING,1.5438564602471714,0.6961040453948258,0
23.392,2.4560009437093955,-0.2592348434433467,2.6977746252006116,1.114645617447732,0.40763949723348825,0.6284145471252807,-0.21202397907462017,0.6164969824272969,-0.18972224233753798,1.4979838108416583,-0.01755866291661512,-0.0020161891583416747,0,0,FOLLOWING,1.5550423477294293,0.6984940441394297,0
23.424,2.4378621048572477,-0.2505884377356644,2.691651796366025,1.1013208688218363,0.4214858672496986,0.6358989511596849,-0.213176240445341,0.6279448117184632,-0.19133900092508446,1.4960034582328423,-0.015980893567067778,-0.003996541767157691,0,0,FOLLOWING,1.5512837378596116,0.6908568606506061,0
23.456,2.4195539779726087,-0.24172248834051355,2.6854940480565914,1.0880041218321934,0.4352983999324844,0.6371482522285679,-0.22239905458307463,0.6356797605904175,-0.19243025091784308,1.493781209731037,-0.014282766447963002,-0.006218790268962993,0,0,FOLLOWING,1.539382158231163,0.6874506539064549,0
23.488,2.401255817230742,-0.23271732235874443,2.679069614127121,1.074695643750792,0.44907598639704355,0.6430833505727013,-0.22473259288439057,0.6373023042850384,-0.20076426542862724,1.491510646870253,-0.012226782836255445,-0.008489353129746968,0,0,FOLLOWING,1.5488224962115789,0.6948954955394722,0
23.52,2.382851866801758,-0.2235117899714442,2.6725764244820565,1.0613957016836657,0.46281752056408876,0.6174833505727013,-0.21601470725918365,0.6430500790714382,-0.20291290405795637,1.489058198603666,-0.010009782855068483,-0.01094180139633405,0,0,FOLLOWING,1.4653628874280953,0.5219901009803614,0
23.552,2.3650932157431117,-0.21448194935936876,2.665707417112118,1.0481045625655252,0.47652189924865107,0.6034168358672556,-0.21089106819554795,0.6225499178305718,-0.21465733359766734,1.4872610501823842,-0.007314591148384952,-0.012738949817615808,0,0,FOLLOWING,1.5071099353190374,0.6122360028380324,0
23.584,2.3478557431818183,-0.20556514109127522,2.659252494229423,1.0348224931544026,0.4901880222486435,0.6077584296537653,-0.2069279935964021,0.6064545208947405,-0.20171703023091397,1.4859773820536644,-0.004926577602208937,-0.014022617946335636,0,0,FOLLOWING,1.5272805013527828,0.6533743346669711,0
23.616,2.3306432241612924,-0.19652018870746615,2.6532723104014346,1.0215497600262982,0.5038147924331855,0.5821584296537653,-0.20259495038682573,0.6076326864987213,-0.18688130330456434,1.484653085286336,-0.002915832536814822,-0.015346914713664006,0,0,FOLLOWING,1.4582086143911406,0.52545582730805,0
23.648,2.3140761225022466,-0.18768717506821334,2.6468335479123284,1.0082866295698294,0.5174011158306827,0.5642453640958249,-0.19317331454072337,0.5866888340088137,-0.2012120311690681,1.4839931596255507,-0.00035160549545532044,-0.016006840374449327,0,0,FOLLOWING,1.4693850943373234,0.541688970349073,0
23.68,2.298082479604262,-0.1790264035759491,2.640695720373261,0.9950333679808844,0.530945901716652,0.5531473134901228,-0.18002822938074894,0.5683605031989143,-0.19180772006175714,1.4839129562022715,0.0020127048354101618,-0.016087043797728517,0,0,FOLLOWING,1.473098067300986,0.5440673566105965,0
23.712,2.2825591940209655,-0.17049638469911962,2.6354940864741785,0.9817902412572798,0.5444480627012854,0.5474327887071508,-0.16873191752071412,0.5535074514460007,-0.16255146193971823,1.4842996433815534,0.0035378118451996343,-0.015700356618446598,0,0,FOLLOWING,1.4795282256591347,0.5584681189201754,0
23.744,2.2672522966314475,-0.16198347164330554,2.630621544669261,0.9685575151934216,0.5579065148167476,0.536674785211396,-0.15967862804276794,0.5473394811777852,-0.15226732169643942,1.4848736403949723,0.004818726046040833,-0.015126359605027728,0,0,FOLLOWING,1.4652219256324217,0.5336621777126367,0
23.776,2.2522805202491094,-0.15356307505023253,2.626011681980716,0.9553354553749708,0.5713201776041975,0.5266378246546864,-0.15243778925341725,0.5367845955923034,-0.14405855377305374,1.4857732772129972,0.005918300128361587,-0.014226722787002766,0,0,FOLLOWING,1.461363809185897,0.5292847115644517,0
23.808,2.2376269315274113,-0.14523440534204451,2.6216119925199233,0.9421243271735128,0.5846879742005294,0.5100567246607574,-0.14839500344027143,0.5267187703521707,-0.13749061171314286,1.486981398015734,0.006886566969227292,-0.013018601984265965,0,0,FOLLOWING,1.4414167143302041,0.4975809401199299,0
23.84,2.223462188248591,-0.13710209329286946,2.617329577986824,0.9289243957412332,0.5980088314248223,0.5033813490116292,-0.14003406262893592,0.5104055466274744,-0.1338257567637303,1.4886961301317079,0.007814349855499891,-0.011303869868292127,0,0,FOLLOWING,1.4560413080277348,0.5196194678469116,0
23.872,2.209529455953872,-0.12902506913080203,2.613288730412507,0.9157359260055897,0.611281679864502,0.5019443292103165,-0.13287858688204482,0.5032706167987373,-0.12627676144928512,1.490622615132359,0.00857757519360103,-0.009377384867641059,0,0,FOLLOWING,1.464673028563538,0.5364656954744732,0
23.904,2.1956750976145782,-0.12092009520133534,2.609454261687871,0.9025591826640043,0.6245054539611868,0.5098443303175384,-0.1197178544795998,0.5015981314725089,-0.11982738531251991,1.4925843422878011,0.009209927064063539,-0.007415657712198875,0,0,FOLLOWING,1.4859173758182722,0.567061837114251,0
23.936,2.1816432472471607,-0.11264312628468162,2.6059981456584884,0.889394430178544,0.6376790920962364,0.5254668935881647,-0.12102352781580016,0.509109549338087,-0.1080038012560391,1.4942859286666996,0.009537235443121348,-0.0057140713333003745,0,0,FOLLOWING,1.5056692794964968,0.6188716323931658,0
23.968,2.167215919219888,-0.10406719020044228,2.602503825204324,0.8762419327706151,0.6508015366759792,0.5314629502324196,-0.11471244669629736,0.5245078996160273,-0.10919765574800862,1.4954733794035775,0.00997437948261126,-0.004526620596422504,0,0,FOLLOWING,1.4929641510575637,0.5803948443068582,0
24.0,2.1526380296904204,-0.09533309209825773,2.5991910722248046,0.8631019544156603,0.663871734216616,0.542123273709233,-0.10378791528311186,0.5310708366285264,-0.10352362865850255,1.4964274983221972,0.010300701976088789,-0.003572501677802764,0,0,FOLLOWING,1.507041748358288,0.5990402983136989,0
24.032,2.137799133255891,-0.08637640825619314,2.5961918745399237,0.8499747588378598,0.6768886354287962,0.5533727287331288,-0.10110368573563319,0.5416473206980998,-0.0937249903277491,1.4970187528072727,0.010382572698564019,-0.0029812471927272988,0,0,FOLLOWING,1.5127652896361956,0.6149746345516665,0
24.064,2.1226776323148018,-0.07718795603903869,2.5932701246250898,0.8368606095048393,0.6898511953018547,0.574179999632326,-0.10647074555385731,0.5529523503112777,-0.09130473098350832,1.4972222533203392,0.010452255168847735,-0.0027777466796607975,0,0,FOLLOWING,1.5386293132204087,0.6721365657531221,0
24.096,2.107023584891674,-0.06761433504921933,2.590192820021545,0.8237597696223813,0.7027583731877067,0.5960294351580595,-0.1069862081996609,0.5734331004149779,-0.09616581567250455,1.4967431740869233,0.010742910181337884,-0.003256825913076744,0,0,FOLLOWING,1.5512325834022709,0.6864988672161035,0
24.128,2.090801713389142,-0.057625150492074256,2.5870992794875187,0.8106725021291428,0.7156091328843927,0.5903174225785582,-0.10797817478256003,0.5953479708694056,-0.09667319489868188,1.4955340365601397,0.011117144893101118,-0.0044659634398602766,0,0,FOLLOWING,1.5005169666757445,0.5865068530205279,0
24.16,2.07473056717225,-0.0476591224310532,2.5839779560508624,0.7975990696913778,0.7284024427192648,0.597907921294503,-0.10929149044336701,0.5909367918616791,-0.09754143072138163,1.4944351490651226,0.011581965062056554,-0.005564850934877352,0,0,FOLLOWING,1.5267942628732796,0.6389615152264269,0
24.192,2.0585005268500347,-0.03752402826891999,2.5808179339690676,0.7845397346976661,0.7411372756318113,0.5863657100936647,-0.10947573412607506,0.5979545792148913,-0.0987507652628868,1.4930805491110912,0.012151189840253986,-0.006919450888908774,0,0,FOLLOWING,1.4876830562625947,0.5623999131440811,0
24.224,2.0425947017226247,-0.02752062944834369,2.5776520370834173,0.7714947592536463,0.7538126092561104,0.5690422629481845,-0.11487326878925981,0.5871700560003013,-0.09893436071305495,1.4920377654902142,0.01278914454495439,-0.007962234509785837,0,0,FOLLOWING,1.4681764583934587,0.536963806100451,0
24.256,2.0271849259583443,-0.017760046044062814,2.5743305835498913,0.758464405176757,0.7664274260029046,0.5621070620336135,-0.10852413175023855,0.5700081351892995,-0.10379551811458416,1.491509889731783,0.013644897724129468,-0.00849011026821711,0,0,FOLLOWING,1.4835112572842348,0.5541800276048868,0
24.288,2.0120115231814304,-0.008077928852868581,2.571191976979902,0.7454489339909764,0.7789807131412996,0.5512542288986015,-0.09797809229763664,0.5624704684742488,-0.09808153621031523,1.491188149857197,0.01438483166259763,-0.008811850142802946,0,0,FOLLOWING,1.471856396417675,0.5275240950974044,0
24.32,1.997159457814259,0.0014652397902693297,2.5683573879133985,0.732448606921582,0.7914714628800595,0.541047905483174,-0.08955054743296743,0.5516717480753397,-0.08858097140147478,1.4911751637169508,0.014885064630677736,-0.008824836283049198,0,0,FOLLOWING,1.4677968033209372,0.5223693341829629,0
24.352,1.982611340175155,0.010871191498964832,2.5657666038805056,0.7194636848899019,0.8038986724485192,0.5366353856351366,-0.07199041666214513,0.5413670527485726,-0.08096205925814291,1.4914538493006844,0.0152025064158412,-0.008546150699315636,0,0,FOLLOWING,1.4769685431568016,0.5334671691281532,0
24.384,1.9682141219935123,0.02023171055067066,2.5636823180039294,0.7064944285080792,0.8162613441770852,0.54127699236253,-0.06689977604777535,0.5366440817845022,-0.06513397761579594,1.4918444163318034,0.015073515329216301,-0.008155583668196575,0,0,FOLLOWING,1.4936836939852518,0.5737576627438652,0
24.416,1.9537224345964659,0.029694933649472077,2.561746208043668,0.6935410980738417,0.828558485577331,0.5505669716154556,-0.06411207494022698,0.5408772469109111,-0.060503479731174176,1.4920589718636268,0.014853127161619906,-0.007941028136373207,0,0,FOLLOWING,1.506667012166678,0.5988147277430661,0
24.448,1.9390039153555534,0.03934514616904032,2.559891138233087,0.6806039535652781,0.8407891094216741,0.5516138638419767,-0.06714342543037392,0.5500111078963923,-0.0579709595501031,1.4919393050884662,0.014608135886542861,-0.008060694911533828,0,0,FOLLOWING,1.4924344612447638,0.5747841647931534,0
24.48,1.9242628407126345,0.049047959122319795,2.5579492677973414,0.667683254635619,0.8529522338226324,0.552263224296192,-0.06809956728545982,0.5514944902853512,-0.06068347272270683,1.491728641216934,0.01450334366104977,-0.008271358783066063,0,0,FOLLOWING,1.4922913732281133,0.5721993335693132,0
24.512,1.9095209978132588,0.05879164027152617,2.5559794573567705,0.6547792606080264,0.8650468823116507,0.548996645812189,-0.07652495498631358,0.5522163074001397,-0.06155659674818809,1.4914504156699226,0.01448126414465678,-0.008549584330077353,0,0,FOLLOWING,1.4831227559321674,0.5639438165744559,0
24.544,1.8948804616665018,0.06850962101855672,2.5537665501881652,0.6418922304703892,0.8770720839174926,0.5292694088947573,-0.07934171091843784,0.5491298667027539,-0.06915337819728064,1.4912252559305574,0.014756864249425128,-0.008774744069442564,0,0,FOLLOWING,1.4449376787816097,0.48607082141218555,0
24.576,1.8807683287759014,0.0779225649157412,2.5514714345679392,0.6290224228701242,0.8890268732441918,0.5203262275291783,-0.06366702503197827,0.5300891112262595,-0.07172239707457745,1.4915622722303112,0.015168471972165865,-0.008437727769688763,0,0,FOLLOWING,1.461198680531699,0.5040174570401637,0
24.608,1.8669307929346959,0.08719907941598445,2.5496263395207923,0.6161700961089858,0.9009102905485543,0.5157085162382172,-0.046345015031572956,0.5205965917646183,-0.05765924212058665,1.4921555736071122,0.015188346364429782,-0.007844426392887849,0,0,FOLLOWING,1.4667848335290457,0.5142394263695474,0
24.64,1.8532403613120534,0.09641355128198803,2.548280185000471,0.6033355081378831,0.9127213818172066,0.5291390427657879,-0.036216735407313495,0.5157048705959615,-0.042067352615472814,1.4928565290011828,0.014763892684298341,-0.007143470998817181,0,0,FOLLOWING,1.5044350125659953,0.5897463355390745,0
24.672,1.8392267018125075,0.10587174526181259,2.5472264951341814,0.590518916551697,0.92445919884319,0.5400294474459796,-0.03364646480807861,0.5283522269751645,-0.032927829895783044,1.49310299448223,0.014100889257959714,-0.00689700551776995,0,0,FOLLOWING,1.5053131616251738,0.5913442071555045,0
24.704,1.8249285449282489,0.11554232101053441,2.5462477695942893,0.5777205785841182,0.9361227993020764,0.5656294474459795,-0.04278892954756527,0.5394310274456688,-0.03058517860258605,1.492943412412352,0.013412390507752113,-0.007056587587648044,0,0,FOLLOWING,1.5460738921737425,0.6772686557913644,0
24.736,1.8099744883158135,0.12567632921992236,2.545006239496853,0.5649407511024798,0.9477112468276234,0.5810958269768061,-0.0393843124088418,0.5645320279627519,-0.038797805382420975,1.491928420724567,0.013038504937278095,-0.008071579275432894,0,0,FOLLOWING,1.5311759127659095,0.6327438428262802,0
24.768,1.7946075729099187,0.13611741600079572,2.543861776621038,0.5521796906026017,0.9592236110869463,0.5862801409250807,-0.04146930693197189,0.5805853708421194,-0.03576445318751783,1.4903458830499194,0.01261971243031512,-0.00965411695008056,0,0,FOLLOWING,1.5179803697230738,0.6079679561135641,0
24.8,1.7790999877865252,0.14667978027984532,2.5426569706334754,0.5394376532036447,0.9706589678552059,0.5890129176222442,-0.039357367426996054,0.58634104424822,-0.03765017574186918,1.4885242374045606,0.012309486518048196,-0.011475762595439365,0,0,FOLLOWING,1.515378726304122,0.5990004570277948,0
24.832,1.763529267390815,0.15731265442008954,2.5415122518983493,0.5267148946429685,0.9820163990898059,0.5936410100873865,-0.036429680118724446,0.5892100326186656,-0.035772454680550944,1.4865550979051874,0.011987779121430009,-0.013444902094812639,0,0,FOLLOWING,1.520767864272741,0.6083825305147027,0
24.864,1.747851378927059,0.16804506840730363,2.540451375549949,0.5140116702709989,0.9932949930040952,0.6004177929407037,-0.028756542672607646,0.5937322925811107,-0.03315237979420563,1.4843846754475343,0.01163076684117259,-0.015615324552465726,0,0,FOLLOWING,1.5280842289249195,0.6190956390398834,0
24.896,1.7320091492345715,0.17891457538628502,2.5396111313472134,0.5013282350461044,1.004493844140566,0.5880721602402916,-0.027983423778440063,0.6003927292585003,-0.02625762292141778,1.4819435352079424,0.01110125516759286,-0.01805646479205758,0,0,FOLLOWING,1.4879486906728725,0.5431140758614278,0
24.928,1.7164799196861167,0.1895882045063682,2.53879374612833,0.4886648435294776,1.0156120534435458,0.5861250034583694,-0.025244615423258156,0.5888496053773505,-0.02554327901689813,1.4798125760549958,0.010590270380892886,-0.020187423945004168,0,0,FOLLOWING,1.5052232858106493,0.5784558194838708,0
24.96,1.7010244704699504,0.20022935819317905,2.538055326944709,0.4760217498800261,1.0266487283313743,0.5832524102795202,-0.020600337983829518,0.5863844971301261,-0.0230755954414144,1.4777011337859653,0.010044254653319484,-0.02229886621403465,0,0,FOLLOWING,1.5022229093047486,0.5720044484455272,0
24.992,1.6856536807238338,0.21082858230901935,2.537450747971889,0.4633992078492726,1.0376029827680602,0.587859147143705,-0.02530387958323526,0.5834634792141717,-0.018893090626576674,1.475622548525292,0.009407795873713987,-0.024377451474707934,0,0,FOLLOWING,1.5164507451761648,0.6060205209976399,0
25.024,1.670177349188829,0.2215138621147888,2.536711116080486,0.45079747077626076,1.0484739373344143,0.5726374385758508,-0.037214255451674956,0.5877120351825439,-0.02311349476157543,1.4733466170201426,0.00894988424709231,-0.02665338297985742,0,0,FOLLOWING,1.4740028083309962,0.5312613823209922,0
25.056,1.6550871045072686,0.23194900380455916,2.535628315014683,0.43821679158247284,1.059260719298648,0.5800715499836453,-0.051549984892122834,0.5733266539608857,-0.033837536749387886,1.4714679857446653,0.008877650972730411,-0.028532014255334692,0,0,FOLLOWING,1.516552053352772,0.621178540761792,0
25.088,1.6398401487867706,0.2425175393532606,2.5341314337092147,0.42565742276674756,1.0699624626864421,0.577102245600173,-0.06077240176638456,0.5797445081661009,-0.046777549359063045,1.4693212015469148,0.009271153896058593,-0.030678798453085188,0,0,FOLLOWING,1.4969652602970642,0.5789313596801937,0
25.12,1.6246764446937294,0.25306342157622025,2.532367008846405,0.4131196164002202,1.0805783083504612,0.5818749726468841,-0.07616846121901845,0.5771958035033162,-0.05513829034513504,1.4671914789888922,0.009988283013885992,-0.03280852101110776,0,0,FOLLOWING,1.5122156572536218,0.6184053122263615,0
25.152,1.6094152059034312,0.2637188231114686,2.5301575669043466,0.40060362412125916,1.0911074040393318,0.5780555122752129,-0.07464556983493391,0.5816585772144709,-0.06904508844591085,1.4648540214303063,0.011211923284026426,-0.0351459785696937,0,0,FOLLOWING,1.4956816164536513,0.5698092253135153,0
25.184,1.5942685045616387,0.27434629978087915,2.5279897615398905,0.38810969713041565,1.101548904466061,0.5818367602974475,-0.06772263155317682,0.5782189281422965,-0.06774394431126034,1.4625605006090718,0.01246018484525413,-0.037439499390928166,0,0,FOLLOWING,1.5113316301142063,0.5970717198552606,0
25.216,1.5790552474284107,0.2850713316604401,2.5260205188496436,0.3756380861853823,1.1119019713758953,0.5741224929727934,-0.04969107238999332,0.5816801545097824,-0.06153885407137619,1.4600896447638063,0.013577507939662503,-0.039910355236193684,0,0,FOLLOWING,1.4883844207565182,0.5468660130013108,0
25.248,1.564051998247589,0.2956933964833599,2.524571100190653,0.3631890415959611,1.1221657736136197,0.5485224929727934,-0.031618335324439154,0.5744547745008912,-0.045294340076530534,1.4577820244527067,0.01423728064196528,-0.04221797554729334,0,0,FOLLOWING,1.437558369029616,0.4490325737407687,0
25.28,1.5497113662809228,0.30587652884275557,2.5236400031137793,0.35076281321903835,1.1323394871902808,0.5299787346523409,-0.016621169334069603,0.5496160502678015,-0.029096787260132925,1.4562000736196004,0.014428376462913839,-0.043799926380399645,0,0,FOLLOWING,1.4525198110183175,0.48452451643954153,0
25.312,1.535875349466461,0.3157198185793245,2.5231473569454153,0.3383596504535713,1.1424222953493384,0.5204076634779411,-0.007123926600034618,0.530618217625077,-0.015395214672633419,1.4551566357200194,0.014226651826191983,-0.04484336427998059,0,0,FOLLOWING,1.458191962907725,0.49876555761343705,0
25.344,1.5223069044621533,0.32538079296937844,2.522932124112059,0.3259798022355813,1.1524133886322374,0.5220228435783196,-0.010614156752861505,0.5205120091529296,-0.006726068427920152,1.4543663396169044,0.013790786758517193,-0.045633660383095576,0,0,FOLLOWING,1.4780955341495232,0.5435446759220395,0
25.376,1.5087114202744851,0.33506299782122845,2.52261839646415,0.3136235170331587,1.1623119649433886,0.5063370378962294,-0.013081999762289619,0.5215950238924912,-0.00980403262602953,1.4534703127612998,0.013497237689490404,-0.04652968723870021,0,0,FOLLOWING,1.4408429141364048,0.4696610802948304,0
25.408,1.4955066225829985,0.3444716252770967,2.522234128204648,0.301291042841475,1.172117229614565,0.4956512058797904,-0.014369713333083173,0.5066765949856691,-0.012008415718629083,1.4529790422702304,0.013315349083161454,-0.04702095772976955,0,0,FOLLOWING,1.444664230076274,0.47907556070678287,0
25.44,1.482589055141452,0.3536821790387382,2.5218124607708643,0.28898262717780643,1.1818283954686963,0.5051826294704808,-0.01956372782814854,0.4957785631062734,-0.013177136499452286,1.452763731879134,0.013214948014142802,-0.04723626812086601,0,0,FOLLOWING,1.4848156094628295,0.56097116842111,0
25.472,1.4694505718271413,0.3630581484575941,2.5212405936493067,0.27669851707656656,1.1914446828830652,0.5164182248200061,-0.020215683240742324,0.5044172259018154,-0.017870868432611604,1.4521989238837634,0.013315473155299353,-0.04780107611623663,0,0,FOLLOWING,1.4940410468332344,0.573384256236334,0
25.504,1.4560250009250186,0.3726506345457523,2.520648756910684,0.2644389590843439,1.2009653198518986,0.5420182248200061,-0.029943921464887977,0.5156503447246598,-0.018494905309655467,1.4512003696951523,0.013489639765003503,-0.048799630304847685,0,0,FOLLOWING,1.538774282865244,0.6629959267687529,0
25.536,1.4419521658031402,0.38271900896817374,2.5197725777526223,0.2522041992549613,1.21038954204834,0.5507717209420872,-0.03809580037910168,0.5407623084332099,-0.02738059988202269,1.449323544014494,0.014006879761695679,-0.050676455985505964,0,0,FOLLOWING,1.500795532679586,0.5824370984393281,0
25.568,1.427636304003763,0.39298047325741164,2.5186633673113237,0.2399944831445313,1.2197165928858142,0.5618533907543517,-0.04657942068176248,0.5504333058987407,-0.03466283091079139,1.447061058197635,0.014814993375468878,-0.052938941802364914,0,0,FOLLOWING,1.5161554188530564,0.6120869184393555,0
25.6,1.4130435291303647,0.40346615150494314,2.517308198551678,0.22781005580653058,1.2289457235787666,0.5777566037517382,-0.03809368964898003,0.5615482328741274,-0.04234903831099675,1.4443666121170424,0.015931540703592265,-0.055633387882957575,0,0,FOLLOWING,1.5330451808208676,0.6331893817679756,0
25.632,1.398056673345174,0.41426728290164416,2.5161952794947258,0.21565116178688037,1.2380761932027753,0.5868743508699669,-0.028155246850877447,0.5773050077933701,-0.034778742200305315,1.4410912235021651,0.016874242833438746,-0.05890877649783488,0,0,FOLLOWING,1.5259175410832684,0.6151524646994793,0
25.664,1.3828362904988813,0.4252632460387919,2.515368270670359,0.20351804511903904,1.2471072687540339,0.5648781493251861,-0.020034686637688915,0.5867791092438412,-0.025844038225164442,1.4374349103728352,0.017595035800404446,-0.06256508962716478,0,0,FOLLOWING,1.4608176038113811,0.4862878858531196,0
25.696,1.3681588643461335,0.4358851759236838,2.514773777502295,0.1914109493191043,1.2560382252081983,0.5392781493251861,-0.016849799703367987,0.5661556011867225,-0.01857791145420502,1.4343593272855821,0.018132193182998524,-0.06564067271441787,0,0,FOLLOWING,1.4149528558022424,0.40293980192378664,0
25.728,1.354149730592232,0.4460354342254171,2.514270914927305,0.1793301173809252,1.2648683455785914,0.5136781493251862,-0.01617644790117644,0.5405951566909026,-0.01571445592083956,1.432022506911494,0.018621407958393288,-0.06797749308850598,0,0,FOLLOWING,1.4204098654295847,0.4231585325684093,0
25.76,1.340814706979944,0.4557069241601,2.5137890153807985,0.1672757917712251,1.273596920973764,0.49023280344308506,-0.01551239826074655,0.5147623531297614,-0.0150593700658147,1.4304326731437282,0.019132147809903802,-0.06956732685627176,0,0,FOLLOWING,1.442988321750201,0.47289741489983583,0
25.792,1.3280994004687103,0.4649379513554053,2.5133281072502167,0.15524821442473646,1.282223250654406,0.464632803443085,-0.021090469747273133,0.49100973093967515,-0.014403394717770109,1.4295227053303539,0.019665017340936956,-0.07047729466964614,0,0,FOLLOWING,1.4002137230870002,0.39505985395597204,0
25.824,1.316052585246812,0.4736916744466353,2.512706651396709,0.1432476267393441,1.2907466420896019,0.439032803443085,-0.02511271898378414,0.46534308383790024,-0.019420516563481358,1.4293531022283306,0.020400193401496125,-0.07064689777166944,0,0,FOLLOWING,1.3759970734312414,0.3524322787479206,0
25.856,1.3046770165977781,0.4819684195910585,2.5119692157800095,0.13127426957124122,1.2991664110124264,0.42450239335782286,-0.021407261939897282,0.439614009070317,-0.023044877411276986,1.4299253700499692,0.021294531050304766,-0.07007462995003078,0,0,FOLLOWING,1.419612164707735,0.43848624291400184,0
25.888,1.2936993202670934,0.48996875454968425,2.5113407764575264,0.11932838323009132,1.3074818814748828,0.42462631597845585,-0.025620840710938866,0.42448902241279585,-0.01963873671668241,1.4309000001580061,0.022128935938774408,-0.06909999984199389,0,0,FOLLOWING,1.4312743106999801,0.46438465371288223,0
25.92,1.282740851900327,0.49796565810218935,2.5105909468389838,0.10741020747421137,1.315692385902163,0.44999529188878057,-0.024989502001634436,0.42395257789270757,-0.023432192258255453,1.4318097377394667,0.023139275535406956,-0.06819026226053326,0,0,FOLLOWING,1.4891168048477195,0.572274057662502,0
25.952,1.271159882512507,0.5064306855822553,2.509855595911142,0.09551998150575658,1.3237972651462444,0.4755952918887806,-0.02716436500329225,0.4483084772369271,-0.022979722159437978,1.4318579895462038,0.024204446833386406,-0.0681420104537962,0,0,FOLLOWING,1.5325320005233272,0.650507907989566,0
25.984,1.258918571570142,0.5153922517243442,2.5090569226159714,0.08365794396591886,1.3317958685388067,0.49927951376717133,-0.009400275657531963,0.4741208327483793,-0.024958542704156247,1.4309969980207535,0.02540433939400533,-0.06900300197924647,0,0,FOLLOWING,1.4897918612621452,0.5535584383247361,0
26.016000000000002,1.2460638083586253,0.524818766570782,2.5087690299207437,0.07182433293013801,1.339687553943468,0.4878859923187553,0.005738249709490538,0.49816539722837927,-0.0089966477701779,1.4292828573409815,0.02616656473838752,-0.07071714265901852,0,0,FOLLOWING,1.4462141443229428,0.46531699348500916,0
26.048000000000002,1.2334599020349453,0.5340658626289002,2.508940703363587,0.06001938590332423,1.3474716878073356,0.4722691124095277,0.010537993097967066,0.4884963889147821,0.005364802080637034,1.4277925904463353,0.02651765840227638,-0.07220740955366467,0,0,FOLLOWING,1.4309411083945252,0.43598657946953956,0
26.080000000000002,1.2212515433391946,0.5430183952808022,2.5092535695737648,0.04824333981508966,1.3551476452118694,0.4816707318140439,0.007683614460099304,0.4730812067562019,0.00977707190170611,1.4267102593478627,0.0267675381461685,-0.07328974065213734,0,0,FOLLOWING,1.479858672570817,0.5352478380714981,0
26.112000000000002,1.2088283110867557,0.5521211810149949,2.509486252838275,0.03649643101499467,1.3627148099230495,0.49074118116787435,0.014744063135669649,0.4812948724225595,0.007271351557118142,1.4252803472506448,0.02715057035642321,-0.07471965274935521,0,0,FOLLOWING,1.4849664951802124,0.5405468895640568,0
26.144000000000002,1.196168637118713,0.5613917807405506,2.5099231284124146,0.02477889526780297,1.3701725744408502,0.47871791114617696,0.007805090670142987,0.49035471782775464,0.01365236559369397,1.4234747274089654,0.027384790722621233,-0.07652527259103459,0,0,FOLLOWING,1.4416528361944783,0.45575340498981715,0
26.176000000000002,1.1837897408519737,0.5704475453552317,2.5101614198264746,0.013090967748750959,1.377520340048009,0.45311791114617694,-0.0002131411947486031,0.4792913325347448,0.007446609988298465,1.4219360440183662,0.02785886406019822,-0.07806395598163385,0,0,FOLLOWING,1.39145771740153,0.36127345742802286,0
26.208000000000002,1.172055641008835,0.5790268677772713,2.510157104997249,0.0014328830388268265,1.384757516858093,0.4275179111461769,-0.0002510104079242521,0.45422771101855486,-0.00013484271030376246,1.4211120717049412,0.028610383245801785,-0.07888792829505875,0,0,FOLLOWING,1.4026936770519645,0.38549841409260077,0
26.240000000000002,1.1609871431187815,0.587119751189541,2.510150740986129,-0.0101951248799379,1.3918835238628553,0.41054116875996016,0.0015118870852077748,0.4284679629234496,-0.00019887802421834273,1.4210252055055217,0.029400462120674042,-0.0789747944944783,0,0,FOLLOWING,1.4023145202710634,0.38696868041454596,0
26.272000000000002,1.1503717407243124,0.5948817388081767,2.5101982318159948,-0.021792822629161712,1.398897788978879,0.40995949111265717,0.010565334186112375,0.41094509936997936,0.0014840854283765966,1.4214118236857811,0.030177896566488283,-0.07858817631421888,0,0,FOLLOWING,1.4305830850078287,0.4435507584514537,0
26.304000000000002,1.139792228748736,0.6026169491743529,2.5105132460538973,-0.033359977438803146,1.405799749093506,0.412422770001847,0.013937849333604055,0.4095608318377241,0.009844190828267775,1.4217555025280053,0.03073911928376427,-0.07824449747199469,0,0,FOLLOWING,1.4376829641890259,0.45501983936983637,0
26.336000000000002,1.1291496844049955,0.6103929745905422,2.510926131681043,-0.04489635715182638,1.4125888501100414,0.42045550296200984,0.019245720378300548,0.41190591462312665,0.012902665826254071,1.42193612036397,0.031254055076029186,-0.07806387963603001,0,0,FOLLOWING,1.4525696032288404,0.4814577624635265,0
26.368000000000002,1.1183001436324713,0.6183130979256631,2.511492410757225,-0.05640173022886241,1.41926454699224,0.4149233524674765,0.020322686998058417,0.4197883055732725,0.017696214047970858,1.4217762539215437,0.03167068385120242,-0.07822374607845628,0,0,FOLLOWING,1.4266481043711878,0.4269376530690225,0
26.400000000000002,1.107570965054129,0.6261355799915617,2.512090349065671,-0.06787586575285776,1.4258263038080599,0.42221198066613425,0.03546317776175024,0.4149386528234899,0.018685565431774236,1.4216822801921476,0.03210061697444955,-0.0783177198078524,0,0,FOLLOWING,1.4542458430330536,0.4839283143876733,0
26.432000000000002,1.0966613070916582,0.6340792676513525,2.513124436915487,-0.07931853343370854,1.4322735937726896,0.41809847945221734,0.0318863842732308,0.42173645274062577,0.032315243713824084,1.4212820858557116,0.032147973638141814,-0.07871791414428841,0,0,FOLLOWING,1.4317164881568487,0.43268295344751606,0
26.464000000000002,1.0858355315228887,0.6419438652525236,2.5140567027614944,-0.09072950361288079,1.438605899290838,0.41926037871681177,0.025050347501302247,0.4181529990564331,0.029133303639566333,1.4209066395728112,0.032339269966501494,-0.07909336042718884,0,0,FOLLOWING,1.4428470725546525,0.4544174497435842,0
26.496000000000002,1.0749770677650883,0.6498161061758148,2.514792435503278,-0.10210854726802232,1.444822711998287,0.42492363749072987,0.02046888145913428,0.4191236228940629,0.022991645310435852,1.4204105210886198,0.03277406687126172,-0.07958947891138024,0,0,FOLLOWING,1.4544374257431125,0.474503815115851,0
26.528000000000002,1.063970715427972,0.6577830919983156,2.515396043462842,-0.11345543601755659,1.4509235328027048,0.4485879973242057,0.02128327300338226,0.42460661393624305,0.018862748417396772,1.419649288009968,0.03339405619820601,-0.08035071199003196,0,0,FOLLOWING,1.4984157669504614,0.5566260096905129,0
26.560000000000002,1.0523659225203783,0.6661736423898875,2.5160267082270296,-0.12476994212526948,1.456907871923713,0.46659700620533273,0.016323180247067113,0.4475301923524942,0.019708274836820038,1.4180653953860907,0.03405633604921565,-0.08193460461390933,0,0,FOLLOWING,1.4978304869600556,0.5494877824377227,0
26.592000000000002,1.04027857448395,0.6749014533569835,2.516512620782642,-0.13605183850487634,1.4627752489322057,0.4409970062053327,0.016307732678897503,0.4659189312650806,0.015184771242292594,1.4158030789190177,0.03493029808022064,-0.08419692108098231,0,0,FOLLOWING,1.4064747798680741,0.365120244870271,0
26.624000000000002,1.0287975865999166,0.6831821889416188,2.5169985697488384,-0.14730089872458318,1.4685251927889202,0.42104225140605506,0.024354968559798153,0.44234078843769387,0.015185906991448825,1.4142034085924433,0.03583994977719174,-0.08579659140755669,0,0,FOLLOWING,1.4125299966863385,0.3829533094441119,0
26.656,1.0178396849421623,0.6910780042852631,2.5177137528548275,-0.15851689701162974,1.4741572418822522,0.40001771752803855,0.02343539586437673,0.4220524499101091,0.022349473065657648,1.4131623757592369,0.036558396286170865,-0.08683762424076313,0,0,FOLLOWING,1.3978493682297775,0.35558683737159485,0
26.688,1.007426232627661,0.698569862017576,2.5184035139491554,-0.16969960825681807,1.479670944065313,0.37441771752803854,0.029130007508464693,0.4008719617969817,0.021555031620084885,1.4127080893284847,0.037335990786606654,-0.08729191067151532,0,0,FOLLOWING,1.3625412713272347,0.290688920512746,0
26.72,0.9976716287766628,0.7055769561826023,2.5192586373149974,-0.18084880801904024,1.4850658566922332,0.3555730764739801,0.029482708147055645,0.3753114017291732,0.026722603283244356,1.4129803133670504,0.03797729498614677,-0.08701968663294957,0,0,FOLLOWING,1.3929789824039671,0.3543043169061083,0
26.752,0.9884131693993911,0.7122157204754453,2.5201214818067452,-0.19196427252976922,1.4903415466536911,0.34305472176972807,0.027877997864491043,0.356012046559498,0.026963886837508128,1.4137788747823352,0.03864321664345871,-0.08622112521766478,0,0,FOLLOWING,1.3869945941260846,0.34267423439934636,0
26.784,0.9794848822012088,0.7186059710143037,2.5209371716141398,-0.20304577869755924,1.4954975904116896,0.31745472176972805,0.031116079814216588,0.3431087392015526,0.025490305104459852,1.4148990608010064,0.03939340256749446,-0.08510093919899364,0,0,FOLLOWING,1.3505495877518254,0.27230316049323355,0
26.816,0.9712032231476845,0.7245222259478589,2.521849691151361,-0.21409310411252136,1.5005335740335555,0.31352434703685933,0.03498991944092437,0.3180463435168345,0.028516235084832215,1.416728977530393,0.040072066283896035,-0.08327102246960694,0,0,FOLLOWING,1.3909172301290904,0.3542119803406772,0
26.848,0.9630452784715274,0.7303393412425903,2.5228700670973,-0.22510602705078564,1.5054490932251703,0.3001160897120184,0.03895816322539068,0.3131178026003856,0.03188675427778341,1.4186256209560273,0.04068575463640789,-0.08137437904397271,0,0,FOLLOWING,1.367454320519615,0.30642258240817294,0
26.88,0.9552202572811141,0.7359067083153453,2.5240047994109274,-0.23608432647895405,1.510243753363429,0.31099416742929625,0.05931777868583469,0.30010849059854405,0.03546038534308789,1.4208463923385763,0.041219085991362814,-0.07915360766142365,0,0,FOLLOWING,1.4173514948454033,0.4168167506142861,0
26.912,0.9471313482238378,0.7416478717088422,2.525725801108158,-0.2470277820585336,1.5149171695279193,0.32436175657648436,0.06766237740361368,0.3099947864415482,0.05378131592346952,1.4226599858667421,0.04122086415526294,-0.07734001413325786,0,0,FOLLOWING,1.4289819666758081,0.4248529828168435,0
26.944,0.938683028894796,0.7476216981166476,2.5276881008550367,-0.2579361741503612,1.5194689665318242,0.31395286759960045,0.06399020374804731,0.32336246559581894,0.06132187618559563,1.4239542558861913,0.04103585000272191,-0.07604574411380871,0,0,FOLLOWING,1.3832642330050189,0.3246142115347304,0
26.976,0.9304631757578964,0.753408638489076,2.5295453149936584,-0.2688092838190099,1.5238987789520417,0.31075462164082446,0.06477604176791049,0.3141399310287264,0.058037945775896674,1.4254506265915643,0.040987641044001766,-0.0745493734084357,0,0,FOLLOWING,1.3960656021553357,0.3505574491604874,0
27.008,0.9223225327514806,0.7591163999776585,2.5314251517722712,-0.2796468928371847,1.5282062511585226,0.3159493884294469,0.06494970931318496,0.3106966346052035,0.05874490812400294,1.4269652060366957,0.04095499688805537,-0.07303479396330426,0,0,FOLLOWING,1.4146187082967032,0.3840933647799633,0
27.04,0.9140443571188132,0.764896976080224,2.5333101076899087,-0.2904487836901004,1.5323910373428191,0.30652554252014236,0.056424074428715644,0.3155293365053561,0.05890488497841119,1.4282334754265753,0.04096355520650574,-0.0717665245734247,0,0,FOLLOWING,1.3851567763204233,0.3205647645685492,0
27.072,0.9059847731732639,0.7705017322119522,2.5349495277966403,-0.3012147395798519,1.5364528015458496,0.30727705995601523,0.04825508411512766,0.3067713549302301,0.051231885056611026,1.4296893733273326,0.04125155161121841,-0.07031062667266741,0,0,FOLLOWING,1.4049250033132548,0.35835714629635645,0
27.104,0.8979075413091637,0.7760990987534766,2.5363533807358523,-0.3119445444297577,1.5403912176848655,0.32634979572620637,0.03681213193248863,0.30710058418015374,0.043870410764964334,1.4310431553337066,0.041819610685680964,-0.06895684466629337,0,0,FOLLOWING,1.4478399818388556,0.4397978763250992,0
27.136,0.889342533991386,0.7820182077151426,2.5374321931698054,-0.32263798288870316,1.5442059695796335,0.3519497957262064,0.02999583719097585,0.32537079136860686,0.03371289263783301,1.4317216760365576,0.04277740200837199,-0.06827832396344236,0,0,FOLLOWING,1.488538283051642,0.5115185054062713,0
27.168,0.8801023731637094,0.7883907850628181,2.5383172556663163,-0.33329484033545964,1.5478967509778165,0.3775497957262064,0.03209921879964404,0.3507875421958706,0.027658200891816365,1.431496458252001,0.0440050826016507,-0.06850354174799911,0,0,FOLLOWING,1.4822605496471788,0.4896292601242893,0
27.2,0.8701771159431849,0.7952239025336054,2.53926163915229,-0.34391490288299353,1.551463265579561,0.3886048710057969,0.02528902578650794,0.37657923498029433,0.029511977409214164,1.4303556915668136,0.045254248074998234,-0.06964430843318636,0,0,FOLLOWING,1.4624516391188882,0.4436080168805921,0
27.232,0.8599312499393951,0.8022630906699746,2.5400033364112664,-0.3544979573827576,1.554905227061284,0.3854277591203378,0.0364985725268835,0.3884688176343664,0.023178038684915483,1.428743673675858,0.046774410762068896,-0.07125632632414192,0,0,FOLLOWING,1.4424587130084665,0.4061535070175106,0
27.264,0.849745736364364,0.809250224530412,2.541066790670167,-0.36504379142897037,1.558222359098659,0.3678880942413689,0.03651068741089682,0.3859804288798856,0.033232941834862695,1.4271204767629357,0.04802982786217669,-0.07287952323706426,0,0,FOLLOWING,1.4085981242089107,0.3344928503420585,0
27.296,0.8400004110554564,0.815919747368494,2.542132773127246,-0.3755521933628785,1.5614143953888002,0.3541697475119105,0.039299960178189555,0.36901230376143596,0.03331195798809901,1.425948948712792,0.04932057247442634,-0.0740510512872079,0,0,FOLLOWING,1.4094616804200204,0.33949090450860336,0
27.328,0.8306193618881398,0.8223253478355663,2.543277435003529,-0.386022952277004,1.5644810796716417,0.3322124932501868,0.04150883193646414,0.3549661288099719,0.035770687720356256,1.4251363622174045,0.050572856544264695,-0.07486363778259553,0,0,FOLLOWING,1.3845918780610553,0.2922796583024288,0
27.36,0.8218057812004552,0.8283276983958402,2.5444895710826425,-0.3964558580193791,1.5674221657505096,0.3154687290655864,0.04579479404916399,0.3332121103872358,0.03787925612841374,1.4249287888413513,0.05178659176621769,-0.07507121115864868,0,0,FOLLOWING,1.3862903653462058,0.29985160989224113,0
27.392,0.8134388212359654,0.8340110620654465,2.545822521120834,-0.40685070119776245,1.5702374175118872,0.3096425677042541,0.05881349041238703,0.31607250539063486,0.04165469497822809,1.4251792045267446,0.05291226145439154,-0.07482079547325537,0,0,FOLLOWING,1.40358008462027,0.34358855098889757,0
27.424,0.805235064223848,0.8395676140416042,2.5475285651183417,-0.4172072731838419,1.572926608944371,0.31317026446275487,0.07370013722638832,0.3096382143687211,0.053313888174278075,1.4255457494207517,0.053708594364454854,-0.07445425057924826,0,0,FOLLOWING,1.4225337784216305,0.38328405372611934,0
27.456,0.7969399383280894,0.8451649935164663,2.5496637871722334,-0.4275253661174223,1.575489524156814,0.3355830666842749,0.09399226165107787,0.3127262202415098,0.06672571003363528,1.4257240973785512,0.054128447624922416,-0.07427590262144879,0,0,FOLLOWING,1.4676315871813008,0.4756969243923404,0
27.488,0.7880586909140842,0.8511305983069525,2.552389067920549,-0.4378047729105998,1.5779259573956592,0.3184382974933675,0.10636188428248201,0.3343598389360112,0.08516507297814897,1.4251220038765573,0.05403255137675389,-0.0748779961234427,0,0,FOLLOWING,1.3898316324440667,0.3186703168862984,0
27.52,0.7795658229961434,0.856799225075743,2.555467174620669,-0.44804528725191206,1.5802357130614568,0.2933778084687917,0.11090222629288042,0.3190774807896823,0.0961909043085736,1.4249173274802884,0.05360759645041391,-0.07508267251971157,0,0,FOLLOWING,1.3642401522681866,0.2638337933415897,0
27.552,0.7717116891806245,0.8620035380749588,2.5586817959149717,-0.4582467036104838,1.5824186057245662,0.2902399625017049,0.11363188590195725,0.29441534368608385,0.10045697963364345,1.4254106487934888,0.053055210306163225,-0.07458935120651122,0,0,FOLLOWING,1.402826945909014,0.3368506723275691,0
27.584,0.7639547454193766,0.8671071494703312,2.5619691995960014,-0.4684088172401504,1.5844744601400444,0.28747173363986667,0.12491747025957296,0.29016676722183504,0.10273144152698423,1.4259508438190913,0.05246456669850286,-0.07404915618090868,0,0,FOLLOWING,1.4030977736321697,0.3502146693459165,0
27.616,0.7562570580884108,0.8721345724382323,2.565581471200178,-0.47853142418356787,1.5864031112617143,0.27396329703292494,0.13115824454054653,0.2873142563331994,0.11288359747273116,1.4264929517893064,0.0515848816763933,-0.07350704821069365,0,0,FOLLOWING,1.3778612884751091,0.29741886575747684,0
27.648,0.7488900627261252,0.8769065313110074,2.569374264283465,-0.4886143212763052,1.5882044042554129,0.27663874212580775,0.1346238789021256,0.27428972169839955,0.11852490759494246,1.4273618197501539,0.050546361388308814,-0.07263818024984614,0,0,FOLLOWING,1.4091337659073877,0.35192215227383206,0
27.68,0.7414520768088626,0.8816839059121088,2.573266179495324,-0.49865730615092385,1.5898781945114249,0.2704232177794904,0.13576221270879055,0.2762587202748681,0.12162249299370262,1.428079280750755,0.049447654773123524,-0.07192071924924504,0,0,FOLLOWING,1.3915136399667363,0.3138857976717917,0
27.712,0.7341520952732185,0.8863316360053956,2.5771907424937237,-0.5086601772410364,1.5914243476560888,0.28037034769252855,0.1379310191269223,0.2704355734111613,0.12264273991469739,1.4288940047235745,0.048346058984359175,-0.07110599527642547,0,0,FOLLOWING,1.4262180393071127,0.37906550537659633,0
27.744,0.7265832004648822,0.8911092119107432,2.581180109396129,-0.5186227337853557,1.5928427395625873,0.29380331974930285,0.13996954728335165,0.27971764171010355,0.12466787704245812,1.4293242328186804,0.04722720324780205,-0.07067576718131963,0,0,FOLLOWING,1.4400994940035943,0.4009696653623643,0
27.776,0.7186338545313509,0.8960833193265355,2.5852313097880066,-0.5285447758317203,1.5941332563609103,0.30587730138127806,0.13150653792620612,0.29305321257444583,0.12660018403002998,1.4292404453513066,0.04609895375195494,-0.07075955464869343,0,0,FOLLOWING,1.444820817905741,0.39327963525922066,0
27.808,0.7103311496965464,0.9012319714916549,2.5890396628155985,-0.5384261042411111,1.5952957944469974,0.3114120912660017,0.1282723557259841,0.30530666926942274,0.11901117913992397,1.428677454710231,0.04526493499150819,-0.071322545289769,0,0,FOLLOWING,1.437454935035924,0.37846408510286206,0
27.84,0.7018463939437877,0.9064483247687601,2.592750915891553,-0.5482665206916453,1.5963302604910554,0.2858120912660017,0.12995561673241313,0.3112517473699239,0.11597679763641917,1.4278373102613051,0.04457492271874175,-0.07216268973869489,0,0,FOLLOWING,1.364081660072238,0.2473366435163569,0
27.872,0.6939998121568381,0.9112289851073178,2.5965196315925265,-0.5580658276825603,1.597236571445051,0.2733004651742797,0.1225800053657315,0.2871089889979078,0.11777250752506453,1.4276816084055173,0.04384301960798709,-0.07231839159448272,0,0,FOLLOWING,1.3926739062552678,0.28977200571196227,0
27.904,0.6864974781426463,0.9157612289134072,2.6000691619320344,-0.5678238285381734,1.5980146545493774,0.2633915733027107,0.11644012908852612,0.273897319129273,0.11092293811600566,1.4278626254599898,0.04335837432329681,-0.07213737454001024,0,0,FOLLOWING,1.3889025668646384,0.2825866037328809,0
27.936,0.6792586944196004,0.9200992328087865,2.603439592228815,-0.5775403274118318,1.598664447338696,0.26642385307396194,0.1103413990521853,0.26371586234247657,0.1053260498430009,1.4282837714006509,0.04308525850882505,-0.07171622859934912,0,0,FOLLOWING,1.4144133850162377,0.329778993295415,0
27.968,0.6719408322763571,0.9244526371696424,2.60663072791245,-0.5872151292898429,1.5991858976469506,0.28474058296622057,0.11006677620881425,0.26609584008529724,0.09972308339534151,1.4285442619471196,0.043038334280128154,-0.07145573805288041,0,0,FOLLOWING,1.4514754810516544,0.4024890409847854,0
28.0,0.6641252562742171,0.9290714575792439,2.609824101144727,-0.596848039995387,1.5995789636115565,0.2896299529463326,0.10737020461072423,0.2837162336273179,0.09979300268837714,1.4281575436732121,0.04305403632863048,-0.07184245632678787,0,0,FOLLOWING,1.4313109552263443,0.3550881230813087,0
28.032,0.6561392488492015,0.9337563652494342,2.6129320822003588,-0.6064388661924172,1.5998436136767604,0.2969492814724813,0.11133834887593193,0.2893408874462471,0.09712448578675179,1.4275068192830231,0.04320787237022339,-0.07249318071697686,0,0,FOLLOWING,1.4400992657892044,0.37661137363068836,0
28.064,0.647936807654677,0.9385348481729473,2.616155354330845,-0.6159874153895375,1.5999798265961735,0.3098016675909888,0.11350723555983105,0.2966555109842145,0.1007273400490494,1.4265391340861362,0.04330314525412993,-0.0734608659138638,0,0,FOLLOWING,1.456879130429372,0.4031388347707535,0
28.096,0.6393693846726856,0.9434902551027082,2.619445519043025,-0.6254934959438656,1.599987591434478,0.3188616044881952,0.11502072266915528,0.3092986479061231,0.10281773935240224,1.425084860410884,0.04339445289954025,-0.07491513958911611,0,0,FOLLOWING,1.4555792426480296,0.3958720999779057,0
28.128,0.63052748862698,0.9485656876967488,2.622777370540067,-0.6349569170648826,1.5998669075683045,0.33167196839081514,0.10971948797560711,0.318598828754833,0.10412045931632279,1.423251228720869,0.04350419152493234,-0.07674877127913105,0,0,FOLLOWING,1.4693359470224763,0.41126015909362407,0
28.16,0.6213161533823555,0.9538131454990064,2.6259601313879157,-0.6443774888182578,1.599617784686282,0.3426645008479335,0.09531375903410164,0.33129134299706803,0.099461365786739,1.420930690745633,0.04382832018681926,-0.07906930925436706,0,0,FOLLOWING,1.4726205256878324,0.4069360237827115,0
28.192,0.6117784238064399,0.9592066477755132,2.62872791631995,-0.6537550221296655,1.5992402427882602,0.34983023492837684,0.09057827469610974,0.34241262912950576,0.08649334083442917,1.4181741449934329,0.04463397412823955,-0.08182585500656714,0,0,FOLLOWING,1.470200324031387,0.40271818731241504,0
28.224,0.602019502852401,0.9646897484778759,2.631355378605658,-0.6630893287885748,1.5987343121837039,0.3487167275328652,0.07666186148765124,0.3498052605884311,0.08210824392784825,1.4151017153056202,0.04564780507686361,-0.08489828469437977,0,0,FOLLOWING,1.4557494724092814,0.3664922820209515,0
28.256,0.5922657955398191,0.9701358667320344,2.6335773301202816,-0.6723802214520296,1.5981000334892599,0.3590400662338709,0.07870041107363512,0.34909183209607225,0.0694360132874871,1.411973279854985,0.047128865534283186,-0.08802672014501489,0,0,FOLLOWING,1.4812255336389808,0.42369481618112065,0
28.288,0.5822283368064834,0.9757133357559457,2.6358636129634787,-0.6816275136484129,1.597337457625496,0.35853003625106783,0.08687518069365219,0.358845321640997,0.07144635840786738,1.4084559487677129,0.04862481529867324,-0.09154405123228715,0,0,FOLLOWING,1.4621673581869696,0.3922022434166917,0
28.32,0.5721785023780749,0.98126740196369,2.6383775439919948,-0.6908310197811796,1.5964466458128128,0.341005325598622,0.09871999184051758,0.35882084496780564,0.07856038275969576,1.4048624684031268,0.04996157814925706,-0.09513753159687321,0,0,FOLLOWING,1.423564069181592,0.3293725894269727,0
28.352,0.5625834593576077,0.9865369254920194,2.6412437679361918,-0.6999905551325893,1.59542766956653,0.3406038136037269,0.10079179645251025,0.3420689281664656,0.08956956225516209,1.4017278909565518,0.05099257298019211,-0.09827210904344819,0,0,FOLLOWING,1.4537913007662335,0.37461968608523466,0
28.384,0.5530111854826745,0.9917594032356818,2.644158749221671,-0.7091059358674117,1.5942806106911434,0.36178298195235614,0.10228585771966693,0.34075441473331486,0.09109322985451158,1.3985604861566108,0.05203792060569867,-0.10143951384338923,0,0,FOLLOWING,1.5026993754381002,0.4662791986512604,0
28.416,0.5428603481504115,0.9972615694799725,2.647133106900677,-0.718176979036615,1.5930055612737586,0.3732802174595817,0.10112128809456086,0.36083179376992036,0.0929487451164809,1.3946777564431845,0.05311529106131818,-0.10532224355681552,0,0,FOLLOWING,1.4920338598927971,0.437815718067097,0
28.448,0.5323538890684735,1.0029153061125238,2.6500676991932073,-0.7272035025810388,1.5916026236766982,0.3727553047664544,0.0959196221956855,0.3728520058898114,0.09170608145516795,1.3903372183466234,0.05431519615881619,-0.10966278165337662,0,0,FOLLOWING,1.4713211456930415,0.39078485509538474,0
28.48,0.5218259449582258,1.008539393146694,2.6528438045668494,-0.7361853253350481,1.590071910529284,0.3534245766716933,0.0956733363154299,0.3729947279206266,0.08675335760374321,1.385919342876139,0.05574363865378639,-0.11408065712386106,0,0,FOLLOWING,1.4290870718454804,0.31454634250552044,0
28.512,0.5118024558919217,1.013855905973485,2.655625807221812,-0.7451222670301689,1.588413544718794,0.32782457667169324,0.09874096556196399,0.35454816661188365,0.08693764275626135,1.3820188997742975,0.057212852084648436,-0.11798110022570252,0,0,FOLLOWING,1.3969534330030735,0.26407252876139015,0
28.544,0.5024833876416177,1.018764048277825,2.6584999800764666,-0.7540141482987064,1.5866276593805984,0.30771161959773174,0.09694410854954376,0.32912032544303776,0.08981796235703443,1.3788600866798588,0.058625215987817114,-0.12113991332014118,0,0,FOLLOWING,1.411837894861094,0.2895198177042382,0
28.576,0.4937336827092237,1.0233399221976829,2.6613174209444437,-0.7628607906773457,1.5847143978874705,0.28211161959773173,0.10144513621270197,0.30854845441213263,0.08804508867900522,1.3762888405061102,0.06013333412767352,-0.12371115949388978,0,0,FOLLOWING,1.3706808401321213,0.2285357269775263,0
28.608,0.48569524825905913,1.0275137590868286,2.664266684060306,-0.7716620166107324,1.582673913838076,0.2565116195977317,0.10305948769890892,0.28302995465854175,0.09216454845417993,1.374463564065731,0.06153851313658443,-0.125536435934269,0,0,FOLLOWING,1.3555159944382218,0.20240929703276211,0
28.64,0.47837635770677506,1.031285597602639,2.667261701804232,-0.7804176494550372,1.580506371044644,0.2309116195977317,0.1060125904102917,0.2572888525953044,0.09359439184337841,1.373392081834873,0.06292219528618803,-0.12660791816512695,0,0,FOLLOWING,1.3616828231935063,0.2215576430813669,0
28.672,0.4717790181784252,1.0346595988621756,2.6703405345432163,-0.7891275134815001,1.5782119435198136,0.21104349967320832,0.1133090301180493,0.23155382852786452,0.09621362756150006,1.3730748096755245,0.06424244247988754,-0.12692519032447547,0,0,FOLLOWING,1.372024539136828,0.25340018840704465,0
28.704,0.4657492571303926,1.0377197247360759,2.673623535240231,-0.7977914338799588,1.575790815462665,0.19890957511762616,0.12266771936527408,0.2113036156366883,0.10259390518594326,1.3733373862655227,0.06538390052449516,-0.1266626137344773,0,0,FOLLOWING,1.3676438531027415,0.2551329450190705,0
28.736,0.46006890925155314,1.040579410552414,2.677169134956438,-0.8064092367623559,1.5732431812439325,0.20110799424537143,0.14209134437170562,0.1987400319236291,0.11080014999628277,1.373935073771004,0.0662969693103661,-0.1260649262289959,0,0,FOLLOWING,1.3943360972922438,0.3309805903166401,0
28.768,0.4543336938527969,1.0434418047572203,2.681271515312386,-0.8149807491662302,1.5705692453903985,0.19845419143092316,0.1506834441119566,0.20032160299164004,0.12819960170918357,1.3744171469845636,0.06670774479292653,-0.12558285301543637,0,0,FOLLOWING,1.3856310520339212,0.29284986579737027,0
28.8,0.44865390842566505,1.0462471382642424,2.685622118153244,-0.8235057990581862,1.5677692225684758,0.17814953772569656,0.14531954663110963,0.19797140705202187,0.1359565611870231,1.374909308195428,0.06691596686906243,-0.125090691804572,0,0,FOLLOWING,1.346205932252265,0.1933236208563546,0
28.832,0.4435173072270364,1.0487536084491726,2.6898312391139907,-0.8319842153373491,1.564843337566973,0.15315586001091228,0.140680106889292,0.1786026442332468,0.13153521394237155,1.3759552109588997,0.06728112521623508,-0.12404478904110028,0,0,FOLLOWING,1.326790894115901,0.16431612741314872,0
28.864,0.43908274109603385,1.0508920218807272,2.6939110905010124,-0.8404158278387968,1.5617918252790481,0.13889681289091638,0.1300724690018968,0.1538403313590886,0.12749553621975543,1.377728274014409,0.06778145946628822,-0.122271725985591,0,0,FOLLOWING,1.340507911026747,0.1706928988316925,0
28.896,0.43506881552258253,1.0528074182344471,2.6976756735639196,-0.8488004673369782,1.5586149306833499,0.14801389949448418,0.1369243517593646,0.13898411110044556,0.11764339162975077,1.3799136114699608,0.06861863068861364,-0.12008638853003917,0,0,FOLLOWING,1.3873117127631396,0.2882112907420648,0
28.928,0.43081689025955483,1.05481895970431,2.7016313405170025,-0.8571379655491058,1.555312908824354,0.16844970570570272,0.1425346033896861,0.1470103237291379,0.1236147985445953,1.381782147701614,0.0693245675472598,-0.1182178522983861,0,0,FOLLOWING,1.4188224367595326,0.33725325051066873,0
28.96,0.42597942209556544,1.0570872982732584,2.7057621098429907,-0.8654281551385345,1.5518860247918849,0.18317999492958442,0.1444745664167006,0.16699034729099613,0.12908674602888162,1.382953112112664,0.06993664212929351,-0.11704688788733608,0,0,FOLLOWING,1.4177035726732834,0.3225007481429179,0
28.992,0.42069076739636563,1.0595409640962794,2.70994455790628,-0.8736708697181221,1.5483345536998354,0.20722097464098313,0.1423362400790825,0.18220781564630814,0.13070169381463806,1.3835791343003212,0.07057109553221164,-0.1164208656996788,0,0,FOLLOWING,1.4476294367880067,0.3636877163417399,0
29.024,0.41470071682935555,1.0622915604515857,2.7140758916818397,-0.8818659438535663,1.5446587806640795,0.21317575803213068,0.15498124150211665,0.20600073975531039,0.129104363852649,1.3833883188497695,0.07134872285494076,-0.11661168115023046,0,0,FOLLOWING,1.4189999879502806,0.33991895156859836,0
29.056,0.4084936327732663,1.0651088066578638,2.718552303112762,-0.8900132130667271,1.5408590007795835,0.23877575803213066,0.16603680869004894,0.21301790286708547,0.13988810031848609,1.3829165831315287,0.07184606262328463,-0.11708341686847135,0,0,FOLLOWING,1.4698765901450666,0.4242699129940386,0
29.088,0.4015523140147493,1.0682243313951025,2.7233676891411367,-0.8981125138389245,1.5369355190967153,0.24504512573971818,0.16067413498575306,0.23777854322725728,0.15048111196229177,1.3816001021412005,0.07210288352595784,-0.11839989785879945,0,0,FOLLOWING,1.4350314106025972,0.32394483065590696,0
29.12,0.39438129824554596,1.0713990835316725,2.728011458333021,-0.9061636836142255,1.532888650596755,0.2596470648675152,0.1639311334604216,0.2450717142931761,0.14511808503200802,1.3799963298322755,0.072598237234613,-0.12000367016772451,0,0,FOLLOWING,1.460292322464265,0.38300659209457033,0
29.152,0.38677753045414986,1.0747237901685849,2.7327575447357497,-0.9141665608027014,1.5287187201666068,0.24078020846755327,0.1752436727506422,0.25934226820551565,0.14831550343082736,1.3778849462273777,0.07307511537281552,-0.12211505377262233,0,0,FOLLOWING,1.3916075218422006,0.29241371834346813,0
29.184,0.37966439831175725,1.0777901574872342,2.7378295078116075,-0.9221209847836755,1.5244260625727177,0.22987563973866273,0.18315168371338814,0.24203675776075104,0.1584992220828359,1.3762735249042801,0.07325307237321742,-0.12372647509571988,0,0,FOLLOWING,1.4004075884890583,0.3024603987818173,0
29.216,0.37287058038946186,1.080677024581791,2.7431227705803995,-0.930026795908943,1.520011022434203,0.21193775020198083,0.195708259021782,0.23066393300937196,0.16541485700589065,1.3749748851649075,0.07324544044875614,-0.1250251148350925,0,0,FOLLOWING,1.3789717134899568,0.29486968307632117,0
29.248,0.3665847041976895,1.0833062267206133,2.748785520126447,-0.937883835505978,1.515473954195177,0.19950628061404757,0.20862067808710757,0.2129071734963702,0.17696139458248863,1.3741932599700624,0.0728895589117049,-0.12580674002993764,0,0,FOLLOWING,1.3824638105247766,0.3104614496518991,0
29.28,0.3606639157808712,1.085742380072263,2.754813773125789,-0.945691945881117,1.5108152220963005,0.20173730016813793,0.22543041284638649,0.20006421414113718,0.1883834715054349,1.373773110205986,0.07219586655056842,-0.12622688979401397,0,0,FOLLOWING,1.4093816476086325,0.36929444202626943,0
29.312,0.35468608879391167,1.088160338921138,2.7613186803563985,-0.9534509703227232,1.5060352001455382,0.20713228075415097,0.23902160880135792,0.20151311671114572,0.2032790670847599,1.373259613138619,0.07107662503188596,-0.126740386861381,0,0,FOLLOWING,1.4179463845976297,0.3788350336729199,0
29.344,0.3485370774365425,1.0906012199490294,2.7682178613691564,-0.9611607531043327,1.501134272088133,0.19119128568828628,0.23940733965631944,0.2067475954199329,0.21560025946028447,1.3725326204582982,0.06961893010243836,-0.12746737954170184,0,0,FOLLOWING,1.3737437008643414,0.27927784725965427,0
29.376,0.3428129841944211,1.0928242762938525,2.7751422212436263,-0.9688211394877806,1.496112831375799,0.18657674600085514,0.24261162900934244,0.1918824271964309,0.2163870999846512,1.3722338478071663,0.06815430819296521,-0.12776615219283372,0,0,FOLLOWING,1.392477803068767,0.31649317953420353,0
29.408,0.33722956110174473,1.0949484366892017,2.782143922406974,-0.9764319757263049,1.4909712811351334,0.18593378772011326,0.24826700293528717,0.1866794737401896,0.21880405220538518,1.3720571149425522,0.06664853376980329,-0.12794288505744777,0,0,FOLLOWING,1.39942271328851,0.3369835878884066,0
29.44,0.3316577226691701,1.0970234620184725,2.7893064483907146,-0.983993109067633,1.485710034135255,0.17615164518844073,0.2530889614920779,0.1858037488870485,0.22382989307046633,1.3718652858038345,0.06502463754038823,-0.1281347141961655,0,0,FOLLOWING,1.3787421292439483,0.3108737900633365,0
29.472,0.3263504348011336,1.098954752783377,2.796618725544123,-0.9915043877570491,1.4803295127546647,0.15682710571785735,0.25383534368824373,0.17648664521512225,0.22850967404373265,1.3719285844689646,0.06327874941637646,-0.1280714155310354,0,0,FOLLOWING,1.3529835419704808,0.2703105916781842,0
29.504,0.32159536940803046,1.10064222883788,2.803969573658986,-0.9989656610404363,1.4748301489473379,0.15288053287890968,0.2464381423803237,0.157662907063143,0.22971502963331397,1.3725516510117053,0.0615057592110273,-0.1274483489882947,0,0,FOLLOWING,1.3802425781960777,0.2747808463800882,0
29.536,0.31697462560521744,1.102245195693144,2.811083093354819,-1.006376779167307,1.469212384208047,0.16976309209102466,0.24680637917475154,0.15284110104641796,0.22229844220760384,1.3732894297852678,0.060005023618665554,-0.1267105702147322,0,0,FOLLOWING,1.42609760088832,0.3634619371167863,0
29.568,0.3118671031570807,1.1039812908906075,2.8182315486681064,-1.0137375933938038,1.4634766695369157,0.19094705170496062,0.24229315200840243,0.1685958619135381,0.22339019811028452,1.3734863445938643,0.05853719833416981,-0.12651365540613568,0,0,FOLLOWING,1.44543042936488,0.37582488804003605,0
29.6,0.3061093925207674,1.105895642600599,2.8252625383727623,-1.0210479559856886,1.4576234654032145,0.18328095453742801,0.2329299315291505,0.18963111656640239,0.21971933410512764,1.3729745405608056,0.05726247103419624,-0.1270254594391944,0,0,FOLLOWING,1.392240323295632,0.2714446871314875,0
29.632,0.3005186036524512,1.1077071223115627,2.8319892032298677,-1.0283077202213047,1.4516532417083932,0.1799183275651009,0.2233547527629443,0.18364722462088243,0.21020907280994153,1.3726173290717187,0.056327386636114696,-0.12738267092828126,0,0,FOLLOWING,1.3993324829619571,0.2770009701281403,0
29.664,0.29502265356664953,1.1094468637141703,2.838436027174582,-1.035516740394523,1.4455664777483563,0.18111895739427272,0.21708252294099278,0.1801433067658916,0.20146394611661766,1.372337959039629,0.055714486595638935,-0.12766204096037104,0,0,FOLLOWING,1.4087318307269001,0.29656683339322254,0
29.696,0.2894872355828077,1.111160470900515,2.8447014309568104,-1.0426748718176695,1.4393636621749824,0.17119211322796032,0.21836452758287145,0.18108080707486174,0.19579450878895022,1.3719960696577909,0.055333060544155536,-0.12800393034220914,0,0,FOLLOWING,1.3841073661020364,0.2832617659481051,0
29.728,0.2842269375590909,1.1127510436180874,2.851018576173502,-1.049781970824422,1.4330452929568993,0.17523036131105083,0.2126942635513295,0.17172634720815708,0.19741144436619484,1.3719213438845848,0.054935459128406805,-0.12807865611541525,0,0,FOLLOWING,1.4121477412214196,0.3008832966961191,0
29.76,0.2788577858467342,1.114339876930189,2.857164310160706,-1.0568378947726997,1.426611877339504,0.17835048774708945,0.2095473336938507,0.17498107735275686,0.19205479401388365,1.3717130725720479,0.05476357430383727,-0.1282869274279521,0,0,FOLLOWING,1.412968153477666,0.3054885298966515,0
29.792,0.27338255127479116,1.115924245109462,2.863219151531655,-1.0638425020475224,1.4200639318042405,0.17806880393273591,0.20652982200518388,0.1781231284209758,0.18921437150654224,1.371375875628437,0.05473698182681419,-0.1286241243715629,0,0,FOLLOWING,1.407631239113692,0.2947397413238008,0
29.824,0.267899382319833,1.117474799742309,2.8691789916401764,-1.0707956520638566,1.4134019820271362,0.1600501654900751,0.21369491100789123,0.17806767099206616,0.1862455547324117,1.3710132356394613,0.05485589491711185,-0.12898676436053869,0,0,FOLLOWING,1.3667107636273663,0.2783324882380578,0
29.856,0.26292979031639185,1.1188444086953444,2.875385674473617,-1.0776972052694331,1.4066265628366,0.1344501654900751,0.21228866088049334,0.1610752002240689,0.19395945971456097,1.371167134063407,0.05475356408209242,-0.12883286593659293,0,0,FOLLOWING,1.341365184939152,0.22432977244936037,0
29.888,0.25872909020176793,1.1199700369354204,2.8815768770041315,-1.0845470231475498,1.3997382181704863,0.12429410298757625,0.21224641573797337,0.1358844146910285,0.19347569571042095,1.3721009262902004,0.054678186547852725,-0.12789907370979958,0,0,FOLLOWING,1.365026202766195,0.2551535725884143,0
29.92,0.254870547091002,1.1209799552638382,2.8877192386982067,-1.0913449682198526,1.3927375010324266,0.1084965453887285,0.20804736051477388,0.12463726715368337,0.1919494326078526,1.373371172460612,0.05468255359518004,-0.1266288275393881,0,0,FOLLOWING,1.3483380492707244,0.2206978224729455,0
29.952,0.25148901967952497,1.1218410574174429,2.893752066166163,-1.098090904049092,1.3856249734474337,0.09738420555902277,0.20300317093963297,0.10903902552830606,0.18852645252212097,1.3751174222179927,0.054817750331559445,-0.12488257778200729,0,0,FOLLOWING,1.352447600094551,0.21973006098250866,0
29.984,0.248458112439024,1.1225934176604153,2.899624041581184,-1.104784695241865,1.3784012064167823,0.09804066627564349,0.192823449130698,0.09758869222925495,0.18349979473746988,1.3772086702197592,0.055139966338873414,-0.12279132978024077,0,0,FOLLOWING,1.375639290902136,0.22671163864832125,0
30.016000000000002,0.2454230158382628,1.123329778935721,2.9051861902555896,-1.1114262074513288,1.3710667798721676,0.10364099551335854,0.1984134485829835,0.0976064752992057,0.17381763406537176,1.3792800427667158,0.055813147825017666,-0.12071995723328421,0,0,FOLLOWING,1.386812291228657,0.29160474546145976,0
30.048000000000002,0.24221536082880651,1.1240907787707861,2.9109093742262218,-1.1180153073799,1.3636222826291489,0.10939016795978594,0.19713601257516405,0.10303284069539281,0.17885001354077862,1.3811599516624253,0.056374147688510234,-0.11884004833757467,0,0,FOLLOWING,1.3917089887519718,0.27376777287930665,0
30.080000000000002,0.23882177132871893,1.124876778146613,2.916597557448236,-1.1245518627819289,1.356068312339877,0.1056008602131262,0.19840830874836227,0.10886640873308992,0.1777562162861095,1.3828366467774527,0.05701984841806729,-0.11716335322254734,0,0,FOLLOWING,1.3738064376992765,0.25782441068294654,0
30.112000000000002,0.23552577566593072,1.1256204659006186,2.92232120153864,-1.1310357424663522,1.348405475445116,0.09836637630322624,0.2089503827143636,0.10558922719307164,0.1788643698654745,1.3846023051106595,0.0576671571592513,-0.11539769488934049,0,0,FOLLOWING,1.3636053696026182,0.2863535721764771,0
30.144000000000002,0.23244557600700635,1.1262965424858244,2.9283482796332083,-1.1374668162993302,1.340634387125557,0.07769230967008416,0.2272951667644425,0.0985440879822543,0.18834676351705856,1.38657876597014,0.05804168021155176,-0.11342123402985993,0,0,FOLLOWING,1.3281008474982012,0.3044167056768899,0
30.176000000000002,0.22998152613233125,1.1268180252918576,2.9349483458317196,-1.1438449552068533,1.3327556712524302,0.05209230967008416,0.23938020303394125,0.07869383348645706,0.2062528146852712,1.3891758401486065,0.05785140903987074,-0.11082415985139349,0,0,FOLLOWING,1.2985749636234818,0.278387939814474,0
30.208000000000002,0.2283062393966355,1.1271563333796537,2.9419239615028143,-1.1501700311773373,1.3247699603374201,0.02650805563032447,0.2515216043950586,0.05339403781978948,0.2179888752333526,1.392568839984197,0.05728223528630938,-0.1074311600158031,0,0,FOLLOWING,1.3018187260723042,0.28987127133481344,0
30.240000000000002,0.22743584599340036,1.1273203536458272,2.9492473535058177,-1.15644191726419,1.3166778954818872,0.012924201190009284,0.24940401169438392,0.027665057988663408,0.22885704603065032,1.3967726881239575,0.0563586671398455,-0.1032273118760425,0,0,FOLLOWING,1.3128512825228693,0.2384706275730385,0
30.272000000000002,0.22702353110588336,1.1273920002004925,2.9564502471954444,-1.1626604875883584,1.308480126325399,0.010790682571281227,0.24356826983376695,0.013075528407815614,0.2250914644548982,1.4014330455778496,0.055563697318930405,-0.09856695442215035,0,0,FOLLOWING,1.3343747101968315,0.23404620787820893,0
30.304000000000002,0.2266982079907064,1.1274459913224666,2.963474365312731,-1.1688256173408575,1.3001773109935768,0.0,0.24270079604573852,0.010313524364458364,0.21950465924573204,1.406173124427915,0.054969376071389416,-0.09382687557208502,0,0,FOLLOWING,1.3141704318209069,0.24025197580473132,0
30.336000000000002,0.22669946508432873,1.1274399818749492,2.970473464084182,-1.1749371827852753,1.2917701160452608,0.0,0.2499315049542354,-6.918569488369625e-05,0.21872277155683767,1.4112369346242228,0.054410379573933465,-0.08876306537577716,0,0,FOLLOWING,1.290479650399707,0.2714818564437397,0
30.368000000000002,0.22671413134890642,1.1274327481036661,2.9776809084678457,-1.180995061260253,1.2832592164189975,0.0,0.25833126006809143,-0.00047998082487863927,0.22523365518444582,1.4163075439974049,0.05366550963970563,-0.08369245600259512,0,0,FOLLOWING,1.3246611717760137,0.29571987197213917,0
30.400000000000002,0.22672720713597858,1.1274268442564377,2.985130489871615,-1.1869991311819499,1.274645295378855,0.0,0.2554763810622947,-0.0004243534560368992,0.23280052341603572,1.4213709691719123,0.05270110890985613,-0.0786290308280877,0,0,FOLLOWING,1.3445843433310074,0.2638605962977177,0
30.432000000000002,0.22673781897725354,1.1274222091419202,2.9924982463198857,-1.1929492720464818,1.26592904445957,0.01441211242735177,0.24708107068203897,-0.0003429829170910981,0.23024344747437023,1.426427558570412,0.05184066641659513,-0.07357244142958796,0,0,FOLLOWING,1.3914314298551962,0.28597063959025,0
30.464000000000002,0.22631291024350797,1.127484163692178,2.999639867207691,-1.1988453644323416,1.2571111634110335,0.026191774122980186,0.24018086654192278,0.013435140838351949,0.22317661304100161,1.4310413225805734,0.05124616344611166,-0.06895867741942663,0,0,FOLLOWING,1.3746924999658847,0.2620139033411956,0
30.496000000000002,0.22550418262439478,1.1275977203905796,3.0065673822885763,-1.2046872900027958,1.248192360142104,0.031545916687386225,0.23512197922938122,0.025532670780671462,0.21648571269560477,1.4352667750325485,0.05090363644219308,-0.06473322496745149,0,0,FOLLOWING,1.3672717946284465,0.2552585526640386,0
30.528000000000002,0.22451158597834175,1.1277304994750692,3.0133491401196184,-1.2104749315082568,1.2391733506637905,0.05714591668738622,0.23729517699609362,0.03129918436833701,0.21193074513473723,1.4393074079047141,0.05073782974872376,-0.06069259209528588,0,0,FOLLOWING,1.429199977695418,0.35280741913465924,0
30.560000000000002,0.22276122218463065,1.1279570891173811,3.020351774846811,-1.216208172788639,1.23005485903176,0.08274591668738623,0.23610315106749272,0.055171991825077156,0.21883322526000312,1.4425868688890895,0.05040757299844101,-0.05741313111091051,0,0,FOLLOWING,1.4422098367801988,0.35388182275412505,0
30.592000000000002,0.2202493276015021,1.1282632690400847,3.0276144746133915,-1.2218868987756881,1.2208376172882125,0.10834591668738623,0.2300841518707044,0.07909092651390479,0.22696037782168071,1.4451044617545847,0.04987362100514714,-0.054895538245415265,0,0,FOLLOWING,1.4437485966951178,0.33257004110427174,0
30.624000000000002,0.21696983269914227,1.1286375902855934,3.0349746774091866,-1.2275109954952939,1.2115223654031124,0.13394591668738623,0.22448991978159416,0.10315951093288976,0.23000741135479402,1.4468568515812357,0.04930050494438509,-0.05314314841876433,0,0,FOLLOWING,1.4607821305959894,0.3516597912571772,0
30.656000000000002,0.21286735873532928,1.1290739863207653,3.0421565501282877,-1.2330803500697738,1.2021098512147823,0.1564117008676712,0.22259990756469067,0.128934139826045,0.2244345476720033,1.447791080978034,0.04896827089936462,-0.052208919021965894,0,0,FOLLOWING,1.4551096869626772,0.3479339194401383,0
30.688000000000002,0.20803684531454536,1.1295515230437432,3.049277952265976,-1.238594850720141,1.192600830369866,0.15038726607162212,0.2340879874019887,0.15169307492243364,0.22254484353164858,1.4480049996897444,0.04875874183470153,-0.05199500031025561,0,0,FOLLOWING,1.4107888781254232,0.3431347095428462,0
30.72,0.2032194815932492,1.1299886231249672,3.056032160584532,-1.244054386768346,1.1829960662626642,0.15783866751429565,0.23023603169491388,0.1511452219757679,0.2110699322257669,1.4482442608449488,0.04895113993280332,-0.05175573915505116,0,0,FOLLOWING,1.4402621091982772,0.32377629429484145,0
30.752,0.19817582948538442,1.130410882457922,3.062675280431601,-1.2494588486395006,1.1732963299738481,0.16726110879933515,0.22004867506130177,0.15815804151366983,0.2075983187754921,1.448269768695867,0.0493015390053717,-0.05173023130413301,0,0,FOLLOWING,1.4500866733698765,0.31156617841521317,0
30.784,0.19283446308438656,1.130821849344564,3.0690251882890127,-1.2548081278640746,1.163502400208557,0.17030404686426892,0.2089166960848316,0.16740696869068208,0.19843533155499668,1.4480114258985486,0.04999628572315019,-0.05198857410145141,0,0,FOLLOWING,1.4413456150953823,0.2875568065265966,0
30.816,0.18738593203377035,1.131205610867552,3.0750542805179975,-1.260102117080073,1.1536150632338826,0.18611622755858015,0.19058194642497375,0.17068034681894304,0.18840973959935528,1.4476615059753295,0.05105799499981866,-0.0523384940246705,0,0,FOLLOWING,1.4730586062712867,0.3107629806152462,0
30.848,0.18145151278234606,1.131588263910056,3.080566295557964,-1.2653407100351926,1.1436351128157483,0.19276297887730465,0.17231690887964501,0.1858386875719572,0.17225092431279718,1.4468423765475873,0.05269995821019613,-0.053157623452412706,0,0,FOLLOWING,1.461274404289378,0.2789057527494829,0
30.88,0.17528846151597766,1.1319515218729674,3.0855412263415167,-1.2705238015889542,1.1335633501551776,0.19743552860744817,0.16434843815960756,0.19292589446870567,0.15546692719829347,1.4458131615582337,0.05493660227715402,-0.054186838441766305,0,0,FOLLOWING,1.4598048612063448,0.29490308799774195,0
30.912,0.1689716251664799,1.132292524896175,3.0902860065126756,-1.27565128771481,1.1234005838239842,0.18624718028417056,0.17490597995060578,0.19768332536869904,0.14827466846228743,1.4446502784541504,0.057461768043773696,-0.055349721545849606,0,0,FOLLOWING,1.424397006592059,0.30703528054626145,0
30.944,0.1629902216779845,1.1325862844964893,3.0953336016414092,-1.2807230655022357,1.1131476296998515,0.19781940558838915,0.18229194940893717,0.18712713787282756,0.15773769219656375,1.4438441456338078,0.05972258409712896,-0.05615585436619219,0,0,FOLLOWING,1.4700646033507792,0.3631443181032489,0
30.976,0.15667232916860682,1.1328653481578064,3.100594078295584,-1.2857390331587917,1.102805310900834,0.2106501779145643,0.19086578716624994,0.1976292771148462,0.1643902744883601,1.4427245558356148,0.0618356869356689,-0.057275444164385236,0,0,FOLLOWING,1.4783753642948088,0.38163843525236696,0
31.008,0.1499460568069003,1.1331277104612387,3.106101730076871,-1.2906990900121693,1.0923744577192782,0.22094411938428182,0.21098558764411193,0.2103600607833116,0.17211455797594263,1.4412214495567253,0.06377157784181821,-0.058778550443274735,0,0,FOLLOWING,1.4768661409292954,0.4260794356889188,0
31.04,0.14288415733126736,1.1333644688316011,3.112188896263511,-1.2956031365122103,1.0818559075551644,0.2240129828474293,0.23854613188428334,0.22080913359102614,0.19022454472741462,1.439409193535285,0.06519591490306656,-0.06059080646471493,0,0,FOLLOWING,1.462999479386447,0.4517431662423615,0
31.072,0.13571144046912686,1.133560622293148,3.1190699226142446,-1.3004510742329036,1.07125050484888,0.22116191583006997,0.2565826653210588,0.22422488070942975,0.2150329493185179,1.4375135892822644,0.0658820747539475,-0.06248641071773564,0,0,FOLLOWING,1.4508676791699007,0.4169475540149508,0
31.104,0.12862073117462042,1.1337042626911191,3.1264708111970085,-1.3052428058743635,1.0605591010134272,0.23798213598760015,0.2692476635844359,0.22161902447079293,0.23127885550672586,1.4357279887065928,0.0660902995596653,-0.0642720112934072,0,0,FOLLOWING,1.493713314784656,0.4620519706230307,0
31.136,0.1210198460984489,1.133801733986477,3.134237521759095,-1.3099782352647802,1.049782554366069,0.22294208348745342,0.27927317633770443,0.23755199879813615,0.2427109477098138,1.4334624973850307,0.06600149449658789,-0.06653750261496927,0,0,FOLLOWING,1.4300783588555441,0.3821924875271062,0
31.168,0.1138552930466264,1.1338354213470891,-3.140892744761101,-1.31465726736235,1.0389217300594256,0.1973420834874534,0.2748543977359844,0.2238746664763895,0.2517214183714519,1.4316622311285785,0.06564489947216012,-0.06833776887142151,0,0,FOLLOWING,1.3988425058273524,0.298169948202625,0
31.2,0.1074188040776612,1.133810579966469,-3.132557214308896,-1.3192798082571846,1.027977500012016,0.1717420834874534,0.2747819030376367,0.20111701815458438,0.2604868391308766,1.430618597408415,0.06500934758122634,-0.0693814025915851,0,0,FOLLOWING,1.3856349896106843,0.30755863362651864,0
31.232,0.10174226152961587,1.1337394557317593,-3.1238992548753646,-1.3238457651731936,1.016950742838261,0.1461420834874534,0.2661021453960596,0.1773846625341044,0.27056291176462577,1.4303638786468744,0.06404724833594022,-0.06963612135312558,0,0,FOLLOWING,1.3716321039361756,0.2609055284213494,0
31.264,0.09686920768412602,1.1336348359431658,-3.1153869720324843,-1.3283550464699498,1.0058423437779471,0.12695921892129683,0.26455685149654096,0.1523001004940769,0.2660104421453352,1.4309420308603837,0.06322000694559637,-0.06905796913961626,0,0,FOLLOWING,1.3808114306779729,0.29739084024097606,0
31.296,0.09267892212698822,1.1335070565447842,-3.1072044054661463,-1.3328075616445245,0.9946531946251579,0.11329754060266321,0.25616956717209693,0.13099641759313446,0.255706656442836,1.4322332597678582,0.0627134663722475,-0.0677667402321418,0,0,FOLLOWING,1.3806089282550558,0.2671917239915628,0
31.328,0.08904734283870396,1.1333628065304138,-3.099819620928533,-1.337203221333307,0.9833841936566806,0.0876975406026632,0.24898737238898544,0.11357155803936833,0.2307756138169319,1.4341144501470267,0.0629977885587305,-0.06588554985297335,0,0,FOLLOWING,1.3466265450203172,0.24472654343027697,0
31.36,0.08616505889011707,1.1332236993549063,-3.0923257625327776,-1.3415419373137962,0.972036245559891,0.08948685855577297,0.2537123387227333,0.090167675671365,0.2341842448298092,1.4367771790610127,0.06315659390381789,-0.06322282093898735,0,0,FOLLOWING,1.3957806416470593,0.3320336094064235,0
31.392,0.08332466281826183,1.1330667733593995,-3.0850127568237107,-1.3458236225063729,0.9606102613601236,0.10697161059830258,0.25683273230218157,0.0889088343763303,0.22853255126379018,1.4395159151524861,0.06351028538580607,-0.060484084847513886,0,0,FOLLOWING,1.4322551634029637,0.36747546617708815,0
31.424,0.07995017292933507,1.132860274869364,-3.0776089919900467,-1.3500481909760458,0.949107158347535,0.1264159449009718,0.2686258045968072,0.10567412458878415,0.2313687799261554,1.4417560572453132,0.06381483821859302,-0.058243942754686806,0,0,FOLLOWING,1.444021498612757,0.4169017355577118,0
31.456,0.07595300787726227,1.1325897884552618,-3.0698646300288335,-1.3542155579341784,0.937527860003462,0.1348610652656852,0.2791749671791372,0.12521858847661907,0.24201254101359715,1.4434096031849337,0.06382642234542502,-0.05659039681506628,0,0,FOLLOWING,1.428710312853648,0.40049650974033063,0
31.488,0.07166592638835718,1.132267646128121,-3.0618156441854754,-1.3583256397401882,0.925873295926283,0.12618813101953896,0.290818363485236,0.13435716304324355,0.25153216613408724,1.4448095054345431,0.06356565896874587,-0.05519049456545688,0,0,FOLLOWING,1.3935147348151204,0.38049692294470183,0
31.52,0.06762988449025273,1.1319306412411783,-3.053431185395087,-1.3623783539032277,0.9141444017567899,0.12174815025571109,0.289612445851966,0.12655723999013477,0.26201587180479086,1.446497289310276,0.06297436149031554,-0.0535027106897239,0,0,FOLLOWING,1.4009001983833844,0.3381462733436543,0
31.552,0.06374400572869582,1.1315725204039537,-3.0450809786876047,-1.3663736190838387,0.9023421191030736,0.1332701877117888,0.280414895131039,0.12194374603067132,0.26094547450234173,1.4483725341499705,0.06242418645686687,-0.05162746585002953,0,0,FOLLOWING,1.4367867133371741,0.34383123095186974,0
31.584,0.05951760970338958,1.1311485775822228,-3.0369948733218934,-1.3703113550955845,0.8904673954649299,0.13779938358541055,0.2852846827625386,0.13274632666061434,0.2526921699700318,1.449944240308393,0.06216752676893344,-0.050055759691606916,0,0,FOLLOWING,1.4249274249201502,0.38119315786517033,0
31.616,0.05513966785396461,1.1306740687686945,-3.0287684703914506,-1.3741914829066606,0.8785211841577946,0.1351722124170809,0.2841579015379275,0.13761411757068073,0.2570765417654339,1.451402292871377,0.06179236188910142,-0.04859770712862299,0,0,FOLLOWING,1.411811953012919,0.34496816499533645,0
31.648,0.050837496770397575,1.130171394746462,-3.020574304007853,-1.3780139246414795,0.8665044442362113,0.1335634537015861,0.2887792857666307,0.13535295733134528,0.25606913403202747,1.4529751013909757,0.06145960717937671,-0.04702489860902426,0,0,FOLLOWING,1.4119592043165465,0.37047091866054654,0
31.68,0.04659211359222376,1.1296396209896205,-3.0122470950730973,-1.3817786035822364,0.8544181404168288,0.12134575611673487,0.29985851117238965,0.13370126562009363,0.26022678349530637,1.4546442070314518,0.06100376694945231,-0.04535579296854819,0,0,FOLLOWING,1.3853487472177697,0.3825084405199772,0
31.712,0.042725316812032336,1.129120960714123,-3.003601218862429,-1.3854854441704445,0.8422632430009668,0.1197043958779965,0.30291070715447477,0.12190821070631014,0.27018531334542806,1.456733787621385,0.06022236672493486,-0.04326621237861494,0,0,FOLLOWING,1.404274193108309,0.37033018622667024,0
31.744,0.03893168236634139,1.128578327084797,-2.994867141753189,-1.3891343720084555,0.8300407277967093,0.11780351173283592,0.3024988369116481,0.11975586914783266,0.2729416451491984,1.458937063017557,0.05935689629324247,-0.0410629369824429,0,0,FOLLOWING,1.403721545742734,0.35721785656070104,0
31.776,0.035204195690164836,1.1280116713391777,-2.9861447667407455,-1.3927253138609497,0.8177515760405684,0.14160564243894824,0.3011370709908388,0.11782112429156848,0.27257594794838913,1.461247416073537,0.05850622609018963,-0.03875258392646308,0,0,FOLLOWING,1.461163008178351,0.4179201484238369,0
31.808,0.03077599367732941,1.1273001180969233,-2.977400147643051,-1.3962581976564086,0.8053967743187092,0.15292351049406258,0.29666454462266945,0.1401747557807327,0.27327108771989905,1.4628904080521994,0.05766923296698989,-0.03710959194780061,0,0,FOLLOWING,1.4457147357249172,0.38225813211939597,0
31.84,0.025965127691326858,1.1264869872695218,-2.9688440962875315,-1.3997329524885602,0.7929773144877458,0.17226220615172252,0.2927162625094151,0.15247839161253487,0.26737823753267836,1.4641870500955891,0.057046580324787044,-0.03581294990441086,0,0,FOLLOWING,1.4695275513220891,0.41112831103861686,0
31.872,0.020563015175141582,1.1255269009399977,-2.9603750417031596,-1.4031495086178012,0.7804941935951144,0.186934116033864,0.2930017792936578,0.17147102911806625,0.26465954609240316,1.4649248852902357,0.05654552413607971,-0.03507511470976432,0,0,FOLLOWING,1.467951197013863,0.4209908896527783,0
31.904,0.014693018919375822,1.1244339393158516,-2.9519231614083745,-1.406507797472599,0.7679484137990287,0.20322433138347393,0.28434053864951736,0.18659384783657634,0.2641228528984824,1.465228204211283,0.056093984395992,-0.03477179578871703,0,0,FOLLOWING,1.4801074498739522,0.4020239767899764,0
31.936,0.0083210422281904,1.123191994590189,-2.9437137494241634,-1.409807751650865,0.7553409822880255,0.1959873616886989,0.2823647663314529,0.20287450851456776,0.25654560007041327,1.4650609691342509,0.05591940206030355,-0.03493903086574912,0,0,FOLLOWING,1.4346087426837868,0.36313738099163745,0
31.968,0.0021518450585600764,1.1219355370142838,-2.93556800316347,-1.4130493049213095,0.7426729112001071,0.21509358233405607,0.27392658679202747,0.1967292634742675,0.2545560262977571,1.4651397319859323,0.05581470281303514,-0.03486026801406772,0,0,FOLLOWING,1.4908542030005705,0.4123336872389445,0
32.0,-0.0045655324865805915,1.1205107905737584,-2.9276505595508637,-1.4162323922247713,0.7299452175414856,0.227973320151996,0.2777348362936914,0.214593228991594,0.2474214234570454,1.464699556127847,0.05597584325227877,-0.03530044387215292,0,0,FOLLOWING,1.4844827419788158,0.4415628466304035,0
32.032000000000004,-0.011684696455349775,1.118943016879973,-2.9196371291539873,-1.4193569496755218,0.7171589231049359,0.253573320151996,0.2791982615650612,0.22780504891150166,0.25042106679098197,1.4638892138739814,0.05607616266979143,-0.03611078612601859,0,0,FOLLOWING,1.5240647904738809,0.4909360374348471,0
32.064,-0.019556867108270478,1.1171433379395215,-2.911485956928168,-1.4224229145625475,0.7043150543877638,0.279173320151996,0.2839516537391766,0.2523604035850301,0.2547255771812467,1.4623475437803,0.05608948332352082,-0.03765245621970004,0,0,FOLLOWING,1.5404812142033064,0.5248395883891838,0
32.096000000000004,-0.028197497743621285,1.115095222262712,-2.903111085233802,-1.4254302253508087,0.6914146425094092,0.29241921027002377,0.2735547329036309,0.2775074479193409,0.2617163314851684,1.4600563443774064,0.05593438055833788,-0.03994365562259361,0,0,FOLLOWING,1.5052886579795581,0.41770892933003134,0
32.128,-0.03728517561555459,1.1128611859368163,-2.8952144976047194,-1.428378821682478,0.6784587231286421,0.28251258765973064,0.2703053400723654,0.2924411337398127,0.24676975107690746,1.4573424552319794,0.056300861957417674,-0.04265754476802064,0,0,FOLLOWING,1.4707641892808874,0.388956715167155,0
32.160000000000004,-0.04608093247005725,1.1106231121730397,-2.8874130855516524,-1.4312686443781453,0.6654483363604438,0.27744537452535706,0.2654542215276972,0.28360255765697256,0.24379546090654147,1.4549658340459268,0.056776749312625885,-0.04503416595407317,0,0,FOLLOWING,1.4761319990830761,0.39067530955731655,0
32.192,-0.05469187587014263,1.1083591036892295,-2.8797525509429227,-1.4340996354380104,0.6523845266924929,0.2607165967600323,0.2538467019487076,0.278220401321671,0.23939292029652345,1.4528174634218152,0.05741077606763989,-0.04718253657818483,0,0,FOLLOWING,1.4481707868110179,0.32549990074346025,0
32.224000000000004,-0.06277843613893104,1.1061646142271462,-2.8724280072586796,-1.4368717380430454,0.6392683429013152,0.23511659676003227,0.24918729014901292,0.261822504222956,0.22889303144694453,1.4512492999191131,0.05838111254566725,-0.04875070008088689,0,0,FOLLOWING,1.4082945354719318,0.3035458361524272,0
32.256,-0.0700943361898985,1.1041190518962818,-2.8650836460542966,-1.4395848965561355,0.6261008379680866,0.20951659676003226,0.25002251612835036,0.2373655523118281,0.22951231936629693,1.450519151124635,0.05931763089933151,-0.04948084887536508,0,0,FOLLOWING,1.381995669329865,0.3065015919992771,0
32.288000000000004,-0.07661950960157403,1.1022404467640545,-2.8576205059972675,-1.4422390565231948,0.6128830689940992,0.18391659676003222,0.25122111266422914,0.21217345178383418,0.23322421441648714,1.4506506781828283,0.06011393316638669,-0.049349321817171665,0,0,FOLLOWING,1.3822120947811887,0.3121580516373217,0
32.32,-0.08234819992883186,1.1005423990404974,-2.8500726541455492,-1.4448341646742602,0.5996160971158953,0.18108518142158048,0.25442316197788656,0.18670356174612948,0.23587151472197754,1.4516525631459265,0.06079670654256475,-0.0483474368540735,0,0,FOLLOWING,1.454158218384213,0.40175378780136345,0
32.352000000000004,-0.0878866329803363,1.098855794121474,-2.8427372252788214,-1.44737016892456,0.5863009874200787,0.1880068936290311,0.25825201870470155,0.18092595750871235,0.22923323736566964,1.4528963880387733,0.06168652039429067,-0.0471036119612267,0,0,FOLLOWING,1.4489815001469235,0.3981522189294538,0
32.384,-0.09360786627733866,1.0970705371598415,-2.8352909307852068,-1.4498470183755603,0.5729388088578089,0.18090663309355481,0.27255421988011863,0.18730273544833623,0.23269783005736797,1.4539940530473219,0.06247773280944191,-0.04600594695267812,0,0,FOLLOWING,1.4184243785853674,0.41091748919319315,0
32.416000000000004,-0.09912050261468157,1.0953046755454363,-2.827433132528573,-1.4522646633159844,0.5595306341589834,0.1899057298615636,0.27875398032139515,0.180891752460067,0.24555747965616512,1.455353202169015,0.06284844314579406,-0.04464679783098502,0,0,FOLLOWING,1.4516399341547244,0.42384861258455103,0
32.448,-0.10487398778881177,1.0934138457982427,-2.819395338825253,-1.4546230552228128,0.5460775397461187,0.20096050102925275,0.2793436979917242,0.18926714549492787,0.25118242382062833,1.4565025152610411,0.06304974008285669,-0.04349748473895887,0,0,FOLLOWING,1.461564384837442,0.41717766128472344,0
32.480000000000004,-0.11094726121432215,1.0913651428405484,-2.811339308047758,-1.4569221467622548,0.5325806056479362,0.21376873296129426,0.2721375996438072,0.2003073490127865,0.2517523276118052,1.457356700170323,0.0632467123638416,-0.04264329982967707,0,0,FOLLOWING,1.472317726826334,0.40147269472660324,0
32.512,-0.11739296928291557,1.0891340682901611,-2.8034895339668746,-1.459161891790703,0.5190409154126434,0.22716880807002532,0.2798062931520922,0.21316261395616143,0.24530669940256472,1.4578580329941382,0.06366738051457421,-0.04214196700586181,0,0,FOLLOWING,1.4775444741926143,0.45956773887695923,0
32.544000000000004,-0.12422830774114578,1.086708936867924,-2.795418287858802,-1.4613422453556515,0.5054595560209746,0.24105226056521628,0.28180297232184415,0.22665680640461772,0.25222781115906934,1.4579864625221766,0.06388724136567125,-0.04201353747782344,0,0,FOLLOWING,1.4851468622456816,0.4515823671642111,0
32.576,-0.13146419052626354,1.0840765215085757,-2.787288274906081,-1.463463163696607,0.4918376177988866,0.2611019410464337,0.29708772178388104,0.24062498346934802,0.25406431350622144,1.4577270607332855,0.0640699995641989,-0.04227293926671449,0,0,FOLLOWING,1.5028223605842956,0.5273679394081782,0
32.608000000000004,-0.1392747598815929,1.0811640493777936,-2.7787167500561645,-1.4655246042459593,0.4781761943300695,0.28022900707212783,0.30667012161976914,0.260504241641936,0.2678618089714878,1.4568915549935628,0.06384345578280426,-0.04310844500643718,0,0,FOLLOWING,1.5096437201129174,0.5226990648272164,0
32.64,-0.14763619333684072,1.0779647333629334,-2.7698673986920523,-1.4675265256298435,0.46447638236810945,0.2808689084293472,0.31522091614064784,0.27977240252493796,0.2765440804312095,1.4554993803114042,0.06337003344614935,-0.044500619688595755,0,0,FOLLOWING,1.4768857806237772,0.4804333782227361,0
32.672000000000004,-0.1560142914638173,1.0746719334991792,-2.760771667333587,-1.4694688876689623,0.4507392817484832,0.29741057391660214,0.30426679072217216,0.28129780483230704,0.2842436416105022,1.4541165462964363,0.06265326516378922,-0.045883453703563726,0,0,FOLLOWING,1.5147252297858662,0.4671931426711846,0
32.704,-0.16483249986602866,1.0711134202142225,-2.7519888971094733,-1.4713516513793992,0.4369659953002189,0.31323143332092523,0.29802495032067505,0.29716041477653,0.27446338954618893,1.4522862148337976,0.06227287929266501,-0.047713785166202394,0,0,FOLLOWING,1.5210172928453929,0.48584432564198016,0
32.736000000000004,-0.17408781596469267,1.06728398256338,-2.743384873105572,-1.4731747789733944,0.4231576287574032,0.3332223553927993,0.29288691695813424,0.3130072681353756,0.2688774671172232,1.450008861051047,0.06209830733179755,-0.04999113894895291,0,0,FOLLOWING,1.5370473799057023,0.5103256834042489,0
32.768,-0.18389521049043253,1.0631280100243965,-2.734927361975706,-1.4749382338601116,0.4093152906703682,0.3153821651110839,0.3033344103993299,0.33286452283431134,0.26429885986634966,1.4471569231360608,0.06210678863388264,-0.05284307686393919,0,0,FOLLOWING,1.459139591429623,0.45708571077164895,0
32.8,-0.19319198933300413,1.0590900025765757,-2.726171294497269,-1.4766419806463627,0.3954400923167397,0.2897821651110839,0.3153539706812168,0.31671672688601965,0.27362894839634677,1.4448789165844136,0.061798904100265784,-0.055121083415586414,0,0,FOLLOWING,1.425493256413473,0.4393009864132719,0
32.832,-0.20171000199001746,1.0552970567086288,-2.717070743675806,-1.478285985137327,0.3815331476121841,0.2665100185138285,0.3213558165115766,0.2913525736097588,0.28439420532600473,1.4434694475289187,0.061109663714775664,-0.0565305524710813,0,0,FOLLOWING,1.4252392896980155,0.42508049296662337,0
32.864,-0.20950392423570993,1.0517375698356024,-2.7077990395927034,-1.4798702143372315,0.3675955730209984,0.25253446458470663,0.31969721868353274,0.2677330718915778,0.2897428231733991,1.4428724069826053,0.06020792871967329,-0.05712759301739467,0,0,FOLLOWING,1.431707070348841,0.40668849752756453,0
32.896,-0.21684014670241547,1.0483025926308895,-2.698576301406972,-1.4813946364500157,0.35362848746649633,0.24501181447052003,0.3192162322530248,0.25312983303360204,0.28821261140293886,1.4427994212387125,0.05932227269700619,-0.05720057876128748,0,0,FOLLOWING,1.4388245607435093,0.4216072994006364,0
32.928,-0.2239148370347322,1.0449095492943956,-2.689368186486237,-1.4828592208799694,0.3396330122411407,0.2484164747219677,0.3177225290322924,0.2451909744017314,0.2877556388456398,1.4430370595841588,0.05842570390920265,-0.05696294041584116,0,0,FOLLOWING,1.4592265622370832,0.444586316695063,0
32.96,-0.23104124983310384,1.0414158749925009,-2.6802025428780283,-1.4842639382323455,0.3256102709165697,0.25371948983749,0.3237843922346845,0.24802616702362498,0.2864283928674994,1.4432410642526534,0.05756250341715896,-0.056758935747346584,0,0,FOLLOWING,1.4632565958833996,0.4797692672581868,0
32.992,-0.2382861591360498,1.0377828577532213,-2.6708616543507975,-1.4856087603139532,0.31156138925335053,0.24619440190751188,0.3261681043881003,0.25327849466088254,0.2919048991509863,1.4433333962461061,0.05651554865874786,-0.056666603753893874,0,0,FOLLOWING,1.4364419964012656,0.4369056540487238,0
33.024,-0.24530026862590837,1.034178160981025,-2.661452289996601,-1.4868936601337195,0.297487495110647,0.2471076059796695,0.3316591567665738,0.246435936349356,0.29404480303713326,1.443699167768829,0.05536985633494761,-0.056300832231171105,0,0,FOLLOWING,1.4504678260948485,0.4701289956842692,0
33.056,-0.2522964899995094,1.0305035924415744,-2.651884405001095,-1.4881186119032352,0.2833897183556289,0.24663029916871337,0.33241589146556366,0.24695177867925172,0.29899869410128227,1.4441036866646169,0.05404870905377201,-0.05589631333538314,0,0,FOLLOWING,1.4476146129890994,0.4519980130487323,0
33.088,-0.2592455547295661,1.0267686474952018,-2.6422941380375384,-1.4892835910372684,0.2692691907728099,0.2432777428075845,0.3377504494269017,0.2465345341717124,0.29969814082920665,1.4445757154605732,0.05268247545201277,-0.05542428453942683,0,0,FOLLOWING,1.4395135159138495,0.46330029715298476,0
33.12,-0.26606842080768495,1.023011780163914,-2.6325502875920925,-1.4903885741542617,0.255127045973142,0.2387358968255427,0.3415462822585505,0.24339563933465427,0.30449773345238834,1.445201301858609,0.051132210664516446,-0.054798698141391045,0,0,FOLLOWING,1.4342833135256419,0.4561698067464895,0
33.152,-0.2727290589047017,1.0192582576520808,-2.62269678506098,-1.491433539076799,0.24096441930305273,0.23563598605382283,0.3394552649321561,0.2389149038816994,0.30792444556868787,1.446022789863149,0.04944049581188059,-0.05397721013685097,0,0,FOLLOWING,1.4356682329104267,0.4374859169961598,0
33.184,-0.2792641588511566,1.015489580473044,-2.612903192919494,-1.4924184648320509,0.2267824477532535,0.2218549279934581,0.33474870212798474,0.2357428515269059,0.30605220182233495,1.4469976887759906,0.04777663520467845,-0.053002311224009446,0,0,FOLLOWING,1.4103293112134216,0.39795040133902954,0
33.216,-0.2853936775112124,1.011871972624259,-2.6032449264218047,-1.4933433316521967,0.2125822698675056,0.21426595154076988,0.3175560938625455,0.2224087267370266,0.30182317361297145,1.4484496525155104,0.04620243488966835,-0.05155034748448961,0,0,FOLLOWING,1.4197237904170792,0.35629917454551896,0
33.248,-0.2912708390816114,1.008325515757,-2.594082286192172,-1.4942081209748213,0.1983650256511748,0.20443366089435974,0.30144105963022816,0.2145037751938051,0.28633452127066356,1.4502048474960674,0.04508354701638195,-0.04979515250393263,0,0,FOLLOWING,1.4116336308746502,0.3408178376062025,0
33.28,-0.29684808859656303,1.0048891242018727,-2.5853843518831927,-1.495012815443285,0.18413185647974117,0.18557486780826668,0.28268193741286163,0.20471085945458178,0.2718121803731568,1.4523226931981674,0.04438764670135198,-0.047677306801832575,0,0,FOLLOWING,1.3873920792320178,0.2919273389296391,0
33.312,-0.3018928064183615,1.0017177710721037,-2.5772272207871603,-1.4957573989070756,0.16988390500715433,0.19507401369949592,0.2627423333362132,0.18619980922539328,0.25491178870182385,1.4550808382804041,0.04418090359646465,-0.04491916171959587,0,0,FOLLOWING,1.4430905767238056,0.35358086536469296,0
33.344,-0.3071340982938184,0.9983715776322407,-2.5696445541643333,-1.4964418564221296,0.1556223150741028,0.19584569673884575,0.24276401680033735,0.19433613927101445,0.23695952847591045,1.4576279577061064,0.04452962618553036,-0.042372042293893575,0,0,FOLLOWING,1.429226666868506,0.3190674187540411,0
33.376,-0.3123822353686601,0.99496652677458,-2.5626380359455356,-1.4970661742511346,0.14134823161618504,0.21532997477267288,0.23874675871996412,0.195504326063295,0.21895461759059298,1.4601849981681154,0.045427387727188684,-0.03981500183188458,0,0,FOLLOWING,1.4698685862934957,0.4235481616558796,0
33.408,-0.3181098991187457,0.9911978353496672,-2.5557451656728123,-1.497630339863802,0.12706280057199315,0.23479951177867617,0.23894287444335563,0.21427747218471024,0.21540306177146762,1.462189395552308,0.04643443079462895,-0.03781060444769202,0,0,FOLLOWING,1.4788729567938723,0.44581423509895807,0
33.44,-0.32433471164840255,0.9870437253995036,-2.5488457621377205,-1.4981343419371225,0.11276716879111544,0.24422525380825263,0.23979652044102998,0.23387825989046596,0.21560720752090415,1.4636137022797222,0.04743466532963536,-0.036386297720277794,0,0,FOLLOWING,1.46582840804124,0.425476249624045,0
33.472,-0.33079725445707275,0.9826674167847275,-2.541922217021823,-1.4985781703555885,0.09846248394206618,0.24605207540350768,0.24735099331216956,0.24390633998540767,0.21636164471946964,1.4647629947537832,0.04840166430705395,-0.03523700524621676,0,0,FOLLOWING,1.4520117583399144,0.4306149030737244,0
33.504,-0.33728901052980204,0.9782054453734785,-2.534781874542489,-1.4989618162114025,0.0841498944201496,0.25855489193888853,0.25955951114914116,0.24616106616506442,0.22313665328990398,1.4658850690455312,0.049134162149897076,-0.034114930954468825,0,0,FOLLOWING,1.4751237082548705,0.48462871103226685,0
33.536,-0.34406558760360373,0.973477400083707,-2.5272880686544372,-1.4992852718046503,0.06983054925526548,0.28415489193888854,0.2714731256024968,0.25821972596060894,0.23418253163673466,1.4666663389393397,0.04950633608816801,-0.03333366106066027,0,0,FOLLOWING,1.5248939047661074,0.5618968395247591,0
33.568,-0.35146165056385104,0.9682364588107146,-2.5194478736277306,-1.4995485306434597,0.05550559801966376,0.30975489193888855,0.2848323501889041,0.2832837012947607,0.24500735753006592,1.4666905292021566,0.04954089298514974,-0.03330947079784341,0,0,FOLLOWING,1.527195635815331,0.5726896694869998,0
33.6,-0.3594845768462544,0.9624572276251925,-2.511220803678118,-1.4997515874441296,0.04117619073565576,0.3159041447752685,0.2929974529134338,0.3089987683586495,0.25709742776033884,1.4659357436088645,0.04919911271987054,-0.03406425639113553,0,0,FOLLOWING,1.4748812839594754,0.4837863291340566,0
33.632,-0.36764313653042235,0.9564756280933002,-2.5027592969999275,-1.4998944381312365,0.026843477783289035,0.2982115137838088,0.30742253457799834,0.316127238629875,0.2644237570345287,1.4649945204220913,0.048610343181819005,-0.03500547957790867,0,0,FOLLOWING,1.4368152336242033,0.47000718191910207,0
33.664,-0.3753225131674215,0.9507369174874515,-2.4938822597058534,-1.4999770798377137,0.012508609807996599,0.2844029286262446,0.32543697491596557,0.2995568202549914,0.2774093298144078,1.4646229042533085,0.047560881299020696,-0.035377095746691456,0,0,FOLLOWING,1.4338707653718303,0.49555227970815846,0
33.696,-0.38258939882392107,0.945201472695005,-2.484487152759491,-1.4999995109049116,-0.0018272623717923932,0.28830363690661004,0.3271625033732913,0.2854465074519898,0.2935992814383388,1.464741882934693,0.045947718340536785,-0.035258117065307015,0,0,FOLLOWING,1.4677941340980576,0.48448757168790035,0
33.728,-0.38987776090993775,0.9395438085547729,-2.4750417202426127,-1.4999617308826312,-0.016162987857010282,0.27250412558069764,0.3177427650923388,0.2883236390122538,0.2951719674022923,1.4648078034670655,0.044255574408400555,-0.03519219653293448,0,0,FOLLOWING,1.4274939769544213,0.39021983473988636,0
33.76,-0.396733607463669,0.9341093670966866,-2.4658665818905874,-1.4998637405291317,-0.030497415760388946,0.2759481046596357,0.3053093564357322,0.273371518197785,0.28672508852196243,1.4653881178755692,0.042779309911423535,-0.03461188212443078,0,0,FOLLOWING,1.463785943114942,0.42580335193393437,0
33.792,-0.4036024144939551,0.9285664131702351,-2.457050336558273,-1.4997055418111143,-0.04482939529880878,0.26383940473134027,0.29400511733904644,0.27582208575416395,0.2755094516536196,1.4659268282078612,0.041631935194230696,-0.03407317179213876,0,0,FOLLOWING,1.4305734524421658,0.3761775631944158,0
33.824,-0.41013715168573844,0.9231903784213692,-2.448559636619048,-1.499487137903686,-0.05915777588573023,0.27879318052402724,0.2949272639002456,0.2644241009958967,0.26533596448467367,1.4668644411613525,0.040761665266040296,-0.033135558838647494,0,0,FOLLOWING,1.4831464659945814,0.4912342284579679,0
33.856,-0.41696494403990136,0.91748457247244,-2.440041120484906,-1.4992085331902931,-0.07348140722351869,0.2849165177276695,0.2946480928734186,0.27807222888944627,0.26620524356960384,1.4674006811951168,0.03984784599550206,-0.032599318804883204,0,0,FOLLOWING,1.4701060634692964,0.4670470162907785,0
33.888,-0.4239038655100255,0.9115861658208352,-2.431531050461818,-1.4988697332626346,-0.08779913939583703,0.2954204225181512,0.2809591499307334,0.2845988567750596,0.2659412925891136,1.467761085843381,0.038916910545409245,-0.03223891415661906,0,0,FOLLOWING,1.4847783013625206,0.4423574465958882,0
33.92,-0.4310447571808769,0.9054126217174587,-2.423412950896984,-1.498470744920548,-0.10210982295991669,0.29630573990659753,0.2681945473906362,0.2949888056506229,0.253692004489132,1.4678214182354363,0.0383565825847536,-0.032178581764563674,0,0,FOLLOWING,1.468898740957981,0.4120372697784402,0
33.952,-0.4381681912983018,0.899152616531626,-2.4156639211065207,-1.4980115761718769,-0.11641230903888156,0.301674444662407,0.25559462237824526,0.29634471590258277,0.24215839487786356,1.4678692443502275,0.03813784870311698,-0.032130755649772524,0,0,FOLLOWING,1.4794422006798975,0.42287839119282394,0
33.984,-0.445367514484842,0.8927279728999951,-2.408276778044162,-1.497492236232306,-0.1307054494139357,0.290545520617519,0.25034647953575306,0.3015345193141068,0.23084926855493282,1.4677814551292652,0.038259754276528384,-0.03221854487073483,0,0,FOLLOWING,1.4440792349159972,0.3869961788083978,0
34.016,-0.45227179272860557,0.8864664453767058,-2.401041384621501,-1.4969127355251777,-0.14498809661658885,0.27784681178447185,0.2394983636303693,0.2912589469472208,0.22610703363242146,1.4680508068747173,0.038495441144826614,-0.03194919312528266,0,0,FOLLOWING,1.4357041728594337,0.3535713363462953,0
34.048,-0.4588314365958941,0.880429229478782,-2.3941188040050867,-1.4962730856812838,-0.1592591040207311,0.25971958526303957,0.2331107946877736,0.2785799066811339,0.21633150888593633,1.4687535552542528,0.03900594257782242,-0.031246444745747226,0,0,FOLLOWING,1.4167193793754205,0.33900266595086265,0
34.08,-0.46492717075061313,0.8747390040568058,-2.387380918229663,-1.4955732995386315,-0.17351732593472782,0.2685799181187797,0.2287535754945138,0.26057442072790715,0.21055973641414497,1.4700587662243465,0.03965713811446703,-0.029941233775653497,0,0,FOLLOWING,1.468055632104667,0.42039258331750734,0
34.112,-0.471161932034694,0.8688508303149325,-2.3807704113372288,-1.4948133911421846,-0.18776161769336575,0.28710178619619564,0.21207708845475004,0.2679984683260723,0.20657911978405155,1.471153348573487,0.040419214342753744,-0.028846651426513104,0,0,FOLLOWING,1.4960387955448484,0.4266169398015534,0
34.144,-0.4777777702534626,0.8625238924332103,-2.3746365186380856,-1.493993375743583,-0.20199083574976215,0.29030879763632833,0.19752581290402313,0.28608412156076723,0.191684751432225,1.471694860818682,0.04165044224491199,-0.02830513918131805,0,0,FOLLOWING,1.4713744912987605,0.3785254087253962,0
34.176,-0.48444752984231265,0.856067392222676,-2.3689250528789585,-1.4931132698008365,-0.2162038377671671,0.291538966761684,0.19844939693128133,0.2900914381388937,0.17848378607006024,1.472131843833971,0.0432868427950579,-0.027868156166029,0,0,FOLLOWING,1.4664702685544675,0.41004301101657187,0
34.208,-0.4911131603610601,0.8495418543837678,-2.3631886488702514,-1.4921730909779938,-0.2303994827106716,0.287871936032784,0.19570426915652445,0.2915005415265347,0.17926311155501135,1.4725468672514657,0.044881525966784956,-0.027453132748534337,0,0,FOLLOWING,1.4564756954770257,0.3823457595623966,0
34.24,-0.497663157781347,0.84305016652604,-2.357531382262605,-1.4911728581447883,-0.24457663093881085,0.29800462449552206,0.1935365544430821,0.28818042032155566,0.17679005164579373,1.473089805571915,0.046529993550337156,-0.026910194428084955,0,0,FOLLOWING,1.4854248414423294,0.4296460011291946,0
34.272,-0.504392471703765,0.8363131044591532,-2.3519347020019064,-1.4901125913762598,-0.2587341442950562,0.30836901065441896,0.1931060976524879,0.29757248226117416,0.17489670831710646,1.473354211088196,0.04823367791587608,-0.026645788911803914,0,0,FOLLOWING,1.490592657134317,0.4403105337754466,0
34.304,-0.5113179892531122,0.8293031844314468,-2.346350046811594,-1.4889923119523503,-0.27287088619918726,0.3209863210603696,0.19572890183997832,0.30794270969506743,0.17452092254036736,1.4733074231931078,0.049944223836000834,-0.026692576806892188,0,0,FOLLOWING,1.4999995774211519,0.462940759008777,0
34.336,-0.5184864418922486,0.8219672275864903,-2.34068911736399,-1.4878120423574788,-0.28698572173853787,0.3376116767508281,0.20674667642326958,0.32053128502150924,0.17690451321845063,1.4728777150646137,0.05157795291429945,-0.027122284935386265,0,0,FOLLOWING,1.5132464796594822,0.5100528123563322,0
34.368,-0.525981306111978,0.8142111991376634,-2.334709677646387,-1.4865718062800886,-0.3010775177591083,0.3632116767508281,0.21665707258081884,0.3370555847953974,0.1868580480634531,1.471938528285223,0.05289947433385356,-0.02806147171477691,0,0,FOLLOWING,1.556543859168446,0.5809679137061184,0
34.4,-0.533989347009907,0.8058260315467738,-2.3284411660378983,-1.4852716286121717,-0.3151451429565357,0.3750914908968515,0.22015637896821458,0.36234848790148677,0.19589164308284293,1.470208948876907,0.05395055085935851,-0.029791051123092993,0,0,FOLLOWING,1.5098108145458853,0.4838130465274324,0
34.432,-0.5422209047431903,0.7970965285139688,-2.322073732568538,-1.483911535448771,-0.3291874679669137,0.36748547295600226,0.2293508090685192,0.3749488719925732,0.19898302140524843,1.468092941433758,0.05490616877148913,-0.031907058566241986,0,0,FOLLOWING,1.4835059069278662,0.46415694953835057,0
34.464,-0.5502496446575822,0.7884652649933597,-2.315443516473532,-1.4824915540874537,-0.3432033654574734,0.35293717355160864,0.24896650179608998,0.36835944135730286,0.20719507915394886,1.4662021916652277,0.05557564537076587,-0.033797808334772306,0,0,FOLLOWING,1.4610488532301382,0.4794913291033001,0
34.496,-0.5579096417051559,0.7801164445244162,-2.308247074835251,-1.4810117130277676,-0.35719171021705537,0.3437365749444213,0.2565082177357193,0.35405222258708613,0.22488980544513384,1.4647823295362172,0.05564327479987918,-0.03521767046378277,0,0,FOLLOWING,1.4654587933341705,0.45468920350398184,0
34.528,-0.5653019680966143,0.771939340611671,-2.300833914017225,-1.4794720419706628,-0.3711513792464851,0.33097212328495956,0.2591080716642983,0.3444598404081087,0.2316623477020872,1.463681426333176,0.0554580287419264,-0.036318573666823895,0,0,FOLLOWING,1.4532409907755095,0.4261801541940506,0
34.56,-0.572360497388427,0.7640107117163908,-2.2933447714415967,-1.4778725718179042,-0.38508125184868414,0.32363912372775944,0.25558315089271333,0.33171450554591253,0.23403679791851692,1.4629984475956954,0.05515270499206926,-0.03700155240430458,0,0,FOLLOWING,1.4595535505613844,0.4178927080467061,0
34.592,-0.5791963806544168,0.7562135703605026,-2.2859582145772004,-1.4762133346714421,-0.39898020971868475,0.33222072293272875,0.2525657614706724,0.32403526206246536,0.23083094702507645,1.46257036935924,0.05491051434755434,-0.03742963064075999,0,0,FOLLOWING,1.4913081949412414,0.46909257363650236,0
34.624,-0.5861383842069011,0.7481831960195641,-2.278657376507302,-1.4744943638327745,-0.41284713703336484,0.3339130532353018,0.2590114330584618,0.3317232409373613,0.2281522055670261,1.461905530739261,0.05473770429689662,-0.038094469260739006,0,0,FOLLOWING,1.4783047474959858,0.4782400561423053,0
34.656,-0.593063337533045,0.7400531716366482,-2.271172566066251,-1.4727156938022756,-0.4266809205410714,0.3258227249851667,0.26483584708563157,0.3337334715258289,0.23390141779494097,1.4611833251648396,0.05435564264913407,-0.03881667483516038,0,0,FOLLOWING,1.4560953012165592,0.4481863652325669,0
34.688,-0.5997698749593658,0.7320515666138997,-2.2635180968244812,-1.470877360278506,-0.44048044965094935,0.33995780413202936,0.2713161771662217,0.3262549179086702,0.23920332876829875,1.4607051653722416,0.05376178593351976,-0.0392948346277584,0,0,FOLLOWING,1.5008743114934424,0.522460829229113,0
34.72,-0.6066838590801517,0.7236818721225606,-2.2556734429672347,-1.4689794001574912,-0.4542446165221451,0.3493197586859579,0.2722753972662143,0.3392596894463553,0.24514669057829896,1.459816568207358,0.05296639449880747,-0.040183431792641944,0,0,FOLLOWING,1.4970790737211699,0.5004572003140512,0
34.752,-0.6137260653359241,0.7150199573740494,-2.2478003798982904,-1.4670218515319884,-0.46797231615270135,0.3424646536975259,0.28465242673182034,0.3488580174253394,0.24603449568774052,1.458624152399771,0.052123439935189086,-0.041375847600229054,0,0,FOLLOWING,1.463192935034104,0.491321116392704,0
34.784,-0.6205777635439201,0.706445918104456,-2.239572331555882,-1.4650047536907138,-0.48166244646831124,0.3364411171242634,0.30370546719628855,0.3429700378506788,0.25712797104898916,1.4576208106555522,0.05088341231970439,-0.04237918934444784,0,0,FOLLOWING,1.458505114437475,0.5209793574731998,0
34.816,-0.627237943686309,0.6979670156781749,-2.2307950150274953,-1.4629281471175624,-0.49531390841075096,0.32563268663287814,0.32103949658690617,0.3369229842825267,0.27429290407638335,1.456810722058803,0.049051408814876574,-0.04318927794119709,0,0,FOLLOWING,1.4425904381477226,0.508654825453563,0
34.848,-0.6336135338898959,0.689698170071252,-2.221515829175273,-1.4607920734907864,-0.5089256060261563,0.3170670564931773,0.32993795231775214,0.3262775356525111,0.2899766329344415,1.4563390034611694,0.04666410649352138,-0.0436609965388306,0,0,FOLLOWING,1.4419437060730302,0.4881888055072283,0
34.88,-0.6397419991508855,0.6815920308536558,-2.211979550511465,-1.4585965756821686,-0.522496446552964,0.3253085486479138,0.33200219440443474,0.31755284627068847,0.29801095576304404,1.456142808562958,0.043964307977511385,-0.04385719143704203,0,0,FOLLOWING,1.4759249191958774,0.5169789821086915,0
34.912,-0.6459349405269753,0.6732461724262311,-2.2023816029340733,-1.4563416977561534,-0.5360253405096801,0.33647580665638677,0.31625745560617635,0.32476940760030826,0.2999381641836972,1.455711751742432,0.04116733261426831,-0.04428824825756794,0,0,FOLLOWING,1.4888125679663131,0.4787660646768116,0
34.944,-0.6522557739542852,0.6645563578282967,-2.1932316114152313,-1.4540274849689667,-0.549511201782315,0.33707029911644243,0.315065362924134,0.3358005559559763,0.2859392291361095,1.454921962127961,0.0387828424779304,-0.04507803787203901,0,0,FOLLOWING,1.4695220321080307,0.4879634297439339,0
34.976,-0.6585177878174256,0.6557782788297755,-2.184120033406977,-1.451653983767708,-0.5629529477115918,0.333813210739675,0.3109569911883967,0.33695444760762394,0.2847387851608966,1.454087627302258,0.03639442077360755,-0.045912372697741954,0,0,FOLLOWING,1.460334004938003,0.4647264423496839,0
35.008,-0.6646430954123136,0.6470118065231695,-2.1751242652203997,-1.4492212417894157,-0.5763494991798596,0.32814188263987915,0.2988229502489444,0.33419205719836975,0.2811196541186753,1.4533326364132713,0.03407187950117896,-0.04666736358672874,0,0,FOLLOWING,1.4542250589736037,0.42744428242811117,0
35.04,-0.670587840248291,0.6383364292914561,-2.166475103795745,-1.446729307860113,-0.5896997806977275,0.3068022806147863,0.28014001526274146,0.32863941079607756,0.27028797905096386,1.4527451637473214,0.03204844201411295,-0.04725483625267857,0,0,FOLLOWING,1.4174943456535634,0.3451508862669714,0
35.072,-0.6760857983903614,0.6301566930450978,-2.158357072501731,-1.4441782319938268,-0.603002720490405,0.312447641101528,0.2636442631048684,0.30797268093134145,0.253689868935992,1.4528069815877536,0.03049783672718087,-0.047193018412246435,0,0,FOLLOWING,1.4678604246348954,0.42623192926927556,0
35.104,-0.6815957235360439,0.621832822883386,-2.1507233177916314,-1.4415680653915839,-0.6162572505837459,0.30235033704519154,0.2455617422233729,0.31194932449993656,0.23855602023679118,1.452730184997628,0.029403020410567304,-0.04726981500237204,0,0,FOLLOWING,1.4359901843394658,0.3603711724773786,0
35.136,-0.6868768889222497,0.6137068943342692,-2.1436073950318573,-1.4388988604403856,-0.6294623068899858,0.3057837316058047,0.2260613324765142,0.30284679429333283,0.22237353138041427,1.452930386673283,0.02877938206240538,-0.047069613326717,0,0,FOLLOWING,1.4621447350642685,0.3937203220869336,0
35.168,-0.6921511900184089,0.6054823518811621,-2.1370574977529526,-1.4361706707121527,-0.6426168292931689,0.3007811669808349,0.20691762165940022,0.30532890106019145,0.20468505109199037,1.4530370104370445,0.02869796092167487,-0.046962989562955526,0,0,FOLLOWING,1.4455793375286108,0.35667658634015803,0
35.2,-0.6972931057074229,0.5973357696215548,-2.1310580099818757,-1.433383550962653,-0.6557197617342545,0.28568412111219504,0.20739150071981105,0.30104771537021935,0.18748456720017834,1.453264362825096,0.02913133717775951,-0.04673563717490392,0,0,FOLLOWING,1.4180775797365879,0.3649894286993672,0
35.232,-0.702138744732835,0.5895550849845025,-2.125042544795513,-1.4305375571304006,-0.668770052295899,0.27732481936882325,0.20631333372016464,0.2864333482462015,0.18798387982588685,1.45394187676603,0.029513072891003134,-0.04605812323397007,0,0,FOLLOWING,1.425870608274023,0.3733428152124151,0
35.264,-0.7067922722947326,0.5819842251470535,-2.119063246769991,-1.4276327463355356,-0.6817666532869024,0.2693139485999287,0.21145595548795992,0.2777047689722273,0.18685365756676475,1.4548805008515182,0.029898341158723696,-0.04511949914848179,0,0,FOLLOWING,1.421631849599604,0.3891311954626021,0
35.296,-0.7112668083508347,0.5746076598125051,-2.1129381410795625,-1.4246691768786737,-0.6947085213263307,0.2692183031045204,0.21676604085560316,0.2696089002509236,0.19141018918341932,1.4560585520926033,0.03010431229666066,-0.043941447907396736,0,0,FOLLOWING,1.4352284743122865,0.4131846685685738,0
35.328,-0.7156893919713782,0.5672183031923955,-2.106665531549817,-1.421646908239742,-0.7075946174272513,0.2742434627528222,0.2173554630399596,0.26911969535980906,0.19601972403090903,1.4572316210385332,0.030133547957671425,-0.04276837896146679,0,0,FOLLOWING,1.4473713578135963,0.41812181982552604,0
35.36,-0.7201450502986976,0.5596798562464995,-2.1003727890939894,-1.4185660010767762,-0.7204239070801827,0.27434881914776793,0.2065589063600548,0.27365497354267343,0.1966488757626763,1.4582377958923196,0.030119850340228908,-0.04176220410768039,0,0,FOLLOWING,1.440812827203053,0.37107826301331787,0
35.392,-0.7245595331544753,0.5521028201449846,-2.0943928256472955,-1.4154265172247156,-0.7331953603361052,0.2735987993842901,0.21523499633702634,0.2740392734782699,0.18687442248534136,1.4592082107863529,0.03038924493941808,-0.04079178921364712,0,0,FOLLOWING,1.4366073604315461,0.42165599277088,0
35.424,-0.7289183040264852,0.5445085199241142,-2.0881657377124427,-1.4122285196941489,-0.7459079518891866,0.26419941961312243,0.22108086540385172,0.2736335462081083,0.1945971308075543,1.4601669498940444,0.030380264500364355,-0.039833050105955614,0,0,FOLLOWING,1.4166167640566694,0.38774410847096213,0
35.456,-0.7330874536440534,0.5371360651940736,-2.0817647360489864,-1.40897207267006,-0.7585606611590547,0.2679985961857159,0.2318333700804127,0.26466912315909374,0.2000319886305264,1.461386336640022,0.030160642332839327,-0.03861366335997807,0,0,FOLLOWING,1.4407456944967272,0.4442131484921265,0
35.488,-0.7372596787869915,0.5296571696591236,-2.0750586667732014,-1.4056572415105322,-0.7711524723727706,0.29359859618571593,0.23213220222297198,0.26762581475566777,0.209565459630142,1.4624845389466223,0.029610496884102222,-0.03751546105337766,0,0,FOLLOWING,1.5140929450477223,0.5319294918634172,0
35.52,-0.7417627657407251,0.5214630859554014,-2.0683256856067858,-1.402284092745444,-0.7836823746463363,0.31718853946806236,0.23767612073615277,0.2922031854486718,0.21040645574621736,1.4627689827028043,0.02902146831986352,-0.03723101729719569,0,0,FOLLOWING,1.483632688932329,0.4904876060241059,0
35.552,-0.7465739023588789,0.5125681992997102,-2.061433730074308,-1.3988526940751247,-0.7961493620658889,0.3301516344717869,0.25168523543246896,0.31603456104825717,0.21537446623000045,1.4622616994059328,0.0282620694064577,-0.03773830059406724,0,0,FOLLOWING,1.4864122978031347,0.5236490390760983,0
35.584,-0.7515281098719618,0.5032533820917972,-2.05414663792257,-1.3953631143690055,-0.8085524337684173,0.3453639831798349,0.25144496531039995,0.3296997194097404,0.2277226651338288,1.4612864235119656,0.027089316381091688,-0.03871357648803442,0,0,FOLLOWING,1.4985912393589413,0.502796414428382,0
35.616,-0.7566395862741675,0.49347111454420545,-2.0468617384596364,-1.3918154236642266,-0.8208905940221518,0.3511483426557048,0.2503925559352738,0.3449133274848874,0.22765415851395202,1.4597928090484749,0.025900867984298248,-0.04020719095152514,0,0,FOLLOWING,1.4854108776272634,0.47679580019497564,0
35.648,-0.7617700683621951,0.48347204183449666,-2.0396132737385075,-1.3882096931642431,-0.8331628523064633,0.35731216105759134,0.2380740862288908,0.3511947539918334,0.22651556983518378,1.4580651727517902,0.02472553408778033,-0.04193482724820985,0,0,FOLLOWING,1.4903218358608765,0.4516006876252742,0
35.68,-0.7669159282027147,0.4732602863183051,-2.03271664178802,-1.3845459952373864,-0.8453682233914194,0.33670681656649143,0.21874684497584077,0.35733771675261744,0.21552064663312082,1.456107154822248,0.023880399771462724,-0.04389284517775205,0,0,FOLLOWING,1.4347949332014134,0.3320593135461667,0
35.712,-0.7717126875570925,0.4635583693238478,-2.026363955179891,-1.3808244034154167,-0.857505727416854,0.32990692358686874,0.2043089652237802,0.33819194411992476,0.19852216071404802,1.4547258951751696,0.02354069025111682,-0.04527410482483041,0,0,FOLLOWING,1.4554079087613614,0.3758642722070565,0
35.744,-0.7763420056688982,0.454044676432089,-2.0204392759346335,-1.3770449923920447,-0.8695743899710427,0.3052183547425005,0.1923791390804,0.33062021258065016,0.18514676730096624,1.4535513445365482,0.023605462578066394,-0.04644865546345178,0,0,FOLLOWING,1.4117661219144195,0.30535355398850056,0
35.776,-0.7805808370145919,0.4451944902262396,-2.0148441816487175,-1.3732078380214356,-0.8815732421689282,0.27961835474250046,0.18478210190173794,0.30663199516920137,0.17484715382148772,1.4531068020098803,0.023966822486830356,-0.046893197990119706,0,0,FOLLOWING,1.377649055480141,0.2667720187137242,0
35.808,-0.784424050050167,0.4370511169710102,-2.009393208259088,-1.3693130173166832,-0.8935013207299021,0.25401835474250045,0.1778768450563501,0.2813780973590633,0.1703433617521912,1.4534321083222057,0.024438960874611615,-0.04656789167779429,0,0,FOLLOWING,1.3791940684381419,0.27182562185078585,0
35.84,-0.7878768822353364,0.42962802518877274,-2.004106723138017,-1.365360608448266,-0.9053576680551392,0.23449024340719818,0.17648212962157334,0.25582320916720375,0.16520309441035985,1.4545357524676723,0.025039746174973843,-0.045464247532327695,0,0,FOLLOWING,1.4007466876539554,0.322019701888293,0
35.872,-0.7910146932327636,0.42278785484053866,-1.9989817306694906,-1.3613506907424786,-0.9171413323044739,0.23609242580528084,0.1857833761345205,0.23516480457481348,0.16015644607080248,1.4562600648986073,0.025767400779468597,-0.043739935101392735,0,0,FOLLOWING,1.4217354117612886,0.3895807539588558,0
35.904,-0.7941262350311434,0.41592641800266467,-1.9936132555022001,-1.3572833446798387,-0.9288513674728155,0.26169242580528085,0.1966004646455188,0.23544711472849078,0.16776535783704621,1.457934574134316,0.026232101491970635,-0.04206542586568407,0,0,FOLLOWING,1.4945957920847142,0.5127531437194419,0
35.936,-0.7975248422677157,0.4083371844486337,-1.9879043672130623,-1.3531586518934722,-0.9404868334660939,0.28729242580528086,0.2076800948970817,0.2598856607063436,0.17840329744279101,1.4587855091489155,0.026351603688328007,-0.04121449085108453,0,0,FOLLOWING,1.4860638835516493,0.4974904473668855,0
35.968,-0.8012150202583693,0.39997389804738687,-1.9818740315686691,-1.348976695167475,-0.9520467961767317,0.30000451059321404,0.2083476347673992,0.2856859267100822,0.1884485634059197,1.458767565484473,0.026145613469982676,-0.04123243451552705,0,0,FOLLOWING,1.4648616465674982,0.4320776350268718,0
36.0,-0.8050274259158726,0.3911883440832797,-1.9758366310384625,-1.34473755843525,-0.9635303275586353,0.29719678173368363,0.20995101454733356,0.299291309406097,0.1886693427095873,1.4582694217596825,0.02592023234281471,-0.04173057824031745,0,0,FOLLOWING,1.445678407682235,0.40320142143733284,0
36.032000000000004,-0.8087612132281243,0.38242991971081,-1.9697674748648888,-1.340441326777826,-0.9749365057016997,0.3121616941686821,0.22411815978624205,0.29752706961719566,0.18966172400885506,1.457781655798068,0.025640558969658223,-0.042218344201931934,0,0,FOLLOWING,1.4820971986020244,0.5020755585688159,0
36.064,-0.8126181545145339,0.3732368137953802,-1.9632737404449911,-1.336088086422146,-0.9862644149058197,0.33683760681600355,0.2337362989361367,0.3115492106579325,0.2029299146052684,1.4567993549049343,0.024928880640880502,-0.043200645095065715,0,0,FOLLOWING,1.5106506476907888,0.5381700513138282,0
36.096000000000004,-0.8167117298807164,0.3633036131270937,-1.956486592785235,-1.3316779247393398,-0.9975131457544015,0.34288271094401834,0.23686664509163696,0.335750012459394,0.21209919307279518,1.4549956814712226,0.023920812593959617,-0.0450043185287774,0,0,FOLLOWING,1.4816895591479426,0.4721951834727839,0
36.128,-0.820820439722863,0.35313105112237075,-1.9496302698695276,-1.3272109302429662,-1.0086817951873832,0.35033880485594693,0.23368828932745386,0.34283797624815127,0.21426098267768595,1.452916225136007,0.022827525087385503,-0.047083774863992955,0,0,FOLLOWING,1.4884986216260148,0.4654525682257939,0
36.160000000000004,-0.8249463563380811,0.3427088028795116,-1.9428613791204685,-1.3226871925872445,-1.019769466573708,0.37140645276462864,0.2213392088228498,0.35028258523747957,0.2115286878396402,1.4505491976497233,0.021807668194223417,-0.04945080235027666,0,0,FOLLOWING,1.5236179962497192,0.5006171886443905,0
36.192,-0.8292388303902086,0.3316528958313233,-1.9364244833583248,-1.3181068025652447,-1.0307752697833406,0.3713398604777148,0.2135688483081041,0.3706289485321001,0.20115372076018195,1.4474813990786441,0.021116612200092973,-0.05251860092135585,0,0,FOLLOWING,1.4867134601976377,0.4385213483747094,0
36.224000000000004,-0.8334695300232711,0.32053696333527043,-1.93024108018189,-1.3134698521070756,-1.0416983212586928,0.38650156581256634,0.19291752030572182,0.3716707175680882,0.19323201505139667,1.4443286605871088,0.020667010660532895,-0.05567133941289115,0,0,FOLLOWING,1.5219439146763576,0.4707579023762974,0
36.256,-0.8377945207111636,0.30896583146972656,-1.9246260040870153,-1.3087764342780281,-1.0525377440855903,0.3795857852876422,0.18775912651422702,0.38603248708301086,0.17547160732832903,1.4406651065244198,0.020787264299048314,-0.059334893475580186,0,0,FOLLOWING,1.4787529572876708,0.4176846602055248,0
36.288000000000004,-0.8419884119977469,0.2975356938890461,-1.9191739467690971,-1.3040266432767225,-1.0632926680636388,0.36234335408455337,0.19741570089391441,0.3804620153745157,0.17037723942389513,1.437126702089357,0.02106299005782852,-0.062873297910643,0,0,FOLLOWING,1.4498382798442722,0.4152537824961512,0
36.32,-0.845936591088081,0.2865855554967222,-1.9134278833091387,-1.2992205744332002,-1.0739622297761182,0.33855763965985647,0.20902726082612538,0.3637333858672067,0.17956498331510778,1.4340699583939582,0.021034441231389648,-0.06593004160604177,0,0,FOLLOWING,1.42503867183534,0.39504208065716157,0
36.352000000000004,-0.8495678142584583,0.27632379719038636,-1.9073371731236493,-1.2943583242070282,-1.0845455726592654,0.3197397953643246,0.21653916762463965,0.34014102296575494,0.19033528143900963,1.431713672329526,0.02064299890057142,-0.06828632767047393,0,0,FOLLOWING,1.4240699907656575,0.389503636328477,0
36.384,-0.8529334610402546,0.2666227583012984,-1.9010387131823836,-1.2894399901853464,-1.0950418470710728,0.29413979536432466,0.20823552980624102,0.32086742569342,0.19682752511916551,1.4299190352989186,0.020024001034368633,-0.07008096470108138,0,0,FOLLOWING,1.399060887537577,0.30510523695811537,0
36.416000000000004,-0.8559854926619412,0.25763554911084224,-1.8947793151451215,-1.2844656710809241,-1.1054502103594654,0.2837791698367692,0.19679033366216855,0.2965860312937438,0.19560683142785193,1.4288450059291626,0.019417492015914695,-0.07115499407083736,0,0,FOLLOWING,1.4256881909947188,0.33736830439181814,0
36.448,-0.8588568443119569,0.24900542292414712,-1.8890601424042808,-1.2794354667301655,-1.115769826929984,0.26672885444123007,0.18161543876666877,0.2842228719666105,0.17872467011665483,1.4281098908170913,0.019331352246624304,-0.07189010918290872,0,0,FOLLOWING,1.4048477690114956,0.28788563756009955,0
36.480000000000004,-0.8615104260432239,0.2408712816557061,-1.8837703426552568,-1.2743494780911186,-1.1259998683128334,0.24609502121492088,0.18124461970798994,0.2673699208397021,0.16530667585351771,1.4278560233833528,0.019653894598728128,-0.07214397661664718,0,0,FOLLOWING,1.387040883507947,0.3024391294364899,0
36.512,-0.8639199067038603,0.23334768900521796,-1.8784890949779476,-1.2692078072414352,-1.1361395132294239,0.22555620014552952,0.17740112889283674,0.2468669660909611,0.1650394427361606,1.428199383631929,0.01996364649791249,-0.07180061636807089,0,0,FOLLOWING,1.377752507781242,0.2788876959747655,0
36.544000000000004,-0.8660910304432732,0.22644049709160669,-1.873319705295646,-1.264010557376336,-1.1461879476582815,0.23722287657390545,0.17087295350846068,0.22625512337150253,0.1615438691564579,1.4291426791090978,0.020361870252999736,-0.07085732089090224,0,0,FOLLOWING,1.4413911480979709,0.3719519588842914,0
36.576,-0.8683250499212877,0.21922750597108281,-1.8683625583298662,-1.2587578328065292,-1.1561443649004102,0.2462839074514573,0.16957627912462936,0.23598866259091658,0.15491126759615514,1.4297151958121117,0.0209684794115248,-0.0702848041878883,0,0,FOLLOWING,1.4415183527560453,0.3796512302580994,0
36.608000000000004,-0.8706110102783775,0.21172081524297007,-1.8634444255516445,-1.2534497389561219,-1.166007965644051,0.2495612928852112,0.16483007305539962,0.24523552503909066,0.15369200531957192,1.4299307975772915,0.02160941361382962,-0.07006920242270853,0,0,FOLLOWING,1.4340839722192158,0.3537725965644699,0
36.64,-0.8728948602441031,0.20408722013448213,-1.8586744991194575,-1.248086382360503,-1.175777958028852,0.2664723294398229,0.16442189008252908,0.24900534708284872,0.14906050276706914,1.429963841562349,0.022392114259186528,-0.07003615843765099,0,0,FOLLOWING,1.4664566734229496,0.4164808034815703,0
36.672000000000004,-0.8752922443845838,0.19594455478947542,-1.8538840804822854,-1.2426678706642043,-1.18545355770944,0.2686702810049325,0.15654227450739022,0.2652736229469125,0.14970087772208945,1.429414424161135,0.023159437374668416,-0.07058557583886493,0,0,FOLLOWING,1.44329150644898,0.35243653131159036,0
36.704,-0.8776772249251259,0.18769305189718302,-1.8493533300853708,-1.2371943126187408,-1.1950339879183887,0.2566516294598459,0.14753045345373889,0.26841679836380794,0.14158619197747832,1.428701019451177,0.024183486578778668,-0.07129898054882311,0,0,FOLLOWING,1.413231687563598,0.2928446661442316,0
36.736000000000004,-0.8799254256849753,0.1797695336115772,-1.8450614608415612,-1.2316658180804287,-1.2045184795285773,0.2310516294598459,0.1528761837576963,0.2573742090051122,0.1341211199961888,1.4282767963409697,0.025436265704597005,-0.07172320365903029,0,0,FOLLOWING,1.367122139909813,0.2685492577322509,0
36.768,-0.8819228765634494,0.17260120060061368,-1.8405831056626107,-1.226082498008179,-1.2139062711149382,0.2143993926896392,0.16194706772874007,0.23252472601223118,0.13994883727787105,1.4285827991950735,0.026483609659629925,-0.07141720080492653,0,0,FOLLOWING,1.3886374233130663,0.3170811884259478,0
36.800000000000004,-0.8837421245987181,0.16595913045891544,-1.8358702469305437,-1.2204444644612717,-1.2231966090155852,0.19513250443504127,0.16668155212490723,0.21519921295397654,0.14727712837394435,1.429378233423143,0.027280614868732567,-0.07062176657685693,0,0,FOLLOWING,1.3688945526971732,0.28100237875343875,0
36.832,-0.885368638089964,0.15990360091304584,-1.8310158719421386,-1.2147518305971055,-1.232388747392316,0.18649273687463158,0.1716309637287543,0.195932992053632,0.15169953765401265,1.4307240372118784,0.027914427699682772,-0.06927596278812165,0,0,FOLLOWING,1.3839405982260493,0.30583420991700944,0
36.864000000000004,-0.8868904763343172,0.15413105254339424,-1.826051738617062,-1.2090047106689297,-1.24148194829049,0.18436484775060988,0.1676160226503401,0.1865557656625321,0.15512952157820273,1.4323034692611525,0.028422755965165747,-0.06769653073884752,0,0,FOLLOWING,1.396284490782196,0.295325364052908,0
36.896,-0.8883642126789268,0.1484296616565948,-1.8212157627082255,-1.2032032200235436,-1.2504754816982793,0.2011317397147716,0.17128606572213467,0.1840303522687452,0.15112457248764355,1.433896509742061,0.029046922163769917,-0.06610349025793893,0,0,FOLLOWING,1.4379096959249837,0.38154311952998093,0
36.928,-0.8899375726784208,0.14223379270254521,-1.816231894689921,-1.1973474750989945,-1.2593686256052554,0.21729643210127728,0.1814159516477165,0.19978548590588463,0.15574622362732166,1.4349181813303857,0.02952684239371206,-0.06508181866961427,0,0,FOLLOWING,1.4445412288208936,0.40943050656432944,0
36.96,-0.8916070589729707,0.1355231829782154,-1.810956920637016,-1.1914375934222257,-1.2681606660603781,0.2428964321012773,0.19664664850077293,0.2161148833477934,0.16484332484000763,1.4353489810634648,0.02972046582294574,-0.06465101893653524,0,0,FOLLOWING,1.4764728816322414,0.4771101030325277,0
36.992,-0.8934340169097766,0.12802073092032548,-1.8052123154664834,-1.1854736936067294,-1.276850897229293,0.26371333731891905,0.20280692283760496,0.2413218878466876,0.17951940383362158,1.4349046882441427,0.029458551768677177,-0.06509531175585725,0,0,FOLLOWING,1.473441470879925,0.4462175452062422,0
37.024,-0.8953746048442875,0.11984489471769344,-1.7993017382814547,-1.1794558953501602,-1.2854386214510045,0.27055725452710994,0.21116698397807623,0.26260480557888755,0.18470609212619354,1.4337098522472882,0.0290411946195952,-0.0662901477527118,0,0,FOLLOWING,1.4550668176660642,0.42346442154242847,0
37.056,-0.8973207672657596,0.11140883632878205,-1.7932056712407658,-1.1733843194319333,-1.2939231492938845,0.2660519649636917,0.20879159375177636,0.2705488333398978,0.19050272634203483,1.432190306715121,0.02843909941592626,-0.06780969328487907,0,0,FOLLOWING,1.4341869521217563,0.35920807555731976,0
37.088,-0.8991863384342195,0.1030835346991078,-1.7871786259221234,-1.1672590877108031,-1.3023037996110196,0.26910750357926877,0.20885356507532413,0.26660542520367775,0.18834577238999162,1.4307258851170728,0.027899937634183743,-0.06927411488292723,0,0,FOLLOWING,1.4491933013794982,0.3896676497620058,0
37.12,-0.9010191094848804,0.09466328308159903,-1.7811498083119026,-1.1610803231224147,-1.3105798995948943,0.27624244054126385,0.2010305797315977,0.269288740110889,0.18840113935094432,1.4291046978081723,0.027358946809758363,-0.07089530219182771,0,0,FOLLOWING,1.4610092049015668,0.38499886827161617,0
37.152,-0.9028464782137979,0.08601852831393007,-1.7753335151859058,-1.1548481496768375,-1.318750784831405,0.28212359452942426,0.20084799828780142,0.2761174027705768,0.18175968565721018,1.427193632824566,0.027035097209027192,-0.07280636717543398,0,0,FOLLOWING,1.461375749982379,0.4019846513162669,0
37.184,-0.9046615877158593,0.07717636282084014,-1.7695287839974523,-1.1485626924560752,-1.3268157993532004,0.2777732601633866,0.19776157495759636,0.282077943271494,0.1813983706265576,1.425019908752027,0.026729310939411777,-0.074980091247973,0,0,FOLLOWING,1.4416949861159047,0.3599325336540841,0
37.216,-0.9064003092478028,0.06844487203501157,-1.7638200097639911,-1.14222407761156,-1.3347742956923405,0.27012733114602777,0.2046421768120788,0.2782069188323155,0.1783996910273931,1.4228973548372086,0.02652049979890303,-0.07710264516279142,0,0,FOLLOWING,1.4310514553388076,0.37545246358016043,0
37.248,-0.9080426481213121,0.05993766414873123,-1.7578997126476248,-1.1358324323616102,-1.342625634932285,0.27203096700323737,0.1973084607515866,0.2707476669941183,0.18500983018174866,1.420940531385204,0.026099529173444495,-0.07905946861479607,0,0,FOLLOWING,1.4502551587569796,0.36473779698138964,0
37.28,-0.9096428387254532,0.051379383921434416,-1.7522049904539614,-1.1293878849888932,-1.3503691867591678,0.25425161262980533,0.19628634856467878,0.2720788508893665,0.17796055057206475,1.4188681900593985,0.025909282497148522,-0.08113180994060154,0,0,FOLLOWING,1.406793655717837,0.3125898729223783,0
37.312,-0.9110962297030717,0.04333016774529986,-1.7464568738563309,-1.1228905648378307,-1.3580043295124242,0.2401185481584725,0.19795379309854322,0.25558970321579993,0.17962913771120115,1.4172491713173563,0.025658216623720476,-0.08275082868264372,0,0,FOLLOWING,1.4059228816411173,0.3227528364376905,0
37.344,-0.9124232713711306,0.035728159665153,-1.7406777898788337,-1.1163406023120248,-1.3655304502346723,0.23423452746590961,0.20398715133704867,0.24114337244223533,0.18059687791056114,1.4160183507555435,0.025371469409678712,-0.0839816492444565,0,0,FOLLOWING,1.417056083661755,0.35675226124282033,0
37.376,-0.9136723672172948,0.028331630830749376,-1.7347879267875228,-1.109738128871618,-1.3729469447209466,0.2125178013630945,0.20298547229479913,0.2344107890316505,0.18405876321737155,1.4149287717737877,0.02497491708177413,-0.08507122822621227,0,0,FOLLOWING,1.3792435762442719,0.28391290785732987,0
37.408,-0.9147678766838748,0.021572315378744312,-1.7288141721696357,-1.1030832770306769,-1.3802532175671813,0.20319178301860735,0.20180666206588863,0.21397140316761917,0.18668038452939445,1.4144177299606029,0.024481454224173582,-0.08558227003939711,0,0,FOLLOWING,1.3971216948161123,0.308722770987101,0
37.44,-0.9157735814150636,0.015136599922128086,-1.7229607069106214,-1.0963761803545107,-1.387448682218032,0.1885803814768442,0.19618114098798195,0.20355361862513893,0.18292133590291243,1.4141650442645919,0.024104950787142698,-0.08583495573540811,0,0,FOLLOWING,1.381665044381885,0.271053642331075,0
37.472,-0.9166720583327672,0.009147595557329493,-1.7172416201475769,-1.0896169734570136,-1.3945327610139426,0.17600282765009495,0.19179630411199583,0.1892453703729829,0.1787219683458501,1.4142943424518766,0.023854930486764795,-0.08570565754812343,0,0,FOLLOWING,1.379684036746112,0.2706823081710195,0
37.504,-0.9174777156845128,0.0035591275627161172,-1.711667303277215,-1.0828057919979388,-1.4015048852375438,0.17892622500655947,0.18565052634361984,0.17644186329260714,0.1741978856319662,1.4147573123627482,0.02374367980453429,-0.08524268763725185,0,0,FOLLOWING,1.4096417355898097,0.30637504205001875,0
37.536,-0.9182630291529441,-0.002095372264081774,-1.7063129900301877,-1.0759427726801998,-1.4083644951592857,0.18044860275375993,0.1675060026758856,0.17840852553010178,0.16732272989846672,1.4150815338796798,0.02385675262635001,-0.08491846612032017,0,0,FOLLOWING,1.4103902461607218,0.2679170349711823,0
37.568,-0.9190258415688833,-0.007805027441797899,-1.7014807705341335,-1.069028053247103,-1.4151110400823992,0.1728959325165042,0.1694087181860932,0.18001987070894196,0.15100717758256524,1.4152776677114443,0.024497167572731016,-0.08472233228855575,0,0,FOLLOWING,1.3895284550738392,0.2869090532341308,0
37.6,-0.9197323731883753,-0.013293746008306377,-1.6965943703171205,-1.0620617724796078,-1.4217439783870807,0.15421940012329063,0.1803280145628683,0.17293672734648355,0.15270032956619303,1.4156234368610976,0.025086027657111876,-0.0843765631389024,0,0,FOLLOWING,1.359689260501477,0.2883878510935419,0
37.632,-0.9203397878994578,-0.018224983222808164,-1.6913117723817963,-1.0550440701935155,-1.4282627775739984,0.14327009989222794,0.17348957519780184,0.15525605814448268,0.16508158177837395,1.4164574914790515,0.025272096665755583,-0.08354250852094847,0,0,FOLLOWING,1.3707686722154093,0.2381364471118431,0
37.664,-0.9208782257468359,-0.02278752932350423,-1.6862890708370597,-1.0479750872366886,-1.4346669143070199,0.1580987863309359,0.17802401382148245,0.14356564848202832,0.15695977870970704,1.4175884487191623,0.025715096453199582,-0.08241155128083766,0,0,FOLLOWING,1.4234651674782453,0.34985891804792657,0
37.696,-0.9214447972899912,-0.02777493478464568,-1.6811137593466163,-1.0408549654862007,-1.4409558744552449,0.16620279346975708,0.18629605345541614,0.1568764652824882,0.16172887580588807,1.4182168933265902,0.026020236631993265,-0.08178310667340982,0,0,FOLLOWING,1.4157808589647558,0.35010092308566704,0
37.728,-0.9220157812613851,-0.03304231560232616,-1.6757401649321229,-1.0336838478455057,-1.4471291531342665,0.1709058495731395,0.1908890967089709,0.16558093373578325,0.16792523627877734,1.4184891050606345,0.02613905208299561,-0.08151089493936547,0,0,FOLLOWING,1.413138283020248,0.33537714328631363,0
37.76,-0.9225752996698143,-0.038471952966964366,-1.6702337807558945,-1.0264618782415624,-1.4531862547467114,0.17851281080156,0.19086545547035833,0.1705800414580619,0.17207494129176285,1.418523520026193,0.02613611819040007,-0.08147647997380703,0,0,FOLLOWING,1.4233502797067248,0.3348094842235454,0
37.792,-0.9231288364884497,-0.04414558105620768,-1.664727488759234,-1.0191892016219475,-1.4591266930220232,0.19127776381722014,0.1920263738041897,0.17814866697804538,0.1720720596289214,1.4182380410106044,0.026147078515119656,-0.08176195898939564,0,0,FOLLOWING,1.4393655007143125,0.36058833402593393,0
37.824,-0.923688758371194,-0.05022247881861557,-1.659179711702667,-1.011865963951946,-1.4649499910555037,0.1947856423644828,0.19360681103128888,0.1907160279768625,0.17336847778250425,1.4174728051938086,0.02613585876073876,-0.08252719480619142,0,0,FOLLOWING,1.4253757525297623,0.3381573279931747,0
37.856,-0.924225861351671,-0.0564310347956999,-1.6535936685255492,-1.0044923122116205,-1.4706556813465967,0.192388833046887,0.1943033834746579,0.19474183725357733,0.17456430768620954,1.4165006367967723,0.026101660611969058,-0.0834993632032277,0,0,FOLLOWING,1.414412379057718,0.3185659960591816,0
37.888,-0.924722307211632,-0.06257577924082722,-1.6479875651156835,-0.9970683943928638,-1.4762433058364217,0.1867374596185509,0.19418857077181792,0.19264327713170198,0.175191195345261,1.41551751387305,0.026059676801588164,-0.08448248612694997,0,0,FOLLOWING,1.4064973418326023,0.3044215843753829,0
37.92,-0.9251702838526765,-0.06854672906112998,-1.642384951712693,-0.9895943594964263,-1.4817124159445447,0.20116671179469556,0.18746934739151705,0.18710888800572703,0.17508212915356908,1.41463342251879,0.026031687923936175,-0.08536657748121002,0,0,FOLLOWING,1.4504237548499839,0.3500050986107042,0
37.952,-0.925615505131771,-0.07494925709463365,-1.636964862759361,-0.9820703575289285,-1.4870625726049935,0.19435468089249294,0.19303604980721328,0.2005711360382883,0.16937819410154684,1.4132413686985128,0.02621083358461052,-0.0867586313014872,0,0,FOLLOWING,1.4089089896585938,0.32162774554224954,0
37.984,-0.9260134183534584,-0.08116862275480796,-1.631395477199368,-0.9744965394998455,-1.4922933463015047,0.19316483550982255,0.19054248257672363,0.19474447870996728,0.17404375170627337,1.4119573642432823,0.026254874226897096,-0.08804263575671767,0,0,FOLLOWING,1.4194777473708704,0.310607288957474,0
38.016,-0.9263737151077093,-0.08734457171863945,-1.6258978691356691,-0.9668730574184812,-1.497404317102006,0.1890653793761904,0.1821681344053222,0.1933228491730625,0.17180068561666595,1.410641230886936,0.026387715511619225,-0.08935876911306395,0,0,FOLLOWING,1.4138336275222425,0.28019007667050383,0
38.048,-0.9266928710523819,-0.09339395390481481,-1.6206416007625102,-0.9592000642909158,-1.5023950746923278,0.19671047795342145,0.18124694963790133,0.18930115567132702,0.16425876505335466,1.4093760591100997,0.0267782749362584,-0.09062394088990033,0,0,FOLLOWING,1.4382178351978847,0.33710267817982453,0
38.08,-0.9269916513136329,-0.09967198323001951,-1.6154119588366076,-0.9514777141169279,-1.5072652184091497,0.20693377976401628,0.18152424824887814,0.19641529081090128,0.163426682171772,1.407806195111265,0.02722169128604257,-0.09219380488873496,0,0,FOLLOWING,1.448174172205849,0.35359653842031064,0
38.112,-0.9272721434906468,-0.10627521775709772,-1.6101741374543166,-0.9437061618869227,-1.512014357272153,0.18832266688830032,0.1751744641345223,0.20654361342836947,0.16368229143461666,1.4058351984941824,0.02768768316119785,-0.09416480150581763,0,0,FOLLOWING,1.3895168087868037,0.24178538334341537,0
38.144,-0.9274961941024604,-0.1123268879530515,-1.6051177414400046,-0.9358855635787937,-1.5166421100154261,0.17774625132038033,0.15408654341501354,0.18922720925537767,0.1580127137313658,1.404340280856569,0.02834749259037883,-0.09565971914343097,0,0,FOLLOWING,1.4008333208429875,0.21003172815402793,0
38.176,-0.9276777108329118,-0.11802789882497063,-1.6006710192049955,-0.9280160761548211,-1.521148105118056,0.1695428265370664,0.13713893485154527,0.1782375527459992,0.13896029952095668,1.4031202470918314,0.029633540359239374,-0.09687975290816864,0,0,FOLLOWING,1.4017214616220712,0.2135836405407173,0
38.208,-0.9278264017379987,-0.12346003939695414,-1.5967130461223658,-0.9200978575584955,-1.5255319808339702,0.17084004190075672,0.1293573980765187,0.16981291135552545,0.1236868272775046,1.4020932420349577,0.03142889432794704,-0.09790675796504233,0,0,FOLLOWING,1.4193705347503245,0.2603171994660614,0
38.24,-0.927955130268407,-0.12891897483741302,-1.5929795646885967,-0.9121310667113711,-1.5297933852209629,0.18207960166148482,0.13119488181892935,0.17064276154259841,0.11667144143263199,1.4009637806363573,0.0334786048882798,-0.09903621936364271,0,0,FOLLOWING,1.4423322732832797,0.3200849578102129,0
38.272,-0.9280720143599647,-0.13472423248887747,-1.5891931632563832,-0.9041158635098538,-1.533931976168964,0.18745318168591144,0.1305406174891412,0.18146234566479982,0.1183251918032507,1.3994128079797867,0.035516388982336,-0.10058719202021327,0,0,FOLLOWING,1.4357379959349497,0.2989645361955969,0
38.304,-0.928170895700177,-0.1407124712941329,-1.5854254140251218,-0.896052408822015,-1.5379474214274897,0.19521895434294032,0.1506073831297497,0.18716309792324434,0.11774230242469838,1.3976040580484543,0.0376122164610051,-0.10239594195154567,0,0,FOLLOWING,1.4415476267626846,0.37441818191357434,0
38.336,-0.928251248376225,-0.14694882572746523,-1.5810799643145037,-0.8879408644843387,-1.54183939863233,0.1776596117033607,0.1609174150108279,0.19490744690814144,0.13579551509732685,1.3954729081671107,0.03917419627499496,-0.10452709183288933,0,0,FOLLOWING,1.3892225365108688,0.2801587123495277,0
38.368,-0.9282990641467698,-0.15266031062551133,-1.5764376025968774,-0.8797813932984981,-1.5456075953314148,0.18282700328736506,0.17325018955233346,0.17847447268749653,0.14507406473629914,1.3937919867591757,0.04045814589400387,-0.1062080132408243,0,0,FOLLOWING,1.431850589140979,0.35001968176059106,0
38.4,-0.9283209292914996,-0.15850416040122195,-1.5714397742250783,-0.8715741590280639,-1.5492517090099112,0.179981648030369,0.18832019945152625,0.1826245882243452,0.15618246188223878,1.39190478837326,0.0414238963004554,-0.10809521162673996,0,0,FOLLOWING,1.4158948127940567,0.3458939621447672,0
38.432,-0.9283132404932204,-0.16426675484679037,-1.5660077989907013,-0.8633193263952417,-1.5527714471144967,0.17810894320664974,0.19448092391789695,0.1800785434961255,0.1697496429799114,1.3900249959332434,0.041985896967651426,-0.10997500406675664,0,0,FOLLOWING,1.417862832222596,0.32280643742275866,0
38.464,-0.9282740645458576,-0.16996824685839568,-1.5603979540173587,-0.8550170610775418,-1.556166527076857,0.16680635298545798,0.20523854279611564,0.1781737251756196,0.1753081141319429,1.388132652392334,0.04239993173807988,-0.11186734760766592,0,0,FOLLOWING,1.3952539130571129,0.31803528390063296,0
38.496,-0.928206050004319,-0.1753204011303427,-1.554478468191753,-0.8466675297044737,-1.5594366763363636,0.16157921864000593,0.219224350720563,0.16725908051300012,0.18498446919036676,1.3865159189792513,0.042524302065443116,-0.1134840810207487,0,0,FOLLOWING,1.4026952596132107,0.34801767829174807,0
38.528,-0.9281088157429119,-0.18049490034938634,-1.548156130344552,-0.8382708998541908,-1.5625816323619581,0.1620675076439668,0.22269116584399257,0.16172797488176557,0.19757371356095302,1.3850034606225428,0.042270134762580014,-0.11499653937745724,0,0,FOLLOWING,1.4145351397894594,0.3286573467588288,0
38.56,-0.9279783975762098,-0.1856749118207703,-1.5417333752913431,-0.8298273400501319,-1.565601142673228,0.1744257602766337,0.2171812054442726,0.16192832848117938,0.2007117841410045,1.3834124593512078,0.041945219368643816,-0.11658754064879218,0,0,FOLLOWING,1.4434809396994446,0.33807486337517234,0
38.592,-0.9278032445880674,-0.19123313154971874,-1.535468510241211,-0.8213370197576357,-1.5684949648606756,0.1715534222584295,0.20888783614911466,0.17379139893846196,0.19577767331733054,1.3813707737333603,0.04182157392295127,-0.11862922626663974,0,0,FOLLOWING,1.4165464026780126,0.28288295882099673,0
38.624,-0.9275953290288869,-0.19672179231700335,-1.529442423065307,-0.8128001093805417,-1.5712628666051804,0.15038282277395035,0.2087911167673605,0.17164128787139707,0.18831579394132017,1.379326323739023,0.041968043999242255,-0.12067367626097703,0,0,FOLLOWING,1.3732895190215326,0.25835790843598455,0
38.656,-0.9273810233037629,-0.20155876267810796,-1.5234200356115268,-0.8042167802577693,-1.573904625696648,0.12478282277395035,0.20545159994397863,0.15128640411418134,0.188200173218765,1.3778616035397728,0.042131140680114365,-0.12213839646022717,0,0,FOLLOWING,1.3493761385402154,0.22563378324971806,0
38.688,-0.9271749683906231,-0.20563150203036037,-1.517220730743029,-0.7955872046598791,-1.5764200300518507,0.11554934564404573,0.20991845503437245,0.12741848324651486,0.19372889793664533,1.3770898765581652,0.042125376283066895,-0.12291012344183483,0,0,FOLLOWING,1.3804713787245204,0.2870913323592053,0
38.72,-0.9269629555354333,-0.20932983386617648,-1.5111667997257359,-0.7869115557856161,-1.5788088777314533,0.10232368842218388,0.20504792615031392,0.1157587262338528,0.18918593503760767,1.376621678660494,0.04228236766054749,-0.1233783213395061,0,0,FOLLOWING,1.3655639027671167,0.23532035583906785,0
38.752,-0.9267543538289713,-0.21260459633044673,-1.5052534076527933,-0.7781900077584316,-1.5810709769562248,0.09181012418755602,0.19286084235710285,0.1025398493488062,0.18479406214753377,1.376507028614959,0.04259622746071834,-0.123492971385041,0,0,FOLLOWING,1.3672266462395037,0.20308193584977063,0
38.784,-0.9265495101104968,-0.21553745562249968,-1.4996909735371446,-0.7694227356229906,-1.5832061461224354,0.07469740046977083,0.18567300909500797,0.09187413266384574,0.17382654272759382,1.3766649811172857,0.04327972962913629,-0.12333501888271425,0,0,FOLLOWING,1.3476463975657675,0.1977061373185422,0
38.816,-0.9263675538993313,-0.2179312997768035,-1.4943359163978647,-0.7606099153416572,-1.5852142138164345,0.06386907783406079,0.1807170816802054,0.07501771355478545,0.16734596616366926,1.3772937819379427,0.04418226980906126,-0.12270621806205728,0,0,FOLLOWING,1.3543391317840971,0.2085181168364488,0
38.848,-0.9262009967644609,-0.21996888916815047,-1.4891236175335876,-0.7517517237909641,-1.5870950188284132,0.05848838972080622,0.19029589156832052,0.06388693812373461,0.16288474915766743,1.378211305729579,0.04524432449257243,-0.12178869427042094,0,0,FOLLOWING,1.3602806662191391,0.27499183167688684,0
38.88,-0.9260395648791238,-0.22182578013611662,-1.4836355141835025,-0.7428483387580633,-1.588848410165346,0.06531659662557983,0.20760807762118444,0.05825133125796888,0.17150370132101916,1.3792425081688025,0.04605300954333913,-0.12075749183119755,0,0,FOLLOWING,1.3844681288135836,0.3370438507670453,0
38.912,-0.9258512063547454,-0.22388359974080166,-1.477648412275974,-0.7338999389371494,-1.5904742470631135,0.08095137633097015,0.22035912084591827,0.0645892887817328,0.18709752664295745,1.3800055385439713,0.046399116355401615,-0.11999446145602866,0,0,FOLLOWING,1.4089383242651956,0.3533354222685682,0
38.944,-0.9256054339708081,-0.22642950609766552,-1.4712932590635506,-0.7249067039258934,-1.5919723989978003,0.07697170188635447,0.2208899658223572,0.0799478222448259,0.19859922049458076,1.380212799749267,0.04642575164781815,-0.11978720025073297,0,0,FOLLOWING,1.3748898036212114,0.2723030997929864,0
38.976,-0.9253531140843432,-0.22887921727603944,-1.464922266377525,-0.7158688142218095,-1.5933427456961777,0.07507391847363118,0.21928660152616575,0.07695849348104773,0.1990941947781209,1.3804507931388317,0.046465130831773394,-0.11954920686116832,0,0,FOLLOWING,1.378991412373603,0.2669681441351255,0
39.008,-0.9250916750692533,-0.2312666591563401,-1.4585971901994077,-0.7067864512186635,-1.5945851771453554,0.06536860715899014,0.22224952175073232,0.07505371174181845,0.1976592897139112,1.3806862613397082,0.04658075373411696,-0.11931373866029182,0,0,FOLLOWING,1.3604571720962935,0.27040932723344524,0
39.04,-0.924848764539296,-0.23335461985485517,-1.4521868431399523,-0.6976597972028018,-1.5956995936016167,0.07425463363523231,0.22371876239117292,0.06568291344708907,0.2003240308068784,1.3811584465123787,0.046633088054304654,-0.11884155348762127,0,0,FOLLOWING,1.3988657197210297,0.30162959996201566,0
39.072,-0.9245621347177967,-0.23569700208289585,-1.4457337889192845,-0.6884890353495221,-1.5966859055984233,0.08087679123058766,0.221607281392219,0.07375446798736736,0.20165864777130585,1.38131144342532,0.046685621169227254,-0.11868855657468003,0,0,FOLLOWING,1.3996644565904155,0.28669296648491527,0
39.104,-0.924233551594567,-0.2382517784163977,-1.4393411750966116,-0.6792743497193667,-1.5975440339536005,0.07879481417441897,0.23399864020084363,0.08050099373917304,0.19976986260505247,1.3811880561845122,0.046842004115768665,-0.11881194381548776,0,0,FOLLOWING,1.3815064810544184,0.32978218678377824,0
39.136,-0.9238954108215647,-0.24075280080224779,-1.4325918597315517,-0.6700159252544622,-1.598273909775691,0.0648002768228874,0.2409702121831733,0.07886628803169032,0.21091690581563496,1.3810569700415345,0.04667681768052212,-0.11894302995846551,0,0,FOLLOWING,1.3543624094010387,0.29578507314281355,0
39.168,-0.9235995809180122,-0.24282490692455685,-1.425641695858467,-0.6607139477747714,-1.5988754744694889,0.053261056753397006,0.24411021920687642,0.06539859448546866,0.21719349331319543,1.3812972156100418,0.0463313592701462,-0.11870278438995818,0,0,FOLLOWING,1.3541379085517016,0.2837977629296283,0
39.2,-0.9233435747692978,-0.2445240645700006,-1.4186010624736987,-0.6513686039743982,-1.5993486797407404,0.06044027541899979,0.25142947459469794,0.05368999122059207,0.22002070128919676,1.3818538716562723,0.0459170380300673,-0.11814612834372773,0,0,FOLLOWING,1.3908184491627378,0.3332331783100329,0
39.232,-0.9230453675116456,-0.2464201690160535,-1.4113494289093989,-0.6419800814178105,-1.5996934876000237,0.06564588294753057,0.26166852300133897,0.05998978224413594,0.22661454838049286,1.38215280263735,0.045334638335684296,-0.11784719736265004,0,0,FOLLOWING,1.389707526110469,0.34994904401116,0
39.264,-0.9227066336814123,-0.24848174092718597,-1.4038026793356375,-0.632548568536103,-1.5999098703657975,0.062119671828634496,0.2681772784766702,0.0652941242374809,0.23583704504625574,1.3822263533180135,0.04450030909848323,-0.11777364668198653,0,0,FOLLOWING,1.3733844880396566,0.3276376485197784,0
39.296,-0.9223686794754683,-0.2504436356727747,-1.3960682563838192,-0.62307425462319,-1.599997810666623,0.0795807756476332,0.2641652156736181,0.06221015115252406,0.24170192158063677,1.3823435260422723,0.04351257358749904,-0.11765647395772771,0,0,FOLLOWING,1.4217140794179177,0.33260616135116894,0
39.328,-0.9219232193815671,-0.2529150743286669,-1.3883962276530455,-0.6135573298320249,-1.5999573014425599,0.0926891213502391,0.2686713049171271,0.0784906476508339,0.23975207358359424,1.3818872180701425,0.042643002077974,-0.11811278192985752,0,0,FOLLOWING,1.4199326175175628,0.36110058486895097,0
39.36,-0.9213809130427196,-0.2558087415762263,-1.3806219944124407,-0.6039979851707762,-1.5997883459457312,0.09023023755264842,0.26912356025226286,0.09201024186567815,0.2429460131909968,1.3809464507596876,0.04172867472985997,-0.11905354924031242,0,0,FOLLOWING,1.392233905905892,0.31820398086713186,0
39.392,-0.9208256337395948,-0.25865053229335744,-1.372859308069451,-0.5943964124989938,-1.5994909577400642,0.08318905046912219,0.25919776431950675,0.09047982799950359,0.24258517594288592,1.3800032909351525,0.04086864176923721,-0.1199967090648475,0,0,FOLLOWING,1.3830086493067193,0.264075145222138,0
39.424,-0.9202907005048746,-0.2612738107168556,-1.3653824385521491,-0.5847528045237596,-1.5990651607001998,0.0816089697663495,0.24510225182528858,0.08365527016829273,0.23365326670152842,1.3792285436901646,0.04033151667804824,-0.12077145630983543,0,0,FOLLOWING,1.3936558615201446,0.2492573083521272,0
39.456,-0.9197481868583934,-0.26383397516517676,-1.3583115866193984,-0.5750673547958187,-1.5985109890095772,0.09691139514298573,0.23475352553325296,0.08177817227762241,0.2209650443834919,1.3784656714173025,0.04024377668547708,-0.12153432858269753,0,0,FOLLOWING,1.4316894216172507,0.30082143159429686,0
39.488,-0.9190895055056576,-0.2668370336617661,-1.3515005168866787,-0.5653402577056972,-1.5978284871576884,0.10087383600443381,0.22820303853602153,0.09608695172957794,0.21284675102954562,1.3771988889039324,0.040477433021934406,-0.12280111109606762,0,0,FOLLOWING,1.4141857438655863,0.28433521764114544,0
39.52,-0.9183789725243836,-0.269983227159033,-1.3449163002958833,-0.5555717084797975,-1.597017709936508,0.10084677517268449,0.22285679939877964,0.10079554231142263,0.205757512646955,1.375736031847679,0.040995290461320666,-0.12426396815232099,0,0,FOLLOWING,1.4077814750516584,0.2766151130781571,0
39.552,-0.9176460871656283,-0.273131192345809,-1.3384862000339317,-0.5457619031764822,-1.5960787224360928,0.0974526383138297,0.21637262129180743,0.10100136672754671,0.2009413288022345,1.3742226943524312,0.04172085963376349,-0.12577730564756884,0,0,FOLLOWING,1.4011177227293425,0.2602930728461308,0
39.584,-0.9169168506791417,-0.27617287136471125,-1.3322429844198316,-0.5359110386821384,-1.5950116000393577,0.08677862827866731,0.2172175648613988,0.097740338861196,0.19510112371439622,1.372771292323544,0.042684428167455435,-0.127228707676456,0,0,FOLLOWING,1.382542649621372,0.2715360434402379,0
39.616,-0.9162472894786537,-0.2788877274642118,-1.3259695663972924,-0.5260193127072261,-1.5938164284160226,0.0611786282786673,0.2156040645304156,0.08737084015617552,0.19604495652863305,1.3716104995376561,0.043661717281302526,-0.12838950046234388,0,0,FOLLOWING,1.3290066807651073,0.2374721752440412,0
39.648,-0.9157551091213623,-0.2808313941055804,-1.319690979620826,-0.5160869237823116,-1.592493303515736,0.0355786282786673,0.21873148761305694,0.06263625122804364,0.1962064810405536,1.3712007960068084,0.0446611263439749,-0.12879920399319156,0,0,FOLLOWING,1.3418027501062137,0.2615631665571007,0
39.68,-0.9154560144553127,-0.2819730569953294,-1.3133280367887172,-0.5061140712540757,-1.5910423315603706,0.020373838543165063,0.22343237200282287,0.0368634339948949,0.19884264039508223,1.3715768998032913,0.04559597776777702,-0.12842310019670866,0,0,FOLLOWING,1.3428464693028044,0.27240352037719595,0
39.712,-0.9152795653602814,-0.28261533320042986,-1.3068678084486165,-0.49610095528133,-1.5894636290354986,0.008160830981998435,0.21573789173024002,0.020808467527392738,0.20188286237237416,1.3724296613942535,0.04645948186872184,-0.1275703386057465,0,0,FOLLOWING,1.344256022127613,0.21799480828077797,0
39.744,-0.9152040062669518,-0.28287087693219215,-1.3006335618451912,-0.486047776830973,-1.5877573226810349,0.013433408030608362,0.2149347518973555,0.008324645337813732,0.19482087655622524,1.3736461354958758,0.04757802802295963,-0.12635386450412422,0,0,FOLLOWING,1.378143868111633,0.2649634986935894,0
39.776,-0.9150896512765508,-0.2832623159108809,-1.2944329074518977,-0.4759547376739883,-1.5859235494810693,0.009397186228633496,0.22681996947641644,0.01275608927503143,0.19377111479305384,1.3746875142341748,0.04877868058438861,-0.1253124857658252,0,0,FOLLOWING,1.3581323912108343,0.3108986670122319,0
39.808,-0.9150049686053385,-0.2835432630018544,-1.287890013399289,-0.46582204038136243,-1.5839624566528614,0.016164401818670106,0.23108207612460283,0.009173583273573134,0.20446619177426045,1.3758108090227381,0.04967710892290177,-0.12418919097726189,0,0,FOLLOWING,1.3826956342335464,0.2989629879371505,0
39.84,-0.9148621865011312,-0.2840199237386014,-1.2812238748389082,-0.4556498883200508,-1.5818742016350298,0.03421772137380715,0.2383537892979361,0.015560848562448352,0.20831761970216342,1.3766995538078775,0.05050518838305496,-0.12330044619212255,0,0,FOLLOWING,1.4118006166139476,0.3398573183523915,0
39.872,-0.9145554373376981,-0.28503148510695797,-1.2743201081337523,-0.44543848564886446,-1.5796589520749051,0.053668028226505966,0.23953009013770593,0.03305118363373727,0.2157435721361611,1.3770007235254695,0.05116411710332591,-0.12299927647453046,0,0,FOLLOWING,1.4257202754061076,0.33040729603671887,0
39.904,-0.9140591261543017,-0.28663795217536453,-1.2673776324310158,-0.43518803731440503,-1.5773168858150786,0.05755363269225202,0.23670379937597183,0.05255984228347313,0.2169532354310881,1.376651600612173,0.05186041264233988,-0.12334839938782705,0,0,FOLLOWING,1.4017506649355125,0.2867839160950776,0
39.936,-0.9135061693802231,-0.2883917420006559,-1.260548549106808,-0.4248987490469187,-1.574848190879117,0.05096429922530349,0.2225044359834567,0.057466498755323885,0.21340968754812065,1.376120418446637,0.052732106600227084,-0.1238795815533631,0,0,FOLLOWING,1.382673492746373,0.21577734149313557,0
39.968,-0.9129999527938037,-0.28995725795440064,-1.2541282253546269,-0.414570827356199,-1.5722530654564757,0.05662415980298605,0.20910315711632083,0.05140781619903567,0.20063581372970246,1.375759474262087,0.05405960660924602,-0.12424052573791311,0,0,FOLLOWING,1.4083200076836968,0.2338816298931463,0
40.0,-0.9124326763841456,-0.2916736756478067,-1.2480907821198266,-0.4042044795274111,-1.56953171788658,0.0633057918000374,0.1969534785952471,0.05649335179954453,0.18867067582430502,1.3752152835809228,0.05583275519223174,-0.12478471641907718,0,0,FOLLOWING,1.414550152063547,0.23541149116937637,0
40.032000000000004,-0.9117877543451303,-0.2935865927811211,-1.2423997561538602,-0.39379991361696254,-1.5666843666421073,0.06511614481347397,0.18774293075166054,0.06308757632025497,0.1778450430926369,1.3744414665426932,0.05801987282535603,-0.12555853345730683,0,0,FOLLOWING,1.4076745772743433,0.22959845118876115,0
40.064,-0.9111106629776883,-0.29555907282681204,-1.236980649837121,-0.38335733844829534,-1.56371124031144,0.06206621771827563,0.17886698040605878,0.06516924580277578,0.16934748919745085,1.3735841770520605,0.06054305663405479,-0.12641582294793952,0,0,FOLLOWING,1.3986243197427128,0.21384203004962693,0
40.096000000000004,-0.9104524378508482,-0.29744222129565984,-1.231817253551524,-0.37287696360772804,-1.5606125775803223,0.05116292511801403,0.18602749000421392,0.062334516268727165,0.16135649466820978,1.372802512928949,0.06337967641819664,-0.12719748707105105,0,0,FOLLOWING,1.3777521646187787,0.2658118395829313,0
40.128,-0.9098972268371504,-0.2990036306781484,-1.2264405775204434,-0.36235899944021766,-1.5573886272126902,0.04510509064207462,0.1994044084361147,0.05177632484156125,0.16802153127151376,1.3723450404195783,0.06604845798995451,-0.12765495958042172,0,0,FOLLOWING,1.3823812310598722,0.30385735332085506,0
40.160000000000004,-0.9094022286998257,-0.3003694208199237,-1.2206862575913073,-0.3518036570451617,-1.5540396480307064,0.02914609114276629,0.2015353084169721,0.045392203594483885,0.17982299387816586,1.3720806119561841,0.06838852360577818,-0.12791938804381586,0,0,FOLLOWING,1.359131017663555,0.24926308179062162,0
40.192,-0.9090708464695161,-0.3012666304403935,-1.2148534875264574,-0.34121114827214916,-1.5505659088939794,0.009451154369969175,0.20818152388866448,0.02987749505423223,0.1822745815219571,1.3723021984903525,0.07068225890743607,-0.1276978015096475,0,0,FOLLOWING,1.3424561132827881,0.26920460006381214,0
40.224000000000004,-0.9089533314440953,-0.3015748269009137,-1.208823770713167,-0.33058168571671276,-1.5469676886779793,0.01482542264226144,0.22325291720421023,0.010294579913102559,0.18842922424306363,1.3731413404113468,0.07279907200301294,-0.12685865958865317,0,0,FOLLOWING,1.3881768148058022,0.33384238915150943,0
40.256,-0.9087871642296476,-0.3020027384174533,-1.2023825616860833,-0.31991548271606085,-1.5432452762516495,0.021457497436909577,0.23529439511632136,0.014353886699737207,0.20128849344676883,1.3738460230381406,0.07456215552302116,-0.12615397696185937,0,0,FOLLOWING,1.3944443233824693,0.3345870433688521,0
40.288000000000004,-0.9085430071280203,-0.30262527445073906,-1.1955917348870346,-0.30921275334479636,-1.5393989704542164,0.0183569179850655,0.25336190898709116,0.020906970172967627,0.21221416211636507,1.374338360166799,0.07604055965474754,-0.1256616398332011,0,0,FOLLOWING,1.374241424552983,0.3616607187757833,0
40.32,-0.9083252450172132,-0.3031697067764944,-1.1882830385774918,-0.2984737124106198,-1.5354290800711974,0.012938104272902253,0.2677588085260304,0.01832463124158682,0.22839777843050876,1.3749116534873305,0.0770501548806759,-0.12508834651266953,0,0,FOLLOWING,1.3678754014836958,0.3556304906535926,0
40.352000000000004,-0.9081666542175123,-0.3035562771101181,-1.1805589154968283,-0.2876985754500172,-1.5313359238096123,0.029959768549734048,0.27321510453359216,0.013055390010172082,0.2413800473546186,1.3756538436754215,0.07768728272754144,-0.12434615632457846,0,0,FOLLOWING,1.4180328113990193,0.35617336162526375,0
40.384,-0.9078098965900183,-0.30441248880584276,-1.172658635615872,-0.27688755872393633,-1.5271198302723965,0.03628722960873416,0.2793966706241306,0.029001837125997215,0.24688503293479983,1.375891071013476,0.07823128831446359,-0.12410892898652404,0,0,FOLLOWING,1.4024712473580727,0.35055027925578686,0
40.416000000000004,-0.9073611715847002,-0.30547098131952183,-1.1645931787602637,-0.2660408792134441,-1.52278113793202,0.030996748139210894,0.2786656833372779,0.03593290249794088,0.2520468929669071,1.3759126915611681,0.07868043902720867,-0.12408730843883187,0,0,FOLLOWING,1.3809731766486069,0.3097815394368163,0
40.448,-0.9069629433343815,-0.3063896358470597,-1.1565525649496566,-0.25515875461537285,-1.518320195103316,0.03951978088161352,0.27276922814355614,0.03128377212052695,0.2512705372012154,1.3760902517243654,0.07920249948543433,-0.12390974827563461,0,0,FOLLOWING,1.4112657779941982,0.3054468792821205,0
40.480000000000004,-0.9064550082363896,-0.307534761382301,-1.1486739988481076,-0.24424140333795297,-1.5137373599155173,0.033616610533002085,0.27629721993362427,0.039152871073662936,0.2462064646962187,1.376027458745234,0.07995814180317717,-0.12397254125476609,0,0,FOLLOWING,1.3816187970822027,0.3262347189875078,0
40.512,-0.9060069724528819,-0.3085244377244535,-1.140700719949964,-0.23328904449641819,-1.5090330002835008,0.016216599754020473,0.2836788929583763,0.033942940488541885,0.2491662872932392,1.3761432408625305,0.0806673311691346,-0.12385675913746952,0,0,FOLLOWING,1.3517994153367183,0.33732635403702954,0
40.544000000000004,-0.9057765580891826,-0.3090214813405047,-1.1325017663570431,-0.22230189790863308,-1.504207493878262,0.003795557357786028,0.2916682976194612,0.017105750348078725,0.2562187333990534,1.3768105227934675,0.08117394176149761,-0.1231894772065325,0,0,FOLLOWING,1.3541601435661907,0.3475416562343173,0
40.576,-0.9057152416753486,-0.3091464015238407,-1.1240782920964096,-0.21128018409064708,-1.4992612280965802,0.0,0.29172226997539896,0.004339716986628927,0.2632351269431722,1.3779017924478252,0.08148267282024291,-0.12209820755217482,0,0,FOLLOWING,1.358868820836626,0.31790382396031225,0
40.608000000000004,-0.9057124633548027,-0.3091457726530594,-1.1156609947601226,-0.20022412425230307,-1.4941946000299338,0.0,0.30531179292274996,2.0560605260213242e-05,0.2630421028154278,1.3791499265405875,0.08183904525527995,-0.12085007345941245,0,0,FOLLOWING,1.3539725800736973,0.3826194675792722,0
40.64,-0.9057130399509178,-0.30913892530899006,-1.1068552959967588,-0.18913394029276542,-1.4890080164326056,0.0,0.3121309846592689,-0.00019569680250817014,0.27517987392924104,1.3804262668667802,0.08185644965998806,-0.11957373313321984,0,0,FOLLOWING,1.3918930519378707,0.37849927754366225,0
40.672000000000004,-0.9057138422105367,-0.3091328768018005,-1.097852905679988,-0.1780098547960982,-1.4837018936890431,0.017420693405403063,0.3125295964836806,-0.00017633839515706587,0.28132660373224994,1.381725540304708,0.08172703819091809,-0.11827445969529204,0,0,FOLLOWING,1.4182820362847703,0.37166608397394557,0
40.704,-0.9054715101770022,-0.309599542300972,-1.0888229636171696,-0.16685209102676501,-1.4782766577804163,0.013357588466954633,0.30428121035776484,0.016448519308835854,0.2821876099085567,1.3825211920947862,0.08165329760685623,-0.11747880790521381,0,0,FOLLOWING,1.3779104474655282,0.3044773966087238,0
40.736000000000004,-0.9052700311839037,-0.30998219700397217,-1.0800421451278475,-0.15566087292518205,-1.472732744250435,0.0009997749266106393,0.3074021429218734,0.013511669485589704,0.2744023410574059,1.3834387320251296,0.08187638336221426,-0.11656126797487043,0,0,FOLLOWING,1.3552266561578852,0.3455333041833614,0
40.768,-0.9052452669503204,-0.31002743392368265,-1.0711654018094507,-0.14443642510318844,-1.4670705981703651,0.0,0.3245363051725422,0.0016016813396377814,0.277400048956812,1.384766759336297,0.08203060470169732,-0.11523324066370311,0,0,FOLLOWING,1.358533803703405,0.4177009046923903,0
40.800000000000004,-0.9052440640618657,-0.31002681036030766,-1.0618049293488117,-0.13317897283957425,-1.4612906741033171,0.0026176211700629226,0.334225786843649,1.405070044155193e-06,0.2925169013712774,1.3861792773824633,0.08174584516347283,-0.11382072261753673,0,0,FOLLOWING,1.389468580749396,0.409595508242459,0
40.832,-0.9052053797982136,-0.31009306744844783,-1.0521631417000568,-0.12188874207552214,-1.4553934360677339,0.007781033247720895,0.3407566003398576,0.0024012253202611387,0.301308200215128,1.3875510402477649,0.08123268358403413,-0.11244895975223512,0,0,FOLLOWING,1.3874241626556216,0.40159611891008556,0
40.864000000000004,-0.905085712402477,-0.3102995055542956,-1.0423304669218894,-0.11056595941010983,-1.449379357500158,0.02367133402424672,0.3430390037368858,0.007462011129829701,0.30727356308960696,1.3887996785008483,0.08058710566727478,-0.11120032149915171,0,0,FOLLOWING,1.41528747415895,0.403940190197282,0
40.896,-0.9047143177320428,-0.3109308213957989,-1.0324246060358313,-0.09921085209572778,-1.4432489212172053,0.03369728744320402,0.3410015795824403,0.022901659805248303,0.30956068250449487,1.3895971043202684,0.07994814292531571,-0.1104028956797316,0,0,FOLLOWING,1.4111144044600743,0.38215675489070133,0
40.928000000000004,-0.9041661597617826,-0.31184383576437996,-1.022580068379439,-0.08782364803354237,-1.4370026193768182,0.05387959570653191,0.3382880606325792,0.033284642353611366,0.3076442897065616,1.390106968831893,0.0794427731683588,-0.109893031168107,0,0,FOLLOWING,1.4394170293462913,0.4004267487191712,0
40.96,-0.9032775664853264,-0.3132918069969555,-1.012808495550049,-0.07640457576891224,-1.4306409534387479,0.056751093716793134,0.3291522032716649,0.05310150582798825,0.30536408756857775,1.3900316751176964,0.07910251980132299,-0.10996832488230357,0,0,FOLLOWING,1.412142044679116,0.34522506955712107,0
40.992,-0.9023110102641816,-0.3148337420986053,-1.003310282236769,-0.0649538644868024,-1.4241644341242974,0.06719051065984272,0.3218835587865884,0.056865635479672424,0.2968214252422673,1.3898854535013452,0.07909971282593198,-0.11011454649865482,0,0,FOLLOWING,1.430773110942276,0.36233137657784653,0
41.024,-0.9011542253057614,-0.31663923028881824,-0.9940180890361546,-0.053471744007185684,-1.4175735813753225,0.07039910692737884,0.3180604846635,0.0670097157433269,0.2903831498172872,1.3894682560255822,0.07937939903575332,-0.11053174397441778,0,0,FOLLOWING,1.419239147360183,0.36346997949843496,0
41.056,-0.8999183897917872,-0.3185287635444964,-0.9848399573890948,-0.0419584447804211,-1.4108689243124835,0.06642908021635319,0.3067370125623347,0.07055127777642234,0.2868186538421022,1.3889932663877598,0.07983888971669939,-0.11100673361224023,0,0,FOLLOWING,1.406445483713555,0.31613163100888214,0
41.088,-0.8987293549053057,-0.3203101555321327,-0.9759885548968608,-0.030414197882651983,-1.4040510011927814,0.0529874080512232,0.298250109868475,0.06692026748922575,0.2766081550172808,1.3886919861756724,0.08067680813319877,-0.11130801382432765,0,0,FOLLOWING,1.3830901512523368,0.30893248872955714,0
41.12,-0.8977588274830995,-0.32173438437743584,-0.967378358634408,-0.018839235011134603,-1.3971203593663253,0.0682516601185659,0.3073433064592154,0.053842803776629006,0.26907030485482897,1.3888681165733083,0.08178679565578882,-0.11113188342669167,0,0,FOLLOWING,1.4374250983109957,0.4234006150744202,0
41.152,-0.8965233171538073,-0.32351338610085295,-0.9585064949280211,-0.0072337884796245255,-1.3900775552324132,0.0822567642584433,0.33359650828208604,0.06769467122951715,0.27724755821867414,1.3886666240263879,0.08271733344225707,-0.11133337597361215,0,0,FOLLOWING,1.4363943982095022,0.5100115337659369,0
41.184,-0.8950133667351527,-0.3256494548830284,-0.9488800207303247,0.004401908786323183,-1.3829231541948412,0.09964618335739454,0.34237919758163965,0.08175291791199527,0.30082964307388277,1.3880833955846665,0.08297991013928485,-0.11191660441533346,0,0,FOLLOWING,1.4535762736247337,0.46227188112889256,0
41.216,-0.8931590088546533,-0.32822103239967426,-0.9389979891971529,0.01606762325399136,-1.375657730616535,0.0923041927212686,0.35269803596703314,0.09908351098564172,0.30881601083081955,1.387017197192258,0.08308136280923051,-0.11298280280774198,0,0,FOLLOWING,1.4052986565593935,0.44101862106118855,0
41.248,-0.8913952097337259,-0.330615657408316,-0.9288247511814581,0.02776312078822274,-1.3682818677734174,0.08404678690091887,0.36240181834796154,0.09292681511455697,0.3179164649781711,1.386219030565288,0.08293914364979926,-0.11378096943471205,0,0,FOLLOWING,1.398409074129869,0.44399657816600824,0
41.28,-0.8897640709728282,-0.33278070535567295,-0.9183712438897655,0.039488166656094004,-1.3607961578075989,0.06968825314707434,0.382103166393704,0.08469678011074994,0.32667509501340974,1.3857580927486215,0.08255610380369993,-0.1142419072513785,0,0,FOLLOWING,1.3759510304520637,0.4922491182722685,0
41.312,-0.8883857772137742,-0.3345672509800928,-0.9073493806247611,0.05124252553163822,-1.353201201679832,0.05757609779520595,0.40148741689789347,0.0704975188298444,0.3444367171811112,1.3858269996065105,0.0816283116620713,-0.11417300039348954,0,0,FOLLOWING,1.3714223941281016,0.5061249094020265,0
41.344,-0.8872307675427045,-0.33602703260449457,-0.8957702082412391,0.0630259615005655,-1.3454976091212674,0.06421139328292852,0.4061707900672597,0.05815938048369085,0.3618531775801249,1.3863688888406003,0.08016588449387219,-0.11363111115939972,0,0,FOLLOWING,1.4105669978444322,0.47100630971173535,0
41.376,-0.8859447767088412,-0.3376152212711113,-0.8840567718049702,0.07483823806499834,-1.337685998584504,0.0747798133532584,0.4170326822109907,0.06386662053947398,0.36604907846330087,1.386811292539155,0.07862523993564097,-0.11318870746084508,0,0,FOLLOWING,1.4201099551050915,0.5116737897236564,0
41.408,-0.8844294527139137,-0.3394450960112554,-0.8720283141907235,0.08667911814821738,-1.3297669971939388,0.09551034411851078,0.4242729363222237,0.07425324230308922,0.3758938330524543,1.3870073267160399,0.07683489365675376,-0.11299267328396012,0,0,FOLLOWING,1.4477892180841432,0.5254818428337982,0
41.44,-0.8824724150520342,-0.34175500124307184,-0.8597874128002375,0.09854836409942092,-1.3217412406954203,0.10901510678981322,0.4248768761748461,0.09462205445562868,0.38253294278937455,1.3866415537704342,0.07491680468092765,-0.11335844622956581,0,0,FOLLOWING,1.4424556631675176,0.4959196142629135,0
41.472,-0.8801951475062119,-0.3443791786868965,-0.8475310633390879,0.11044573769849286,-1.313609373405211,0.12656898097994326,0.4240397143325613,0.10858283972514013,0.38301572995841865,1.385920825225187,0.07305700561859552,-0.11407917477481311,0,0,FOLLOWING,1.4578717815757947,0.504407847883084,0
41.504,-0.8775142215308097,-0.34739411130289155,-0.8352977936699564,0.12237100016078561,-1.3053720481582602,0.13178877231720837,0.4161820508655402,0.12608256225178888,0.3822944728308401,1.3847354202369921,0.07130096589326174,-0.11526457976300786,0,0,FOLLOWING,1.43984096342601,0.4556132847770873,0
41.536,-0.8746699898072905,-0.350514472905429,-0.8232943507409395,0.1343239121419122,-1.2970299262557945,0.11404581397265878,0.40772995317212585,0.1319346392471344,0.37511214852770364,1.3834595034194983,0.06983528398178773,-0.1165404965805017,0,0,FOLLOWING,1.3904806788606692,0.4142287309964425,0
41.568,-0.8721512522082229,-0.353207393465563,-0.8115331825712838,0.14630423374254908,-1.288583677412227,0.11771568089737176,0.3948638197059329,0.11520315533035871,0.36754078875272045,1.3828161010897628,0.06863058460411485,-0.11718389891023717,0,0,FOLLOWING,1.4309010944293568,0.41691757150797953,0
41.6,-0.8695426036123404,-0.3559301900950092,-0.8001451657953645,0.1583117245132517,-1.2800339797013924,0.10730752322802647,0.38375777779065545,0.11783227464697874,0.3558793773734457,1.3821911350502112,0.06784906419361969,-0.11780886494978882,0,0,FOLLOWING,1.4007103420842386,0.3937171022368319,0
41.632,-0.8671235790650667,-0.3583954659251418,-0.7890780951726987,0.17034614345928012,-1.2713815195021108,0.09372063350178897,0.3722120576210582,0.10792107248902577,0.3458494917082325,1.3819865987703328,0.06741634671809837,-0.11801340122966719,0,0,FOLLOWING,1.3884878205488527,0.3773245161970947,0
41.664,-0.8649822719511246,-0.3605267087246512,-0.7783447063853428,0.18240724904543404,-1.262626991443085,0.08918758258181571,0.3665025974455724,0.09439810181417446,0.3354216191202876,1.3823204146557624,0.0673358217909409,-0.11767958534423761,0,0,FOLLOWING,1.4009100220898827,0.40547101479116254,0
41.696,-0.8629334086467488,-0.3625219693169419,-0.7677764718615577,0.19449479920091228,-1.253771098347128,0.09646158393759549,0.366097398494204,0.08936751572655446,0.3302604077874179,1.38292422957622,0.06745036665515936,-0.11707577042377992,0,0,FOLLOWING,1.423702133748418,0.44433823612263523,0
41.728,-0.8607098774961903,-0.3646448593783442,-0.7572199207760221,0.20660855132414424,-1.244814551174757,0.09667162382514885,0.3519756334199853,0.09607542633333868,0.3298952919632729,1.3834259339973716,0.06762507286781028,-0.11657406600262843,0,0,FOLLOWING,1.4144587608811088,0.3725423792777744,0
41.76,-0.8584518129020325,-0.366756481745196,-0.7470700181185662,0.21874826228769528,-1.2357580689670924,0.09450539793924653,0.3403163729985155,0.09661197626086732,0.3171871824549345,1.3840244797628871,0.06824338345484238,-0.11597552023711288,0,0,FOLLOWING,1.4093185193840525,0.36977356482959584,0
41.792,-0.8562202768265637,-0.3688013578898263,-0.7372562953584088,0.23091368844310844,-1.226602378788159,0.10129811880998996,0.3353428142388224,0.09458417636886896,0.3066812985761608,1.3848042641099798,0.06922909044000569,-0.11519573589002019,0,0,FOLLOWING,1.4271562019458537,0.4078592919218583,0
41.824,-0.8538173115512088,-0.37096241724251783,-0.7275858483002197,0.2431045856258327,-1.217348215666489,0.09303330575902123,0.332157131961257,0.10099794198012133,0.30220382620394626,1.3854986713383248,0.07040295675119745,-0.11450132866167517,0,0,FOLLOWING,1.3960780341086625,0.3883446405203652,0
41.856,-0.8515751558911933,-0.37293885921552117,-0.7180075489986701,0.2553207091600851,-1.2079963225361412,0.07227269893165544,0.3311420095295746,0.09339610335894713,0.29932414160995563,1.3865566786522239,0.07168761796620504,-0.11344332134777613,0,0,FOLLOWING,1.3629758721458092,0.38001692643298507,0
41.888,-0.8498021070922097,-0.3744679584693857,-0.708459273368452,0.26756181386379896,-1.1985474501770286,0.0637060562561709,0.34190957840767183,0.07315033073548513,0.2983858794563003,1.3883836431286969,0.07299260035538746,-0.11161635687130311,0,0,FOLLOWING,1.3766039162619697,0.44346957837280593,0
41.92,-0.8482387903645444,-0.3757888329311482,-0.6986012249532755,0.2798276540535083,-1.1890023571546755,0.06544378337140361,0.35636614547296247,0.06395243849521715,0.3080665220110129,1.3906294039038714,0.07399128136135512,-0.10937059609612865,0,0,FOLLOWING,1.3933096489719146,0.47956045014895227,0
41.952,-0.8466336219413313,-0.3771196746825644,-0.6883264729966099,0.29211798354931506,-1.1793618097592875,0.07605492490360209,0.3641269836624536,0.06516484941448727,0.3210888436681459,1.392963625619845,0.0745916676334818,-0.10703637438015501,0,0,FOLLOWING,1.4148691153676176,0.47444669850258514,0
41.984,-0.8447621529303302,-0.3786427567627879,-0.6778273849759865,0.30443255567979355,-1.1696265819442642,0.0960198665900217,0.3601439402517741,0.07541485196224106,0.3280995257645113,1.3950999569909774,0.07500107544358459,-0.10490004300902256,0,0,FOLLOWING,1.443735419526159,0.4517447873394035,0
42.016,-0.8423853259372456,-0.3805408394207112,-0.6674406869177398,0.3167711232869781,-1.1597974552640344,0.10717316685537659,0.3563486211930773,0.09506942346150293,0.32458723124520816,1.396740687140494,0.07557451713208696,-0.10325931285950607,0,0,FOLLOWING,1.4338556874150692,0.43881129587809814,0
42.048,-0.8396947094018691,-0.3826454376000645,-0.6571641040067788,0.32913343873128587,-1.1498752188113432,0.09272419932436067,0.36812029083148545,0.106754379079989,0.3211460453980721,1.3981419016129542,0.07629634311382949,-0.10185809838704585,0,0,FOLLOWING,1.3768934207810655,0.46969036784880674,0
42.08,-0.8373172624401747,-0.3844632665284087,-0.646549099657934,0.34151925389652327,-1.1398606691538737,0.06712419932436066,0.3839591055580469,0.09350848863841615,0.33172201293243264,1.400100270745685,0.07666920143327195,-0.0998997292543149,0,0,FOLLOWING,1.3353498144408866,0.4825639976146688,0
42.112,-0.8355627069441945,-0.38577026153490324,-0.6354769888484685,0.35392832019483866,-1.1297546102703189,0.06923951255988983,0.3907258783031927,0.06834754340757923,0.34600699206796404,1.4029973680686405,0.07654375811322445,-0.0970026319313595,0,0,FOLLOWING,1.3968447251754101,0.4823801551806292,0
42.144,-0.833775290908913,-0.38707190573993805,-0.6242113263467677,0.36636038857172504,-1.1195578534858277,0.07106379242266049,0.38285729668098933,0.0691001526445159,0.35205568486051164,1.4060090016808735,0.07622650693628286,-0.0939909983191265,0,0,FOLLOWING,1.3961555012125673,0.41843297189879736,0
42.176,-0.8319278835096241,-0.38838654006838347,-0.6131718479457858,0.3788152095110138,-1.1092712174068728,0.07383711915219536,0.3889372910526705,0.07085998057877103,0.3449872088462156,1.4091038128252293,0.07613654141523062,-0.09089618717477066,0,0,FOLLOWING,1.3954239123676682,0.47872035192146173,0
42.208,-0.8299937604240015,-0.3897319520185862,-0.6019573942017482,0.39129253303988554,-1.0988955278555328,0.07237682138670767,0.3872718887309298,0.07362955157431383,0.3504553550298198,1.412251106530494,0.0758728503285897,-0.0877488934695061,0,0,FOLLOWING,1.3884909192107893,0.4428607254364119,0
42.24,-0.8280773551560064,-0.39103330385926455,-0.590790736034777,0.4037921087338845,-1.0884316178031928,0.05278296273573581,0.3973196671507211,0.07238930056948431,0.3489616941938153,1.415580016938711,0.0756480123897616,-0.08441998306128906,0,0,FOLLOWING,1.3426998393733462,0.47616188798510484,0
42.272,-0.8266461207663466,-0.39197821434466595,-0.5793354273229242,0.41631368572194627,-1.0778803273036741,0.0517278836200748,0.4006305433612845,0.0535794724634531,0.35798230733711095,1.4196516435756508,0.07508855665000747,-0.08034835642434923,0,0,FOLLOWING,1.3756847271252324,0.4685059254034659,0
42.304,-0.8252561904270179,-0.3928731503467959,-0.5677845310690194,0.42885701269143284,-1.0672425034257933,0.0685145719817341,0.39778401017687953,0.05166125197301326,0.36096953245159186,1.423929053923757,0.07441350071150105,-0.07607094607624298,0,0,FOLLOWING,1.416828182907463,0.4721660529553886,0
42.336,-0.8234255356288175,-0.39402729157809313,-0.5563149883135431,0.4414218378931749,-1.056519000185358,0.08351072405352637,0.40988564170509156,0.06764345654482365,0.35842715001825726,1.4278424781042396,0.07383109510505548,-0.07215752189576041,0,0,FOLLOWING,1.4162325500643123,0.5388046016044594,0
42.368,-0.8211694270102339,-0.39541699822900217,-0.5444966690633138,0.4540079091465272,-1.0457106784766068,0.08960043249898018,0.4183982677758505,0.082816408397166,0.36932677356408167,1.4314185653462188,0.07291020277137267,-0.06858143465378119,0,0,FOLLOWING,1.40290742682,0.5214024540579169,0
42.4,-0.8187155616853672,-0.39688933567187046,-0.5324327324852163,0.4666149738444276,-1.0348184060030943,0.1020899110470029,0.4217971547632245,0.08942839273297572,0.37700259656855545,1.4349313866310711,0.07173731336571919,-0.06506861336892888,0,0,FOLLOWING,1.4206575980469767,0.5185586040846288,0
42.432,-0.8159047178951049,-0.3985310289283732,-0.5202703146681938,0.47924277895846523,-1.0238430572080344,0.11381047365901244,0.41273165928916306,0.10172710949341504,0.38008025097895276,1.4382010190920087,0.07046786618506545,-0.0617989809079913,0,0,FOLLOWING,1.4278905626077874,0.4703389471267337,0
42.464,-0.8127455872341468,-0.400325394648903,-0.5083682516870955,0.4918910710439719,-1.0127855132040877,0.12452933858677956,0.40397291361340004,0.11353804195116421,0.37194387793166833,1.441243978979176,0.06945892734531645,-0.058756021020824,0,0,FOLLOWING,1.4315040300396136,0.4686088185187329,0
42.496,-0.8092620850136281,-0.4022496476965893,-0.4967183020619168,0.5045595962450806,-1.001646661702649,0.12821201508526117,0.3925586754084,0.12436346437085899,0.3640650706626488,1.4440928607762176,0.06870054591803287,-0.05590713922378243,0,0,FOLLOWING,1.4215790605756018,0.44081867977541855,0
42.528,-0.8056424088520843,-0.40419356191982553,-0.48539723934682866,0.5172481002998586,-0.9904273969425468,0.12453660204162219,0.3808287927693428,0.12838850230705035,0.35378702303277504,1.4469655865049915,0.06825757538115268,-0.05303441349500848,0,0,FOLLOWING,1.4070370850297786,0.4187313852750038,0
42.56,-0.8020955425771098,-0.40604524628476063,-0.474414630211096,0.52995632854537,-0.9791286196182908,0.13317570438814957,0.3741792599915179,0.12502383016833263,0.3432100126367179,1.4500988725436061,0.06812583828787895,-0.04990112745639386,0,0,FOLLOWING,1.4317012510262959,0.4568343276953654,0
42.592,-0.7982991297567524,-0.40797491730356683,-0.46362351808584856,0.5426840259228272,-0.9677512368077249,0.1587757043881496,0.37383628214700043,0.13308317284544555,0.33722553537734945,1.453129502726438,0.06817598717051537,-0.04687049727356207,0,0,FOLLOWING,1.4810931170743211,0.5342970374430169,0
42.624,-0.7937740954792619,-0.4102186609370281,-0.4528253502674792,0.5554309369826698,-0.956296161899243,0.17812305658593736,0.37113274428172327,0.1578481532971276,0.33744602300725085,1.4555256290006509,0.06823929371314513,-0.044474370999349144,0,0,FOLLOWING,1.4632631057525587,0.5004678476241979,0
42.656,-0.7886567782819637,-0.4126885271939279,-0.4421070022763077,0.5681968058897321,-0.9447643145184257,0.1888534372932995,0.3681843205918217,0.17757231009112212,0.3349516179842329,1.4574485556398076,0.06839529395954286,-0.042551444360192425,0,0,FOLLOWING,1.4601368072847545,0.49339240904277926,0
42.688,-0.78318677002231,-0.4152557513309191,-0.4314791204086273,0.5809813764283375,-0.9331566204542471,0.20064870644705132,0.3802552881509869,0.1888228903790308,0.3321245012319393,1.4591696412786601,0.06864155033956942,-0.04083035872133989,0,0,FOLLOWING,1.4628767367292828,0.5611575072864383,0
42.72,-0.7773467177538059,-0.41792120157063173,-0.42050127646485724,0.5937843920074803,-0.921474011584715,0.20976522100893427,0.388490688114725,0.20060588105998722,0.3430611324038758,1.4606731162817697,0.06853922229914394,-0.03932688371823034,0,0,FOLLOWING,1.461232894021915,0.5512560150350192,0
42.752,-0.7712074310102761,-0.42064154896887024,-0.409284517880434,0.6066055956659366,-0.9097174258020968,0.20378692400581244,0.384422545975476,0.20983527961269965,0.3505274546772393,1.4620410219206763,0.06819309486645307,-0.03795897807932369,0,0,FOLLOWING,1.4335288187971142,0.47440632798896754,0
42.784,-0.7651896345995431,-0.42322322495303405,-0.39818730927688634,0.6194447300774608,-0.8978878069375855,0.20212266262576492,0.379304468170444,0.20461273273086372,0.34679140850412143,1.4637345350968047,0.06793338291515293,-0.036265464903195266,0,0,FOLLOWING,1.4401102507399712,0.47507654624188034,0
42.816,-0.7591998392768142,-0.42571279990024746,-0.3872378735755058,0.6323015375559107,-0.8859861046855668,0.2089782685363248,0.38545677982806115,0.20269229972358935,0.34217332018322333,1.4656492066061948,0.06779194841188158,-0.0343507933938052,0,0,FOLLOWING,1.4546023002236699,0.5383629196069903,0
42.848,-0.7529999412304629,-0.4282131414169485,-0.3761006728589692,0.645175760060459,-0.8740132745273388,0.21139747508217846,0.3847014956179092,0.20890349772676303,0.34804113267263853,1.4675261668405108,0.06744657139526677,-0.03247383315948915,0,0,FOLLOWING,1.447934462061779,0.5056725892910617,0
42.88,-0.7466958868403782,-0.4306737353605904,-0.36498563763934483,0.6580671392007325,-0.8619702776544416,0.2273320648020405,0.38017974909152125,0.21146826939579538,0.3473484464960416,1.4694814958776479,0.06709695213535138,-0.03051850412235213,0,0,FOLLOWING,1.4794751682705403,0.5261310380076597,0
42.912,-0.7399110570742942,-0.433238669483826,-0.35397620639110416,0.6709754162420356,-0.8498580808914578,0.2409219547901203,0.3766201515573673,0.22667256128283658,0.3440482112214172,1.4711126314965255,0.06684691304134532,-0.02888736850347451,0,0,FOLLOWING,1.4811038315527254,0.5286797372482301,0
42.944,-0.7326866235229766,-0.43588018026011777,-0.3430674181386869,0.6839003321105154,-0.8376776566184202,0.2665219547901203,0.3616226579403414,0.24038033570816972,0.34090303917763237,1.4724672542636952,0.06668866591602213,-0.02753274573630482,0,0,FOLLOWING,1.5245091070803989,0.539889714850738,0
42.976,-0.7246903485987036,-0.43870918376401924,-0.332510817024794,0.6968416273983745,-0.8254299826927358,0.27995762941643604,0.3583818128836825,0.2650672203551266,0.32989687635118453,1.4731958916268475,0.06689382945427896,-0.026804108373152502,0,0,FOLLOWING,1.4926343762257943,0.5295224549781465,0
43.008,-0.7162270748420982,-0.4416024875100319,-0.3221150651279397,0.7097990423690743,-0.8131160423706858,0.29787945987955006,0.3501364392349832,0.27950069442744896,0.3248702419913518,1.4736257355290634,0.06725655951518983,-0.026374264470936604,0,0,FOLLOWING,1.5154058088378173,0.5387672401642742,0
43.04,-0.7071958010057485,-0.4445871005514921,-0.311942074976614,0.7227723169625484,-0.8007368242284877,0.32003427947815705,0.34336050751739944,0.2972363674819734,0.3179087516024262,1.4736524163048061,0.06784708568930145,-0.026347583695193855,0,0,FOLLOWING,1.5324880362539746,0.5631958285998291,0
43.072,-0.6974673730153895,-0.447694836466137,-0.3019472654273906,0.7357611908004219,-0.7882933220829318,0.32255521996155884,0.3384256968727061,0.319147281918095,0.31234047380269786,1.4731433889957855,0.06863094877581381,-0.026856611004214548,0,0,FOLLOWING,1.4983742272465497,0.5165385370346468,0
43.104,-0.6875967318409627,-0.4507366264370926,-0.2921295233123313,0.7487654031912373,-0.7757865349115969,0.3262040916446547,0.3417337486545136,0.322755296374597,0.30680702087940787,1.4726824593080288,0.06957730079725405,-0.02731754069197123,0,0,FOLLOWING,1.4989843765597375,0.5491313401857156,0
43.136,-0.6775879003370288,-0.4537136326223132,-0.2822107332070348,0.7617846931356869,-0.7632174667726503,0.31731824551873966,0.3488109506560509,0.3263025467578772,0.30996480409550625,1.4722724225475838,0.0704088569081632,-0.027727577452416163,0,0,FOLLOWING,1.4698743952378783,0.5325899921929298,0
43.168,-0.6677801132912776,-0.45651525894264033,-0.2720657997589983,0.7748187993318504,-0.7505871267242422,0.30585866655094857,0.3483343328841457,0.3187310672826518,0.31703196680301704,1.472266920813611,0.07097235072634286,-0.02773307918638901,0,0,FOLLOWING,1.4593476874602045,0.4954397294345081,0
43.2,-0.658292379015757,-0.45911845974442245,-0.26191479499922854,0.7878674601804407,-0.7378965287434965,0.3160976133778463,0.34316807169296343,0.30742816853856497,0.3172216513909214,1.4727849443346523,0.07147950045902446,-0.027215055665347654,0,0,FOLLOWING,1.5020847969623243,0.5343971052475442,0
43.232,-0.6485360923514621,-0.46170140046544234,-0.2519214983256901,0.8009304137900531,-0.725146691645108,0.3212752786292469,0.3357407352275392,0.31538312646854494,0.3122931131709268,1.4732130103521455,0.07213082458589562,-0.02678698964785453,0,0,FOLLOWING,1.495516989485579,0.5134203198248415,0
43.264,-0.6385904114476314,-0.46422903691212725,-0.24214343560212667,0.8140073979824194,-0.7123386389995535,0.31874182708967996,0.33624881735538137,0.32067626442670605,0.30556690197901787,1.4736345444542767,0.0729719079339157,-0.026365455545723337,0,0,FOLLOWING,1.4783094075960033,0.5181504599143527,0
43.296,-0.6286506785610404,-0.4666423165092505,-0.23235304991081365,0.8270981502976826,-0.6994733990509053,0.3177801765029158,0.3338634858762629,0.31963053003255165,0.3059520127542605,1.474250645487755,0.07375721837982982,-0.025749354512244915,0,0,FOLLOWING,1.479584132202575,0.5103457086297433,0
43.328,-0.6187175114973811,-0.4689509553034966,-0.22262425168930125,0.8402024079996367,-0.6865520046343114,0.31617549788662114,0.3393462688122511,0.31867593797006516,0.3040273454668509,1.4750584897471208,0.07456359572506831,-0.024941510252879162,0,0,FOLLOWING,1.4747668436057644,0.5365108740855097,0
43.36,-0.608811856380199,-0.4711518743075915,-0.21273333293467367,0.8533199080810382,-0.6735754930930395,0.33262331162922104,0.35121891823849033,0.31709141514364947,0.309093731893148,1.4760774431203558,0.07516363809830831,-0.023922556879644175,0,0,FOLLOWING,1.51060116283506,0.6150524548137859,0
43.392,-0.5984469580202656,-0.47336100963679584,-0.20245420265756017,0.8664503872688434,-0.6605449061952392,0.35441416628808897,0.3648520111059481,0.33117883724166836,0.3212256401649831,1.47680805908076,0.07536338132282819,-0.02319194091924004,0,0,FOLLOWING,1.5274772204150755,0.6525810061819071,0
43.424,-0.5873929936156378,-0.4756017103126193,-0.19173747627324275,0.8795935820295337,-0.6474612900502668,0.3584186136929296,0.37347613578666994,0.35246421463850164,0.33490091438390573,1.4770190683504214,0.07511761924488324,-0.022980931649578595,0,0,FOLLOWING,1.4970498008061999,0.599826788351921,0
43.456,-0.5761461050250138,-0.477752071544185,-0.1808515987474618,0.8927492285743641,-0.6343256950247432,0.3682515738869315,0.3748026614146122,0.35781878445539517,0.34018708735925984,1.477216572016392,0.07465980107634457,-0.022783427983608107,0,0,FOLLOWING,1.5116328850970353,0.5979538365620405,0
43.488,-0.5645795770622695,-0.4798338898943795,-0.16988762766483737,0.9059170628646982,-0.6211391756581888,0.35978624459737546,0.37745219737059643,0.36725140358139274,0.3426275734787687,1.4772703042508144,0.07408819546320085,-0.022729695749185597,0,0,FOLLOWING,1.4740458307554647,0.5553780072695371,0
43.52,-0.5531686678882474,-0.4817454059725047,-0.15882747563498847,0.919096820617266,-0.6079027905784047,0.33418624459737545,0.37668340924465465,0.3615393936773624,0.34563334105484456,1.4776607710618088,0.07334699528342868,-0.02233922893819118,0,0,FOLLOWING,1.4292346786192502,0.49325664576916817,0
43.552,-0.5424079165278614,-0.48341836196937554,-0.14719554501182483,0.9322882373095106,-0.5946176024164437,0.30858624459737544,0.37556265837024466,0.34028259558278995,0.3635019508893525,1.4788826921763412,0.07193312525424632,-0.021117307823658837,0,0,FOLLOWING,1.413766420594843,0.4800325342373603,0
43.584,-0.5323615865830479,-0.48485644894447066,-0.13519000531149636,0.9454910481848546,-0.5812846777213427,0.311316700414776,0.3912008856190067,0.3171203638380526,0.3751776098751559,1.4809952104566295,0.070033487010512,-0.01900478954337048,0,0,FOLLOWING,1.4636771056129887,0.6133134244804251,0
43.616,-0.5224409149778046,-0.48615820464350173,-0.1237152791788975,0.9587049882580565,-0.5679050868744576,0.3234232513839772,0.39276263145244994,0.31267087107145364,0.35858913285191146,1.4834000604782436,0.06857956980780361,-0.016599939521756424,0,0,FOLLOWING,1.4833669816014037,0.592664713703339,0
43.648,-0.5122192473371668,-0.48739190666475407,-0.11221098920422154,0.9719297923204864,-0.5544799040035734,0.342089984332939,0.3948854335664983,0.32174651133059723,0.35951304752394647,1.485664555444353,0.06703873386535009,-0.014335444555646948,0,0,FOLLOWING,1.5031433326386336,0.6235480189472774,0
43.68,-0.5014290251704274,-0.48857378344934754,-0.10049678941997747,0.9851651949454887,-0.5410102068966326,0.3501958843828169,0.40068486479722387,0.3392149659496708,0.3660729300516225,1.4875187238438352,0.06523855131219371,-0.012481276156164789,0,0,FOLLOWING,1.486254858008336,0.6161838467780422,0
43.712,-0.49032414613664016,-0.48965588417419753,-0.08874732511668768,0.99841093049368,-0.5274970769152387,0.3520147299640307,0.3984299231929167,0.3486657106794185,0.3671749909034462,1.4892159293593221,0.06333444484398751,-0.010784070640677879,0,0,FOLLOWING,1.4757473861183967,0.5751905876583158,0
43.744,-0.4790979843085828,-0.4906148170393315,-0.07726167550674479,1.0116667331182947,-0.5139415989078299,0.3571156336481836,0.39918519725353735,0.3520841836061448,0.3589305092409573,1.4909472094870355,0.06161542492188425,-0.009052790512964481,0,0,FOLLOWING,1.4824042764455514,0.5966301614586983,0
43.776,-0.46770067463041193,-0.49145750920601494,-0.06575487272172038,1.024932336770516,-0.5003448611225885,0.3596957654970954,0.3993735102949092,0.3571278367613613,0.3595915624894415,1.4926594694530606,0.05980079906354311,-0.0073405305469393944,0,0,FOLLOWING,1.4775423695774248,0.589901609097197,0
43.808,-0.45620833101180625,-0.49217505062553735,-0.05424314485733103,1.0382074752048185,-0.48670795512007636,0.3454389318332301,0.3996365850681338,0.3598223491366056,0.35974547823056297,1.4944258064565634,0.05790147816272706,-0.005574193543436579,0,0,FOLLOWING,1.4394553667169767,0.5436103382091197,0
43.84,-0.4450384482774832,-0.4927328951935728,-0.04219201088503004,1.051491881984309,-0.47303197568560196,0.3364436552637413,0.39297495571939534,0.3494719304119707,0.37660250795185585,1.49666000000766,0.05535564757358843,-0.003339999992340026,0,0,FOLLOWING,1.4440918616005982,0.525518166480859,0
43.872,-0.4341425455895398,-0.4931443316369122,-0.030267127462464977,1.0647852904860755,-0.45931802074133055,0.3108436552637413,0.37846062438364325,0.3407216939508747,0.3726570225697114,1.4993094667449849,0.05283030201788459,-0.0006905332550151133,0,0,FOLLOWING,1.3989894353016465,0.437309033227292,0
43.904,-0.4239258683544245,-0.4934028511902014,-0.018162407387321965,1.0780874339065385,-0.4455671912581418,0.2852436552637413,0.37232505785969855,0.3193481227078846,0.37827711311254897,1.5027748369366645,0.049999340420796325,0.002774836936664471,0,0,FOLLOWING,1.3876898657258212,0.45611898418639324,0
43.936,-0.41452826252921243,-0.4935264429118118,-0.006252717303365756,1.0913980452668048,-0.4317805911672425,0.27050879011308915,0.3682857546423427,0.29367597267083223,0.37218222554351527,1.507191625082825,0.04723167145707959,0.007191625082825004,0,0,FOLLOWING,1.4018238256196942,0.48154901789052357,0
43.968,-0.40563373890102833,-0.4935417460825131,0.005477952617155953,1.1047168574180275,-0.4179593272715417,0.2826436741617418,0.35818886375265346,0.2779409080003558,0.3665877070550861,1.5122405978661744,0.044523298742741205,0.012240597866174374,0,0,FOLLOWING,1.4522647852263415,0.5243104537283194,0
44.0,-0.39660814442065556,-0.49345499278750066,0.01579628423358108,1.1180436030467662,-0.40410450915679574,0.29293130130574674,0.3580878918188907,0.28206929907533546,0.3224508054557866,1.5172848859166677,0.04312620782632864,0.01728488591666766,0,0,FOLLOWING,1.4518585104806987,0.5543989147675311,0
44.032000000000004,-0.38726047667165286,-0.4932683184420409,0.026111413234229986,1.1313780146803498,-0.39021724910253197,0.31388433732341187,0.3461121955652568,0.29218233389000775,0.32235069535027083,1.5221308716098965,0.04164225840855926,0.022130871609896463,0,0,FOLLOWING,1.4823929243567906,0.5545023679898706,0
44.064,-0.3772554323969666,-0.4929694757123686,0.03608444159551054,1.144719824692259,-0.37629866199274015,0.3394843373234119,0.3314493051848015,0.31281185636240916,0.31165973442847833,1.526440553040247,0.04042342664006175,0.02644055304024695,0,0,FOLLOWING,1.511833662048576,0.5831906627633775,0
44.096000000000004,-0.36648028788545434,-0.49254240441220515,0.045869967741555905,1.158068765307467,-0.3623498652263986,0.3650843373234119,0.3258741975544963,0.3370010743465671,0.305800118046998,1.5300980075965986,0.03932075194280186,0.03009800759659864,0,0,FOLLOWING,1.5343146995320447,0.637100717757559,0
44.128,-0.3549292282655175,-0.49197242843362726,0.05571847793146968,1.171424568607855,-0.34837197862772706,0.3906843373234119,0.32418796466449135,0.36141870906642315,0.3077684197198642,1.533093931373488,0.03808612240797948,0.03309393137348793,0,0,FOLLOWING,1.5204629970472736,0.6198617186901056,0
44.160000000000004,-0.3425854570653542,-0.49124416651432606,0.06564118439153271,1.1847869665375463,-0.3343661243563299,0.38613409470536997,0.3266752034825466,0.3864184498434877,0.31008713338942184,1.5354078417456138,0.036710960152351195,0.035407841745613844,0,0,FOLLOWING,1.4575326880961335,0.5384995287329192,0
44.192,-0.3302401782125892,-0.49038856785935997,0.07506292114711749,1.1981556909083284,-0.3203334268170638,0.37054707984006674,0.3436092243836274,0.3866992482306174,0.2944315276292123,1.5378272606963372,0.03574512997553743,0.03782726069633724,0,0,FOLLOWING,1.4375094005603075,0.5746068674099983,0
44.224000000000004,-0.3183806141124545,-0.4894527403971876,0.0849696800626529,1.211530473404994,-0.30627501256981376,0.3765051796736748,0.34455428614183337,0.3717352736426064,0.3095887809004039,1.5408380887299034,0.03419401966736285,0.040838088729903355,0,0,FOLLOWING,1.4783393014578396,0.5813397390306725,0
44.256,-0.30637541429236337,-0.4883863974954176,0.09490468204297316,1.2249110455907681,-0.2921920102390073,0.4021051796736748,0.33391960962525624,0.37663085616805353,0.3104713736053274,1.5438038929256306,0.032524956814969655,0.04380389292563058,0,0,FOLLOWING,1.528443025207647,0.6213068926015893,0
44.288000000000004,-0.2935957885369702,-0.48713814355113877,0.10453621001132281,1.238297138912653,-0.2780855504230515,0.42770517967367483,0.3212917111174348,0.4012694689209276,0.30098755844657055,1.5460915004823466,0.03109282607794893,0.04609150048234656,0,0,FOLLOWING,1.5419378632577099,0.6294022252546926,0
44.32,-0.28001802044467894,-0.4856818445912239,0.11384058637207334,1.2516884847068614,-0.26395676560352316,0.4528620415522779,0.3063446612653667,0.42674264751548974,0.29076388438149503,1.5476714213862217,0.029917728951406347,0.04767142138622171,0,0,FOLLOWING,1.548562811564092,0.62486003426451,0
44.352000000000004,-0.26565897472318045,-0.48400835939696557,0.12276509715994485,1.2650848142041657,-0.2498067900542963,0.47794967050261533,0.28930424407613703,0.45175815811324993,0.2788928655433408,1.5485563994967109,0.029056112981546645,0.04855639949671087,0,0,FOLLOWING,1.5632498929740144,0.6355814707775549,0
44.384,-0.25051131937028154,-0.4821077710253836,0.13117920360301463,1.2784858585353347,-0.23563675975043694,0.4997560278328526,0.2813491496611194,0.47707515680566276,0.26294244876284534,1.548735074001436,0.028643760688043446,0.04873507400143606,0,0,FOLLOWING,1.5659828379200345,0.6548689727379701,0
44.416000000000004,-0.23466891828690345,-0.4799866017502131,0.13930185575164733,1.2918913487364874,-0.22144781227705046,0.5108471809527619,0.280908318896175,0.49948819733333644,0.2538343529590646,1.5482985999208212,0.028466557734408177,0.048298599920821195,0,0,FOLLOWING,1.5503238743263594,0.6445076591293089,0
44.448,-0.21847559790037532,-0.47767468975981364,0.14741035227516228,1.3053010157545337,-0.20724108673791042,0.5259925648895812,0.2766213053429591,0.5111595728446862,0.2533920416000912,1.5475882856771146,0.0282366141527505,0.047588285677114595,0,0,FOLLOWING,1.56354568397782,0.6558768197271564,0
44.480000000000004,-0.20182778307052085,-0.4751617906990449,0.15539497562251328,1.3187145904525324,-0.1930177236640547,0.5316119767924208,0.2726036932631731,0.5261275907691706,0.2495208825997812,1.5464974569142251,0.02807326096017085,0.04649745691422513,0,0,FOLLOWING,1.5486519509961463,0.6288887424933769,0
44.512,-0.18501079827171296,-0.47248712600782805,0.16326273446040088,1.3321318036151322,-0.17877886492218056,0.5316216701015908,0.2658456994604356,0.5321192312420612,0.2458688091096601,1.5453110421821041,0.027964773391090412,0.04531104218210413,0,0,FOLLOWING,1.5381244145384037,0.602624315791967,0
44.544000000000004,-0.1682090810136697,-0.46968007205923534,0.1709344155928641,1.3455523859539453,-0.1645256536230052,0.532035252428621,0.25962343143493255,0.5323111827114643,0.23974126689800096,1.54421274375233,0.02798650293600985,0.044212743752330086,0,0,FOLLOWING,1.5377805769010873,0.602907436364039,0
44.576,-0.15142001569984076,-0.4667437150396494,0.17842540090879977,1.3589760681129672,-0.15025923402948155,0.5363855304561815,0.26483982137196627,0.5326050249441687,0.2340944106531777,1.5431975753989966,0.02812369911838294,0.0431975753989966,0,0,FOLLOWING,1.5433392311750809,0.645187169931699,0
44.608000000000004,-0.1345248040907203,-0.4636598428970036,0.18606531461918177,1.3724025806739775,-0.13598075146493843,0.5515537511279446,0.2719116633543042,0.5366856416552543,0.2387484707221758,1.5421425776871331,0.02804997785181751,0.04214257768713314,0,0,FOLLOWING,1.5666891545440358,0.6942210865873921,0
44.64,-0.11719314351867206,-0.4603613354640216,0.19390949617668252,1.3858316541619493,-0.12169135222113284,0.5663794483063589,0.2698181705239375,0.5513314952617641,0.24513193733593688,1.540707921701129,0.027714847281161692,0.040707921701129024,0,0,FOLLOWING,1.5726609991160616,0.68169819361709,0
44.672000000000004,-0.09942149078675405,-0.4568357258146955,0.20169508298676525,1.3992630190504571,-0.10739218346622435,0.5627500157077698,0.26601153250703585,0.5661820431517929,0.24330084469266344,1.5388846770681193,0.027378954722653837,0.03888467706811927,0,0,FOLLOWING,1.5384376717853863,0.6168348540138828,0
44.704,-0.08176514906861808,-0.4531896863649069,0.20937111959567284,1.4126964057670859,-0.09308439315267934,0.5740381143510439,0.2695616604925684,0.5633820234924609,0.23987736221126096,1.5372349075796496,0.02708127564409044,0.037234907579649645,0,0,FOLLOWING,1.566930387269279,0.6882509090838318,0
44.736000000000004,-0.06380523817341285,-0.4493380198776829,0.21714965266130468,1.4261315446988416,-0.07876912992511198,0.562296019907589,0.25935296892836374,0.5740004643060393,0.24308039942762566,1.5353282773258636,0.026618767675849114,0.03532827732586363,0,0,FOLLOWING,1.521670332731098,0.5742948866962517,0
44.768,-0.046212905467714525,-0.4454209816491706,0.22463400619230342,1.439568166197563,-0.06444754302806997,0.5738221054113124,0.2608331777378946,0.563198538108502,0.23388716635655443,1.5338468482392908,0.02637116428334177,0.03384684823929085,0,0,FOLLOWING,1.5648294096870652,0.6814231648853051,0
44.800000000000004,-0.028324469905132967,-0.4412985919818427,0.23216057011357805,1.453006000585333,-0.050120782213771954,0.5726281878670779,0.2597792633081322,0.573660208292461,0.23520623094815282,1.5321096702450676,0.026017796972253867,0.03210967024506761,0,0,FOLLOWING,1.5407259285667663,0.6337811408514337,0
44.832,-0.010488956237423071,-0.43704709256503627,0.23965667623750989,1.466444778159891,-0.03578999764980408,0.5719439404339282,0.26455196501522454,0.5729617460225988,0.23425441994515375,1.5304706831627346,0.02562270170617784,0.030470683162734602,0,0,FOLLOWING,1.5389698273022583,0.6495461399974466,0
44.864000000000004,0.007291999055274196,-0.43266777741299883,0.24728984096875,1.4798842292000447,-0.021456339826786304,0.5657193540767922,0.26912152609943935,0.5722455617309228,0.23853755924459036,1.5289286192247395,0.025016988584186828,0.02892861922473955,0,0,FOLLOWING,1.5242901125367097,0.6290740691320693,0
44.896,0.024851899880157437,-0.4282000994936174,0.2550545426943027,1.4933240839710946,-0.007120959465995453,0.5646358139128156,0.2705858225912121,0.5662112539188555,0.24264815173412185,1.5276512028651072,0.02419909226257544,0.02765120286510725,0,0,FOLLOWING,1.531326952468494,0.6378474268470947,0
44.928000000000004,0.04233421038812745,-0.42360709655553025,0.26286193827687054,1.50676407273022,0.007214992572984561,0.5748543692034561,0.26827410873857915,0.5648492993197869,0.24398235246451275,1.5264869780644506,0.023257017035911872,0.02648697806445055,0,0,FOLLOWING,1.5549030559457915,0.6719324056186524,0
44.96,0.06007931036113433,-0.41879711441165557,0.2706040364588399,1.5202039257319329,0.021550365384697637,0.5660174290149119,0.26996723041942006,0.5745420050390389,0.24194177692999863,1.5250802586666452,0.022303613246719034,0.025080258666645205,0,0,FOLLOWING,1.5159990446260614,0.6152449051120732,0
44.992000000000004,0.07754029972423006,-0.4139178671295485,0.2783948105626431,1.5336433732334473,0.03588400811016591,0.5555823244097057,0.2732973124439702,0.5665409278425068,0.24346292499270958,1.5239940576170736,0.021214284418910434,0.023994057617073627,0,0,FOLLOWING,1.5061382559403806,0.6081942557962681,0
45.024,0.09464325256195924,-0.4089937972572059,0.2862810143162138,1.5470821455001382,0.05021477002932743,0.5516265563580146,0.2639511197370492,0.5561582517904956,0.24644514404239057,1.523302742723466,0.019938182596807963,0.023302742723465997,0,0,FOLLOWING,1.5156032313391334,0.5954006588205515,0
45.056,0.11157404051738283,-0.40397389551026425,0.29389844284854383,1.5605199728109114,0.06454150065337169,0.5516517164277461,0.24990648567461946,0.5518416705482221,0.23804579286978095,1.522810228213723,0.018839570412404194,0.022810228213723027,0,0,FOLLOWING,1.5230198384158045,0.5965231694525901,0
45.088,0.12845991414122115,-0.39882732027415446,0.30111126688995554,1.5739565854636566,0.07886304981714473,0.5545196779441107,0.235420936963567,0.5516425261229039,0.2254017325487611,1.5223825788816039,0.018058259696041024,0.022382578881603887,0,0,FOLLOWING,1.528997034171891,0.6031840574157579,0
45.12,0.14539215146457,-0.39353395100600747,0.3079062131955165,1.5873917137806313,0.09317826777145438,0.5667133117931058,0.21899622066456106,0.5543832974887566,0.21234289431669892,1.5219236254250712,0.017612905012681476,0.021923625425071203,0,0,FOLLOWING,1.5508269080988322,0.635797590541256,0
45.152,0.16264870668904124,-0.3880125141104835,0.3142275195239972,1.6008250881138875,0.10748600527538753,0.5685236058609641,0.2034699302446984,0.5662033542216666,0.1975414791359222,1.5211410476355753,0.017568206101881756,0.02114104763557534,0,0,FOLLOWING,1.5333646950296276,0.5991225471064034,0
45.184,0.17994136730034718,-0.3823606852000172,0.3201002960153047,1.6142564388506795,0.12178511368856955,0.5598639600661537,0.19261057494671166,0.5685220622292426,0.18352478431312913,1.520336380875445,0.017900304062505534,0.020336380875445093,0,0,FOLLOWING,1.5098939697797542,0.5614093717401142,0
45.216,0.19695321327522164,-0.37669143943881594,0.32565805868187564,1.627685496418874,0.1360744450633756,0.5571546257462009,0.19034641771322805,0.5603507572241357,0.17368052557089955,1.5198433203257378,0.018475064121873663,0.019843320325737768,0,0,FOLLOWING,1.5169100796704853,0.5923601973380502,0
45.248,0.2138426889034611,-0.37096067488522483,0.33114859947386943,1.641111991292373,0.15035285223710315,0.5559009571159548,0.1865545074714184,0.5573442324566429,0.17157983424648895,1.5194951316481582,0.019048958106281766,0.019495131648158193,0,0,FOLLOWING,1.5181941834312784,0.5923572181219035,0
45.28,0.23065957945937784,-0.3651531941767462,0.33652934138021107,1.6545356539964933,0.1646191889240364,0.5390709343187474,0.192057756027015,0.5559767427291598,0.16814859618995268,1.5192372604486462,0.01966442246894295,0.019237260448646154,0,0,FOLLOWING,1.4808083667940146,0.5482186952373327,0
45.312,0.24695682908809474,-0.3594273001661503,0.3420679286974932,1.6679562151134164,0.17887230980751362,0.5258513686860348,0.1987677893886814,0.5397907561918318,0.1730813103166505,1.5195412877517147,0.020045490912443176,0.01954128775171471,0,0,FOLLOWING,1.4791597852806226,0.5551762828959893,0
45.344,0.26281692576535515,-0.35375627187665404,0.34779992587617364,1.6813734052875526,0.19311107063182922,0.5105416148082147,0.21322990933714675,0.5263456311459529,0.17912542916507432,1.5203178535742785,0.020152779581727676,0.02031785357427851,0,0,FOLLOWING,1.4657469020827323,0.5607227993989513,0
45.376,0.27818344466939765,-0.34816157140464604,0.3539490650379996,1.6947869552309889,0.20733432829414108,0.512891948891579,0.21375755998108956,0.5110267450987724,0.19216123564404314,1.5216245268520054,0.019756408993072794,0.021624526852005443,0,0,FOLLOWING,1.4978857359458173,0.5884395677552916,0
45.408,0.2935603863659525,-0.3424554083215592,0.36011559013609173,1.7081965957288523,0.22154094093619478,0.5230082047598208,0.2213505117319977,0.5125495271198854,0.19270454704787743,1.5229207093006214,0.019257940782403175,0.0229207093006214,0,0,FOLLOWING,1.515269194806423,0.6371610137049774,0
45.44,0.30919480894255297,-0.33654668068329646,0.36650308714145063,1.721602057644755,0.23572976803603837,0.5297741767344617,0.2123243828334002,0.5223096823870493,0.19960997837746783,1.5239404745413574,0.0184591611676983,0.023940474541357393,0,0,FOLLOWING,1.513746514866819,0.5980633639156939,0
45.472,0.32500034046069076,-0.33045671539929367,0.3726333043600616,1.7350030719261533,0.2498996704995396,0.5428715034072918,0.21729184564472429,0.5293209594899784,0.191569889249377,1.5247692407028748,0.017832454966277,0.024769240702874784,0,0,FOLLOWING,1.529485147405738,0.6539490124439263,0
45.504,0.34115336935554635,-0.32411869506832675,0.3789078603888367,1.748399369609791,0.2640495107518787,0.5370767968254795,0.22512491212879915,0.5422538737208118,0.19608051866955406,1.5252157695124087,0.01698214408169607,0.02521576951240867,0,0,FOLLOWING,1.4921927749768786,0.5960716750619857,0
45.536,0.35712100882804376,-0.3177333981360182,0.3854083942763017,1.761790681827054,0.27817815282882896,0.5349231921624379,0.22582707287773002,0.5373951245669643,0.20314240197720693,1.5258464755067842,0.015815025258112795,0.025846475506784206,0,0,FOLLOWING,1.497076234701782,0.5921098090586198,0
45.568,0.3729786529884344,-0.3112710350545653,0.3919299246142913,1.7751767398094094,0.29228446246799833,0.5396600312834202,0.22239533486345606,0.5351118121441554,0.2037985459407523,1.52657745079446,0.014535414357840892,0.026577450794460056,0,0,FOLLOWING,1.511437000252206,0.6100927384305899,0
45.6,0.38892381256791875,-0.3046509684393568,0.39835321001334145,1.7885572748937582,0.306367307199844,0.5546739159713295,0.20808115165566654,0.5395221897279378,0.20072835935413047,1.527192575292101,0.013264549911393586,0.02719257529210095,0,0,FOLLOWING,1.537503318944927,0.6356579265674589,0
45.632,0.4052559913692962,-0.2977509130651502,0.4043658097712095,1.8019320185278687,0.32042555643863335,0.5645868622202062,0.1904312204998075,0.5540660126768745,0.1878943080351162,1.5273657297083811,0.012321845778996199,0.027365729708381137,0,0,FOLLOWING,1.5341218753204755,0.6178864298148433,0
45.664,0.42184675803233873,-0.2906248210253627,0.4098694906896057,1.8153007022757246,0.3344580815731637,0.5675879674257752,0.19763398003242336,0.5642644371505025,0.17199046306354088,1.5272336199312952,0.01180731545540098,0.02723361993129525,0,0,FOLLOWING,1.5202968921021296,0.6343717694485435,0
45.696,0.4384976259458919,-0.2833616893503412,0.4155779774228152,1.8286630578229524,0.3484637560574104,0.5628373727877668,0.20249341698947002,0.5676821396256952,0.17839069255973483,1.5270112381546632,0.011009015891204177,0.02701123815466322,0,0,FOLLOWING,1.503280031025191,0.6018841308078495,0
45.728,0.4549783731634542,-0.27606086892485837,0.4214256297773402,1.842018816982177,0.36244145550093626,0.5643751732539071,0.18878975801203368,0.5632824800656487,0.18273965810361667,1.5269467610516032,0.009989011485819932,0.026946761051603207,0,0,FOLLOWING,1.5163521417958175,0.5920916302583683,0
45.76,0.47145188995990883,-0.2686482206264573,0.4268787203673657,1.8553677116984182,0.376390057759173,0.5539918253191861,0.1669357370742092,0.5645075247978681,0.1704095040113388,1.5268586647888767,0.009280109421272997,0.026858664788876663,0,0,FOLLOWING,1.4920571355748409,0.5308079536579349,0
45.792,0.4875962301157584,-0.2612776696033339,0.43170160640585886,1.8687094740544679,0.3903084430235053,0.5488791429086686,0.14428479855824308,0.5545879155816686,0.1507154792542989,1.5271012588401143,0.009118891216467528,0.027101258840114273,0,0,FOLLOWING,1.4988457455580302,0.5411370838916506,0
45.824,0.5035482671293582,-0.253903362159374,0.43586970897702865,1.8820438362762664,0.4041954939111702,0.5392512890069365,0.12177588876604636,0.5491824696364256,0.13025339634224004,1.5275287684750876,0.009537985925482495,0.02752876847508756,0,0,FOLLOWING,1.486438533505136,0.5147664744932122,0
45.856,0.5191945166688691,-0.24659322160302355,0.439386893550352,1.8953705307382778,0.4180500955549617,0.545728520788276,0.11477091349559626,0.5396701978924088,0.10991214576571168,1.5282706438136984,0.01053917585473313,0.02827064381369837,0,0,FOLLOWING,1.5153531908965097,0.5876150827480041,0
45.888,0.5349817757224548,-0.2391532859383898,0.4426988462927705,1.9086892899688612,0.43187113569273383,0.569712882272179,0.11167163285328227,0.5453961539368027,0.10349863826688353,1.528838156615155,0.011687880254685923,0.028838156615154986,0,0,FOLLOWING,1.557022871128841,0.6699417358696796,0
45.92,0.5514172533231433,-0.2313480011864229,0.4459214832246758,1.921999846655638,0.44565750475669363,0.5947391637127689,0.1201203756503085,0.5686029218274662,0.100707478854399,1.5286703700351238,0.01287807893882098,0.02867037003512385,0,0,FOLLOWING,1.569155405189868,0.705633515867949,0
45.952,0.5685535744314184,-0.22314449096024142,0.4493872552934472,1.9353019336508586,0.4594080959624792,0.6203391637127689,0.11802810590436272,0.5937256473668701,0.10830544201910311,1.527703868995536,0.013779334523974562,0.027703868995536007,0,0,FOLLOWING,1.6090303893144609,0.7631932579659039,0
45.984,0.5864043042910386,-0.21452387755722277,0.45279458581290144,1.9485952839767622,0.473121805398013,0.6425469313153905,0.11351048681781074,0.6194911040153033,0.10647914126051215,1.525916396931406,0.014692476798853715,0.025916396931406016,0,0,FOLLOWING,1.567601557286642,0.6730436340240027,0
46.016,0.6048736342991006,-0.20552704797397212,0.4560731378286826,1.9618796308309372,0.48679753211212495,0.6305897186271594,0.11894066048795833,0.6420095566720903,0.10245480843809884,1.5234101873148786,0.0156895109636917,0.02341018731487865,0,0,FOLLOWING,1.5214307715984425,0.59957876006029,0
46.048,0.6230155746651268,-0.19661439157818897,0.4595078479707202,1.9751547075916713,0.5004341782029358,0.6282824459477644,0.11523840991605362,0.631634394602033,0.10733478412077095,1.521235334662346,0.016474911572299855,0.02123533466234595,0,0,FOLLOWING,1.5370102348450896,0.6199772728671932,0
46.08,0.6410466272152722,-0.187678984609041,0.46283675702904126,1.9884202478233175,0.514030648906011,0.6127784223570365,0.1186495285063458,0.6288504267097262,0.1040284940557824,1.5191484730855842,0.017310564004558826,0.019148473085584206,0,0,FOLLOWING,1.505048731585619,0.5719990150657265,0
46.112,0.6586160021287167,-0.178898583867174,0.46626455692836843,2.0016759852816124,0.52758585268222,0.5970732088861287,0.12543256480549186,0.6137681247702836,0.10711884504352616,1.5175408981089016,0.017986396674079308,0.01754089810890158,0,0,FOLLOWING,1.4957155181005588,0.5663645263833774,0
46.144,0.6757021347121058,-0.17028564409861643,0.46988791616721776,2.0149216539190578,0.5410987013054065,0.5861424365076875,0.13915812638569175,0.5979262753868111,0.11323009921238324,1.5164354940157558,0.018401761232974212,0.016435494015755836,0,0,FOLLOWING,1.496953264339572,0.5890834346445107,0
46.176,0.6924342364859053,-0.16177410846132245,0.47390704797032496,2.02815698789022,0.5545681099497094,0.5912570211874436,0.13554591908856375,0.586630749559649,0.12559804004324465,1.5156851396306394,0.018353694655497077,0.015685139630639444,0,0,FOLLOWING,1.5277493029911404,0.6224362023900927,0
46.208,0.7092541598428863,-0.15313145711333648,0.4778245620821493,2.0413817215571073,0.5679929972766965,0.6084683695657099,0.13130012569492816,0.590954529118654,0.12242247178895772,1.51478853949916,0.01834008946432758,0.014788539499160036,0,0,FOLLOWING,1.5570178741081389,0.6763338849571605,0
46.24,0.7265138778116365,-0.1441767152548727,0.481621285397008,2.054595589494458,0.5813722855221333,0.6048391688138838,0.13479436319308413,0.607650567468867,0.11864774614400181,1.5133480714742678,0.018387212942005293,0.013348071474267753,0,0,FOLLOWING,1.5180617895400015,0.6107797920974184,0
46.272,0.7436649770778815,-0.1351950075744336,0.4855184273597276,2.0677983264951116,0.594704900582549,0.5902678832910768,0.13067794916206074,0.6050115823851274,0.12178584125742326,1.5119798288887534,0.018267404077899063,0.011979828888753374,0,0,FOLLOWING,1.4918978125626152,0.5521562315629719,0
46.304,0.7603830562963219,-0.12635598967005165,0.4892967834697195,2.080989667575288,0.6079897721014249,0.5780076944774668,0.13923403581109461,0.5909508176631333,0.11807376830671656,1.5110478217400816,0.018192459860645438,0.011047821740081565,0,0,FOLLOWING,1.488232935585249,0.5702772656880613,0
46.336,0.7767161631849,-0.11764098260051549,0.49332018404569705,2.094169347979949,0.6212258335551653,0.5524076944774668,0.13947550821399426,0.5785112448648471,0.12573143798154254,1.5104989460912077,0.017799503848809295,0.010498946091207717,0,0,FOLLOWING,1.4502985416735592,0.4905737294354651,0
46.368,0.7923355149833434,-0.10922453049336679,0.49752734492540757,2.1073371031880677,0.6344120223386773,0.5268076944774669,0.13336558947535437,0.5544372984079509,0.13147396552266152,1.5107033129270857,0.017139943304465055,0.010703312927085706,0,0,FOLLOWING,1.426189159492085,0.44076422775976387,0
46.4,0.8072336594730235,-0.1011143446980252,0.5017769333310732,2.1204926689179833,0.6475472798507205,0.5045268708101781,0.1220460587001377,0.5300643057181266,0.1327998329269147,1.5116690953910263,0.016351359146312364,0.01166909539102634,0,0,FOLLOWING,1.446803084152467,0.4775629882263436,0
46.432,0.8214591750617809,-0.09329050890848849,0.5056640646485119,2.1336357811326603,0.6606305515788495,0.5052079776275521,0.11794430888688172,0.5073341282202367,0.12147301530713847,1.513342132819292,0.015837687109372056,0.013342132819291974,0,0,FOLLOWING,1.4749456374764849,0.5415794411278366,0
46.464,0.8355819619371527,-0.08545232908487464,0.5090722862976046,2.1467661760450287,0.6736607871841117,0.5204198222399503,0.13046896873891595,0.5047601364409483,0.10650707875751037,1.515076488701907,0.01572717879170971,0.015076488701907031,0,0,FOLLOWING,1.5062362796927546,0.6256989478454257,0
46.496,0.850083588744909,-0.07734099675588808,0.5128404037639954,2.159883590123248,0.6866369405853402,0.5244638953239666,0.13600612022722836,0.5192689495686711,0.1177538628181805,1.5163239536309034,0.0151929934750088,0.016323953630903443,0,0,FOLLOWING,1.4888826722178117,0.5811083318665312,0
46.528,0.864685370038862,-0.06910183365468192,0.5167682282601612,2.172987760096011,0.6995579700431472,0.5258774910414069,0.13679250937389714,0.5239422641835096,0.1227446854198925,1.5173967963753034,0.014427658890757145,0.017396796375303447,0,0,FOLLOWING,1.4854683677341676,0.5672629703944303,0
46.56,0.8793012479916277,-0.060778836335074735,0.520719456813513,2.1860784229578254,0.7124228382435543,0.5371087329849645,0.14113826355301465,0.5256125807579854,0.12347605554257814,1.5183897439668885,0.01356433146215752,0.018389743966888528,0,0,FOLLOWING,1.5077452166676757,0.6146323684787484,0
46.592,0.8941860658282714,-0.05222491762858251,0.5247970934293251,2.1991553159742905,0.7252305123812681,0.5439066863714856,0.15196185321493003,0.5364969986988661,0.12742632188027064,1.5190068102146432,0.012502857588971628,0.019006810214643233,0,0,FOLLOWING,1.5025432396926075,0.6154206064347718,0
46.624,0.9092316872520959,-0.04349647113113854,0.5291869335414708,2.2122181766873705,0.7379799642425955,0.5499330289968304,0.15588823681268593,0.5435703165314463,0.13718272414336855,1.519368030035942,0.011054530041549215,0.019368030035942008,0,0,FOLLOWING,1.50392359826158,0.6074990260449353,0
46.656,0.9244082331425715,-0.034602119268068214,0.5336914224024436,2.225266742920666,0.7506701702879895,0.5485738033752743,0.16048644695132078,0.5497139112912669,0.14076551916767144,1.519501704904176,0.00941267917300348,0.01950170490417591,0,0,FOLLOWING,1.4903176016600772,0.5837090145544975,0
46.688,0.9395168795778717,-0.02565461955890776,0.5383290516814055,2.23830075278467,0.7633001117342204,0.5605578318769578,0.15968117337932242,0.5487219002654814,0.14492618104559646,1.5196345341337387,0.007555152078214001,0.019634534133738724,0,0,FOLLOWING,1.5193253825215953,0.6307720213254332,0
46.72,0.9548970541755784,-0.0164496425879884,0.5429454615653444,2.2513199446820287,0.7758687746361643,0.5480367219727589,0.15506559152327726,0.5601392786245281,0.14426307223234766,1.5193685482139236,0.005637628152420304,0.019368548213923642,0,0,FOLLOWING,1.4708379854588853,0.5314651319888337,0
46.752,0.9699210012171259,-0.0073612457892716955,0.5474290834672632,2.2643240573127903,0.7883751499682043,0.551640658045688,0.14567071035432377,0.5487031733534018,0.14011342744984903,1.5194326846434807,0.003766655192165569,0.01943268464348069,0,0,FOLLOWING,1.501043298821187,0.5838611184886054,0
46.784,0.9849825193137655,0.0018415636879452204,0.551640875557462,2.2773128296796497,0.8008182337052354,0.5573218088380997,0.14029564666681715,0.5515774337555188,0.13161869843306173,1.5193687341532012,0.002086111800598145,0.019368734153201173,0,0,FOLLOWING,1.5072116602028887,0.5983364456597478,0
46.816,1.000156519601008,0.011200200973233087,0.5556972147207984,2.2902860010931847,0.8131970269032696,0.5454322969836274,0.1395654001069207,0.5571233250534897,0.12676077259987845,1.519089525938852,0.0004826822972214817,0.019089525938851937,0,0,FOLLOWING,1.4702867545845735,0.5331715201757478,0
46.848,1.0149908066999924,0.020433544757803908,0.5597318255627668,2.3032433111770922,0.8255105357796313,0.5233414232762893,0.1369302274671102,0.5460227720522335,0.1260817600293722,1.5191258923355497,-0.0011776275130670477,0.019125892335549732,0,0,FOLLOWING,1.4413774429904342,0.4785486397850469,0
46.88,1.0291997307126957,0.029357898054057932,0.5636897966082449,2.3161844998734082,0.8377577717927371,0.5230859749515955,0.12783967671725371,0.5243264403916691,0.1236867575198325,1.519815828287219,-0.00283944448871154,0.01981582828721895,0,0,FOLLOWING,1.4799765347355196,0.5465367220317942,0
46.912,1.0433372974274615,0.03831428422172686,0.5673836711031143,2.329109307447741,0.8499377517214701,0.5349511798134162,0.12220423128135455,0.5229945141399812,0.11543372061444261,1.5205072557366823,-0.004313779147031238,0.020507255736682328,0,0,FOLLOWING,1.506874330606715,0.6001419127971559,0
46.944,1.0577465411069147,0.04751474727193378,0.5709152935552626,2.3420174744944564,0.8620494977440855,0.5420067084885497,0.112869162689747,0.5342622896820962,0.11036332690891015,1.5207954136144801,-0.005699751663218011,0.02079541361448012,0,0,FOLLOWING,1.5024571786685692,0.5837281657017828,0
46.976,1.0723213551991442,0.05689231475477634,0.5741774967948831,2.354908741941922,0.8740920375167482,0.5604679426730846,0.10615192674220078,0.5415999762997759,0.10194394281623781,1.520804323874019,-0.0068892333952549345,0.020804323874018982,0,0,FOLLOWING,1.5311733773035179,0.638524606999925,0
47.008,1.0873514410688183,0.06663021057705128,0.5772469710985864,2.367782851057666,0.8860644042515562,0.5820234298768864,0.10188455992925388,0.5596674177346741,0.0959211389839132,1.5201897886280564,-0.007956999805857845,0.020189788628056426,0,0,FOLLOWING,1.5468555472910956,0.6662006497289743,0
47.04,1.1029295984896201,0.07678939107424505,0.5801935808430652,2.380639543453612,0.8979656367941914,0.5903230078233718,0.08994777879735318,0.5812028464515785,0.09208160198146048,1.518839402305126,-0.008971695749744102,0.01883940230512593,0,0,FOLLOWING,1.5286481864114445,0.6191929903610035,0
47.072,1.1187194993908562,0.08715234976403281,0.5827949875174181,2.3934785610912206,0.9097947797010465,0.5851859015279297,0.07250590158099554,0.5902137333756722,0.08129398669042721,1.5171523433458711,-0.009708529310745173,0.017152343345871124,0,0,FOLLOWING,1.5033501447147486,0.563896162462703,0
47.104,1.1343630815810795,0.09747721194720671,0.5848931888238331,2.406299646286715,0.9215508833159647,0.5623251281073384,0.05802078701450597,0.5857283880741251,0.06556879335177236,1.5155593160540952,-0.010003427854361258,0.015559316054095218,0,0,FOLLOWING,1.4607444298261585,0.48244119118280043,0
47.136,1.1493948606929216,0.10744283987064261,0.5865736414362082,2.4191025417162066,0.9332330038464429,0.542724040941456,0.05022332825022562,0.5635763574294101,0.05251414115155412,1.514624372631283,-0.009932614627870318,0.014624372631282911,0,0,FOLLOWING,1.4561263064197074,0.4815165485436513,0
47.168,1.1638800993623921,0.11707924952518502,0.5880269671920645,2.431886990420902,0.9448402034394372,0.5335988391949272,0.04879568109966393,0.5436628803717849,0.04541645208289538,1.5142752961720338,-0.009682550203472196,0.014275296172033825,0,0,FOLLOWING,1.4695828203776182,0.516033094286255,0
47.2,1.1780920363784975,0.1265614050844961,0.5894369735685469,2.4446527358122228,0.9563715502566178,0.5452985046127995,0.04140609467859156,0.533894265749162,0.044062743218590876,1.5141865414738782,-0.00943722963498883,0.014186541473878211,0,0,FOLLOWING,1.5123916733541058,0.596042082236144,0
47.232,1.192575816518441,0.13625295235256504,0.5906347832558426,2.4573995216769897,0.9678261185492144,0.5537942604401936,0.03571761468154932,0.5446113595211343,0.03743158387490482,1.513701732795903,-0.009031938433214592,0.013701732795903032,0,0,FOLLOWING,1.5109271439195344,0.5904911321951891,0
47.264,1.2072792759063553,0.14611577280519186,0.5916692288254058,2.4701270921825302,0.9792029887323003,0.552608289885601,0.026400906705192954,0.5532903642565055,0.0323264344466997,1.5128843037108568,-0.008512664692308602,0.012884303710856804,0,0,FOLLOWING,1.4941185664207843,0.5531880387661142,0
47.296,1.221955368051642,0.1559813327551558,0.5924359690185358,2.482835191881848,0.9905012474586515,0.5563850095264837,0.024984431206203087,0.5526186122856052,0.023960632340148336,1.5120322146630412,-0.00777175625546056,0.012032214663041163,0,0,FOLLOWING,1.5037593226796349,0.5756050496177001,0
47.328,1.236719946786842,0.16592185482843602,0.5931621011941077,2.4955235657187225,1.0017199876920462,0.5589007067456521,0.030354106373875922,0.5562237048265578,0.022691629438518247,1.511007964881157,-0.007034096390667655,0.011007964881156962,0,0,FOLLOWING,1.5024808352634853,0.5774095245424492,0
47.36,1.25154622262834,0.17591890673834218,0.5940434412930805,2.5081919590328416,1.0128583087800942,0.5668485459199019,0.04224365594246137,0.5588084139839808,0.02754187492863399,1.5098430612198135,-0.006495163627860069,0.009843061219813487,0,0,FOLLOWING,1.5152754516603988,0.6090660686226561,0
47.392,1.266568851341387,0.18606757894122603,0.5952683937058693,2.52084011756491,1.0239153165265389,0.5741511046254683,0.05135149144040144,0.5665487336952522,0.038279760645883606,1.5083717183276764,-0.00634629574397072,0.008371718327676358,0,0,FOLLOWING,1.517702567041386,0.6110235106054885,0
47.424,1.2817739086713327,0.19636745298317113,0.5967577999753828,2.533467787461751,1.0348901232630465,0.5917426287184705,0.05377418598805051,0.5739168030057604,0.04654394969153402,1.5066047374061635,-0.006512937935418184,0.006604737406163519,0,0,FOLLOWING,1.5442817863212426,0.6557605952536664,0
47.456,1.297418158513543,0.2070001847542954,0.5983194506612992,2.5460747152814016,1.0457818479204668,0.6069536331240294,0.06172864193427409,0.5911214613237544,0.048801593534608875,1.5042266701608416,-0.006807732694078194,0.00422667016084155,0,0,FOLLOWING,1.5469800648192784,0.663170614984043,0
47.488,1.3134522514579554,0.21793582958824306,0.6001119116489759,2.5586606479982024,1.0565896160995674,0.6240900214410597,0.07101381889918676,0.6065154086415135,0.056014425700762434,1.5012941498734067,-0.007390170076748026,0.0012941498734067025,0,0,FOLLOWING,1.5580735983866165,0.6846860525068255,0
47.52,1.3299188777426003,0.22921117205260497,0.602173604469062,2.5712253330078703,1.067312560141231,0.6372419391218526,0.072863025935739,0.6236641289055886,0.06442794221414237,1.4977501969952505,-0.008302450343018797,-0.0022498030047495288,0,0,FOLLOWING,1.5574343259085495,0.6747842193672324,0
47.552,1.346714861319841,0.24076457351330083,0.60429047787072,2.5837685181325747,1.0779498191961128,0.6502959369480793,0.06837926288671525,0.637062607835712,0.0661523569874559,1.4937137896607726,-0.009334462177368441,-0.006286210339227383,0,0,FOLLOWING,1.5635903942341067,0.6803135526720798,0
47.584,1.3638309072976573,0.2525928532671875,0.6062792910851831,2.5962899516259927,1.0885005392937492,0.6465773214970949,0.0626404184736534,0.6501720989100401,0.06215047643542231,1.4891933909015964,-0.010304527375559092,-0.010806609098403586,0,0,FOLLOWING,1.5325124833035129,0.6171360711875247,0
47.616,1.3808449548381725,0.26440143982706765,0.6081021940738247,2.608789382178366,1.0989638734111165,0.6434744773619825,0.06819027782200908,0.6471878832414755,0.0569657663557996,1.4847026544684179,-0.011170476114354956,-0.01529734553158213,0,0,FOLLOWING,1.5307534066874244,0.6246091645701446,0
47.648,1.3977538825694367,0.276182721864298,0.6100831192930513,2.621266558921542,1.1093389815406283,0.6488509257952447,0.07738525885946068,0.6440050864710043,0.06190394703655929,1.4802474868183846,-0.012254170055197688,-0.019752513181615416,0,0,FOLLOWING,1.5471121849153724,0.6629046352618158,0
47.68,1.4147682147197496,0.2880873688119945,0.6123279782493983,2.6337212314340173,1.1196250307575817,0.6510474704169879,0.08036899565938191,0.6489210721881074,0.07015188550113075,1.4755681414935562,-0.013666445312781383,-0.024431858506443804,0,0,FOLLOWING,1.5421475218260796,0.6486246000157267,0
47.712,1.4318154501644258,0.3000723981095972,0.614658820797243,2.646153149745941,1.129821195287005,0.6332917315027463,0.07498135521141948,0.6512036116368314,0.0728388822287836,1.4707478081038508,-0.01523363622886198,-0.02925219189614925,0,0,FOLLOWING,1.4988994986887088,0.5591707536382138,0
47.744,1.448392190687747,0.3117851737752438,0.616834086699008,2.658562064344168,1.1399266565699802,0.6159939044687872,0.07931998845097275,0.6342693023962275,0.06797709784286902,1.466400163199344,-0.016710417014496937,-0.033599836800656036,0,0,FOLLOWING,1.490225684502117,0.5558002661133236,0
47.776,1.4644884311191895,0.32321125053695215,0.6191327802920925,2.670947726177225,1.1499406033293258,0.60426824109321,0.07974243690900215,0.6168397889227448,0.07183420451617598,1.4625407527315022,-0.018373130727761037,-0.03745924726849781,0,0,FOLLOWING,1.493736324224311,0.5638767422963773,0
47.808,1.4802422607373011,0.3344489915138443,0.6214430782987047,2.6833098866603504,1.1598622316347604,0.5952943075379619,0.06603970162869012,0.604716586880564,0.07219683861760443,1.4589992219021337,-0.02011349246375005,-0.041000778097866286,0,0,FOLLOWING,1.4946944160215727,0.5594385602097547,0
47.84,1.4957306007482079,0.3455515324576933,0.6233585529732422,2.6956482976804432,1.16969074496741,0.5755454104469847,0.05729234392940856,0.5955150424628393,0.0598585966937556,1.4556812566655162,-0.02152645618601501,-0.04431874333448382,0,0,FOLLOWING,1.4657318277540168,0.5066569751966681,0
47.872,1.5106954540108881,0.35632182726976347,0.6250203577427904,2.707962711601083,1.1794253542837854,0.568224081869821,0.044031587861441686,0.5761640605355813,0.05193142065753781,1.4529102870722848,-0.022743057587958138,-0.047089712927715244,0,0,FOLLOWING,1.4841698183360477,0.5447705702372755,0
47.904,1.5254369813245499,0.36696750828443064,0.6262989977118762,2.7202528812674607,1.1890652780790958,0.5628185531745336,0.02052443546927189,0.5682370191108812,0.03995753005766145,1.4503205776164627,-0.023635608678901354,-0.049679422383537286,0,0,FOLLOWING,1.4857234758844906,0.5491521531604586,0
47.936,1.5400221030475303,0.3775270088927346,0.6268993926619306,2.732518560011377,1.1986097424500197,0.5589540592649171,0.014560652549100439,0.5627008587505276,0.018762380499282104,1.4478344709314084,-0.023905486673369003,-0.05216552906859162,0,0,FOLLOWING,1.484675819018848,0.5485560256412658,0
47.968,1.5545005124733222,0.38802003709825705,0.627325572502506,2.744759501656155,1.208057981156806,0.5475133058028981,0.00595320073606409,0.5587825956723412,0.013318174906039808,1.4453991459200157,-0.024049142139054513,-0.05460085407998427,0,0,FOLLOWING,1.4670255937881578,0.5138521390886176,0
48.0,1.5686883192966254,0.39830945739912565,0.6275027924959363,2.7569754605216206,1.2174092356848156,0.5635897065278817,0.0001368447988271034,0.5476890887075397,0.0055381780486306485,1.443243145415331,-0.02398651796324358,-0.05675685458466906,0,0,FOLLOWING,1.5225984086003679,0.6247840746441733,0
