t,x,y,yaw,hx,hy,v,w,actual_v,actual_w,distance,bearing,error,stale,close,state,estimate_distance,estimate_speed,rejected_measurements
0.032,-1.1117249775614982e-19,-9.054995751677783e-06,9.717913460352276e-19,1.5,0.0,0.0,0.0,-3.474412961142314e-18,3.0368479600451785e-17,1.500000000027331,6.036663834377556e-06,2.7331026331012254e-11,1,0,LOST — STOP,,0.0,0
0.064,-2.932573915849104e-20,-7.563411368060656e-06,5.10433405822652e-18,1.5134399550423492,0.014335808181267047,0.0,0.0,2.5579170022872998e-18,1.2914195976783585e-16,1.51350792195721,0.009477047390202642,0.013507921957210067,1,0,LOST — STOP,,0.0,0
0.096,2.960524749552055e-20,-6.063949966960457e-06,7.310333036713637e-18,1.5268796403398757,0.02867046546861567,0.0,0.0,1.5839186846817568e-18,6.89380792676862e-17,1.527148905452223,0.01877892511930978,0.027148905452222927,1,0,LOST — STOP,,0.0,0
0.128,6.597580762132435e-19,-4.854681971972842e-06,7.46828882081122e-18,1.540318786153171,0.043002821060522445,0.0,0.0,1.9176553481591263e-17,4.938090693770649e-18,1.5409190839071174,0.0279140299534773,0.040919083907117404,1,0,LOST — STOP,,0.0,0
0.16,7.432022582327602e-19,-3.887547762612825e-06,4.76674164942385e-18,1.5537571227536544,0.057331724340246484,0.0018371368393103743,-0.0016702555177806064,1.833782123895357e-18,-8.441979852647504e-17,1.5548146413313346,0.03688453464487093,0.054814641331334624,0,0,FOLLOWING,1.5075438337498936,0.0,0
0.192,5.623386470455461e-05,-3.1099375000175164e-06,-5.132758465449706e-05,1.5671943804289856,0.07165602496820221,0.014018531377297194,0.0022783646148393853,0.0017587507692467565,-0.0016039887869018883,1.568775637888466,0.04574561059179587,0.06877563788846608,0,0,FOLLOWING,1.5251927464860544,0.03994110357642718,0
0.224,0.000488398489112565,-2.5102830409913816e-06,1.8440951096053703e-05,1.5806302894884796,0.08597457297430981,0.017606498734748836,0.014304067214238783,0.013514542876984134,0.002180254707248342,1.5824792114073716,0.05433894777170922,0.08247921140737158,0,0,FOLLOWING,1.514988750573597,0.054330456365467954,0
0.256,0.0010489715010611692,-2.003188830873224e-06,0.0004371021119406482,1.594064580268518,0.10028621885031608,0.04320649873474884,0.03948056678417785,0.017519481436120418,0.013083143271285052,1.5961693072028809,0.062434877310194134,0.09616930720288086,0,0,FOLLOWING,1.55660825948115,0.14488812010752247,0
0.28800000000000003,0.0023781319437985063,-1.0040567974409748e-06,0.0016950285591954856,1.6074969831379622,0.11458981364207813,0.061253715231427384,0.051618465893921606,0.04155362301409498,0.03931017933841474,1.6092040212352716,0.06957491768132182,0.10920402123527162,0,0,FOLLOWING,1.5437589416004698,0.10078478930682219,0
0.32,0.004319450237725408,2.7318031767694387e-06,0.0031893600359241235,1.6209272285035645,0.1288842090418027,0.07154608014377514,0.06980888905659831,0.060676865268793886,0.0466978346403857,1.6217370760776306,0.07636578396338914,0.12173707607763062,0,0,FOLLOWING,1.5406620556954174,0.1225055463395519,0
0.352,0.006606029312602157,1.061245482669002e-05,0.005207695380691915,1.6343550468153791,0.14316825748023349,0.05690221403599759,0.08983315680963222,0.07145742807983636,0.06307297500325329,1.6340321218722953,0.0825148245720243,0.1340321218722953,0,0,FOLLOWING,1.5021753925861634,0.125992058929237,0
0.384,0.008460055660755889,2.1132317800966617e-05,0.0078029742903073795,1.6477801685721722,0.15744081221877923,0.04746869044303259,0.10709580561288914,0.05792012241800404,0.08110250324985353,1.6468610713159824,0.08793090266807548,0.14686107131598236,0,0,FOLLOWING,1.504993532857704,0.12853890819934827,0
0.41600000000000004,0.010001803796580779,3.43410249915397e-05,0.010895703162544138,1.6612023243268308,0.17170072744157516,0.05538993722848076,0.12767283909456456,0.04816820418861416,0.09664785088839171,1.6601001497574466,0.0926967263771472,0.16010014975744657,0,0,FOLLOWING,1.5296112319984592,0.16062613637045117,0
0.448,0.01176814708555014,5.502281818749656e-05,0.014581213609988711,1.6746212446917705,0.1859468583474702,0.08098993722848077,0.16448274809957092,0.05520516667310899,0.11517232825345343,1.6732113431168962,0.09674745090743621,0.17321134311689623,0,0,FOLLOWING,1.575721015339686,0.26776956934286783,0
0.48,0.014313308785846622,9.409781512317512e-05,0.019403647522952865,1.6880366603443426,0.20017806124193294,0.10658993722848077,0.21243253308941998,0.07956255930400004,0.15070134464880294,1.6856403679233556,0.09957595076426845,0.1856403679233556,0,0,FOLLOWING,1.6017368463810662,0.34949524515995184,0
0.512,0.017668667969600538,0.00016214050341773313,0.025668287773193143,1.7014483020322388,0.21439319362886847,0.13218993722848077,0.25441218342446803,0.10489052670766932,0.19577065065729432,1.6973534694362726,0.1008839965968467,0.19735346943627263,0,0,FOLLOWING,1.6122761361664706,0.3668138251033664,0
0.544,0.021825456017775257,0.00027384387128004975,0.033256637569606215,1.7148559005788964,0.22859111430233955,0.15778993722848078,0.2887095883891848,0.12995614026033914,0.2371371027937185,1.708356187154165,0.10079180026273131,0.20835618715416504,0,0,FOLLOWING,1.6611084609168043,0.4253121713143231,0
0.5760000000000001,0.02678069155911572,0.00044689510054464905,0.04195346021144401,1.7282591868888995,0.24277068343818337,0.18338993722848082,0.3059959385342432,0.1549514143074742,0.2717774987481109,1.7186476917809566,0.09951471948288569,0.21864769178095655,0,0,FOLLOWING,1.6602260671542872,0.39264407107631455,0
0.608,0.032508084473119224,0.0006986713221462459,0.05139682407396244,1.74165789195338,0.2569307626855181,0.20898993722848083,0.32343139287141737,0.17915605048568709,0.295107438464739,1.7282499671790132,0.0974127956608994,0.22824996717901325,0,0,FOLLOWING,1.6696753784872145,0.41499933266018524,0
0.64,0.039010198921520786,0.0010476398547119414,0.06156135746945898,1.755051746855418,0.271070215258131,0.23458993722848084,0.33540165031669916,0.20348287240051482,0.3176445682573218,1.7371559473642144,0.0945109434198039,0.23715594736421441,0,0,FOLLOWING,1.6658905310714816,0.4052590817412209,0
0.672,0.04628386463947709,0.0015140119425757982,0.07229587432918044,1.7684404827754379,0.2851879060257407,0.2601899372284808,0.35091858573373974,0.2277656060595522,0.33545708183697004,1.7453636571138393,0.09095829789517437,0.24536365711383934,0,0,FOLLOWING,1.686068925283897,0.452594285596179,0
0.704,0.05435987959910275,0.0021208435268612724,0.08352806788475171,1.781823830996603,0.2992827016051264,0.28578993722848084,0.36539690014328724,0.2530821864274332,0.35100998629580565,1.7528368073709522,0.08682666645955274,0.25283680737095215,0,0,FOLLOWING,1.7122179098335597,0.49787764503573817,0
0.736,0.06323755371647116,0.002890531249389133,0.09522450074739564,1.795201522910211,0.3133534704511176,0.31138993722848085,0.3726703526093793,0.278461049272987,0.3655179843320697,1.7595699551887984,0.08214657771969178,0.25956995518879844,0,0,FOLLOWING,1.7123398268195549,0.4888867836045832,0
0.768,0.07291797515970222,0.003846599858753917,0.10715472799296995,1.8085732900210831,0.3273990829474354,0.33698993722848086,0.39146665247380913,0.30397644676311136,0.3728243558235804,1.7655553181136554,0.07714503109849936,0.2655553181136554,0,0,FOLLOWING,1.7487680962452108,0.5794867679006181,0
0.8,0.08340558623859011,0.005008571668970568,0.11960874908168995,1.8219388639529535,0.3414184114973796,0.3625899372284809,0.41400935625765584,0.329731710551344,0.3891935353800834,1.7707821825548233,0.07153109420031561,0.27078218255482334,0,0,FOLLOWING,1.7283842271321217,0.5719315474284077,0
0.8320000000000001,0.09470985792757826,0.006404633249982024,0.13262297592285108,1.8352979764538557,0.35541033061435273,0.38818993722848094,0.4292778608119993,0.35592772236111303,0.40670073075890006,1.7752329354616079,0.06526312682213257,0.2752329354616079,0,0,FOLLOWING,1.776549179196747,0.6389828944868953,0
0.864,0.10682516363760723,0.008062167210399545,0.14599242304367877,1.8486503594015067,0.3693737170122161,0.41378993722848095,0.4269949130149687,0.38211290300089645,0.41780190284053825,1.7789044517955812,0.058539667331080236,0.2789044517955812,0,0,FOLLOWING,1.7859471034008332,0.6201591019956147,0
0.896,0.11972698276859874,0.010004014505942542,0.15930884793870062,1.861995744808688,0.3833074496954678,0.43938993722848096,0.43545300012073407,0.4077038949685277,0.4161449230901308,1.7818125305163293,0.051762605360005265,0.28181253051632926,0,0,FOLLOWING,1.8228007907739232,0.7087980883295727,0
0.928,0.13343212967495913,0.012253365675083385,0.17275770076703506,1.8753338648286242,0.39721041004923796,0.4649899372284809,0.44140924713473045,0.4339951017399453,0.42028348143267075,1.7839320561458145,0.04474446529464354,0.2839320561458145,0,0,FOLLOWING,1.8583768052042446,0.7662462226339231,0
0.96,0.14795291098268515,0.014836475867587837,0.18617230086647363,1.8886644517603592,0.41108148192909166,0.4905899372284809,0.4209074381451811,0.4608762510947497,0.4192130580926153,1.785241376684191,0.037647733759802904,0.28524137668419103,0,0,FOLLOWING,1.8466786427001798,0.6882101487231063,0
0.992,0.16325638429694594,0.017769338168412103,0.19893332088573143,1.9019872380541285,0.4249195517506348,0.5161899372284808,0.40276525107649047,0.4869149271598698,0.3987878183508964,1.7857649000434606,0.03108735739643584,0.28576490004346056,0,0,FOLLOWING,1.830382413245508,0.6582958930394297,0
1.024,0.17937303023424753,0.021068464183210584,0.21091199012945816,1.915301956316729,0.4387235085789134,0.5417899372284808,0.3844216879005929,0.5140695401522141,0.3743383612844904,1.7854649177508513,0.025195086801850952,0.28546491775085125,0,0,FOLLOWING,1.7863117721118547,0.580365864221648,0
1.056,0.19631447810849945,0.024743568482588966,0.22202601270095138,1.9286083393168867,0.45249224421760115,0.5673899372284807,0.3686981682304062,0.5417161811770913,0.3473171883017811,1.784323667716516,0.02005754121833761,0.28432366771651596,0,0,FOLLOWING,1.7939743108713708,0.6010611333604718,0
1.088,0.2140159528889621,0.028784249934341966,0.2326836416796318,1.9419061199906185,0.46622465329796614,0.5929899372284807,0.3420696392134289,0.5673801336269995,0.33305440030648686,1.7824024618647496,0.01527112412650017,0.2824024618647496,0,0,FOLLOWING,1.7589911002257363,0.5214121381764244,0
1.12,0.23247028076515586,0.03321688721268749,0.24257141670228954,1.9551950314465938,0.47991963336761084,0.6185899372284807,0.30440609479526026,0.5930860752478757,0.30899591117710434,1.7796977018675875,0.01114097260203295,0.27969770186758747,0,0,FOLLOWING,1.7495394611945612,0.48621504853051023,0
1.1520000000000001,0.2516751640005265,0.03802963925388392,0.25137074778841884,1.9684748069714901,0.493576084978979,0.6441899372284806,0.2683610497898952,0.6186997098710715,0.27498112621484333,1.7762104543994766,0.007998538631892482,0.27621045439947656,0,0,FOLLOWING,1.7941777179954683,0.5715138694989677,0
1.184,0.27163091222479147,0.04321038548861159,0.25912624780086857,1.9817451800353465,0.5071929117776196,0.6697899372284806,0.23810739894168106,0.6442810124605223,0.24236069730166948,1.7719397827439738,0.0058123958968727685,0.2719397827439738,0,0,FOLLOWING,1.7919825060824366,0.5767110820324931,0
1.216,0.29233870426279845,0.04874961757122331,0.26600344413287763,1.995005884296913,0.5207690205902039,0.6953899372284806,0.22895083226307894,0.6698628983222753,0.21491322783803968,1.7668836528735328,0.004428785821150638,0.2668836528735328,0,0,FOLLOWING,1.8184375680476212,0.662155724024286,0
1.248,0.3137997599462496,0.05463967521739137,0.27260923236898904,2.0082566536089956,0.5343033215122862,0.7209899372284807,0.19780284133803822,0.6954498991821421,0.20643154183351065,1.7610398570328034,0.003251509358844995,0.2610398570328034,0,0,FOLLOWING,1.8112126735333751,0.6182268212501396,0
1.28,0.3360116886870048,0.06088594225799513,0.27831382722324344,2.0214972220237994,0.547794727995803,0.7465899372284807,0.18398902518080798,0.7210398677729385,0.1782689860358351,1.7544063522218236,0.002913305431337776,0.2544063522218236,0,0,FOLLOWING,1.79093277337696,0.6093751752322034,0
1.312,0.3589767919092926,0.06747769523318313,0.28361477049765804,2.034727323798264,0.5612421569363015,0.7721899372284807,0.1686291674943649,0.7466313535593327,0.165654675396004,1.7469811643996453,0.002929076634312855,0.24698116439964535,0,0,FOLLOWING,1.7960007110467022,0.6240676233117441,0
1.344,0.3826944692189432,0.0744148868268534,0.28846989109393834,2.047946693399399,0.574644528759893,0.7977899372284807,0.14632236681177663,0.7722249337934599,0.15172260586486147,1.7387623945802404,0.0033471562585158376,0.2387623945802404,0,0,FOLLOWING,1.8160616063882498,0.6595345697578057,0
1.3760000000000001,0.4071646680830918,0.0816956648886572,0.2926806298702341,2.061155065509612,0.588000767509922,0.8233899372284808,0.1438528266362581,0.7978194793757784,0.131585541331582,1.7297482740906167,0.004373362120263791,0.2297482740906167,0,0,FOLLOWING,1.7682388470574997,0.606970702413104,0
1.408,0.432389426334908,0.08931156485908799,0.29681766256583086,2.0743521750320357,0.6013098009333454,0.8489899372284808,0.1648867608131764,0.823413039198263,0.1292821512570084,1.7199371679954412,0.0054483677709114,0.21993716799544116,0,0,FOLLOWING,1.7465967983007649,0.6296815732782003,0
1.44,0.45836662201363143,0.09726291775830499,0.3015608804084035,2.0875377570958453,0.6145705605668135,0.8745899372284808,0.1723983306185954,0.8489558172514708,0.14822554103042854,1.7093290451791792,0.005898183730184858,0.20932904517917916,0,0,FOLLOWING,1.7303919798714507,0.5977353186036455,0
1.472,0.48508792891272484,0.10558281129601246,0.3065276094790571,2.100711547061578,0.6277819818224479,0.8999943505779373,0.16702972215696318,0.8745711102406832,0.15521052831987872,1.697919800585083,0.006091988564412399,0.19791980058508307,0,0,FOLLOWING,1.7009698897040952,0.5440764729385815,0
1.504,0.5125423209464288,0.11428405207907971,0.3113479640717496,2.1138732805264415,0.6409430040733081,0.8999754623537498,0.17157576672238445,0.8999992426464652,0.15063638195790174,1.6857136452627721,0.006396703230550471,0.18571364526277212,0,0,FOLLOWING,1.6546856137570738,0.5062393457242597,0
1.536,0.5399865861761068,0.12313199091728019,0.3163037012359237,2.1270226933296223,0.6540525707385386,0.8743754623537499,0.18832846148683263,0.9010737563385316,0.1548671419751727,1.6734874566266478,0.006528787931475988,0.17348745662664777,0,0,FOLLOWING,1.6624002101309103,0.5721912979903262,0
1.568,0.5667373679561944,0.13190496071804259,0.3222909429550783,2.1401595215575866,0.6671096293681931,0.8487754623537498,0.214636835489676,0.8797207529784027,0.18710191649122573,1.6619570724866994,0.005584932834648226,0.16195707248669944,0,0,FOLLOWING,1.634442352795401,0.5774839040243362,0
1.6,0.5926735796222468,0.1405839984445695,0.3291545196001092,2.153283501549379,0.6801131317277266,0.8231754623537498,0.2431733656261529,0.8546330281873395,0.2144876928475896,1.651240447081734,0.0036994843789603386,0.1512404470817339,0,0,FOLLOWING,1.6234532433680757,0.5969328633552381,0
1.6320000000000001,0.6177797094680163,0.14918209869533927,0.3369320024618302,2.1663943699019113,0.6930620338821482,0.7975754623537498,0.2473549802696399,0.8292540313092269,0.24304759256849962,1.6413447993671515,0.0008151761326566365,0.1413447993671515,0,0,FOLLOWING,1.608271232122459,0.5465692876938921,0
1.6640000000000001,0.642037549265479,0.15770617435096637,0.3448454567471898,2.179491863475252,0.7059552962798292,0.7719754623537497,0.25322874354755043,0.8034567141896076,0.24729668006438235,1.6322814916484263,-0.0023071363070588657,0.13228149164842629,0,0,FOLLOWING,1.6136485791976596,0.5809657625316165,0
1.696,0.6654519984284307,0.16614624963618288,0.35294859913293547,2.1925757193979054,0.7187918838359604,0.7463754623537497,0.24271104313955524,0.7777508451407505,0.2532244825415356,1.6240455831496012,-0.0057238616161092715,0.12404558314960124,0,0,FOLLOWING,1.6131446303328687,0.5671993529700409,0
1.728,0.6880172121990757,0.1744894886881108,0.36071809906672414,2.2056456750720885,0.7315707660156481,0.7207754623537497,0.21595551335810018,0.7517896373705913,0.2427979783856673,1.6166433437438152,-0.008914683427689807,0.11664334374381524,0,0,FOLLOWING,1.5751083048853398,0.48480380810937945,0
1.76,0.7097314942940717,0.1827106266771194,0.36763461284044047,2.218701468179002,0.7442909169166487,0.6951754623537497,0.20302638362968753,0.7255538944483173,0.216141858502498,1.6100816142269936,-0.011354948800514575,0.11008161422699358,0,0,FOLLOWING,1.5915450956431654,0.5482028255570507,0
1.792,0.7306146137467785,0.19078065046923529,0.37413885970313854,2.2317428366840946,0.7569513153517273,0.6731558673030269,0.17866860387155806,0.6996111942826527,0.20325850275909113,1.6043488284885017,-0.01347283670344468,0.10434882848850169,0,0,FOLLOWING,1.5864470092226575,0.5308182893477843,0
1.824,0.7507695204086328,0.1987173467228338,0.37986546727495474,2.244769518842321,0.7695509449306408,0.6782247919392479,0.1460465315491896,0.6769032617905294,0.17895713232136629,1.5993395487396453,-0.014898616978795187,0.09933954873964534,0,0,FOLLOWING,1.6070394544596223,0.5656235143374788,0
1.856,0.7708916760683824,0.2067815564142751,0.3840798796556134,2.2577812532033974,0.7820887941417343,0.6696703134574582,0.13023450884004126,0.6774480892037186,0.1317007774920147,1.5943083241250242,-0.01490001399744112,0.09430832412502421,0,0,FOLLOWING,1.5834075751836272,0.544134450340557,0
1.8880000000000001,0.790742871985878,0.21482869581855463,0.38783056328657345,2.270777778617047,0.7945638564331464,0.6440703134574582,0.1241566914080047,0.6693862162181727,0.11720930440063816,1.589527030691696,-0.014496558213910549,0.08952703069169599,0,0,FOLLOWING,1.5282124455360784,0.4644561471350067,0
1.92,0.8098932994734059,0.2226696013314284,0.391744770892447,2.283758834238242,0.8069751302936169,0.6184703134574584,0.12080400109096957,0.6466597330578177,0.12231945397419333,1.5854628869019356,-0.014307441623063745,0.0854628869019356,0,0,FOLLOWING,1.5271673550274267,0.4785496706834859,0
1.952,0.8282590813096422,0.2302702631591927,0.39556179641045774,2.29672415953244,0.819321619332888,0.5928703134574584,0.11979842030855892,0.6211263024954049,0.11928249200683604,1.5822045336080786,-0.014078165377155838,0.08220453360807856,0,0,FOLLOWING,1.5388698335171167,0.5131985860145352,0
1.984,0.8458377140404308,0.23762277804251203,0.39935018002091455,2.3096734942808115,0.8316023323616965,0.5908558468895718,0.11020785773394161,0.5954378492640484,0.1183874437021091,1.5797553299359939,-0.013880222408482858,0.07975532993599388,0,0,FOLLOWING,1.5659969733499834,0.5572156526364762,0
2.016,0.8632362828347797,0.24497730241671214,0.40252301978063937,2.3226065785854626,0.8438162834713472,0.6164558468895718,0.11078081583392438,0.5902944188046612,0.09915161448144469,1.5774567459521638,-0.01313418132824351,0.07745674595216379,0,0,FOLLOWING,1.6036797082865903,0.6422461269445119,0
2.048,0.8813287736361389,0.25268847158493474,0.4057140491537333,2.3355231528746527,0.8559624921128628,0.6420558468895717,0.12161194728461173,0.6146325579227716,0.09971998129416224,1.5743636290428007,-0.012470986563320241,0.0743636290428007,0,0,FOLLOWING,1.6164672915446376,0.6804222122881187,0
2.08,0.9001563327863126,0.2607839300092418,0.40921963572991127,2.348422957908002,0.8680399831757031,0.6676558468895718,0.13449541520730476,0.6404708859390682,0.10954976221682762,1.570425461952485,-0.012188086886174065,0.07042546195248489,0,0,FOLLOWING,1.6227775493936663,0.6975373867564942,0
2.112,0.919715767884793,0.26927649488714855,0.4131002410085725,2.3613057347816975,0.8800477870660486,0.6932558468895718,0.12629437495717097,0.6663815952915758,0.12126905805329288,1.5656382736787258,-0.012349085128370518,0.06563827367872577,0,0,FOLLOWING,1.6064786061472234,0.643294103564017,0
2.144,0.9399992907153214,0.2781790527612072,0.4167500938068627,2.3741712249336864,0.8919849397846396,0.704028438419569,0.11228877890664733,0.6922412508337387,0.11405800504315555,1.5600021807177926,-0.012352776027516499,0.06000218071779262,0,0,FOLLOWING,1.5877226133133258,0.6046873782386283,0
2.176,0.9605895408947851,0.28730779017846636,0.4199988433424097,2.387019170148867,0.9038504830041675,0.6784284384195689,0.10598650317828748,0.703849308383551,0.10152349117069479,1.553971164240413,-0.012022057418362818,0.05397116424041304,0,0,FOLLOWING,1.5410814504998385,0.5309861864632152,0
2.208,0.9804944059697005,0.2962111707199751,0.42331625073751894,2.39984931256427,0.9156434641462113,0.652828438419569,0.09223990988380848,0.6813893704584255,0.1036690579281061,1.5486331770349513,-0.011814184240172722,0.04863317703495129,0,0,FOLLOWING,1.5256875532122556,0.5025864291700718,0
2.24,0.9996239137416671,0.30484419496799825,0.4262544669804233,2.4126613946742377,0.9273629364577096,0.627228438419569,0.08752177559317037,0.6558272469266114,0.09181932298699826,1.5440869489851272,-0.011283884636279606,0.04408694898512722,0,0,FOLLOWING,1.5028509362888836,0.4787607994240458,0
2.2720000000000002,1.0179727396823424,0.3131899321904363,0.42904070423509594,2.4254551593355855,0.9390079590869688,0.601628438419569,0.0982509421674358,0.6299049950767098,0.08706999812857866,1.5403424828334824,-0.010656027589261763,0.04034248283348241,0,0,FOLLOWING,1.5195042026369348,0.5405150763811563,0
2.3040000000000003,1.0355529068737555,0.3212451310559199,0.43216685016121353,2.4382303497727698,0.9505775971591945,0.5865562903662452,0.11450209600507517,0.6042869450443256,0.09769219742369795,1.5373884875688861,-0.010423552130414238,0.03738848756888613,0,0,FOLLOWING,1.523436501312369,0.5646512096749158,0
2.336,1.0526018697793331,0.32912176340843463,0.4354735127936149,2.4509867095830367,0.9620709218515447,0.6030805977521904,0.1333417679691813,0.5868837413404415,0.10333335472353657,1.5349608455484038,-0.010435681857080992,0.03496084554840384,0,0,FOLLOWING,1.5604169203731217,0.6430894512146664,0
2.368,1.0700595385932414,0.33725733154331905,0.4393240176282953,2.4637239827415707,0.9734870104676969,0.5780235964556402,0.15395303023838203,0.601902140789068,0.12032846741247373,1.5320211445105738,-0.011064874428431681,0.03202114451057381,0,0,FOLLOWING,1.4963561754516792,0.5377916256048415,0
2.4,1.0868144206893997,0.34514579138241563,0.44376971548451843,2.4764419136066325,0.9848249465119228,0.5689976608230628,0.1650377165705379,0.578702830326575,0.13892827749004824,1.5297888712429026,-0.012363432896695059,0.029788871242902637,0,0,FOLLOWING,1.5133886965710177,0.5632286798720169,0
2.432,1.1032532727493318,0.3529773504405515,0.44853729185477165,2.4891402469246886,0.9960838197626656,0.5702850627551945,0.1687462436781707,0.5690278937711069,0.14898701784159024,1.5278313506643595,-0.014069546306132386,0.02783135066435949,0,0,FOLLOWING,1.5266839619695147,0.5825441314888092,0
2.464,1.1196766077288023,0.3609000241697192,0.4534141187064389,2.501818727835537,1.0072627263456135,0.5760894497349612,0.16021436190678034,0.5698305693787632,0.15240111415579607,1.5258117783453051,-0.01597744256137601,0.025811778345305125,0,0,FOLLOWING,1.5343331713024604,0.5837644155056271,0
2.496,1.1362232042027884,0.36898351409512736,0.4580470473688184,2.5144771018774192,1.0183607688062641,0.5520504760237298,0.1483414272337945,0.575493791665801,0.14477925869562577,1.5235729800017734,-0.01773697140250441,0.023572980001773436,0,0,FOLLOWING,1.4861723525450132,0.49003862035356865,0
2.528,1.1521003040238689,0.37683317168102165,0.46244584218112406,2.5271151149921307,1.0293770561819722,0.5285983307836705,0.14517883745991514,0.553470034130128,0.13746253929701086,1.5219984400720241,-0.019346562173920116,0.021998440072024117,0,0,FOLLOWING,1.477233233079959,0.48850082770151576,0
2.56,1.1672854538866493,0.38442511914937966,0.4668392650307999,2.5397325135301165,1.0403107040734783,0.5138091820309547,0.13724768890168626,0.530523328365963,0.13729468199671416,1.5211169685580481,-0.021031521595064995,0.02111696855804812,0,0,FOLLOWING,1.4834068000254645,0.4978557921010497,0
2.592,1.181967292420731,0.3918465437279866,0.47080617574700934,2.5523290442555653,1.0511608347159078,0.49699419743216733,0.12152216539666306,0.5140856804375803,0.12396613678137461,1.5207191276474237,-0.02237286178651543,0.020719127647423674,0,0,FOLLOWING,1.474836869948464,0.47413209301207787,0
2.624,1.1961391383330757,0.39908060437632703,0.47431820207619163,2.564904454351489,1.0619265770492403,0.491312468084264,0.09203793892794761,0.49722621711545256,0.10975098264681551,1.520816647010312,-0.02333715095023553,0.02081664701031194,0,0,FOLLOWING,1.4887987185928695,0.4893825999933436,0
2.656,1.2101094913398027,0.40627207840423235,0.47697912520731395,2.5774584914247995,1.0726070667882384,0.4983533838765862,0.06934542811740367,0.4910260055738653,0.08315397307819627,1.5210672584662894,-0.023527777647748938,0.02106725846628943,0,0,FOLLOWING,1.5077745239603044,0.5280740828410883,0
2.688,1.224246674358113,0.4135937122157069,0.47898392794688754,2.5899909035113717,1.0832014464918334,0.48966238535571877,0.03216720985961076,0.4975344952387929,0.06265019821711211,1.521062726276545,-0.023136222596764622,0.02106272627654504,0,0,FOLLOWING,1.4851591564767737,0.4738253539718203,0
2.72,1.2381458714193918,0.4208249276465752,0.47991649627475763,2.6025014390811037,1.0937088656319616,0.49834997045453294,0.007560739889132664,0.48961791601600974,0.02914284329682116,1.5212622748915563,-0.021733237464355792,0.0212622748915563,0,0,FOLLOWING,1.5102597859715299,0.525989721831568,0
2.7520000000000002,1.252267263204879,0.4281839745838616,0.4801368936889018,2.6149898470429624,1.1041284806618463,0.501361522322004,-0.0065959746539255735,0.4976338475974176,0.006887505039620993,1.5211554213160972,-0.019674316715509843,0.021155421316097156,0,0,FOLLOWING,1.5037477818804874,0.5144416658783977,0
2.7840000000000003,1.2664835362632536,0.4355921790177651,0.4799323095182466,2.6274558767500222,1.114459455083718,0.526961522322004,-0.012132852172014295,0.5009672817677173,-0.006393197289750451,1.5208900322124672,-0.017236763559294654,0.020890032212467213,0,0,FOLLOWING,1.5550898747476165,0.6166803459665765,0
2.816,1.281402755243148,0.4433597592883895,0.47955335337070804,2.6398992780045014,1.1247009595159685,0.552561522322004,-0.02460191281313367,0.5256537396132103,-0.0118423713269092,1.519782429653089,-0.014674001029142401,0.019782429653089073,0,0,FOLLOWING,1.5503600896846872,0.5978648651198428,0
2.848,1.29705080616299,0.45149761888583795,0.47877822487654426,2.6523198010627755,1.1348521717597373,0.5781615223220039,-0.017309951115464628,0.5511960976681085,-0.024222817789148608,1.5178035095064717,-0.01175983516420881,0.017803509506471693,0,0,FOLLOWING,1.582559341157021,0.6669189082995164,0
2.88,1.3134430545882771,0.46000350649340527,0.4782339478386481,2.6647171966403955,1.1449122768649147,0.6037615223220039,-0.0068119975227721365,0.5771320163105195,-0.01700876402040733,1.5149395468831426,-0.009112258083099845,0.014939546883142585,0,0,FOLLOWING,1.5911973414986647,0.680994831030213,0
2.912,1.3305778487832867,0.4688795736909485,0.4780182225082116,2.67709121591709,1.1548804671955704,0.6293615223220038,0.008301640013269483,0.6030537502524493,-0.006741536719519469,1.5111900852504134,-0.0068276339048879975,0.011190085250413428,0,0,FOLLOWING,1.5917579839562586,0.6821004032108717,0
2.944,1.3484457510785501,0.478130847436185,0.47825566523149743,2.6894416105417576,1.1647559424947895,0.6549615223220038,0.02051302612704278,0.6287864074220482,0.0074199891992515945,1.5065602929394177,-0.005033400874828563,0.006560292939417733,0,0,FOLLOWING,1.5823342066949986,0.6606665491489029,0
2.976,1.3670409054555694,0.4877662068923726,0.47885197785769806,2.7017681326374525,1.174537909948918,0.6623318616972966,0.0414280361633534,0.6544847867346206,0.01863471720448654,1.5010503466239318,-0.0036394603620545363,0.001050346623931775,0,0,FOLLOWING,1.5225888744226177,0.557241331170076,0
3.008,1.3858641468537967,0.49753606970053166,0.4800529568246663,2.7140705348063596,1.1842255842512113,0.6367318616972967,0.05543515507607842,0.6627310054587832,0.03753058872136699,1.495217274643335,-0.0028939777464768173,-0.0047827253566650185,0,0,FOLLOWING,1.4650348318605766,0.45278105720141626,0
3.04,1.4039883233585149,0.5069736784602152,0.4816655056343763,2.7263485701347596,1.1938181876648797,0.6111318616972967,0.05577229410512451,0.6385328552194299,0.05039220710891792,1.4900979840529707,-0.0026123107087310804,-0.00990201594702933,0,0,FOLLOWING,1.4628206682835254,0.4488807906542576,0
3.072,1.4213645043074148,0.5160604970209777,0.4832959598670294,2.7386019921979843,1.2033149500855247,0.5855318616972968,0.055616669396611196,0.6127426098538029,0.05095173252051519,1.4857433435022713,-0.0024086131028374647,-0.01425665649772867,0,0,FOLLOWING,1.481024609516676,0.4939253029689102,0
3.104,1.437990987561873,0.5247924203242292,0.4849242562719654,2.7508305550653622,1.212715109102965,0.5599318616972968,0.06223299452220567,0.5868492219103165,0.0508842689927118,1.4821556449102482,-0.002264641020199465,-0.017844355089751796,0,0,FOLLOWING,1.4692436200030674,0.4836303386600272,0
3.136,1.4538705399156406,0.5331669262342755,0.486742518005083,2.7630340133051563,1.2220179100624435,0.5343318616972969,0.08043507081670834,0.5609964227266742,0.056820674180369964,1.4793325109583497,-0.0023737122582971333,-0.020667489041650278,0,0,FOLLOWING,1.459556229442296,0.4847933978275931,0
3.168,1.4690043617275013,0.5411848851630788,0.4890832542377385,2.775212121989487,1.2312226061252112,0.5087318616972969,0.08611641754333259,0.5351900741638164,0.07314800519314069,1.4772713932515065,-0.003071856517708194,-0.02272860674849353,0,0,FOLLOWING,1.4722317163860377,0.5025299127125005,0
3.2,1.4833912858766047,0.5488519296507104,0.49158873679407755,2.7873646366992526,1.240328458328484,0.4831318616972969,0.07767514205825046,0.5094359883444277,0.07829630584782045,1.4759696099066228,-0.004008270118300073,-0.024030390093377152,0,0,FOLLOWING,1.4265710340629247,0.40545399155402634,0
3.232,1.497032789506855,0.5561671524922148,0.49385143756426,2.799491313529028,1.2493347356447686,0.4576810546852883,0.07113270843190853,0.4837122405261061,0.0707093620028773,1.475425194691879,-0.004777384020443255,-0.02457480530812095,0,0,FOLLOWING,1.466728720388322,0.48849820708534636,0
3.2640000000000002,1.5099371469696063,0.5631256357982639,0.4959230646334844,2.8115919090919657,1.2582407150405492,0.4528785154597121,0.0820524806432028,0.4581461694905455,0.06473833460408977,1.4756320995240733,-0.005428058835725003,-0.02436790047592674,0,0,FOLLOWING,1.464279260315856,0.4967669986853293,0
3.2960000000000003,1.5226631779620243,0.5700226051064015,0.4983004315638701,2.82366618052468,1.2670456815343338,0.43424125224961635,0.08222674289533198,0.4523472694545171,0.07429275047454803,1.4759573102736083,-0.006457104884102227,-0.024042689726391675,0,0,FOLLOWING,1.4387731288682715,0.43827798988128486,0
3.3280000000000003,1.5348664565522492,0.5766741025156985,0.5006825998315803,2.835713885492117,1.2757489282540533,0.4201259042414235,0.08597677651674494,0.4343198219615145,0.07444277409857368,1.4767903186846045,-0.007564878814030507,-0.02320968131539547,0,0,FOLLOWING,1.440454274869848,0.4455954374290174,0
3.36,1.5466531520892979,0.583135300766153,0.5031715559632736,2.8477347821924255,1.2843497564938104,0.40682398983508433,0.08018247589596762,0.42004723569185914,0.07777991006216528,1.4780105280792986,-0.00885367244353813,-0.021989471920701442,0,0,FOLLOWING,1.437709512464327,0.4320141293358841,0
3.392,1.5580500073929975,0.5894200149771451,0.5054934083915061,2.8597286293618023,1.292847475769972,0.38319254159410665,0.0813334569316364,0.40671541166902053,0.07255791344389395,1.4795869110964894,-0.010050305025410655,-0.020413088903510568,0,0,FOLLOWING,1.4143432864205856,0.39208570810064086,0
3.424,1.5687846579126585,0.5953719499109467,0.5078515777239481,2.8716951862793403,1.301241403876602,0.3868357855205295,0.07393604955961704,0.38356498970267594,0.07369283334354071,1.481832490860731,-0.011353909253355441,-0.01816750913926901,0,0,FOLLOWING,1.456161263208928,0.4655218194970242,0
3.456,1.5795728343114064,0.6013869750387624,0.5099927474863509,2.883634212771857,1.3095308669402308,0.3979373780639927,0.05450615461734524,0.38600688007546824,0.0669115968284029,1.4839285193126819,-0.0125168595496854,-0.016071480687318118,0,0,FOLLOWING,1.4722294628600299,0.48572046440970473,0
3.488,1.5906510680983068,0.6075940066385882,0.5115746357393577,2.895545469218716,1.3177151994739522,0.404681562044136,0.053995937983945995,0.3968515211093055,0.04943403583914634,1.4856047612300225,-0.013196686595161657,-0.014395238769977503,0,0,FOLLOWING,1.4691478986109874,0.4826178001512358,0
3.52,1.6019183694543635,0.6139291635655214,0.5131408187396318,2.907428716556636,1.3257937444308514,0.41698639475558247,0.07324652447258492,0.4039567311027102,0.04894324904761785,1.4869796393635215,-0.013931050703302026,-0.01302036063647849,0,0,FOLLOWING,1.481650662704359,0.5198338601049702,0
3.552,1.6135170701599086,0.6204733516373276,0.515260827624801,2.9192837162844887,1.3337658532567527,0.41904416293000907,0.08648042660185182,0.4161868171990284,0.0662503115230354,1.4878886809832017,-0.015290948602191434,-0.012111319016798294,0,0,FOLLOWING,1.469196972953115,0.48845244495131906,0
3.584,1.6251754411641537,0.6270837380808658,0.5177627393007268,2.931110230468085,1.3416308859422854,0.42306342368101424,0.09431587129554331,0.41881739951240465,0.07818478017298494,1.488638068984934,-0.01710735707058675,-0.011361931015066107,0,0,FOLLOWING,1.4742273540785986,0.49174707572961107,0
3.616,1.6369288282712386,0.6337875059275017,0.5204914466434846,2.9429080217449517,1.349388211074266,0.4300517532680093,0.0872284083406297,0.42284079449495204,0.08527215662389037,1.4891830052054704,-0.019229733094387247,-0.010816994794529577,0,0,FOLLOWING,1.4819576282203792,0.4923900668365435,0
3.648,1.6488551026662803,0.6406338973468898,0.5230174323932998,2.9546768533290946,1.3570372058863878,0.426766771398371,0.1046953611026446,0.42974542293121476,0.07893709837611937,1.4894308124214553,-0.021232350392790478,-0.010569187578544748,0,0,FOLLOWING,1.4666927270220158,0.48244397991502536,0
3.68,1.660686405974254,0.647466235282816,0.5260461181893985,2.9664164890157516,1.364577256309217,0.4268927738411227,0.08768830092968077,0.4269449093648647,0.09464650515514791,1.489690996897371,-0.023814929692620557,-0.010309003102628944,0,0,FOLLOWING,1.4727210743570152,0.4653306590321171,0
3.712,1.672496106164072,0.6543349055481041,0.5285865515072429,2.978126693186133,1.372007757019491,0.42267969458684873,0.07619330174745129,0.4269331644141957,0.07938858560230701,1.4898743408444362,-0.025992684078401385,-0.010125659155563849,0,0,FOLLOWING,1.4659774605230598,0.45175057211098174,0
3.744,1.6841764128528638,0.6611685085759268,0.5307953805768985,2.9898072308121497,1.379328111488715,0.4183873894790432,0.0745283915973073,0.4228854386494735,0.06902593653650897,1.4901090725382782,-0.027915328328374178,-0.009890927461721821,0,0,FOLLOWING,1.4646896496595452,0.4532698469812897,0
3.7760000000000002,1.69572271753713,0.6679577426111118,0.5329552087974561,3.0014578674611316,1.3865377320310517,0.4349020427407338,0.06349618836923218,0.4185722638888767,0.06749465865905437,1.4904031276610419,-0.029861751880114085,-0.009596872338958118,0,0,FOLLOWING,1.499822685067742,0.5137612717062892,0
3.8080000000000003,1.707684059498959,0.6750248733934092,0.5347973452229919,3.0130783693005316,1.3936360398505006,0.44134352878554567,0.040220703131209255,0.43417244722165277,0.05756677910104668,1.4901195631959019,-0.03157527712784469,-0.009880436804098114,0,0,FOLLOWING,1.489673701275558,0.4849164734557522,0
3.84,1.7198236583246542,0.6822265189710512,0.5359687375679021,3.02466850310262,1.4006224650873644,0.4381364805891932,0.006776946586919606,0.4410985899148103,0.03660601097597731,1.4895344253624978,-0.032695351625126046,-0.010465574637502195,0,0,FOLLOWING,1.4762357907294636,0.45622230166122785,0
3.872,1.7318809047413948,0.6893969239660468,0.5361756331133777,3.036228036249165,1.4074964468640003,0.4566964831245274,-0.002097566424373001,0.43837834264950043,0.006465476524021636,1.4889554608042568,-0.03291542710036288,-0.01104453919574322,0,0,FOLLOWING,1.5113943569785901,0.5246403911584462,0
3.904,1.7444226368739568,0.6968559672152219,0.5361130674879431,3.0477567367360994,1.414257433329844,0.45081033478182775,-0.021147997385634356,0.45601891621653134,-0.0019551989093586804,1.487731373416206,-0.032935496745697845,-0.012268626583793907,0,0,FOLLOWING,1.477932102340739,0.45350280326418624,0
3.936,1.7568342020774,0.7042339076363643,0.5354917997896945,3.059254373178181,1.4209048817057166,0.42521033478182774,-0.04289103408602794,0.45120704147544066,-0.01941464361718803,1.4865784833515188,-0.03244825753943348,-0.013421516648481235,0,0,FOLLOWING,1.440714964627391,0.3814791066647702,0
3.968,1.7685712777514837,0.71119812665379,0.5342393526589841,3.070720714813633,1.4274382583273963,0.3996103347818277,-0.06559771607474987,0.42646667574350955,-0.03913898206560899,1.486133601888167,-0.03136197987682687,-0.01386639811183299,0,0,FOLLOWING,1.3816367154657576,0.2718096396318645,0
4.0,1.7796091372249871,0.7177257830604886,0.5323300769316128,3.082155531508776,1.4338570386884633,0.3740103347818277,-0.08139331475698125,0.4007166741106156,-0.05966484282075303,1.4864289705697338,-0.02964558934494155,-0.013571029430266224,0,0,FOLLOWING,1.4446808079475655,0.40086487507598534,0
4.032,1.7899492852743217,0.7238110457600808,0.5299638025472888,3.0935585937626504,1.4401607074824083,0.3805353012567531,-0.09287696042305073,0.3749167526793664,-0.07394602391956456,1.4874656523856649,-0.0274949184981107,-0.01253434761433514,0,0,FOLLOWING,1.4822122056865745,0.47211978249011866,0
4.064,1.800441128502382,0.7299503001185127,0.5272701987829403,3.1049296727116173,1.4463487586439996,0.4061353012567531,-0.09397632905600874,0.37988743072500586,-0.08417509323814039,1.4882597600388259,-0.025057094301003335,-0.011740239961174126,0,0,FOLLOWING,1.5317223727285265,0.5622708922336388,0
4.096,1.811633861585041,0.7364586337371539,0.524535554050284,3.1162685401339565,1.452420695389913,0.43173530125675313,-0.06714059874281494,0.4046330321593577,-0.08545766664264683,1.4881778516691146,-0.022626750906686866,-0.011822148330885351,0,0,FOLLOWING,1.5147417009414033,0.5270714251731008,0
4.128,1.82353858627487,0.7433364637498149,0.5224454188120388,3.1275749684544434,1.4583760302586128,0.4526685060147482,-0.05948191584341838,0.4296694742457104,-0.06531675845151208,1.487209624673361,-0.020886855282181812,-0.012790375326638959,0,0,FOLLOWING,1.5029634702996684,0.4918684564179382,0
4.16,1.8360712755023418,0.7505417410512798,0.5207052234373529,3.138848730748918,1.4642142851494857,0.4618155488470969,-0.05301722322450866,0.45177461189490936,-0.05438114668110676,1.4854486184645872,-0.019546114464032094,-0.0145513815354128,0,0,FOLLOWING,1.506173581924254,0.4954928195720853,0
4.192,1.8488919456476185,0.7578825672745764,0.5191598796600029,3.150089600748841,1.4699349913612232,0.48202637336874254,-0.05613096214743744,0.46167534159213613,-0.048292029992387846,1.4832848655226647,-0.01844699974265185,-0.016715134477335303,0,0,FOLLOWING,1.5280118975364454,0.5351545889313056,0
4.224,1.8622730077961704,0.7655188096592643,0.5175210957442921,3.161297352845832,1.4755376896294505,0.5032337285857177,-0.047644475788486164,0.48146736705356813,-0.051212026746078027,1.4804023300933498,-0.017308490437385804,-0.01959766990665024,0,0,FOLLOWING,1.536253751965564,0.5489785294838533,0
4.256,1.8762560674257414,0.773469713582833,0.5161251196622199,3.1724717620961993,1.4810219301635952,0.5011809008529986,-0.03916870272266573,0.5026804597408691,-0.04362428796365655,1.476754978423424,-0.016466016211447165,-0.02324502157657604,0,0,FOLLOWING,1.5052603362558532,0.4858437786867249,0
4.288,1.8902247905102387,0.781386622697378,0.5149826883502617,3.1836126042254542,1.4863872726829979,0.48282314667342835,-0.011503094627641788,0.5017465961289976,-0.03570100356920824,1.4730505602820194,-0.015924185477418917,-0.026949439717980583,0,0,FOLLOWING,1.4762968324662604,0.4412437510026444,0
4.32,1.903711534824708,0.7890098667368209,0.5146305368750207,3.194719655632814,1.4916332864522586,0.4576449453548934,0.00014955698637564296,0.4841060632740111,-0.01100473614997068,1.4698236757941727,-0.016217260479908846,-0.030176324205827276,0,0,FOLLOWING,1.4575247881560156,0.4004520264087112,0
4.352,1.9165000506427763,0.796235217776986,0.5146329238428976,3.2057926933956864,1.4967595503158155,0.4320449453548934,0.0022410722264321553,0.45899018742343983,7.459936502810828e-05,1.4673138243524306,-0.016917291449785432,-0.03268617564756937,0,0,FOLLOWING,1.4350697590635848,0.35745857250117535,0
4.384,1.9285681763497455,0.8030556675915298,0.5147012019039812,3.216831495274146,1.5017656527317573,0.40644494535489345,0.008325312611087673,0.4331699842472976,0.0021336719494994085,1.46554359273983,-0.017738057050884215,-0.034456407260170074,0,0,FOLLOWING,1.4443132936019187,0.3816934439021531,0
4.416,1.9399158566070014,0.8094715552208394,0.5149537058982407,3.227835839715394,1.5066511918048606,0.3838440652786524,0.007224155287243801,0.4073535062727083,0.007890714823741861,1.4645126590635364,-0.018797342096931294,-0.03548734093646355,0,0,FOLLOWING,1.4370848317199503,0.3673788913493438,0
4.448,1.950623124942507,0.8155303542932435,0.5151752102201776,3.2388055058582053,1.5114157753188564,0.3582440652786524,-0.003929557629365298,0.38444598008715486,0.006921961172037822,1.4641278515545122,-0.019881525078591145,-0.035872148445487806,0,0,FOLLOWING,1.4128246583977915,0.3206104716279064,0
4.48,1.9606162417355502,0.8211885592653474,0.515055422245598,3.2497402735373613,1.516059020767915,0.3768179066171992,-0.0031018436646697016,0.3588577854033469,-0.003743421477225572,1.46447455684206,-0.020677115577566737,-0.03552544315793993,0,0,FOLLOWING,1.4959459995617959,0.4856997053218176,0
4.5120000000000005,1.971070624893424,0.8271070777114428,0.5149610482568366,3.2606399232880663,1.520580555387357,0.3801955081363956,-0.017526992523258206,0.37544593548843835,-0.002949210856223873,1.4642043708451278,-0.021566884741133722,-0.03579562915487222,0,0,FOLLOWING,1.4719301967043819,0.43237111859584093,0
4.5440000000000005,1.9816405470259997,0.8330895803725834,0.5144492519169319,3.2715042363503573,1.5249800161835771,0.3697038397600676,-0.028485607395406336,0.3795592737180112,-0.01599364851066829,1.4637146963135164,-0.022102876065051236,-0.03628530368648364,0,0,FOLLOWING,1.4494630413300746,0.38514528444455864,0
4.5760000000000005,1.9919430222321393,0.8389132302041352,0.5136201368806176,3.2823329946734896,1.5292570499631863,0.36522850418473163,-0.04357486952565519,0.36982645217576315,-0.02590984589414118,1.4634482807590796,-0.022375057338550275,-0.03655171924092038,0,0,FOLLOWING,1.4571024197691829,0.4010437658916066,0
4.6080000000000005,2.0021198617375644,0.8446537830835054,0.512355027122131,3.293125980920315,1.5334113133613667,0.34654814313891874,-0.04037555001385289,0.3651347569523017,-0.03953467858425415,1.4632442500422702,-0.022264475524400085,-0.03675574995772979,0,0,FOLLOWING,1.4305762260978967,0.3444697774862355,0
4.64,2.011801573778002,0.850097011078706,0.5111758116402556,3.3038829784716466,1.5374424728694371,0.34397341719311764,-0.043129255171641276,0.3470826160042842,-0.03685046966443189,1.4635293438122157,-0.022282364683566758,-0.036470656187784334,0,0,FOLLOWING,1.453685079268345,0.38996819663858506,0
4.672,2.0213967600121907,0.8554761999028707,0.5099210588524052,3.3146037714305994,1.5413502048616274,0.34208071259921347,-0.050481966697787255,0.3437585448609049,-0.03921102037292806,1.4638331616205096,-0.022276197521052588,-0.03616683837949042,0,0,FOLLOWING,1.4549558429428042,0.39069286708797724,0
4.704,2.0309448730649144,0.8608124298964145,0.5084541050900507,3.3252881446269313,1.5451341956210596,0.31648071259921345,-0.053943312814081205,0.34182001860027067,-0.045842304710223325,1.4641109191869177,-0.022109486567383208,-0.035889080813082286,0,0,FOLLOWING,1.3908425156923774,0.26240281598581267,0
4.736,2.039817460654987,0.8657517768061843,0.5068777372499457,3.335935883621358,1.548794141364934,0.29088071259921344,-0.06531287650219289,0.31732288663152375,-0.04926148710966958,1.4650835601203231,-0.021871440351339255,-0.03491643987967685,0,0,FOLLOWING,1.3890419833386185,0.2670244176073016,0
4.768,2.0479802993739384,0.8702779844142582,0.5049743546208645,3.3465467747098554,1.5523297482689156,0.26528071259921343,-0.06449537260789039,0.2916654201823423,-0.05948070700545162,1.4667888394188155,-0.02134362959592212,-0.03321116058118445,0,0,FOLLOWING,1.3994544524679857,0.28426261750379217,0
4.8,2.055431411214796,0.8743896622660895,0.5030936999496132,3.357120604927951,1.555740732490724,0.23968071259921345,-0.07640777656881219,0.2659354280412921,-0.058770451493733576,1.4692290624425648,-0.02087350161661161,-0.030770937557435207,0,0,FOLLOWING,1.396140479429829,0.2837209179820652,0
4.832,2.062169179062116,0.8780901817259781,0.5008718799441936,3.3676571620549978,1.559026820192921,0.24644896764959892,-0.07458055987757126,0.24021269215259752,-0.06943188987328375,1.472404013627198,-0.020097515916248917,-0.027595986372801917,0,0,FOLLOWING,1.438919971033011,0.3582751128329851,0
4.864,2.069061696816207,0.8818565531778246,0.49871058297591053,3.378156234618434,1.5621877475648924,0.2488409444557616,-0.0668767366891191,0.24546967096817449,-0.06754055509010633,1.4753233689465375,-0.019430615788122885,-0.024676631053462517,0,0,FOLLOWING,1.4333821697872084,0.3395501526778498,0
4.896,2.0760367742905754,0.8856482905338072,0.4967709775214299,3.3886176118980256,1.5652232608440293,0.25677112332229396,-0.05863487094343651,0.2481098414921108,-0.06061268449393452,1.478069888579838,-0.019032678124847546,-0.02193011142016199,0,0,FOLLOWING,1.446080657899167,0.35856732201968583,0
4.928,2.083239982746071,0.8895461126499975,0.4950687424286499,3.399041083930097,1.5681331163360994,0.2546757666579425,-0.04592495524597329,0.2559585948226817,-0.05319485982556342,1.480477240435927,-0.018923131216988905,-0.01952275956407301,0,0,FOLLOWING,1.4326802111796582,0.3262498140678215,0
4.96,2.090406947630482,0.8934086577842736,0.49373272042537597,3.4094264415117452,1.5709170804348105,0.2802757666579425,-0.033332463539393134,0.254427734219773,-0.04175069501940311,1.482845267720541,-0.01922840131333664,-0.017154732279458962,0,0,FOLLOWING,1.4826619341555995,0.41954217169897035,0
4.992,2.0982661886799105,0.8976335102438746,0.4927455353182473,3.4197734762050382,1.5735749296405654,0.3058757666579425,-0.06322825928384943,0.27886332156810983,-0.030849540966801273,1.4843444052638302,-0.019946041429737327,-0.015655594736169842,0,0,FOLLOWING,1.5007833170756788,0.4623767503957585,0
5.024,2.1068561814904725,0.9022409963851322,0.49090171786738346,3.430081980341198,1.5761064505784057,0.33147576665794254,-0.08094681822185902,0.30463591116753747,-0.057619307442669576,1.4849313671342683,-0.01987389058033212,-0.01506863286573168,0,0,FOLLOWING,1.509433002369917,0.46429618434439246,0
5.056,2.1161835016604837,0.9072221287948903,0.4885459158070831,3.4403517470247693,1.5785114400151392,0.3570757666579425,-0.09573514919459393,0.3304560682009638,-0.07361885701464721,1.484604621234114,-0.019352444282192516,-0.015395378765886036,0,0,FOLLOWING,1.5051126718419308,0.448737714149341,0
5.088,2.12625173001767,0.9125679439052298,0.4857631766275027,3.4505825701377715,1.5807897048756576,0.37376907090738015,-0.09801377339033303,0.35624517813342144,-0.08696068854073571,1.4833652604559786,-0.018463757669659242,-0.016634739544021393,0,0,FOLLOWING,1.5050618301844771,0.43753119121418715,0
5.12,2.1368243027290843,0.9181420407106442,0.4829193924123574,3.460774244343836,1.5829410622584366,0.38002705950287463,-0.10066206129496931,0.37350268020977734,-0.08886838022241715,1.481486141329917,-0.017566800202924282,-0.01851385867008304,0,0,FOLLOWING,1.4963434560605737,0.41778745732854583,0
5.152,2.147606957653247,0.9237858729269625,0.4800041299536706,3.470926565092327,1.5849653394502183,0.40182704081036347,-0.10941283690558695,0.3803184031594174,-0.09110208092594181,1.4793015481586904,-0.016646946292971476,-0.020698451841309584,0,0,FOLLOWING,1.524622206771835,0.4747732989867518,0
5.184,2.159003960966234,0.9297094275366247,0.47682685997131624,3.4810393286224466,1.5868623739398786,0.42742704081036353,-0.10867246729774808,0.4013950159568441,-0.09928982039178884,1.4763561590281578,-0.015520643578310622,-0.023643840971842245,0,0,FOLLOWING,1.5389497349583678,0.49414564315638065,0
5.216,2.1711427709504085,0.9359695470019453,0.4736649820911708,3.4911123319673254,1.5886320134314722,0.42675856457545763,-0.10675218534717325,0.42681943141899475,-0.0988088367912765,1.4725107595861788,-0.014465081444097583,-0.02748924041382117,0,0,FOLLOWING,1.5034841851668117,0.42135404564030415,0
5.248,2.183320338580056,0.942198277531373,0.47057268085972687,3.5011453729580957,1.5902741158564595,0.4078567211659768,-0.09547807075707383,0.42742690025522834,-0.09663457625988564,1.4685588559721552,-0.01352520951655356,-0.031441144027844814,0,0,FOLLOWING,1.4725689114577363,0.3582279459916737,0
5.28,2.1950020498383522,0.9481254228268988,0.46779621350983236,3.511138250227947,1.591788549385113,0.3969793291318849,-0.0905942223480408,0.40932839675871113,-0.08676471037570585,1.4650995592336569,-0.012942796070356866,-0.03490044076634313,0,0,FOLLOWING,1.4795492407482664,0.3771275906957602,0
5.312,2.2063727389295953,0.9538552874236811,0.4651675976766055,3.5210907632161716,1.5931751924370987,0.37137932913188487,-0.08197839769275897,0.39788284988250594,-0.08214430089399559,1.4619211416250755,-0.012556832613127067,-0.03807885837492453,0,0,FOLLOWING,1.449187087481939,0.31803216267115186,0
5.344,2.217041279549743,0.9591942410518064,0.4627751837782643,3.5310027121721874,1.5944339336912388,0.3656927465217696,-0.07550443677796023,0.37278468857519886,-0.07476297067520798,1.4594602130664156,-0.01245191069524576,-0.0405397869335844,0,0,FOLLOWING,1.4760230326459878,0.3741953554915712,0
5.376,2.227525473702226,0.9644119378528462,0.4605872418997011,3.5408738981595462,1.5955646720944474,0.3650330156809976,-0.07329086146221503,0.3659572899866934,-0.06837321573676981,1.457133438627079,-0.012606034515771192,-0.04286656137292111,0,0,FOLLOWING,1.482465810626413,0.38792351616285004,0
5.408,2.2379914867049906,0.9695931553388345,0.458464915426005,3.5507041230599277,1.5965673168698435,0.36171864663567804,-0.07307821778934612,0.3649479185105756,-0.06632273359849734,1.4547546407808571,-0.012883328497116375,-0.045245359219142856,0,0,FOLLOWING,1.4780028827014526,0.37915809615877033,0
5.44,2.2483759445663534,0.9747074058579308,0.45634932152090596,3.5604931895771172,1.5974417875240394,0.35967756292519204,-0.08552258659336569,0.36173429119912465,-0.06611233970513927,1.4523944969476121,-0.013225199594337878,-0.047605503052387865,0,0,FOLLOWING,1.4791353642717204,0.3903016228450462,0
5.472,2.258710888960782,0.979770792203351,0.4538758747866671,3.570240901240962,1.5981880138536009,0.3629349392088564,-0.0926893532527012,0.3596453762998694,-0.07729525466161241,1.4500175285648318,-0.013267869683101674,-0.04998247143516821,0,0,FOLLOWING,1.487753306427062,0.403039514181035,0
5.5040000000000004,2.2691454003736524,0.9848513050521098,0.4511951569398888,3.5799470624113168,1.5988059359506852,0.36438213462605246,-0.09731182264556518,0.3626800226180632,-0.08377248390761952,1.4474602882298737,-0.013161143257541863,-0.052539711770126285,0,0,FOLLOWING,1.486270201951506,0.39763788334151123,0
5.5360000000000005,2.2796384390996804,0.9899253767961725,0.4483811020727512,3.589611478281971,1.5992955042078498,0.36359301729141874,-0.10688542984580905,0.36423559564768637,-0.08793927208092217,1.4447703331554849,-0.012977405372355033,-0.055229666844515135,0,0,FOLLOWING,1.4831968591662874,0.39589237468507654,0
5.5680000000000005,2.290126961920766,0.9949604935227508,0.44529097168947385,3.599233954884556,1.5996566793220344,0.3733197496537025,-0.12469993786389526,0.3635774524577149,-0.09656665049710421,1.4420189305785478,-0.012572807612967085,-0.0579810694214522,0,0,FOLLOWING,1.5007630391671192,0.4387858967912931,0
5.6000000000000005,2.300897989334054,1.0000907237529943,0.4416798554857319,3.6088142990924412,1.5998894322977169,0.35634213445864793,-0.12849307600524185,0.3728316280673889,-0.11284750405739068,1.4388896983799397,-0.011704623744823006,-0.06111030162006026,0,0,FOLLOWING,1.4584991482011276,0.3457859929094548,0
5.632,2.3112359912595717,1.0049652051457159,0.43795173712976493,3.6183523186246074,1.5999937444492414,0.3587425927596165,-0.12215203516160285,0.3571591544803529,-0.11650383126286287,1.4361796739440182,-0.010763415462767156,-0.06382032605598176,0,0,FOLLOWING,1.486641084865494,0.3930475297022887,0
5.664,2.3216336281067744,1.0098210119573179,0.43441829221211586,3.627847822049507,1.5999696074023169,0.34830320111892576,-0.12613215477613554,0.3586141893974036,-0.11042026495179241,1.4333425568101883,-0.01006784313981024,-0.0666574431898117,0,0,FOLLOWING,1.465606466908979,0.36033131372875676,0
5.696,2.3317623867984643,1.0145057545090785,0.4307633426113358,3.637300618788908,1.5998170230946918,0.3313485445072381,-0.12318121021146676,0.34873234218765947,-0.11421729761848258,1.4307408417746497,-0.009299495554260961,-0.06925915822535034,0,0,FOLLOWING,1.4505904195970927,0.3267015974523158,0
5.728,2.34142454953194,1.018929873780582,0.4271855701968407,3.646710519121715,1.599536003775996,0.33666759120612044,-0.10960590670860271,0.3320773087909994,-0.11180549936242187,1.4285919433470744,-0.008654823275603019,-0.0714080566529256,0,0,FOLLOWING,1.4840808714059734,0.3844204672231763,0
5.76,2.3512222036214427,1.0233758709927754,0.4240103187888802,3.656077334187781,1.5991265720067593,0.31106759120612043,-0.07974607949979076,0.33623276468978547,-0.09922669316720459,1.4262313211689712,-0.008467339677209529,-0.07376867883102878,0,0,FOLLOWING,1.4301571023337576,0.272502150734377,0
5.792,2.3603326971167093,1.0274712601522729,0.4216722480648483,3.6654008759916943,1.5985887606565996,0.2854675912061204,-0.06797961082177038,0.31212929161969877,-0.07306474211487597,1.4245624419078229,-0.00916522845774004,-0.07543755809217711,0,0,FOLLOWING,1.4177459910553214,0.2537333084194132,0
5.824,2.3687029849084325,1.0312102692625233,0.41967691734077245,3.6746809574065558,1.5979226129015833,0.2791885545910471,-0.060473644333329996,0.2864671074196372,-0.06235414049563881,1.4236366618920662,-0.010260852238524576,-0.07636333810793383,0,0,FOLLOWING,1.4542884454874814,0.3280408279435051,0
5.856,2.3768630217451356,1.034839084514622,0.4179211908107823,3.6839173921777304,1.5971281822207606,0.26708612530672926,-0.05404642172971771,0.27908188058772354,-0.054866526933309887,1.4228703934885039,-0.011658029167237682,-0.07712960651149614,0,0,FOLLOWING,1.4371515987212906,0.2921468704585808,0
5.888,2.384681710022246,1.0383001448537583,0.41634576020822633,3.693109994926587,1.5962055323918705,0.26593669136178655,-0.04169753923862491,0.26720181651576785,-0.04923226510647927,1.4224074655954835,-0.013295351726756945,-0.07759253440451652,0,0,FOLLOWING,1.4534467679032375,0.3195766382100286,0
5.92,2.39245605446877,1.0417291084094993,0.41513572024328926,3.7022585811542212,1.5951547374862223,0.24144525191615956,-0.019125678804248203,0.26553731109621403,-0.037813800746504804,1.4219221447852053,-0.015362433550621668,-0.07807785521479471,0,0,FOLLOWING,1.4118222374902192,0.23455650437387526,0
5.952,2.3995526733544246,1.0448470586100578,0.41455053607805753,3.711362967245154,1.5939758818627479,0.23548449484431455,-0.014138192032573828,0.24221871457035388,-0.01828704616813871,1.4221071379064822,-0.01810994510084729,-0.07789286209351776,0,0,FOLLOWING,1.437207649117339,0.2857984918786377,0
5.984,2.4064470343436293,1.0478746577384175,0.4141326449017589,3.720422970471021,1.5926690601612297,0.2176043095661322,-0.02544154278129519,0.23531121477131078,-0.013059165626911827,1.422439349017414,-0.021090788270187122,-0.07756065098258591,0,0,FOLLOWING,1.4140166222271628,0.25013319404293477,0
6.016,2.412834537252222,1.050676442114151,0.41337942593726495,3.7294384089942376,1.591234377294703,0.20643821046976044,-0.04368395507686756,0.2179626822288708,-0.023538145627840026,1.4232528364182973,-0.02379439629123037,-0.07674716358170275,0,0,FOLLOWING,1.4205092462492976,0.2719749077802514,0
6.048,2.41888606959646,1.0533267065967105,0.4121091525594659,3.738409101871649,1.589671948441033,0.18819528863072899,-0.05210880496558061,0.20645128419241332,-0.03969609127868477,1.4243620505874746,-0.026038498589118164,-0.07563794941252544,0,0,FOLLOWING,1.4045491528484952,0.23105569955699004,0
6.08,2.424416069635198,1.0557392978773248,0.4105868756470635,3.7473348690581623,1.5879818990336692,0.1819075314341199,-0.06555343060617001,0.18853784051755962,-0.04757118325895873,1.4259720671711522,-0.028078255037799538,-0.07402793282884779,0,0,FOLLOWING,1.4210051109971369,0.2680080237622625,0
6.112,2.429746887229634,1.0580562949398464,0.4086893834513523,3.7562155314103585,1.586164364751574,0.18761986047957557,-0.0648922842810772,0.18164794697908151,-0.05929667051396397,1.4277314864479658,-0.029795392740438523,-0.07226851355203423,0,0,FOLLOWING,1.442434116366833,0.29077844330240266,0
6.144,2.435234752401931,1.0604291560707888,0.4068093838538975,3.765050910690091,1.5842194915083319,0.17638561245146156,-0.07456301909248195,0.18685445438035722,-0.05875001368943881,1.4292541167833153,-0.03158844910772019,-0.07074588321668474,0,0,FOLLOWING,1.4149870569465772,0.24592582874420452,0
6.176,2.4404222334973524,1.0626597634714086,0.40464807178003154,3.7738408295680594,1.5821474354404335,0.18265260688966986,-0.078052875822749,0.17645930272111754,-0.06754103061979586,1.4310389909694887,-0.03314718920894,-0.06896100903051128,0,0,FOLLOWING,1.4443012681074563,0.29130083371680293,0
6.208,2.4457776552300974,1.064949069216247,0.40238800540193825,3.7825851116273714,1.5799483628947426,0.18924977316651265,-0.07421123043392866,0.18201822653014288,-0.07062710743537848,1.4325775539106773,-0.03466521834964853,-0.06742244608932269,0,0,FOLLOWING,1.4490624526710092,0.2884471128835537,0
6.24,2.4513334874626054,1.0673092536590836,0.40023552588240724,3.7912835813670815,1.5776224504151406,0.17837600513370408,-0.09041349631855174,0.18864719190158094,-0.06726501096067426,1.4338360481373038,-0.03635040806225809,-0.06616395186269619,0,0,FOLLOWING,1.4206830595195519,0.25683477902902085,0
6.272,2.4566006211261637,1.0695324029194007,0.3976180414671163,3.799936064205715,1.5751698847283537,0.16138714383229258,-0.10382594724045552,0.17865388501502308,-0.08179643252156188,1.4353464305330035,-0.037616613299419066,-0.06465356946699652,0,0,FOLLOWING,1.4062773590653528,0.23066595615015228,0
6.304,2.4613827260902763,1.0715343749324422,0.394605306032298,3.8085423864847705,1.572590862728962,0.14322933197991589,-0.12049145857998418,0.16199749930932192,-0.09414804645790811,1.4373227732688274,-0.038524032969026845,-0.0626772267311726,0,0,FOLLOWING,1.3984615054410925,0.2291756761023063,0
6.336,2.4656341223006075,1.073297842315886,0.39111183149432166,3.8171023754722064,1.569885591463593,0.12377008734711872,-0.13938417375712966,0.14382233409179118,-0.10917118194775124,1.439814513030855,-0.038982749926045446,-0.06018548696914494,0,0,FOLLOWING,1.3898356981580633,0.22821948887586965,0
6.368,2.4693151616623017,1.0748081955734896,0.3870736319779351,3.8256158593659073,1.567054288114299,0.1044659176815998,-0.14945751344360125,0.12432988328829102,-0.1261938965566751,1.442864442077974,-0.038924110512309595,-0.05713555792202607,0,0,FOLLOWING,1.3841358429197061,0.20565332630854644,0
6.4,2.4724276448797338,1.0760689940045913,0.3827447863321441,3.834082667297131,1.5640971799811225,0.11012030585031937,-0.1613740628631757,0.1049349518273932,-0.13527662934675946,1.4464701553720583,-0.03859918231294063,-0.05352984462794175,0,0,FOLLOWING,1.4251358750890974,0.2745145088128981,0
6.432,2.4756766677469324,1.0773699880916543,0.37808551303482163,3.842502629333941,1.5610145044638477,0.1177776376588471,-0.17432222945757161,0.1093828565432746,-0.1456025676158334,1.4498707623388865,-0.037989429384681916,-0.050129237661113546,0,0,FOLLOWING,1.4326138501885424,0.2884804442175214,0
6.464,2.4791583356429365,1.0787456386783232,0.3730530868369999,3.8508755764846128,1.5578065090429414,0.13600330344956235,-0.18056599396602455,0.1170010628444688,-0.15726365371575082,1.4529650740251145,-0.03705396675616107,-0.047034925974885455,0,0,FOLLOWING,1.4564250963495706,0.31395954315907326,0
6.496,2.483177582354799,1.0803123542324653,0.36782448101178794,3.8592013407010297,1.5544734512596858,0.16160330344956236,-0.19339651669520017,0.13482573653758692,-0.16339430519130022,1.4554278166461376,-0.035979270182999956,-0.04457218335386237,0,0,FOLLOWING,1.4999465427159524,0.3963149924231135,0
6.5280000000000005,2.4879632916512344,1.0821504263940949,0.3622160493256578,3.8674797548820528,1.5510155986955028,0.18720330344956237,-0.19467585701845483,0.16022587526310797,-0.175263950412786,1.4570175778356604,-0.03458828515686019,-0.04298242216433956,0,0,FOLLOWING,1.5018006568467235,0.37515281292682634,0
6.5600000000000005,2.493530694185831,1.084253008367025,0.3565624334914332,3.875710652876876,1.5474332289504715,0.21280330344956241,-0.18786639083841125,0.18599201551820393,-0.17667598167004664,1.4577233465054023,-0.033215101709375416,-0.04227665349459775,0,0,FOLLOWING,1.484916151846098,0.3259160476657339,0
6.5920000000000005,2.4998667878450322,1.0866045786429648,0.3510074582119223,3.88389386948836,1.5437266296210428,0.2055773601204674,-0.16353396907420495,0.21121261346906253,-0.17359346289434885,1.457563560265058,-0.032003776984611654,-0.04243643973494193,0,0,FOLLOWING,1.4446362408843392,0.2238033931855161,0
6.6240000000000006,2.5060696726034175,1.0888638461939832,0.34628221851115115,3.89202924047635,1.5398960982769503,0.17997736012046742,-0.14084241228847189,0.20628357198777408,-0.14766407920892202,1.4575026642162816,-0.03166182024736803,-0.04249733578371839,0,0,FOLLOWING,1.4179158206723723,0.1726488108009943,0
6.656000000000001,2.5115428618751716,1.0908237662964433,0.3421844517731587,3.900116602560968,1.5359419424373222,0.1543773601204674,-0.11878966464730513,0.18164476225709875,-0.12805541169305537,1.4581725631944689,-0.03197558090260305,-0.04182743680553114,0,0,FOLLOWING,1.4043045000249874,0.14608360916558105,0
6.688,2.51625787089897,1.092488310186034,0.3386579088057341,3.908155793425894,1.531864479545992,0.13369361484943562,-0.10807271239101802,0.15623266912561398,-0.11020458165101837,1.4595996865360714,-0.032890456214187236,-0.04040031346392858,0,0,FOLLOWING,1.4131729074475572,0.1761973779581415,0
6.72,2.5203274074465614,1.0939081603834022,0.3355136387610659,3.916146651721622,1.5276640369460146,0.12883115853724011,-0.09632537559590951,0.1346753686075407,-0.09825853009700374,1.4616619045255306,-0.034220572803934146,-0.038338095474469425,0,0,FOLLOWING,1.4317143347202785,0.20417768055567537,0
6.752,2.5242230753858976,1.095255574479501,0.3327284692140164,3.924089017068697,1.5233409518533865,0.12741359298778346,-0.12296676741747166,0.1288161646077963,-0.08703662956942596,1.4638585126318777,-0.035954941630447206,-0.03614148736812228,0,0,FOLLOWING,1.4354286459761316,0.2839246782676135,0
6.784,2.5280726862645286,1.096576042904478,0.3291770220901893,3.9319827300609367,1.5188955713299745,0.12294954009624562,-0.14178556583092497,0.12718501616455552,-0.11098286071289623,1.4660549768552222,-0.036971167994558796,-0.033945023144777764,0,0,FOLLOWING,1.430687979313514,0.2656011353642652,0
6.816,2.531796370917166,1.0978388909016497,0.3250833617371307,3.9398276322686288,1.5143282522556514,0.1210079258363141,-0.14934172975249427,0.12287623580531364,-0.1279270750205519,1.468337638645845,-0.0374883234966642,-0.0316623613541549,0,0,FOLLOWING,1.4354041460465792,0.249926982613696,0
6.848,2.535463764702483,1.0990661022811532,0.3207716816279341,3.9476235662417114,1.5096393612996473,0.1411372480609581,-0.15808045719638816,0.12085507707615033,-0.1347402176974238,1.4706344569961565,-0.03783054843915634,-0.02936554300384353,0,0,FOLLOWING,1.4749597371015042,0.31515493461048566,0
6.88,2.5397147374973685,1.1004714360800378,0.3161840809611353,3.9553703755129326,1.5048292748911123,0.13815017313673017,-0.15391339429110573,0.13993298925055167,-0.14336277719022436,1.4722724432839245,-0.03795965813760971,-0.02772755671607552,0,0,FOLLOWING,1.4435203250660786,0.23516309188603335,0
6.912,2.543919931341632,1.101838458888487,0.31173976906013734,3.963067904600992,1.4998983791888956,0.15776250465903924,-0.15726607270375048,0.13818067108304177,-0.13888497506393194,1.473917457036084,-0.038274718416116627,-0.02608254296391599,0,0,FOLLOWING,1.482847745343052,0.31224120594424304,0
6.944,2.548696569600074,1.1033704522397356,0.30717353864356667,3.9707159990136605,1.4948470700505454,0.18336250465903922,-0.1650799704801091,0.1567741263265809,-0.14269494750873662,1.4749214216094135,-0.03853192637860531,-0.02507857839058647,0,0,FOLLOWING,1.5364910315045965,0.40909127878097074,0
6.976,2.554252968810107,1.1051263475288193,0.302368190644655,3.97831450525088,1.4896757530005282,0.20896250465903926,-0.1737272236345758,0.1821187110059435,-0.15016741554041388,1.4750693220383573,-0.0386218048488724,-0.024930677961642722,0,0,FOLLOWING,1.497417582877927,0.33760742328449067,0
7.008,2.560605217795309,1.1071004481236626,0.29731330534895206,3.9858632708078465,1.4843848431976738,0.23456250465903927,-0.18937518323125324,0.2078866534283784,-0.1579655207995582,1.474348680754811,-0.03853572242268538,-0.02565131924518904,0,0,FOLLOWING,1.5203898941345655,0.3904078690791932,0
7.04,2.5677566061997763,1.1092829994283882,0.291809304466205,3.993362144178069,1.4789747654018448,0.2601625046590393,-0.20742064069912028,0.2336672242006656,-0.1720005048068735,1.4727603850399258,-0.03807583726108388,-0.02723961496007421,0,0,FOLLOWING,1.5571459749118195,0.4583093477252287,0
7.072,2.5757093421547714,1.111661722845326,0.28578505175179747,4.000810974856411,1.4734459539398368,0.28576250465903924,-0.21209578582394892,0.2594088859413213,-0.18825854264449565,1.4703069384987357,-0.037171531937474356,-0.029693061501264273,0,0,FOLLOWING,1.558003586057554,0.43479402266381534,0
7.104,2.58446147789685,1.1142214185798363,0.27959872714825335,4.008209613342112,1.4677988526705108,0.3113625046590393,-0.2041656847746068,0.2849658299042261,-0.19332337568851343,1.4669954857060759,-0.03618049755518767,-0.03300451429392415,0,0,FOLLOWING,1.5295202499624438,0.36068739866543464,0
7.136,2.593991786616298,1.1169437429232474,0.2734872998917544,4.015557911141785,1.462033914949159,0.29931859909227604,-0.18747302863864987,0.3097364848217311,-0.19098283819143463,1.4628525124657261,-0.03534040137050637,-0.03714748753427388,0,0,FOLLOWING,1.473763346840073,0.2477591403661562,0
7.168,2.6032588579081164,1.1195247539102042,0.26806849955861994,4.022855720772402,1.456151603591109,0.27430862198732703,-0.18358038622645198,0.3005929753377975,-0.16933808730458977,1.4589629498312184,-0.03524040890881541,-0.041037050168781564,0,0,FOLLOWING,1.4661431032840613,0.2636797114565874,0
7.2,2.611792694626227,1.1218467668962957,0.26272021240101806,4.030102895764249,1.4501523908345695,0.26228939439427024,-0.17236985043897662,0.27634462133613735,-0.16713443662859997,1.4558119416194095,-0.03524986459205404,-0.04418805838059048,0,0,FOLLOWING,1.4795424885968578,0.27352672146495666,0
7.232,2.619935996919397,1.1240160835670112,0.25772521386213837,4.037299290663868,1.4440367583027167,0.25796686812557224,-0.1489807503937966,0.2633347749816301,-0.15609403653208423,1.45304230451576,-0.03566284791439808,-0.04695769548423989,0,0,FOLLOWING,1.4890498062297108,0.27035923570725173,0
7.264,2.6279350115351545,1.1261051346825826,0.25342124329839394,4.044444761036977,1.4378051969650314,0.2628630091877555,-0.12710516644863135,0.2583459446186404,-0.13449928657198965,1.4503988414434832,-0.03682520528442265,-0.04960115855651681,0,0,FOLLOWING,1.503249539746607,0.29510216511245646,0
7.296,2.636077619851363,1.1281958094065763,0.24974463377598066,4.051539163471367,1.4314582070978803,0.2496801193688805,-0.11950862051756111,0.2627122485313946,-0.11489417375873981,1.4475840090718755,-0.03868560792782031,-0.052415990928124545,0,0,FOLLOWING,1.4736606950429234,0.2571846382901354,0
7.328,2.6438484063668173,1.1301595030569063,0.2462650825155384,4.058582355579782,1.4249962982443565,0.24193041045841562,-0.12267579324967058,0.25045925814259173,-0.10873608600933023,1.4451300574177113,-0.040801573416690634,-0.05486994258228872,0,0,FOLLOWING,1.477737793278629,0.28469653849683385,0
7.36,2.6513731203655344,1.1320347723885615,0.24271248014623592,4.065574196002775,1.4184199891733718,0.23378838804793048,-0.12847394338952267,0.2423330751641052,-0.11101894729784624,1.4429071954656023,-0.042907781653202026,-0.05709280453439769,0,0,FOLLOWING,1.4740900764556224,0.28629059152692027,0
7.392,2.6586492608271133,1.1338212086217745,0.23899262560664408,4.072514544411545,1.4117298078380076,0.23334043166261725,-0.14077087930770896,0.23412704332051507,-0.11624559751633659,1.4409192307841598,-0.04490745375984695,-0.059080769215840157,0,0,FOLLOWING,1.4839928513075056,0.31925820262622534,0
7.424,2.665903763109468,1.1355750471597366,0.2349297853386165,4.07940326151076,1.404926291333133,0.22086783475422522,-0.16331136867310064,0.23323566080849073,-0.12696394250395757,1.4389339542586588,-0.04663096973209818,-0.061066045741341224,0,0,FOLLOWING,1.4621086716704472,0.3183136122197197,0
7.456,2.6727970163001724,1.1372106518627294,0.2301971475359559,4.086240209041341,1.3980099858522848,0.19526783475422518,-0.17300340047381163,0.22138715369151388,-0.1478952105503814,1.4373023174390778,-0.04773583407403295,-0.06269768256092223,0,0,FOLLOWING,1.4321108133046685,0.25569337063104197,0
7.488,2.678928431692776,1.13863051715993,0.22512852844665304,4.093025249783246,1.3909814466438177,0.17111245076116366,-0.17768132386901175,0.19666000149949928,-0.15839467765888535,1.436436842518658,-0.048533682847668014,-0.063563157481342,0,0,FOLLOWING,1.429903597428144,0.24594901910495115,0
7.5200000000000005,2.6843076835896773,1.1398454148947161,0.21992809285287857,4.099758247558222,1.3838412379663303,0.14551245076116362,-0.20430022055524918,0.17232166965038082,-0.16251398213582352,1.4363266552965126,-0.04922538703879062,-0.0636733447034874,0,0,FOLLOWING,1.3997575353214802,0.2905114414257519,0
7.5520000000000005,2.6888895916058737,1.1408531690924877,0.21396956530155797,4.106439067232536,1.3765899330433646,0.11991245076116362,-0.2147911618614535,0.1465945918861132,-0.18620455442928247,1.4370171668172431,-0.04917884232625791,-0.06298283318275688,0,0,FOLLOWING,1.3842992881250513,0.2422048934927095,0
7.5840000000000005,2.6926731675182283,1.1416590154364459,0.20770781597939256,4.113067574719688,1.3692281140173874,0.0965759769666874,-0.22110496042115751,0.12087892598734429,-0.19568032690611722,1.4385089386716121,-0.048842509671119694,-0.061491061328387886,0,0,FOLLOWING,1.4256563830505156,0.2749771619716433,0
7.6160000000000005,2.69572252756699,1.1422861957919317,0.20127484299543,4.119643636983105,1.361756371903055,0.08449566416866425,-0.2295805459217045,0.09728113829440593,-0.2010311432265946,1.4407353969563836,-0.048347409366490623,-0.05926460304361636,0,0,FOLLOWING,1.4130924725475353,0.27207049468553784,0
7.648000000000001,2.698368049319903,1.1428135583825538,0.194655310653493,4.126167122038808,1.3541753065397664,0.07678100790889242,-0.2406345767256888,0.08430297946986894,-0.2068612203751882,1.4433585765987043,-0.04768938008344306,-0.05664142340129574,0,0,FOLLOWING,1.4171889883703659,0.28943623858435163,0
7.68,2.700768195173415,1.1432751038075655,0.18771718425816988,4.132637898958061,1.3464855265435063,0.05118100790889241,-0.25817397149739946,0.07638633528634384,-0.2168173853433551,1.44621759238534,-0.04673900974800249,-0.05378240761466002,0,0,FOLLOWING,1.3686008578856086,0.2848326922352456,0
7.712,2.7024046210798316,1.1435726572341989,0.18021291476399692,4.13905583787,1.3386876492579864,0.029070437078686662,-0.254546189244892,0.0519697416061184,-0.23450955000274815,1.4498401907855618,-0.0452264533199451,-0.05015980921443819,0,0,FOLLOWING,1.3887946377720404,0.23660656246274275,0
7.744,2.703342345111462,1.1437311265445633,0.17281330843087875,4.145420809964239,1.3307823007050845,0.028694599271412775,-0.23967640882772404,0.029714425363901203,-0.23123881219597567,1.4541590148766301,-0.04382405701102518,-0.04584098512336987,0,0,FOLLOWING,1.4147908751279374,0.22471271092260006,0
7.776,2.70422602950265,1.1438764023881682,0.16590183905248482,4.151732687493458,1.322770115534584,0.032165017173449946,-0.23492552273455378,0.02799895037160364,-0.2159843803030968,1.458519278422822,-0.04293786551308644,-0.04148072157717797,0,0,FOLLOWING,1.42283958476506,0.25633156979826127,0
7.808,2.705216004765848,1.1440344288377116,0.15912708954395674,4.15799134377596,1.314651736973227,0.006565017173449941,-0.23211496852009292,0.0313439113760596,-0.21171179708468493,1.4627598748500572,-0.042220292247760235,-0.03724012514994279,0,0,FOLLOWING,1.3459422908351732,0.2180930580854312,0
7.84,2.705457176309338,1.144063848929427,0.15235550800037198,4.164196653198219,1.3064278167730734,0.0,-0.21508793721961167,0.007579315565641264,-0.21161274749962236,1.4677475666775872,-0.041507463713247164,-0.03225243332241279,0,0,FOLLOWING,1.397299247766128,0.19109796944398846,0
7.872,2.7054507115842976,1.1440570539131352,0.14615174395976027,4.1703484912174025,1.298099015159178,0.0,-0.20780827978319946,-0.00022638726255737703,-0.19386830803245908,1.4729746876978327,-0.04138135014544446,-0.027025312302167315,0,0,FOLLOWING,1.4134256650024388,0.22834078265849242,0
7.904,2.7054339116668613,1.1440499409206266,0.14015770280643397,4.176446734363868,1.2896660007765874,0.0007906526760312893,-0.21856756394966084,-0.0005406898475052595,-0.1873143930181901,1.4782025441146385,-0.04148881302673547,-0.021797455885361527,0,0,FOLLOWING,1.4218982071330575,0.2888702072629921,0
7.936,2.7054433203042887,1.144047570045292,0.13385393223510253,4.182491260243639,1.2811294506366604,0.010640447939028378,-0.23160102973333466,0.0002909252331003135,-0.19699351231417753,1.4833954492533488,-0.04131101507095321,-0.016604550746651237,0,0,FOLLOWING,1.4300906496305557,0.3074726085262243,0
7.968,2.7057556363248905,1.1440866829916871,0.12717450684994,4.188481947540868,1.2724900500627143,0.03624044793902838,-0.24079281560079344,0.009850823146343498,-0.20873283823403044,1.4882757602834622,-0.040790514863366045,-0.011724239716537799,0,0,FOLLOWING,1.4870334858862524,0.36431148161479526,0
8.0,2.7068400366361085,1.1442258996258288,0.12011031109084233,4.194418676020266,1.2637484926350109,0.06184044793902837,-0.24657565108542293,0.03418888649866718,-0.22075704145747355,1.4923725602515145,-0.039935466725512736,-0.007627439748485454,0,0,FOLLOWING,1.4782058197784191,0.34165036651887987,0
8.032,2.7087005990284667,1.1444508332612109,0.11265046054521625,4.200301326529515,1.2549054801350719,0.08744044793902837,-0.2568176750458814,0.058584248869398746,-0.23312140993031202,1.4956847793895898,-0.03873429013820865,-0.004315220610410231,0,0,FOLLOWING,1.4961901134559823,0.37685064668119644,0
8.064,2.711345186074953,1.1447495646924704,0.10470212233087442,4.206129781001665,1.24596172248934,0.11304044793902836,-0.2798006399738839,0.08318263002044643,-0.2483868909951049,1.4982072240234703,-0.037095119001591875,-0.0017927759765297147,0,0,FOLLOWING,1.5318669512601808,0.4613510169398771,0
8.096,2.7147983879506326,1.1451106663407336,0.09602474228222498,4.211903922457499,1.2369179377121853,0.13864044793902836,-0.28495481826003854,0.10851089611018412,-0.27116986827609524,1.4999178499263761,-0.034778259106085986,-8.215007362388782e-05,0,0,FOLLOWING,1.524315002643043,0.40721233631583376,0
8.128,2.719021582161416,1.1455137686657895,0.08692048855599042,4.217623635007882,1.2277748518482627,0.16424044793902837,-0.28222598068054466,0.13258000473811,-0.28450997344987483,1.50085808742932,-0.03208364159035387,0.0008580874293200313,0,0,FOLLOWING,1.4912868912070285,0.3426670227451427,0
8.16,2.7240653648627156,1.1459472440189489,0.07788953248401775,4.223288803856087,1.218533198914224,0.18984044793902835,-0.27190738396542297,0.1582034344133828,-0.28221940943748813,1.5009795604455012,-0.029511607701544824,0.000979560445501182,0,0,FOLLOWING,1.529021667805057,0.3736335550974663,0
8.192,2.729939329562852,1.1463971229400132,0.06918823010345687,4.228899315300099,1.2091937208397887,0.20000055210361478,-0.26992003321051233,0.18410165831154574,-0.27191755782104254,1.5002747920128479,-0.027319267720918392,0.0002747920128478576,0,0,FOLLOWING,1.4847784249575129,0.33419362352884785,0
8.224,2.7363198949294136,1.1468261920474718,0.06134960258885662,4.234455056734899,1.199757167408184,0.216059744553469,-0.26216261173170335,0.19983723162755662,-0.2449585383953182,1.4990699287193325,-0.026033051271360474,-0.000930071280667466,0,0,FOLLOWING,1.520901252044038,0.3663466887663231,0
8.256,2.743225419150708,1.1472346424494961,0.053784049262664356,4.239955916654719,1.1902242961959497,0.22624925701275872,-0.25090994142596135,0.21617002500575064,-0.23642479553543472,1.497347752690685,-0.025069569352797305,-0.0026522473093149035,0,0,FOLLOWING,1.5168230037802197,0.34842685601203394,0
8.288,2.750467335302504,1.1476071877196803,0.04654260822555821,4.245401784655286,1.1805958725121193,0.24336713016385803,-0.24868455931039524,0.22660025807215556,-0.22629613230749704,1.4952983853351947,-0.024479211572374076,-0.0047016146648053425,0,0,FOLLOWING,1.53056055982378,0.38861148890284586,0
8.32,2.758248112225497,1.1479510262738202,0.039365333111163574,4.250792551436032,1.1708726693367801,0.24768152125206844,-0.24450228001274768,0.24338377667985592,-0.2242908900131126,1.4927204375699408,-0.024009112761410285,-0.007279562430059228,0,0,FOLLOWING,1.5149205153072387,0.3607992432600063,0
8.352,2.7661858949985905,1.1482439903942094,0.032308912260116764,4.256128108802294,1.1610554672590188,0.24037054170497604,-0.2421707454301186,0.24821244928081337,-0.22051415336455893,1.4899972934249706,-0.023710484069817784,-0.01000270657502944,0,0,FOLLOWING,1.4961726640305921,0.3413933143007513,0
8.384,2.7739059744668957,1.1484729218595862,0.025320832189799223,4.261408349667479,1.1511450544142512,0.25345741709701525,-0.24810367263090546,0.24133861397081546,-0.21837845556477364,1.4875047752930972,-0.02352444535715626,-0.012495224706902786,0,0,FOLLOWING,1.5260073107316987,0.4062977950066546,0
8.416,2.782013582905713,1.1486571270285797,0.018162182896499155,4.266633168055219,1.1411422264209556,0.27905741709701526,-0.23019199035328322,0.2534264180344309,-0.22370876960737957,1.4846386046242481,-0.023223975493783973,-0.015361395375751874,0,0,FOLLOWING,1.5600207239597712,0.4026904272234254,0
8.448,2.790793519905378,1.1487973461614143,0.010848649918074773,4.271802459101496,1.1310477863167951,0.27071716314257066,-0.22097432564972963,0.2744132221577622,-0.22854894647334423,1.481115297623209,-0.02283285178862287,-0.018884702376791074,0,0,FOLLOWING,1.4974917719711873,0.3205402068759195,0
8.48,2.7994784997577984,1.1488690420488001,0.004470734128529549,4.276916119056741,1.1208625444941505,0.262310619606385,-0.22295661775617498,0.27140052461321723,-0.19931060905547568,1.4777030428421696,-0.02342459271590564,-0.02229695715783042,0,0,FOLLOWING,1.4993692722775938,0.3544836247996784,0
8.512,2.807899361007896,1.14888401581493,-0.0019618493718461132,4.281974045287927,1.1105873186350614,0.24154480077367493,-0.22733027215682416,0.26313544527551774,-0.20101894409877685,1.4745720775364493,-0.0240124684276692,-0.025427922463550745,0,0,FOLLOWING,1.4740815217022727,0.33486276608017435,0
8.544,2.8156682230494945,1.1488462875837788,-0.008518364701563766,4.286976136280621,1.1002229336455822,0.2355469924595535,-0.23474232556251562,0.24275598816558688,-0.2048918437312249,1.4721111391755481,-0.02451731990501499,-0.027888860824451855,0,0,FOLLOWING,1.4907480774121071,0.36897321594594906,0
8.576,2.8232183810668454,1.1487598170708488,-0.015287451881681968,4.291922291641024,1.0897702215895548,0.25346242520714346,-0.23496940171465014,0.23594904529226596,-0.21153478210332927,1.4698880737358646,-0.024855360758337403,-0.03011192626413539,0,0,FOLLOWING,1.528409736662483,0.4048851700861771,0
8.608,2.83130380524493,1.148614435957544,-0.022064040032891866,4.296812412097984,1.079230021621814,0.25470885252720543,-0.22197084968161998,0.2527223179290408,-0.21176918827613841,1.4671501878516364,-0.025245570367707183,-0.03284981214836358,0,0,FOLLOWING,1.5078368747349662,0.3400359844029582,0
8.64,2.8394524068546403,1.1484129976971835,-0.02846666106972087,4.301646399504994,1.0686031799208164,0.25706500326122905,-0.21161074694643786,0.2547199187427137,-0.20008259134578904,1.4643704719627069,-0.026061467575119332,-0.035629528037293134,0,0,FOLLOWING,1.5096104802852308,0.3457213564712055,0
8.672,2.8476752772537077,1.148158359329133,-0.03457074754797845,4.306424156842154,1.0578905496207092,0.24466249402773474,-0.19139303358597068,0.257086061726523,-0.19075329303855793,1.4615391103799118,-0.027230744131336814,-0.0384608896200882,0,0,FOLLOWING,1.486088364704205,0.28260159243624,0
8.704,2.8555199800895052,1.1478654721248835,-0.04009179910929998,4.311145588218124,1.0470929907428392,0.24159130222378614,-0.18513264056761614,0.24530512878991484,-0.1725332996991627,1.4591096614181214,-0.029027588357368447,-0.04089033858187863,0,0,FOLLOWING,1.496114092485616,0.32763839294676816,0
8.736,2.863249753232006,1.1475355211378584,-0.04543162056879368,4.315810598872045,1.0362113701267102,0.21599130222378612,-0.18407059364564837,0.2417712877973443,-0.1668698188990933,1.4568205369519127,-0.031058776060884714,-0.043179463048087285,0,0,FOLLOWING,1.4456898878637328,0.27755349291680864,0
8.768,2.8702406295508722,1.1471983741550065,-0.05101323278495497,4.320419095175445,1.0252465613603918,0.1903913022237861,-0.20537173502882244,0.2186996699788855,-0.17442584008214457,1.4552971609967265,-0.03288371782097817,-0.04470283900327354,0,0,FOLLOWING,1.4187880841557599,0.33206759118102475,0
8.8,2.876428631534468,1.1468636088749016,-0.05730395913678253,4.324970984634113,1.0141994447103855,0.16479130222378607,-0.22021580943673644,0.19363985792943453,-0.1965858620544203,1.4546046642221822,-0.03402585393313899,-0.04539533577781785,0,0,FOLLOWING,1.4206491665794478,0.3250476781312381,0
8.832,2.8818179637089534,1.1465370096396317,-0.06415781632626603,4.329466175889962,1.003070907050958,0.14425056173802075,-0.2291743095224085,0.1687109221552192,-0.21418390049812933,1.454739794197868,-0.034622516816645056,-0.04526020580213208,0,0,FOLLOWING,1.460528814703007,0.3530745515581776,0
8.864,2.886475816917349,1.1462202595431783,-0.07094251272615472,4.333904578722855,0.9918618417929418,0.1559237786959332,-0.24886716299909278,0.14588434472521727,-0.21202260976981901,1.45563612954343,-0.03529913569931982,-0.04436387045657009,0,0,FOLLOWING,1.480063006760595,0.41240093123864824,0
8.896,2.8914193623173507,1.1458520113832955,-0.07811574060400943,4.338286104052421,0.9805731488120095,0.16152320185428276,-0.26146262905473433,0.1549315868849057,-0.2241644032518798,1.4562762343566267,-0.035623504349384105,-0.043723765643373325,0,0,FOLLOWING,1.474329284217399,0.3924571268186709,0
8.928,2.8965478875129604,1.145434057952274,-0.08565279385716146,4.3426106639398405,0.9692057343764328,0.17545166314666993,-0.2684508807239367,0.16080994465769194,-0.235534057435199,1.4567614682568208,-0.035616895945193655,-0.043238531743179154,0,0,FOLLOWING,1.4911623135807752,0.4015053281732662,0
8.96,2.902110872462925,1.1449398971371347,-0.09339255381019049,4.346878171589612,0.9577605110743255,0.19309417415534863,-0.27747059595196716,0.17454312857750512,-0.24186871610766517,1.4568420199845529,-0.03544656261073012,-0.04315798001544713,0,0,FOLLOWING,1.502068436357171,0.42378457962077576,0
8.992,2.9082319198392885,1.1443497048225493,-0.10139345030233074,4.351088541351294,0.9462383977403784,0.2044401567009362,-0.27880623883452554,0.1921845138667604,-0.2500293495528915,1.456393944039471,-0.03505824292760295,-0.04360605596052891,0,0,FOLLOWING,1.4982127275532107,0.4000562129301772,0
9.024000000000001,2.914723354999373,1.1436715982086259,-0.10943410542047911,4.355241688721223,0.9346403193820975,0.18904043871982945,-0.2788722846930667,0.20396748503564693,-0.2512718308855796,1.4556054222613448,-0.03466846088870791,-0.04439457773865518,0,0,FOLLOWING,1.4561553195066894,0.3481228091441225,0
9.056000000000001,2.920759828261941,1.1429896894573355,-0.11747642494745261,4.359337530344207,0.922967207105541,0.17356978179225968,-0.29672736025236535,0.1898231946771716,-0.2513238480691037,1.4553060494853094,-0.03429193379055018,-0.044693950514690606,0,0,FOLLOWING,1.4478016140220573,0.40102499259598823,0
9.088000000000001,2.9262977985067855,1.1423166919525376,-0.12603208296356594,4.363375984015206,0.9112199980405699,0.17575939619541248,-0.3086988789273372,0.17431915291641853,-0.26736593990153357,1.455540928040574,-0.033412963219776874,-0.044459071959426,0,0,FOLLOWING,1.4729596753388638,0.4179384607375664,0
9.120000000000001,2.931870934423134,1.141590655842458,-0.13493306689879328,4.367356968680975,0.8993996352656141,0.16348206462382991,-0.31751277846276765,0.17563255756098406,-0.27815758360769105,1.4557735555358038,-0.03220994726846982,-0.04422644446419621,0,0,FOLLOWING,1.4482959178643138,0.3911255656236402,0
9.152000000000001,2.9370665455751417,1.1408649420928734,-0.14408771128206546,4.371280404441691,0.8875070677319619,0.15494515846340512,-0.3054160323677798,0.16392910017112322,-0.28608462897037423,1.4564201335691422,-0.030761177681899704,-0.04357986643085776,0,0,FOLLOWING,1.4525999823181173,0.33512455929306395,0
9.184000000000001,2.941978781960747,1.1401314928576582,-0.15289418080139153,4.375146212552562,0.8755432501875741,0.14640931104552274,-0.2915240228760747,0.15520322211125068,-0.27520394828865263,1.4573866413098442,-0.029668024704040202,-0.04261335869015581,0,0,FOLLOWING,1.4501911506983383,0.3231626179401175,0
9.216000000000001,2.946612549647564,1.1393968101220793,-0.16130015019971586,4.378954315425403,0.8635091431004404,0.15978238153564803,-0.2756908402968533,0.1466096673819517,-0.26268809492015605,1.4586695783508417,-0.02898255558231569,-0.041330421649158344,0,0,FOLLOWING,1.4859799459150096,0.35646720216484684,0
9.248,2.9516314629145635,1.1385600042574378,-0.1692506902127169,4.382704636630194,0.8514057125814688,0.18213458140557798,-0.2695540628801496,0.15901949611552,-0.24845569806368528,1.4595985803488765,-0.02877614559462799,-0.04040141965112354,0,0,FOLLOWING,1.5054407751741645,0.40198753226997025,0
9.28,2.957333211332237,1.1375650408149593,-0.177053370401768,4.386397100896613,0.8392339303069267,0.20383983645279682,-0.26579371746519687,0.18089077866376196,-0.24383499285671778,1.4598715874876873,-0.028750723315963927,-0.040128412512312694,0,0,FOLLOWING,1.512091301727863,0.4131383390161813,0
9.312,2.963718236472719,1.136402243670205,-0.18474220528239732,4.390031634115552,0.8269947734404317,0.22872349225301544,-0.2724308173464348,0.20282834429512653,-0.24027727021549866,1.4594872013585558,-0.02887614411320491,-0.04051279864144419,0,0,FOLLOWING,1.5236143935662654,0.4546575547502174,0
9.344,2.970862540010932,1.1350462789591267,-0.19270675457830186,4.393608163340593,0.8146892245545072,0.22496869064284775,-0.26560299534618814,0.22725753040340663,-0.24889348916988074,1.4583668094860462,-0.028767766039277057,-0.041633190513953755,0,0,FOLLOWING,1.485323165409172,0.367338424323567,0
9.376,2.9779406669220068,1.1336443931623696,-0.20036977516913596,4.397126616789486,0.8023182715516959,0.21444791807899763,-0.26548073561476127,0.2254764239778622,-0.23947060905520404,1.4573488803861725,-0.028984265606492754,-0.042651119613827504,0,0,FOLLOWING,1.4713833553477618,0.3694181889028445,0
9.408,2.9846882095127243,1.132252515428225,-0.20802822041930083,4.400586923845583,0.7898829075852549,0.20487547340438525,-0.2724222192606076,0.21528275283085277,-0.2393276088212697,1.4567038537822266,-0.029221566036216562,-0.043296146217773446,0,0,FOLLOWING,1.4678710284579932,0.38964819311248583,0
9.44,2.9911199683665375,1.1308729886850435,-0.2158856725773216,4.403989015059251,0.7773841309794212,0.21462664361384673,-0.28774582349799993,0.20554949367510922,-0.24554665013508106,1.4564179742177046,-0.02927390486126244,-0.04358202578229542,0,0,FOLLOWING,1.4958895774868006,0.4525578777456031,0
9.472,2.9978154137025963,1.1293825477391601,-0.22418469146009928,4.407332822149273,0.7648229451492653,0.21283551966885647,-0.2929114859692199,0.21435668837347088,-0.2593458286671722,1.4558993881978035,-0.02891040367244435,-0.04410061180219649,0,0,FOLLOWING,1.4800580408506283,0.41075104154578385,0
9.504,3.0044572121808755,1.1278455499653375,-0.232632743185411,4.4106182780042165,0.7522003585201373,0.20607216622606322,-0.30210613363113503,0.21303515381159693,-0.2640031918622545,1.4554718317072768,-0.028413711813398745,-0.044528168292723214,0,0,FOLLOWING,1.4698555788340166,0.4164088465416007,0
9.536,3.0108819793595747,1.1263002718524238,-0.2413452261020987,4.413845316683777,0.7395173844467092,0.18554181700052066,-0.30247137727081996,0.2064895577470158,-0.2722668162681814,1.455303105152245,-0.027662309356154602,-0.044696894847755075,0,0,FOLLOWING,1.443432327259362,0.36860706623123435,0
9.568,3.0166717296816974,1.1248515399963213,-0.25006736090849435,4.417013873420107,0.726775041131619,0.15994181700052065,-0.29560819331018967,0.1864886802328467,-0.2725684360841309,1.4558238281049884,-0.026897324002658263,-0.04417617189501155,0,0,FOLLOWING,1.420573243845343,0.32832258682586096,0
9.6,3.0216679721395177,1.123552041044957,-0.2586453275058079,4.420123884619112,0.7139743515437325,0.13434181700052064,-0.2962385966314187,0.16130752854894315,-0.2680630961728671,1.4572003372516413,-0.026265256028868034,-0.04279966274835867,0,0,FOLLOWING,1.3936610726758547,0.33569077888517845,0
9.632,3.0258494459138685,1.122422808875616,-0.26720477186725966,4.423175287861726,0.7011163433360159,0.10874181700052064,-0.30661999026110653,0.1353357914577079,-0.2674842877871414,1.4594583400977088,-0.025635947924373848,-0.040541659902291194,0,0,FOLLOWING,1.4132371330658693,0.3844078283884514,0
9.664,3.0292223585830453,1.1214773016545854,-0.276043817677365,4.42616802190517,0.6882020487630349,0.10399320773386268,-0.30957705843881733,0.1094537631342438,-0.2762220295777212,1.4625951699095439,-0.024706894432539206,-0.03740483009045614,0,0,FOLLOWING,1.4441923361683113,0.3923754224358407,0
9.696,3.0324086248307425,1.1205538041634633,-0.2849670022090762,4.429102026684173,0.6752325045980846,0.09782307753243498,-0.3226682187316394,0.10367482206475932,-0.2788514587896495,1.4659684575827363,-0.02368306264836623,-0.034031542417263694,0,0,FOLLOWING,1.428626553987393,0.4141640959662721,0
9.728,3.0353987880445867,1.1196583233074744,-0.2942674004329942,4.431977243312185,0.6622087520499559,0.079600995439237,-0.3270834999011878,0.09754804011644708,-0.2906396107407539,1.4695888853558057,-0.022269347697952246,-0.030411114644194326,0,0,FOLLOWING,1.4051722346279085,0.37639935476220265,0
9.76,3.0378404369124485,1.1188999309581118,-0.30369510646987935,4.434793614082555,0.649131836679347,0.06299413922049639,-0.33824799273759143,0.07989233963330117,-0.2946180413837055,1.473825037651334,-0.020705536658163604,-0.02617496234866601,0,0,FOLLOWING,1.4002909770136804,0.4009322924722054,0
9.792,3.0397658082818357,1.1182793033650358,-0.3134443148080885,4.437551082469689,0.6360028083149223,0.056553371939337786,-0.3174056846157671,0.06321285563466382,-0.3046652322310138,1.4786461004629317,-0.01879517649359186,-0.021353899537068344,0,0,FOLLOWING,1.417685259913798,0.3120751138021514,0
9.824,3.041474706775263,1.117709544521172,-0.3225943507420683,4.440249593130186,0.6228227209690343,0.06652618498739903,-0.29267569786583647,0.05629819465929866,-0.28594069189246146,1.4837399202093178,-0.017461920846426837,-0.016260079790682225,0,0,FOLLOWING,1.4470798654004287,0.3191278641275253,0
9.856,3.0434603504184703,1.117031444538039,-0.3310329365338758,4.4428890919039485,0.6095926327531044,0.0857260322999133,-0.2671372129806037,0.06558757068772204,-0.2637074388975036,1.4885882406499575,-0.016826191825169978,-0.01141175935004246,0,0,FOLLOWING,1.4687268589285176,0.3299962915002263,0
9.888,3.0460114745498297,1.1161409323780107,-0.33874564154385073,4.44546952581527,0.5963136057926768,0.08945084830397657,-0.25515600915047093,0.08446240799668489,-0.24102325476825315,1.492884217451748,-0.01690821523333097,-0.007115782548251959,0,0,FOLLOWING,1.4485705024057336,0.33125398588537475,0
9.92,3.0486962550877106,1.115182637995919,-0.3461044216649652,4.447990843073894,0.5829867061421504,0.1062162793732498,-0.24738094364035343,0.08909017563759762,-0.22996292084229145,1.4970831152107502,-0.017332304167619,-0.002916884789249785,0,0,FOLLOWING,1.4733759398254935,0.365244401495845,0
9.952,3.0518652541272404,1.1140276880105096,-0.35324371135074706,4.45045299307606,0.5696130036991951,0.12458499188714768,-0.24900475329346974,0.10541699152996653,-0.22310374928445756,1.500811451192907,-0.0179701577318645,0.0008114511929069312,0,0,FOLLOWING,1.481881847661112,0.3971333990186027,0
9.984,3.055578327224837,1.11264645397892,-0.36043246068722284,4.452855926405517,0.5561935721188566,0.14252841091291157,-0.25719122856006194,0.12381437579319794,-0.22464938157731762,1.5040028254303563,-0.01855640391217178,0.004002825430356349,0,0,FOLLOWING,1.4872803864490058,0.42150043821409244,0
10.016,3.059823719295576,1.111034010330368,-0.3678558775301264,4.455199594834511,0.5427294887273665,0.13036222722182825,-0.2738987823316972,0.1419245457860193,-0.2319828471628749,1.5066664738124576,-0.0189080045707411,0.006666473812457552,0,0,FOLLOWING,1.439945259019951,0.4048944946116524,0
10.048,3.0637367104914026,1.1095131579573232,-0.3757560642218244,4.4574839513247575,0.5292218344356504,0.13823372214198468,-0.26652765434250114,0.1311757017836509,-0.24688214512016549,1.5097249390154237,-0.01876805207917015,0.009724939015423706,0,0,FOLLOWING,1.4736022487628293,0.3683784774971884,0
10.08,3.0678448835893426,1.1078788587849402,-0.3834449050126113,4.459708950028386,0.5156716936525523,0.16383372214198472,-0.2583862664470665,0.13816591643307974,-0.24027746779906217,1.5126119482135425,-0.018830315458912783,0.012611948213542501,0,0,FOLLOWING,1.5330093513591871,0.4410786378771499,0
10.112,3.072672303655462,1.1059157577278804,-0.39091629187388316,4.461874546288856,0.5020801541977769,0.18943372214198473,-0.24333539729726142,0.16286792455024407,-0.23348193116076504,1.514760808520017,-0.019110929047540692,0.014760808520017044,0,0,FOLLOWING,1.5544224748699622,0.4475972523178845,0
10.144,3.0782200839511082,1.1036129801425363,-0.39809525853915045,4.463980696641858,0.4884483072145586,0.2150337221419847,-0.2504027614401491,0.1877217517474477,-0.22434369183144348,1.5161662344557172,-0.019689734549785953,0.016166234455717188,0,0,FOLLOWING,1.532007132991433,0.46004338161015645,0
10.176,3.0845292708460166,1.1009423843545714,-0.40536589737775874,4.466027358816182,0.4747772470820614,0.24063372214198475,-0.2708541387676812,0.21410740245006338,-0.22720850328491898,1.5167793993197307,-0.02018811971608836,0.016779399319730715,0,0,FOLLOWING,1.532675606092786,0.5006445712513529,0
10.208,3.0915827514273455,1.0978972817758665,-0.41318897225640416,4.468014491734568,0.4610680713275246,0.26623372214198476,-0.27621649325201286,0.24009089349692847,-0.24447240631903627,1.516613259537654,-0.020148560225613454,0.016613259537654024,0,0,FOLLOWING,1.5228685220716551,0.4516631666382752,0
10.24,3.099365498191162,1.094464916660892,-0.42116727890366723,4.469942055514531,0.44732188053814914,0.2636414821286351,-0.2785226703592289,0.26581592646320845,-0.24932352495986765,1.5156761556106044,-0.01996824927525931,0.015676155610604425,0,0,FOLLOWING,1.4886892003944765,0.4043497594385489,0
10.272,3.1070830792328255,1.0909855300635083,-0.42920698420263365,4.4718100114691595,0.43353977827274265,0.27632883105741574,-0.2732615552377637,0.26453111292411235,-0.25124230787559376,1.5148315141027797,-0.019727513045103562,0.01483151410277972,0,0,FOLLOWING,1.5267443802008338,0.43454614703234506,0
10.304,3.11512005777464,1.0872830337292705,-0.4370958044767383,4.473618322107892,0.419722870973124,0.29240049680812397,-0.25938702229903343,0.276518287685527,-0.24652701421168813,1.5136558740663184,-0.019644676301285358,0.013655874066318408,0,0,FOLLOWING,1.5367945235175091,0.4246763078809683,0
10.336,3.123586163963257,1.0833013624453207,-0.4445856588544472,4.475366951137272,0.40587226787529807,0.318000496808124,-0.24761807345639497,0.29236235588374243,-0.23405912739079093,1.5120256197375628,-0.019972157070166585,0.012025619737562776,0,0,FOLLOWING,1.572716435256968,0.48126374423380724,0
10.368,3.132749264126427,1.0789092969460055,-0.4517380804322359,4.477055863461675,0.3919890809204019,0.34360049680812393,-0.24046535426626156,0.3175466720602714,-0.22351419406169812,1.509642214632646,-0.020658687738603798,0.009642214632646029,0,0,FOLLOWING,1.5857435737676682,0.5068274042605372,0
10.4,3.142618933630411,1.074093147377489,-0.45868571058883983,4.47868502518401,0.37807442466544167,0.369200496808124,-0.2347484031562864,0.34319331883981097,-0.21711439504822044,1.5064908441026186,-0.0215781974093584,0.006490844102618576,0,0,FOLLOWING,1.5506463613229189,0.4498918331784223,0
10.432,3.1531914145065785,1.0688445012127847,-0.4654699444154871,4.480254403606406,0.36412941619381134,0.3632637595854271,-0.23878355732750697,0.368865562469995,-0.21200821758646143,1.5025709727303622,-0.022695251085681156,0.00257097273036222,0,0,FOLLOWING,1.5213139146784016,0.4335001066595499,0
10.464,3.163598729419227,1.0635867538881703,-0.4723678564858859,4.481763967230862,0.3501551750256134,0.34414573434193907,-0.2646045382007448,0.3643521509890604,-0.21556074310319123,1.4988476279773484,-0.023717815420824295,-0.0011523720226516154,0,0,FOLLOWING,1.4986371960753764,0.47621931775124443,0
10.496,3.173438404403482,1.058527486372372,-0.48000802763999056,4.483213685759883,0.33615282302778204,0.33114973374492024,-0.29186937407529484,0.3457216752489463,-0.23875659520742648,1.495772857720867,-0.024005752980011008,-0.0042271422791329005,0,0,FOLLOWING,1.4993040232652324,0.4979889280882995,0
10.528,3.182855701336128,1.053591825458145,-0.48843240648764485,4.484603530097086,0.3221234843240189,0.3159718630173608,-0.29267366891120666,0.3322354258983397,-0.2632634346302897,1.4931822875206429,-0.023510630146979853,-0.006817712479357141,0,0,FOLLOWING,1.4918731412286659,0.4250875286916897,0
10.56,3.1917979468246567,1.0488055847508544,-0.4968804977299002,4.485933472347789,0.30806828520454765,0.2966953592709825,-0.29652442379974286,0.3169341349432595,-0.26400443449512334,1.4911332956379815,-0.02298255766378432,-0.00886670436201853,0,0,FOLLOWING,1.47827967298673,0.4226424377310116,0
10.592,3.200156940660796,1.0442370471580675,-0.5054386501036998,4.48720348581956,0.29398835403569157,0.30199717594317027,-0.2897917899231923,0.2976661343812615,-0.2674438876276199,1.4897522985170866,-0.022329390963367057,-0.01024770148291343,0,0,FOLLOWING,1.5129805159052685,0.44285598668454823,0
10.624,3.208590672701336,1.039537886170556,-0.513803076730314,4.488413545022765,0.2798848211692913,0.316836453096629,-0.2862026251544028,0.30170513605142063,-0.26138985965718675,1.4882941119559967,-0.0218684824132217,-0.011705888044003299,0,0,FOLLOWING,1.5295025737555683,0.47409731582636877,0
10.656,3.217385804986327,1.0345426620317713,-0.5220660530318915,4.489563625671073,0.2657588188519561,0.3331137126193307,-0.28788701279964396,0.31609248902859494,-0.25821947943637596,1.4864269255420917,-0.021513122142027608,-0.01357307445790834,0,0,FOLLOWING,1.5354048353153167,0.4959937996727775,0
10.688,3.2265919830097847,1.029214778571431,-0.5303788895469852,4.490653704681942,0.25161148113416654,0.32689045242955816,-0.2819558467403637,0.33240542124605466,-0.2597776374301391,1.4840885837382098,-0.02111493086931493,-0.015911416261790157,0,0,FOLLOWING,1.5036461992174939,0.43179498875648026,0
10.72,3.235611927175655,1.0238882575366464,-0.5385199165263712,4.491683760177089,0.23744394377923206,0.308838510678298,-0.27024107986107737,0.3273408869295103,-0.25440851191282104,1.481961911892797,-0.02088016455848452,-0.018038088107203087,0,0,FOLLOWING,1.4812128561045563,0.38571320964763717,0
10.752,3.2441066355343477,1.0187753407569486,-0.5463234951128393,4.492653771482921,0.22325734417211082,0.32974453828168776,-0.27749571740639273,0.30981575382985854,-0.24386306939001856,1.4804454848374995,-0.020968754572443075,-0.019554515162500508,0,0,FOLLOWING,1.536930517179762,0.5149620968147591,0
10.784,3.2530839376792984,1.0132850769133956,-0.5543368568984279,4.4935637191309565,0.209052821228097,0.3241785408399568,-0.27105852841305894,0.32885707925343743,-0.250418894377421,1.4783705926712074,-0.02085893706536779,-0.021629407328792594,0,0,FOLLOWING,1.5008046835510789,0.4291670004463417,0
10.816,3.2618970142394166,1.007791827287621,-0.5621636970631971,4.494413584858213,0.1948315153013913,0.3120174400339365,-0.25578819582754747,0.3245195035309103,-0.24459000814144533,1.4764828362411353,-0.02092632254052762,-0.0235171637588647,0,0,FOLLOWING,1.488052030148861,0.387341441023573,0
10.848,3.270346431214649,1.002431311779477,-0.5695509064165023,4.495203351607573,0.1805945680935495,0.2864174400339365,-0.24485528711235519,0.31268596228438295,-0.23085134199029045,1.4750220705829211,-0.02142191494745682,-0.02497792941707888,0,0,FOLLOWING,1.4582212463876245,0.3551207746952609,0
10.88,3.2780888819200236,0.9974360362383446,-0.5766785520966763,4.49593300352813,0.16634312256182593,0.26498897168603613,-0.23861121888956643,0.28791681325853735,-0.2227398738871174,1.4744014838905803,-0.02215762889999706,-0.025598516109419656,0,0,FOLLOWING,1.4573927173385521,0.3663206797408379,0
10.912,3.2852035365731846,0.9927721665101232,-0.5835678596213104,4.496602525975502,0.15207832282741585,0.2567873903127785,-0.24830532763163662,0.2658300277809642,-0.21529174080480476,1.4745350624284792,-0.023110395938677253,-0.025464937571520796,0,0,FOLLOWING,1.4694236130650669,0.427516246769562,0
10.944,3.292047713635706,0.9882189193959557,-0.5907337268438895,4.497211905512127,0.13780131408360483,0.23536973695989055,-0.24387225305266716,0.25688507020881396,-0.22393436796080765,1.475001977221163,-0.023770522979889238,-0.024998022778836892,0,0,FOLLOWING,1.4441782939568883,0.3600960972673966,0
10.976,3.298303924664946,0.983990021487964,-0.5977726125830207,4.497761129907534,0.12351324250382847,0.22763886007310896,-0.24209432070888082,0.23597056474318484,-0.21996613333285753,1.4761835503687448,-0.024528392643825,-0.023816449631255177,0,0,FOLLOWING,1.4601966197481977,0.3875855475948511,0
11.008000000000001,3.3043092765068365,0.979869554449855,-0.6047586201280947,4.4982501881385915,0.10921525514966086,0.22411157325716438,-0.2400517055665819,0.22759546511101264,-0.21831369498166805,1.4776785203006702,-0.0253148699326603,-0.02232147969932985,0,0,FOLLOWING,1.4648039524430823,0.3922793116118264,0
11.040000000000001,3.310187915735991,0.9757764365901173,-0.611685451131685,4.498679070389718,0.09490849987872418,0.2096673672175419,-0.2512894556945132,0.22385589104888515,-0.21646439729818057,1.4793375364048382,-0.026137177692287517,-0.020662463595161773,0,0,FOLLOWING,1.4425988190264678,0.4036484932915468,0
11.072000000000001,3.3156736333253405,0.9718992356134405,-0.6189362129294178,4.499047768053091,0.08059412525253837,0.2230157976092745,-0.2573192077440339,0.2099193725144043,-0.22658734437644495,1.481485451328535,-0.026603126843545266,-0.01851454867146507,0,0,FOLLOWING,1.4862257471578548,0.4483956107011501,0
11.104000000000001,3.3214484814280083,0.9677616801646264,-0.6263620749545782,4.499356273728814,0.06627328044431323,0.24702205150425832,-0.26735258757554864,0.22201892285581648,-0.2320593092594423,1.4832896217506715,-0.026878381142230512,-0.016710378249328528,0,0,FOLLOWING,1.5084017781408035,0.49078735994913486,0
11.136000000000001,3.327805422345689,0.9631385843390219,-0.6340798684218382,4.499604581225064,0.05194711514669168,0.27262205150425833,-0.2694678058348684,0.2456547160711096,-0.24118225596321305,1.4843797230760356,-0.026852757381745418,-0.015620276923964393,0,0,FOLLOWING,1.5366905993244382,0.5136500825557373,0
11.168000000000001,3.3347901904758603,0.9579780813465575,-0.6418610852523127,4.499792685558219,0.03761677947945193,0.2982220515042583,-0.26564727225945944,0.27140367082186323,-0.24316425136529538,1.4846870847160472,-0.02675741413346311,-0.015312915283952844,0,0,FOLLOWING,1.5352383475139717,0.49368893820228565,0
11.200000000000001,3.3423962382285586,0.9522677473764141,-0.6495345326308576,4.4999205829529565,0.023283423897171734,0.31326490015294745,-0.28129730812711806,0.2972333392492013,-0.2397964208148848,1.48420836876088,-0.026766270108948827,-0.015791631239119974,0,0,FOLLOWING,1.5028435206610185,0.49402845354265834,0
11.232000000000001,3.350357606348719,0.9461940253876933,-0.6576581404546138,4.499988270842327,0.008948199096872956,0.29589374327364193,-0.27663007836983616,0.31292751946390585,-0.2538641826203727,1.4832668012342143,-0.026317583121135746,-0.016733198765785717,0,0,FOLLOWING,1.4697478606088328,0.40091004700964183,0
11.264,3.357866589829529,0.940360918311332,-0.6656474125090462,4.499995747867812,-0.00538774407436042,0.3027843210606374,-0.27621417675753823,0.29711262985511316,-0.24966615060937092,1.4828686880656576,-0.025969191932071253,-0.017131311934342364,0,0,FOLLOWING,1.5040841312426283,0.4613204562198064,0
11.296,3.3654729418251743,0.9343571433522226,-0.6736244356917468,4.499943013879344,-0.019723254711772123,0.29971361772655086,-0.26654343531857805,0.3028166636131769,-0.24928331030353065,1.4823264655117454,-0.0256167924096955,-0.017673534488254594,0,0,FOLLOWING,1.4901580174867155,0.41729882497836607,0
11.328,3.3729621330364523,0.9283434831616985,-0.6813225418518212,4.499830069935314,-0.03405718194533158,0.2947795062129494,-0.27348349644165315,0.3001397773294677,-0.24056702482603276,1.481906335572242,-0.025517602098602876,-0.01809366442775806,0,0,FOLLOWING,1.483684384458446,0.4511665916838315,0
11.36,3.380283023000787,0.922370405408098,-0.6892200683375361,4.499656918302547,-0.04838837503212558,0.3083019137122847,-0.2719304912703187,0.29525294032113913,-0.24679899143416886,1.4816782806280266,-0.02519436078672122,-0.018321719371973355,0,0,FOLLOWING,1.5130997928225844,0.47459648205331745,0
11.392,3.3878690547498778,0.9160866151798625,-0.6970759508572834,4.49942356245626,-0.06271568344873965,0.2827019137122847,-0.2756367346498152,0.3078344998223548,-0.24549759016560638,1.4810831723448261,-0.024900422464044114,-0.018916827655173885,0,0,FOLLOWING,1.4440964947152648,0.39667647472788947,0
11.424,3.3948187747658825,0.9102285052819398,-0.7050382750119544,4.499130007079993,-0.07703795698362553,0.26410155171441735,-0.2729739171773811,0.28401619387401816,-0.24882395132031887,1.4812826757001765,-0.024458152986779336,-0.018717324299823535,0,0,FOLLOWING,1.457096572260649,0.39897145172566306,0
11.456,3.4012587315632854,0.9047090221628608,-0.7129221714636473,4.498776258065506,-0.09135404582944061,0.2590054748074748,-0.27711872208459604,0.2650324256561504,-0.24637303741070526,1.4821222474538964,-0.024054090424838748,-0.017877752546103576,0,0,FOLLOWING,1.4684622094907145,0.43416844003766647,0
11.488,3.4075133735477565,0.8992624891836802,-0.7209226848814161,4.498362322512674,-0.10566280067535563,0.2562059812916732,-0.27629913325645233,0.25917366116864127,-0.25001738910324894,1.4831811311017045,-0.023499898429112043,-0.016818868898295536,0,0,FOLLOWING,1.470803479183061,0.42606723412059444,0
11.52,3.4136530785470063,0.8938292714239275,-0.7288995144899592,4.497888208729334,-0.11996307279932275,0.2536797966560745,-0.27874832655645027,0.2562030512879377,-0.24927725819505317,1.4843654316667316,-0.02293553594779618,-0.015634568333268373,0,0,FOLLOWING,1.469759612939755,0.4342267038105999,0
11.552,3.4196890391304247,0.8884015528927091,-0.7369469299120236,4.497353926231124,-0.13425371416029527,0.27372029637944023,-0.28721705561913424,0.2536694118573708,-0.25148309870696356,1.48565992209557,-0.022266155575639043,-0.014340077904430037,0,0,FOLLOWING,1.506292190708758,0.5027264313749307,0
11.584,3.426133791144313,0.8825211106296982,-0.7452431915982219,4.49675948574129,-0.1485335774903965,0.2842125253615721,-0.30907787471425113,0.27265099932001413,-0.2592596737087731,1.4863758433941547,-0.02132892585379842,-0.013624156605845261,0,0,FOLLOWING,1.4951066434081512,0.526767996405562,0
11.616,3.4327886325679993,0.8763477936828793,-0.754168255340388,4.496104899190469,-0.16280151638701945,0.2984472656070967,-0.30978996697297084,0.28366851617933597,-0.2789100939025244,1.486765876485835,-0.019735835312652883,-0.013234123514165086,0,0,FOLLOWING,1.5063189099529202,0.493497817099433,0
11.648,3.439718999929962,0.8698037225257077,-0.7631174678589898,4.495390179716454,-0.17705638540486401,0.31380580115189083,-0.2967467087947179,0.29787208569748125,-0.27966476717149713,1.4867271859383657,-0.018090022929641014,-0.013272814061634275,0,0,FOLLOWING,1.5145319547043388,0.47134052267095433,0
11.68,3.4469460836914085,0.8628566514446165,-0.7716938766851781,4.494615341663926,-0.1912970401478938,0.32789049353210026,-0.281674479068281,0.3132719693375787,-0.2680144398549942,1.486220333462977,-0.016789424329696545,-0.013779666537022894,0,0,FOLLOWING,1.5178970385224533,0.46679845935416703,0
11.712,3.454439112162867,0.8555298158492911,-0.7798375665489466,4.4937804005841695,-0.20552233736120962,0.34119490423815846,-0.2719250743941224,0.3274975066114272,-0.25449174259868973,1.4852817866148813,-0.015896799189573655,-0.014718213385118695,0,0,FOLLOWING,1.5206556364260877,0.4781569209163429,0
11.744,3.4621769905507525,0.8478402787063384,-0.7877012224757826,4.492885373234757,-0.21973113502283026,0.36356310182543833,-0.26609134707790844,0.34090191217641364,-0.24574054221157599,1.48393682262648,-0.015263349040753773,-0.016063177373520032,0,0,FOLLOWING,1.5390420710581254,0.5132105458254993,0
11.776,3.470351290769178,0.8395911853580941,-0.7954003721402028,4.4919302775792165,-0.2339222924353783,0.3499584465306185,-0.25433008797678625,0.3629179990107009,-0.2405996404126719,1.4819091784910643,-0.01478135488059884,-0.018090821508935706,0,0,FOLLOWING,1.487111859531434,0.41515041856428947,0
11.808,3.4781931369616546,0.8315440578705801,-0.8027577578660609,4.490915132786666,-0.24809467031765198,0.36510351434943245,-0.25410349061973175,0.3511069005194173,-0.2299194078750753,1.4802789008263606,-0.014610959722510697,-0.0197210991736394,0,0,FOLLOWING,1.5284338124004275,0.505943573783915,0
11.84,3.486283739331574,0.8231296988926677,-0.8101093143463044,4.489839959231436,-0.26224713089609103,0.3676601671596885,-0.25896854622399346,0.3647813552881121,-0.22973716842508968,1.4782313584625368,-0.01443744974686445,-0.021768641537463163,0,0,FOLLOWING,1.5114743175444838,0.4922917515037263,0
11.872,3.4943794961136403,0.8145856029733025,-0.8175983758187416,4.488704778492652,-0.27637853799611745,0.3579254238898036,-0.26002441335075244,0.3678163313445715,-0.23403428364123385,1.4761048485995991,-0.014109792893374329,-0.023895151400400882,0,0,FOLLOWING,1.4910731091085323,0.4559344877000699,0
11.904,3.502209355072946,0.8061871133828369,-0.8251194983083144,4.487509613353808,-0.29048775713334896,0.3323254238898036,-0.26231250355059565,0.3588016746086392,-0.23503621369086664,1.474283680500475,-0.013722413370765076,-0.02571631949952491,0,0,FOLLOWING,1.4551133652968908,0.4131973311540041,0
11.936,3.50943295278657,0.7983164460416087,-0.8327090402897813,4.486254487802306,-0.30457365560467564,0.30672542388980356,-0.2679411801950253,0.3338178090275235,-0.23717432943209563,1.4732776003115806,-0.01323332920716569,-0.026722399688419385,0,0,FOLLOWING,1.4237063404118833,0.39054448638610906,0
11.968,3.5160414181491904,0.7910019220979817,-0.8404586916444108,4.484939427028975,-0.31863510257919775,0.28112542388980355,-0.2793886163264237,0.3080289897868959,-0.24217781600315624,1.473111563373811,-0.012546954677737254,-0.026888436626189005,0,0,FOLLOWING,1.408382964266379,0.399748423666756,0
12.0,3.5220421533942683,0.7842523149315185,-0.84853586117347,4.483564457427568,-0.3326709691890053,0.2555254238898036,-0.27304550023539925,0.28221134251703295,-0.2524129345460328,1.4737851823668475,-0.011491328986934168,-0.026214817633152476,0,0,FOLLOWING,1.3840491372558563,0.3296608691410398,0
12.032,3.5274430778879027,0.7780738302637097,-0.8564297498695825,4.482129606594228,-0.3466801286198081,0.2299254238898036,-0.2840234809758217,0.2564319947222562,-0.24668533789273392,1.4752958469803537,-0.010571980655387227,-0.024704153019646347,0,0,FOLLOWING,1.42265782591702,0.4249259358531688,0
12.064,3.532255931892701,0.772476183039497,-0.8646371541878264,4.480634903326937,-0.36066145620139667,0.2043254238898036,-0.29246714952568514,0.23068191863395973,-0.256482900145733,1.4776412226664108,-0.009290561930984209,-0.022358777333589153,0,0,FOLLOWING,1.4267754210603851,0.42866978624996177,0
12.096,3.5364893309042325,0.7674661162204373,-0.8730864638562106,4.479080377624937,-0.3746138294979318,0.18725485777624193,-0.3055696112860235,0.20496333367297975,-0.2640425953912699,1.4808188558260955,-0.0077144293071294,-0.019181144173904485,0,0,FOLLOWING,1.4298037836609336,0.4504665283839374,0
12.128,3.540320573372949,0.7628518567390491,-0.8819094930446562,4.47746606068813,-0.3885361283980553,0.2049759290858824,-0.30882336468723554,0.18741966010897612,-0.2757215795384581,1.4845659152470425,-0.005711468266351383,-0.015434084752957489,0,0,FOLLOWING,1.4680013133202925,0.4764550994388945,0
12.16,3.544441053093754,0.7578135460344336,-0.8908285301133834,4.475791984916446,-0.4024272352048126,0.2299876599948022,-0.29705235939670754,0.20342077029978256,-0.2787219098018065,1.4878081961925245,-0.0035692319022215813,-0.012191803807475532,0,0,FOLLOWING,1.4893696705467423,0.4674003763802281,0
12.192,3.549016795205207,0.7521216910647269,-0.8994146307319408,4.474058183909201,-0.4162860347253857,0.2555876599948022,-0.29825558838552496,0.22824736662498502,-0.2683173397070359,1.4902611128595677,-0.0017154245372187347,-0.00973888714043225,0,0,FOLLOWING,1.5281015064281103,0.55048267569153,0
12.224,3.554058422829108,0.7457425875420155,-0.9080368677049055,4.472264692464416,-0.4301114143606178,0.2811876599948023,-0.2764438825137284,0.25411061168267224,-0.2694465781751655,1.491889871065564,0.00021657991743972982,-0.008110128934436078,0,0,FOLLOWING,1.5631207854484825,0.5533434973716187,0
12.256,3.559553881955093,0.7386674663534263,-0.9160345725338203,4.470411546578122,-0.4439022641943366,0.3067876599948023,-0.23361457702294433,0.2799740161399402,-0.24992961049154244,1.4926931542719442,0.0015650435844638544,-0.007306845728055844,0,0,FOLLOWING,1.5594702100312041,0.4956644310515224,0
12.288,3.56548306362019,0.7309089938199209,-0.9229060028706092,4.468498783443635,-0.4576574770824591,0.3323876599948023,-0.19591848603310938,0.3051590974702949,-0.21473305792052116,1.4926914101721067,0.0018228879826255318,-0.007308589827893286,0,0,FOLLOWING,1.5483410727697524,0.4649521913655495,0
12.32,3.571854157478407,0.7224556317062578,-0.928708289640873,4.466526441450813,-0.4713759487418743,0.3579876599948023,-0.16218734006860797,0.330803733491857,-0.18132198042521938,1.4918687402662762,0.0010369520189219552,-0.00813125973372375,0,0,FOLLOWING,1.5159757099871527,0.39778860970547925,0
12.352,3.5786767661913292,0.7132972971733139,-0.9334783805080129,4.4644945601852815,-0.48505657783909495,0.38358765999480227,-0.1474579465589895,0.3568934313945421,-0.14906561731039136,1.4902097751368992,-0.0007676530043291274,-0.009790224863100772,0,0,FOLLOWING,1.5123980135203767,0.4163588110002917,0
12.384,3.5859532583995866,0.7034367419162104,-0.9377647487950016,4.462403180427643,-0.4986982660786775,0.4091876599948023,-0.1428734924122299,0.38296692764652024,-0.13394918511015652,1.487714032759608,-0.003055703363761819,-0.012285967240392104,0,0,FOLLOWING,1.5554326954947768,0.5074681382749355,0
12.416,3.5936754199484735,0.6928828160137129,-0.941917811446094,4.460252344152654,-0.5122999182913895,0.4173895043657285,-0.1453715057444508,0.40867229377115233,-0.12978336436419477,1.4843924644885196,-0.005486719768529769,-0.01560753551148042,0,0,FOLLOWING,1.535116261765782,0.4824689124373088,0
12.448,3.601524684097284,0.6820625917547496,-0.9461343641049456,4.4580420945283885,-0.5258604425221339,0.4028857966243957,-0.1464479976212088,0.4177221024856409,-0.13176746881968474,1.4807768674274588,-0.007866155201819991,-0.019223132572541157,0,0,FOLLOWING,1.4999376309572394,0.42195440512354626,0
12.48,3.609075483995208,0.6715528607329208,-0.950383625750712,4.455772475915366,-0.539378750117612,0.3974564462540293,-0.14740326004125018,0.4043787234055832,-0.13278966173642853,1.4775828783129936,-0.010216302665532973,-0.02241712168700638,0,0,FOLLOWING,1.509059396765146,0.4398019266319262,0
12.512,3.616470668926082,0.6611682401451854,-0.9546562229565997,4.453443533865663,-0.5528537558137213,0.3718564462540293,-0.14555013785435575,0.39837976522840407,-0.1335188634338026,1.4745755264879508,-0.012549142996733154,-0.02542447351204924,0,0,FOLLOWING,1.440457866436447,0.3278814221603639,0
12.544,3.623360926080132,0.651401491931359,-0.9588825248785682,4.451055315122001,-0.5662843778226812,0.3462564462540293,-0.16153107756966228,0.3734905764582153,-0.13207213340136936,1.4723575921120675,-0.01492360774982604,-0.027642407887932485,0,0,FOLLOWING,1.4382636446680712,0.37770591377116486,0
12.576,3.629735761136469,0.642282634320136,-0.9635657914574683,4.448607867616804,-0.5796695379198826,0.3206564462540293,-0.16974893078382003,0.34766848863457933,-0.14635234972203015,1.4709584079822384,-0.016831078922186382,-0.029041592017761575,0,0,FOLLOWING,1.460164078956912,0.3980941291475019,0
12.608,3.6355960211349436,0.6338135922789586,-0.9684845415294231,4.446101240471241,-0.5930081615304451,0.2950564462540293,-0.15723316784824753,0.32182027056125684,-0.15371125681325767,1.4703776134691933,-0.018483061287122293,-0.029622386530806732,0,0,FOLLOWING,1.4361420821047808,0.315596564648212,0
12.64,3.640946696666501,0.6259963710193799,-0.9730428345124644,4.443535483994237,-0.6062991778154875,0.2694564462540293,-0.1719263887054354,0.2960168414606697,-0.1424469205297288,1.4706124850627489,-0.02046795245873878,-0.029387514937251114,0,0,FOLLOWING,1.416286419786687,0.35681179264186696,0
12.672,3.6457980247227506,0.6188371656928248,-0.9780203977863532,4.440910649681465,-0.6195415197580953,0.2438564462540293,-0.1733956437900943,0.2702400000203052,-0.15554922473640326,1.4716609171096056,-0.022003150932979554,-0.02833908289039444,0,0,FOLLOWING,1.4042229518612115,0.3123301025672559,0
12.704,3.650153861837434,0.6123370986941992,-0.983039953768401,4.43822679021431,-0.632734124248982,0.2182564462540293,-0.18312098938590166,0.24450796371128125,-0.156861508844759,1.4735200340143781,-0.023457695896674013,-0.026479965985621856,0,0,FOLLOWING,1.4211898739450344,0.3596584685920676,0
12.736,3.654021177739004,0.6065002734479009,-0.9883377132449814,4.435483959458818,-0.6458759321718367,0.20353966828610476,-0.19914751419582552,0.2187965918590848,-0.16555544425230134,1.4761877386077153,-0.024590199832217885,-0.02381226139228465,0,0,FOLLOWING,1.4385662553298504,0.40365982645908166,0
12.768,3.6575890304585084,0.6010527584703909,-0.9940905523101877,4.432682212464604,-0.6589658884883499,0.20195792527018028,-0.21847303861102646,0.20349862869627605,-0.17977680604327487,1.4793297237181677,-0.02522517801819113,-0.020670276281832267,0,0,FOLLOWING,1.4381173823316595,0.41667804101858547,0
12.8,3.6610878597221226,0.5956447160311618,-1.000393278863281,4.42982160546376,-0.6720029423229166,0.21839526946411275,-0.22168330005802922,0.2012982485627554,-0.1969609353147991,1.4825256009838568,-0.025272374402878883,-0.017474399016143227,0,0,FOLLOWING,1.4715529873891935,0.42837763943186946,0
12.832,3.6648245425290384,0.5897938723346976,-1.0068001380056009,4.426902195869714,-0.6849860470469972,0.22143197255177252,-0.2238392645249429,0.21696955907097107,-0.20021508169428592,1.4852024079498498,-0.025187689191096707,-0.014797592050150188,0,0,FOLLOWING,1.455115210858547,0.3982330263706733,0
12.864,3.6685885030329963,0.5838143703841433,-1.0132632074767876,4.423924042276088,-0.6979141603631445,0.24313766528894398,-0.23649136711122876,0.22080754893476473,-0.20197162852178882,1.4877364697335522,-0.025010937965123547,-0.012263530266447775,0,0,FOLLOWING,1.4881241501225089,0.47221827475187994,0
12.896,3.6726701967002913,0.5772401089611076,-1.0201014509185449,4.420887204455514,-0.71078624438868,0.25692798711432363,-0.2541887553850942,0.24184145153907657,-0.21369594539372905,1.4895773150856357,-0.02443644359870234,-0.010422684914364266,0,0,FOLLOWING,1.4819589353702796,0.47706306291316086,0
12.928,3.67694568107905,0.5702463658973651,-1.0274461065088103,4.417791743358443,-0.7236012657390165,0.25365993824765454,-0.26366246745052085,0.25616863688607644,-0.22952151996778683,1.4909374842312992,-0.023327930633571414,-0.009062515768700763,0,0,FOLLOWING,1.4579907014331472,0.4270686898667561,0
12.96,3.681129448944879,0.5632824408971717,-1.035056408329063,4.4146377211119106,-0.736358195610618,0.24788420283690002,-0.2619689485494656,0.25386989549751815,-0.2378230886140779,1.4923472013575918,-0.02191350199358033,-0.007652798642408198,0,0,FOLLOWING,1.4536336948577682,0.39563882603325884,0
12.992,3.6851669741153192,0.5564399558815196,-1.0426223422484926,4.4114252010183,-0.7490560098635966,0.251093716892192,-0.25486050980067654,0.24826882630399988,-0.23643656604753116,1.4939112184869072,-0.0205004620534337,-0.006088781513092778,0,0,FOLLOWING,1.4682882986244432,0.40337682344196596,0
13.024000000000001,3.6891965439152394,0.5494928434538702,-1.0499849628969251,4.408154247554068,-0.7616936891039264,0.25685651333220977,-0.2546616726921712,0.2509733291393448,-0.23008293513489128,1.4953629334655032,-0.019254260430389802,-0.004637066534496803,0,0,FOLLOWING,1.4737064952962857,0.4249813727521419,0
13.056000000000001,3.6932640628880944,0.5423600953971869,-1.0573444254276134,4.4048249263684465,-0.7742702187652855,0.26637987997514506,-0.2522524912463379,0.2565955626947173,-0.22998424370155876,1.496607579363567,-0.017977346251298654,-0.00339242063643308,0,0,FOLLOWING,1.482710421851334,0.43212880748930094,0
13.088000000000001,3.697426176113,0.5349364152776829,-1.0646388044219504,4.401437304282133,-0.7867845891905052,0.2686428614781117,-0.2448893915972074,0.2659668924704216,-0.22795035776887623,1.497523983860817,-0.016734455022271444,-0.0024760161391830238,0,0,FOLLOWING,1.4744371676992503,0.4052657701625754,0
13.120000000000001,3.701574373939653,0.5274080456153701,-1.0717176738504905,4.3979914492859455,-0.7992357957126258,0.2871949662127067,-0.23624792670895683,0.26860883058895224,-0.22121560082278402,1.4983259406976124,-0.01567357237825795,-0.0016740593023876205,0,0,FOLLOWING,1.5034484109835482,0.4455059140165587,0
13.152000000000001,3.705942769900164,0.519350919185477,-1.0785612824429998,4.394487430539455,-0.8116228387355529,0.3127949662127067,-0.2341472012235067,0.2864203335774922,-0.21386360554943032,1.4985275753116138,-0.014824486752986532,-0.0014724246883861536,0,0,FOLLOWING,1.547974116823591,0.5282046904741577,0
13.184000000000001,3.710639337646047,0.5105501871008729,-1.0853513744920673,4.390925318369601,-0.8239447238143074,0.3383949662127067,-0.23419220633675125,0.3117472614192088,-0.21219119929876573,1.4978870727887075,-0.014011623295945075,-0.0021129272112925257,0,0,FOLLOWING,1.551288439785041,0.5315200133979155,0
13.216000000000001,3.7156600963738176,0.5009892569931588,-1.092144777153398,4.387305184269282,-0.8362004617348575,0.3639949662127067,-0.23936373911928815,0.33747988617755953,-0.2122946800350358,1.4963901456391702,-0.013180747099427624,-0.003609854360829834,0,0,FOLLOWING,1.5454807985179333,0.5280025433024048,0
13.248000000000001,3.720994749192215,0.4906630103463566,-1.0990889469348126,4.383627100895914,-0.8483890685935365,0.38959496621270673,-0.2369470985169851,0.3632192687969392,-0.21700623712789097,1.4940355094968873,-0.012186794111741506,-0.005964490503112652,0,0,FOLLOWING,1.5601428320881578,0.5364016573092594,0
13.280000000000001,3.726630767636413,0.4795669085693585,-1.1059673805365424,4.379891142069979,-0.8605095658760302,0.4151949662127068,-0.24356464510680673,0.38892263284208745,-0.21495199409014284,1.4908232873707954,-0.01124747336126486,-0.009176712629204609,0,0,FOLLOWING,1.5713590040229002,0.5706648444160847,0
13.312000000000001,3.732558118771736,0.467697069965683,-1.1130384484171643,4.376097382773539,-0.8725609805359341,0.4407949662127068,-0.2522180439269837,0.41461037398267303,-0.22097191327896235,1.4867529809105402,-0.010107291172573252,-0.0132470190894598,0,0,FOLLOWING,1.5370141466798426,0.5189726712550866,0
13.344,3.7387635515296687,0.4550484813007857,-1.1203622202031456,4.3722458991487345,-0.8845423450728692,0.4374684893491959,-0.25950672663935853,0.4402733866995261,-0.22886905111902464,1.4818243711214278,-0.008706770371176288,-0.01817562887857216,0,0,FOLLOWING,1.5081367628272413,0.47683714689319273,0
13.376,3.744846690615343,0.4423996802801375,-1.1278780432427236,4.368336768496253,-0.8964526976101548,0.41874326224614394,-0.2586311324569096,0.4385868066411407,-0.2348708060638089,1.4769108189049307,-0.007093483918936938,-0.0230891810950693,0,0,FOLLOWING,1.4946586550890437,0.44459196838065385,0
13.408,3.750584760268243,0.4302242105917674,-1.1353886299349332,4.364370069273777,-0.9082910819720317,0.3994978190082503,-0.25750905464776924,0.4205862262601698,-0.23470708089724404,1.4725337327131667,-0.005460748639692259,-0.027466267286833324,0,0,FOLLOWING,1.4860368344450743,0.4361097234205004,0
13.44,3.755967986243237,0.41856916081186757,-1.1428690523744554,4.360345881094416,-0.920056547760419,0.3826426370858571,-0.24235825539154496,0.401164258610506,-0.23376433810859418,1.4687380390782419,-0.0038338535493895876,-0.03126196092175815,0,0,FOLLOWING,1.4835539610704156,0.4045010049428281,0
13.472,3.7610351104284856,0.40737517022694475,-1.149912899923607,4.3562642847251,-0.931748150431218,0.35704263708585715,-0.22866697776323205,0.38396096694164283,-0.22012115164405735,1.4654518203831792,-0.00261965400320463,-0.03454817961682077,0,0,FOLLOWING,1.4557354533858018,0.3626984828925912,0
13.504,3.7657222728700823,0.3968185714585957,-1.156959760668545,4.352125362084964,-0.9433649513701386,0.33144263708585714,-0.21148275378648465,0.3609271744008229,-0.2202153091359587,1.462860368559622,-0.0013805327538809475,-0.03713963144037802,0,0,FOLLOWING,1.4546845342018757,0.35372835540513053,0
13.536,3.7700210536042764,0.3869461227863594,-1.1637145243794014,4.347929196243702,-0.9549060179680536,0.31170062139038324,-0.19769369023527106,0.33647370280106415,-0.2110871825758595,1.4610082097565884,-0.00041046117243359603,-0.038991790243411595,0,0,FOLLOWING,1.454589981700071,0.3594389295559875,0
13.568,3.7739807345730476,0.37767952416218514,-1.1698268533675142,4.343675871419901,-0.9663704236958708,0.2861006213903832,-0.18718301478119664,0.31489854548090573,-0.1910109242010823,1.4598023192488074,-6.094868206174553e-05,-0.040197680751192566,0,0,FOLLOWING,1.4325979597299825,0.3303698457414193,0
13.6,3.777579079144879,0.36911222099473756,-1.175804825826976,4.339365472979346,-0.9777572481789119,0.2605006213903832,-0.17473369112471343,0.29037202744900303,-0.1868122887881291,1.459335917220447,0.0001733071612939341,-0.040664082779553024,0,0,FOLLOWING,1.4184275400088504,0.30346523052898106,0
13.632,3.780809077487157,0.3612891725440322,-1.1813854461516309,4.334998087433316,-0.9890655772708041,0.23846932080929853,-0.16583442899796236,0.2644775553184823,-0.17439496084906056,1.4596518109099146,3.0906740681624356e-05,-0.04034818909008542,0,0,FOLLOWING,1.4287496236218256,0.3254611786363829,0
13.664,3.7837090777631865,0.3541511305910616,-1.1864729074886016,4.330573802436838,-1.0002945031268686,0.21843097500115466,-0.15336087573111418,0.24076366447315584,-0.1589836700292095,1.4606792946399816,-0.0005838354379936739,-0.039320705360018415,0,0,FOLLOWING,1.418389989747788,0.29784691028286764,0
13.696,3.7863133845893686,0.3476461395277452,-1.1909447995626052,4.326092706786934,-1.0114431242770023,0.21926283153674006,-0.13801488492190928,0.21896358742397226,-0.13974704825271833,1.462356093317012,-0.0017936410324823626,-0.03764390668298789,0,0,FOLLOWING,1.4499559746923427,0.33787347342173324,0
13.728,3.7888884556032467,0.3411428352392231,-1.1949414698018794,4.321554890420835,-1.022510545698049,0.2448628315367401,-0.13012833833441592,0.21859487053124205,-0.12489631537765382,1.4639959269488876,-0.0034631971923650977,-0.03600407305111242,0,0,FOLLOWING,1.5110587866101703,0.44983340799699323,0
13.76,3.7917284546260595,0.3339124053006459,-1.1987450191138629,4.316960444414178,-1.0334958788856532,0.2704628315367401,-0.12854077577452472,0.2427879933495279,-0.11886119507596435,1.46481195337767,-0.005319849425171163,-0.035188046622329994,0,0,FOLLOWING,1.531350685933017,0.4854257066612755,0
13.792,3.794842959991705,0.32590154698972934,-1.2025028656916323,4.312309460979179,-1.0443982419255915,0.2960628315367401,-0.1271308661551488,0.26862139458655715,-0.11743287633581907,1.4647501804559002,-0.007218911012302653,-0.03524981954409978,0,0,FOLLOWING,1.5257617643798924,0.4657956529310135,0
13.824,3.7982266743794675,0.3171056162172186,-1.206218943604315,4.3076020334627785,-1.0552167595645696,0.3216628315367402,-0.12373296997306159,0.29453214623434276,-0.1161275595090517,1.463807350546042,-0.009162040875498656,-0.03619264945395795,0,0,FOLLOWING,1.516977514443016,0.43942348408292065,0
13.856,3.801873152621043,0.30752405932626264,-1.2098365381422675,4.3028382563447725,-1.0659505632804929,0.33937608864145374,-0.12580425176594515,0.32039148970977915,-0.11304993252592622,1.4619844643817856,-0.01121183521920388,-0.03801553561821436,0,0,FOLLOWING,1.4954192940305597,0.40709704801671337,0
13.888,3.8056914670542312,0.2973799242845474,-1.2134999989785364,4.2980182252359125,-1.0765987913521897,0.33990712310589855,-0.11504232902920761,0.33872470637777746,-0.11448326701577474,1.4595215475779937,-0.013227050387590866,-0.04047845242200632,0,0,FOLLOWING,1.4973818293093377,0.3869005029754176,0
13.92,3.8094881550442836,0.2871746607429492,-1.2168288910387794,4.29314203687599,-1.0871605889285927,0.3228617365281638,-0.13104435250208094,0.3402616224448016,-0.10402797732401502,1.4569552003752955,-0.0155845846349425,-0.04304479962470453,0,0,FOLLOWING,1.4649304901579157,0.38384456306103093,0
13.952,3.813070280795059,0.2774395650200351,-1.220637677658536,4.288209789131892,-1.0976351080973656,0.30109981339094916,-0.14521215677443275,0.3241413246055341,-0.11902472653364518,1.4548497891643295,-0.01746508077511022,-0.0451502108356705,0,0,FOLLOWING,1.4500469695126772,0.36437538527730867,0
13.984,3.816376898238642,0.26834119069018275,-1.2248631828270224,4.283221580995638,-1.1080215079529772,0.28677609537080173,-0.15713005711972944,0.30249594197824153,-0.13204723400644092,1.4533816553248367,-0.01892334668530404,-0.04661834467516335,0,0,FOLLOWING,1.4550480131237133,0.3731578102691418,0
14.016,3.8194834971957667,0.25967844187716493,-1.2294195546816276,4.278177512582394,-1.1183189546642065,0.29077020886308624,-0.15795627952124866,0.28757845170930413,-0.14238686677876697,1.4523350249258278,-0.02004326129089895,-0.04766497507417222,0,0,FOLLOWING,1.4826552362273535,0.3966416143873489,0
14.048,3.8225827418194607,0.25091468964757774,-1.2339827733305175,4.273077685128459,-1.1285266215410867,0.2889253381961081,-0.16669400179655755,0.2904919287981387,-0.14260083299508464,1.4511388717007339,-0.021155228057436748,-0.04886112829926614,0,0,FOLLOWING,1.4736286944201085,0.3975787632658318,0
14.08,3.8256244019167744,0.24218509698767846,-1.2387947498199372,4.26792220098924,-1.1386436891012708,0.2795670683917145,-0.17883080467480283,0.288884506149649,-0.15037455531160152,1.4499363708646762,-0.022014477336141924,-0.050063629135323806,0,0,FOLLOWING,1.4595197070373853,0.38630529987624507,0
14.112,3.8285295430784934,0.23371055362843288,-1.2439693634955271,4.262711163637194,-1.1486693451358216,0.26870262122946953,-0.20336757598399235,0.2799513899836469,-0.1617070347608205,1.4489609601843834,-0.02250084866638513,-0.05103903981561664,0,0,FOLLOWING,1.4520565616104886,0.4128294704389133,0
14.144,3.8312789845967776,0.22554843669131636,-1.2498518622799586,4.257444677659748,-1.158602784774416,0.25400520182664754,-0.22309774800151802,0.26914043059018605,-0.18382861139342585,1.448272005470285,-0.022265361812275897,-0.051727994529715104,0,0,FOLLOWING,1.4410512900713714,0.39605636098044533,0
14.176,3.8338322007487116,0.21781111248120816,-1.2563114768704622,4.252122848757208,-1.1684432105499625,0.24137830345924285,-0.2366472810018603,0.2546054656469762,-0.20186364302208276,1.4479876084877166,-0.02143099072445187,-0.05201239151228343,0,0,FOLLOWING,1.439700849678404,0.3869833969668654,0
14.208,3.8362078559915616,0.21044655674913637,-1.2631591329734746,4.246745783740627,-1.1781898324626197,0.24253084223455745,-0.24735268681163242,0.24181263419909674,-0.21399007319258706,1.4480512461800379,-0.020184213081217983,-0.05194875381996211,0,0,FOLLOWING,1.4599470406611847,0.41407375469263186,0
14.24,3.838536996864476,0.20305456465804766,-1.2702950678055116,4.241313590529673,-1.1878418680432208,0.23574394253253583,-0.24608991256784682,0.24219944985932118,-0.22299890557327734,1.4480407007075642,-0.018630764879893572,-0.05195929929243581,0,0,FOLLOWING,1.4476983902190135,0.36975280688748774,0
14.272,3.840751548938875,0.1958400481006864,-1.277407270106665,4.235826378150453,-1.1973985424160902,0.227672794213906,-0.24026796433638045,0.23583408352716542,-0.22225724528065752,1.4481705323551268,-0.017076849747884593,-0.05182946764487317,0,0,FOLLOWING,1.4439299348132306,0.3527804382811735,0
14.304,3.8428402226650533,0.18885301527439585,-1.2843580014545273,4.230284256733329,-1.2068590883612513,0.23142589262020907,-0.22930119220288872,0.2278888615042374,-0.21721122045235766,1.4484906474569117,-0.015660281302215084,-0.051509352543088305,0,0,FOLLOWING,1.4630746297251942,0.3681744414965994,0
14.336,3.844909354394184,0.18175826285896146,-1.2909862214550267,4.224687337510711,-1.2162227463760198,0.23655558538933247,-0.2218316288746102,0.23095359367380497,-0.20713263892731154,1.4486484109823592,-0.014550069508319162,-0.05135158901764081,0,0,FOLLOWING,1.467417544478663,0.37743422102328067,0
14.368,3.8469765470287207,0.17449427712333865,-1.297405037384496,4.219035732814818,-1.225488764735978,0.24777580417316772,-0.21302642153445553,0.2360191968342215,-0.20058869004323543,1.4485788053197102,-0.01363576670532396,-0.05142119468028983,0,0,FOLLOWING,1.480652234265695,0.39153194144629117,0
14.4,3.8490925672111884,0.16688084423582839,-1.3035888979634562,4.213329556075426,-1.2346563995553228,0.2454012473467011,-0.20757420489696948,0.24694783310621155,-0.19324626067618542,1.4480936536669797,-0.012948105938684895,-0.05190634633302027,0,0,FOLLOWING,1.4615319461466911,0.3626459230062299,0
14.432,3.8511472151934645,0.15929862016770643,-1.3095843322984189,4.207568921817593,-1.2437249148465863,0.2262183770658703,-0.21204185111909793,0.24548792435466193,-0.18735788397385628,1.447588157162409,-0.012436209414426136,-0.05241184283759104,0,0,FOLLOWING,1.4301460767853147,0.3395997289710139,0
14.464,3.8530043954211863,0.15226313535979866,-1.3157575524213094,4.201753945659362,-1.2526935825797219,0.20061837706587027,-0.21995750698373653,0.2273743553541106,-0.19291373883149973,1.4475944280338744,-0.011728600856587557,-0.05240557196612561,0,0,FOLLOWING,1.3915492400331229,0.3078626936934902,0
14.496,3.854613322238331,0.14599845296050434,-1.3221790708967696,4.195884744309433,-1.2615616827405518,0.18892233764691024,-0.22631005354598824,0.20210570647058215,-0.20067314006013423,1.4483410230802716,-0.010751319228293088,-0.05165897691972843,0,0,FOLLOWING,1.4413289260021362,0.3698271421676484,0
14.528,3.8560844190609553,0.14011877937345996,-1.3287384753926135,4.189961435564829,-1.270328503388569,0.20069053713669696,-0.22591111016539028,0.18939808678864403,-0.2049821478227245,1.4494258862047134,-0.009619261081615926,-0.050574113795286646,0,0,FOLLOWING,1.4657355065558986,0.38924690777168874,0
14.56,3.8575992025107206,0.1339116694159943,-1.335285158705248,4.183984138308525,-1.2789933407140932,0.1981316959818464,-0.21030307257089378,0.1996788443440181,-0.20458461566935812,1.4501129935168637,-0.008490624028107074,-0.049887006483136265,0,0,FOLLOWING,1.4470998449145653,0.32148951309540796,0
14.592,3.859059528677827,0.1277476446058121,-1.341351987261747,4.17795297250707,-1.2875554990947742,0.20663806586051597,-0.21425506408120618,0.1979602947951649,-0.1895889792158218,1.450784621191594,-0.007827126450860922,-0.049215378808405985,0,0,FOLLOWING,1.4650361195022676,0.3882717192516932,0
14.624,3.8605420012899057,0.12132646181361559,-1.347555998128363,4.171868059208169,-1.2960142911514363,0.2276008565484921,-0.22253556284857112,0.20594937680876385,-0.1938759706281643,1.4511301541744854,-0.007019070013705165,-0.04886984582551457,0,0,FOLLOWING,1.4897386036036588,0.43502037683365313,0
14.656,3.862130134622986,0.11426676216583193,-1.3540506773935959,4.165729520538262,-1.3043690378032624,0.23582342604817755,-0.21722046837815126,0.22614527314932642,-0.20295944039902958,1.4507584637292608,-0.005917869654409769,-0.04924153627073924,0,0,FOLLOWING,1.477104352800031,0.3827896018268827,0
14.688,3.8637333758495824,0.10690980997528735,-1.3603490528671656,4.159537479700072,-1.312619068322311,0.2337417316456385,-0.19997785615155342,0.23530488132729924,-0.1968248890093899,1.4500214840393328,-0.005005352886682024,-0.04997851596066716,0,0,FOLLOWING,1.4639190672382447,0.3312845005577071,0
14.72,3.8652796923104824,0.09958415695935634,-1.3661202316843462,4.1532920609701245,-1.3207637203873626,0.2417979594394955,-0.20108636474726096,0.2339658573249835,-0.18034984516582162,1.4492547109408571,-0.004612797583265715,-0.050745289059142884,0,0,FOLLOWING,1.4798892632733107,0.39109877126107495,0
14.752,3.8668333745688552,0.09201503007157392,-1.3719458105725317,4.146993389696265,-1.328802340137093,0.23705059074147677,-0.1962869814484105,0.24146900548131223,-0.18204985368212745,1.4481752772240184,-0.00416576031800453,-0.0518247227759816,0,0,FOLLOWING,1.4614663978648088,0.34709253072668395,0
14.784,3.8683163763913035,0.08456338078009429,-1.3776144056154451,4.14064159229513,-1.3367342822225639,0.22393645852550095,-0.1927902645153094,0.23742339809192772,-0.17714407276469274,1.4471517094188444,-0.0038730655796557207,-0.05284829058115559,0,0,FOLLOWING,1.445228488789502,0.324005946325473,0
14.816,3.8696787154818684,0.0774948538209802,-1.3832302689724036,4.134236796249624,-1.344558909859034,0.22482983637810677,-0.18433922486083967,0.22494349537831054,-0.17549619192852375,1.446453554351474,-0.003629439789311073,-0.05354644564852595,0,0,FOLLOWING,1.4660582800635906,0.3427995209948013,0
14.848,3.871002883532178,0.07042274025061973,-1.3885495335067166,4.127779130106351,-1.352275594877079,0.21049780682147126,-0.17607926200896373,0.22484320574275635,-0.1662274097528619,1.4456848182020334,-0.003683749732968033,-0.05431518179796657,0,0,FOLLOWING,1.4400665187858421,0.29862929125749726,0
14.88,3.8722101348399987,0.06376367221808814,-1.3936948752035487,4.121268723473033,-1.3598837177730252,0.1931367618803229,-0.18097542250972698,0.21147707476067706,-0.1607922833811353,1.4452688578947477,-0.0039101082319921154,-0.05473114210525232,0,0,FOLLOWING,1.4285437823128868,0.31438410038364195,0
14.912,3.873286306142501,0.0576397067892792,-1.3989953679993543,4.114705707015921,-1.3673826677586787,0.16771086593800275,-0.18009089636233705,0.1942939994472143,-0.16564079462323533,1.4453276774075772,-0.003979946580239701,-0.05467232259242283,0,0,FOLLOWING,1.4079312341761145,0.27482127325125166,0
14.944,3.874194384175749,0.05228500650364207,-1.404370419390741,4.108090212457158,-1.3747718428103644,0.1537418027692086,-0.17754594719892544,0.16970752122466343,-0.16797077035579538,1.4460976833054762,-0.0039694974457000765,-0.05390231669452383,0,0,FOLLOWING,1.420256173806569,0.28599648915155684,0
14.976,3.874995786104764,0.0474099236358799,-1.409545684500044,4.101422372572143,-1.3820506497172547,0.13329518836442666,-0.17664994275263413,0.1543855195738268,-0.1617274348270603,1.4472824637334418,-0.0041558091506712636,-0.052717536266558174,0,0,FOLLOWING,1.403589859652371,0.268336580513876,0
15.008000000000001,3.8756685866273606,0.04316588718368287,-1.414726321538215,4.094702321186869,-1.3892185041289948,0.11257679400393722,-0.18349210464962284,0.13427439243633776,-0.16189530666237262,1.449034444501329,-0.004329967478717833,-0.05096555549867099,0,0,FOLLOWING,1.395228810086259,0.2822548769397299,0
15.040000000000001,3.876217074675407,0.03957583973169081,-1.4200992659480676,4.087930193175227,-1.3962748306026134,0.1048653604299139,-0.19827012499731367,0.11348372995404307,-0.16790496824438822,1.45137506938916,-0.004304016591968773,-0.048624930610839945,0,0,FOLLOWING,1.4116564934100737,0.32673582879454355,0
15.072000000000001,3.8767072360081247,0.036262971649500916,-1.4258159070452743,4.0811061244563085,-1.4032190626487213,0.11301744044609421,-0.17936179452328052,0.10465813282662872,-0.1786455925325826,1.4539213983796377,-0.00392861413430623,-0.04607860162036226,0,0,FOLLOWING,1.4420318858970362,0.28000436063480755,0
15.104000000000001,3.877213741949623,0.03271190195876805,-1.4309894066563011,4.074230251991674,-1.4100506427769885,0.13072532932361672,-0.17552335637737387,0.11211097572430077,-0.16167227400995404,1.4561522124151534,-0.004091292648376266,-0.04384778758484664,0,0,FOLLOWING,1.4625995828763094,0.33538514139780207,0
15.136000000000001,3.877780312222441,0.028621098794030488,-1.4361273415048073,4.067302713782601,-1.4167690225409013,0.14352250146066037,-0.18561156503154586,0.12907940989043287,-0.16056084713482618,1.4577624441402446,-0.004290815117375502,-0.042237555859755416,0,0,FOLLOWING,1.4605429059538644,0.3606428720678168,0
15.168000000000001,3.8783828767749826,0.024098133066966287,-1.4414984433178117,4.060323648867323,-1.423373662581791,0.14986567179638374,-0.18457109771440067,0.14260601904398282,-0.16784733913649574,1.4588615574303805,-0.004258092560327054,-0.041138442569619516,0,0,FOLLOWING,1.45582909664457,0.3249466822889021,0
15.200000000000001,3.878989247261443,0.01935244804246539,-1.4468235039315225,4.053293197318228,-1.429864032672135,0.1662642386374762,-0.190575131306224,0.14951429894126267,-0.16640853737103425,1.4596610137220936,-0.004273191831565271,-0.04033898627790644,0,0,FOLLOWING,1.47606617962896,0.3688384400429896,0
15.232000000000001,3.87963383953412,0.014102435387381066,-1.4523699172966213,4.046211500239056,-1.4362396117581238,0.18171599862342222,-0.18004857083184092,0.165306063082348,-0.17332586065118522,1.4598767656087082,-0.004073428280026992,-0.04012323439129184,0,0,FOLLOWING,1.4825498563384931,0.337824265089667,0
15.264000000000001,3.880307803900059,0.008357845522927692,-1.4576347952857058,4.039078699762062,-1.4424998880014912,0.20731599862342223,-0.17698630459378925,0.18075842497105873,-0.1645278221340228,1.4595192223127575,-0.004162817990760904,-0.04048077768724245,0,0,FOLLOWING,1.522504125826284,0.41218437348123366,0
15.296000000000001,3.881039057719472,0.0018570955717618317,-1.46307704241279,4.031894939045165,-1.4486443588206075,0.2246962868229344,-0.1728928491691527,0.2044424770852408,-0.17007064617581522,1.458325055028861,-0.00408928033043976,-0.041674944971139105,0,0,FOLLOWING,1.4878579911317973,0.3457530000228351,0
15.328000000000001,3.8817983746875524,-0.005253475303014587,-1.4681939176274286,4.024660362269074,-1.4546725309308235,0.19909628682293437,-0.17488078048760544,0.22347531333584467,-0.15990273218155113,1.456442634061758,-0.004354750810942276,-0.043557365938242,0,0,FOLLOWING,1.4113787269337077,0.25784074814376307,0
15.36,3.8824429980472552,-0.011666386993042894,-1.4733720967143882,4.0173751146343974,-1.4605839203840754,0.17349628682293436,-0.17863456023163235,0.20138539269249836,-0.16181850692983965,1.4551868246567654,-0.004565895967931111,-0.04481317534323459,0,0,FOLLOWING,1.4186876639287138,0.27463724230597203,0
15.392,3.882975485152889,-0.017289810259030418,-1.4787834602415564,4.010039342358724,-1.466378052607734,0.14789628682293432,-0.18195226720118773,0.1764918784944908,-0.16910552908080387,1.454648396665421,-0.004551182344611604,-0.045351603334579105,0,0,FOLLOWING,1.3933444748712172,0.2527800015645211,0
15.424,3.8834042484278135,-0.022121879048403095,-1.4844404857836062,4.002653192673693,-1.4720544624427057,0.12229628682293432,-0.17486808859331002,0.15157435320768803,-0.17678251670471695,1.4548281022485898,-0.004296055023146561,-0.04517189775141017,0,0,FOLLOWING,1.394403882874005,0.22407197407134605,0
15.456,3.883737097341898,-0.02616088315416168,-1.4900329772943333,3.9952168138220334,-1.4776126941807757,0.09669628682293432,-0.17179001492195067,0.12662998709515355,-0.17476581893414644,1.4557266525412416,-0.004108184023212003,-0.04427334745875844,0,0,FOLLOWING,1.3935196789608644,0.23417330305400993,0
15.488,3.8839813736053284,-0.029378736644268107,-1.4955272779432454,3.9877303550545933,-1.4830523016011925,0.07158343127018418,-0.16293019801826442,0.10083326963185345,-0.17169734903041348,1.4573711554049413,-0.004019653696170522,-0.04262884459505867,0,0,FOLLOWING,1.4104897592275822,0.23353113222433894,0
15.52,3.8841476662268484,-0.0317856378257011,-1.5007384879529237,3.9801939666273447,-1.4883728480064904,0.045983431270184186,-0.1609541867076103,0.07538400663182326,-0.16285072669702028,1.459750387115166,-0.004213885902398794,-0.040249612884833974,0,0,FOLLOWING,1.3693916460326052,0.21390464731068434,0
15.552,3.8842449692662138,-0.03337151552788868,-1.5058864580296587,3.9726077997983644,-1.4935739062575486,0.04584981042476995,-0.16190481449665264,0.049642587967560034,-0.16087448896836296,1.4628735460429476,-0.004469475574077064,-0.037126453957052385,0,0,FOLLOWING,1.4201534294648626,0.26793863145060887,0
15.584,3.8843293713096454,-0.03481843539731632,-1.5105567611248922,3.9649720068248,-1.4986550588078829,0.038649730977126366,-0.15968858477954273,0.04530341982080169,-0.14594734120974703,1.4660562385873466,-0.0052052799347031,-0.03394376141265343,0,0,FOLLOWING,1.404063286607137,0.23748490681535778,0
15.616,3.8843948313532124,-0.036041775785457975,-1.5151631237625607,3.957286740959815,-1.5036158977371652,0.05071767720626484,-0.16022001272026762,0.03829088288432743,-0.14394915415810033,1.4693832154711792,-0.006005687054818409,-0.030616784528820773,0,0,FOLLOWING,1.4382873449817615,0.28156204679209207,0
15.648,3.8844759059736123,-0.03762707485938794,-1.519785277392723,3.949552156449512,-1.5084560247839733,0.05430471848070093,-0.16738882944154918,0.04962579036759785,-0.14444261089705113,1.4722678826600344,-0.006795278301738651,-0.027732117339965612,0,0,FOLLOWING,1.4285242817095463,0.284751064753965,0
15.68,3.8845571540476747,-0.039343612570637114,-1.5246140801767951,3.9417684085298355,-1.5131750513777638,0.06429302299472454,-0.17898031775674264,0.05371296432190207,-0.15090040183197434,1.4749414353308092,-0.0073836819729598,-0.025058564669190764,0,0,FOLLOWING,1.4423857127312243,0.313904632684561,0
15.712,3.8846452107297296,-0.04137578422902952,-1.529777003637959,3.9339356534234584,-1.5177725986700654,0.05645450652670868,-0.1921802080749426,0.06357817434608909,-0.1613417266089306,1.4772193816195964,-0.0076460854215369975,-0.022780618380403572,0,0,FOLLOWING,1.4146120883930602,0.29360519336976104,0
15.744,3.884713902607892,-0.04318622037510079,-1.5353201613722176,3.9260540483366464,-1.5222482975648952,0.0631086996961339,-0.20198938195736404,0.05661382361306957,-0.17322412356773542,1.479639697977134,-0.0075331965554126246,-0.020360302022865984,0,0,FOLLOWING,1.4394760438407916,0.31219113667571013,0
15.776,3.8847795822648767,-0.045191191674360344,-1.5411461636360686,3.9181237514561014,-1.5266017887483883,0.07757262704870321,-0.2034384971169867,0.06269640998743845,-0.1820630883179898,1.481785811358133,-0.007145571965897045,-0.01821418864186697,0,0,FOLLOWING,1.4578544697958329,0.3107253154639086,0
15.808,3.8848470390992222,-0.0476494414833049,-1.547014400991523,3.9101449219457876,-1.530832722717645,0.1031726270487032,-0.1788627176929537,0.07686199378957649,-0.18338294373715175,1.4833990119349487,-0.0067271016655021665,-0.01660098806505128,0,0,FOLLOWING,1.493023180884789,0.29558417198745457,0
15.84,3.8849191395391007,-0.050807801531898365,-1.5527355655351105,3.902117719943738,-1.5349407598087892,0.1287726270487032,-0.17485108927680998,0.0987406914610108,-0.17878687737356033,1.4842326061004216,-0.0064729782972052785,-0.015767393899578375,0,0,FOLLOWING,1.5161361993194433,0.362632461131717,0
15.872,3.8849868703288237,-0.05478839498868778,-1.5583286931499465,3.8940423065588363,-1.5389255702242373,0.13587415839532682,-0.17297253603895213,0.12442748766738508,-0.17478570313701228,1.484164800768928,-0.006366227379110745,-0.015835199231071906,0,0,FOLLOWING,1.4512584318444448,0.26749952702198915,0
15.904,3.8850340914452683,-0.05913245858309796,-1.563320974814575,3.8859188438675893,-1.5427868340591733,0.13866061819741174,-0.18125442127468627,0.13576134108048787,-0.15600915969619594,1.4836546392796917,-0.006879018809962557,-0.016345360720308344,0,0,FOLLOWING,1.4681005761895025,0.3167410997249885,0
15.936,3.8850597004932395,-0.06357914437396359,-1.5685510946235894,3.8777474949108695,-1.5465242413272322,0.15072949000021998,-0.19109095025940043,0.1389549349142953,-0.16344164142370815,1.4829631246016262,-0.007176059574561577,-0.01703687539837384,0,0,FOLLOWING,1.4852563424595013,0.34526532737514337,0
15.968,3.88506224540282,-0.06839867676019132,-1.5740647176574247,3.869528423690645,-1.550137491985386,0.1687479473884042,-0.19686493768019833,0.15061154914183666,-0.17230117475652157,1.4818202374653782,-0.007214733770469549,-0.018179762534621835,0,0,FOLLOWING,1.500214157797374,0.3563825382083358,0
16.0,3.885035596390314,-0.07378626018476925,-1.5797451834731606,3.8612617951666874,-1.5536262959580318,0.18951839037740129,-0.21302431384355314,0.16836977322514313,-0.1775150562633306,1.4800309878857374,-0.007114877050951707,-0.019969012114262608,0,0,FOLLOWING,1.5102587563545662,0.3987124875242931,0
16.032,3.884971482907049,-0.07983610953046472,-1.5858914698206577,3.8529477752532593,-1.5569903731602783,0.19692208266611375,-0.21980891723605783,0.18907481627747455,-0.1920720854288249,1.4775013490388536,-0.006580786754981194,-0.02249865096114645,0,0,FOLLOWING,1.4956777555444376,0.3580297721656852,0
16.064,3.884865001518647,-0.08614327505234119,-1.5922338684743558,3.844586530815788,-1.5602294535204315,0.17982457186559214,-0.20317181138823334,0.19712138831673162,-0.19820068176683817,1.474636367635364,-0.00588002735323756,-0.025363632364636013,0,0,FOLLOWING,1.458050180471104,0.24537478751876846,0
16.096,3.8847280988047754,-0.09193681668223026,-1.5980971935265749,3.8361782296675124,-1.5633432770016775,0.16219397751685072,-0.17691794568129185,0.18107444135689862,-0.18322948797569158,1.472207207312561,-0.0056827194450230776,-0.02779279268743906,0,0,FOLLOWING,1.4518930432606376,0.2055875466423529,0
16.128,3.884571955136775,-0.09716145665829429,-1.6032036812720516,3.827723040566118,-1.5663315936229578,0.14444403815480056,-0.16197441588561148,0.1633215807470027,-0.15957810076350862,1.4702695978753793,-0.006267926128511902,-0.029730402124620747,0,0,FOLLOWING,1.4447998653195562,0.21779506755862407,0
16.16,3.8844078282148446,-0.10181071611482996,-1.607878490400697,3.8192211332103474,-1.5691941634790372,0.15252350633860715,-0.14900217478473154,0.14536271577757534,-0.1460880513223731,1.468830652867809,-0.007312411295399056,-0.031169347132190994,0,0,FOLLOWING,1.4839779829937545,0.2729223411584862,0
16.192,3.884214510933702,-0.10667606132640994,-1.6121795512665715,3.810672678236598,-1.5719307567597653,0.16130430332567072,-0.13933664855907588,0.15216851064858247,-0.13440836300043557,1.4670990844676934,-0.008765171851068398,-0.03290091553230656,0,0,FOLLOWING,1.4884991986013338,0.2802628254007826,0
16.224,3.8839894431647535,-0.11181920216775802,-1.6162021660655934,3.8020778472154926,-1.574541153768525,0.1482071680586046,-0.1394511835567462,0.1608846394480072,-0.12570688132428726,1.4650136576993784,-0.010535164024971344,-0.03498634230062159,0,0,FOLLOWING,1.453445983875573,0.2513470220314252,0
16.256,3.8837618631168467,-0.1165751447710833,-1.620227313491077,3.7934368126484403,-1.5770251449398693,0.12846158993482504,-0.14043421664713396,0.14878248212078868,-0.12578602692017413,1.4632405194413964,-0.012337746597668842,-0.03675948055860356,0,0,FOLLOWING,1.4368938845891968,0.23546104694965628,0
16.288,3.8835465084460488,-0.12070735610834585,-1.6242801807361114,3.78474974796417,-1.5793825308563474,0.11157406832277177,-0.14426236913594248,0.12929140708901168,-0.12665227817811983,1.462017122098037,-0.014143334533646135,-0.037982877901963086,0,0,FOLLOWING,1.4347381555904257,0.24290292948219327,0
16.32,3.883344338660361,-0.12429092718011993,-1.6284428984305126,3.776016827515253,-1.5816131222645118,0.10351663516503568,-0.14956260951727338,0.1121539242583643,-0.1300851265589426,1.4612690289382697,-0.015867779763317102,-0.03873097106173029,0,0,FOLLOWING,1.4446594873139855,0.25917916655154905,0
16.352,3.8831436850932426,-0.1276001194792395,-1.6327582426241796,3.7672382265746034,-1.5837167400901133,0.10199586375205665,-0.16139903459016805,0.10360066731710926,-0.13485473316678565,1.460722317257338,-0.017469628870700582,-0.03927768274266197,0,0,FOLLOWING,1.4532690308029133,0.2902590802099641,0
16.384,3.8829330266655098,-0.13084921788116285,-1.6374145695897493,3.758414121331959,-1.5856932154524772,0.09066678246609434,-0.17706436348544854,0.10175201668157785,-0.1455104978399136,1.4601630097543044,-0.018762856665702543,-0.03983699024569565,0,0,FOLLOWING,1.4351678025471732,0.28996405478783327,0
16.416,3.8827308589421166,-0.13374975678164672,-1.6425220707698764,3.749544688890345,-1.5875423896780603,0.10203640951144544,-0.18319638029937457,0.09085816488180017,-0.15960976788137266,1.4598806716156445,-0.019632146454504618,-0.0401193283843555,0,0,FOLLOWING,1.4725147179853952,0.30632311636661824,0
16.448,3.8824903547578655,-0.13698101818142808,-1.6478069521384975,3.7406301072625205,-1.5892641143131903,0.1185159561017322,-0.17442623183913306,0.10127024323295426,-0.1651529394489204,1.4591951621114627,-0.020361315851137318,-0.04080483788853728,0,0,FOLLOWING,1.4873958551936848,0.2853450515516745,0
16.48,3.882192726514064,-0.14073028907098026,-1.6528484513974624,3.7316705553674057,-1.590858251135984,0.11278229883480938,-0.1669948410807736,0.11754994290646052,-0.15754718798982806,1.4579190753843316,-0.021376713190547125,-0.04208092461566837,0,0,FOLLOWING,1.455579283660497,0.23903139586708783,0
16.512,3.8818882667071,-0.14433217399441783,-1.6576676979777514,3.72266621302649,-1.5923246721674418,0.09634593017749966,-0.16877105718271868,0.11295681891291504,-0.15060174688887495,1.456720267293493,-0.02264917855355031,-0.04327973270650709,0,0,FOLLOWING,1.4341389789216228,0.24151593533077725,0
16.544,3.8816106278777585,-0.14742507038206482,-1.662537676799955,3.7136172609602234,-1.5936632596817255,0.09407768678139157,-0.15726372471154673,0.09702884820631694,-0.15218713751229562,1.4559624553940431,-0.023899251478183947,-0.04403754460595688,0,0,FOLLOWING,1.4550601346988192,0.22357658967743219,0
16.576,3.881326759492664,-0.15042218094728899,-1.6670765993158478,3.7045238807843903,-1.5948739062156063,0.08414075713562444,-0.15573820544714753,0.09407879256641724,-0.14184157501420086,1.4552319555830784,-0.02551526382994007,-0.044768044416921615,0,0,FOLLOWING,1.440659434732562,0.23087653445724463,0
16.608,3.881059306329903,-0.15311030078243515,-1.671571260413183,3.6953862550064627,-1.595956514577094,0.09724443024955334,-0.17335119620770448,0.08441345522679958,-0.14045839914496241,1.4547438532777304,-0.027206971263842087,-0.04525614672226963,0,0,FOLLOWING,1.4764934652102442,0.32787794741427956,0
16.64,3.8807412229857947,-0.15618200986635228,-1.6765731375278092,3.6862045670219388,-1.596910997853238,0.11164215476910942,-0.1900827062485776,0.09651748612301117,-0.15630899239304033,1.453803469296767,-0.02843798593720126,-0.04619653070323304,0,0,FOLLOWING,1.4838103212818317,0.3394159169229061,0
16.672,3.880359257002803,-0.15971030304964723,-1.6820573997409047,3.6769790011106602,-1.597737279417107,0.10786140862404453,-0.201918334474491,0.11091633402634805,-0.17138362373713556,1.4523378096184414,-0.029237171676294693,-0.04766219038155861,0,0,FOLLOWING,1.4581469032019878,0.3028719016318374,0
16.704,3.879967864511013,-0.16314538067897752,-1.6878828349328523,3.6677097424331144,-1.5984352929339385,0.11436369980538594,-0.21924531243631573,0.10803688692064037,-0.1820453663112588,1.4508999423147309,-0.029734527198787886,-0.04910005768526915,0,0,FOLLOWING,1.4742886476604051,0.34272397504423957,0
16.736,3.8795332658525865,-0.16677199759145236,-1.6942075310053089,3.658396977026721,-1.5990049823664654,0.12234042765251658,-0.22857455261878312,0.11414583547424441,-0.1976474123011614,1.449204119823436,-0.029778789482396206,-0.050795880176564,0,0,FOLLOWING,1.479974638259771,0.3317611592532747,0
16.768,3.8790439919301067,-0.17064741500503816,-1.7008015204044953,3.649040891802094,-1.5994463019794147,0.1067170266624256,-0.22146373067707556,0.12207210487346074,-0.20606291880392455,1.447193036705095,-0.02960208712073098,-0.052806963294905085,0,0,FOLLOWING,1.4432413015507253,0.24662530634277896,0
16.8,3.87858891229226,-0.17405971640315118,-1.707202788583726,3.6396416745392917,-1.5997592163431786,0.11143371116214942,-0.2259483698917602,0.10756360534050914,-0.20004031806760222,1.4455846037361555,-0.029650187128165806,-0.05441539626384451,0,0,FOLLOWING,1.4727245068093229,0.31133244649084535,0
16.832,3.878095147849909,-0.1775867561561887,-1.7137212366750871,3.6301995138840493,-1.5999437003366594,0.1034883689864434,-0.22268073762858945,0.11129672906569163,-0.20370222415388262,1.4437976042360445,-0.029627023701241043,-0.05620239576395547,0,0,FOLLOWING,1.4532793688890027,0.2688661097369503,0
16.864,3.8776120841109254,-0.1808745400579037,-1.7201456035926588,3.620714599343991,-1.5999997391492862,0.09123214809094737,-0.23881209895593694,0.10383938496624363,-0.20076215618425075,1.4421902261406896,-0.02973655174980094,-0.05780977385931041,0,0,FOLLOWING,1.4409192280958636,0.32344788179984113,0
16.896,3.8771653661064707,-0.1837764325392201,-1.7270338887813976,3.6111871212848263,-1.5999273282822035,0.09689671089634755,-0.24754515018452722,0.09174254640635307,-0.21525976151519066,1.4409121368883173,-0.029417308309149126,-0.05908786311168268,0,0,FOLLOWING,1.4688104043412435,0.3319142997864403,0
16.928,3.8766746871121165,-0.18682739313451485,-1.7341741188260602,3.601617270926532,-1.5997264735486327,0.12249671089634755,-0.24729064396040212,0.09657320108405305,-0.22313313917621083,1.4394236324424265,-0.028893249857198322,-0.06057636755757345,0,0,FOLLOWING,1.5092088672942792,0.355784846985368,0
16.96,3.876033328479864,-0.1906342030447523,-1.741419496665445,3.5920052403395113,-1.599397191073405,0.135457510394425,-0.2201256564389703,0.12065991510124596,-0.22641904746516814,1.4371099858020895,-0.02832502197305553,-0.06289001419791052,0,0,FOLLOWING,1.4940277648351257,0.25925181309854095,0
16.992,3.8752897589461357,-0.19487891516143574,-1.7478158509143706,3.58235122244074,-1.598939507291668,0.13330996416216412,-0.2138593205286916,0.13467587519850088,-0.19988675515116985,1.4342939491411868,-0.028666573007476215,-0.0657060508588132,0,0,FOLLOWING,1.4744134337243542,0.27949496762176057,0
17.024,3.8745261480218733,-0.19908519277725237,-1.753987163679948,3.5726554109898956,-1.5983534589467616,0.12766152389536056,-0.2016306539956649,0.13358879053252562,-0.19285414473033652,1.4314599619218324,-0.029287467901834452,-0.06854003807816755,0,0,FOLLOWING,1.468340191627805,0.2517050067170522,0
17.056,3.8737682299399108,-0.203114353806113,-1.7598060459844311,3.5629180005854666,-1.5976390930872704,0.10226290448703114,-0.20615708994312731,0.1281107895982554,-0.18184059070963585,1.4287501928457929,-0.030312302001785252,-0.07124980715420715,0,0,FOLLOWING,1.4298113846180236,0.26819485701484075,0
17.088,3.87313489775456,-0.20637855081116815,-1.7658218866322963,3.5531391866608466,-1.5967964670632444,0.08982618896708006,-0.24193224910519998,0.10388576060482532,-0.18799558701197244,1.4267653054911087,-0.031179158789304218,-0.07323469450889131,0,0,FOLLOWING,1.439622559464079,0.3872024437448384,0
17.12,3.8725636927863847,-0.20921334401370917,-1.7727993431444826,3.543319165480415,-1.595825648521597,0.06422618896708007,-0.25818341869791883,0.09035768713688638,-0.2180463997882967,1.425165127896977,-0.03112497203185738,-0.07483487210302298,0,0,FOLLOWING,1.4098086748964467,0.32441783332265917,0
17.152,3.8721347465870433,-0.21126486497861377,-1.7802995756484565,3.533458134135596,-1.594726715400672,0.038626188967080075,-0.28315765320855846,0.06547939635438006,-0.23438336669882984,1.424313357163659,-0.030578853487761792,-0.07568664283634097,0,0,FOLLOWING,1.4015986575827823,0.3632450680300966,0
17.184,3.8718621821782127,-0.21250714739056087,-1.7885134086139927,3.5235562905409012,-1.5934997559239887,0.04861577371236578,-0.30751435884341605,0.03973026585768965,-0.25668373411308926,1.4242392983530625,-0.029344409099006485,-0.07576070164693749,0,0,FOLLOWING,1.456849278012936,0.407060673821206,0
17.216,3.8715228673370787,-0.21399711180200184,-1.7973799157827375,3.51361383342996,-1.5921448685931583,0.04594254772151727,-0.32141166219849954,0.047769394339776484,-0.2770802134823436,1.4238645006112147,-0.02750620576337659,-0.07613549938878528,0,0,FOLLOWING,1.4382435147913408,0.3727451962630788,0
17.248,3.871186178517773,-0.21541830249875557,-1.8066472743489357,3.5036309623515307,-1.5906621621799752,0.04341817319351208,-0.32726601697016705,0.04564708824981668,-0.2896070476650672,1.423514141314343,-0.025310422891560602,-0.07648585868565694,0,0,FOLLOWING,1.4387496463394929,0.35496692141575725,0
17.28,3.8708549583272625,-0.21676081541994882,-1.8160837436656037,3.493607877665493,-1.589051755717687,0.03831126044094256,-0.32376630678533974,0.04321532474911163,-0.29489186652415045,1.4231998400404204,-0.02298873653660394,-0.07680015995957956,0,0,FOLLOWING,1.4347550744644126,0.3255958136325721,0
17.312,3.8705499387675206,-0.21794660948385158,-1.8254197807073596,3.4835447805388298,-1.5873137784914357,0.031752989609081225,-0.31428224082563727,0.03826337068208262,-0.29175328434537534,1.4230036669142703,-0.020809472307398602,-0.07699633308572973,0,0,FOLLOWING,1.4316279727449277,0.3034130071799813,0
17.344,3.870286474169922,-0.21892913732418431,-1.834482809554779,3.4734418729415872,-1.5854483700278805,0.0061529896090812206,-0.3009499592025133,0.0317882492327463,-0.2832215977066208,1.4229759136658549,-0.01894487426496094,-0.07702408633414515,0,0,FOLLOWING,1.3742146971719804,0.27271251700419435,0
17.376,3.8702214065129,-0.2191555273225149,-1.8432203245210073,3.4632993576428235,-1.5834556800839954,0.0,-0.3090725699981086,0.007345790254385993,-0.2730490869828006,1.4236925442951578,-0.017439664373152253,-0.07630745570484221,0,0,FOLLOWING,1.3564548387204725,0.3430333040711515,0
17.408,3.870216189718235,-0.21915221435804172,-1.8521326647177112,3.453117438206537,-1.5813358686350476,0.0,-0.31829839342195143,-5.302533399411354e-05,-0.27851250098414576,1.424610710507286,-0.01579751506942384,-0.07538928949271395,0,0,FOLLOWING,1.4115768924758723,0.3601524535648975,0
17.44,3.8702150317984945,-0.21913872322002484,-1.861310941828841,3.4428963189875814,-1.5790891058617529,0.0,-0.3232080595718065,-0.00038622846446909677,-0.2868232086980006,1.4255056385597913,-0.01393318330554072,-0.07449436144020871,0,0,FOLLOWING,1.4240441238133632,0.35828140961183386,0
17.472,3.8702145371924774,-0.21912689446512962,-1.870630978310855,3.4326362051275665,-1.5767155721366153,0.0,-0.31447434902035404,-0.000342108270031221,-0.2912532712749215,1.4263666479676684,-0.011971606098870602,-0.07363335203233157,0,0,FOLLOWING,1.411989714495598,0.308736705622595,0
17.504,3.8702142976774785,-0.21911733903819197,-1.879699900914618,3.422337302550735,-1.5742154580094443,0.0,-0.29923644917176706,-0.000276964647693998,-0.28340578760123264,1.427194701084329,-0.010306170717440779,-0.07280529891567089,0,0,FOLLOWING,1.3946069196606774,0.2779182031183606,0
17.536,3.8702142126682113,-0.219109692214948,-1.8883300899696864,3.4119998179598356,-1.5715889641920604,0.0,-0.27201624515036554,-0.00022200709164013727,-0.2696950901018286,1.4279918111269767,-0.009124993433700102,-0.0720081888730233,0,0,FOLLOWING,1.4157810355810794,0.2365339024664395,0
17.568,3.8702142262905066,-0.21910306120844716,-1.8961789740943735,3.4016239588319728,-1.5688363015421782,0.0,-0.24158169008823144,-0.00019315859704185104,-0.24527889278691858,1.4287605323561585,-0.00877102645386052,-0.07123946764384148,0,0,FOLLOWING,1.4148569757267102,0.21095813768268296,0
17.6,3.870214301975359,-0.21909727699953296,-1.9031529097939113,3.3912099334144408,-1.5659576910464814,0.0,-0.204576839309969,-0.00016898264904302487,-0.21793637666879365,1.429502766708467,-0.009338440953285955,-0.07049723329153301,0,0,FOLLOWING,1.4634745784286833,0.21832092412830664,0
17.632,3.870214411267049,-0.21909212694277597,-1.9090625670613035,3.3807579507205463,-1.5629533638028805,0.00025212181372729513,-0.17839485233947644,-0.00015083447007934196,-0.1846773286888441,1.4302204902412357,-0.011017067045856477,-0.06977950975876435,0,0,FOLLOWING,1.4727216432927763,0.23977257088317666,0
17.664,3.8702119734500706,-0.21909542213733635,-1.914215842148297,3.3702682205254115,-1.5598235610019593,0.0258521218137273,-0.1418326491958874,0.000124517085802179,-0.16104020390567023,1.4309072990350522,-0.013499772328665172,-0.0690927009649478,0,0,FOLLOWING,1.5329333391801179,0.29175887408589696,0
17.696,3.8699560102744752,-0.21979912274006277,-1.9185252847939755,3.359740953361766,-1.556568533907614,0.05145212181372729,-0.11807639793375116,0.02342059474496739,-0.13467029053375462,1.430829082362279,-0.016883231710247637,-0.0691709176377211,0,0,FOLLOWING,1.4900724920592643,0.22576405790178444,0
17.728,3.8694269485376087,-0.22124760564034548,-1.9222973097665377,3.3491763605157177,-1.5531885438368793,0.0770521218137273,-0.11143582555000572,0.04820836025681136,-0.1178759188271245,1.4299396271105247,-0.020872162847634046,-0.07006037288947531,0,0,FOLLOWING,1.489550324470975,0.2577245417515838,0
17.76,3.8686074616969606,-0.2234715168259567,-1.9258577166539756,3.338574654022518,-1.5496838621389506,0.08564956685530735,-0.11289248167008163,0.07408094300138177,-0.11126283952235005,1.4282065544142573,-0.025151057366525006,-0.07179344558574274,0,0,FOLLOWING,1.4771069288977872,0.26151229068038295,0
17.792,3.8676536172992635,-0.2260371861443155,-1.929130950355704,3.3279360466622996,-1.5460547701734,0.09286406168986475,-0.12220693200681902,0.08553924185511635,-0.10228866262661014,1.4260930818849964,-0.029796126846260984,-0.0739069181150036,0,0,FOLLOWING,1.4855761725175025,0.2933246779268091,0
17.824,3.8666075542907388,-0.22882432858275908,-1.9326621034297027,3.3172607519558115,-1.5423015592875875,0.09260892321222051,-0.12616019174291798,0.09302710889645864,-0.11034866860639439,1.4237290278756118,-0.034263944907176665,-0.07627097212438816,0,0,FOLLOWING,1.4760425743078294,0.267632926626492,0
17.856,3.8655505418009106,-0.23160920490020137,-1.936307377310781,3.3065489841601305,-1.538424530793273,0.08782464689750889,-0.13542545690825913,0.09307606787353317,-0.11391495726970566,1.42135464871855,-0.03869387471866981,-0.07864535128145,0,0,FOLLOWING,1.4677232826725777,0.2777233822120744,0
17.888,3.8645361173758657,-0.23425099337246702,-1.9402194849670094,3.29580095826436,-1.534423995942424,0.08866981704995947,-0.1375975593894716,0.08842158774850338,-0.122253535580916,1.4191227987110089,-0.04292883937987857,-0.08087720128899112,0,0,FOLLOWING,1.4765405931606956,0.264802243311997,0
17.92,3.863505135013176,-0.23690364008136988,-1.9441944306200474,3.2850168899853194,-1.530300275902231,0.09651745217568046,-0.14803576001299573,0.08893085785578096,-0.12421722319884293,1.4168710270127383,-0.04717726292101854,-0.08312897298726174,0,0,FOLLOWING,1.4882280546769688,0.30258018752066734,0
17.952,3.862376050913234,-0.23977422058183595,-1.9484721199197994,3.2741969957632096,-1.5260537017293219,0.09426710457996049,-0.17862307520156692,0.09639684112898222,-0.13367799933833172,1.4143795475537042,-0.051208704337880384,-0.08562045244629579,0,0,FOLLOWING,1.4712552221649633,0.35987046288577773,0
17.984,3.861255841594348,-0.24258595103511876,-1.9536283003162191,3.263341492757273,-1.5216846143431852,0.08763214512118142,-0.21831403423660262,0.09457686068536235,-0.16113100194920071,1.411947222463271,-0.05443803518064083,-0.08805277753672902,0,0,FOLLOWING,1.46059191116343,0.40107084062714543,0
18.016000000000002,3.8601979235445625,-0.24519967027373335,-1.9599275670908332,3.2524505988414325,-1.5171933644988,0.062032145121181416,-0.24742064262520397,0.08810602690404311,-0.19685274442822492,1.409725068526535,-0.05659195593742683,-0.09027493147346499,0,0,FOLLOWING,1.4199966749673898,0.3682749155555287,0
18.048000000000002,3.859424641941482,-0.24707479948767655,-1.9670858794772672,3.2415245325999207,-1.5125803127584778,0.03643214512118142,-0.2692652321995732,0.06336194920086968,-0.22369821520648303,1.4082985298732325,-0.05792482299324298,-0.09170147012676755,0,0,FOLLOWING,1.4123405619001432,0.35783842367600516,0
18.080000000000002,3.8589557468382214,-0.24818399347189776,-1.9748739008176028,3.230563513322889,-1.5078458294629153,0.010832145121181413,-0.2795010396996273,0.037612663727520375,-0.2433768863758131,1.407701935849578,-0.05865592193699554,-0.09229806415042208,0,0,FOLLOWING,1.3941433991505863,0.3285659542205405,0
18.112000000000002,3.858802993189207,-0.24853057303018325,-1.9829576415066017,3.2195677610020126,-1.5029902947014637,0.0,-0.2815034881695722,0.01182034712933655,-0.25261827325266717,1.4079385197390557,-0.05911307239428277,-0.0920614802609443,0,0,FOLLOWING,1.400106963012686,0.3071077682491436,0
18.144000000000002,3.8587972620866893,-0.24853132570299258,-1.9910821504156826,3.2085374963260684,-1.4980140982816152,0.0,-0.28795898793507213,9.363783273924706e-05,-0.2538923320740494,1.408561309257719,-0.059566498137085595,-0.09143869074228106,0,0,FOLLOWING,1.4184414015075053,0.32936664389812426,0
18.176000000000002,3.8587994671441783,-0.24851549276472867,-1.999387739789081,3.197472940676511,-1.4929176396977069,0.0,-0.29901533600173913,-0.0004697195150447209,-0.2595512051345183,1.4092159089015408,-0.05989161442843849,-0.0907840910984592,0,0,FOLLOWING,1.4049139933113508,0.34788095113277673,0
18.208000000000002,3.858802025412746,-0.24850132916453094,-2.0080118834057745,3.1863743161230262,-1.4877013280988516,0.0,-0.30469698342813384,-0.00042671781783127326,-0.2695061889606279,1.4098849816844778,-0.05995208435703381,-0.09011501831552216,0,0,FOLLOWING,1.4263246031813988,0.34332035362588587,0
18.240000000000002,3.858804250731266,-0.24848989606964225,-2.0167999781286157,3.1752418454190767,-1.4823655822560884,0.0,-0.3062878537709241,-0.0003457674769618559,-0.2746297461502355,1.4105696618452628,-0.05990245887426404,-0.08943033815473722,0,0,FOLLOWING,1.393761593728984,0.3267263479696622,0
18.272000000000002,3.858806132380053,-0.24848077498227142,-2.0256341132111815,3.1640757519974283,-1.4769108305287657,0.0,-0.3063477848899369,-0.0002766430686257381,-0.2760685278338671,1.4112727244570942,-0.05986048738102757,-0.08872727554290583,0,0,FOLLOWING,1.3935988476249437,0.32430666785701284,0
18.304000000000002,3.8588077158412544,-0.2484735096324723,-2.0344700881233857,3.152876259965667,-1.471337510830149,0.0,-0.30785359169840504,-0.00022101679726806893,-0.2761260191135206,1.4119970204712962,-0.05987017953647645,-0.08800297952870384,0,0,FOLLOWING,1.3824497414248202,0.33140177222108225,0
18.336000000000002,3.858809043490071,-0.2484676348568187,-2.0433498753243042,3.1416435941017014,-1.4656460705922685,0.0,-0.31521379042584896,-0.00017901631737770625,-0.2774951772653381,1.412745421587279,-0.059889313702603086,-0.087254578412721,0,0,FOLLOWING,1.3725530817289644,0.3547210085482848,0
18.368000000000002,3.8588101533464787,-0.24846284673507668,-2.0524420129151433,3.130377979849252,-1.459836966729995,0.0,-0.3291492384185979,-0.0001460127390395771,-0.2841312593387735,1.4135206719320932,-0.05974910436651105,-0.08647932806790681,0,0,FOLLOWING,1.3780566253634996,0.38249887770705154,0
18.400000000000002,3.8588110792498167,-0.2484589348534988,-2.0619357828369944,3.1190796433133254,-1.4539106656043623,0.0,-0.3450312947191994,-0.00011932068512263044,-0.2966825397784161,1.4143254478665495,-0.05926000232456774,-0.08567455213345054,0,0,FOLLOWING,1.3764668370437065,0.3986158603322795,0
18.432000000000002,3.8588118506568847,-0.24845562254179335,-2.0718877965365317,3.107748811255676,-1.4478676429851232,0.0,-0.3530486574061226,-0.00010067390635253602,-0.3110029957609345,1.4151624938283704,-0.05836505055538499,-0.08483750617162955,0,0,FOLLOWING,1.3471578486073714,0.3853652665991943,0
18.464,3.85881249415229,-0.24845259190035082,-2.08207245657651,3.096385711090254,-1.4417083840125566,0.0,-0.36486127560648135,-9.109106261871596e-05,-0.31827337780046105,1.4160345987791587,-0.05728943047393819,-0.08396540122084128,0,0,FOLLOWING,1.391665071899806,0.40509270043189294,0
18.496,3.8588130339864524,-0.24844996044251685,-2.092597684510158,3.0849905708786456,-1.4354333831585206,0.0,-0.38214703454627097,-7.862097514399938e-05,-0.3289164096502951,1.416944194459624,-0.055924916221963716,-0.08305580554037606,0,0,FOLLOWING,1.3694084268023008,0.4294487084060635,0
18.528,3.858813484960805,-0.24844767106006066,-2.10362099962096,3.073563619325488,-1.4290431441867522,0.0,-0.3860862264419808,-6.79239611366071e-05,-0.34448208563709726,1.4178938686120057,-0.05411356399157308,-0.08210613138799427,0,0,FOLLOWING,1.4085231651658978,0.40584423128090075,0
18.56,3.8588138611887888,-0.24844551169652615,-2.114759682316073,3.062105085773887,-1.4225381801124284,0.0,-0.38106717871433027,-6.314159335114592e-05,-0.34808743323857483,1.4188863474045714,-0.052237556408777135,-0.08111365259542858,0,0,FOLLOWING,1.4078698496204334,0.37913887442671335,0
18.592,3.8588141767352684,-0.24844346041407517,-2.1257548535818565,3.0506152002008093,-1.41591901316098,0.0,-0.38548290374767835,-5.91321954888289e-05,-0.343602563715394,1.4199242064043551,-0.05055525709735199,-0.08007579359564487,0,0,FOLLOWING,1.3906714581501975,0.4064951459908815,0
18.624,3.8588144403665976,-0.2484415009152782,-2.136876425203627,3.039094193212471,-1.4091861747261654,0.0,-0.3884726542209274,-5.5664870892257176e-05,-0.34755269558592405,1.4210100215602863,-0.048796186777239736,-0.07898997843971367,0,0,FOLLOWING,1.4146524001134628,0.41633976742349615,0
18.656,3.8588146604892577,-0.2484396257627959,-2.1480842863426823,3.0275422960397007,-1.4023402053274099,0.0,-0.413285291004,-5.250805191828261e-05,-0.3502493270258956,1.422146367789585,-0.04699984048198047,-0.07785363221041508,0,0,FOLLOWING,1.4078739241026499,0.49443444230960976,0
18.688,3.8588148467547856,-0.24843813916731933,-2.160005325914808,3.015959740533309,-1.3953816545664133,0.0,-0.4213389564325929,-4.1572441737419024e-05,-0.37253689846042154,1.4233355744867928,-0.04453879175833153,-0.07666442551320718,0,0,FOLLOWING,1.4326116036077012,0.46445917897110933,0
18.72,3.858814998789616,-0.24843671192391237,-2.1721600903702627,3.0043467591594295,-1.3883110810830277,0.0,-0.4195573999554929,-3.924335282014356e-05,-0.37984106566633774,1.4245804821078383,-0.041891637938309856,-0.07541951789216172,0,0,FOLLOWING,1.393150359580014,0.4192142387618227,0
18.752,3.858815125299827,-0.24843533338295068,-2.184264396649253,2.9927035849948536,-1.3811290525104072,0.0,-0.4119315377538485,-3.7323762872638034e-05,-0.3782641896520635,1.4258836774436554,-0.03934178738023153,-0.0741163225563446,0,0,FOLLOWING,1.4059333257363829,0.405776108204967,0
18.784,3.8588152307382138,-0.24843399464727223,-2.196149262824445,2.981030451722353,-1.3738361454294399,0.0,-0.4095820758132657,-3.5706379388785185e-05,-0.37140643974803417,1.4272477427752521,-0.03705739238462957,-0.07275225722474787,0,0,FOLLOWING,1.4394957868861369,0.44096097037116044,0
18.816,3.858815318354142,-0.24843268873403848,-2.207965726145968,2.96932759362599,-1.3664329453224575,0.0,-0.3969584743696465,-3.431866914885969e-05,-0.369268775519286,1.4286752556735332,-0.03488653280696408,-0.07132474432646685,0,0,FOLLOWING,1.4582466394780134,0.4191061865366623,0
18.848,3.8588153911354084,-0.24843140918283968,-2.2194187709845865,2.9575952455864147,-1.3589200465262339,0.014669194198725406,-0.3699977092400481,-3.314968893717196e-05,-0.35791156355249976,1.4301687887840855,-0.03312328795190167,-0.06983121121591451,0,0,FOLLOWING,1.4725343186488364,0.376612147618495,0
18.88,3.8585440163472313,-0.2487864909852241,-2.2301007764231646,2.9458336430761514,-1.3512980521842697,0.040269194198725405,-0.35669508442094866,0.013977108476339626,-0.33381584270237064,1.4312833290631843,-0.03218696471790982,-0.06871667093681566,0,0,FOLLOWING,1.4815053481503513,0.4155510404346238,0
18.912,3.8577746452459407,-0.2497750428580001,-2.2404019917685565,2.9340430221548726,-1.3435675741983721,0.0658691941987254,-0.3566233564243294,0.039163324538157095,-0.3219158231382452,1.4316641411708395,-0.03169940420249828,-0.06833585882916049,0,0,FOLLOWING,1.5149330709824262,0.4850116468256806,0
18.944,3.8564828102161415,-0.2514018782016091,-2.250699041541969,2.92222361946466,-1.335729233179531,0.09146919419872539,-0.3643935981100854,0.06493110858192505,-0.32178566556538585,1.431295234484147,-0.031288768397014,-0.06870476551585303,0,0,FOLLOWING,1.484497562507648,0.47955684561116235,0
18.976,3.854654471415153,-0.25365631574854136,-2.2612182030720733,2.9103756722252574,-1.3277836583980942,0.09964729749250484,-0.35784275535590837,0.09071667932117658,-0.32872688096868147,1.4301790093645275,-0.030732598795272903,-0.06982099063547254,0,0,FOLLOWING,1.4676488067713884,0.4212699274496348,0
19.008,3.852615989904274,-0.25611552004161425,-2.271542937687133,2.8984994182293073,-1.319731487733251,0.11244962769617971,-0.34722971478530856,0.09981258472190258,-0.3226509261546725,1.428851762455927,-0.030436195011835032,-0.07114823754407307,0,0,FOLLOWING,1.4884337913325594,0.42301755992037987,0
19.04,3.8502896978552545,-0.25886128965719957,-2.2815630656343115,2.8865950958375794,-1.3115733676218218,0.10553347076333305,-0.34609619771597316,0.11245651781320956,-0.3131317073229553,1.4272035611820053,-0.030513481978262202,-0.07279643881799469,0,0,FOLLOWING,1.4575073458625067,0.4256020082159228,0
19.072,3.848061546515915,-0.2614363965010028,-2.291546965216976,2.8746629439741853,-1.3033099530063588,0.08614335884701253,-0.3375589206551841,0.10639605351760298,-0.3119995404179655,1.425834964915404,-0.030682573730509866,-0.07416503508459593,0,0,FOLLOWING,1.4333963726437833,0.38604448069686387,0
19.104,3.8462067176229886,-0.26353356411021706,-2.3012879788085585,2.8627032021217858,-1.2949419072825714,0.06054335884701253,-0.32662482600114723,0.08746620637292968,-0.3044091255719812,1.4251604595163192,-0.031135841547931253,-0.0748395404836808,0,0,FOLLOWING,1.4085448143414352,0.36424442840461757,0
19.136,3.8448762552875975,-0.26500363297077384,-2.310714002523867,2.8507161103167813,-1.2864699022460648,0.03649980621403537,-0.32063665762459076,0.061934968381274796,-0.29456542528357105,1.4253938870065268,-0.03193410138143893,-0.0746061129934732,0,0,FOLLOWING,1.4122710174215176,0.37801895729669077,0
19.168,3.8440575658690723,-0.2658852656638174,-2.31996485419942,2.8387019091444983,-1.277894618038408,0.04356439276182259,-0.32283864879928276,0.03757865880916105,-0.28909117635245507,1.426500236874056,-0.03293143686018141,-0.07349976312594397,0,0,FOLLOWING,1.4535187143423478,0.42660577267443,0
19.2,3.843111310112404,-0.26688784539296984,-2.3292747706860593,2.8266608397343562,-1.2692167430925325,0.0691643927618226,-0.33847392739550325,0.04309056223366878,-0.29093701862539273,1.4275275051274405,-0.03391470993401313,-0.07247249487255947,0,0,FOLLOWING,1.4883579207590476,0.5013536919832321,0
19.232,3.8416111655996246,-0.2684566285798829,-2.3390392326433775,2.8145931437550296,-1.2604369740774624,0.07354782030114443,-0.3640245355350513,0.06785458024047389,-0.3051418691740863,1.427862396397875,-0.03450750518943524,-0.07213760360212507,0,0,FOLLOWING,1.4543311038733653,0.5175469166637142,0
19.264,3.8399741807099184,-0.2701376753120975,-2.3495363412194763,2.8024990634095994,-1.251556015842386,0.06120683771041635,-0.3748224960035148,0.07332805477619914,-0.3280376548536535,1.4281234463961916,-0.034417106459308844,-0.0718765536038084,0,0,FOLLOWING,1.429324944497328,0.4667968144583295,0
19.296,3.838577672630426,-0.2715394047954377,-2.3603447722637028,2.79037884143069,-1.2425745813600706,0.060765166712781114,-0.3766666354375933,0.06182077595600534,-0.3377667611751757,1.4288562222471513,-0.03404545237033174,-0.07114377775284875,0,0,FOLLOWING,1.4471257905887578,0.4523784019121407,0
19.328,3.837188575376913,-0.2729033042852417,-2.371206632653171,2.778232721075598,-1.2334933916696222,0.0631546370207486,-0.38721405258806957,0.06083373011830009,-0.33943647427547635,1.4297275325530245,-0.03365626814800482,-0.07027246744697546,0,0,FOLLOWING,1.4501929605092179,0.48737238914471037,0
19.36,3.835733803725288,-0.27430137798336945,-2.3823722981411324,2.7660609461214083,-1.2243131758186023,0.04452981953904067,-0.3907310522987993,0.0630529759448914,-0.3489306717506733,1.4306370742856418,-0.03300041080101313,-0.0693629257143582,0,0,FOLLOWING,1.4136416423491274,0.451143492482262,0
19.392,3.834674544635016,-0.2752932531680999,-2.393640096771722,2.7538637608601055,-1.215034670804497,0.05106143280181705,-0.3925347589873397,0.04533365182615625,-0.35212242899201496,1.4322241033949266,-0.0322585180678967,-0.06777589660507344,0,0,FOLLOWING,1.4521012422724038,0.46962568355597634,0
19.424,3.833478178789421,-0.2763899796810517,-2.4049588437512375,2.741641410093667,-1.2056586215155507,0.03918059674485202,-0.406163965464545,0.050724351806959056,-0.3537146258070712,1.4337530255148268,-0.03149810315627599,-0.06624697448517325,0,0,FOLLOWING,1.4188364628422472,0.4958642369416758,0
19.456,3.8325331026343776,-0.27723437093592335,-2.4166697998822486,2.7293941391291527,-1.1961857806709673,0.021284711651709642,-0.3974811502870852,0.039596828118660055,-0.3659715610053475,1.4357532052053397,-0.030361716049713383,-0.06424679479466033,0,0,FOLLOWING,1.40660639869904,0.42126736637877477,0
19.488,3.8320013460196742,-0.2776937397819982,-2.4281323092034324,2.7171221937737755,-1.1866169087604765,0.011180853266790974,-0.3992154904318614,0.021947478820881022,-0.358207339376119,1.438435556852796,-0.029479880211396026,-0.061564443147203995,0,0,FOLLOWING,1.4124995124022013,0.4578283759017486,0
19.52,3.8317199360182337,-0.277926430682038,-2.439642927410235,2.7048258203299778,-1.1769527739832872,0.0012488534092027503,-0.40218691444480464,0.011406400975258408,-0.3597108102038721,1.4415750809175472,-0.028556992212114277,-0.05842491908245284,0,0,FOLLOWING,1.4086252299735307,0.4633790406508928,0
19.552,3.8316813316941927,-0.27794978439660634,-2.4512391434466676,2.692505265590479,-1.1671941521864118,0.004234277219026566,-0.4059408550202903,0.0013924433642139517,-0.3623858399120806,1.4451566196192795,-0.027552357518792366,-0.05484338038072045,0,0,FOLLOWING,1.4284133044323906,0.47889468788495143,0
19.584,3.831584121502844,-0.27802250605463724,-2.462943630284019,2.680160776833329,-1.1573418268023798,0.0,-0.4068318645425289,0.003799511751181253,-0.36576942650381133,1.4487850725660465,-0.026449861963054655,-0.051214927433953505,0,0,FOLLOWING,1.4162786682383988,0.46625412360450064,0
19.616,3.831583650929706,-0.27801680899705156,-2.4746739215168074,2.6677926018169393,-1.1473965887863458,0.007857861145957682,-0.3955082514861793,-9.665469958608736e-05,-0.3665758232221624,1.452663349679297,-0.025325021381915835,-0.04733665032070311,0,0,FOLLOWING,1.4403792284181278,0.4378742325541734,0
19.648,3.8313981936393704,-0.27815787321697744,-2.4860787380608405,2.655400988775115,-1.1373592365525882,0.026653305178929984,-0.3885602777805425,0.007291994627816023,-0.356404397462832,1.4564327683097198,-0.024534983708218938,-0.043567231690280206,0,0,FOLLOWING,1.4621185175981064,0.4627324420431051,0
19.68,3.830744881868808,-0.27865569120782585,-2.497284762923922,2.6429861864120707,-1.1272305759104133,0.021383949585520715,-0.38982607960978305,0.025684892177110716,-0.35019194466593023,1.459743146440873,-0.02396039580590958,-0.040256853559127004,0,0,FOLLOWING,1.4250975500001493,0.46523630776410385,0
19.712,3.830190638537324,-0.27906815628572196,-2.5085252115813432,2.630548443897439,-1.1170114199994632,0.030111378841141442,-0.39903849046655937,0.021585806673744184,-0.3512677202471475,1.463314835694505,-0.02335271343347589,-0.036685164305495066,0,0,FOLLOWING,1.4467074959579125,0.5069480249085302,0
19.744,3.8294205988450316,-0.2796291792783325,-2.520030971999243,2.618088010861269,-1.1067025892244367,0.045952890683758005,-0.4050297005022177,0.029778331616369034,-0.35955897945226334,1.4667573296736296,-0.022486638552314364,-0.033242670326370405,0,0,FOLLOWING,1.4627143582248552,0.5119826056594727,0
19.776,3.828239279896322,-0.28047071102836485,-2.5317106221087644,2.6056051373890186,-1.0963049111892254,0.05153465824422604,-0.3939747420282811,0.045334928271399,-0.3649932152734458,1.4698366196882837,-0.021457824862538555,-0.03016338031171628,0,0,FOLLOWING,1.4533764321534273,0.44949311539918413,0
19.808,3.8268873529511604,-0.2814102418225565,-2.543071322655169,2.593100074016532,-1.0858192206304738,0.06184328150580796,-0.3698832433983425,0.05144778825090595,-0.35502572397949295,1.47285601972756,-0.02075298047842944,-0.027143980272440027,0,0,FOLLOWING,1.4662598589058287,0.40867534063814204,0
19.84,3.825255566340443,-0.28251682950960544,-2.5537385431824724,2.5805730717250146,-1.0752463593505663,0.05950572686906372,-0.34364261779616256,0.06161532616213422,-0.3333538166792936,1.4756878463563887,-0.020748222703567354,-0.02431215364361128,0,0,FOLLOWING,1.4489819341511636,0.37487893933284244,0
19.872,3.8236584820719304,-0.2835740460621485,-2.563649237380266,2.5680243819359907,-1.0645871761500427,0.07958039072678257,-0.35509068087427925,0.05984570019271257,-0.3097117491697296,1.4787151526896183,-0.02149930624478946,-0.021284847310381716,0,0,FOLLOWING,1.481579296410044,0.5170802340847385,0
19.904,3.8215387589276015,-0.28494848533025247,-2.57388972116482,2.5554542565062635,-1.0538425267594604,0.09362708056223921,-0.3462169754937301,0.07895707035214755,-0.32001791835347765,1.4812724307894305,-0.02193253498073311,-0.018727569210569506,0,0,FOLLOWING,1.4813941989127393,0.45201314674073756,0
19.936,3.8190174472708445,-0.28654744785602787,-2.583874813712322,2.542862947722856,-1.0430132737706939,0.11865289091532226,-0.3433753531213078,0.09330307257166352,-0.31203675739967013,1.4835130105574856,-0.022631637309040272,-0.016486989442514366,0,0,FOLLOWING,1.5040124861008815,0.4883649714269244,0
19.968,3.8158105910275144,-0.28853745694272087,-2.5937786601652135,2.53025070829795,-1.0321002865676827,0.13558707044282284,-0.35325385690503286,0.11795148021142539,-0.3094977591033641,1.4851093877837858,-0.02343119576760966,-0.014890612216214238,0,0,FOLLOWING,1.4967124299312509,0.5214357724410115,0
20.0,3.8121083826248405,-0.2907842106123439,-2.6039671621787277,2.5176177913638123,-1.0211044412566395,0.15412742095660434,-0.3743572982172957,0.13533271887826065,-0.31839350580032444,1.4862952365366928,-0.023963951505475478,-0.013704763463307179,0,0,FOLLOWING,1.5021737285916956,0.5695318959281906,0
20.032,3.8078722905755473,-0.2932957239503437,-2.614764180905554,2.504964450467714,-1.0100266205957134,0.15138626078698056,-0.37564359629972016,0.1538946944046313,-0.337410195289034,1.4870346391461549,-0.023907727242572285,-0.012965360853845143,0,0,FOLLOWING,1.47434869732936,0.48929671526112206,0
20.064,3.8036572206956776,-0.2957308316825484,-2.6255989025486017,2.4922909395668444,-0.9988677139241218,0.15266128579101299,-0.37715906873097577,0.15210469263817206,-0.3385884839929795,1.4879795020261757,-0.02381774184263863,-0.012020497973824318,0,0,FOLLOWING,1.4793751560490336,0.49640884689370823,0
20.096,3.79938567823072,-0.29813494666022194,-2.636477287350054,2.4795975130232106,-0.9876286170907529,0.15057129821332046,-0.35007238117792,0.15316245537928413,-0.33995295009363663,1.4890407390617524,-0.023687134755780104,-0.010959260938247617,0,0,FOLLOWING,1.4778053990645743,0.3994279367264856,0
20.128,3.7951448632582943,-0.3004592300481063,-2.6465756232696718,2.4668844255985354,-0.9763102323822468,0.16795180762076936,-0.3397655219011075,0.15111220087679994,-0.31557572643903165,1.4903188811821972,-0.024335038237711437,-0.009681118817802759,0,0,FOLLOWING,1.5076170007077638,0.4725938740900302,0
20.16,3.790418003432041,-0.30298983639052063,-2.656381243815417,2.4541519324491414,-0.9649134684505581,0.19355180762076934,-0.33280758199633786,0.1675552950583692,-0.30642810966793477,1.491224298065059,-0.025288171490778666,-0.008775701934941038,0,0,FOLLOWING,1.5448809885981232,0.5211998843635329,0
20.192,3.7849535440690008,-0.30585011553463465,-2.665996593880629,2.4414002891208315,-0.9534392402400093,0.21915180762076936,-0.3340506588410832,0.19275271779600653,-0.30048202020996395,1.4914781337044447,-0.02645400621030003,-0.008521866295555292,0,0,FOLLOWING,1.549755628973988,0.5467271436014604,0
20.224,3.7787304520571765,-0.30903345897100065,-2.6756510330911354,2.42862975154376,-0.9418884689138368,0.2414588318762098,-0.3297072995329917,0.21844513241712066,-0.3017036158809254,1.4910658486923256,-0.027607910750668818,-0.008934151307674387,0,0,FOLLOWING,1.5112121616621157,0.4830147400121597,0
20.256,3.7718310484403488,-0.3124797633816166,-2.6851825825431366,2.415840576027297,-0.9302620817802416,0.23078886971251208,-0.3367659230895763,0.24100905702279654,-0.29786326555892917,1.4900889752632058,-0.028913191396517934,-0.009911024736794172,0,0,FOLLOWING,1.4864678215567095,0.49599917861666787,0
20.288,3.7651565627524213,-0.315729326060004,-2.69490426276796,2.403033019254879,-0.9185610122179377,0.23750399341712589,-0.35264451158655163,0.2319593144114525,-0.303805037681435,1.4895591930454855,-0.030032451954924436,-0.010440806954514548,0,0,FOLLOWING,1.5086686830412959,0.552450149985592,0
20.32,3.758283072912439,-0.31899395320246987,-2.7050858058936647,2.390207338278865,-0.9067861996012283,0.2194369311962371,-0.3595556122767111,0.2377819903918664,-0.3181760296288789,1.4890033380149592,-0.0307051317131668,-0.01099666198504079,0,0,FOLLOWING,1.4683783759828595,0.49516407570113796,0
20.352,3.7518659060209147,-0.3219554824145939,-2.7154798865181697,2.3773637905153717,-0.8949385892245858,0.19383693119623707,-0.37299866103355894,0.22083507087693213,-0.324818010129765,1.4891493230092285,-0.03115187030739497,-0.010850676990771468,0,0,FOLLOWING,1.4269780342704133,0.4965406516144727,0
20.384,3.746155950338907,-0.3245130132247464,-2.7262706607670237,2.3645026337391086,-0.8830191322267638,0.16823693119623706,-0.3936260715689193,0.19548854740722116,-0.33721497934068423,1.4902667453291434,-0.031174143147377546,-0.009733254670856617,0,0,FOLLOWING,1.436376743576212,0.5370245377529367,0
20.416,3.741174635729591,-0.3266748814202038,-2.7376552637659435,2.3516241260782054,-0.8710287855144396,0.14263693119623705,-0.39904610358959236,0.16967010736964921,-0.35577267729917933,1.4923711977169294,-0.030564815869869033,-0.007628802283070613,0,0,FOLLOWING,1.425584628282231,0.4908303209938278,0
20.448,3.7369284633850226,-0.3284552179140987,-2.749197984916077,2.33872852600903,-0.858968511685392,0.13803030984039,-0.4082628030652426,0.1438657394205154,-0.3607140421284197,1.495462276269882,-0.029749399494164667,-0.004537723730118071,0,0,FOLLOWING,1.4546943101472898,0.5296226622232877,0
20.48,3.732836383001718,-0.3301176308868379,-2.760978945857068,2.3258160923510003,-0.8468392789512227,0.1506147483360529,-0.3948650878474632,0.1380279099067444,-0.3681593437794896,1.4989020514634053,-0.028658913233015056,-0.0010979485365947284,0,0,FOLLOWING,1.4810894763394704,0.48397405661979087,0
20.512,3.728384510407257,-0.3318727705621092,-2.772392102214594,2.3128870842613924,-0.834642061059628,0.14840623225555133,-0.3848441809228024,0.1495566410697153,-0.35666506087921207,1.5021351213832081,-0.027910404947788958,0.0021351213832081495,0,0,FOLLOWING,1.4596163569484608,0.4682100507895626,0
20.544,3.7239484735493567,-0.3335605371016204,-2.7834992656328676,2.299941761230136,-0.8223778372162246,0.17400623225555134,-0.368383481928044,0.14832232765793243,-0.3471024347786636,1.5055688192910768,-0.027427581980927762,0.005568819291076776,0,0,FOLLOWING,1.5226335123770376,0.5127294991535765,0
20.576,3.7187736418743524,-0.3354744642425347,-2.794176442208129,2.2869803830746074,-0.8100475920059385,0.1996062322555514,-0.358220335620991,0.17243898986108142,-0.3336649480376292,1.5083937117143964,-0.027358308455804888,0.008393711714396401,0,0,FOLLOWING,1.542191627313997,0.5466966699187147,0
20.608,3.7128256047645567,-0.33760605803642313,-2.8046790085889395,2.274003209934416,-0.797652315313961,0.22520623225555142,-0.3420881080505775,0.1974669629243072,-0.32820821085410395,1.5105801675845647,-0.027448342464327258,0.010580167584564704,0,0,FOLLOWING,1.516915352047557,0.48814638757121376,0
20.64,3.706111322218941,-0.33993535973371686,-2.8149101952204787,2.261010502266184,-0.7851930022462813,0.25080623225555143,-0.3329018904406425,0.22209917486485922,-0.31972738298044256,1.5121411137998917,-0.02779718260921804,0.01214111379989169,0,0,FOLLOWING,1.5333398447609135,0.5223869445184067,0
20.672,3.6986138608968653,-0.34245248552485574,-2.824990204455941,2.248002520838311,-0.772670653049793,0.2742970381407326,-0.3451562567761175,0.24715410408726468,-0.31500299515803404,1.5130634261573401,-0.028288840763114553,0.01306342615734013,0,0,FOLLOWING,1.5186437557831483,0.5663455673013302,0
20.704,3.690309628587198,-0.34514899891247247,-2.8350906161645404,2.2349795267257537,-0.7600862730320009,0.28740253810894095,-0.359383057560272,0.2728491209754048,-0.3156406224646052,1.5133270125249816,-0.02875599389618388,0.013327012524981585,0,0,FOLLOWING,1.522474221344076,0.5839230600027516,0
20.736,3.6815404833691896,-0.34789698192359647,-2.8455066700282226,2.221941781304775,-0.747440872480309,0.2944814855779818,-0.3614801123766412,0.28716725364561674,-0.32550475325930683,1.5132956391760728,-0.02889580520941548,0.013295639176072793,0,0,FOLLOWING,1.5169555675578272,0.5472255685852777,0
20.768,3.6725145115636875,-0.3506207845214359,-2.8559772799484584,2.208889546247703,-0.7347354665809144,0.3114252110989353,-0.3544978056139381,0.2946105049038128,-0.32720968527943967,1.5131893893593988,-0.028962571383592817,0.01318938935939884,0,0,FOLLOWING,1.535432104098897,0.5451569265949423,0
20.8,3.66296065322179,-0.35339687872946596,-2.866281659926922,2.1958230835176784,-0.7219710753373072,0.33702521109893524,-0.33641436251419404,0.31089985101492473,-0.3220148243700519,1.5127258796101832,-0.029184491718408978,0.012725879610183233,0,0,FOLLOWING,1.5825612888286458,0.5791257478290615,0
20.832,3.6526257226788648,-0.35628746331742117,-2.876191266821568,2.182742655363396,-0.709148723488384,0.36262521109893525,-0.3349473927517201,0.33536055732046405,-0.30967784893875117,1.5116439066493703,-0.02979894705331132,0.011643906649370317,0,0,FOLLOWING,1.5452731156501764,0.562421884602458,0
20.864,3.6414637581376446,-0.35929187504191296,-2.8860190219329773,2.1696485243138426,-0.6962694404261801,0.3882252110989353,-0.3398084111457696,0.3612245562165335,-0.3071199409546611,1.509898659542461,-0.03049918798345841,0.009898659542461052,0,0,FOLLOWING,1.5903186850669868,0.6450808394220161,0
20.896,3.629471460740409,-0.3623949428991999,-2.8959574564659234,2.156540953173025,-0.6833342601132293,0.41382521109893533,-0.3282182469774452,0.3870974431636398,-0.31057879362564983,1.507490074745608,-0.031096758364407506,0.007490074745607922,0,0,FOLLOWING,1.5632642667438488,0.561616369703583,0
20.928,3.6166574126301954,-0.3655776635803712,-2.905594202431974,2.1434202050147,-0.6703442209995559,0.43942521109893534,-0.32258254569343514,0.41259951269670686,-0.3011508389942952,1.5044302989583276,-0.0320072507833995,0.004430298958327583,0,0,FOLLOWING,1.585044288657308,0.6080340049920716,0
20.96,3.6030152229862384,-0.3688267947001569,-2.9150692250228074,2.130286543177091,-0.6573003659393073,0.4585131695783305,-0.33714871213462083,0.43823531733436455,-0.2960968922970655,1.5007154179376792,-0.03309548505360027,0.0007154179376791525,0,0,FOLLOWING,1.5643095774677733,0.6337702940595424,0
20.992,3.5887335240437617,-0.37208505575438244,-2.9249442073515097,2.1171402312576038,-0.6442037421070319,0.4415887140675237,-0.35254295676134484,0.4577553990518869,-0.30859594519886885,1.4965411450526507,-0.03379951717572105,-0.0034588549473493213,0,0,FOLLOWING,1.5196082883848754,0.5889628433802871,0
21.024,3.5748391429193687,-0.3750948809000464,-2.935284927615727,2.103981533107535,-0.6310554009136117,0.42259862275691645,-0.3662369075811768,0.4442303509257985,-0.3231507200831559,1.4929627912801426,-0.034011857037612,-0.007037208719857357,0,0,FOLLOWING,1.5073877556858686,0.582307158611456,0
21.056,3.5614896170652566,-0.3778374293687428,-2.946116273912877,2.090810712826781,-0.6178563979218543,0.40200433375108047,-0.3541328424976861,0.4258462298407472,-0.3384830296449847,1.4901360825902386,-0.033699796868020826,-0.009863917409761447,0,0,FOLLOWING,1.4990117867695256,0.5060431851024806,0
21.088,3.5486577813621354,-0.3803255379633901,-2.957156344727573,2.0776280347585265,-0.6046077927617467,0.3888410739676013,-0.34466853913418527,0.40843114906116706,-0.34500576935877963,1.4880292487750746,-0.033135347042408725,-0.011970751224925413,0,0,FOLLOWING,1.5024775361369673,0.5198421885918615,0
21.12,3.5362677872721173,-0.38258347159069506,-2.9677023326887317,2.064433763483954,-0.5913106490453944,0.3752326102864365,-0.34250927612298465,0.3935406987228348,-0.3295651846267114,1.4865606036043943,-0.03301535744245587,-0.013439396395605652,0,0,FOLLOWING,1.4943514298262983,0.5318695108115556,0
21.152,3.5243444056383995,-0.38462474960891085,-2.9778983991182804,2.051228163816922,-0.5779660342816286,0.3811269216519845,-0.35170103764876576,0.3780073020727901,-0.3186298343722946,1.4857497482002584,-0.03319370624149531,-0.014250251799741598,0,0,FOLLOWING,1.5186313944729035,0.6002289920414797,0
21.184,3.512286208563784,-0.3865698584800821,-2.9881615458136683,2.038011500798654,-0.5645750197903067,0.3791550122562386,-0.36889153283435616,0.381687082069932,-0.32072616709378815,1.4849820710732633,-0.033271926083521475,-0.015017928926736701,0,0,FOLLOWING,1.504272387889063,0.6118958062794481,0
21.216,3.5002538919843222,-0.3883840840014574,-2.9989645233824835,2.0247840396924213,-0.5511386806163053,0.3746468342328101,-0.37807645502102716,0.3802514946506964,-0.3375963373833672,1.4844191940761027,-0.03276532160629131,-0.015580805923897323,0,0,FOLLOWING,1.4980225565068384,0.5912227947703497,0
21.248,3.488332526868825,-0.39004897997647503,-3.01007394750054,2.011546045978214,-0.537658095443215,0.3792257441268204,-0.3703816941744234,0.3761465654518215,-0.34717307401637015,1.4841451280485165,-0.031896671374116004,-0.015854871951483496,0,0,FOLLOWING,1.5123336882417509,0.5691107076590779,0
21.28,3.47627195356512,-0.3915991709574528,-3.0209040613334834,1.9982977853474178,-0.5241343465067421,0.3847039425937607,-0.3495206890325695,0.3799887868649859,-0.3384443671011097,1.4839047188673165,-0.03125426451080049,-0.016095281132683548,0,0,FOLLOWING,1.516374874052273,0.538613727820296,0
21.312,3.4640700083153586,-0.3930401111710194,-3.0311592399671965,1.9850395236974772,-0.5105685195078256,0.4058462364213862,-0.33361673446647483,0.3839550794385152,-0.32047714272187044,1.4836927246553406,-0.031136895313179203,-0.016307275344659367,0,0,FOLLOWING,1.5424193203189576,0.5849559070673819,0
21.344,3.4512674588407806,-0.3944285967765476,-3.041199268216123,1.9717715271265623,-0.49696170352547625,0.41907770052891585,-0.3437032139198774,0.4024293934665041,-0.3137535124064016,1.4830445879805871,-0.03120128759857277,-0.016955412019412863,0,0,FOLLOWING,1.5321327973893952,0.6324284650859026,0
21.376,3.437998686117414,-0.3957318341899444,-3.0514255539145982,1.958494061928226,-0.4833149909293439,0.4248911177933121,-0.35077647023293973,0.41664124394174534,-0.3195742159311759,1.482094714362624,-0.031038481696648912,-0.017905285637376034,0,0,FOLLOWING,1.5227698278969022,0.616857183190517,0
21.408,3.4244680749918794,-0.3969186656482039,-3.0616003531753795,1.9452073945860602,-0.46962947729202087,0.3992911177933121,-0.36161288709435707,0.4244451957989192,-0.3179652386422467,1.4810465970807907,-0.030878348195059857,-0.018953402919209328,0,0,FOLLOWING,1.4673727138692143,0.5611838298817855,0
21.44,3.4115385202813973,-0.39790341724175227,-3.072775139211037,1.9319117917683468,-0.4559062613010886,0.3926039922166502,-0.37874808636197543,0.40518743392227125,-0.34921573130264605,1.4807631767602825,-0.029636578427551626,-0.019236823239717538,0,0,FOLLOWING,1.4908471251388657,0.6201320559318405,0
21.472,3.3988847253130303,-0.3987277955757486,-3.0841833754856802,1.9186075203227078,-0.4421464446709144,0.403211105134056,-0.3810159395516767,0.3962486076691543,-0.3565112505167408,1.4809138336524548,-0.02808625409516896,-0.01908616634754523,0,0,FOLLOWING,1.5156800696882125,0.6227546875773416,0
21.504,3.386008495942131,-0.3994293985266749,-3.095165180576826,1.9052948472707436,-0.4283511320542003,0.40165901079324934,-0.3817595342550233,0.40297197172809646,-0.34318485844203217,1.4809960756301719,-0.026897662901742336,-0.019003924369828118,0,0,FOLLOWING,1.498134770723968,0.5968543011573316,0
21.536,3.3731625212127696,-0.39998818063844777,-3.106167788012774,1.8919740398026819,-0.4145214309533075,0.41007451888542534,-0.392294681457891,0.40180205851392303,-0.343834951415237,1.4812597789809308,-0.02561329592381023,-0.018740221019069248,0,0,FOLLOWING,1.5113366548193752,0.6457349547196133,0
21.568,3.3600550933231013,-0.4004148342906793,-3.117474320414089,1.8786453652720096,-0.4006584516313401,0.43567451888542535,-0.40021230913438743,0.4098157385727508,-0.35333290189257915,1.481409748082487,-0.02395388350735672,-0.018590251917512957,0,0,FOLLOWING,1.550068919764527,0.7009557927261185,0
21.6,3.346217200452323,-0.40071070448560114,-3.1293769685566373,1.8653090911901087,-0.38676330702301315,0.4405923714689381,-0.3899654414877305,0.4325321904012033,-0.37196214926494736,1.48097378706531,-0.02163354493484018,-0.01902621293469009,0,0,FOLLOWING,1.5086394333193756,0.5956647984965342,0
21.632,3.332120044114086,-0.4008442249673868,-3.140621539851478,1.8519654852208869,-0.372837112645305,0.44286039284923706,-0.36589372272448967,0.44054230255788285,-0.35139660009366286,1.4804195069482644,-0.019890604534442493,-0.019580493051735592,0,0,FOLLOWING,1.5147780154442043,0.5693755806553058,0
21.664,3.3179405231756656,-0.4008190674374163,3.132013080839956,1.8386148151754054,-0.3588809865079026,0.4521075278658211,-0.34366892904070434,0.44309410615674033,-0.3297120432843369,1.4799200495237983,-0.01876229342687319,-0.020079950476201702,0,0,FOLLOWING,1.5261747024296266,0.5859069827145077,0
21.696,3.3034764332274014,-0.4006396717405698,3.122103493983327,1.825257349006504,-0.3448960490234463,0.43265626126673257,-0.3340019787719783,0.4520286925634116,-0.3096771362781652,1.4792697564773294,-0.018202967734728848,-0.02073024352267061,0,0,FOLLOWING,1.4788278474541894,0.5387830639353927,0
21.728,3.2895481029266964,-0.4003269691606672,3.1122175314535903,1.8118933548034235,-0.33088342291758205,0.4186542245947101,-0.3268895589721933,0.43534075897065116,-0.30893885325342296,1.4792856251468371,-0.01758611122615772,-0.020714374853162854,0,0,FOLLOWING,1.4795868328000754,0.5474335174204525,0
21.76,3.276122827043544,-0.3998910183034854,3.102762183237893,1.7985231007864246,-0.3168442331388277,0.39305422459471007,-0.3148958936341318,0.4197374125138335,-0.29548183310532666,1.4799316604361494,-0.017314305752471174,-0.020068339563850568,0,0,FOLLOWING,1.4262944923006373,0.4611957819121405,0
21.792,3.263375729363433,-0.39936141319659,3.0929447265170524,1.7851468553014047,-0.30277960676826104,0.3742619015789542,-0.29121576548765127,0.39866365649016516,-0.3067980061690077,1.481380656497057,-0.016595506545114436,-0.01861934350294292,0,0,FOLLOWING,1.4785375368783071,0.5074145070880512,0
21.824,3.2512331091269173,-0.3987391702802934,3.083754068565984,1.771764886814512,-0.28869067292903655,0.3579071321391055,-0.27524231208213834,0.3799348471221816,-0.2872101191903974,1.4835554902333443,-0.016408500830844996,-0.01644450976665568,0,0,FOLLOWING,1.4535283700296155,0.4807682008587636,0
21.856,3.2396579515951873,-0.39803911675641457,3.0751878075111496,1.758377463906759,-0.2745785626957394,0.3323071321391055,-0.2553555163153679,0.3623698966459898,-0.26769737044189795,1.4864166278723596,-0.01675013872488096,-0.01358337212764038,0,0,FOLLOWING,1.4092480758370896,0.40317959735169984,0
21.888,3.2288639651650763,-0.3972969197265135,3.067016126974302,1.7449848552686265,-0.2604444090035762,0.30670713213910555,-0.24575734346993758,0.3380905589176496,-0.2553665661361716,1.4901764400493829,-0.017389503916173332,-0.009823559950617122,0,0,FOLLOWING,1.383718861999488,0.39562348741877007,0
21.92,3.2189007638234273,-0.3965312441230339,3.0591509856639343,1.7315873296946784,-0.24628934655743007,0.2811071321391056,-0.2312558769568465,0.3122518091406851,-0.24578710539159493,1.4948825636564116,-0.01823245338913626,-0.005117436343588411,0,0,FOLLOWING,1.4417323500533132,0.46102520322645946,0
21.952,3.209772967625326,-0.3957583622250099,3.0517491504125993,1.7181851560781625,-0.2321145117407597,0.29047671064995034,-0.24183351480887608,0.2862510964064955,-0.2313086252332031,1.5005377400643305,-0.01943064202707934,0.0005377400643304941,0,0,FOLLOWING,1.468353096999121,0.557034396931894,0
21.984,3.2005461959608477,-0.39489205401384014,3.044785755340067,1.704778603405614,-0.2179210425243707,0.30926589433174195,-0.25596724232379753,0.28962006883948604,-0.2176071506358784,1.506200328590485,-0.020960135573986793,0.006200328590485027,0,0,FOLLOWING,1.4800575002444325,0.582773434223504,0
22.016000000000002,3.1907441988148246,-0.39391892483957647,3.0374135495002617,1.6913679407514581,-0.20371007837505803,0.33486589433174196,-0.25893949133986277,0.3078406747895265,-0.230382665000767,1.5113929232722594,-0.022005524289683723,0.011392923272259381,0,0,FOLLOWING,1.5004619815475222,0.5867584826501289,0
22.048000000000002,3.1801370369370443,-0.3927892505700346,3.029952198791299,1.677953437272608,-0.18948276016412857,0.360465894331742,-0.24410187450169396,0.33337115042409204,-0.23316833128752723,1.5158789846626843,-0.022882801399444205,0.015878984662684337,0,0,FOLLOWING,1.5223273040019618,0.5782807347419142,0
22.080000000000002,3.168772097194897,-0.3914942630497852,3.0226193081381356,1.6645353622030639,-0.17524023007581066,0.38606589433174193,-0.24343638626563963,0.35746857451786507,-0.22915385186585285,1.519701931852559,-0.023811627651041167,0.019701931852559085,0,0,FOLLOWING,1.5403881571217333,0.6281854395260507,0
22.112000000000002,3.156617387235677,-0.39001966099678076,3.015202869360949,1.6511139848485095,-0.1609836315155582,0.41166589433174194,-0.24960496712591962,0.3826316010898454,-0.23176475988797976,1.5228256621819392,-0.024585104192713203,0.022825662181939155,0,0,FOLLOWING,1.5775077157222883,0.6991492719513142,0
22.144000000000002,3.1436539241555406,-0.38834970924634354,3.007616808404888,1.6376895745809061,-0.14671410901825707,0.437265894331742,-0.25577589028237746,0.40846360665242687,-0.23706554654946432,1.5252266669211298,-0.025120497387197016,0.025226666921129848,0,0,FOLLOWING,1.5723849669660628,0.6842817999770537,0
22.176000000000002,3.129875726435943,-0.38646852786976227,2.999906806946664,1.6242624008330873,-0.13243280815634054,0.462865894331742,-0.2632814253844228,0.4345677071840258,-0.24093878089782933,1.5268941132649663,-0.025465580259352638,0.02689411326496627,0,0,FOLLOWING,1.5062152399083628,0.576685466288455,0
22.208000000000002,3.1152725491894118,-0.38435983969633775,2.9921060817711727,1.61083273309335,-0.11814087544782147,0.48846589433174203,-0.2732289235349891,0.46108399252601523,-0.2437739817188521,1.5278127166576094,-0.02565589639853938,0.027812716657609426,0,0,FOLLOWING,1.5189391323510006,0.6074415003461178,0
22.240000000000002,3.0998339072307153,-0.38200740054860544,2.984216377567949,1.5974008409000469,-0.1038394582642487,0.4911761526593846,-0.29425000294124576,0.4880253050032626,-0.24655466161227937,1.5279667937879042,-0.02569567029784192,0.02796679378790423,0,0,FOLLOWING,1.518130443251388,0.6392979873209622,0
22.272000000000002,3.084293015133307,-0.379512383377408,2.975721461276215,1.5839669938361776,-0.08952970473859623,0.49444182120614905,-0.2936848968590782,0.49184870687482113,-0.2654679085431161,1.5280929697148058,-0.0250543431592285,0.028092969714805793,0,0,FOLLOWING,1.5210907321174187,0.6020244413852461,0
22.304000000000002,3.0686728001434216,-0.3768667322720184,2.9672415139296784,1.5705314615239723,-0.0752127636730842,0.4966605993112671,-0.2993369231206244,0.49506199761017605,-0.26500010889551,1.5282089475107656,-0.02434421868613867,0.028208947510765636,0,0,FOLLOWING,1.518804454663008,0.6150035110726816,0
22.336000000000002,3.0530080199967298,-0.37406991816595425,2.9585990563817544,1.5570945136194894,-0.06088978444696032,0.4895102611719882,-0.28487442325731216,0.49724572656202487,-0.2700786133078678,1.5283451883387134,-0.023382784760307196,0.028345188338713356,0,0,FOLLOWING,1.5048713636219595,0.5513316584722788,0
22.368000000000002,3.0375837617194663,-0.37117623836451663,2.9503736731778507,1.543656419807197,-0.04656191692422088,0.4685926884169047,-0.2708035970181975,0.490393601278305,-0.2570447600305355,1.5287882000451214,-0.022744232752264004,0.028788200045121393,0,0,FOLLOWING,1.4783496521441322,0.5073818824279454,0
22.400000000000002,3.0227215130563634,-0.36825950663578955,2.9419994856992857,1.530217449794562,-0.032230311361299786,0.46096100519470434,-0.24578532766688316,0.4732756349874196,-0.26169491702163056,1.5298640458974806,-0.021858880207025866,0.029864045897480596,0,0,FOLLOWING,1.4941522068514321,0.5112279077302329,0
22.432000000000002,3.0082477516853827,-0.3652919424757498,2.9349042484222503,1.5167778733066368,-0.017896118314724783,0.4818009081766066,-0.23455771100608835,0.4616968734100046,-0.2217270988182038,1.5313935669042198,-0.02215319245672953,0.031393566904219794,0,0,FOLLOWING,1.5365772814404026,0.6061841617488568,0
22.464000000000002,2.9931905032115735,-0.36210415474808955,2.928134497220899,1.5033379600806465,-0.0035604885487495706,0.4756187507940637,-0.22054499549856074,0.48097825416612683,-0.2115555208071263,1.5323883844656858,-0.022708090830714234,0.032388384465685816,0,0,FOLLOWING,1.4991895475191293,0.5308935157670633,0
22.496000000000002,2.978310967634238,-0.35884351039470186,2.9217708923978236,1.4898979798605743,0.010775427057030803,0.5001575971937194,-0.2276010527218833,0.47600862479607237,-0.1988633180306578,1.533620351030943,-0.023585368789918792,0.03362035103094296,0,0,FOLLOWING,1.5443940275166552,0.6480370077135542,0
22.528,2.9627259936868082,-0.3553354072920631,2.9152050133827907,1.4764582023917479,0.02511047760007376,0.5257575971937194,-0.24354778094891177,0.4992272099404808,-0.2051844256726439,1.5341874131840798,-0.024205643004286514,0.03418741318407981,0,0,FOLLOWING,1.5612677789321845,0.6951813527617468,0
22.56,2.9463649958371936,-0.3515426698274033,2.908179054725413,1.4630188974154272,0.03944351224728347,0.5428052677344151,-0.2718224671671137,0.5248475104278961,-0.21956209222732112,1.534009726917146,-0.02430850899201209,0.03400972691714599,0,0,FOLLOWING,1.5369176224003271,0.6853169797606773,0
22.592,2.929483378626103,-0.3475050329280601,2.9003373719136127,1.4495803346633853,0.05377338032740661,0.5658953476182,-0.2862271930585531,0.5424251320551868,-0.24505387118839841,1.5333419007106484,-0.02352980488507317,0.03334190071064835,0,0,FOLLOWING,1.5584533911998792,0.700907129994774,0
22.624,2.911921162266526,-0.3431585061543421,2.892076425964788,1.4361427838525034,0.06809893142339955,0.5858862008202753,-0.28027700058896204,0.565373923149531,-0.2581561174318992,1.5320099549798403,-0.022260173086501744,0.03200995497984027,0,0,FOLLOWING,1.5617036827326534,0.6710577608552131,0
22.656,2.8937691735829163,-0.3385053602866946,2.8839823195588785,1.4227065146793474,0.08241901546479642,0.6061332874315262,-0.2703373510404473,0.5855832410144924,-0.25294235226867007,1.5300989106989848,-0.02107941386327594,0.03009891069898485,0,0,FOLLOWING,1.5680701621150426,0.6749441753331764,0
22.688,2.875027387620809,-0.3335383689989788,2.8761719064553075,1.4092717968147646,0.09673248282002805,0.6276086840990349,-0.2740362500174373,0.6058921716526293,-0.24407679937565213,1.5276035015357323,-0.02010709313997872,0.027603501535732322,0,0,FOLLOWING,1.573844541464168,0.7091890732296058,0
22.72,2.855662084905824,-0.3282443118459477,2.8682543677709207,1.3958388998984654,0.11103818438872126,0.6365556024685406,-0.28694366805243693,0.6273633488404237,-0.24742451519088943,1.5244844515386802,-0.018957622608213764,0.024484451538680174,0,0,FOLLOWING,1.5581152616350256,0.7034892712236027,0
22.752,2.8360457230539096,-0.3227072993527876,2.859965519293879,1.3824080935336132,0.1253349716939485,0.6237977232886948,-0.2944579120099883,0.6369440826525462,-0.2590281924912105,1.5211194018229153,-0.01735508711923961,0.021119401822915274,0,0,FOLLOWING,1.5239880292573555,0.6431601207543584,0
22.784,2.8168398953172535,-0.3171117007446958,2.85146101649189,1.368979647281413,0.13962169697442875,0.6248826821004511,-0.2750631726010527,0.6250997054952209,-0.26576747977345033,1.5181912575280039,-0.015442209215487335,0.01819125752800388,0,0,FOLLOWING,1.5428335248271492,0.6334523492676682,0
22.816,2.7976724035351825,-0.31134899131136723,2.843514866070944,1.355553830655702,0.15389721327667105,0.6044290509266762,-0.2607868399000106,0.6254492241956524,-0.2483185951399178,1.5153085524498053,-0.013993642552843967,0.015308552449805335,0,0,FOLLOWING,1.5065217354631202,0.5775486323540837,0
22.848,2.7790247831108825,-0.3055801812916843,2.8352846045361297,1.3421309131175396,0.1681603745470531,0.5873047712829798,-0.24581400592488875,0.6099539346614553,-0.25719715734107745,1.512975250250592,-0.012166844065627735,0.012975250250591985,0,0,FOLLOWING,1.5035857506844938,0.574821012745696,0
22.88,2.7609370936987547,-0.2998325998350233,2.827411672952433,1.3287111640697988,0.1824100357238277,0.5827924559582116,-0.23204854097744684,0.5930608459023333,-0.2460303850696253,1.511234287942235,-0.010604136222225335,0.01123428794223491,0,0,FOLLOWING,1.5172931868651873,0.6037484299686733,0
22.912,2.743179274817707,-0.2940233054748137,2.820620982472734,1.315294852851761,0.1966450528290495,0.563778434761551,-0.22098613807296988,0.5838572311141337,-0.2122098892635312,1.5098375277935145,-0.010019860429252514,0.009837527793514544,0,0,FOLLOWING,1.4902476718663829,0.5601710568478306,0
22.944,2.7259381274951595,-0.288254684169391,2.8136604561428324,1.3018822487337083,0.21086428306041483,0.5649084331929904,-0.2190992339111075,0.5681249559300149,-0.21751735098813835,1.5089913483130368,-0.009180095406411404,0.008991348313036829,0,0,FOLLOWING,1.5153640285939796,0.6231431605569316,0
22.976,2.7088342636959357,-0.2824012926102305,2.8073398001905767,1.28847362091152,0.22506658488300696,0.5905084331929904,-0.21903614453157771,0.5649242854598822,-0.1975211905341169,1.5082930757178625,-0.00889360166721298,0.00829307571786253,0,0,FOLLOWING,1.560194601271578,0.7074346401963746,0
23.008,2.6910308873150766,-0.276195262294377,2.8010218754623653,1.2750692385012699,0.2392508181209399,0.5986781024778123,-0.2169344059319184,0.5892047284335542,-0.19743582866144643,1.5068616567976727,-0.008543830634916372,0.006861656797672699,0,0,FOLLOWING,1.5294504070906838,0.6465810509717184,0
23.04,2.6729934768826453,-0.2697738597615829,2.794764439247426,1.2616693705338262,0.25341584404889134,0.5950556640992875,-0.22858610898143164,0.5983239825777026,-0.1955455124236617,1.5051787931453806,-0.008174660513758257,0.005178793145380611,0,0,FOLLOWING,1.5151886006482955,0.647526048206612,0
23.072,2.655085524960268,-0.26327284799280726,2.7881714902077372,1.2482742859494464,0.26756052548352655,0.5876613036039702,-0.21959915058880558,0.595345538753012,-0.2060303945332268,1.503629586235728,-0.007391482032149454,0.003629586235728066,0,0,FOLLOWING,1.5081524501987658,0.6043791552450221,0
23.104,2.637437664119799,-0.25673400381483014,2.78183555054726,1.2348842535923878,0.281683726874784,0.6101540467428898,-0.2175901958655747,0.5881195936494874,-0.19799877512119973,1.50234806955746,-0.006779389246184486,0.0023480695574600308,0,0,FOLLOWING,1.5529838741373048,0.6976924866626483,0
23.136,2.619198114938706,-0.24985194551725412,2.775555885788052,1.2214995422055066,0.2957843143970444,0.6320068586853383,-0.21342575403547157,0.6092184446904648,-0.19624015648434848,1.5004266820986911,-0.006150766846559464,0.0004266820986911224,0,0,FOLLOWING,1.558635709159182,0.7034387804860038,0
23.168,2.600346460843229,-0.24260414216589413,2.7693939811598844,1.2081204204248646,0.30986115604015385,0.6411060048866004,-0.19803697953458274,0.6311606664546192,-0.1925601137255884,1.4978355227931053,-0.005564663826928218,-0.0021644772068947216,0,0,FOLLOWING,1.5456080406277652,0.6621588498573628,0
23.2,2.5812476048320097,-0.23512061567499823,2.763674380336636,1.1947471567743386,0.3239131217003028,0.6512149928542299,-0.1867890945009047,0.6410168693821079,-0.17873801764239164,1.4949589332111834,-0.005341664851742145,-0.005041066788816551,0,0,FOLLOWING,1.548922089663482,0.6725783446988803,0
23.232,2.5618899617112643,-0.22740870852954492,2.7582792516551575,1.1813800196602304,0.3379390832707522,0.6354353793637743,-0.19152747239748064,0.651160724402276,-0.1685981602597258,1.4917861193197974,-0.005373680039749029,-0.008213880680202568,0,0,FOLLOWING,1.507440026157204,0.6204642864873259,0
23.264,2.5430084740276557,-0.21976840418329505,2.7527496074371847,1.16801927736588,0.3519379147323989,0.6172229546552472,-0.19165283767683033,0.6364976518290568,-0.172801808105863,1.4891082586651412,-0.005200586556256326,-0.010891741334858818,0,0,FOLLOWING,1.4968440956575981,0.6000836536396088,0
23.296,2.524692281385696,-0.2122386919070089,2.7471266389073783,1.1546651980462812,0.3659084922441736,0.6062456554407468,-0.18394413266296283,0.6188354196530017,-0.17571822529840023,1.4870199647702935,-0.004858234017659058,-0.012980035229706477,0,0,FOLLOWING,1.5022825066618637,0.6027404877914856,0
23.328,2.5067730185643646,-0.2047540204167454,2.7418168007277846,1.1413180497226991,0.37984969423326437,0.6088156600067296,-0.20213085800663147,0.6068465477336787,-0.16593283742505632,1.4853379329691219,-0.004750047171226068,-0.014662067030878134,0,0,FOLLOWING,1.5177947393154039,0.6740592132143126,0
23.36,2.488839635156578,-0.19715252045593976,2.7359847676047924,1.1279781002772915,0.39376040148515723,0.6179633626769658,-0.22086575593312693,0.6086812570706382,-0.18225156469153542,1.483617942204452,-0.004045962414815474,-0.016382057795548022,0,0,FOLLOWING,1.5279234138420632,0.699060549814262,0
23.392,2.470690940502675,-0.18933803049541814,2.729611279366883,1.114645617447732,0.40763949723348825,0.6319729514207018,-0.22476444837814194,0.6174869950792764,-0.19917218424698246,1.4816345996204672,-0.0027216964156968615,-0.018365400379532826,0,0,FOLLOWING,1.5387272918129755,0.6996395545293307,0
23.424,2.4521863450691552,-0.18122926837780118,2.7231211235744723,1.1013208688218363,0.4214858672496986,0.6408929043151992,-0.2277795720195282,0.6313541671053354,-0.20281808288909003,1.4792238064712762,-0.001192486934641579,-0.02077619352872384,0,0,FOLLOWING,1.534538153965857,0.6921751851998815,0
23.456,2.433465089785918,-0.17287885618358068,2.716541493136561,1.0880041218321934,0.4352983999324844,0.6416196361194326,-0.24206491534302288,0.6405940616075301,-0.2056142053231869,1.4765313376775444,0.0005174433528116751,-0.02346866232245559,0,0,FOLLOWING,1.5222032253253495,0.6907099127272208,0
23.488,2.41476583839654,-0.1643853378380099,2.7095489980637186,1.074695643750792,0.44907598639704355,0.6482999989767142,-0.2464865741172155,0.6417940424097933,-0.21851638266023035,1.4738123771057556,0.002736284364762032,-0.026187622894244367,0,0,FOLLOWING,1.5311836088728286,0.696994006262999,0
23.52,2.395939959107655,-0.1556733549987283,2.702426826235121,1.0613957016836657,0.46281752056408876,0.6226999989767142,-0.23535211294135255,0.6482405351762397,-0.22256883407113418,1.4708974601167162,0.0051856026822170165,-0.029102539883283818,0,0,FOLLOWING,1.4472272998831766,0.5250492407345926,0
23.552,2.3777600625067374,-0.14709957066116972,2.694943934678257,1.0481045625655252,0.47652189924865107,0.5970999989767143,-0.22871910531633907,0.6281003646878365,-0.2338414668513158,1.4686345652531811,0.008099175712539708,-0.031365434746818854,0,0,FOLLOWING,1.4885100734640209,0.6141215509331666,0
23.584,2.360384095275248,-0.138742998935329,2.687665573985628,1.0348224931544026,0.4901880222486435,0.5977704728836987,-0.22327755129428994,0.6024998785888648,-0.22744975514367546,1.4671972568215552,0.010916308966024692,-0.03280274317844478,0,0,FOLLOWING,1.5085240252389516,0.654761818002034,0
23.616,2.3432043752958243,-0.13032420944041165,2.6812116807189885,1.0215497600262982,0.5038147924331855,0.5721704728836987,-0.2174220152771744,0.5978562144989568,-0.2016848549691785,1.4659137750087763,0.01301795156714558,-0.03408622499122371,0,0,FOLLOWING,1.4394830376119663,0.5290707629883962,0
23.648,2.326680663526656,-0.12209423210748269,2.674306783873367,1.0082866295698294,0.5174011158306827,0.5465704728836988,-0.20423474118313859,0.5768492664128122,-0.21577890266143904,1.4653044491870997,0.01566452139385932,-0.03469555081290032,0,0,FOLLOWING,1.4506861256836516,0.5435819058855329,0
23.68,2.3109479460534383,-0.11412203005445697,2.6678151146760407,0.9950333679808844,0.530945901716652,0.5231022686541151,-0.1856684268459008,0.5511447538574049,-0.20286539314585122,1.465518274667131,0.017996573897319568,-0.034481725332869084,0,0,FOLLOWING,1.4546668980119168,0.5447055995461868,0
23.712,2.295952202806634,-0.10639988628683092,2.6619196414499173,0.9817902412572798,0.5444480627012854,0.5145246041202463,-0.1694226682494436,0.5270861875307205,-0.18423414392500737,1.4665008400561128,0.019826973781415624,-0.03349915994388719,0,0,FOLLOWING,1.461681591850524,0.5588776141958374,0
23.744,2.281358132833593,-0.09877584502265378,2.6570265842874377,0.9685575151934216,0.5579065148167476,0.49996069823914113,-0.1565113570607352,0.514545567404052,-0.1529084764249648,1.4678818697022797,0.02074659762828235,-0.03211813029772026,0,0,FOLLOWING,1.4481747924349808,0.5346184120319732,0
23.776,2.2672105291795703,-0.09129920124066057,2.6525091209174843,0.9553354553749708,0.5713201776041975,0.486607512979934,-0.14634996198098904,0.5000511112065186,-0.1411711600440726,1.4697212832678748,0.021369548871136512,-0.030278716732125233,0,0,FOLLOWING,1.4452513779826042,0.5304506808556901,0
23.808,2.253474246046319,-0.08396306209579729,2.648286660343755,0.9421243271735128,0.5846879742005294,0.4654835435661044,-0.14092375322408618,0.4866409527482462,-0.131952283082973,1.4719826147301696,0.02177359259093503,-0.02801738526983044,0,0,FOLLOWING,1.4263601527786067,0.4998634487111085,0
23.84,2.240353899737629,-0.07688625423563343,2.644221764889559,0.9289243957412332,0.5980088314248223,0.45676356409678925,-0.1296775273146109,0.4658427969482779,-0.12702835153443837,1.4749002408979621,0.022091442952892226,-0.025099759102037877,0,0,FOLLOWING,1.4421683474657634,0.5203189286333784,0
23.872,2.2275226611061476,-0.06990016325212761,2.6404816511688045,0.9157359260055897,0.611281679864502,0.45496900717078304,-0.12030302217167174,0.45655935503001044,-0.11687888308758826,1.478104577415803,0.02216029284022225,-0.021895422584196966,0,0,FOLLOWING,1.4520724956855044,0.5369338369058095,0
23.904,2.2147755714963226,-0.06290019250637606,2.6370118696922744,0.9025591826640043,0.6245054539611868,0.4653312511180396,-0.10265777116950542,0.454465720912829,-0.10843094560188712,1.4813636872542875,0.02203507534182636,-0.018636312745712535,0,0,FOLLOWING,1.4745832519161977,0.5655574916084043,0
23.936,2.201774452047437,-0.05570713730569909,2.634049207224228,0.889394430178544,0.6376790920962364,0.48632021344935594,-0.10547075850994919,0.4643389599663152,-0.09258339059421838,1.4842930252900974,0.02147971399543369,-0.015706974709902566,0,0,FOLLOWING,1.4956117653964458,0.6195474044813654,0
23.968,2.188215809193275,-0.048155237292014805,2.631004905501491,0.8762419327706151,0.6508015366759792,0.49496154464470765,-0.0979468485807337,0.48501999148876,-0.09513455747204524,1.4865449957169967,0.02108308624551647,-0.01345500428300328,0,0,FOLLOWING,1.4839447339761433,0.5799892290866855,0
24.0,2.1744178284183393,-0.04041550175595854,2.6281769656816927,0.8631019544156603,0.663871734216616,0.5099446564560184,-0.08405906831453731,0.49439922080702353,-0.08837318521675165,1.488479033162812,0.020542568360362168,-0.011520966837188062,0,0,FOLLOWING,1.4989744947131276,0.5973019427655741,0
24.032,2.160227047212386,-0.03240350325378606,2.6257476475483372,0.8499747588378598,0.6768886354287962,0.525986954580374,-0.08190917983391661,0.5092717115662675,-0.07591621627675318,1.4899182518472596,0.01967475361909088,-0.010081748152740433,0,0,FOLLOWING,1.5055650341663136,0.6145050420811383,0
24.064,2.145606971637154,-0.02410318450622229,2.6233803859924585,0.8368606095048393,0.6898511953018547,0.551586954580374,-0.09126600811281271,0.5253837731789138,-0.07397692571889053,1.4908212155861293,0.018810941603805365,-0.009178784413870655,0,0,FOLLOWING,1.5321605011960393,0.6726819992354984,0
24.096,2.1303028776826354,-0.015367717369252794,2.6207427618085783,0.8237597696223813,0.7027583731877067,0.577186954580374,-0.0939789495530283,0.550692639414823,-0.08242575672738578,1.4908923419074802,0.018284444828481128,-0.009107658092519788,0,0,FOLLOWING,1.5453048916643242,0.6862487395427624,0
24.128,2.1143074558983184,-0.006181800147431677,2.6180253256864514,0.8106725021291428,0.7156091328843927,0.5796771159758237,-0.09761857039746502,0.5764326140549294,-0.08491989708207816,1.4901161846298134,0.017906499946675147,-0.009883815370186566,0,0,FOLLOWING,1.4950239634018727,0.5873384696667541,0
24.16,2.0982366030530604,0.0031064778154906427,2.6152025698360197,0.7975990696913778,0.7284024427192648,0.5909372706486807,-0.10170257852141222,0.5800510243341743,-0.08821116951054658,1.4891985193032051,0.01769520255979984,-0.010801480696794874,0,0,FOLLOWING,1.5214878397352178,0.6394328226133142,0
24.192,2.081890706572326,0.012615996574312411,2.6122606698420685,0.7845397346976661,0.7411372756318113,0.5767258934899481,-0.10424492005164374,0.5909610165772166,-0.09193443872005141,1.4879055071689526,0.017668087458420523,-0.012094492831047354,0,0,FOLLOWING,1.482436117542203,0.5635064556733465,0
24.224,2.065936384098504,0.021961826428293432,2.609244728331999,0.7714947592536463,0.7538126092561104,0.5548655484490513,-0.11403965412298708,0.5777950108645755,-0.09424825525918647,1.4870052751946388,0.017773747684603602,-0.012994724805361235,0,0,FOLLOWING,1.463095589898013,0.5395607256604434,0
24.256,2.050607464688068,0.031004867243906394,2.605946729326284,0.758464405176757,0.7664274260029046,0.546069759889165,-0.10726031815768385,0.5561473507140436,-0.10306256711169272,1.4867683162399188,0.01821957615500347,-0.013231683760081214,0,0,FOLLOWING,1.4786857710340562,0.5542991788556062,0
24.288,2.0355724261950003,0.03994280296202446,2.602842966605134,0.7454489339909764,0.7789807131412996,0.53224814576268,-0.09437371775464716,0.5465862608641737,-0.09699266263290514,1.4868072026388817,0.018538136810250187,-0.013192797361118336,0,0,FOLLOWING,1.4673647829455005,0.5268007157739149,0
24.32,2.020943377383913,0.048701779640211516,2.6001106629241293,0.732448606921582,0.7914714628800595,0.5192517519127527,-0.08428497048775678,0.5328249262192539,-0.08538454347792157,1.4872543749638119,0.018548851339347916,-0.012745625036188146,0,0,FOLLOWING,1.4637584031232205,0.5218203931043829,0
24.352,2.006698280761085,0.05728378202745724,2.5976702944186143,0.7194636848899019,0.8038986724485192,0.5137019291257939,-0.06121602160924016,0.5196943091157679,-0.07626156464134717,1.4880882700317555,0.018327622684860767,-0.011911729968244522,0,0,FOLLOWING,1.473434218939817,0.5306525693404124,0
24.384,1.992637017431959,0.06580102398188586,2.595895328384983,0.7064944285080792,0.8162613441770852,0.5199754114041691,-0.05560925788064353,0.5137386149288398,-0.055467724847291996,1.4890780541097572,0.017500784256324394,-0.010921945890242757,0,0,FOLLOWING,1.490777712275794,0.5727340549718749,0
24.416,1.9784334366921221,0.07443689619766437,2.594283974210981,0.6935410980738417,0.828558485577331,0.5326314646728737,-0.05332436816624152,0.5194739789851268,-0.05035485868951943,1.4898482115331309,0.016566642433509582,-0.01015178846686915,0,0,FOLLOWING,1.5043205295419722,0.5979621239639359,0
24.448,1.9639032434708452,0.08330122477853649,2.592739531923415,0.6806039535652781,0.8407891094216741,0.5346031857227561,-0.059350565568223206,0.5319087493501539,-0.04826384320108258,1.4901828622196902,0.015621750933451748,-0.009817137780309793,0,0,FOLLOWING,1.4905647212173478,0.5751421537028754,0
24.48,1.9493165317640855,0.09222936768349695,2.5910223347758197,0.667683254635619,0.8529522338226324,0.5360956490577161,-0.06256269219972212,0.5344450006317569,-0.053662424592378195,1.490396972658625,0.014901520348538975,-0.00960302734137497,0,0,FOLLOWING,1.490844569479448,0.5723147457085277,0
24.512,1.9347015443244406,0.10120854679146252,2.5892122053765854,0.6547792606080264,0.8650468823116507,0.5324796832461273,-0.07631076162676327,0.5360301695875486,-0.05656655793314938,1.4905200619797419,0.014328320605761391,-0.00947993802025815,0,0,FOLLOWING,1.482113956865483,0.5656012298855161,0
24.544,1.9201947015718286,0.11015732894624906,2.587005634148606,0.6418922304703892,0.8770720839174926,0.5078107947245384,-0.08211326807082031,0.5326495821817412,-0.06895537851436787,1.4907097131959153,0.014205902580401553,-0.009290286804084724,0,0,FOLLOWING,1.4443345032559185,0.4877020255515129,0
24.576,1.9063546252938053,0.11873795977414613,2.584630255200115,0.6290224228701242,0.8890268732441918,0.4966880283750427,-0.06185715079861807,0.5088606268784087,-0.07423062652823098,1.4916174327096727,0.014306868730010079,-0.00838256729032727,0,0,FOLLOWING,1.461092104407741,0.5018294973951561,0
24.608,1.8928567799028568,0.12715207909567258,2.5828366787316592,0.6161700961089858,0.9009102905485543,0.49107657175201574,-0.03901907171759294,0.4970441301836317,-0.05604927938547947,1.4928598924103207,0.013887072027819247,-0.007140107589679312,0,0,FOLLOWING,1.4672937332959264,0.5112381682602275,0
24.64,1.8795359970113732,0.13548910719695414,2.581700951930476,0.6033355081378831,0.9127213818172066,0.5090630181028215,-0.02616934945347972,0.49108176881467247,-0.035491484214692885,1.4942482044534324,0.012865859619139552,-0.005751795546567573,0,0,FOLLOWING,1.5056373616495926,0.5874169139754669,0
24.672,1.8657647901760466,0.1441283373063966,2.58093634203665,0.590518916551697,0.92445919884319,0.5240395257096802,-0.024023003154392975,0.5080428843053013,-0.023894082146113122,1.495047922864911,0.011528214891663335,-0.00495207713508905,0,0,FOLLOWING,1.507087451988849,0.5900558575342627,0
24.704,1.8515871645311752,0.15303573668817724,2.58023485420164,0.5777205785841182,0.9361227993020764,0.5496395257096801,-0.03853575165817091,0.5232508928743514,-0.02192149646862484,1.495313153297889,0.010176021272110258,-0.004686846702111058,0,0,FOLLOWING,1.5483247522859214,0.6774392763243419,0
24.736,1.8367299273423365,0.1623831170410367,2.5791148827936294,0.5649407511024798,0.9477112468276234,0.5752395257096801,-0.03546303964058003,0.5485538345814958,-0.0349990901835103,1.4947200340648918,0.009290862112129705,-0.005279965935108155,0,0,FOLLOWING,1.5338109113401437,0.6314532947243127,0
24.768,1.8211856450511534,0.17218670336073583,2.5780805404708715,0.5521796906026017,0.9592236110869463,0.5890498300185713,-0.04014595290611586,0.5743155324669098,-0.03232318403775984,1.4932525595320822,0.008372264859696887,-0.0067474404679177535,0,0,FOLLOWING,1.520750382108431,0.6075903590847365,0
24.8,1.805258630323934,0.1822540647883842,2.5769138280458295,0.5394376532036447,0.9706589678552059,0.5936109481333338,-0.038902157791611894,0.5888169068463437,-0.03645974862720247,1.4912696058384507,0.007633727064765061,-0.008730394161549304,0,0,FOLLOWING,1.5179745830877738,0.5980907736632936,0
24.832,1.789206841303327,0.19242674247760394,2.575781889023354,0.5267148946429685,0.9820163990898059,0.6005218541222561,-0.036439931889115075,0.5938627578205475,-0.035373092967127345,1.489072779017613,0.006908377279158717,-0.010927220982386965,0,0,FOLLOWING,1.523131170754663,0.6073073655952321,0
24.864,1.7729830067644923,0.20273446393234298,2.574720169133845,0.5140116702709989,0.9932949930040952,0.610237349554264,-0.027167988660210085,0.6006654894180423,-0.033178744366867775,1.4866051177896642,0.006160626697035987,-0.013394882210335801,0,0,FOLLOWING,1.5301265914499513,0.6172572054077077,0
24.896,1.7565121680032914,0.21322376670822948,2.573924955176732,0.5013282350461044,1.004493844140566,0.5941983165760562,-0.027578483724518127,0.6102269282297932,-0.024850430244101867,1.4837772882052238,0.005193445684808395,-0.01622271179477619,0,0,FOLLOWING,1.4896215637802737,0.5424068088032806,0
24.928,1.7404526730557786,0.22346882322871803,2.5731187511483116,0.4886648435294776,1.0156120534435458,0.5916839645135329,-0.025231564277252264,0.5952646585925283,-0.025193864515916528,1.481372224434274,0.004278467415527398,-0.018627775565726035,0,0,FOLLOWING,1.5066149209911182,0.577349481682873,0
24.96,1.7244878078303048,0.2336713206373292,2.572380274308177,0.4760217498800261,1.0266487283313743,0.587842956773771,-0.020148909378986467,0.5920691601630608,-0.02307739567307567,1.4790134100024503,0.003339360884877074,-0.020986589997549654,0,0,FOLLOWING,1.5033561178860846,0.5706065577518306,0
24.992,1.7086357002041952,0.2438179371329073,2.5717883149735132,0.4633992078492726,1.0376029827680602,0.593798181580944,-0.028266193622689784,0.5881611191044844,-0.018498725482391013,1.4767222557293544,0.002297102124364958,-0.02327774427064555,0,0,FOLLOWING,1.5174068951265207,0.6058265334748296,0
25.024,1.6926420026382238,0.2540679990729809,2.5709631827850847,0.45079747077626076,1.0484739373344143,0.5736595753415158,-0.04648064248237777,0.5936393767961886,-0.025785377675828863,1.4741976244928923,0.0015302828792140843,-0.025802375507107733,0,0,FOLLOWING,1.4747516416925734,0.5326761484394499,0
25.056,1.6771687313794656,0.2640024227932454,2.569611697654382,0.43821679158247284,1.059260719298648,0.5832181075515948,-0.06831089007527741,0.5746041161598415,-0.0422339165924672,1.4722220169822915,0.001335291196474131,-0.027777983017708507,0,0,FOLLOWING,1.5172402822482842,0.6227300839593997,0
25.088,1.6614892012147644,0.2741004915658838,2.567631382519546,0.42565742276674756,1.0699624626864421,0.5790833240325229,-0.0827791792685439,0.5828158057183765,-0.06188486674405838,1.4699239645974511,0.0018233798894309317,-0.030076035402548884,0,0,FOLLOWING,1.497507756994623,0.5803694786876651,0
25.12,1.6459267587609763,0.2841689764749865,2.565231638218773,0.4131196164002202,1.0805783083504612,0.5851687776743297,-0.10580696341729004,0.5792297700478424,-0.0749920439656743,1.4676788729671193,0.0027937770543626783,-0.0323211270328807,0,0,FOLLOWING,1.5126899635766067,0.6206914862297364,0
25.152,1.6302376927014277,0.294375399781297,2.5621663914239696,0.40060362412125916,1.0911074040393318,0.5799800611862662,-0.1046761385430628,0.5849023252175068,-0.09578903725939836,1.4651900317781457,0.004498895227770916,-0.03480996822185434,0,0,FOLLOWING,1.495960097581621,0.5704457375310061,0
25.184,1.6147068560035005,0.30455001610744875,2.5591305899868364,0.38810969713041565,1.101548904466061,0.5848208284994845,-0.09551796025511551,0.5802096329471913,-0.0948688685931196,1.4627876873286798,0.006252644460263301,-0.03721231267132019,0,0,FOLLOWING,1.511479586159588,0.5969042321875709,0
25.216,1.5990902871817712,0.3148510048645209,2.5563573998896536,0.3756380861853823,1.1119019713758953,0.5745314258489879,-0.07025081597961286,0.584626032463316,-0.0866622464305111,1.4601799653945484,0.007822422682749242,-0.03982003460545158,0,0,FOLLOWING,1.4883409347164727,0.545209753301009,0
25.248,1.5837598930720553,0.3250256312425835,2.554312810137316,0.3631890415959611,1.1221657736136197,0.5489314258489879,-0.04449366361726782,0.5749777336552129,-0.0638934496172509,1.4578153552670496,0.008736878502748624,-0.04218464473295036,0,0,FOLLOWING,1.4374307035130605,0.4470034593699045,0
25.28,1.569098238974416,0.33479846625746684,2.5529103391150767,0.35076281321903835,1.1323394871902808,0.523331425848988,-0.02291264478547027,0.5506128333581226,-0.04382722533018592,1.4561637578655404,0.009069427930174179,-0.04383624213445958,0,0,FOLLOWING,1.4523105222164296,0.4825676440666323,0
25.312,1.5551410930146563,0.3441284056335458,2.5521798306988184,0.3383596504535713,1.1424222953493384,0.5035014199263786,-0.009091158580416685,0.5246196752196352,-0.022828414878336614,1.4552766793014327,0.008782244452509858,-0.044723320698567326,0,0,FOLLOWING,1.4581411123149166,0.4972796851630263,0
25.344,1.5417376347354248,0.35310012264609697,2.5519074436913973,0.3259798022355813,1.1524133886322374,0.5048887330907639,-0.013780364989194006,0.5040215974291741,-0.008512162783086065,1.4549806886918286,0.008082920574100871,-0.045019311308171384,0,0,FOLLOWING,1.4785776608426782,0.5435398549198466,0
25.376,1.5283265100895995,0.36207907408599344,2.55150438346032,0.3136235170331587,1.1623119649433886,0.48465099703211506,-0.017181990518840274,0.5043656626886395,-0.012595715032144458,1.4546051151258406,0.00755932806054016,-0.045394884874159436,0,0,FOLLOWING,1.4418491223757417,0.46984860665841577,0
25.408,1.5154308258204905,0.3707182148555986,2.551004249646756,0.301291042841475,1.172117229614565,0.470814769623505,-0.019151083118685283,0.4850560167861079,-0.01562924467752192,1.4547768878659617,0.007177097709452074,-0.04522311213403829,0,0,FOLLOWING,1.4463359721548765,0.4791571456734189,0
25.44,1.502913887773122,0.37911136258464756,2.5504470692025003,0.28898262717780643,1.1818283954686963,0.4830254469380769,-0.026873582213100992,0.4709493335545508,-0.01741194466120632,1.4553294267390815,0.006899503405939368,-0.0446705732609185,0,0,FOLLOWING,1.4872754085941131,0.561372641728839,0
25.472,1.4901078355680193,0.38770796710309985,2.549666691037897,0.27669851707656656,1.1914446828830652,0.4979420650338448,-0.02830772842973812,0.48201547875628425,-0.02438685796108217,1.4554569325454658,0.006897698141404617,-0.04454306745453418,0,0,FOLLOWING,1.4971877384737826,0.5733637291226682,0
25.504,1.4769129066610274,0.3965805292072643,2.5488434084809115,0.2644389590843439,1.2009653198518986,0.5235420650338448,-0.04259970118643292,0.49691222440128524,-0.025727594305003026,1.4550353827218767,0.006994653957323571,-0.04496461727812329,0,0,FOLLOWING,1.5425344674059045,0.6637776809929083,0
25.536,1.4630538540214426,0.40591699473541176,2.547604530380822,0.2522041992549613,1.21038954204834,0.5450042315309901,-0.05466306740576974,0.522228817970059,-0.038714946281935794,1.453730706089769,0.00756553875700039,-0.046269293910230935,0,0,FOLLOWING,1.5051385371610728,0.5834858294627062,0
25.568,1.4486268919461731,0.4156628421718255,2.546017601657581,0.2399944831445313,1.2197165928858142,0.560575678799731,-0.06718974785287736,0.5440883241877317,-0.049591534988372876,1.451652414885496,0.008547526572237008,-0.0483475851145041,0,0,FOLLOWING,1.5206983269032845,0.6132534723355821,0
25.6,1.433791459088652,0.4257204127988954,2.5440687228931327,0.22781005580653058,1.2289457235787666,0.5828476379755461,-0.055606750129864345,0.5601109209716764,-0.06090249844260913,1.4489865578878693,0.009959057097224111,-0.05101344211213066,0,0,FOLLOWING,1.537573023329856,0.6327823002625885,0
25.632,1.4183925299871538,0.4362063413214036,2.5424475860093834,0.21565116178688037,1.2380761932027753,0.5958876627477337,-0.04170887241321294,0.5822026046125597,-0.0506605792479725,1.4455386740369551,0.011118131698964806,-0.05446132596304487,0,0,FOLLOWING,1.5302602947573711,0.6145185494706041,0
25.664,1.4026528399112812,0.4469624172708171,2.54122869091891,0.20351804511903904,1.2471072687540339,0.5702876627477338,-0.03021080064161493,0.5957480886417557,-0.03809050332945914,1.4415810901355954,0.011944835044833456,-0.05841890986440457,0,0,FOLLOWING,1.4648540637566938,0.4857854396654714,0
25.696,1.3875556815218777,0.4573060985309271,2.5403382314886676,0.1914109493191043,1.2560382252081983,0.5446876627477338,-0.0254670185531077,0.5718681134211777,-0.027826862254821692,1.4383098520704227,0.012498445743655662,-0.06169014792957728,0,0,FOLLOWING,1.4188010027973461,0.4030366768463106,0
25.728,1.373146849452086,0.46719647454846247,2.5395865049890896,0.1793301173809252,1.2648683455785914,0.5190876627477339,-0.02436298045286714,0.546119731523935,-0.023491451461619208,1.4357850826658467,0.012963877051466621,-0.0642149173341533,0,0,FOLLOWING,1.4240771168732407,0.4235023194782475,0
25.76,1.3594273648665463,0.47662809030223274,2.538868864468049,0.1672757917712251,1.273596920973764,0.4934876627477338,-0.023456287250833163,0.5202510762203618,-0.02242627542784955,1.4340100035549255,0.013444040292427406,-0.06598999644507453,0,0,FOLLOWING,1.4464729486725854,0.4731513105917051,0
25.792,1.3463951840100092,0.48560028728872284,2.5381787135117717,0.15524821442473646,1.282223250654406,0.4678876627477338,-0.031186437171010637,0.4944229074702927,-0.021567236774158033,1.4329826408277602,0.013945223769940451,-0.06701735917223983,0,0,FOLLOWING,1.4036012930119788,0.39633094822191917,0
25.824,1.33404838856441,0.4941127228212556,2.537267333317766,0.1432476267393441,1.2907466420896019,0.4422876627477338,-0.03671931624502752,0.4686373612452375,-0.028480659036897206,1.4327009652024403,0.014715911254424618,-0.06729903479755972,0,0,FOLLOWING,1.3792767357114208,0.3538271865982016,0
25.856,1.3223872386414572,0.5021680873860075,2.536196373478048,0.13127426957124122,1.2991664110124264,0.4166876627477338,-0.031717806201325596,0.44289246693145834,-0.033467515901884085,1.433163086655035,0.015696665749111105,-0.06683691334496511,0,0,FOLLOWING,1.4227658240458818,0.4387099755443038,0
25.888,1.3114113978900537,0.5097676944214729,2.5352683830399596,0.11932838323009132,1.3074818814748828,0.39108766274773377,-0.03782245800162423,0.41717954875046664,-0.02899971520576646,1.4343673999596709,0.016585958817059158,-0.06563260004032911,0,0,FOLLOWING,1.4346794119953075,0.4653975058703863,0
25.92,1.301118420994666,0.5169089735688348,2.534165392832632,0.10741020747421137,1.315692385902163,0.4166876627477338,-0.03726293288359569,0.3914836180755335,-0.034468472773463446,1.4363127232065693,0.01769954939872509,-0.06368727679343067,0,0,FOLLOWING,1.4935518232856153,0.5726820071394139,0
25.952,1.2902216953780434,0.524487686688802,2.5330781896784784,0.09551998150575658,1.3237972651462444,0.4422876627477338,-0.04056439416005178,0.414819272314642,-0.03397511901597972,1.4374310374216892,0.01886691468512458,-0.0625689625783108,0,0,FOLLOWING,1.538047769569986,0.6510690893537937,0
25.984,1.2786570576670302,0.5325497027519946,2.531894397139189,0.08365794396591886,1.3317958685388067,0.4678876627477338,-0.015643835638335366,0.44057544257365744,-0.03699352742230627,1.4376429721148996,0.020202399381974878,-0.06235702788510045,0,0,FOLLOWING,1.4963256563412548,0.5525499269233488,0
26.016000000000002,1.2664234629537146,0.5410998867827266,2.5314185170821846,0.07182433293013801,1.339687553943468,0.46869147880513184,0.005778976698102728,0.46644314565281775,-0.014871251811221814,1.4369444469409112,0.020904446976183877,-0.06305555305908883,0,0,FOLLOWING,1.4537542398997072,0.4642143331405018,0
26.048000000000002,1.254135285254183,0.5496956300726928,2.531591259280421,0.06001938590332423,1.3474716878073356,0.4493815160325037,0.012697248160407073,0.46863239776293786,0.005398198811242077,1.43609171690987,0.02101453594034508,-0.06390828309013008,0,0,FOLLOWING,1.4391337680669989,0.4356759582969265,0
26.080000000000002,1.2423255470443328,0.557952158853045,2.531966697340879,0.04824333981508966,1.3551476452118694,0.46208232481495776,0.008566102266204073,0.45028700966269175,0.011732441176082724,1.4357412584070794,0.02096229732377619,-0.06425874159292055,0,0,FOLLOWING,1.4888026371400611,0.5355578070943037,0
26.112000000000002,1.2302171968175428,0.5664089215568338,2.532225444221765,0.03649643101499467,1.3627148099230495,0.4747377790257291,0.018228843997135476,0.46154706531397144,0.008085838062022708,1.4349468054791892,0.02107929505266437,-0.06505319452081082,0,0,FOLLOWING,1.4945241964094018,0.5400788204512639,0
26.144000000000002,1.2177743810229142,0.5750932923612131,2.532763305375579,0.02477889526780297,1.3701725744408502,0.46011313286228445,0.008161967061062154,0.4741890238805674,0.01680816760096411,1.433662894066923,0.020972440959333483,-0.06633710593307707,0,0,FOLLOWING,1.4517610934731882,0.4565140713357209,0
26.176000000000002,1.2056768050723639,0.5835258237618712,2.5330127242196587,0.013090967748750959,1.377520340048009,0.43451313286228443,-0.0033867040323938527,0.4608147130618896,0.007794345097359087,1.4327205838115542,0.02119449225853964,-0.0672794161884458,0,0,FOLLOWING,1.4021761024601211,0.36253767160465306,0
26.208000000000002,1.1942374789149408,0.5914946080586622,2.532911280683533,0.0014328830388268265,1.384757516858093,0.40891313286228437,-0.003975383068801087,0.4356443725558533,-0.0031701156912557794,1.432497415851112,0.021805687258014128,-0.0675025841488881,0,0,FOLLOWING,1.414003022531273,0.3859510958062473,0
26.240000000000002,1.1834757140865189,0.5989931797210091,2.5327903599293347,-0.0101951248799379,1.3918835238628553,0.38331313286228436,-0.0020425412362262327,0.40987464575777355,-0.003778776221058158,1.4330126201929487,0.022477836890532288,-0.06698737980705127,0,0,FOLLOWING,1.414224886251591,0.3872474146353857,0
26.272000000000002,1.173392306494732,0.606021422727574,2.53272736619886,-0.021792822629161712,1.398897788978879,0.3758003136987638,0.010043577549803711,0.38408273838360074,-0.00196855654684699,1.4342665111612876,0.023133122782003745,-0.06573348883871244,0,0,FOLLOWING,1.4433422748750684,0.44312636186043136,0
26.304000000000002,1.1635310451286043,0.6128960751101162,2.533026180401779,-0.033359977438803146,1.405799749093506,0.3792883330570927,0.014200389117934977,0.3756601069035402,0.00933793848928385,1.4357034359918526,0.023475303547564774,-0.06429656400814743,0,0,FOLLOWING,1.4515441170861816,0.4549856565976217,0
26.336000000000002,1.1535897095501155,0.6198220209260538,2.533445720851936,-0.04489635715182638,1.4125888501100414,0.3902404955839069,0.021036700761564633,0.37863898730890344,0.013110623732240296,1.4369579317200365,0.023748188359991484,-0.0630420682799635,0,0,FOLLOWING,1.4674998642235932,0.4812466766687822,0
26.368000000000002,1.1433640111737873,0.626939411548871,2.534062835641994,-0.05640173022886241,1.41926454699224,0.38418835514028604,0.02199330432832289,0.38935455974721833,0.01928482657195193,1.4377819565215035,0.02387832600990425,-0.062218043478496465,0,0,FOLLOWING,1.4425702782084717,0.4270191441088464,0
26.400000000000002,1.1332696603149728,0.6339556082165856,2.534708341864253,-0.06787586575285776,1.4258263038080599,0.39462421608386533,0.04263094625394182,0.3841632028387303,0.020172059452606455,1.4386833471369893,0.024024915192615293,-0.06131665286301069,0,0,FOLLOWING,1.4711228956423639,0.4829801501722068,0
26.432000000000002,1.1229129567894336,0.6411438136674366,2.5359483203015825,-0.07931853343370854,1.4322735937726896,0.39041613239426326,0.036992291005176196,0.39397461068327866,0.03874932523353131,1.4391827142699927,0.023630078935444665,-0.06081728573000733,0,0,FOLLOWING,1.4495193750777624,0.43293552505063526,0
26.464000000000002,1.1126391190218312,0.6482545640606211,2.5370274710938157,-0.09072950361288079,1.438605899290838,0.3931395768342627,0.026547933319922456,0.3904547870875602,0.033723457565084665,1.4397052736730356,0.023436783081842712,-0.06029472632696442,0,0,FOLLOWING,1.4615665676923328,0.455016555018411,0
26.496000000000002,1.1022921459659785,0.6553986698153417,2.5378062952897418,-0.10210854726802232,1.444822711998287,0.4017849305186867,0.019111799061308728,0.39293215236290996,0.024338252927101154,1.4400594946872862,0.023589618614629607,-0.05994050531271378,0,0,FOLLOWING,1.4740147686865768,0.47501555480914764,0
26.528000000000002,1.0917180223874094,0.6626873877048127,2.538370761643419,-0.11345543601755659,1.4509235328027048,0.42738493051868676,0.01919867260820121,0.40134562506721677,0.017639573603739245,1.440055306327702,0.02400922880545986,-0.059944693672298044,0,0,FOLLOWING,1.5187464029961724,0.5567991304570223,0
26.560000000000002,1.080484291525368,0.6704229516452809,2.538943340469388,-0.12476994212526948,1.456907871923713,0.45298493051868677,0.011188332483551654,0.42625425207253204,0.017893088408500193,1.4391651390852118,0.02448573261084075,-0.06083486091478818,0,0,FOLLOWING,1.5188718261343916,0.5500654500625068,0
26.592000000000002,1.0685676142430014,0.6786193061777341,2.5392856487425615,-0.13605183850487634,1.4627752489322057,0.42738493051868676,0.010469807358278911,0.4519960564523654,0.010697135863149871,1.437361669342741,0.025259040692585888,-0.0626383306572591,0,0,FOLLOWING,1.427970362219818,0.36546367747624603,0
26.624000000000002,1.0572581268636272,0.6863911052407576,2.5396034817154005,-0.14730089872458318,1.4685251927889202,0.4045217702613717,0.021099950366814904,0.4288003206555724,0.009932280309144764,1.436208960085828,0.026098075669521492,-0.0637910399141719,0,0,FOLLOWING,1.4344541461553608,0.38265386412863256,0
26.656,1.04655451918314,0.6937419700013291,2.5402259306158705,-0.15851689701162974,1.4741572418822522,0.3789217702613717,0.01928130043452272,0.40574931595090824,0.01945152843982219,1.435703700181428,0.026674079246684638,-0.0642962998185721,0,0,FOLLOWING,1.4203243173433795,0.35591074584356336,0
26.688,1.0365245680902921,0.700620562569587,2.5407981797205035,-0.16969960825681807,1.479670944065313,0.35332177026137174,0.026953896083403706,0.380043127204121,0.01788278243603581,1.4359304511406188,0.027336045738024506,-0.06406954885938121,0,0,FOLLOWING,1.3856838277226442,0.2903838567944414,0
26.72,1.0271720962238857,0.7070265467446226,2.5415905372183456,-0.18084880801904024,1.4850658566922332,0.3277217702613717,0.026916365229813742,0.3542341946696881,0.024761172103194,1.4368923665019766,0.02781318359232055,-0.0631076334980234,0,0,FOLLOWING,1.4168226308620235,0.3544701399459089,0
26.752,1.0184952321812557,0.7129592062207033,2.542382393951429,-0.19196427252976922,1.4903415466536911,0.3092850898011571,0.024131155378054596,0.32846051581015606,0.02474551715672508,1.4385880285065387,0.02832313407506959,-0.06141197149346134,0,0,FOLLOWING,1.4117439363591777,0.34301990934091564,0
26.784,1.010313482197692,0.7185439951449091,2.543090903447584,-0.20304577869755924,1.4954975904116896,0.2836850898011571,0.028361170490690018,0.3095608779604805,0.02214092129343118,1.440797551774102,0.028952579835464398,-0.05920244822589793,0,0,FOLLOWING,1.376380535008102,0.2721895154533972,0
26.816,1.0027979373380314,0.7236654715020496,2.543924003814904,-0.21409310411252136,1.5005335740335555,0.27411342171421305,0.03319313095576584,0.28419935741027447,0.026034389012585382,1.4437270709845103,0.029488518774599015,-0.05627292901548975,0,0,FOLLOWING,1.4178476483134184,0.3541257819583948,0
26.848,0.9955523058279132,0.7285945993421198,2.544892370245244,-0.22510602705078564,1.5054490932251703,0.258334400572877,0.038328217146291484,0.273858084612964,0.030261457931545638,1.4468965651671493,0.02992913138129527,-0.05310343483285074,0,0,FOLLOWING,1.395657100572378,0.3062310647771765,0
26.88,0.9887127209127956,0.7332374769208713,2.5460087170761114,-0.23608432647895405,1.510243753363429,0.2725895090419456,0.06628618554652406,0.2583306100995082,0.03488583947583067,1.450471151361059,0.030256502926684803,-0.049528848638940914,0,0,FOLLOWING,1.4468542669281574,0.4160180306302058,0
26.912,0.9815238248183985,0.7381056365151388,2.547930054982308,-0.2470277820585336,1.5149171695279193,0.29024354317184337,0.07740425374063381,0.271339284392976,0.0600418301655943,1.4535388569218086,0.029832017661683974,-0.04646114307819138,0,0,FOLLOWING,1.4597500004538402,0.42437672293844925,0
26.944,0.9738576947365744,0.7432751684974492,2.5501747053829775,-0.2579361741503612,1.5194689665318242,0.2785387478899794,0.07170893746815891,0.288969176899295,0.0701453417633001,1.45595087401137,0.02913609678749918,-0.04404912598862998,0,0,FOLLOWING,1.415167023886954,0.32459580870639737,0
26.976,0.9664501682423213,0.7482444905323813,2.552254231970901,-0.2688092838190099,1.5238987789520417,0.2758822703668852,0.07198015230424017,0.2787445837327355,0.06498521231345661,1.4585970962026045,0.028636179345413737,-0.04140290379739553,0,0,FOLLOWING,1.429119134374699,0.3503426467681971,0
27.008,0.9591107974336127,0.7531450250782237,2.5543415432436896,-0.2796468928371847,1.5282062511585226,0.28380647484001736,0.07119228179110228,0.27578459335630007,0.06522849045648486,1.4612462213392161,0.028165673998776786,-0.03875377866078389,0,0,FOLLOWING,1.448815341336357,0.38398142775264404,0
27.04,0.9515620936491148,0.7581621410795343,2.5564063311448235,-0.2904487836901004,1.5323910373428191,0.2735874335365601,0.058247350266629444,0.28325705270208373,0.064524639544359,1.4635646221598797,0.02776198625084536,-0.0364353778401203,0,0,FOLLOWING,1.4204219469569088,0.32101596426328366,0
27.072,0.9442528568409753,0.7629976739762644,2.5580983588128334,-0.3012147395798519,1.5364528015458496,0.27607953025794946,0.04554785104072658,0.2738690590962537,0.05287587226723045,1.4660908457861521,0.027765112138725456,-0.03390915421384788,0,0,FOLLOWING,1.44127453121796,0.3589078001390492,0
27.104,0.9368831288235612,0.7678553658587124,2.5594243162893866,-0.3119445444297577,1.5403912176848655,0.30167953025794947,0.02801161043372148,0.27583784978463866,0.041436176992283275,1.4684625292597895,0.028178111237760817,-0.031537470740210516,0,0,FOLLOWING,1.4852263789401923,0.44068180124675504,0
27.136,0.928851446393037,0.7731365740143756,2.5602540027631924,-0.32263798288870316,1.5442059695796335,0.3272795302579495,0.016965753830424844,0.3004113892299159,0.025927703952047538,1.4699570756934734,0.029149451750410282,-0.030042924306526553,0,0,FOLLOWING,1.5267462513101144,0.5121896359966106,0
27.168,0.9201272349414115,0.7788640796849106,2.5607646855622543,-0.33329484033545964,1.5478967509778165,0.3528795302579495,0.018791749085175745,0.32615398537130574,0.015958830355236257,1.4705366871680832,0.030507337235162964,-0.029463312831916832,0,0,FOLLOWING,1.521259659598539,0.4898823891941331,0
27.2,0.9107098873322743,0.7850410047360127,2.5613259530846437,-0.34391490288299353,1.551463265579561,0.3784795302579495,0.00829045650270229,0.351964892703705,0.01753959342185429,1.4701994579441393,0.03188728630657778,-0.02980054205586069,0,0,FOLLOWING,1.5022696063336143,0.44434204451869896,0
27.232,0.9005997485541233,0.7916654071467083,2.5615851138012595,-0.3544979573827576,1.554905227061284,0.3883685766872989,0.023505771775190237,0.37773418935025843,0.008098757045019717,1.4689469950107985,0.033644764999929855,-0.031053004989201494,0,0,FOLLOWING,1.4825804395737883,0.40601396892453395,0
27.264,0.8902000647129278,0.7984756021506795,2.5622737766474697,-0.36504379142897037,1.558222359098659,0.36717803926906456,0.02326426724135564,0.3884696894271292,0.021520693549438523,1.4672601245433459,0.03504195061214643,-0.03273987545665413,0,0,FOLLOWING,1.4486727212775998,0.33465273897366776,0
27.296,0.8803255782921482,0.8049318227943913,2.562958784518985,-0.3755521933628785,1.5614143953888002,0.35065738592498635,0.02699854498966935,0.3686542442945852,0.021406498616235826,1.4661155684243485,0.03648553316852832,-0.033884431575651464,0,0,FOLLOWING,1.4495711470541612,0.3395245809020065,0
27.328,0.8708994207062722,0.8110859036257574,2.5637494959995952,-0.386022952277004,1.5644810796716417,0.3250573859249863,0.03010891849876036,0.3517677061717709,0.024709734358604248,1.4654208074799262,0.03786734700553973,-0.0345791925200738,0,0,FOLLOWING,1.4248292325019054,0.2922722549519528,0
27.36,0.8621492385875561,0.8167878155618161,2.5646345716912675,-0.3964558580193791,1.5674221657505096,0.30299044963887983,0.036158844291416394,0.3263520947115653,0.027658617025702964,1.4654482989475113,0.03918851436713444,-0.034551701052488726,0,0,FOLLOWING,1.4267650053743228,0.2997454237079442,0
27.392,0.8539961631936095,0.8220902457071158,2.56569188931563,-0.40685070119776245,1.5702374175118872,0.29595515379295195,0.05450339125575266,0.30391010861571954,0.033041178551659715,1.466103340875067,0.040371424972374115,-0.033896659124933004,0,0,FOLLOWING,1.4444381971975473,0.3433539165311169,0
27.424,0.8460496221255649,0.8272466450896391,2.5672735850751627,-0.4172072731838419,1.572926608944371,0.30084248524236884,0.0755438237124459,0.2960268442217654,0.04942800236354014,1.4669207858780773,0.041074534477386404,-0.03307921412192272,0,0,FOLLOWING,1.463837786793343,0.38315635102655743,0
27.456,0.8379791909276599,0.8324646847656161,2.569461803738227,-0.4275253661174223,1.575489524156814,0.32644248524236885,0.1043207635742474,0.3003340419419533,0.0683818532144362,1.4675107140509012,0.04122295995874525,-0.032489285949098834,0,0,FOLLOWING,1.5093317110973528,0.475849140771253,0
27.488,0.8292320424805395,0.8380931767134703,2.572485556049954,-0.4378047729105998,1.5779259573956592,0.3096238407893254,0.12188331663879214,0.32507253872102004,0.09449232755580539,1.4672201044589253,0.040604079047048984,-0.032779895541074744,0,0,FOLLOWING,1.43184544067309,0.318542729657422,0
27.52,0.8208649503338704,0.8434383688499639,2.576010489603294,-0.44804528725191206,1.5802357130614568,0.2840238407893254,0.12824672267507817,0.31025924391712856,0.11015428313761558,1.4673116633786825,0.039509406528158486,-0.03268833662131754,0,0,FOLLOWING,1.4065564347611164,0.2634689792315078,0
27.552,0.8131569120525428,0.8483206441296022,2.579725368347569,-0.4582467036104838,1.5824186057245662,0.2750050511083118,0.13147830392379423,0.2851099174552829,0.11609006690078377,1.468116811135578,0.03823739783064184,-0.031883188864421985,0,0,FOLLOWING,1.4454617580913411,0.3366716012006079,0
27.584,0.8056991368706639,0.8530044302497308,2.583527430710964,-0.4684088172401504,1.5844744601400444,0.27191247238410776,0.1465567878952687,0.27520189477286916,0.11881456545327555,1.469149237945615,0.03690483306248726,-0.030850762054384973,0,0,FOLLOWING,1.4462059666929972,0.35033536007725735,0
27.616,0.7983166576488845,0.8576004912012879,2.5877634889172803,-0.47853142418356787,1.5864031112617143,0.2554002865487235,0.15442548049026272,0.27175969504490344,0.1323769970783573,1.4702021232082871,0.03517017729822625,-0.029797876791712863,0,0,FOLLOWING,1.4214863654966776,0.2973863110068715,0
27.648,0.7913473070186939,0.8618962281648397,2.5922281345165508,-0.4886143212763052,1.5882044042554129,0.2592460779502029,0.15793383266372066,0.25583176489009807,0.13952037830130976,1.4716743310133533,0.03322635096141058,-0.02832566898664668,0,0,FOLLOWING,1.4533687501298003,0.3519335080190004,0
27.68,0.784278551804084,0.866209215041747,2.596791906074744,-0.49865730615092385,1.5898781945114249,0.2520660113481939,0.15800778663446086,0.25877808825503334,0.14261809357855312,1.4729634100932165,0.031217465418093227,-0.02703658990678348,0,0,FOLLOWING,1.4363262609090752,0.31383764132479963,0
27.712,0.7773728184836675,0.8703783990447536,2.6013575831626508,-0.5086601772410364,1.5914243476560888,0.26559861862951534,0.1591520229418019,0.2520825374311859,0.14267764096157495,1.4743771993969101,0.029233397039308606,-0.025622800603089857,0,0,FOLLOWING,1.4716319459823435,0.37915556524960947,0
27.744,0.7701008985068647,0.8747242837071784,2.6059609470799012,-0.5186227337853557,1.5928427395625873,0.28397111303350475,0.15995208550735876,0.26475090645567506,0.14385537228369427,1.4752975012073364,0.027252815244956707,-0.02470249879266362,0,0,FOLLOWING,1.4860062785574837,0.40111873539347875,0
27.776,0.7623075184305448,0.8793343632973528,2.610591935040335,-0.5285447758317203,1.5941332563609103,0.3007740724422948,0.14575862291817662,0.2829791036476499,0.14471863157685022,1.4755463744413595,0.025289252382931338,-0.0244536255586405,0,0,FOLLOWING,1.4910669164070978,0.39325762595321595,0
27.808,0.7540227334719328,0.8841838868665091,2.6148155433486964,-0.5384261042411111,1.5952957944469974,0.3092952240565257,0.1388939242395912,0.3000049640100365,0.13198796282596345,1.475162412484998,0.02377646698221314,-0.02483758751500198,0,0,FOLLOWING,1.4838811038722743,0.37847929589526735,0
27.84,0.7454665113138116,0.8891433438930176,2.6188357124586394,-0.5482665206916453,1.5963302604910554,0.2836952240565257,0.13948285200753407,0.3090546724484261,0.12563046512651768,1.4744010625028297,0.022508534956418913,-0.02559893749717035,0,0,FOLLOWING,1.4105829103452603,0.2474096106701706,0
27.872,0.7375533468782463,0.8936839976976275,2.6228805910046233,-0.5580658276825603,1.597236571445051,0.26281305297918667,0.12702795013226126,0.2850803143319608,0.12640263564383086,1.4743185780272354,0.021240318365500777,-0.025681421972764573,0,0,FOLLOWING,1.4392595087403959,0.2896541944587717,0
27.904,0.7302112431758255,0.8978563259947848,2.6265650152770235,-0.5678238285381734,1.5980146545493774,0.25085179457082785,0.11632639655668739,0.2638816856085566,0.11513838666647881,1.4748276958492226,0.020360099165696702,-0.025172304150777425,0,0,FOLLOWING,1.4358270923624994,0.2824668495560257,0
27.936,0.7232049697185219,0.9018042249975472,2.6299342596394357,-0.5775403274118318,1.598664447338696,0.255322477949438,0.10557339304192483,0.25130477494811826,0.10528899373693786,1.475653244325403,0.019829873058001102,-0.024346755674597098,0,0,FOLLOWING,1.4617531665437828,0.329730151258565,0
27.968,0.7160862373716994,0.9057863160371528,2.632988757273299,-0.5872151292898429,1.5991858976469506,0.28004772184419713,0.10305417905321543,0.25490736477189596,0.0954531407400543,1.4762782366879512,0.01965933999201397,-0.023721763312048783,0,0,FOLLOWING,1.4991763910529408,0.402562234512325,0
28.0,0.708292196444332,0.9101193666735506,2.63598563554838,-0.596848039995387,1.5995789636115565,0.2872813227268669,0.09748803032458656,0.27869569969759234,0.09365252186436003,1.4760574421694581,0.019604112898042644,-0.02394255783054189,0,0,FOLLOWING,1.4791867447436395,0.3550806978060169,0
28.032,0.7002550049894215,0.9145559253241718,2.638810634680045,-0.6064388661924172,1.5998436136767604,0.29783002386846885,0.10156108946795527,0.28689335479954564,0.08828127926262014,1.4754891015496572,0.01977102519875773,-0.024510898450342822,0,0,FOLLOWING,1.4880480207249527,0.3767937747863091,0
28.064,0.6919102367963827,0.9191328835126881,2.6417542233739177,-0.6159874153895375,1.5999798265961735,0.31571883829027764,0.1033140843747719,0.2974294986531836,0.09198720806456764,1.474499517971969,0.019873776320491476,-0.025500482028030902,0,0,FOLLOWING,1.5048120109842842,0.40329246687621706,0
28.096,0.6830581170728859,0.9239561139719282,2.6447546253206826,-0.6254934959438656,1.599987591434478,0.3286684611189405,0.10436921088572662,0.3150371257969569,0.09376262651842213,1.4728631580866367,0.019978445246401577,-0.027136841913363297,0,0,FOLLOWING,1.503334894731908,0.39601556330566,0
28.128,0.6738180774375115,0.9289550022469101,2.6477823632995383,-0.6349569170648826,1.5998669075683045,0.34666094545000214,0.09587399398810664,0.32830431769130464,0.09461688698568115,1.4707191339398307,0.020113088314377414,-0.02928086606016933,0,0,FOLLOWING,1.516791186159535,0.4112422364651519,0
28.16,0.6640607757339464,0.9341966758213726,2.6505705858912054,-0.6443774888182578,1.599617784686282,0.3622780773015758,0.07451866870637049,0.34613569470867356,0.08713201761844186,1.4679223222866358,0.020548872561339415,-0.03207767771336423,0,0,FOLLOWING,1.5196153751522166,0.4069762257435554,0
28.192,0.6538432670478925,0.939649372009481,2.6527434306596107,-0.6537550221296655,1.5992402427882602,0.37286142685629314,0.0669941431673499,0.3619241372238927,0.0679014314907288,1.4645386313357476,0.0216644670911621,-0.035461368664252424,0,0,FOLLOWING,1.5165618272961334,0.4026379078371151,0
28.224,0.6433061582636865,0.9452435650748062,2.654693346230187,-0.6630893287885748,1.5987343121837039,0.37196620729566265,0.04669363716141718,0.3728131420928039,0.06093487168953593,1.4607256159688105,0.02307228727020938,-0.039274384031189546,0,0,FOLLOWING,1.501391135080378,0.3665507284921848,0
28.256,0.632767666181289,0.9508121202243752,2.656050746368371,-0.6723802214520296,1.5981000334892599,0.3864848712647013,0.04913184618591042,0.37246717815651575,0.0424187501833999,1.4568433859727417,0.025139655822491665,-0.043156614027258344,0,0,FOLLOWING,1.52607821556254,0.42356888385041086,0
28.288,0.6218336210158768,0.9565735668135144,2.65748670599726,-0.6816275136484129,1.597337457625496,0.38607746450369024,0.060726488515206296,0.38622559038528326,0.04487371487748559,1.4524425266938539,0.027211768112449075,-0.047557473306146125,0,0,FOLLOWING,1.506134093127513,0.392264969040048,0
28.32,0.6108836635288215,0.9623233473918241,2.659246205285906,-0.6908310197811796,1.5964466458128128,0.3629549974825089,0.07796571825516413,0.38648461608597745,0.054984351636211654,1.4479549282851212,0.029035935819579528,-0.05204507171487882,0,0,FOLLOWING,1.466636521463187,0.32975839933108253,0
28.352,0.6005490049501477,0.9677250830337195,2.6615167835194926,-0.6999905551325893,1.59542766956653,0.36186436310289993,0.08142564337967903,0.3643875724913745,0.0709556015536822,1.444096147934818,0.030406117617026496,-0.055903852065182,0,0,FOLLOWING,1.4961509575356209,0.37453967597533383,0
28.384,0.590267866492284,0.9730704916130448,2.6638730023221076,-0.7091059358674117,1.5942806106911434,0.38746436310289994,0.08405194449989119,0.36211100905396926,0.07363187197016266,1.4402341095473745,0.03175787258602725,-0.05976589045262548,0,0,FOLLOWING,1.5443758083872492,0.4662077550412482,0
28.416,0.5792869808158776,0.9787491349590425,2.6663243046216416,-0.718176979036615,1.5930055612737586,0.4054708720076192,0.08291044183523767,0.38634029097464573,0.07660323436925268,1.4355220947045841,0.03310298990444327,-0.06447790529541586,0,0,FOLLOWING,1.5328929565943668,0.4376581713154191,0
28.448,0.5677667832662232,0.9846700668032232,2.6687380038564976,-0.7272035025810388,1.5916026236766982,0.40446323659598404,0.07601803005862094,0.404782369344002,0.07542814740249029,1.4301451569055197,0.034571756372036244,-0.06985484309448031,0,0,FOLLOWING,1.5111572075196933,0.39051449589930454,0
28.48,0.5562306364524603,0.990562048831049,2.6709410037960817,-0.7361853253350481,1.590071910529284,0.37886323659598403,0.07624339881993573,0.4047961662174509,0.06884379130087574,1.4246933328111586,0.0363254759448739,-0.07530666718884138,0,0,FOLLOWING,1.467889981668599,0.3142673041765875,0
28.512,0.5453772137829237,0.9960724844449196,2.673166786759251,-0.7451222670301689,1.588413544718794,0.353263236595984,0.08128554913400206,0.3803542056638257,0.0695557519955198,1.4199495912409141,0.03811164312561699,-0.08005040875908587,0,0,FOLLOWING,1.4349132634261184,0.2638500978424934,0
28.544,0.5352472657114569,1.001186408546985,2.6755368001329813,-0.7540141482987064,1.5866276593805984,0.327663236595984,0.07933459555910273,0.35458956836277317,0.07406295196472867,1.4159577860349903,0.03980554658968627,-0.08404221396500966,0,0,FOLLOWING,1.4489731017816554,0.2891181928238754,0
28.576,0.5258438259324696,1.005904726470381,2.677850142054691,-0.7628607906773457,1.5847143978874705,0.302063236595984,0.08646557150223019,0.3287564309946707,0.07229196750611024,1.4127208586969366,0.04160342406149553,-0.08727914130306336,0,0,FOLLOWING,1.4071425095771324,0.22832069557675888,0
28.608,0.5171682419219912,1.010232077407061,2.680366490707237,-0.7716620166107324,1.582673913838076,0.276463236595984,0.08956071325600234,0.3029517592717289,0.0786359463960272,1.4102386646968803,0.043242631667094855,-0.0897613353031197,0,0,FOLLOWING,1.3913251798498205,0.2019926674156939,0
28.64,0.5092200303374802,1.0141707468280488,2.6829715447749547,-0.7804176494550372,1.580506371044644,0.250863236595984,0.09438506823157629,0.27719370755376244,0.08140799745833512,1.408510342311134,0.04483228498156544,-0.09148965768886597,0,0,FOLLOWING,1.396835077676345,0.22121381874110962,0
28.672,0.5019999303910124,1.0177242517402618,2.68571458388071,-0.7891275134815001,1.5782119435198136,0.22526323659598396,0.10520404932978789,0.2514650952887611,0.08572004502803801,1.4075356226245705,0.04631891801938571,-0.09246437737542945,0,0,FOLLOWING,1.4065129345742498,0.2533543201967462,0
28.704,0.4955087747549699,1.0208958909324157,2.6887679046682162,-0.7977914338799588,1.575790815462665,0.19966323659598395,0.11894065870540457,0.22576007687942964,0.09541637362076921,1.4073143951955374,0.04752580340878332,-0.09268560480446264,0,0,FOLLOWING,1.4016451101053038,0.25534612206290996,0
28.736,0.48974701203815485,1.0236881257221375,2.692216126218781,-0.8064092367623559,1.5732431812439325,0.17406323659598394,0.14672656065164022,0.20007792638908947,0.10775705420864734,1.4078465045430821,0.04836312984726509,-0.09215349545691787,0,0,FOLLOWING,1.4282540368220813,0.3321069762449253,0
28.768,0.48471561416119974,1.0261036102894352,2.696462635721958,-0.8149807491662302,1.5705692453903985,0.16900189090916792,0.15918106008368785,0.17440653331544548,0.13270364410279262,1.4091321672052064,0.048422507199578746,-0.0908678327947936,0,0,FOLLOWING,1.4203516806142698,0.293282354399181,0
28.8,0.47984941070947706,1.0284148503232886,2.7010575904842127,-0.8235057990581862,1.5677692225684758,0.14378120602269026,0.15193177817991657,0.16836113218196141,0.14359262022748243,1.4105452639630214,0.04817200747992034,-0.08945473603697862,0,0,FOLLOWING,1.3818435349784395,0.19276406939730667,0
28.832,0.47567297064540737,1.0303717256030385,2.7054586977251454,-0.8319842153373491,1.564843337566973,0.11818120602269026,0.14549385274327462,0.14412538296509786,0.13753481550001745,1.4126667052237298,0.048129103609455104,-0.08733329477627017,0,0,FOLLOWING,1.3635168178231842,0.16375812746190327,0
28.864,0.4722288522100923,1.031964739524543,2.709675184385784,-0.8404158278387968,1.5617918252790481,0.09621439261880546,0.1301756858912736,0.1185786743907712,0.13176542599119814,1.4155397546023785,0.048282878281757924,-0.08446024539762154,0,0,FOLLOWING,1.3783473001435544,0.1697578359021043,0
28.896,0.4694231588155546,1.0332465548214547,2.7134476178505054,-0.8488004673369782,1.5586149306833499,0.10732319570513173,0.13882284593569347,0.09639332747096517,0.11788873600141148,1.419057947690121,0.048895600571618125,-0.08094205230987894,0,0,FOLLOWING,1.4264571506047548,0.2881666499873843,0
28.928,0.4663345925572497,1.0346466785271935,2.71745617856854,-0.8571379655491058,1.555312908824354,0.13292319570513172,0.14568785774978268,0.10599683701805723,0.12526777332278247,1.4222070648933074,0.04932473542153293,-0.0777929351066926,0,0,FOLLOWING,1.459260484554766,0.3371310044426829,0
28.96,0.46251203176022143,1.036365603604505,2.7216803405640015,-0.8654281551385345,1.5518860247918849,0.15245200264754188,0.1474384720975,0.1310102518079756,0.1320053008729322,1.4244951543062252,0.049610366341350964,-0.0755048456937748,0,0,FOLLOWING,1.4592697667389196,0.3221847893696339,0
28.992,0.4580944019888616,1.0383304865421739,2.725950462513989,-0.8736708697181221,1.5483345536998354,0.17805200264754192,0.14334206564633206,0.15111353857211715,0.13344151801565177,1.426079551582636,0.049916955679608854,-0.0739204484173639,0,0,FOLLOWING,1.490164944337606,0.3631032129427516,0
29.024,0.45291988792155663,1.0406073023026041,2.7301106215854736,-0.8818659438535663,1.5446587806640795,0.19328699574522623,0.16023473342721348,0.1766871808037705,0.13000515840766003,1.4267869881471429,0.050410027283715575,-0.07321301185285711,0,0,FOLLOWING,1.4624075320598346,0.34056621963529,0
29.056,0.44726613417071986,1.0430658261294365,2.7347432109586993,-0.8900132130667271,1.5408590007795835,0.21888699574522627,0.17493665176575637,0.19267130635501284,0.14476868520061417,1.4269246992312117,0.0504978602885644,-0.07307530076878832,0,0,FOLLOWING,1.513903893117169,0.42465224977052396,0
29.088,0.44085923225856305,1.0458180566032387,2.739812571701791,-0.8981125138389245,1.5369355190967153,0.23759225092961894,0.16635133166399937,0.2179214842493691,0.15841787820820868,1.426198337824507,0.05022919803432657,-0.07380166217549311,0,0,FOLLOWING,1.4796387178591406,0.3231172704651074,0
29.12,0.433873511564288,1.0487761440231136,2.744631810689206,-0.9061636836142255,1.532888650596755,0.25833844118160876,0.16975500371460633,0.23707563430586004,0.15060155626396887,1.4248033560751152,0.05028322854809408,-0.07519664392488479,0,0,FOLLOWING,1.505112354728478,0.3826700288571329,0
29.152,0.42626032074635367,1.0519564903168457,2.7495506618297068,-0.9141665608027014,1.5287187201666068,0.23544291498714065,0.18476767544305184,0.25784255302238246,0.15371445681472645,1.422689863811028,0.05031655963053927,-0.07731013618897209,0,0,FOLLOWING,1.4364234092162846,0.29349474497819433,0
29.184,0.4192450740703394,1.0548422147800378,2.754897384645184,-0.9221209847836755,1.5244260625727177,0.2221796396561669,0.19487189027729418,0.23702011666870712,0.16708555665575733,1.4211867906624136,0.049950232542021133,-0.0788132093375864,0,0,FOLLOWING,1.4453440911897837,0.3031592347382796,0
29.216,0.4126244444505483,1.0575228662799825,2.7605272225147885,-0.930026795908943,1.520011022434203,0.20002966903973374,0.21156751320605732,0.223190697690588,0.17593291994994395,1.4200731135479647,0.04933551569256078,-0.07992688645203527,0,0,FOLLOWING,1.4240945461286285,0.29659844286919035,0
29.248,0.4066391639207792,1.059903722165755,2.7666490024124286,-0.937883835505978,1.515473954195177,0.18454051711011424,0.22863197043148048,0.2012724480628512,0.1913062209446392,1.4196078093258238,0.04825060895521327,-0.08039219067417624,0,0,FOLLOWING,1.4279080779434001,0.31243515247790604,0
29.28,0.40111618588660247,1.0620601846018591,2.7732539354332744,-0.945691945881117,1.5108152220963005,0.18745160933147273,0.2509843855662722,0.18526909501974892,0.2064048999859999,1.4196031936679674,0.04670912557258111,-0.08039680633203261,0,0,FOLLOWING,1.4552398496524581,0.37175910729760014,0
29.312,0.39552192944683096,1.0642023029176766,2.7804949147633784,-0.9534509703227232,1.5060352001455382,0.19450384216812405,0.26864076650537827,0.18720175523709118,0.22628159176916526,1.4194872994801488,0.044576699494530914,-0.08051270051985115,0,0,FOLLOWING,1.464206854761984,0.38113159145431175,0
29.344,0.38970700152274973,1.0663807501759013,2.788245240531627,-0.9611607531043327,1.501134272088133,0.17479674833231046,0.267547214244011,0.1940559781273496,0.24219888971418785,1.4191033490575324,0.041982819772278024,-0.08089665094246756,0,0,FOLLOWING,1.4203362512871283,0.2803825250604576,0
29.376,0.3844257388055545,1.06830851553072,2.7959841052357466,-0.9688211394877806,1.496112831375799,0.1693179058744856,0.26994314262742247,0.17567556133643608,0.24184071450094136,1.4192581323587097,0.039418460800828566,-0.08074186764129032,0,0,FOLLOWING,1.4395301208913494,0.3178044877738056,0
29.408,0.3793180560174864,1.0701284506376343,2.8037711543811468,-0.9764319757263049,1.4909712811351334,0.16886533504050222,0.27555711436146535,0.16944127289069089,0.24334651201255256,1.4195657211113681,0.03683881640439912,-0.08043427888863186,0,0,FOLLOWING,1.4469635506887315,0.338697060010282,0
29.44,0.37421863887640977,1.071900508460262,2.8117197092327295,-0.983993109067633,1.485710034135255,0.15698463792110823,0.2799752933684966,0.16870615370672534,0.2483936468978865,1.4198512160760277,0.034135148221502654,-0.08014878392397229,0,0,FOLLOWING,1.4267657671537939,0.31293951957435534,0
29.472,0.369447163523247,1.0735138638898802,2.819807237139364,-0.9915043877570491,1.4803295127546647,0.13345969414335523,0.2786622849944424,0.15739462428018486,0.2527366186303077,1.4204534829037945,0.0313197344194478,-0.07954651709620553,0,0,FOLLOWING,1.4015509151641068,0.2722225952586973,0
29.504,0.3653570476813684,1.0748553290170002,2.827881339205906,-0.9989656610404363,1.4748301489473379,0.12886482711095976,0.265401104403429,0.13450004272421978,0.25231704993109233,1.4217441085203442,0.028534769823596928,-0.07825589147965584,0,0,FOLLOWING,1.4294827915469988,0.2750310621593568,0
29.536,0.361431012525981,1.0761097345597992,2.8355392663615007,-1.006376779167307,1.469212384208047,0.15105599326984392,0.26268362883332014,0.12880030446757887,0.23931141927637056,1.4231752696619424,0.026199518299284463,-0.07682473033805759,0,0,FOLLOWING,1.4760277413561131,0.36417547310677956,0
29.568,0.3568643574576301,1.0775371205010595,2.843156253151842,-1.0137375933938038,1.4634766695369157,0.1766559932698439,0.2530888198912016,0.1495391315343149,0.23803201801591423,1.4239027506075532,0.02395948027612116,-0.07609724939244678,0,0,FOLLOWING,1.4959000515128407,0.3757663178044396,0
29.6,0.35153593873177535,1.0791617348366898,2.850668599470399,-1.0210479559856886,1.4576234654032145,0.1705491870091511,0.23698826838240894,0.17410194948824836,0.23476192693532996,1.4238047020364735,0.021879854525808096,-0.07619529796352653,0,0,FOLLOWING,1.4431306284613907,0.2710304664909143,0
29.632,0.34629552954499965,1.0807130345036522,2.857506420284621,-1.0283077202213047,1.4516532417083932,0.16720264675965057,0.22059369009148094,0.17078236289258972,0.21368273867700222,1.423773413008257,0.02051182501979998,-0.0762265869917429,0,0,FOLLOWING,1.4505604874304543,0.276270750398456,0
29.664,0.3411471132178664,1.0821985083398,2.8638713865294396,-1.035516740394523,1.4455664777483563,0.1696674913389691,0.20895846117080524,0.16744599528547935,0.1989058670937968,1.4238116613636131,0.019658560485725562,-0.07618833863638685,0,0,FOLLOWING,1.4602841885733124,0.29599537181872815,0
29.696,0.3359228698014109,1.0836705782356555,2.8699021079665927,-1.0426748718176695,1.4393636621749824,0.1579188544966371,0.20846788544987865,0.16961530710016268,0.18846061531116373,1.4237448167278777,0.01918664778095458,-0.07625518327212233,0,0,FOLLOWING,1.4359293590841016,0.28403865425063796,0
29.728,0.3310294154542289,1.0850157945581433,2.8759368107671754,-1.049781970824422,1.4330452929568993,0.16378312471944995,0.19824306028216457,0.15858308481289551,0.18858503488432415,1.4239960028850007,0.01875143217827091,-0.07600399711499928,0,0,FOLLOWING,1.4643032096321753,0.3002014179787534,0
29.76,0.32597810334696525,1.0863745015919504,2.8816681485809372,-1.0568378947726997,1.426611877339504,0.16862443317634448,0.19185131503063402,0.16346827231335195,0.17910479892890235,1.4240581296110308,0.01866999907223832,-0.07594187038896916,0,0,FOLLOWING,1.4654011193581362,0.3050049775549948,0
29.792,0.32076881611232705,1.087744771804058,2.887214888778726,-1.0638425020475224,1.4200639318042405,0.1690824355149456,0.18597747149844335,0.16833160119757967,0.17333607519512512,1.4239327675419169,0.018824286470393137,-0.07606723245808311,0,0,FOLLOWING,1.4602837216618194,0.2942048201557834,0
29.824,0.31552860863513127,1.0890921128511124,2.8925815914338644,-1.0707956520638566,1.4134019820271362,0.14708355276963958,0.19508947197535279,0.16908227017227534,0.16770985972570987,1.4237527338156597,0.019208533655559194,-0.0762472661843403,0,0,FOLLOWING,1.419530765476733,0.280192806247609,0
29.856,0.3109218481418632,1.0902459523509798,2.8982655421465453,-1.0776972052694331,1.4066265628366,0.12148355276963958,0.19257787214350586,0.14839026946768147,0.17762393712645663,1.4242048891181838,0.019312777859082253,-0.07579511088181623,0,0,FOLLOWING,1.3944846105601365,0.2250761068693684,0
29.888,0.3070977659157065,1.0911771218930728,2.9038960093134873,-1.0845470231475498,1.3997382181704863,0.10317551005834076,0.19174662488666938,0.12297553820863612,0.17595256602851722,1.4254420960048972,0.019502492697816898,-0.07455790399510276,0,0,FOLLOWING,1.4184576896165542,0.25552945419877426,0
29.92,0.3038595601058412,1.0919458876171682,2.909470217170897,-1.0913449682198526,1.3927375010324266,0.08386919840987048,0.18532289485158038,0.10399653208646663,0.1741944717195668,1.4272600570889231,0.019782776172498906,-0.07273994291107688,0,0,FOLLOWING,1.4023250035764194,0.2205022593940208,0
29.952,0.30122145351696156,1.0925546373088666,2.9148608313707984,-1.098090904049092,1.3856249734474337,0.07039624782546718,0.17771872195401386,0.08459914508870875,0.16845713581289776,1.42967314305104,0.02027716097179555,-0.0703268569489599,0,0,FOLLOWING,1.4071102342791517,0.21909090863510566,0
29.984,0.29901582473039867,1.0930508757600292,2.9200081951045997,-1.104784695241865,1.3784012064167823,0.0716040620013073,0.16279287457182218,0.07064684829499217,0.1608555240439073,1.4325085378734452,0.021046791730177095,-0.06749146212655477,0,0,FOLLOWING,1.431053023595384,0.22462413144615034,0
30.016000000000002,0.29679574395098507,1.093540599628833,2.9247052186671025,-1.1114262074513288,1.3710667798721676,0.07910337386697674,0.17018020889412858,0.0710557561664264,0.14678231148322285,1.4353082752955189,0.02230537693718082,-0.06469172470448115,0,0,FOLLOWING,1.442923107448294,0.2918278486598405,0
30.048000000000002,0.29434632561414226,1.0940710181573816,2.9296149699292138,-1.1180153073799,1.3636222826291489,0.0870128394993365,0.16817550746326818,0.07833287243935154,0.15343007074128928,1.437853701366007,0.023394082770581637,-0.0621462986339929,0,0,FOLLOWING,1.4484944881271007,0.27277812970300924,0
30.080000000000002,0.2916437981348637,1.0946441241287073,2.9344682755549125,-1.1245518627819289,1.356068312339877,0.08308513874744172,0.17006980744692365,0.0863443936918076,0.1516661134037671,1.4401224795764491,0.02458317918333952,-0.05987752042355088,0,0,FOLLOWING,1.4311947193296504,0.2575905563255437,0
30.112000000000002,0.28904142346515377,1.0951829512700773,2.9393755860869124,-1.1310357424663522,1.348405475445116,0.07476794891052091,0.18525682266619548,0.08304972811945668,0.1533537667758608,1.4424773148821564,0.02575572739538501,-0.05752268511784364,0,0,FOLLOWING,1.4215763024489692,0.28831065251937416,0
30.144000000000002,0.28668948731088484,1.095657471509696,2.944720073970033,-1.1374668162993302,1.340634387125557,0.04997530914502761,0.21201457629084838,0.07497506870517852,0.16701564750878672,1.4450726162713665,0.02652421830099394,-0.05492738372863348,0,0,FOLLOWING,1.386688708881128,0.3092844876203469,0
30.176000000000002,0.28508013205973626,1.0959687655175696,2.9508924586321164,-1.1438449552068533,1.3327556712524302,0.024375309145027613,0.2295351170969625,0.05120849926015457,0.19288762904550041,1.4484111791018877,0.026482656736334764,-0.05158882089811234,0,0,FOLLOWING,1.3579096559853592,0.28292090450892193,0
30.208000000000002,0.2842724635795502,1.0961148534083163,2.957582975792396,-1.1501700311773373,1.3247699603374201,0.0,0.2470736921914499,0.025633941056928098,0.20907944715549012,1.452552384146308,0.025936112584656446,-0.04744761585369206,0,0,FOLLOWING,1.3619116284972383,0.2946982240365358,0
30.240000000000002,0.2842379489506025,1.0961123630171257,2.964774353944084,-1.15644191726419,1.3166778954818872,0.0,0.2443269305208167,0.0010368386718392134,0.2247315638447178,1.4574661680561016,0.02489968748981486,-0.04253383194389837,0,0,FOLLOWING,1.3736397737055246,0.2404883829486896,0
30.272000000000002,0.2842537943899142,1.0961041718668707,2.971820655126182,-1.1626604875883584,1.308480126325399,0.0,0.23619185046445831,-0.0005214034521472783,0.22019789448429233,1.4624173431086185,0.02403410984439613,-0.037582656891381516,0,0,FOLLOWING,1.3954654212047226,0.23465027021358048,0
30.304000000000002,0.2842702287034314,1.0960971275297198,2.9786329384539205,-1.1688256173408575,1.3001773109935768,0.0,0.23467590176245942,-0.0005324128081987816,0.2128847201662467,1.4673568956030463,0.023427261977920555,-0.032643104396953726,0,0,FOLLOWING,1.3754695673680093,0.2423686696285946,0
30.336000000000002,0.28428375602621403,1.096091553312956,2.985401557074196,-1.1749371827852753,1.2917701160452608,0.0,0.24432125633917035,-0.0004364353317932388,0.21152016558477052,1.4722825300121116,0.022888361023084336,-0.027717469987888377,0,0,FOLLOWING,1.3516447605146469,0.2759102693039845,0
30.368000000000002,0.2842946175362806,1.0960871824260954,2.992447865351667,-1.180995061260253,1.2832592164189975,0.0,0.256030322242369,-0.00034935417483776304,0.2201980606886855,1.4771957260622877,0.02209559629465785,-0.022804273937712338,0,0,FOLLOWING,1.3856813952722777,0.2999577493502706,0
30.400000000000002,0.28430331299977996,1.0960837635843663,2.999831502577263,-1.1869991311819499,1.274645295378855,0.0,0.251603123072164,-0.0002788399108406595,0.23073972126895959,1.4820982095974362,0.020988889282071543,-0.01790179040256379,0,0,FOLLOWING,1.4054311291256814,0.2653520588611638,0
30.432000000000002,0.28431027923273705,1.0960811004557138,3.007088050746624,-1.1929492720464818,1.26592904445957,0.0,0.23894633689790437,-0.00022269179866126357,0.22676813111984548,1.4869916294075147,0.020032231733718042,-0.013008370592485274,0,0,FOLLOWING,1.4521186300509048,0.2849892569074503,0
30.464000000000002,0.2843158618948533,1.0960790294248046,3.013980203395242,-1.1988453644323416,1.2571111634110335,0.0,0.22844943927617734,-0.00017792911831999593,0.21538062620679138,1.4918775323251396,0.01946250106390801,-0.008122467674860356,0,0,FOLLOWING,1.4356605367756867,0.2615769841574669,0
30.496000000000002,0.2843203340120633,1.0960774178896844,3.0205698974370647,-1.2046872900027958,1.248192360142104,0.0,0.22058376992365647,-0.00014214187421375315,0.20592868595725133,1.496757381819389,0.019217330554383683,-0.00324261818061089,0,0,FOLLOWING,1.4289014557746649,0.25527463959235014,0
30.528000000000002,0.2843239150328004,1.096076163207883,3.0269329098961473,-1.2104749315082568,1.2391733506637905,0.025599999999999998,0.2227903015528099,-0.00011352892613571842,0.19884481139352206,1.5016325771234007,0.01922051464293517,0.0016325771234007025,0,0,FOLLOWING,1.4916651208987113,0.35276761079906827,0
30.560000000000002,0.28357799428122504,1.096164561742165,3.033514903648817,-1.216208172788639,1.23005485903176,0.05119999999999998,0.22042466202058428,0.02349300924111604,0.20568804607990882,1.5057506960457996,0.019040855933307732,0.005750696045799586,0,0,FOLLOWING,1.5055191102852468,0.35308701604035725,0
30.592000000000002,0.2820775997447434,1.096329489648677,3.0403615100683936,-1.2218868987756881,1.2208376172882125,0.07679999999999998,0.21127729631079226,0.04718596408387639,0.2139572874582205,1.5091095012152418,0.01863288550995712,0.009109501215241789,0,0,FOLLOWING,1.5079005021851977,0.3307987668710675,0
30.624000000000002,0.2797909685981299,1.0965630172171505,3.047119878278889,-1.2275109954952939,1.2115223654031124,0.10239999999999996,0.20276788084053424,0.07184205409907789,0.2111998275654484,1.5116794841153445,0.018351848566835027,0.011679484115344474,0,0,FOLLOWING,1.5257591904139356,0.3495964523550036,0
30.656000000000002,0.276678223164645,1.0968580060305895,3.053606470144389,-1.2330803500697738,1.2021098512147823,0.12799999999999997,0.1996058691347926,0.09772011201829313,0.20270674542289754,1.5134229086311286,0.018384439593614132,0.013422908631128605,0,0,FOLLOWING,1.520900967915212,0.3466051526576823,0
30.688000000000002,0.2727408092905575,1.0972039711598078,3.0599919381779768,-1.238594850720141,1.192600830369866,0.1536,0.21556355074612427,0.12352642207322838,0.19954661529413842,1.5143434346168365,0.01856345052947983,0.014343434616836515,0,0,FOLLOWING,1.4772629438171203,0.3461982896213764,0
30.72,0.2679904994890199,1.0975895436640868,3.0668877561276666,-1.244054386768346,1.1829960662626642,0.17434934595066642,0.20970818897286342,0.14894046099794764,0.2154952472984769,1.5144550215042478,0.018280734214500605,0.014455021504247823,0,0,FOLLOWING,1.5065908674336626,0.32265600200218,0
30.752,0.26255670593759395,1.0979913820075768,3.0735666198799243,-1.2494588486395006,1.1732963299738481,0.18830297713407607,0.19464349528123415,0.17026992398367327,0.20871538561807865,1.5138896500310985,0.018262804570351236,0.013889650031098544,0,0,FOLLOWING,1.5158372763188486,0.3086206801301945,0
30.784,0.25656807034334744,1.0983917107681627,3.0793146427952265,-1.2548081278640746,1.163502400208557,0.19349288914475785,0.17828508853287073,0.18755956367026033,0.17962633504288436,1.5127780453150834,0.019224233569107074,0.01277804531508342,0,0,FOLLOWING,1.5062620318863573,0.2840894097098717,0
30.816,0.2503702877128532,1.098767349297836,3.084462416342642,-1.260102117080073,1.1536150632338826,0.21591053359351806,0.15179923949054203,0.19402513742336944,0.16086837594197503,1.5114678816848661,0.020834554773554448,0.011467881684866121,0,0,FOLLOWING,1.5370270351110444,0.30533839314128974,0
30.848,0.24353074641018407,1.0991499125640538,3.0891170869140336,-1.2653407100351926,1.1436351128157483,0.2257447614679841,0.1254625868901097,0.21407137004304064,0.14545875258108673,1.5095270799548532,0.023001672309515886,0.009527079954853246,0,0,FOLLOWING,1.524144159389335,0.2729659029150209,0
30.88,0.23630936170980485,1.0995169502883322,3.0927437558613793,-1.2705238015889542,1.1335633501551776,0.23252342086557293,0.11409205536736118,0.22595518861195693,0.11333358377682523,1.5072177478257207,0.026258070362704444,0.007217747825720711,0,0,FOLLOWING,1.521393412280241,0.28996433399014854,0
30.912,0.22886399535054675,1.0998686902679402,3.096041734373245,-1.27565128771481,1.1234005838239842,0.21734003158979198,0.1295767615050386,0.232919428655058,0.10306193201938904,1.5046993011866403,0.029911347332084667,0.004699301186640303,0,0,FOLLOWING,1.484577409198759,0.30664489034984355,0
30.944,0.22187458347490152,1.1001754063019002,3.0997839100443483,-1.2807230655022357,1.1131476296998515,0.2322025102141125,0.14115336383049432,0.21860530780560866,0.11694313490962756,1.5026536438219906,0.033175759766460367,0.0026536438219906255,0,0,FOLLOWING,1.5290265669613252,0.3610850685413571,0
30.976,0.21445546751712485,1.1004740580735963,3.1038596460655072,-1.2857390331587917,1.102805310900834,0.24876800340073715,0.15481992193651836,0.2320374260830307,0.12736692628401527,1.5001963120198658,0.03617904172206732,0.00019631201986580749,0,0,FOLLOWING,1.5360143147417866,0.379862562708274,0
31.008,0.206510426161318,1.1007621639872696,3.108329277152576,-1.2906990900121693,1.0923744577192782,0.2614854746922079,0.18526791095127343,0.24845050504044405,0.13967621316178716,1.4972330109027405,0.038865543956074576,-0.0027669890972594757,0,0,FOLLOWING,1.5330342334057991,0.4272599853196762,0
31.04,0.19815053890857523,1.1010280175022575,3.1136758941902225,-1.2956031365122103,1.0818559075551644,0.2638204287678531,0.2265343975058808,0.2613785987421033,0.16708220690722297,1.4938767059677076,0.04075090843220799,-0.006123294032292392,0,0,FOLLOWING,1.5176366092026186,0.45586972497162576,0
31.072,0.18969896666066663,1.1012505322368817,3.1202112885323054,-1.3004510742329036,1.07125050484888,0.2580270871362048,0.2541410795217204,0.2641931398430616,0.20423185343994243,1.4904519938657501,0.04151086509705173,-0.009548006134249887,0,0,FOLLOWING,1.5039828712577779,0.4201116488651673,0
31.104,0.1814209468487189,1.101412134781491,3.1275426313424353,-1.3052428058743635,1.0605591010134272,0.2790372437689513,0.2741086096503357,0.2587209251317588,0.22910555092684273,1.48722496080073,0.04152278143694523,-0.012775039199270033,0,0,FOLLOWING,1.5454015820992566,0.46325531635994055,0
31.136,0.17250952019301158,1.1015197509441985,3.135450795922534,-1.3099782352647802,1.049782554366069,0.25711041889541425,0.2895630668198596,0.2785077032587658,0.24713147669200225,1.48339026644779,0.041026602967485525,-0.01660973355220996,0,0,FOLLOWING,1.4802060166793538,0.38517927537524654,0
31.168,0.16423967314997467,1.101550549113696,-3.1393815327248693,-1.31465726736235,1.0389217300594256,0.23151041889541424,0.2839578521352775,0.25840647013957196,0.26103216308479804,1.4802224595083155,0.04011192305865929,-0.019777540491684453,0,0,FOLLOWING,1.4475682205676348,0.2990761739809821,0
31.2,0.15669686348424772,1.1015119058817067,-3.1307222007567006,-1.3192798082571846,1.027977500012016,0.20591041889541423,0.2839173482608351,0.23568949319648055,0.27060582247518433,1.4778073096217668,0.03890923366141275,-0.022192690378233237,0,0,FOLLOWING,1.433001624609801,0.30963252947850356,0
31.232,0.14990983877342925,1.1014163822922596,-3.1217146837490883,-1.3238457651731936,1.016950742838261,0.18031041889541422,0.2712515047385827,0.21209306292792032,0.28148679261781184,1.4761741172410685,0.037372592446418995,-0.023825882758931494,0,0,FOLLOWING,1.4176160259550445,0.26151512416449635,0
31.264,0.1439399108329788,1.1012769012413135,-3.113037902473073,-1.3283550464699498,1.0058423437779471,0.15471041889541423,0.2681695345239028,0.18659197135844294,0.27115110063933223,1.4753847620393337,0.036174963209773196,-0.024615237960666336,0,0,FOLLOWING,1.425433007565509,0.2986277360013668,0
31.296,0.13879716283295043,1.1011108549416186,-3.104459370073999,-1.3328075616445245,0.9946531946251579,0.12911041889541422,0.25512583079067225,0.16077906335063064,0.2680807977224869,1.47545033753918,0.035082123901626794,-0.02454966246081991,0,0,FOLLOWING,1.424004983614371,0.2668443694300903,0
31.328,0.1344872422098798,1.1009329738148648,-3.0962972558265336,-1.337203221333307,0.9833841936566806,0.10351041889541421,0.24341938381666067,0.13478749270414386,0.255067536382277,1.4763775046378338,0.03440869662930801,-0.023622495362166207,0,0,FOLLOWING,1.3890745736134573,0.24603157648616272,0
31.36,0.13100848291173603,1.1007586365992197,-3.088509320901797,-1.3415419373137962,0.972036245559891,0.07791041889541421,0.24831445156486862,0.10883832090016442,0.24337428639637132,1.4781658208946902,0.03410961845067639,-0.021834179105309826,0,0,FOLLOWING,1.4373441770775555,0.332947427332874,0
31.392,0.12834949468989376,1.1006021840712579,-3.0805649694226642,-1.3458236225063729,0.9606102613601236,0.08903376603553177,0.25088695097634656,0.08323008131503627,0.2482624152982862,1.4808052261822005,0.03365140673831802,-0.01919477381779955,0,0,FOLLOWING,1.4737289313271207,0.3669453068022602,0
31.424,0.12554023498286238,1.1004127277226294,-3.0733336530822286,-1.3500481909760458,0.949107158347535,0.11221836464274311,0.26612085599778057,0.08800828001633754,0.22597976135340764,1.4833255132127305,0.03392301562411859,-0.01667448678726946,0,0,FOLLOWING,1.4857786019008956,0.4179361318569473,0
31.456,0.12201264921639998,1.1001554491535153,-3.065663012124855,-1.3542155579341784,0.937527860003462,0.1216217699658891,0.2799217345335737,0.11056055155267173,0.23970880554832463,1.4851590663426493,0.03379217937439227,-0.01484093365735073,0,0,FOLLOWING,1.4706574929520337,0.4023633604906951,0
31.488,0.11815978067424858,1.0998472591404824,-3.0575938912288674,-1.3583256397401882,0.925873295926283,0.10948958118801201,0.29547760457107175,0.12080131445505489,0.2521614196843636,1.4866997466108787,0.03329021238919738,-0.01330025338912133,0,0,FOLLOWING,1.4356101999286497,0.38438935850019373,0
31.52,0.11465971920834807,1.0995378132530162,-3.049076606799852,-1.3623783539032277,0.9141444017567899,0.10298899426873312,0.2929101719559787,0.10979723485613944,0.2661667484198605,1.4886276184618388,0.03234797725684757,-0.011372381538161225,0,0,FOLLOWING,1.4432224665196758,0.3396192670629144,0
31.552,0.11137610045758664,1.099218545880042,-3.040632583767126,-1.3663736190838387,0.9023421191030736,0.11743285299640484,0.2788875324484072,0.10309457207631163,0.26387729192246573,1.4908066813055367,0.03148716116368134,-0.00919331869446327,0,0,FOLLOWING,1.479413203136847,0.3422208460451921,0
31.584,0.1076651233367013,1.0988282914389047,-3.0325913450707573,-1.3703113550955845,0.8904673954649299,0.12291391114086504,0.2846997354203335,0.11662189158619371,0.25129007335772324,1.4925912815537208,0.031052859697209723,-0.007408718446279217,0,0,FOLLOWING,1.4677579848729059,0.38264476428729705,0
31.616,0.10376817503108478,1.0983877148693826,-3.0243826580623105,-1.3741914829066606,0.8785211841577946,0.11931498025423343,0.2821295422874133,0.12256104225637092,0.2565229103729276,1.4942242274232496,0.030470494706865914,-0.0057757725767504375,0,0,FOLLOWING,1.4548211528330373,0.34594056515758204,0
31.648,0.09997362026200039,1.0979267128411938,-3.0162476455915446,-1.3780139246414795,0.8665044442362113,0.11702698674776872,0.2876753843991588,0.1194484271821311,0.25422054136791766,1.4959958052401392,0.02997317867897875,-0.004004194759860802,0,0,FOLLOWING,1.455173640890319,0.37253707382670637,0
31.68,0.09625681434788655,1.0974440979524813,-3.0079529342882583,-1.3817786035822364,0.8544181404168288,0.10123791756536928,0.30246463334573453,0.11712261962383916,0.25921121418726184,1.497881942174347,0.029327076775458316,-0.002118057825652997,0,0,FOLLOWING,1.4287850882637136,0.38718052849950835,0
31.712,0.09302699037363515,1.0969955403746756,-2.9992327268357832,-1.3854854441704445,0.8422632430009668,0.09876343364561649,0.30591663351622,0.1018880562393933,0.27250820681726706,1.500295824971445,0.02825466216450412,0.0002958249714450911,0,0,FOLLOWING,1.4480353969805349,0.37290652926037005,0
31.744,0.08989999353138309,1.0965330841212462,-2.990412635797911,-1.3891343720084555,0.8300407277967093,0.0961913191144267,0.3044213669967833,0.09878064108490496,0.27562963516801836,1.502850900930374,0.027087229544450864,0.0028509009303741006,0,0,FOLLOWING,1.4478380942133091,0.35923956862984024,0
31.776,0.08685997375134773,1.0960558934338698,-2.9816353394317807,-1.3927253138609497,0.8177515760405684,0.12179131911442671,0.3014867454014212,0.09616389984015508,0.2742922760650116,1.5055317719658117,0.025966490826464295,0.0055317719658116715,0,0,FOLLOWING,1.5056556728982422,0.417408892520479,0
31.808,0.08307458095029566,1.0954290263681068,-2.972832313222257,-1.3962581976564086,0.8053967743187092,0.14238000938892614,0.2941091740713393,0.11992563211052197,0.27509634805842154,1.5074959957124523,0.024840171810043277,0.007495995712452297,0,0,FOLLOWING,1.4905289807169153,0.381761651174441,0
31.84,0.07862410397231755,1.0946549779503578,-2.964299711915375,-1.3997329524885602,0.7929773144877458,0.16798000938892618,0.28746474302071734,0.1411802564746004,0.26664540711499196,1.508823713698831,0.024006076024693623,0.008823713698830948,0,0,FOLLOWING,1.5143762811496322,0.40979778246432946,0
31.872,0.07341831626670953,1.093705540019909,-2.955724983715051,-1.4031495086178012,0.7804941935951144,0.18824149419481156,0.2867764513050324,0.16537772344235616,0.26796190798322467,1.5094217068180145,0.023155266211596803,0.009421706818014464,0,0,FOLLOWING,1.5126618361993205,0.4205747299875563,0
31.904,0.06752746899773987,1.0925805249257092,-2.9474123851985388,-1.406507797472599,0.7679484137990287,0.21048862475343785,0.2735214413157259,0.18742411482921478,0.25977023472419664,1.509359458304366,0.022592852937682206,0.009359458304365909,0,0,FOLLOWING,1.5244443800306706,0.39938301481825333,0
31.936,0.060951992057873695,1.091268752902329,-2.939440481148227,-1.409807751650865,0.7553409822880255,0.2012873760506421,0.2697946707440488,0.2095385793029125,0.24912337790638545,1.5086357051270165,0.02240010859399799,0.008635705127016502,0,0,FOLLOWING,1.4783907867714148,0.36349079853108596,0
31.968,0.05461559672703154,1.0899516266216658,-2.931656024286915,-1.4130493049213095,0.7426729112001071,0.22688737605064208,0.2570533290608312,0.20222544400988016,0.24326558400420376,1.5081918875644713,0.02240989472116306,0.008191887564471312,0,0,FOLLOWING,1.5341150217272888,0.4090754984128264,0
32.0,0.04757128152320593,1.0884299071964545,-2.9240545098189346,-1.4162323922247713,0.7299452175414856,0.24437884255532147,0.26178915094263744,0.22522002293011475,0.23754850242379852,1.507060870700017,0.02263425446976397,0.007060870700017041,0,0,FOLLOWING,1.5270429259924603,0.4408404910024227,0
32.032000000000004,0.03994894853926799,1.0867246903284005,-2.9164991372353417,-1.4193569496755218,0.7171589231049359,0.26997884255532145,0.26360930815894673,0.24408840215642214,0.23610655972295058,1.5053745583302325,0.022939400853247083,0.005374558330232482,0,0,FOLLOWING,1.565755899404189,0.48863753413102096,0
32.064,0.03156879674394039,1.0847835993490875,-2.908782144755958,-1.4224229145625475,0.7043150543877638,0.29557884255532146,0.2704100266369451,0.2688188325961199,0.2411572720423384,1.5029465094450156,0.023122799802523186,0.0029465094450156215,0,0,FOLLOWING,1.5812907138812724,0.5228599773784229,0
32.096000000000004,0.022415099986838372,1.08258987190015,-2.9008159930573654,-1.4254302253508087,0.6914146425094092,0.3211788425553215,0.25550902672609555,0.294156572458035,0.24894364595343066,1.499758029213705,0.02310060536093017,-0.00024197078629506485,0,0,FOLLOWING,1.5451729052336587,0.41375324423591975,0
32.128,0.012529024843028785,1.0801377634154787,-2.893022651910542,-1.428378821682478,0.6784587231286421,0.3183394329048961,0.2505461402842842,0.31830220363121875,0.24354327322968847,1.4958480783771217,0.02329592998097718,-0.004151921622878252,0,0,FOLLOWING,1.50946018214771,0.38733303453723916,0
32.160000000000004,0.0026357451924557992,1.0776004747703762,-2.8857879988149753,-1.4312686443781453,0.6654483363604438,0.3104203152663262,0.24345281257453574,0.3191523649643765,0.22608404761844347,1.4919621924250355,0.024083731452644752,-0.008037807574964528,0,0,FOLLOWING,1.5133285992427195,0.38826696252396126,0
32.192,-0.007001747588879967,1.0750527435456239,-2.8787595407497353,-1.4340996354380104,0.6523845266924929,0.28678903276485884,0.22692136644018163,0.3114949160721687,0.21964030090801182,1.4883738787822283,0.025109213006746067,-0.011626121217771734,0,0,FOLLOWING,1.4839311179533605,0.3224812455070005,0
32.224000000000004,-0.015927457878002232,1.072623269752729,-2.8720943717137772,-1.4368717380430454,0.6392683429013152,0.26118903276485883,0.22036379590872446,0.28904606390115495,0.2082873384140844,1.4855568450786885,0.026518034404629635,-0.01444315492131154,0,0,FOLLOWING,1.4428081473728516,0.30364238456593867,0
32.256,-0.024088034594798094,1.0703414813976861,-2.8653785801843137,-1.4395848965561355,0.6261008379680866,0.2355890327648588,0.22173416902442622,0.2647730798233057,0.209869275570949,1.4835703945203067,0.027891824490098305,-0.0164296054796933,0,0,FOLLOWING,1.4152525782958993,0.30896017863927766,0
32.288000000000004,-0.0314620994184392,1.0682242316549873,-2.8585009274524524,-1.4422390565231948,0.6128830689940992,0.2099890327648588,0.22368804212824323,0.23972810750592166,0.21492749893586027,1.4824396099373232,0.029112061939486455,-0.017560390062676845,0,0,FOLLOWING,1.4142077693761097,0.3143948867049495,0
32.32,-0.03804302724137249,1.0662836836953,-2.851494081021342,-1.4448341646742602,0.5996160971158953,0.18438903276485882,0.22841301135543793,0.2143907611173574,0.2189648665410872,1.482174058848543,0.030203653778630102,-0.01782594115145697,0,0,FOLLOWING,1.4848851207992217,0.4003366128650502,0
32.352000000000004,-0.04382009381266777,1.0645340180720069,-2.844354983597351,-1.44737016892456,0.5863009874200787,0.18044470804723792,0.23410964037235324,0.18861697750038187,0.22309778449337284,1.4827877949838697,0.031155949913970197,-0.0172122050161303,0,0,FOLLOWING,1.479078311510216,0.39731130175629875,0
32.384,-0.04932967335003602,1.0628227003818822,-2.837605021898077,-1.4498470183755603,0.5729388088578089,0.1688193212574771,0.2549258402022448,0.1802913013662092,0.2109371780818372,1.4837233774838603,0.032498139581266454,-0.016276622516139705,0,0,FOLLOWING,1.448354337671734,0.41380506962812064,0
32.416000000000004,-0.05447754040385279,1.061185475435865,-2.8302565186317157,-1.4522646633159844,0.5595306341589834,0.17819509853842536,0.2645088786621807,0.16881064330006806,0.2296418300625681,1.4850812842250445,0.03323836396832914,-0.014918715774955515,0,0,FOLLOWING,1.481567390491514,0.4240436957893119,0
32.448,-0.05987222727344082,1.0594290599704075,-2.822630533707479,-1.4546230552228128,0.5460775397461187,0.19093601332434365,0.2662122045618136,0.17730950834351672,0.23831324457242925,1.486223285843028,0.033710031813176666,-0.013776714156972014,0,0,FOLLOWING,1.491483462655869,0.41614140196615274,0
32.480000000000004,-0.06563928841196245,1.0575046260575178,-2.814953965327691,-1.4569221467622548,0.5325806056479362,0.2066313078555349,0.2568458086889743,0.1900055174746768,0.2398939626108965,1.4870148685007551,0.034142488390670245,-0.01298513149924485,0,0,FOLLOWING,1.5021691509270565,0.39859397445701317,0
32.512,-0.07186848495745503,1.0553744419477726,-2.8075455544660026,-1.459161891790703,0.5190409154126434,0.22332148773107194,0.2684621108475706,0.20574456224748228,0.23151390220352264,1.4873589507340208,0.03485814715548052,-0.012641049265979198,0,0,FOLLOWING,1.5072301211424495,0.45910572454981113,0
32.544000000000004,-0.07859019207878448,1.0530214959280864,-2.799801936445573,-1.4613422453556515,0.5054595560209746,0.2408254488370686,0.2721167593676305,0.2225627254890217,0.24198927129682532,1.4872213415884774,0.0352577130022258,-0.012778658411522592,0,0,FOLLOWING,1.5145693169160397,0.45007433505978856,0
32.576,-0.0858246637880315,1.0504269945247464,-2.7919514795060287,-1.463463163696607,0.4918376177988866,0.26642544883706853,0.29470518545216146,0.24018504968124782,0.24532804588945492,1.4865765800056632,0.03557074441961161,-0.013423419994336827,0,0,FOLLOWING,1.5318564016741725,0.5276954755603507,0
32.608000000000004,-0.09380152338768089,1.0474967266862294,-2.783448895264182,-1.4655246042459593,0.4781761943300695,0.291490976466493,0.30925087825228126,0.2655751292185607,0.265707375983535,1.485176783794316,0.03526088956792695,-0.014823216205684053,0,0,FOLLOWING,1.5381197120499424,0.5223115950986168,0
32.64,-0.1025090436640671,1.0442142218926043,-2.774524895746453,-1.4675265256298435,0.46447638236810945,0.2913615984580769,0.32203621590100995,0.29080944852049784,0.27887689720660525,1.4830268671365052,0.03455801630791466,-0.016973132863494778,0,0,FOLLOWING,1.5046100920281131,0.4815538159407828,0
32.672000000000004,-0.11121914108176471,1.0408391252105127,-2.7652324238970407,-1.4694688876689623,0.4507392817484832,0.312897135547653,0.3070291482371769,0.2918951372862786,0.2903919511209112,1.4808984432965342,0.033492451128092515,-0.019101556703465805,0,0,FOLLOWING,1.5416791476975387,0.4635235845609292,0
32.704,-0.12051002054475624,1.037139350686411,-2.7563686670906544,-1.4713516513793992,0.4369659953002189,0.33386593378457735,0.29838288910633165,0.3125151996979264,0.27699429850261276,1.478168179914423,0.032876267548489935,-0.021831820085576936,0,0,FOLLOWING,1.5470797009827055,0.48255827346500146,0
32.736000000000004,-0.13038978301881174,1.033103544992249,-2.7477524747920836,-1.4731747789733944,0.4231576287574032,0.35946593378457736,0.2911798881155228,0.33350958728081054,0.2692577653838651,1.474823910198202,0.032533677481088485,-0.025176089801798085,0,0,FOLLOWING,1.5620493529158943,0.506602967351988,0
32.768,-0.14098661892215286,1.0286691015224467,-2.739341827157737,-1.4749382338601116,0.4093152906703682,0.33567922234519193,0.30582308554419524,0.3589800502766261,0.26283438646814533,1.470722969839181,0.032431187906139414,-0.02927703016081895,0,0,FOLLOWING,1.482886729701216,0.4592659039065303,0
32.8,-0.15090995392872947,1.0244121089187281,-2.730512534731427,-1.4766419806463627,0.3954400923167397,0.3100792223451919,0.3227022506767583,0.3373976915520373,0.27591732441877337,1.4673688031075267,0.03190610680067163,-0.03263119689247329,0,0,FOLLOWING,1.4481721438702644,0.4435688273840821,0
32.832,-0.16004241590476592,1.0203942166918891,-2.7211991914663334,-1.478285985137327,0.3815331476121841,0.28447922234519196,0.33101338632304395,0.31175347890515354,0.29104412851479056,1.4648923419175435,0.03088313734617598,-0.03510765808245653,0,0,FOLLOWING,1.4468520918020569,0.4284311385487338,0
32.864,-0.16839170108718296,1.0166235461961526,-2.7115826918213046,-1.4798702143372315,0.3675955730209984,0.25887922234519195,0.32830967272267364,0.2862602720459273,0.30051792732044047,1.4632884885354653,0.029535399939802698,-0.03671151146453466,0,0,FOLLOWING,1.4523098808456292,0.40836700258500724,0
32.896,-0.1759771533460655,1.0131057249634092,-2.7019040367921874,-1.4813946364500157,0.35362848746649633,0.23457430543851623,0.32697690149084313,0.2612732031613291,0.3024603191787642,1.4625406086567345,0.028098326227575576,-0.03745939134326548,0,0,FOLLOWING,1.4587551285465257,0.4229347692898369,0
32.928,-0.18280840839325338,1.0098533777640877,-2.692320174178287,-1.4828592208799694,0.3396330122411407,0.23669272094168922,0.3240143691555281,0.23641860602199968,0.2994980078763307,1.462643994076851,0.026724942623222336,-0.03735600592314903,0,0,FOLLOWING,1.4790237177803882,0.44465405716842704,0
32.96,-0.18960537857360804,1.0065428083296812,-2.6829744612760305,-1.4842639382323455,0.3256102709165697,0.24159309253929487,0.33170260279660607,0.23626538347292414,0.2920557215430735,1.462808909805206,0.025577406385830503,-0.03719109019479405,0,0,FOLLOWING,1.4830157460258775,0.4808803901341724,0
32.992,-0.1965070784082745,1.0031031275925248,-2.673406786470031,-1.4856087603139532,0.31156138925335053,0.23012853929587862,0.3342462068499405,0.2409870369968164,0.29899216041101445,1.4628783688869067,0.024196681025612676,-0.0371216311130933,0,0,FOLLOWING,1.4561759393929408,0.4389483508459879,0
33.024,-0.2030713571844908,0.999747325512823,-2.663765941332995,-1.4868936601337195,0.297487495110647,0.2296888207421638,0.3411096286924317,0.23037889821593135,0.30127875051708813,1.463341578356316,0.022715732558674873,-0.03665842164368405,0,0,FOLLOWING,1.4702994923141577,0.47195792549202936,0
33.056,-0.20957826763730092,0.9963463507783633,-2.6539274260627415,-1.4881186119032352,0.2833897183556289,0.22766065174174743,0.3412874272938424,0.22944146776549437,0.30745611050869565,1.4638895353240353,0.02101956345989109,-0.03611046467596468,0,0,FOLLOWING,1.4675865871661415,0.4533970148292298,0
33.088,-0.21599651273489684,0.9929111394229984,-2.6440831403135823,-1.4892835910372684,0.2692691907728099,0.22217629010474732,0.34787902479201716,0.2274909267466621,0.30763642609319,1.4645537387265894,0.019294492907906413,-0.03544626127341055,0,0,FOLLOWING,1.459676886001333,0.46587157407559415,0
33.12,-0.22223179310753255,0.9894893884479838,-2.6340489371930293,-1.4903885741542617,0.255127045973142,0.21523457207303806,0.3522893335603688,0.22226086909696235,0.3135714813768879,1.465438388796997,0.017350271738407752,-0.03456161120300294,0,0,FOLLOWING,1.4547044078444444,0.4589286104926355,0
33.152,-0.22824061385258684,0.9861119488109094,-2.6238874301371515,-1.491433539076799,0.24096441930305273,0.21033191175836025,0.3483446497084896,0.21540040125754034,0.31754983502251,1.4665951067244718,0.015248845630477348,-0.0334048932755282,0,0,FOLLOWING,1.4564202188452064,0.43937169847645535,0
33.184,-0.23407588941208637,0.9827529753452531,-2.6138392567191504,-1.4924184648320509,0.2267824477532535,0.19226874166205166,0.3407145996814452,0.21040306488195315,0.3140080708160141,1.4679637174338729,0.013229785978739361,-0.03203628256612712,0,0,FOLLOWING,1.4314717425328327,0.4008371646528431,0
33.216,-0.2393933483829951,0.9796175125626229,-2.6040106474063607,-1.4933433316521967,0.2125822698675056,0.1821610021019578,0.31540305381905304,0.1928955073812516,0.3071465197247891,1.4699434084607437,0.011392587976696511,-0.030056591539256328,0,0,FOLLOWING,1.4413811344226906,0.35631154274110555,0
33.248,-0.24439115407652495,0.9766029601677614,-2.5949116571573057,-1.4942081209748213,0.1983650256511748,0.16961895545529462,0.29154939334712515,0.18238878345588685,0.2843454365795749,1.4723099991059967,0.01024936317904901,-0.027690000894003308,0,0,FOLLOWING,1.4339021204379132,0.3410378933569193,0
33.28,-0.2490201766193308,0.9737520867616118,-2.5865004530198887,-1.495012815443285,0.18413185647974117,0.14617071172750515,0.2641722456375933,0.16988566816786338,0.26285172319421096,1.4751263552909204,0.009758713692355148,-0.0248736447090796,0,0,FOLLOWING,1.41035472341508,0.2928658252325688,0
33.312,-0.2529998637267932,0.9712517012973285,-2.578878309580238,-1.4957573989070756,0.16988390500715433,0.1582946328249193,0.23493445309915417,0.14686271403951,0.2381931936207698,1.478728046727437,0.010018098516508367,-0.021271953272562927,0,0,FOLLOWING,1.4668940836332822,0.35003206412922755,0
33.344,-0.25724587209704614,0.9685481383571855,-2.5720985354665378,-1.4964418564221296,0.1556223150741028,0.15964706845298163,0.2060152970575175,0.157319473395489,0.21186885508601577,1.4820442239447142,0.011094951067612602,-0.017955776055285755,0,0,FOLLOWING,1.453794505343741,0.31564745463545907,0
33.376,-0.2615246276175418,0.9657851344276789,-2.566152578218977,-1.4970661742511346,0.14134823161618504,0.18524706845298164,0.19977428174333783,0.15917446189485268,0.18581175991492935,1.4853481478007569,0.012978477329101068,-0.014651852199243143,0,0,FOLLOWING,1.4951762560768118,0.42076010105029193,0
33.408,-0.2664504344365914,0.9625690703678998,-2.560383936929831,-1.497630339863802,0.12706280057199315,0.21084706845298165,0.20008322286783853,0.18386009511340803,0.18027056247352957,1.487909502085401,0.015025328966549178,-0.012090497914599041,0,0,FOLLOWING,1.5047405640695832,0.44346940668728496,0
33.44,-0.27204780977163334,0.9588727795816786,-2.5546055387893545,-1.4981343419371225,0.11276716879111544,0.22409462507353642,0.2018755325472215,0.20963618105488105,0.1805754308872566,1.4896922128308474,0.01705437697880452,-0.010307787169152594,0,0,FOLLOWING,1.492056132859961,0.423971141654534,0
33.472,-0.2779974048696416,0.9548959667383113,-2.5487761824693145,-1.4985781703555885,0.09846248394206618,0.22693150226835707,0.21354950719677876,0.22364108686949968,0.1821678904939694,1.4910720021275854,0.019023148403085163,-0.008927997872414606,0,0,FOLLOWING,1.478472028173426,0.4311959462280906,0
33.504,-0.284014738821078,0.9508230086869308,-2.5426117465622955,-1.4989618162114025,0.0841498944201496,0.24359023497626558,0.23220856897699024,0.22706344799973885,0.19263923354290896,1.4923869095687525,0.020643591488917146,-0.007613090431247471,0,0,FOLLOWING,1.5017802646621405,0.48522012718623597,0
33.536,-0.2904319276093518,0.9464230667114989,-2.5359077883820276,-1.4992852718046503,0.06983054925526548,0.2691902349762656,0.25100474199234757,0.24315298953898512,0.2094994788118169,1.4932316797578378,0.021717582394428007,-0.006768320242162229,0,0,FOLLOWING,1.5516186223923853,0.5609039751461118,0
33.568,-0.2974834395285097,0.9415198908389477,-2.528659865224495,-1.4995485306434597,0.05550559801966376,0.29479023497626555,0.2720432093602056,0.26840570201521263,0.2264986065238431,1.4933123619515272,0.022246040248543153,-0.006687638048472833,0,0,FOLLOWING,1.5539817074141877,0.5724336366270923,0
33.6,-0.30517168980811316,0.9360911742410636,-2.5208040500762214,-1.4997515874441296,0.04117619073565576,0.3203902349762655,0.285397312945742,0.29412252816982976,0.24549554245163022,1.4926131312361417,0.02216584533089705,-0.007386868763858301,0,0,FOLLOWING,1.5017192996855009,0.4853003088985723,0
33.632,-0.313485786208267,0.9301216066867026,-2.5125608761191724,-1.4998944381312365,0.026843477783289035,0.2982594605454903,0.30738584283474507,0.3198542272616548,0.2576007541930504,1.491132746442425,0.021696994874494724,-0.008867253557574895,0,0,FOLLOWING,1.4631178699223448,0.47489968097267055,0
33.664,-0.3212323772796731,0.9244543825623877,-2.5036861637771195,-1.4999770798377137,0.012508609807996599,0.2793814817344846,0.3343034590020691,0.29991087599056504,0.2773367538568057,1.4903302205394773,0.02056487838092691,-0.00966977946052272,0,0,FOLLOWING,1.4597498179624562,0.5015233516347033,0
33.696,-0.32843509358902967,0.9190811333148516,-2.4940367538471357,-1.4999995109049116,-0.0018272623717923932,0.283357242780068,0.33801516654803465,0.280786293066526,0.30154646899468596,1.490179672780048,0.01862097260660045,-0.009820327219951963,0,0,FOLLOWING,1.4933859695063396,0.4862964111387838,0
33.728,-0.3356541641060972,0.9135869936630877,-2.4842798297179804,-1.4999617308826312,-0.016162987857010282,0.2622249659165976,0.3255066716772922,0.28349034747801577,0.304906318298305,1.4899822610318942,0.016539242117971753,-0.01001773896810576,0,0,FOLLOWING,1.4528032514503864,0.3920881376055665,0
33.76,-0.3423072893796426,0.9084124070139336,-2.474881668593241,-1.4998637405291317,-0.030497415760388946,0.2660981462500433,0.3082710224019376,0.26336840334325384,0.29369470650019636,1.490465897932559,0.014769923071220159,-0.009534102067441097,0,0,FOLLOWING,1.488998903687257,0.4247303695018036,0
33.792,-0.34897841959813797,0.9031258510942716,-2.4659812080133867,-1.4997055418111143,-0.04482939529880878,0.2499830314744167,0.29235187677211755,0.26599358086790054,0.278141229084043,1.4909031018012953,0.013467036521880525,-0.00909689819870474,0,0,FOLLOWING,1.4556852539634506,0.3767872147441077,0
33.824,-0.3552193256919728,0.8980828857429005,-2.457539183308568,-1.499487137903686,-0.05915777588573023,0.2690310443589401,0.2935279471605579,0.250727364224869,0.2638148350207886,1.4918641058551543,0.012581925920872372,-0.008135894144845723,0,0,FOLLOWING,1.508282106518873,0.49119441230142524,0
33.856,-0.36185134569181104,0.8926396447989815,-2.449062012425143,-1.4992085331902931,-0.07348140722351869,0.2764201481948586,0.29303572239273806,0.2681307015453955,0.2649131833830924,1.4923040102859468,0.011640452475276675,-0.007695989714053164,0,0,FOLLOWING,1.4951487538136217,0.467559156866106,0
33.888,-0.36863257582729747,0.8869786958667124,-2.440599682008794,-1.4988697332626346,-0.08779913939583703,0.2899260894595336,0.2736143406826905,0.2760507033529963,0.2644494027218976,1.4925239898127778,0.010687135767879052,-0.007476010187222215,0,0,FOLLOWING,1.5096620440453536,0.439614933285061,0
33.92,-0.37569215457272154,0.8809859049512223,-2.4326937916200744,-1.498470744920548,-0.10210982295991669,0.2909919953434137,0.2554284418116358,0.2893867651680226,0.24706036098700968,1.4923501509969384,0.010266218625146093,-0.007649849003061648,0,0,FOLLOWING,1.4935499648677655,0.40980960166051983,0
33.952,-0.3827450740960161,0.8749024995008486,-2.425313586609487,-1.4980115761718769,-0.11641230903888156,0.2979911451824279,0.23750346258215133,0.2910591570941584,0.2306324561540184,1.4921542883638703,0.01034664741415936,-0.007845711636129682,0,0,FOLLOWING,1.5038502263443045,0.41983824350486226,0
33.984,-0.3899166869688426,0.8686259836159865,-2.418448489501105,-1.497492236232306,-0.1307054494139357,0.2832969844671677,0.2301007275161324,0.2978215909259806,0.2145351230196861,1.491773076029964,0.0109232895371707,-0.008226923970036104,0,0,FOLLOWING,1.4681955313602106,0.38687220690607843,0
34.016,-0.39671543979937873,0.8625856302259021,-2.411797447315823,-1.4969127355251777,-0.14498809661658885,0.26643544369179134,0.21501283530835413,0.28418501458628487,0.20784583652612865,1.4918575349361036,0.01168736275138915,-0.008142465063896376,0,0,FOLLOWING,1.4596286403801728,0.3524391901733554,0
34.048,-0.40307287015638027,0.8568599121858707,-2.4055815280000723,-1.4962730856812838,-0.1592591040207311,0.24275352337859774,0.20639457905421202,0.267350773008527,0.19424810571321174,1.492509486174332,0.012860127067910287,-0.00749051382566801,0,0,FOLLOWING,1.440593264403201,0.3395926302214476,0
34.08,-0.408837222369692,0.8516012287208394,-2.3996148624093685,-1.4955732995386315,-0.17351732593472782,0.2536488384371873,0.20080889770187474,0.243814648711293,0.18645887013119325,1.4939422186013935,0.014251675849125787,-0.0060577813986064655,0,0,FOLLOWING,1.492057015107161,0.41827761600968005,0
34.112,-0.4147892343708811,0.8461169291083896,-2.3938116831380483,-1.4948133911421846,-0.18776161769336575,0.2778943667806897,0.17810508109655102,0.252931304064007,0.18134990445786345,1.4951110422796277,0.015791078595749575,-0.0048889577203723444,0,0,FOLLOWING,1.5200940145442976,0.420826822893326,0
34.144,-0.42126535540741,0.8400854078062581,-2.3886577660767934,-1.493993375743583,-0.20199083574976215,0.2821367901271087,0.15856829565983047,0.2765786269590762,0.1610602716733909,1.4955494986787268,0.017970383468737694,-0.004450501321273226,0,0,FOLLOWING,1.4953242642989903,0.37353218457079007,0
34.176,-0.42783448399754304,0.8339048128446007,-2.3840707885775068,-1.4931132698008365,-0.2162038377671671,0.2836379563579559,0.16111589974437526,0.2818655276446649,0.14334329122742248,1.4958432637051942,0.02070509424440603,-0.004156736294805841,0,0,FOLLOWING,1.4902740121714113,0.40812653159179874,0
34.208,-0.434416527869847,0.8276564081089797,-2.379412724047111,-1.4921730909779938,-0.2303994827106716,0.2786090997890268,0.15884188208567265,0.28360984945942225,0.14556477051118336,1.4961053488630154,0.023359705613736015,-0.003894651136984617,0,0,FOLLOWING,1.4801240830440356,0.38014909018080445,0
34.24,-0.44086046763871567,0.8214779627874256,-2.3748201078962032,-1.4911728581447883,-0.24457663093881085,0.291812112881315,0.15768439455230343,0.27897308873618787,0.143519503668442,1.4965388449537127,0.026063795021939562,-0.003461155046287301,0,0,FOLLOWING,1.5089647805854183,0.4261988427762533,0
34.272,-0.44756205720507813,0.8150006067607737,-2.370258776365366,-1.4901125913762598,-0.2587341442950562,0.30544524121452865,0.15921972420687525,0.29126619413497523,0.14254184866388833,1.4966021287989475,0.028798575722365882,-0.0033978712010525047,0,0,FOLLOWING,1.5139323229826722,0.4370076872595552,0
34.304,-0.4545473742572493,0.8081889129633965,-2.365652859410692,-1.4889923119523503,-0.27287088619918726,0.3221613210698663,0.16529924610104937,0.30490534218061227,0.1439351500261475,1.4962508541312407,0.03148966910907358,-0.003749145868759296,0,0,FOLLOWING,1.5230367971122676,0.4599460162453503,0
34.336,-0.46188227419305883,0.8009715912089174,-2.3608710091062677,-1.4878120423574788,-0.28698572173853787,0.3442488357827071,0.1835245600334557,0.32158005703470405,0.14943309960742163,1.4953872421556056,0.034010986455629943,-0.004612757844394411,0,0,FOLLOWING,1.5358561472947725,0.508362542696026,0
34.368,-0.46968155926178545,0.7932248793928436,-2.355562889187262,-1.4865718062800886,-0.3010775177591083,0.3698488357827071,0.20068323879291997,0.3435326455857088,0.16587913809032245,1.4938418627463397,0.03601947611230916,-0.006158137253660323,0,0,FOLLOWING,1.5785528611456414,0.578086782991734,0
34.4,-0.4780171473137808,0.7848576300192126,-2.349758262677988,-1.4852716286121717,-0.3151451429565357,0.39490794414896,0.2082494353379898,0.36909382373830324,0.18139511852439608,1.4914984715547064,0.03754913309144259,-0.008501528445293616,0,0,FOLLOWING,1.531197426723705,0.4816731707742428,0
34.432,-0.4868697983331282,0.7758669476273716,-2.343733416540598,-1.483911535448771,-0.3291874679669137,0.3841293143179776,0.22359539475009704,0.3943032671468888,0.1882770878289439,1.488367389784863,0.03887709594044608,-0.011632610215136951,0,0,FOLLOWING,1.503884960850186,0.4643839233613475,0
34.464,-0.4954630868587619,0.7670265085351614,-2.3372709335261583,-1.4824915540874537,-0.3432033654574734,0.3636514963137792,0.2534992558788483,0.38524906817191396,0.20195342033951164,1.4855421798877078,0.03975304033310412,-0.014457820112292241,0,0,FOLLOWING,1.480509541787177,0.48303552599370647,0
34.496,-0.5035511959420462,0.7585923935431048,-2.3299453154550696,-1.4810117130277676,-0.35719171021705537,0.3498724412585716,0.26617576498474316,0.3651416310664952,0.22892665777339313,1.4833756195466303,0.039735838365201115,-0.01662438045336967,0,0,FOLLOWING,1.4841604239909134,0.45625159392622655,0
34.528,-0.5112610047429728,0.7504297810396799,-2.3222548360091144,-1.4794720419706628,-0.3711513792464851,0.33163046782537786,0.27145615367711895,0.35085503798848383,0.24032869000259136,1.4816804350865878,0.039319138487825096,-0.018319564913412245,0,0,FOLLOWING,1.47134506451612,0.4275940926738385,0
34.56,-0.5185077725242163,0.7426331782809178,-2.3144108951726214,-1.4778725718179042,-0.38508125184868414,0.3205344570667877,0.26770033963572903,0.33261558826297244,0.24512440209935024,1.4805811879280213,0.0387049297066131,-0.01941881207197871,0,0,FOLLOWING,1.4772324948826818,0.4177886957734129,0
34.592,-0.5254417118289231,0.7350517504930689,-2.3066763637150856,-1.4762133346714421,-0.39898020971868475,0.330549015341358,0.26438416204224774,0.3210545060356035,0.2417052997651208,1.4798632252962804,0.038159438084899744,-0.02013677470371955,0,0,FOLLOWING,1.5086983469919204,0.46755729721278666,0
34.624,-0.5325095922966427,0.727208052275903,-2.2990364345680354,-1.4744943638327745,-0.41284713703336484,0.33152044770418776,0.27412052679384286,0.32995438748222916,0.2387489488170543,1.4788715780881614,0.03768936117147925,-0.021128421911838613,0,0,FOLLOWING,1.4953794859417677,0.4790159947680064,0
34.656,-0.5395466519987507,0.7192769987061509,-2.2911181309568134,-1.4727156938022756,-0.4266809205410714,0.3196725004370314,0.28271458724598497,0.331339449822994,0.24744827837946531,1.4778443805982862,0.03691383153419326,-0.022155619401713844,0,0,FOLLOWING,1.4728698154555748,0.45014027060951545,0
34.688,-0.546283215499957,0.7115551321335382,-2.2829493245875816,-1.470877360278506,-0.44048044965094935,0.33715122365916805,0.29224975603975245,0.3202179227116524,0.25527660986013606,1.4771798516958925,0.03584433350067329,-0.0228201483041075,0,0,FOLLOWING,1.5174699100029954,0.5226831120961555,0
34.72,-0.5532948040949512,0.7033927360058636,-2.2745020315016844,-1.4689794001574912,-0.4542446165221451,0.3485411342152689,0.2937112280970988,0.33627310445975966,0.2639794798677934,1.4760089835208572,0.03448019091240573,-0.023991016479142813,0,0,FOLLOWING,1.5133875694635806,0.5001441222125435,0
34.752,-0.5604789990213613,0.6948856128509108,-2.2660113591331026,-1.4670218515319884,-0.46797231615270135,0.33857512589049393,0.31097391580896094,0.3479658760015062,0.26533510994687937,1.4744688896293046,0.033048814522238075,-0.025531110370695442,0,0,FOLLOWING,1.4791685503853877,0.4945873363957881,0
34.784,-0.5674070868666459,0.6865290092871097,-2.257024802953242,-1.4650047536907138,-0.48166244646831124,0.3293665727302506,0.3375724846018502,0.3392039035457426,0.2808317809163058,1.4732117460799654,0.031076870869220397,-0.026788253920034588,0,0,FOLLOWING,1.474246169958785,0.525818288943611,0
34.816,-0.5740716967373674,0.678338061246536,-2.2472715393201326,-1.4629281471175624,-0.49531390841075096,0.3138728181497759,0.36154406917526866,0.32997718487466077,0.30479190258248556,1.4722515869452848,0.028291477633934026,-0.027748413054715204,0,0,FOLLOWING,1.458192674208214,0.5144472513794262,0
34.848,-0.5803485744066306,0.6704625392586375,-2.2368246885541807,-1.4607920734907864,-0.5089256060261563,0.3013175555569344,0.3732976268853321,0.3146963992671248,0.32646703917540243,1.471780266316225,0.024754549179250237,-0.02821973368377506,0,0,FOLLOWING,1.4575419095979547,0.4931110240813683,0
34.88,-0.5862891354378125,0.6628422061647408,-2.22603831437645,-1.4585965756821686,-0.522496446552964,0.31079404764261515,0.3750682003291644,0.3019315481405997,0.3370774373404118,1.471716002472041,0.02081696602183225,-0.02828399752795896,0,0,FOLLOWING,1.491649851221149,0.519439919771816,0
34.912,-0.5923110062583528,0.6549540021170874,-2.215198851573607,-1.4563416977561534,-0.5360253405096801,0.3246648858577846,0.3512443076422206,0.31012855546387447,0.33873653025957057,1.4713873828512511,0.016780330316235492,-0.028612617148748853,0,0,FOLLOWING,1.5046040147692492,0.4777723043333932,0
34.944,-0.5985096933305664,0.6466514247455523,-2.205038106936838,-1.4540274849689667,-0.549511201782315,0.3251056310963045,0.34754954718314435,0.3237966437285356,0.3175259985578137,1.4706174624666646,0.013374827066170436,-0.029382537533335418,0,0,FOLLOWING,1.4853411563830874,0.48996074960367564,0
34.976,-0.604644977636496,0.6382556579667208,-2.1949886855654395,-1.451653983767708,-0.5629529477115918,0.32030365943262923,0.3395902802058682,0.32494948785768213,0.31404706140757,1.4698048750847914,0.010031297843597464,-0.030195124915208593,0,0,FOLLOWING,1.476172959340658,0.46664132944022035,0
35.008,-0.6106108436215237,0.6299032928140528,-2.1851651379990944,-1.4492212417894157,-0.5763494991798596,0.3124804076557735,0.3202114818987391,0.32074654329015506,0.30698832986180313,1.4691198719329948,0.006858483037132768,-0.03088012806700524,0,0,FOLLOWING,1.470122042655555,0.4280921153836504,0
35.04,-0.6163523305430741,0.6216930568098642,-2.1758963176144657,-1.446729307860113,-0.5896997806977275,0.2868804076557735,0.29165213198962586,0.31307142635546414,0.2896527092988687,1.4686723702796607,0.004190431023453733,-0.03132762972033931,0,0,FOLLOWING,1.4335184152694118,0.3460405158481859,0
35.072,-0.6216014632157146,0.6140307417811744,-2.1671097071733585,-1.4441782319938268,-0.603002720490405,0.2920005600370375,0.2658021214438042,0.29022562412485353,0.27458334370175896,1.4689462171305618,0.0019547884374087054,-0.031053782869438162,0,0,FOLLOWING,1.4840957009870146,0.42443692632563784,0
35.104,-0.6268158978887787,0.6062947667578125,-2.159411291427558,-1.4415680653915839,-0.6162572505837459,0.27890588895737317,0.23805615855612197,0.2915426290901121,0.24057672418412906,1.4691679718658561,0.0007723585376053778,-0.030832028134143874,0,0,FOLLOWING,1.4525180822848824,0.3591538148208702,0
35.136,-0.6317506970956789,0.5988352143238198,-2.1525079164491814,-1.4388988604403856,-0.6294623068899858,0.2832925476565952,0.2084898533919913,0.2794966343397045,0.21573134632453683,1.4697628918334795,0.00034208366213972496,-0.030237108166520477,0,0,FOLLOWING,1.4790624339897842,0.39048489519007884,0
35.168,-0.636699908003921,0.5912630460946245,-2.146461946251818,-1.4361706707121527,-0.6426168292931689,0.27700916576290535,0.1798836214281246,0.28269731787102914,0.18893720384285517,1.4702425130951282,0.0007452618861418792,-0.02975748690487179,0,0,FOLLOWING,1.4628650707085273,0.3535141198578264,0
35.2,-0.64150377576062,0.5838031484930112,-2.141239567464831,-1.433383550962653,-0.6557197617342545,0.25799993710300667,0.1794021414733874,0.2772750947207009,0.16319973695968373,1.4708809004648513,0.0019402574348599266,-0.029119099535148685,0,0,FOLLOWING,1.435772702984153,0.3666535053912494,0
35.232,-0.6459525284529353,0.5768147755771411,-2.1360291169408865,-1.4305375571304006,-0.668770052295899,0.247223983419917,0.17732108451580597,0.25887095261632376,0.16282699966089337,1.4720921270940655,0.0031227258955257575,-0.02790787290593455,0,0,FOLLOWING,1.444101168463343,0.37418587898786476,0
35.264,-0.6501748872411331,0.5701085900178189,-2.1308851134730253,-1.4276327463355356,-0.6817666532869024,0.23698274261518626,0.18449541880977863,0.24764340453318529,0.16075053266665768,1.4736459369424213,0.004346067780080176,-0.026354063057578703,0,0,FOLLOWING,1.4404840090564202,0.3913413591320147,0
35.296,-0.6541886694739177,0.5636627453134724,-2.125537810401243,-1.4246691768786737,-0.6947085213263307,0.23674581300996217,0.19234885770141852,0.237290376645922,0.16710368767746117,1.4755129470781856,0.005338607507305859,-0.02448705292181441,0,0,FOLLOWING,1.4547739796231938,0.4148417298828877,0
35.328,-0.6581574722575471,0.5572169512596892,-2.119971216501223,-1.421646908239742,-0.7075946174272513,0.24326159501441105,0.1939181341454986,0.2365570676403136,0.17395656702167436,1.4773843180231505,0.006084038892966603,-0.02261568197684949,0,0,FOLLOWING,1.4676127638289385,0.41849325269396415,0
35.36,-0.6621956894213714,0.5505896738654119,-2.114355618127611,-1.4185660010767762,-0.7204239070801827,0.2437980076523597,0.17971057209539956,0.24253016955685303,0.1754879512956553,1.4790441410931041,0.006756256950274153,-0.020955858906895886,0,0,FOLLOWING,1.4616876776016887,0.36948833781436186,0
35.392,-0.6662115283144606,0.5439154941376391,-2.109151458502661,-1.4154265172247156,-0.7331953603361052,0.2433338315013857,0.192987671967169,0.24341597600390746,0.16263036938235936,1.4806536510009525,0.0078108636707661105,-0.019346348999047525,0,0,FOLLOWING,1.4581274913921625,0.4238435079580524,0
35.424,-0.6701873332532402,0.5372292647134064,-2.103568992896672,-1.4122285196941489,-0.7459079518891866,0.23179492947691735,0.20254684582400226,0.2430944648161445,0.1744525142022602,1.4822503968646057,0.008460171753305268,-0.01774960313539431,0,0,FOLLOWING,1.43878075992024,0.3907428864183298,0
35.456,-0.673946605925303,0.5308161691508311,-2.0977054098920993,-1.40897207267006,-0.7585606611590547,0.2369514562535064,0.21912097640375983,0.23229543371931188,0.1832374961496478,1.4841681330979035,0.008793331368484925,-0.01583186690209648,0,0,FOLLOWING,1.4636213602899062,0.4470312991809479,0
35.488,-0.6777394162799205,0.5242672157179772,-2.0913691454616763,-1.4056572415105322,-0.7711524723727706,0.2625514562535064,0.22125388914383534,0.2365035393793024,0.19800893809319947,1.4859261517927442,0.008626645958636825,-0.014073848207255768,0,0,FOLLOWING,1.5376233168110023,0.5304455315924044,0
35.52,-0.6818839200370105,0.517010967525686,-2.084955200689164,-1.402284092745444,-0.7836823746463363,0.2881514562535064,0.23061323854659133,0.26115829515709815,0.20043646148050004,1.4868690524753572,0.008358046054534718,-0.013130947524642833,0,0,FOLLOWING,1.507832005963772,0.4911996196902248,0
35.552,-0.6863865304565866,0.509009964178903,-2.078271452921272,-1.3988526940751247,-0.7961493620658889,0.3137514562535064,0.251920840072028,0.2869202573265518,0.20886789808227757,1.486959616527993,0.0077971468615718464,-0.013040383472006978,0,0,FOLLOWING,1.5112232987484602,0.5260789420138853,0
35.584,-0.6912359608513653,0.5002560464842919,-2.0709743322218435,-1.3953631143690055,-0.8085524337684173,0.33935145625350643,0.25303528042318985,0.3127421050666489,0.22803606034739032,1.4861946999980389,0.00660150091162226,-0.013805300001961118,0,0,FOLLOWING,1.523594986760258,0.502658942338985,0
35.616,-0.6964153663666106,0.49074243962329595,-2.0636410865667805,-1.3918154236642266,-0.8208905940221518,0.35062588479526346,0.25269305129626063,0.3385111516963907,0.22916502731936117,1.4845748396896292,0.005346583698992102,-0.015425160310370778,0,0,FOLLOWING,1.5102920479771729,0.47707058767880944,0
35.648,-0.701705234375502,0.4808486256532877,-2.0563266970468463,-1.3882096931642431,-0.8331628523064633,0.3595714597593806,0.23618051990499656,0.3505934688158888,0.2285758040238709,1.4825365210161912,0.004084987165335452,-0.017463478983808844,0,0,FOLLOWING,1.5148729187100252,0.44949350117156145,0
35.68,-0.7070567909005242,0.470658184306249,-2.049486454972263,-1.3845459952373864,-0.8453682233914194,0.3339714597593806,0.20947150011273608,0.3596850418148025,0.21375849718532094,1.4801746950109047,0.00327345798835621,-0.019825304989095294,0,0,FOLLOWING,1.4589247008429718,0.3300712735611611,0
35.712,-0.7119887317490654,0.4610917762018054,-2.043322018299958,-1.3808244034154167,-0.857505727416854,0.3247588857463263,0.18937991455357425,0.33630908868995674,0.19263933258457433,1.4785264732979047,0.0031087385568628885,-0.021473526702095347,0,0,FOLLOWING,1.4792737976282386,0.3733578248491123,0
35.744,-0.716707844588084,0.4517981789266894,-2.0378294841689013,-1.3770449923920447,-0.8695743899710427,0.29915888574632626,0.17287728462704402,0.32570591923291625,0.17164212594266223,1.4771833381829291,0.0035969488830960294,-0.02281666181707087,0,0,FOLLOWING,1.435463680992979,0.3048435583521137,0
35.776,-0.721021871826457,0.44318046575669656,-2.0327197029381887,-1.3732078380214356,-0.8815732421689282,0.27355888574632625,0.162587406520996,0.30113938508913857,0.1596810111777402,1.476590302407668,0.0044488166306235755,-0.023409697592331913,0,0,FOLLOWING,1.401199579661041,0.2689187296289585,0
35.808,-0.7249308221043255,0.4352693273398939,-2.0278485843983525,-1.3693130173166832,-0.8935013207299021,0.2479588857463262,0.15337438608811452,0.2757355329136387,0.15222277534768003,1.4767734588211296,0.005520102004799021,-0.023226541178870352,0,0,FOLLOWING,1.4026011896904518,0.27341570892185374,0
35.84,-0.728439702149684,0.42807827446623026,-2.0232307176639677,-1.365360608448266,-0.9053576680551392,0.22235888574632617,0.15202682886511762,0.2500297981482002,0.14430864142168418,1.477741402846946,0.006822921393664583,-0.022258597153054005,0,0,FOLLOWING,1.4240215197739872,0.32303641282853224,0
35.872,-0.7315471345143805,0.42163284157546493,-2.018764925983515,-1.3613506907424786,-0.9171413323044739,0.20310416552145352,0.16598178066702987,0.22359285183655084,0.13955630243557196,1.4795164102116176,0.00825311139149143,-0.020483589788382384,0,0,FOLLOWING,1.44507115333714,0.39165532332541636,0
35.904,-0.7343504609362392,0.41575244660752786,-2.0139536153227233,-1.3572833446798387,-0.9288513674728155,0.2287041655214535,0.1826119456754324,0.20357002279035197,0.15035385621515937,1.481892301919584,0.009311800713610374,-0.018107698080416013,0,0,FOLLOWING,1.5186460029142566,0.5125252096630614,0
35.936,-0.7374502342307923,0.40918941984750345,-2.0086589664387486,-1.3531586518934722,-0.9404868334660939,0.2543041655214535,0.19978161824154186,0.22684979170580832,0.1654582719560437,1.4834833481840337,0.009873286618744759,-0.016516651815966288,0,0,FOLLOWING,1.5108650324960564,0.4981206242522076,0
35.968,-0.7408651704396573,0.401864701422053,-2.002866169481192,-1.348976695167475,-0.9520467961767317,0.27990416552145353,0.20217890838441496,0.252578558081343,0.1810254315546407,1.4842088700169445,0.009921664920629071,-0.01579112998305554,0,0,FOLLOWING,1.4903901921079776,0.43193173441973737,0
36.0,-0.7445844448361131,0.39376793304681407,-1.9970006668251934,-1.34473755843525,-0.9635303275586353,0.28202750407512434,0.20572614066524972,0.27846261119909865,0.18329748253184863,1.484062777649691,0.009883022331129698,-0.01593722235030892,0,0,FOLLOWING,1.471563704803185,0.4041202599338827,0
36.032000000000004,-0.7483002810573608,0.3855451836201854,-1.9910568386802798,-1.340441326777826,-0.9749365057016997,0.3018700205158236,0.22708629469397856,0.28197794631157486,0.18574518873089413,1.4837592274378804,0.009745474688927835,-0.016240772562119643,0,0,FOLLOWING,1.5081811071540385,0.503974293689806,0
36.064,-0.7522169821784521,0.37674294100371986,-1.9844800741303352,-1.336088086422146,-0.9862644149058197,0.32747002051582363,0.24217717629027252,0.30108077657342824,0.20552463995895137,1.48279955443555,0.008962367065013188,-0.017200445564450106,0,0,FOLLOWING,1.5367647010474286,0.5387917607503002,0
36.096000000000004,-0.7564015678413347,0.367171488238541,-1.9774577948357233,-1.3316779247393398,-0.9975131457544015,0.3433135836676995,0.247678468428919,0.32645479363233754,0.21944716158267996,1.4809817814754822,0.007720640507156595,-0.019018218524517794,0,0,FOLLOWING,1.507785407332887,0.4729945674489885,0
36.128,-0.7607247474513563,0.3570861174642691,-1.9702840632741672,-1.3272109302429662,-1.0086817951873832,0.3535935053517338,0.24400066324379913,0.3429033397948401,0.22418015089602425,1.4785900670986063,0.0063096598604399645,-0.021409932901393702,0,0,FOLLOWING,1.5142754483693541,0.4649350862350006,0
36.160000000000004,-0.7651057889742733,0.34665521524975024,-1.9632193036193095,-1.3226871925872445,-1.019769466573708,0.3791935053517338,0.22716220557557895,0.35354392206700547,0.22077474809934747,1.4758094161345328,0.004988854553466204,-0.02419058386546724,0,0,FOLLOWING,1.548964481528332,0.4973662810463217,0
36.192,-0.7697170050090514,0.3354597762633937,-1.9566149511696922,-1.3181068025652447,-1.0307752697833406,0.38293111177146616,0.21636265172176117,0.37837792086190697,0.2063868360118815,1.472185304610138,0.004116618455312526,-0.02781469538986192,0,0,FOLLOWING,1.5115069706299926,0.43680413732794066,0
36.224000000000004,-0.7743101292507388,0.3240881893141174,-1.950348504297939,-1.3134698521070756,-1.0416983212586928,0.4038095448997615,0.1872333447330805,0.383244351045671,0.19582719626169554,1.4683548614736066,0.003570022305727782,-0.03164513852639339,0,0,FOLLOWING,1.546031359119181,0.46557028210812923,0
36.256,-0.7790703913368124,0.31209483579317654,-1.9448930397602744,-1.3087764342780281,-1.0525377440855903,0.3947108188033657,0.17982793933819666,0.403237735325811,0.1704837320346079,1.4638342016755244,0.003832182238734161,-0.03616579832447564,0,0,FOLLOWING,1.5019881720245118,0.4158462791201267,0
36.288000000000004,-0.7836741414735766,0.30029423625496215,-1.939670365343717,-1.3040266432767225,-1.0632926680636388,0.3715074465309934,0.1934535929821865,0.3958194084818218,0.16320899371325598,1.459498534347321,0.00432470523019357,-0.04050146565267898,0,0,FOLLOWING,1.4722893072082652,0.41732377436003565,0
36.32,-0.7879556339256919,0.28914151054119325,-1.9340366766387433,-1.2992205744332002,-1.0739622297761182,0.34590744653099337,0.21002292294861394,0.3732931610549911,0.17605325043273568,1.4558309126609417,0.00440469625529305,-0.04416908733905833,0,0,FOLLOWING,1.4468954403299268,0.39884724087684753,0
36.352000000000004,-0.791882430626888,0.27873318219480764,-1.9279229067759682,-1.2943583242070282,-1.0845455726592654,0.32030744653099336,0.22092547995789008,0.3476113101411872,0.1910559040828303,1.4529318590579643,0.003997145729992102,-0.04706814094203571,0,0,FOLLOWING,1.4453900935465285,0.3927071356316214,0
36.384,-0.7954596599868315,0.269067799163212,-1.9214497776034907,-1.2894399901853464,-1.0950418470710728,0.29470744653099334,0.20948928489226107,0.32204400782227033,0.20228598994847946,1.4507969167228263,0.0032165717936596394,-0.04920308327717371,0,0,FOLLOWING,1.4200071455342136,0.3064144741966715,0
36.416000000000004,-0.7987072332224336,0.2601096999228912,-1.9150547275393797,-1.2844656710809241,-1.1054502103594654,0.2691074465309933,0.193352090987859,0.297751970011956,0.19984599964580832,1.449384396397684,0.0024959757346156852,-0.050615603602315984,0,0,FOLLOWING,1.446295389779668,0.336153024830022,0
36.448,-0.801636294874372,0.2518604585913667,-1.9088760000276583,-1.2794354667301655,-1.115769826929984,0.24350744653099327,0.1716645822520236,0.27354369928759953,0.19308587815631154,1.4486906662573944,0.0019726111564750686,-0.0513093337426056,0,0,FOLLOWING,1.4254891479089897,0.2862910115032698,0
36.480000000000004,-0.8042383362040312,0.24438073075128153,-1.903390197263527,-1.2743494780911186,-1.1259998683128334,0.21790744653099325,0.17063591324521307,0.24746977149514846,0.17143182855074632,1.4487744724482494,0.002122598332342518,-0.05122552755175058,0,0,FOLLOWING,1.4080294284529216,0.3045207539559335,0
36.512,-0.806531565664462,0.23766594384248088,-1.897937747613926,-1.2692078072414352,-1.1361395132294239,0.19230744653099321,0.16478146181244835,0.22172787459412127,0.17038958692800682,1.4496243438906298,0.0022881319843848225,-0.050375656109370226,0,0,FOLLOWING,1.3992470398173158,0.28064531896417044,0
36.544000000000004,-0.8085242391662661,0.23172116103065266,-1.892672029664672,-1.264010557376336,-1.1461879476582815,0.2029976556504123,0.1550724835084891,0.19592609265517852,0.16455419943112812,1.451241295541337,0.002620157681007651,-0.04875870445866304,0,0,FOLLOWING,1.4635596207580739,0.369800642426142,0
36.576,-0.8105508592238443,0.2255910774434041,-1.888178611215025,-1.2587578328065292,-1.1561443649004102,0.21401831435563126,0.15301381814669915,0.20178259975599527,0.1404197339352855,1.4526122413766194,0.003711498056223395,-0.04738775862338063,0,0,FOLLOWING,1.4644928926296852,0.37837716458968895,0
36.608000000000004,-0.8126608496177051,0.21912064805846376,-1.8837386847199236,-1.2534497389561219,-1.166007965644051,0.21808562847173651,0.14640414989245207,0.21270142605767067,0.1387480299647979,1.4535735693323697,0.004846211555464164,-0.0464264306676303,0,0,FOLLOWING,1.4578003072630266,0.35207728236751495,0
36.64,-0.814788266771931,0.21249955512499505,-1.8795007341530574,-1.248086382360503,-1.175777958028852,0.24014356456092487,0.1461570898660156,0.21733936582506316,0.13243619861775657,1.4543251735775042,0.00617302930103536,-0.04567482642249576,0,0,FOLLOWING,1.4908982552363057,0.41439681037881815,0
36.672000000000004,-0.8170970701644112,0.20522300265122612,-1.8752334778732695,-1.2426678706642043,-1.18545355770944,0.24346254397050487,0.13559738797943058,0.2385865544024704,0.13335198393862652,1.4543355189826754,0.00746926904044054,-0.045664481017324565,0,0,FOLLOWING,1.4682787941531283,0.3496404042658271,0
36.704,-0.8194165368819439,0.19779812045356385,-1.8713065891916145,-1.2371943126187408,-1.1950339879183887,0.228886500499267,0.12358857252314474,0.2430905657047458,0.12271543018550983,1.454138766422051,0.009100799239134094,-0.04586123357794891,0,0,FOLLOWING,1.4387316338061764,0.2906379127324213,0
36.736000000000004,-0.8215777154180277,0.19077312644985112,-1.8677065272740285,-1.2316658180804287,-1.2045184795285773,0.203286500499267,0.1319218225509738,0.22967370294421058,0.11250205805097839,1.4543077107885765,0.011051238699674393,-0.04569228921142354,0,0,FOLLOWING,1.3932229664830542,0.2719406642464325,0
36.768,-0.8234786497094247,0.18450589234742212,-1.8638461489947127,-1.226082498008179,-1.2139062711149382,0.17768650049926699,0.14568368344475682,0.2046428168489852,0.1206369813850068,1.4552135367651187,0.012729925844432444,-0.044786463234881335,0,0,FOLLOWING,1.4153500948677833,0.31972631468729706,0
36.800000000000004,-0.8251178933165267,0.1790207954754207,-1.85959251895095,-1.2204444644612717,-1.2231966090155852,0.1534508992402783,0.1535171309120456,0.17888378615763384,0.1329261625132442,1.456879112112791,0.013999083236019283,-0.043120887887208914,0,0,FOLLOWING,1.3964771489180066,0.2841919998493607,0
36.832,-0.8265112457667273,0.17428027489299286,-1.8551177115738713,-1.2147518305971055,-1.232388747392316,0.14285370847645548,0.1616683377227448,0.15439564745918485,0.13983799657866733,1.4592629954763265,0.015025762879718352,-0.04073700452367346,0,0,FOLLOWING,1.4125674501048289,0.30811626900946354,0
36.864000000000004,-0.8277822362722828,0.1698886581276237,-1.85044404102751,-1.2090047106689297,-1.24148194829049,0.1405144307994471,0.15721886159152357,0.14287076590213268,0.14605252365036855,1.4619499183098361,0.015835232213486483,-0.038050081690163884,0,0,FOLLOWING,1.4260043676184009,0.29505908654127583,0
36.896,-0.8290088684280335,0.16557779014469182,-1.8459075640906077,-1.2032032200235436,-1.2504754816982793,0.1622679653644307,0.16352414894915437,0.14007029970497611,0.1417651902756284,1.4646597835207902,0.016764922683148775,-0.03534021647920982,0,0,FOLLOWING,1.468756931659892,0.3809133651079998,0
36.928,-0.830396927008972,0.1606303536321444,-1.8411466207385976,-1.1973474750989945,-1.2593686256052554,0.1836206401408628,0.17895604521137856,0.16060250944449744,0.148779796766159,1.466645766972661,0.017466447990519773,-0.033354233027339086,0,0,FOLLOWING,1.4763663845117885,0.41005845409939645,0
36.96,-0.8319456450614673,0.15501175533462924,-1.83594161786994,-1.1914375934222257,-1.2681606660603781,0.2092206401408628,0.20178891168037055,0.18215067921818057,0.16265671123129072,1.4678740415837943,0.01772199831386589,-0.03212595841620569,0,0,FOLLOWING,1.5091117010911153,0.47797080339282044,0
36.992,-0.8336798382557268,0.14859433784546,-1.8300692599441428,-1.1854736936067294,-1.276850897229293,0.2348206401408628,0.21168152207158641,0.20775704181130067,0.18351171259365603,1.4682142332984107,0.017312281497896986,-0.03178576670158928,0,0,FOLLOWING,1.5068588701730419,0.44604130034598727,0
37.024,-0.8355861263562778,0.14137215168871778,-1.8238877958764481,-1.1794558953501602,-1.2854386214510045,0.2562540367096275,0.22435021071391265,0.23343747117685335,0.19317138738874562,1.4676632448812903,0.016595620122641153,-0.032336755118709704,0,0,FOLLOWING,1.4891389186017845,0.4247097402206533,0
37.056,-0.8376217835043044,0.13345636955228818,-1.817372246143513,-1.1733843194319333,-1.2939231492938845,0.2515806637508934,0.2215127529273141,0.25542450558323626,0.20361170167799966,1.46633855959464,0.015545972792109453,-0.0336614404053599,0,0,FOLLOWING,1.4684351416804344,0.3593424295095676,0
37.088,-0.8395773211362515,0.12562469929671408,-1.8109776918929263,-1.1672590877108031,-1.3023037996110196,0.25661859910026635,0.22186349352175513,0.2522393367957114,0.19983058442708046,1.4650444150735882,0.014606418486851513,-0.03495558492641182,0,0,FOLLOWING,1.4836195631527131,0.389628969486741,0
37.12,-0.8415163109748303,0.11763697698702108,-1.8045729209385797,-1.1610803231224147,-1.3105798995948943,0.26701952211325986,0.21087058734639938,0.2568588501942354,0.20014982001362297,1.4635315522438401,0.013651913743955912,-0.03646844775615987,0,0,FOLLOWING,1.4955317027536612,0.3829084303773638,0
37.152,-0.8434778086654217,0.10932549288634387,-1.798468828273276,-1.1548481496768375,-1.318750784831405,0.2757144780728353,0.21045286820584716,0.26686794501280714,0.19075351981000183,1.4616269511204787,0.012997432714858316,-0.03837304887952131,0,0,FOLLOWING,1.4959135060550834,0.4012482928796611,0
37.184,-0.8454509752715387,0.10072787726694328,-1.7923832651622194,-1.1485626924560752,-1.3268157993532004,0.2708421165437333,0.2057583770493399,0.27565845134864503,0.19017446237044078,1.4593689258555274,0.012363288970866027,-0.040631074144472645,0,0,FOLLOWING,1.4761476217924896,0.3592971862964876,0
37.216,-0.8473410073563049,0.09225008844584778,-1.786442744660864,-1.14222407761156,-1.3347742956923405,0.2614448103810101,0.21505036530541985,0.2714225116116334,0.18564183993011507,1.457173503069604,0.011872622127594878,-0.042826496930395974,0,0,FOLLOWING,1.4654410994482014,0.37732400929933396,0
37.248,-0.8491168666110199,0.08404825236760602,-1.7802244912744183,-1.1358324323616102,-1.342625634932285,0.26432253273874784,0.2042944698627166,0.26223167484293197,0.19432105751463558,1.4551990229336547,0.011102165226496652,-0.04480097706634534,0,0,FOLLOWING,1.4846004041366159,0.36290137334328837,0
37.28,-0.8508562627633525,0.07576782432415861,-1.7743274145297971,-1.1293878849888932,-1.3503691867591678,0.2419512806345362,0.20227911181160527,0.26440789255675157,0.18428418633413024,1.4530817729781333,0.010654044965258569,-0.046918227021866654,0,0,FOLLOWING,1.4411055679294362,0.31380836921508787,0
37.312,-0.8524086348855753,0.06812939871964312,-1.7684034046752592,-1.1228905648378307,-1.3580043295124242,0.22397503669140734,0.2040205499219427,0.24356002660721074,0.185125850783904,1.4515570554517632,0.010172353104524136,-0.04844294454823683,0,0,FOLLOWING,1.4403392904260313,0.32444373414239885,0
37.344,-0.8538012745256987,0.061057805655394835,-1.7624456195017904,-1.1163406023120248,-1.3655304502346723,0.21630837117458782,0.2119441982049328,0.2252165728971438,0.1861813380448321,1.4505450528949315,0.009652679941512421,-0.04945494710506848,0,0,FOLLOWING,1.4517029460353672,0.3587841056446541,0
37.376,-0.855101877205951,0.054250096237882836,-1.7563213240880957,-1.109738128871618,-1.3729469447209466,0.1907083711745878,0.2099689601247291,0.2165839722545262,0.19138484292121827,1.4497348082956343,0.00896577632049711,-0.05026519170436572,0,0,FOLLOWING,1.414160791187862,0.28659756269690817,0
37.408,-0.8562140408420589,0.0481981245923615,-1.7501501838652058,-1.1030832770306769,-1.3802532175671813,0.1770585944468802,0.2076608049598185,0.19227525468051435,0.19284874220548462,1.4496267301252936,0.008221285954916668,-0.05037326987470636,0,0,FOLLOWING,1.4324470998101326,0.310108032625925,0
37.44,-0.8572082136641185,0.042600433170116574,-1.7441105070062868,-1.0963761803545107,-1.387448682218032,0.15876551979981038,0.1990669852768272,0.17765995530911535,0.18874050900475456,1.4499109588913532,0.007603259446639976,-0.05008904110864676,0,0,FOLLOWING,1.4175222418480171,0.272174038380924,0
37.472,-0.8580690095396675,0.03756662151892953,-1.7382975669600322,-1.0896169734570136,-1.3945327610139426,0.14312473375070586,0.19217010832223402,0.1595833765412177,0.18165492127897193,1.450697453311786,0.007204167832011831,-0.04930254668821399,0,0,FOLLOWING,1.416201767545758,0.2719028329612071,0
37.504,-0.8588172183143903,0.03303051286608738,-1.7327025596838759,-1.0828057919979388,-1.4015048852375438,0.1469065955831128,0.18278757731383705,0.1436651741955784,0.17484448631793728,1.4519169017382278,0.007016723809645242,-0.04808309826177215,0,0,FOLLOWING,1.4469156176076916,0.30533459699888427,0
37.536,-0.8595561559558863,0.02840955727548854,-1.727430955549161,-1.0759427726801998,-1.4083644951592857,0.14931036289083566,0.1565703361997848,0.14625170788599146,0.16473807708085453,1.4529772350753603,0.0071521887878041035,-0.04702276492463975,0,0,FOLLOWING,1.448368887493855,0.2637836478316173,0
37.568,-0.8602842653870849,0.023705885941385063,-1.7229135762025671,-1.069028053247103,-1.4151110400823992,0.14039254876123597,0.15862062354911682,0.14875083203015507,0.14116838366461484,1.4538803649484644,0.008042320598116603,-0.0461196350515356,0,0,FOLLOWING,1.4282086191136907,0.2878971436886201,0
37.6,-0.8609519136484336,0.019262261387646827,-1.7183381173363264,-1.0620617724796078,-1.4217439783870807,0.11782321331184792,0.17364044124257147,0.14042140228883182,0.14298336805810974,1.4549722191123768,0.00887535571804765,-0.04502778088762316,0,0,FOLLOWING,1.399134805236917,0.2933669063528416,0
37.632,-0.8614968699492068,0.015492444782172014,-1.7132394227551289,-1.0550440701935155,-1.4282627775739984,0.10472426542751632,0.1638937892493844,0.11901984153228282,0.1593345694614302,1.4566707455026087,0.00917944393120429,-0.043329254497391334,0,0,FOLLOWING,1.4110442141135704,0.23840874364030876,0
37.664,-0.8619618659503794,0.01215973482600976,-1.7084750782011957,-1.0479750872366886,-1.4346669143070199,0.1239879258920422,0.1701512667352017,0.10515252407185056,0.1488860864112878,1.4587351614103297,0.009813828885554488,-0.04126483858967034,0,0,FOLLOWING,1.4646925499261905,0.34965247428746243,0
37.696,-0.8624900909753749,0.00828188863476974,-1.7034966060763537,-1.0408549654862007,-1.4409558744552449,0.13492023018210272,0.18183755034248514,0.12232424281886493,0.15557762153995444,1.4601726344598478,0.010241159191362701,-0.039827365540152204,0,0,FOLLOWING,1.4578396053704645,0.351389447611037,0
37.728,-0.863047689187318,0.004027008699361561,-1.698251378242463,-1.0336838478455057,-1.4471291531342665,0.14173239951166333,0.18846442931453966,0.13411645860734422,0.16391375379675927,1.4611539633691342,0.010406185767725118,-0.03884603663086583,0,0,FOLLOWING,1.4559172410515933,0.33630621626724116,0
37.76,-0.8636123248965347,-0.00045898697929751904,-1.6928147133870486,-1.0264618782415624,-1.4531862547467114,0.15248183221485712,0.18862188348712966,0.14130089760459716,0.1698961962057933,1.461826423191088,0.010385240149552777,-0.03817357680891198,0,0,FOLLOWING,1.4667721188930358,0.33438001592339384,0
37.792,-0.8641940871147742,-0.005287575731227848,-1.6873728165278727,-1.0191892016219475,-1.4591266930220232,0.17011385574645413,0.19045284882076624,0.15199301663900924,0.1700596963865038,1.462077858558145,0.010366754393053679,-0.037922141441854906,0,0,FOLLOWING,1.483334981141443,0.3598055215615795,0
37.824,-0.8648141966875854,-0.010658118367124313,-1.6818001442450743,-1.011865963951946,-1.4649499910555037,0.17579895189866757,0.19278277671237892,0.16895583011266224,0.17414645883714563,1.4617075881389703,0.01023061588159968,-0.03829241186102972,0,0,FOLLOWING,1.4697481443322713,0.338165638009578,0
37.856,-0.8654260728282859,-0.016247093494084784,-1.6762373809520392,-1.0044923122116205,-1.4706556813465967,0.17383700822107365,0.1938127605584276,0.17569986760315578,0.1738368130317043,1.4610420114956861,0.01011382597401922,-0.03895798850431387,0,0,FOLLOWING,1.4590960275240967,0.31893843892032175,0
37.888,-0.8660010245144654,-0.02179022440206545,-1.6706449554575464,-0.9970683943928638,-1.4762433058364217,0.16762602108889024,0.19363846463797868,0.17414550078115537,0.1747637630222558,1.4603466785461372,0.009976836299969927,-0.0396533214538628,0,0,FOLLOWING,1.4514721166370643,0.30498298873455065,0
37.92,-0.8665251629089745,-0.027143871507819738,-1.665057709220384,-0.9895943594964263,-1.4817124159445447,0.187497230155013,0.184162737413015,0.1680919290712581,0.17460190526800418,1.4597656242059727,0.009853684509567806,-0.04023437579402733,0,0,FOLLOWING,1.4956943621846839,0.3470700984426858,0
37.952,-0.8670753728053379,-0.03306997469312035,-1.65961056308176,-0.9820703575289285,-1.4870625726049935,0.17967120489686297,0.19187036062715346,0.18599851337619994,0.17022373600227356,1.4585329345935583,0.009889410368841167,-0.04146706540644174,0,0,FOLLOWING,1.4543414851011613,0.323294461997818,0
37.984,-0.8675739878868876,-0.038813034224625245,-1.6540741032889852,-0.9744965394998455,-1.4922933463015047,0.17891236054397155,0.18824727919144535,0.18013629570404135,0.17301482098062612,1.4574077842657929,0.009846920285758731,-0.04259221573420713,0,0,FOLLOWING,1.4650613070795744,0.3098166645113169,0
38.016,-0.8680377007792706,-0.044526194403105755,-1.6486419851500167,-0.9668730574184812,-1.497404317102006,0.17447426642236696,0.17625099656989932,0.17911882758324918,0.16975411229615794,1.4562359929417623,0.009923018103527248,-0.043764007058237686,0,0,FOLLOWING,1.459555389381802,0.27797248372335825,0
38.048,-0.868459402941931,-0.0501034184567723,-1.6435555069593728,-0.9592000642909158,-1.5023950746923278,0.18516099400292757,0.1747596835112642,0.17477960929629202,0.15895278737099752,1.4551236794147309,0.010359278170111175,-0.044876320585269136,0,0,FOLLOWING,1.484101013638987,0.33525978865410233,0
38.08,-0.8688760518270437,-0.05600151294537181,-1.6385121223901606,-0.9514777141169279,-1.5072652184091497,0.19928214604724714,0.17506250117442318,0.18478123916655706,0.1576061004339863,1.4536125265728512,0.010860079087679832,-0.04638747342714877,0,0,FOLLOWING,1.4941247923707186,0.351607237124857,0
38.112,-0.8692933221921105,-0.062348306713997034,-1.633459780664249,-0.9437061618869227,-1.512014357272153,0.17626137902698275,0.16594938093747275,0.19877417844273532,0.1578860131985404,1.4515746377132412,0.011377444482606025,-0.048425362286758755,0,0,FOLLOWING,1.4353877843628584,0.2408301103050849,0
38.144,-0.869635600635786,-0.06805551103249786,-1.62846305711013,-0.9358855635787937,-1.5166421100154261,0.16332916643278514,0.13594356000001268,0.17865005076379986,0.1561479424717171,1.450100752479936,0.011964367059786872,-0.049899247520063916,0,0,FOLLOWING,1.4466908556242761,0.20404304733766537,0
38.176,-0.8699248968379603,-0.07330537940772722,-1.624493233485268,-0.9280160761548211,-1.521148105118056,0.153393856760956,0.11170721557947062,0.16429452051485036,0.12405715189356065,1.449007640941461,0.013595840307101037,-0.05099235905853905,0,0,FOLLOWING,1.4477191384945516,0.20763682281786083,0
38.208,-0.8701764929158297,-0.07821963742541246,-1.6212672060589723,-0.9200978575584955,-1.5255319808339702,0.15550403609239724,0.10054091027238811,0.15376484835746654,0.10081345367872344,1.4481730428476278,0.015992087354351318,-0.05182695715237218,0,0,FOLLOWING,1.4655682308238744,0.255197812931303,0
38.24,-0.870415726308541,-0.08318213012541346,-1.6183633185178081,-0.9121310667113711,-1.5297933852209629,0.1705573247661842,0.10331335677562298,0.1552625056189509,0.0907465638661392,1.4472125942632081,0.01873838746813128,-0.05278740573679186,0,0,FOLLOWING,1.488705279847505,0.3160654783171248,0
38.272,-0.8706636922982267,-0.08860849045341788,-1.6153796633302562,-0.9041158635098538,-1.533931976168964,0.1780939299599419,0.10290892868390314,0.16976535806140344,0.09323929985402478,1.44571056097675,0.021442358019515106,-0.05428943902325001,0,0,FOLLOWING,1.482167030643243,0.2946168565602675,0
38.304,-0.8709076229533932,-0.09429007010365059,-1.6124074496860847,-0.896052408822015,-1.5379474214274897,0.18847866192768806,0.13216542510282628,0.17771973857621684,0.09288174261776526,1.4438763133619656,0.024195464242680487,-0.056123686638034354,0,0,FOLLOWING,1.4879284331122948,0.37470135822930806,0
38.336,-0.871149010518764,-0.10030375139550907,-1.6085930626729668,-0.8879408644843387,-1.54183939863233,0.16630764687228797,0.14773598116907044,0.18808567585100947,0.11919973423191216,1.4416334446086085,0.026148675307152258,-0.05836655539139146,0,0,FOLLOWING,1.4354947788003531,0.2815477182078423,0
38.368,-0.8713423830677313,-0.1056592860432568,-1.604315393703277,-0.8797813932984981,-1.5456075953314148,0.17301204488374747,0.16638271484106174,0.16744953709758398,0.1336773609104981,1.439973038051581,0.027658499858852048,-0.060026961948419055,0,0,FOLLOWING,1.4781669090407699,0.3497726538901196,0
38.4,-0.8715183703948316,-0.11118514449776876,-1.5995150938637521,-0.8715741590280639,-1.5492517090099112,0.16932391345853634,0.18886193459860148,0.17277428371753203,0.15000965802780447,1.43806656559428,0.028679972874914084,-0.06193343440572008,0,0,FOLLOWING,1.4622136938807633,0.3476301971642875,0
38.432,-0.8716643582879684,-0.11660626356279782,-1.5940672370348996,-0.8633193263952417,-1.5527714471144967,0.16696263382506493,0.19864206789956787,0.16946774062353986,0.1702459465098755,1.436189428314864,0.029081479992768996,-0.06381057168513604,0,0,FOLLOWING,1.4641846952034094,0.32275207439852033,0
38.464,-0.8717783262538116,-0.12195097982478229,-1.5883371439487985,-0.8550170610775418,-1.556166527076857,0.15256423178062792,0.21463178033322008,0.1670575842713641,0.17906589737117437,1.4343134859541262,0.02922699793093675,-0.06568651404587378,0,0,FOLLOWING,1.4416089708225706,0.32061353857445396,0
38.496,-0.8718531610435944,-0.12685161960020735,-1.5821468247419965,-0.8466675297044737,-1.5594366763363636,0.14569161985257617,0.23500123421168925,0.15315102987290966,0.19344808745292336,1.4328064282413329,0.028929235730456915,-0.06719357175866714,0,0,FOLLOWING,1.4491771225580106,0.35119882164788746,0
38.528,-0.8718943945739539,-0.13152031949761891,-1.5753699464205577,-0.8382708998541908,-1.5625816323619581,0.1462485510695595,0.24026224796130052,0.1458977191851685,0.21177825250011162,1.4314562587009692,0.028064793143990796,-0.06854374129903085,0,0,FOLLOWING,1.461169957533272,0.3290700573302468,0
38.56,-0.8719034249451151,-0.13619476008750903,-1.5684410035079495,-0.8298273400501319,-1.565601142673228,0.1625930285175291,0.23253024314037402,0.146078696294763,0.21653032881623624,1.4300255254703953,0.027072234199530643,-0.0699744745296047,0,0,FOLLOWING,1.4902682831287672,0.33501495105016177,0
38.592,-0.8718783726790269,-0.14137061225954253,-1.5617338557440386,-0.8213370197576357,-1.5684949648606756,0.1593495820547276,0.22038221595876611,0.16176160378564355,0.2095991534657506,1.4280190286345373,0.026337554812698505,-0.07198097136546266,0,0,FOLLOWING,1.463370783115724,0.2800773457156303,0
38.624,-0.8718187491503016,-0.14647266268250994,-1.5553765566856173,-0.8128001093805417,-1.5712628666051804,0.1337495820547276,0.21950102177653819,0.159447359864147,0.19866626474905785,1.4260120353749746,0.025979250476612092,-0.07398796462502544,0,0,FOLLOWING,1.4201600715387759,0.26002168916229657,0
38.656,-0.8717384891173242,-0.15082315272421395,-1.5488612443576313,-0.8042167802577693,-1.573904625696648,0.10814958205472759,0.21391710958042773,0.13595591000698615,0.20360422580389484,1.4246824417689392,0.02547689547042964,-0.07531755823106079,0,0,FOLLOWING,1.396382954250279,0.2281156572506509,0
38.688,-0.8716482003124085,-0.15441357340216538,-1.5421854926299228,-0.7955872046598791,-1.5764200300518507,0.08922411237538964,0.21894605821636717,0.11221899925923007,0.20861801628137602,1.4240391981308125,0.02482674498350823,-0.07596080186918752,0,0,FOLLOWING,1.427613406864779,0.2885697586391105,0
38.72,-0.8715526510977775,-0.15730214994785174,-1.5358017758771405,-0.7869115557856161,-1.5788088777314533,0.07258927262574763,0.2108117086578007,0.09030561713290747,0.1994918345385914,1.4240244001244096,0.024478455563906598,-0.07597559987559044,0,0,FOLLOWING,1.4131462683129397,0.23558037715978386,0
38.752,-0.8714585109415582,-0.1596334368053189,-1.5297227981492831,-0.7781900077584316,-1.5810709769562248,0.05955449581604505,0.19231386815783036,0.07290650273285099,0.18996867403559808,1.42449418890927,0.024448164878354106,-0.07550581109073007,0,0,FOLLOWING,1.4153870194027736,0.2008802780512631,0
38.784,-0.8713687274075118,-0.16153916357639037,-1.5241765603755473,-0.7694227356229906,-1.5832061461224354,0.03867898742530009,0.18082659099107232,0.05961908903286737,0.17332042501148684,1.4253175065586288,0.02496646983267925,-0.07468249344137123,0,0,FOLLOWING,1.3964818565075237,0.19798880175646102,0
38.816,-0.8713002642830892,-0.16278689867829216,-1.5189615642867764,-0.7606099153416572,-1.5852142138164345,0.02549265005647433,0.17257093930350395,0.039043672891128735,0.16296904943121565,1.4267276615387676,0.025826656683668903,-0.07327233846123238,0,0,FOLLOWING,1.4039639341743209,0.20824175344796556,0
38.848,-0.871249092061316,-0.16360099050956087,-1.5139843044001668,-0.7517517237909641,-1.5870950188284132,0.01889178556652605,0.18496656853282376,0.02549037429593415,0.1555397581291357,1.4285009169345935,0.026938135161183263,-0.07149908306540653,0,0,FOLLOWING,1.4107544032268506,0.27746858244758016,0
38.88,-0.871207732289377,-0.1641940960763346,-1.5086501365478229,-0.7428483387580633,-1.588848410165346,0.027391385023746703,0.2085265841855193,0.018584936438297596,0.16669320444590366,1.4304251286104275,0.027709814754288464,-0.06957487138957252,0,0,FOLLOWING,1.4358475414169178,0.3399963856543224,0
38.912,-0.8711487068906951,-0.16503887130919692,-1.502637012366173,-0.7338999389371494,-1.5904742470631135,0.047431362783468003,0.22595634772901546,0.026480643646334644,0.18791074923888862,1.4320276654993351,0.02783028583496105,-0.06797233450066487,0,0,FOLLOWING,1.46117109242012,0.35446242662150373,0
38.944,-0.8710426102647177,-0.16651118174622065,-1.49612102853687,-0.7249067039258934,-1.5919723989978003,0.04316478763894835,0.22611995675131025,0.04615271972920467,0.20362523897775486,1.4329324425840269,0.027486125552010687,-0.06706755741597314,0,0,FOLLOWING,1.4277995425127676,0.27304353703857004,0
38.976,-0.8709344822389701,-0.16788664361579272,-1.4895996419502038,-0.7158688142218095,-1.5933427456961777,0.041631985201857104,0.2231612156003682,0.04311665050906965,0.20379405393088132,1.433865565649658,0.027160425046837577,-0.06613443435034205,0,0,FOLLOWING,1.4326075249789785,0.26685489304136406,0
39.008,-0.870821556573227,-0.16921216526660132,-1.4831631709915931,-0.7067864512186635,-1.5945851771453554,0.030420714249777978,0.22661916093028273,0.041573630369277345,0.20114041276070047,1.4347807284672434,0.026945027300865124,-0.06521927153275664,0,0,FOLLOWING,1.4147654305794142,0.27282211997871414,0
39.04,-0.8707304723677814,-0.17019317750061344,-1.4766271624226355,-0.6976597972028018,-1.5956995936016167,0.04244738610855201,0.2278526766322209,0.030781842620388283,0.20425099420393547,1.4359742340819313,0.026649472511524053,-0.06402576591806874,0,0,FOLLOWING,1.4539053286968693,0.30094019252002085,0
39.072,-0.8706001672080729,-0.17152387805023434,-1.4700552361398014,-0.6884890353495221,-1.5966859055984233,0.051846934142930345,0.22399244157331605,0.04179527159535048,0.20537344054062323,1.4367502459063883,0.026352903480941325,-0.06324975409361167,0,0,FOLLOWING,1.4553305048469294,0.2850807721309984,0
39.104,-0.87043053004901,-0.1731578795544417,-1.4635941070975633,-0.6792743497193667,-1.5975440339536005,0.05002367888694667,0.24059350800032525,0.05134600457282811,0.2019109851570381,1.4371557334270504,0.0262031981176003,-0.06284426657294961,0,0,FOLLOWING,1.4376938809556128,0.3332444646533338,0
39.136,-0.8702545040474182,-0.1747514571694345,-1.456655133420188,-0.6700159252544622,-1.598273909775691,0.03340461801302838,0.24976632271723959,0.05010041753246389,0.2168437980353863,1.43753666440587,0.025606073574459653,-0.062463335594129976,0,0,FOLLOWING,1.4110687448134842,0.3002295764509705,0
39.168,-0.870125385803174,-0.17583666972144155,-1.4494517805329963,-0.6607139477747714,-1.5988754744694889,0.019787825958909776,0.2533848678339402,0.03413841017523989,0.22510574915890544,1.438364553997308,0.024764713931348936,-0.061635446002691996,0,0,FOLLOWING,1.411440193278448,0.28744308613377795,0
39.2,-0.8700420573742202,-0.17648166356589326,-1.4421440643831878,-0.6513686039743982,-1.5993486797407404,0.029383090840030004,0.2625994169314752,0.020313904073499717,0.2283671448212735,1.4395723757213865,0.02383972781549804,-0.06042762427861348,0,0,FOLLOWING,1.4487845082839068,0.3352820047211842,0
39.232,-0.8699195208414784,-0.17739534260735637,-1.4345708008810876,-0.6419800814178105,-1.5996934876000237,0.03653545699579199,0.27592825108526936,0.02881856483113278,0.23666562419881945,1.4404472920917164,0.022684565073862295,-0.0595527079082836,0,0,FOLLOWING,1.4482633974175732,0.35324213983941494,0
39.264,-0.8697587006965274,-0.17853880553261892,-1.4266134617292099,-0.632548568536103,-1.5999098703657975,0.032786009173432926,0.28392044523856896,0.036092865850084914,0.24866816234785066,1.4410289208564033,0.021181400938912635,-0.05897107914359667,0,0,FOLLOWING,1.4324544269967405,0.3315283427701042,0
39.296,-0.8696034414658177,-0.17957999417683035,-1.4184256501444306,-0.62307425462319,-1.599997810666623,0.05615890086412068,0.27696277970288197,0.03289468278465022,0.2558705410759843,1.4416530142051927,0.01947844362551998,-0.05834698579480735,0,0,FOLLOWING,1.4812805482897355,0.33073423312155276,0
39.328,-0.8693315478213113,-0.18130053360067708,-1.4103215343276656,-0.6135573298320249,-1.5999573014425599,0.07397154960575227,0.28187621028596893,0.054452016294373816,0.25325500447236726,1.4415295611022372,0.01790216356047081,-0.05847043889776282,0,0,FOLLOWING,1.4798405512690476,0.3616968549765048,0
39.36,-0.8689524894656085,-0.1836006427013057,-1.402124965171373,-0.6039979851707762,-1.5997883459457312,0.07172483475416763,0.2809286404318184,0.07285990598510118,0.2561442213176942,1.4407596954963868,0.016280447274281906,-0.05924030450361317,0,0,FOLLOWING,1.4523158756277859,0.31971420518189353,0
39.392,-0.8685603306241437,-0.18587199574130528,-1.3940223075658935,-0.5943964124989938,-1.5994909577400642,0.06373232810204607,0.2652085213682512,0.07202331027786132,0.2532094533639093,1.4399598687894681,0.01479242342378706,-0.060040131210531866,0,0,FOLLOWING,1.4432137765254687,0.26322583557108026,0
39.424,-0.8681924079763639,-0.18789729430907204,-1.3863722922717698,-0.5847528045237596,-1.5990651607001998,0.06269479067874895,0.24344813091537124,0.06431502743618596,0.239064156889988,1.4393515053454655,0.01379315229692879,-0.06064849465453448,0,0,FOLLOWING,1.454032146028438,0.24569143272431082,0
39.456,-0.8678169287781125,-0.18987493027817487,-1.3793490627515215,-0.5750673547958187,-1.5985109890095772,0.08359738898913188,0.22692432837800378,0.0629009837514494,0.21947682751600384,1.4387348119181496,0.013460741453029222,-0.06126518808185044,0,0,FOLLOWING,1.492224798222654,0.2951405944706628,0
39.488,-0.8673062539123954,-0.19245970275176416,-1.3727245393533238,-0.5653402577056972,-1.5978284871576884,0.08965307184827939,0.21589794067078746,0.08234947490785303,0.20701711271414153,1.4374438712686104,0.013576307876343563,-0.0625561287313896,0,0,FOLLOWING,1.4747080600429872,0.28038007457355335,0
39.52,-0.8667356986827567,-0.19526749254008904,-1.3664948180172378,-0.5555717084797975,-1.597017709936508,0.09042818853615409,0.206789294330519,0.08953823417982815,0.1946794231687349,1.4358714081594963,0.014138965676864457,-0.06412859184050368,0,0,FOLLOWING,1.46820314798444,0.2730676851299274,0
39.552,-0.8661403002087026,-0.19810594164693673,-1.3605276287635375,-0.5457619031764822,-1.5960787224360928,0.08676289990612808,0.19630486489743196,0.09062777565834043,0.18647522516259354,1.4342141447888113,0.015014629242358746,-0.06578585521118874,0,0,FOLLOWING,1.4614011040389043,0.2564880414644263,0
39.584,-0.8655510227125902,-0.2008316297459043,-1.3548625382885102,-0.5359110386821384,-1.5950116000393577,0.07355980147295156,0.19643729101401003,0.08713831440214177,0.17703455586743605,1.4326200852420894,0.016242420248216538,-0.06737991475791061,0,0,FOLLOWING,1.442687537028944,0.2710382127871492,0
39.616,-0.8650343401369873,-0.20315521505782283,-1.349179455094335,-0.5260193127072261,-1.5938164284160226,0.04795980147295157,0.1929877538371103,0.07437196775494374,0.17759682922472803,1.4313873686609444,0.017498914221409922,-0.0686126313390556,0,0,FOLLOWING,1.3890795138416012,0.24119448567611415,0
39.648,-0.864681683479256,-0.20470075454913436,-1.3435422060194029,-0.5160869237823116,-1.592493303515736,0.022359801472951572,0.19663902532776828,0.04951836043050267,0.1761644998726553,1.4309040727649733,0.018840940569678777,-0.06909592723502667,0,0,FOLLOWING,1.4018073064148535,0.26451521992090427,0
39.68,-0.864506610163191,-0.20543985454333002,-1.3378072199678386,-0.5061140712540757,-1.5910423315603706,0.0,0.20279781690089718,0.023718035434826968,0.17921881038911616,1.4312020948354849,0.020118386660008758,-0.06879790516451512,0,0,FOLLOWING,1.4027801106385969,0.2754807118592703,0
39.712,-0.8644957754205913,-0.20546842455598543,-1.331911431643826,-0.49610095528133,-1.5894636290354986,0.0,0.1915761390845354,0.0009356083320363899,0.184243940464834,1.4321862551804245,0.021265093159170467,-0.06781374481957547,0,0,FOLLOWING,1.404296229714552,0.21796542521185427,0
39.744,-0.8644942146583784,-0.2054536845094528,-1.3263835057158637,-0.486047776830973,-1.5877573226810349,0.0,0.19035857034551126,-0.00042706805926763806,0.1727481661519314,1.4331730720351412,0.02281837319475577,-0.06682692796485878,0,0,FOLLOWING,1.4379619303214772,0.2627545957101679,0
39.776,-0.8644938115602515,-0.20543861610044103,-1.3208907041729334,-0.4759547376739883,-1.5859235494810693,0.0,0.20736996143515857,-0.00044476079287402944,0.17165051240734314,1.4341203796150839,0.024448225018759647,-0.06587962038491613,0,0,FOLLOWING,1.4178538368119469,0.3140419285004958,0
39.808,-0.8644936343795921,-0.20542627548593764,-1.314908114755464,-0.46582204038136243,-1.5839624566528614,0.0,0.2137164010642427,-0.0003648082432789478,0.1869564975617651,1.435026495451347,0.025630396809300793,-0.06497350454865303,0,0,FOLLOWING,1.4422066103835995,0.29840206441212797,0
39.84,-0.864493568836716,-0.20541639750958615,-1.3087422625171823,-0.4556498883200508,-1.5818742016350298,0.006284595727541165,0.22442942402937868,-0.00029211420455915293,0.19268350556425795,1.4358931860121946,0.02667201126327301,-0.06410681398780538,0,0,FOLLOWING,1.4713070887838777,0.3380708886242197,0
39.872,-0.8644437122533161,-0.20559440592061956,-1.3022677270802627,-0.44543848564886446,-1.5796589520749051,0.03151587306789185,0.22658222748605977,0.0057860818520077215,0.20232994744273375,1.4365301099942287,0.02745277788839595,-0.0634698900057713,0,0,FOLLOWING,1.4855671983663095,0.3262627086863938,0
39.904,-0.8641850276392599,-0.2065172559261917,-1.295677702107167,-0.43518803731440503,-1.5773168858150786,0.03691447287435639,0.22290585765597787,0.029973096329210122,0.20593902615552917,1.436359997706457,0.028179641250774656,-0.06364000229354305,0,0,FOLLOWING,1.4617806156299622,0.28338475881916764,0
39.936,-0.8638644364860113,-0.20764607724621875,-1.2892457872241372,-0.4248987490469187,-1.574848190879117,0.029224275852559014,0.20298952764314557,0.03667470220700846,0.2009980332459019,1.4359430679073384,0.029121456236701482,-0.06405693209266161,0,0,FOLLOWING,1.4427950229716662,0.210488222954035,0
39.968,-0.8635985095914913,-0.20855828590652192,-1.2833855605486277,-0.414570827356199,-1.5722530654564757,0.03720067750541748,0.18404106590068017,0.029684593885174426,0.18313261237247494,1.435719092018141,0.030680922765804253,-0.06428090798185893,0,0,FOLLOWING,1.4685978451230584,0.2253689519385615,0
40.0,-0.8632610639886653,-0.20968986347358254,-1.278063995902826,-0.4042044795274111,-1.56953171788658,0.04660270670997637,0.16683570575849757,0.03690489387481101,0.16629928846367145,1.4352361536522875,0.03283611513120332,-0.06476384634771248,0,0,FOLLOWING,1.4749058057897084,0.22602014490826539,0
40.032000000000004,-0.8628313176384327,-0.21110440442200099,-1.273233184955735,-0.39379991361696254,-1.5666843666421073,0.049684620005717925,0.15384836680237451,0.04620497225584207,0.15096313683637752,1.434429326223853,0.03554425393939842,-0.065570673776147,0,0,FOLLOWING,1.4680113412144884,0.22105329105205657,0
40.064,-0.8623626400109353,-0.2126237407942892,-1.2687905117356864,-0.38335733844829534,-1.56371124031144,0.046459117656839514,0.14146723495804409,0.049686676147354655,0.1388337687173256,1.4334864876505193,0.0387017196909063,-0.06651351234948066,0,0,FOLLOWING,1.458887062542648,0.20566827386182707,0
40.096000000000004,-0.8619149314750705,-0.2140515194591015,-1.2647044897300255,-0.37287696360772804,-1.5606125775803223,0.03282146948705485,0.1519574279510871,0.04675459525051165,0.12768836818776358,1.432614678573538,0.04227205452822935,-0.06738532142646192,0,0,FOLLOWING,1.4379015840544953,0.2643366143725088,0
40.128,-0.8615888314312906,-0.2150763680278361,-1.2603052596183644,-0.36235899944021766,-1.5573886272126902,0.02498726977914445,0.17153530253515634,0.03359559896117518,0.13747616341589275,1.4321426696763775,0.04557467227178735,-0.06785733032362251,0,0,FOLLOWING,1.4425267458207915,0.30361114868775224,0
40.160000000000004,-0.8613382257598158,-0.21584827005136795,-1.2553539428742635,-0.3518036570451617,-1.5540396480307064,0.004979103210091325,0.17519946693839747,0.025354535153032407,0.15472896401568756,1.4319153748785118,0.04837170739964747,-0.06808462512148816,0,0,FOLLOWING,1.419301934693819,0.24890618125154565,0
40.192,-0.8612783397363104,-0.21602899353539345,-1.2502687474488954,-0.34121114827214916,-1.5505659088939794,0.0,0.18512303113567097,0.005935175295530372,0.1589126999223588,1.4322914026455058,0.05106687412723021,-0.0677085973544942,0,0,FOLLOWING,1.4027966080862755,0.2715908107606893,0
40.224000000000004,-0.8612756240590884,-0.21602985492531424,-1.2449258366422942,-0.33058168571671276,-1.5469676886779793,0.0,0.20739847546385445,5.17832038714722e-05,0.16696636468356557,1.4328403866124022,0.05354647683354208,-0.0671596133875978,0,0,FOLLOWING,1.4482284998583905,0.333464647845295,0
40.256,-0.8612762139301083,-0.21602209131029906,-1.2389415059283042,-0.31991548271606085,-1.5432452762516495,0.0,0.2254816896739368,-0.0002310082162978859,0.1870109018728498,1.433385092690192,0.05543450562024387,-0.0666149073098079,0,0,FOLLOWING,1.4543514777108975,0.3335122662220881,0
40.288000000000004,-0.8612769958824252,-0.21601508293913696,-1.232436075376661,-0.30921275334479636,-1.5393989704542164,0.0,0.2521624218239324,-0.00021071761544630007,0.20329542769266928,1.4339176551054702,0.05685206364634943,-0.0660823448945298,0,0,FOLLOWING,1.434200611073365,0.36465475483817955,0
40.32,-0.8612776807460566,-0.21600941895908263,-1.2251621961949795,-0.2984737124106198,-1.5354290800711974,0.0,0.2734275340043958,-0.00017055398256742417,0.22730973039904637,1.4344394545965762,0.057552182341555236,-0.06556054540342382,0,0,FOLLOWING,1.4277953038380065,0.35889569699187085,0
40.352000000000004,-0.8612782634353965,-0.21600489847950854,-1.2172754984004546,-0.2876985754500172,-1.5313359238096123,0.004040750751133997,0.28178662420125544,-0.00013625372297879833,0.24646058584873923,1.4349527395232733,0.05769082108339729,-0.06504726047672671,0,0,FOLLOWING,1.4777266179498973,0.3530612281167309,0
40.384,-0.8612359188364573,-0.21611717367902275,-1.2091464977852378,-0.27688755872393633,-1.5271198302723965,0.011996521172200163,0.2907285634989652,0.003755057214584523,0.2540326697285658,1.4353365359946342,0.05764440452712405,-0.06466346400536582,0,0,FOLLOWING,1.4623240466534797,0.34943257485685614,0
40.416000000000004,-0.8611041131076069,-0.21646188650150003,-1.2007523195526746,-0.2660408792134441,-1.52278113793202,0.005392132769578657,0.2895198844793144,0.011540260772182509,0.2623196102361954,1.4354686478605423,0.05739636870080833,-0.06453135213945771,0,0,FOLLOWING,1.4409316673618406,0.30913663552353987,0
40.448,-0.8610377965091367,-0.2166323083810426,-1.1923934946412387,-0.25515875461537285,-1.518320195103316,0.01661568138444882,0.28059573421744244,0.00570956628648347,0.26121479942165376,1.4357857666955762,0.057230087906209315,-0.06421423330442377,0,0,FOLLOWING,1.4713692497761253,0.29996495020047387,0
40.480000000000004,-0.8608462890068953,-0.2171080908244378,-1.184281614212658,-0.24424140333795297,-1.5137373599155173,0.009200976934509884,0.28473532259523016,0.016036050210423022,0.25349765334623764,1.4357747199663589,0.057377773215237626,-0.06422528003364114,0,0,FOLLOWING,1.4417783818708316,0.3264113126790123,0
40.512,-0.8607302718944126,-0.21739207338166874,-1.176061077678075,-0.23328904449641819,-1.5090330002835008,0.0,0.29382207392916204,0.009580087194110014,0.256893214130728,1.4359731118257493,0.0574642015398834,-0.06402688817425073,0,0,FOLLOWING,1.412053137756636,0.34143836177646736,0
40.544000000000004,-0.8607240566088065,-0.21740640225482996,-1.167576010742582,-0.22230189790863308,-1.504207493878262,0.0,0.303743913446745,0.000480369849639725,0.2651599318007424,1.4364678562789512,0.05732745892743996,-0.06353214372104876,0,0,FOLLOWING,1.4142510892371971,0.35151644842046176,0
40.576,-0.8607236664155244,-0.21740490257658696,-1.1588153194414839,-0.21128018409064708,-1.4992612280965802,0.0,0.30237551671578444,-3.733862240179095e-05,0.27377335491507115,1.436987291526923,0.05696683573032013,-0.06301270847307694,0,0,FOLLOWING,1.418381978872867,0.3197116141618,0
40.608000000000004,-0.8607238526631611,-0.21740284522738737,-1.1500922947466168,-0.20022412425230307,-1.4941946000299338,0.0,0.3201205998865793,-5.9754082395172795e-05,0.2725962512512714,1.4375176786261041,0.056697083406191506,-0.062482321373895866,0,0,FOLLOWING,1.4127591821410412,0.38785880222599206,0
40.64,-0.8607240639990981,-0.21740089575913335,-1.1408597904723095,-0.18913394029276542,-1.4890080164326056,0.0,0.32835431727122444,-5.702657933353438e-05,0.2885178085844843,1.438060486769373,0.05597099789479554,-0.061939513230627075,0,0,FOLLOWING,1.4499564626029693,0.3789206878052107,0
40.672000000000004,-0.8607242550601801,-0.21739905768369308,-1.1313874932837331,-0.1780098547960982,-1.4837018936890431,0.0,0.32746181466368796,-5.3637894443754605e-05,0.2960115007914246,1.4386180260246768,0.055058281989865065,-0.06138197397532319,0,0,FOLLOWING,1.4756072688808368,0.36814622535874564,0
40.704,-0.860724424686696,-0.21739731636846826,-1.1219388076003987,-0.16685209102676501,-1.4782766577804163,0.0,0.3141077210306519,-5.061804417029904e-05,0.2952736246023604,1.4391926657046674,0.05422233935388765,-0.06080733429533258,0,0,FOLLOWING,1.434996534201427,0.3030048998789734,0
40.736000000000004,-0.8607245747203457,-0.21739565539337788,-1.112872824375352,-0.15566087292518205,-1.472732744250435,0.0,0.3164378003323994,-4.806454996273411e-05,0.28331391642799286,1.4397868002760723,0.053822221746035126,-0.06021319972392769,0,0,FOLLOWING,1.4119967230639436,0.34905663255559155,0
40.768,-0.8607247049195671,-0.21739406348819126,-1.1037416742300268,-0.14443642510318844,-1.4670705981703651,0.0,0.33891138141786076,-4.5798566985167716e-05,0.2853504247831725,1.4404028398811053,0.05340998038054878,-0.05959716011889471,0,0,FOLLOWING,1.4145925808093531,0.423896220818919,0
40.800000000000004,-0.8607248188362435,-0.217392788269447,-1.093965253272902,-0.13317897283957425,-1.4612906741033171,0.0,0.3508972148683972,-3.667194586423397e-05,0.3055155883645611,1.441042993254879,0.052405483329056146,-0.058957006745121054,0,0,FOLLOWING,1.444773679868502,0.4117917480357491,0
40.832,-0.8607249145019121,-0.21739156883529384,-1.0838417195241328,-0.12188874207552214,-1.4553934360677339,0.0,0.3584290841029616,-3.4788383325418e-05,0.31636313157926954,1.4417099267733042,0.05110663918294467,-0.05829007322669577,0,0,FOLLOWING,1.4420415879486155,0.40370970943635043,0
40.864000000000004,-0.8607249965810364,-0.21739039723121528,-1.073500257230292,-0.11056595941010983,-1.449379357500158,0.0,0.35986491605728815,-3.317142501875002e-05,0.32317357687699694,1.4424061076110855,0.04964242926847007,-0.05759389238891455,0,0,FOLLOWING,1.469364685436435,0.4025464333999855,0
40.896,-0.8607250671527611,-0.21738926629051558,-1.063116490034455,-0.09921085209572778,-1.4432489212172053,0.0016078010458755853,0.3550437729639883,-3.177264463773871e-05,0.32449564054929897,1.4431340177928424,0.04818822860108596,-0.05686598220715755,0,0,FOLLOWING,1.4651272999227234,0.3802645661582045,0
40.928000000000004,-0.8607011801318637,-0.2174303716419941,-1.0528698140700752,-0.08782364803354237,-1.4370026193768182,0.027207801045875585,0.34918498241608237,0.001487021700846701,0.32021142559219035,1.443847688320123,0.046924775555455156,-0.056152311679877,0,0,FOLLOWING,1.4936462099539227,0.39556992984725264,0
40.96,-0.860287413370079,-0.21815108487888596,-1.0427762200658262,-0.07640457576891224,-1.4306409534387479,0.031381581869720176,0.3341038396362453,0.02598941300489155,0.31542748624325534,1.44381577233592,0.04589545376236026,-0.056184227664080044,0,0,FOLLOWING,1.4664081869579098,0.34134137890594146,0
40.992,-0.859781866354621,-0.21901436128729557,-1.0331305508965736,-0.0649538644868024,-1.4241644341242974,0.04508503160130301,0.3216081973249093,0.031263040748455644,0.3014295087598796,1.443654477571493,0.04537709632297848,-0.05634552242850699,0,0,FOLLOWING,1.485037242222913,0.3565116677347174,0
41.024,-0.8590479043828074,-0.22023945030233444,-1.0238407941959013,-0.053471744007185684,-1.4175735813753225,0.04930279819544597,0.3140450652221044,0.04463460843278609,0.29030699604830007,1.4431084406924648,0.04528682317818644,-0.0568915593075352,0,0,FOLLOWING,1.4733855039805654,0.3596663819346043,0
41.056,-0.8582241000614331,-0.2215864142123648,-1.014776107820601,-0.0419584447804211,-1.4108689243124835,0.04436904658610735,0.29600512007733615,0.04933842577286817,0.2832734090874573,1.442457108139226,0.04548672308523094,-0.057542891860774104,0,0,FOLLOWING,1.4604089654211037,0.3114763035475076,0
41.088,-0.8574636717867192,-0.2228053184861926,-1.0062321057698647,-0.030414197882651983,-1.4040510011927814,0.027293289910368116,0.2820634878072637,0.04488555532657582,0.2670017063294941,1.441995906789596,0.04626258303804276,-0.058004093210404006,0,0,FOLLOWING,1.4369045267727265,0.30762110496491,0
41.12,-0.8569767389188917,-0.2235697498601207,-0.9980840642867468,-0.018839235011134603,-1.3971203593663253,0.04652543168835415,0.2931749168683198,0.028305403479403937,0.2546277120365376,1.4421149428977946,0.047473500326639544,-0.05788505710220537,0,0,FOLLOWING,1.4911550867914247,0.41962377773297016,0
41.152,-0.8561793457292648,-0.22479680751159967,-0.989617575005176,-0.0072337884796245255,-1.3900775552324132,0.0635602060000908,0.32914168798819915,0.0457437575058097,0.26457936881370026,1.4417308279227024,0.048441370957027496,-0.05826917207729765,0,0,FOLLOWING,1.489928673196278,0.5117024200892341,0
41.184,-0.855070415921166,-0.22647564711387774,-0.9801179466571577,0.004401908786323183,-1.3829231541948412,0.08570067834758296,0.3407866277710989,0.06288591938939223,0.2968656175601835,1.4408551327499481,0.048456804334435,-0.05914486725005186,0,0,FOLLOWING,1.5068093332687198,0.45886088022958044,0
41.216,-0.8535520142770077,-0.22872866701619113,-0.9702781939485166,0.01606762325399136,-1.375657730616535,0.07545012719497814,0.35452719328821075,0.08491476604320719,0.3074947660409055,1.4393347737447002,0.04822033035848983,-0.0606652262552998,0,0,FOLLOWING,1.4581084552060595,0.44336527868635656,0
41.248,-0.8521682753160759,-0.230738604537921,-0.960050817687376,0.02776312078822274,-1.3682818677734174,0.06383462572352439,0.36735927735700863,0.07623981322686357,0.3196083405781475,1.4381529604261578,0.047649669694944996,-0.06184703957384219,0,0,FOLLOWING,1.450859227265354,0.4471282802445364,0
41.28,-0.8509754289170393,-0.2324304473509331,-0.9494528576048381,0.039488166656094004,-1.3607961578075989,0.044137068623415696,0.3946871236533348,0.06467330905150584,0.3311893735595727,1.4374055070074723,0.04675404943355477,-0.06259449299252773,0,0,FOLLOWING,1.4281305767641788,0.5001525332661927,0
41.312,-0.8501272541325469,-0.23360257943490953,-0.9380654690634673,0.05124252553163822,-1.353201201679832,0.027069602110827394,0.42150170098690076,0.04519374126711114,0.3558597385492056,1.437347750067669,0.045101778362576894,-0.06265224993233098,0,0,FOLLOWING,1.4234996983924457,0.5148157492764395,0
41.344,-0.8495939572678864,-0.234317062554907,-0.9259066356421359,0.0630259615005655,-1.3454976091212674,0.03405376098560133,0.4267743205410367,0.027847865565498328,0.37996822174043904,1.437914226649299,0.04270873179239565,-0.06208577335070098,0,0,FOLLOWING,1.4626575261600756,0.4730073942334082,0
41.376,-0.848940887390403,-0.23517157199312527,-0.9135989761767501,0.07483823806499834,-1.337685998584504,0.04624005776760759,0.440548984746289,0.03361705840143052,0.3846192272455053,1.438369192338762,0.04022052282438082,-0.06163080766123796,0,0,FOLLOWING,1.4722335782854234,0.5145679475376268,0
41.408,-0.8480440097068883,-0.23632038628636828,-0.9008917130311598,0.08667911814821738,-1.3297669971939388,0.07184005776760759,0.4490858114951252,0.04555675671830639,0.39710732169749885,1.4385175760665854,0.037393265788421386,-0.06148242393341463,0,0,FOLLOWING,1.4998807503964249,0.5254056218160004,0
41.44,-0.8466331529735197,-0.23808666082163502,-0.8879319379352273,0.09854836409942092,-1.3217412406954203,0.08891048815722494,0.4479501903330556,0.07066157063946477,0.40499863496602156,1.4379413578785942,0.034386997629867515,-0.06205864212140577,0,0,FOLLOWING,1.4943361716433836,0.49500786078432135,0
41.472,-0.844843184256003,-0.2402719309256575,-0.8750069531380069,0.11044573769849286,-1.313609373405211,0.11138895177936287,0.4445674903925724,0.08828171776364496,0.40391141211086184,1.4368821071464184,0.03148298302533925,-0.0631178928535816,0,0,FOLLOWING,1.5094233817980367,0.501770608112403,0
41.504,-0.8425643249706226,-0.24298305363816916,-0.8621778740442333,0.12237100016078561,-1.3053720481582602,0.11769606718221853,0.43099639946714413,0.11068452896731357,0.4009142550907484,1.4351900770852153,0.028746591732987326,-0.06480992291478471,0,0,FOLLOWING,1.490875071746407,0.4527758393482714,0
41.536,-0.8401009312910694,-0.2458379674019096,-0.849744936312603,0.1343239121419122,-1.2970299262557945,0.09428312549809315,0.41652171528402365,0.11783000591798115,0.38853438540662744,1.4333556117929906,0.026466758183426586,-0.06664438820700935,0,0,FOLLOWING,1.4409571418324996,0.4165622832315326,0
41.568,-0.8380675448684249,-0.24813201528593046,-0.8377262171332807,0.14630423374254908,-1.288583677412227,0.09829625610093752,0.39556862317923086,0.09576782864017236,0.37558956141982675,1.4323154190844645,0.024638947734533345,-0.06768458091553553,0,0,FOLLOWING,1.480982789172966,0.412445424893346,0
41.6,-0.8359487111243591,-0.25046276169910037,-0.8263179432794244,0.1583117245132517,-1.2800339797013924,0.0841407364360143,0.37722233672307365,0.09843007696132797,0.3565124331701628,1.4312828884651052,0.0234740600699227,-0.06871711153489479,0,0,FOLLOWING,1.4503883081908182,0.3929060761169673,0
41.632,-0.8340959378838348,-0.2524517055074114,-0.8154371540121933,0.17034614345928012,-1.2713815195021108,0.0659325947938206,0.35843872481800304,0.08492896308386348,0.34002802384363773,1.430776663431495,0.022878920286025894,-0.0692233365685051,0,0,FOLLOWING,1.4378650617564788,0.3773730263970835,0
41.664,-0.8326194054060112,-0.2539982416463056,-0.8050984138456059,0.18240724904543404,-1.262626991443085,0.05902809268670773,0.3480165534549689,0.06680305668041914,0.32308850709181075,1.4309476105586494,0.02286179827132684,-0.06905238944135061,0,0,FOLLOWING,1.4501265420632146,0.4046202321752569,0
41.696,-0.8312947756527047,-0.25535530647258914,-0.795063195048025,0.19449479920091228,-1.253771098347128,0.06720082705387295,0.3453807517517307,0.059257874527222726,0.3136032304644552,1.431460214376504,0.023187431565242278,-0.06853978562349594,0,0,FOLLOWING,1.4728303310064357,0.4418125754574608,0
41.728,-0.8297907512136231,-0.2568695776860368,-0.785103944115932,0.20660855132414424,-1.244814551174757,0.06670914699087985,0.3238291616291448,0.06670499607156247,0.3112291800720134,1.4318375553610818,0.023637025648379772,-0.06816244463891818,0,0,FOLLOWING,1.46342663758582,0.3671904360118104,0
41.76,-0.8282742251619097,-0.25836746229375557,-0.775765250451405,0.21874826228769528,-1.2357580689670924,0.06333484782285431,0.30603451800269926,0.06661262595675185,0.2918363027952124,1.4323227594499892,0.024749615097214184,-0.06767724055001079,0,0,FOLLOWING,1.4581820604118405,0.36523156822121716,0
41.792,-0.8268173779793041,-0.25977986823007565,-0.766939465399685,0.23091368844310844,-1.226602378788159,0.07142766303689753,0.2979717013170522,0.06340829368753896,0.27580757683465673,1.4330180654119227,0.026414172572080563,-0.06698193458807733,0,0,FOLLOWING,1.4759407780953193,0.4023430551828638,0
41.824,-0.8251734614677425,-0.26134864649365774,-0.7583459590988587,0.2431045856258327,-1.217348215666489,0.06019187394000536,0.2929393997750013,0.07101790782499681,0.26854872778059485,1.4335805391259682,0.02835696911678731,-0.06641946087403183,0,0,FOLLOWING,1.4447354340234133,0.38747722901980125,0
41.856,-0.8237573185523163,-0.2626754572248231,-0.7498977104448532,0.2553207091600851,-1.2079963225361412,0.034591873940005353,0.29129014019479904,0.060635077219565695,0.26400934121345876,1.434587372133404,0.030476182679930575,-0.06541262786659607,0,0,FOLLOWING,1.4115843716266239,0.38432429089150016,0
41.888,-0.8229156687888924,-0.26344556862857227,-0.7414975298318349,0.26756181386379896,-1.1985474501770286,0.021289576001774738,0.30673134748975717,0.0356311756602443,0.262507188402964,1.4365084994694652,0.032656195423627965,-0.06349150053053476,0,0,FOLLOWING,1.4252991483040425,0.44809623569615376,0
41.92,-0.8223979734401382,-0.2639071267519692,-0.7326531763229294,0.2798276540535083,-1.1890023571546755,0.021969450006037637,0.3275959053056478,0.021667096039058018,0.2763878712830637,1.438993578588035,0.0344053636975713,-0.061006421411964995,0,0,FOLLOWING,1.4422551548642553,0.4833329647436536,0
41.952,-0.8218779690726189,-0.2643640513042168,-0.7232074524627827,0.29211798354931506,-1.1793618097592875,0.03430266878377441,0.339334940132548,0.02163849262774724,0.2951811011900806,1.441599070628118,0.0355739030262453,-0.058400929371881904,0,0,FOLLOWING,1.4640880989860283,0.4746205230347549,0
41.984,-0.8210703268560284,-0.2650675551883833,-0.713422741973182,0.30443255567979355,-1.1696265819442642,0.059588469008472575,0.33466365203977255,0.03348627703400051,0.30577466600024655,1.4439472883322266,0.036433894770496855,-0.05605271166777337,0,0,FOLLOWING,1.4931487734394264,0.44560847685407806,0
42.016,-0.8196551462975423,-0.2662836358880697,-0.703770698706259,0.3167711232869781,-1.1597974552640344,0.07370253969165332,0.33022400710963684,0.058331719079385655,0.30162869497816464,1.4456249899671814,0.037471043239677426,-0.05437501003281864,0,0,FOLLOWING,1.4833107285052245,0.4341135698156109,0
42.048,-0.817867272811079,-0.26779244681856973,-0.694246737744599,0.32913343873128587,-1.1498752188113432,0.0547251064707938,0.34791136755051966,0.07311701136847644,0.2976260312447321,1.4469556485687964,0.03867461983098519,-0.05304435143120356,0,0,FOLLOWING,1.4262756082845196,0.476897226663566,0
42.08,-0.8164924150414199,-0.2689276794587321,-0.6842140695208674,0.34151925389652327,-1.1398606691538737,0.0291251064707938,0.37109358994985414,0.055698941627881415,0.3135235259496094,1.4489704268672146,0.039374499337033075,-0.051029573132785444,0,0,FOLLOWING,1.3848042572183425,0.49585493968146027,0
42.112,-0.8157350119562048,-0.2695355808882435,-0.6735141147680233,0.35392832019483866,-1.1297546102703189,0.023310169066035762,0.3815057328224182,0.030327354841560607,0.33437677007545696,1.451925992979574,0.03939569884813454,-0.04807400702042597,0,0,FOLLOWING,1.4463615102355483,0.48632116447850704,0
42.144,-0.8151430830423306,-0.2699984435146873,-0.6625137801817664,0.36636038857172504,-1.1195578534858277,0.02477636744932213,0.37112166893547205,0.023478736838153824,0.34376392994070054,1.4552325053085424,0.03911703662832744,-0.04476749469145758,0,0,FOLLOWING,1.4459245429637264,0.4189517568540115,0
42.176,-0.8145202109195407,-0.27047575344274205,-0.6518119354822424,0.3788152095110138,-1.1092712174068728,0.027370921036946966,0.3801556115006359,0.024527462790702483,0.33443585193253184,1.4586388367313445,0.03914231460469242,-0.041361163268655465,0,0,FOLLOWING,1.4455107229478665,0.4829831812594899,0
42.208,-0.8138274693387336,-0.27099654866693573,-0.6408501555509558,0.39129253303988554,-1.0988955278555328,0.024857511506485228,0.3781862058008943,0.02708871744914377,0.34255906105927325,1.462098129358821,0.03891281912609623,-0.03790187064117889,0,0,FOLLOWING,1.438883393466786,0.44645578583156886,0
42.24,-0.8131868315542214,-0.27146712297173664,-0.6299448184484482,0.4037921087338845,-1.0884316178031928,0.0,0.3927268511693097,0.02484078346032168,0.34079516462651327,1.4657655770688496,0.03873767829495589,-0.03423442293115042,0,0,FOLLOWING,1.3934457022166353,0.48877898536946635,0
42.272,-0.8131586074052084,-0.27148097671360044,-0.6186209637265424,0.41631368572194627,-1.0778803273036741,0.0,0.39757186818032164,0.0009521264006856982,0.3538742357387022,1.4703339866164546,0.038115846204451735,-0.029666013383545353,0,0,FOLLOWING,1.4269330917286462,0.4755589824640245,0
42.304,-0.813161126735979,-0.2714733872876451,-0.6071573940052587,0.42885701269143284,-1.0672425034257933,0.01853857959447011,0.39358717306465807,-0.000196210312361839,0.35824050099901433,1.4750788266618224,0.0373431456138279,-0.02492117333817756,0,0,FOLLOWING,1.4685436877301357,0.4723568367742728,0
42.336,-0.8126993998118144,-0.27178956564137363,-0.5958081914131865,0.4414218378931749,-1.056519000185358,0.036962430138685845,0.4106344173468691,0.017506816892484133,0.3546664065801907,1.4793986495540732,0.036690893299024537,-0.020601350445926814,0,0,FOLLOWING,1.4683634571671749,0.5438587488251638,0
42.368,-0.8117428320535868,-0.272434069433773,-0.5839681453821651,0.4540079091465272,-1.0457106784766068,0.04408536917337697,0.4225894650778188,0.03606021702226857,0.3700057591204029,1.4832672223646761,0.03555550391341478,-0.01673277763532388,0,0,FOLLOWING,1.4553438238396805,0.5280409060845044,0
42.4,-0.8105706018547726,-0.27320434972334573,-0.5717832597067724,0.4666149738444276,-1.0348184060030943,0.05972173755239381,0.4272790490835315,0.043835885897632376,0.3807823943852998,1.4870302503637876,0.03407244483907391,-0.012969749636212446,0,0,FOLLOWING,1.4733493818014614,0.5222487759035243,0
42.432,-0.8089749490547304,-0.27422586792806014,-0.5594628404303033,0.47924277895846523,-1.0238430572080344,0.07489305980086365,0.41421737744175086,0.05921371886320599,0.38501798131547055,1.4904465254518489,0.032456579380724326,-0.009553474548151142,0,0,FOLLOWING,1.480691873906093,0.4697590682086995,0
42.464,-0.806952062519605,-0.27548605776799306,-0.5475181018281541,0.4918910710439719,-1.0127855132040877,0.08900388801608411,0.40138317078043834,0.074482743118083,0.37327754321410395,1.4935206635971305,0.03121859248583181,-0.006479336402869462,0,0,FOLLOWING,1.4843396888007818,0.46756864636869194,0
42.496,-0.8045242830104172,-0.2769581151651369,-0.5359429652746719,0.5045595962450806,-1.001646661702649,0.09400735501593627,0.38467492923744806,0.08872681874983576,0.36172709480198906,1.496286768106059,0.03035190404427268,-0.003713231893941016,0,0,FOLLOWING,1.4743221613524446,0.44012970825717923,0
42.528,-0.8019285494608107,-0.2784898191677521,-0.5248489973365186,0.5172481002998586,-0.9904273969425468,0.08946155204066662,0.3674687169806862,0.0941801544025608,0.3466901061797307,1.4990270671077377,0.02996098361050087,-0.0009729328922623015,0,0,FOLLOWING,1.4596402026810582,0.4197281915015837,0
42.56,-0.7994295949748671,-0.2799252446517702,-0.5142513063147353,0.52995632854537,-0.9791286196182908,0.10069175641104386,0.35749257012932795,0.09004589931113464,0.33118098722830575,1.5020493644412378,0.030052292268088084,0.002049364441237822,0,0,FOLLOWING,1.4841955150927937,0.455418234929709,0
42.592,-0.7966230772605256,-0.2814981726450182,-0.5039410584181886,0.5426840259228272,-0.9677512368077249,0.12629175641104387,0.3568158735709862,0.10053959765761009,0.3221981158419663,1.5048876319214295,0.030427399650760523,0.004887631921429492,0,0,FOLLOWING,1.5334020640577992,0.5290068490101244,0
42.624,-0.7931008829566996,-0.28342704183708506,-0.49364914651219843,0.5554309369826698,-0.956296161899243,0.15189175641104388,0.35297563564056494,0.1255042498311828,0.32162509561438496,1.5070802639946586,0.0308305092963343,0.007080263994658553,0,0,FOLLOWING,1.515363626459219,0.4969590017370172,0
42.656,-0.7888347978882098,-0.2857082225045252,-0.4834642011319744,0.5681968058897321,-0.9447643145184257,0.17442018393077113,0.34897388082599407,0.15118665543761312,0.3182823337918464,1.508605218760948,0.031354189631873586,0.008605218760947997,0,0,FOLLOWING,1.5118381290576695,0.49041038849430146,0
42.688,-0.7838988963077976,-0.2882835162220579,-0.47339366723166837,0.5809813764283375,-0.9331566204542471,0.18946198770034625,0.3665183708629729,0.1739826176583295,0.3147069241557444,1.5095560537675727,0.03200674222314604,0.009556053767572736,0,0,FOLLOWING,1.5138124521561191,0.5632699522246919,0
42.72,-0.7784949424554471,-0.291032920379745,-0.4628212987224399,0.5937843920074803,-0.921474011584715,0.20057231674783868,0.378887576879997,0.18946847081807666,0.33038970750670843,1.5101677195840626,0.032168277315813565,0.010167719584062596,0,0,FOLLOWING,1.511286760016328,0.5532375851608927,0
42.752,-0.7727369453875248,-0.2938847592445255,-0.4518918303905634,0.6066055956659366,-0.9097174258020968,0.19169780060961306,0.37376752473369124,0.2007882624610042,0.34154941517025356,1.510574631972624,0.03197877912181302,0.010574631972624093,0,0,FOLLOWING,1.482576035956656,0.4763389628704981,0
42.784,-0.7671782282281709,-0.29655909464115005,-0.4411099656165033,0.6194447300774608,-0.8978878069375855,0.18848371317272464,0.36711646011764704,0.19274433469483582,0.33693666973134523,1.511396522667811,0.031923625229101533,0.011396522667810993,0,0,FOLLOWING,1.4882870055092818,0.47554092708182977,0
42.816,-0.761693738322824,-0.2991227909284959,-0.4305203447690985,0.6323015375559107,-0.8859861046855668,0.19619095641320197,0.3764931129558334,0.1891743477113416,0.3309288038373381,1.5124917778970437,0.032047905671032335,0.012491777897043699,0,0,FOLLOWING,1.501973213013514,0.5406937134153883,0
42.848,-0.7559770006742719,-0.3017219686032525,-0.4196549269158018,0.645175760060459,-0.8740132745273388,0.19789160148141605,0.376141624189987,0.19624031584229948,0.3395476729072389,1.5135211917085452,0.031891193287221786,0.013521191708545155,0,0,FOLLOWING,1.494446538609007,0.5070753247788294,0
42.88,-0.7501761542876232,-0.30428273386273025,-0.40880063036293196,0.6580671392007325,-0.8619702776544416,0.2179197154129198,0.37057013129875976,0.19814470321700445,0.33920012690581874,1.51464998272055,0.03173303736367994,0.014649982720549959,0,0,FOLLOWING,1.5251575773317405,0.522450987646574,0
42.912,-0.7437885955877501,-0.307023985325255,-0.39808092256461963,0.6709754162420356,-0.8498580808914578,0.23492205832723081,0.36634917088132857,0.21722090176108924,0.3349940884231854,1.5153303482996332,0.031711444407099,0.0153303482996332,0,0,FOLLOWING,1.5258372622365741,0.5253017936618525,0
42.944,-0.7368654758235194,-0.309908646897867,-0.38748113483997787,0.6839003321105154,-0.8376776566184202,0.26052205832723074,0.34606920930845275,0.2343778153522395,0.3312465035064675,1.5156238348006619,0.03181061697752924,0.015623834800661873,0,0,FOLLOWING,1.5681410097660162,0.5276713299038887,0
42.976,-0.729182665582554,-0.3130175919348761,-0.3773487162913983,0.6968416273983745,-0.8254299826927358,0.28612205832723075,0.3422954797140097,0.25900556355718585,0.3166408344491498,1.5152926259881099,0.032386963034082006,0.015292625988109876,0,0,FOLLOWING,1.5352133365474834,0.5248001001865746,0
43.008,-0.7206980996885733,-0.3163531074421143,-0.3673619532468268,0.7097990423690743,-0.8131160423706858,0.3094668251206966,0.33158825555032967,0.28489909725032525,0.31208901094522995,1.5142970273212406,0.0331248952605851,0.014297027321240607,0,0,FOLLOWING,1.5565450816118758,0.529680037443064,0
43.04,-0.7114673240217817,-0.319877083717635,-0.3577341888391366,0.7227723169625484,-0.8007368242284877,0.3350668251206966,0.3231488220422944,0.30876733268050005,0.3008700725147787,1.5127026931340557,0.03424025930727709,0.012702693134055698,0,0,FOLLOWING,1.572004368629253,0.5528016772692453,0
43.072,-0.7014370638919558,-0.32359766622948893,-0.3483396896038125,0.7357611908004219,-0.7882933220829318,0.34053469458229557,0.3172560712964271,0.33431395817869924,0.29358038503140266,1.5104571744541049,0.03561499264727791,0.010457174454104878,0,0,FOLLOWING,1.536148492202747,0.5102846456725207,0
43.104,-0.6911743682775727,-0.32729251967228495,-0.3391405189134932,0.7487654031912373,-0.7757865349115969,0.34340726013693695,0.3232630747139324,0.34084421147183486,0.28747627956794086,1.5081688987521022,0.037196836799104516,0.00816889875210225,0,0,FOLLOWING,1.5349380716571952,0.5456907721501832,0
43.136,-0.6807884400727862,-0.33092346946181517,-0.3297695640196917,0.7617846931356869,-0.7632174667726503,0.3287958248312062,0.33470655896005636,0.3438038459604228,0.2928445995366679,1.505953300991067,0.03861675376323581,0.0059533009910670565,0,0,FOLLOWING,1.5040310392552687,0.534255241746553,0
43.168,-0.6707680384448182,-0.3343113168779085,-0.3200406190436154,0.7748187993318504,-0.7505871267242422,0.31052766043454355,0.33553071637505394,0.3305217739438559,0.3040320424603656,1.5043293706553658,0.039663013709902106,0.004329370655365761,0,0,FOLLOWING,1.4918596862318823,0.4961439026260204,0
43.2,-0.6612655685333655,-0.3374170687852749,-0.31027068443142014,0.7878674601804407,-0.7378965287434965,0.32147891834119047,0.32986721234803706,0.31238256369625966,0.3053129245342016,1.5034528036349124,0.04064241982180173,0.0034528036349124047,0,0,FOLLOWING,1.533184869727313,0.5281032052741664,0
43.232,-0.6514783745900231,-0.3405226326150045,-0.30068199264426554,0.8009304137900531,-0.725146691645108,0.32579447642833503,0.3209420797892249,0.32087420310037973,0.29964890763973207,1.5024736121970574,0.041806283437670455,0.00247361219705744,0,0,FOLLOWING,1.5251890890428432,0.5069529401508128,0
43.264,-0.6415246466888648,-0.3435768652242387,-0.2913530324633622,0.8140073979824194,-0.7123386389995535,0.3197165382655928,0.32322931322080234,0.32536169391782555,0.2915321263278411,1.5015188240121686,0.043222159243417296,0.0015188240121686292,0,0,FOLLOWING,1.5066072383116507,0.5164029763255815,0
43.296,-0.6316839311351031,-0.34648643880050767,-0.2819499152542945,0.8270981502976826,-0.6994733990509053,0.31561335730723133,0.32149428405548286,0.32067015168061463,0.29384959094647206,1.5008813927876468,0.04453952518974946,0.000881392787646762,0,0,FOLLOWING,1.506612237787069,0.5075403545471727,0
43.328,-0.621944054431206,-0.349266290988888,-0.2725925798895657,0.8402024079996367,-0.6865520046343114,0.3106605625469787,0.3309403942708128,0.3165148278570798,0.2924188651134746,1.500544544566515,0.045879902189292415,0.0005445445665150928,0,0,FOLLOWING,1.5006605511070434,0.5370088037295447,0
43.36,-0.6123314578992624,-0.3519125002792703,-0.26296114860619135,0.8533199080810382,-0.6735754930930395,0.32985359301775097,0.34977261046064917,0.31155772826517464,0.3009845542926581,1.5005335742814394,0.04691871845890186,0.0005335742814394084,0,0,FOLLOWING,1.5354885461547485,0.6140687210016492,0
43.392,-0.6021761244891566,-0.3546172471433166,-0.2527576534957138,0.8664503872688434,-0.6605449061952392,0.35545359301775103,0.3713477798786105,0.32842147048044285,0.3188619822675436,1.5001518468513313,0.0473858863858021,0.00015184685133129427,0,0,FOLLOWING,1.5512758446150154,0.6515167075727228,0
43.424,-0.5912147986310079,-0.35742053487504083,-0.24189925881525595,0.8795935820295337,-0.6474612900502668,0.35903385220342804,0.385487942754161,0.3535716891856439,0.3393281756389156,1.4991333937591744,0.04719918981795551,-0.0008666062408255737,0,0,FOLLOWING,1.5196142630047131,0.601401521624604,0
43.456,-0.5800648965363184,-0.3601387558844474,-0.2306957089851925,0.8927492285743641,-0.6343256950247432,0.36965954788900535,0.38914763399347707,0.35862516584000126,0.35011465949919884,1.4981187952631356,0.04663740408165162,-0.0018812047368643725,0,0,FOLLOWING,1.5329653876527531,0.5963212831118189,0
43.488,-0.5685666087654876,-0.36280604350457324,-0.21935249345542193,0.9059170628646982,-0.6211391756581888,0.35588743410782975,0.3942180501834807,0.3688513720724082,0.3544793429801612,1.496942919777615,0.045910412452980574,-0.0030570802223850446,0,0,FOLLOWING,1.494148965051077,0.5586725686087162,0
43.52,-0.5573821681712791,-0.3652519058069301,-0.2078310211903775,0.919096820617266,-0.6079027905784047,0.33028743410782974,0.394105060388704,0.35774813557506935,0.3600500688401195,1.4962852857040412,0.04494280513036267,-0.003714714295958821,0,0,FOLLOWING,1.4482687682684239,0.501463480723866,0
43.552,-0.5468399925194534,-0.36742378432416856,-0.19570188418780105,0.9322882373095106,-0.5946176024164437,0.3046874341078297,0.39314759668203114,0.3363306058803289,0.37904019216326823,1.496474975152044,0.04329321073443404,-0.0035250248479559154,0,0,FOLLOWING,1.4317579205113355,0.49001445061366955,0
43.584,-0.5369884568994645,-0.3693244604910542,-0.18313587240224996,0.9454910481848546,-0.5812846777213427,0.28432605252909193,0.4155843023339073,0.3135101918772361,0.39269301786768745,1.4975555471111444,0.041121528311805045,-0.0024444528888556416,0,0,FOLLOWING,1.480688685244181,0.6210447423370803,0
43.616,-0.5277983919973285,-0.3709735552120529,-0.17011022924855254,0.9587049882580565,-0.5679050868744576,0.2968511014307886,0.41773535088471664,0.2917542546901452,0.4070570864403353,1.499491356318397,0.03839750679008169,-0.0005086436816030826,0,0,FOLLOWING,1.4998728574530382,0.5952906049212255,0
43.648,-0.5184705080061969,-0.37253637415420165,-0.15793124583310575,0.9719297923204864,-0.5544799040035734,0.3190405391209065,0.42065301862390264,0.2955593132324482,0.38059798283909424,1.501464785890071,0.0364553545559058,0.0014647858900709299,0,0,FOLLOWING,1.519367746005653,0.6247632865159471,0
43.68,-0.5084709217949307,-0.37409392419113957,-0.14554004341723778,0.9851651949454887,-0.5410102068966326,0.32751593945061475,0.4286290946622818,0.31626469357089676,0.387230051699432,1.5029337625669403,0.03425015116485704,0.0029337625669403344,0,0,FOLLOWING,1.502113994908498,0.6207458260526169,0
43.712,-0.4981442258691065,-0.37556947454457335,-0.13300659912761925,0.99841093049368,-0.5274970769152387,0.32781749867157417,0.4250879668259083,0.32598351777263035,0.3916752613290137,1.50424709818505,0.03183499432631469,0.00424709818504998,0,0,FOLLOWING,1.49119437376732,0.5791319092891193,0
43.744,-0.48771734797043653,-0.3769177476774756,-0.12063018647037188,1.0116667331182947,-0.5139415989078299,0.3328140022026308,0.4256131517279437,0.3285436552913807,0.38676783874034765,1.5056321457873758,0.029496567218022282,0.0056321457873758085,0,0,FOLLOWING,1.497513209728471,0.600803343638227,0
43.776,-0.4771664277281611,-0.3781556672251259,-0.10822486697010833,1.024932336770516,-0.5003448611225885,0.33454434599149196,0.42520089659683197,0.3319672668867435,0.38767120680522604,1.5070603496256427,0.027057936732766037,0.007060349625642726,0,0,FOLLOWING,1.4923643737063403,0.5947013906033578,0
43.808,-0.46650802548667986,-0.3792682377809809,-0.09583026335938084,1.0382074752048185,-0.48670795512007636,0.3145900250159578,0.4247956921956228,0.3348743131966406,0.3873363279480342,1.5085463303734397,0.024549221181945455,0.008546330373439659,0,0,FOLLOWING,1.453991838564632,0.5530039690777022,0
43.84,-0.4563423617975939,-0.3801901107553172,-0.08303235602854517,1.051491881984309,-0.47303197568560196,0.3013289997815957,0.4144951114703675,0.31895692882327376,0.39994006506553476,1.5106898154833364,0.021537000624228753,0.010689815483336362,0,0,FOLLOWING,1.4585052267675649,0.5323888463029854,0
43.872,-0.4465860703054695,-0.380946884579178,-0.07047925964854206,1.0647852904860755,-0.45931802074133055,0.2757289997815957,0.3932029600858106,0.3057822281388456,0.3922894084110127,1.513401937756204,0.018671340020707868,0.013401937756204019,0,0,FOLLOWING,1.4134103738857038,0.4478167432434349,0
43.904,-0.4375029684146976,-0.38153132978682536,-0.05790559961647901,1.0780874339065385,-0.4455671912581418,0.2501289997815957,0.3834666054874667,0.28441316248208703,0.39293205046068913,1.516942602461484,0.015679285115102914,0.016942602461484046,0,0,FOLLOWING,1.4021913155010617,0.4696155859507968,0
43.936,-0.42923526915859467,-0.3819548178782537,-0.04564172487009327,1.0913980452668048,-0.4317805911672425,0.22452899978159568,0.3765613389479416,0.2586845338466494,0.3832509149746587,1.5214494025843324,0.01288698207313528,0.021449402584332367,0,0,FOLLOWING,1.4164137027153783,0.4930658710300765,0
43.968,-0.42179027328256147,-0.3822414310153121,-0.03359747177207629,1.1047168574180275,-0.4179593272715417,0.2281382969598414,0.36103360947853574,0.23281272210204706,0.376387544847061,1.5269249451733755,0.01020329344610275,0.026924945173375514,0,0,FOLLOWING,1.4672520370935112,0.5275595977208666,0
44.0,-0.4145026838388709,-0.38244812080427676,-0.023200190713677703,1.1180436030467662,-0.40410450915679574,0.2402534209105349,0.3598713401164729,0.22783258768297523,0.3249181583315892,1.5326992922955984,0.009070146337769853,0.032699292295598426,0,0,FOLLOWING,1.4676000083453768,0.5606482656853148,0
44.032000000000004,-0.4068483102160456,-0.3825906207664333,-0.012836421748359396,1.1313780146803498,-0.39021724910253197,0.2658534209105348,0.34235371016321625,0.23925618044881286,0.32387082361707925,1.538245231445249,0.007878395923475466,0.03824523144524905,0,0,FOLLOWING,1.4987789103381361,0.5542092758864805,0
44.064,-0.3985350585468873,-0.3826645821478152,-0.0022069037663644177,1.144719824692259,-0.37629866199274015,0.2914534209105349,0.32093184865737634,0.2598174635669804,0.33217561925758865,1.5432680128807479,0.006331876327895958,0.043268012880747886,0,0,FOLLOWING,1.5289022556996608,0.5791593613873723,0
44.096000000000004,-0.38944909724365556,-0.3826531923655063,0.008055621560443444,1.158068765307467,-0.3623498652263986,0.3170534209105349,0.3123410450822976,0.2839522792173581,0.3207067284369418,1.547651045942758,0.005063556444540856,0.04765104594275793,0,0,FOLLOWING,1.5521247889355154,0.6340389827428438,0
44.128,-0.3795336808786034,-0.38254005640465333,0.018043439308825637,1.171424568607855,-0.34837197862772706,0.3426534209105349,0.3094612276287456,0.3098895543057943,0.31212188771113275,1.551334570358396,0.003983299162034316,0.05133457035839606,0,0,FOLLOWING,1.5389679575435427,0.6194471222766589,0
44.160000000000004,-0.3687918326129281,-0.38230926569603507,0.027939216372961522,1.1847869665375463,-0.3343661243563299,0.36467748348898277,0.31273148477792106,0.335768795018731,0.30924556577578854,1.5543183811469738,0.0029107996435439078,0.05431838114697385,0,0,FOLLOWING,1.4767162320813838,0.5458472097253374,0
44.192,-0.3572498334514514,-0.38194913741387077,0.03747258555118284,1.1981556909083284,-0.3203334268170638,0.3445245965930149,0.33661684939150327,0.36086762115241094,0.2979200758901436,1.556625465872016,0.002120632766014041,0.056625465872016,0,0,FOLLOWING,1.456632450889217,0.5882827585085608,0
44.224000000000004,-0.3461915002061547,-0.3814984392513934,0.04717802180229792,1.211530473404994,-0.30627501256981376,0.35157233574285857,0.3385021092705286,0.34582913553462324,0.30329733326632535,1.559537210518791,0.0010751557578061177,0.05953721051879102,0,0,FOLLOWING,1.4973231633406718,0.5870002049039168,0
44.256,-0.3349484787931168,-0.3809273242043591,0.05693832432200282,1.2249110455907681,-0.2921920102390073,0.3771723357428586,0.32432683516156313,0.3517875745122798,0.30501190393707356,1.5623814168619805,-0.00011283509928109586,0.06238141686198051,0,0,FOLLOWING,1.5472600525155122,0.6192324443476279,0
44.288000000000004,-0.3229573202887534,-0.3802130632697998,0.06647269869969369,1.238297138912653,-0.2780855504230515,0.4027723357428586,0.30738394217986276,0.37539144041985323,0.29795144578071325,1.564591165530644,-0.0011520082727140418,0.06459116553064392,0,0,FOLLOWING,1.5606533568748018,0.6255468630703599,0
44.32,-0.31020106890245014,-0.3793295217396682,0.07575748461671032,1.2516884847068614,-0.26395676560352316,0.4283723357428586,0.2871130771965633,0.3995905572371361,0.29015169212437414,1.5661449008735895,-0.0020239735857056212,0.06614490087358949,0,0,FOLLOWING,1.567221931678834,0.6194816134864566,0
44.352000000000004,-0.2966745521071227,-0.3782628891800547,0.08466695889173856,1.2650848142041657,-0.2498067900542963,0.45397233574285856,0.26380804813004294,0.42401755935236374,0.27842299370364165,1.5670332758635483,-0.002600800288213287,0.06703327586354835,0,0,FOLLOWING,1.5818802163627776,0.6281100788585241,0
44.384,-0.28237142104540863,-0.37700275241149894,0.09306866063307541,1.2784858585353347,-0.23563675975043694,0.4795723357428585,0.2533573612627033,0.448705790049078,0.2625548239583637,1.5672459255334648,-0.0027456360506387806,0.06724592553346476,0,0,FOLLOWING,1.5846534041618898,0.6497049832722457,0
44.416000000000004,-0.26726300015328613,-0.3755456452453288,0.10117276168046176,1.2918913487364874,-0.22144781227705046,0.5051723357428585,0.2536102867625611,0.47432969224641885,0.25325462386645775,1.5667509137662607,-0.0026584610992720914,0.06675091376626074,0,0,FOLLOWING,1.5689488309260315,0.6427082003970653,0
44.448,-0.251316687624832,-0.3738867378698838,0.10911190276901984,1.3053010157545337,-0.20724108673791042,0.5307723357428584,0.248667634335228,0.501010432101957,0.24809952405509267,1.5655125191180204,-0.002461856943354906,0.06551251911802036,0,0,FOLLOWING,1.5816268512654685,0.6521402421616331,0
44.480000000000004,-0.23452807480372975,-0.3720160556679609,0.11670876818559565,1.3187145904525324,-0.1930177236640547,0.5563723357428584,0.24431275097779767,0.5278875807922482,0.23740327140204412,1.563522682928699,-0.001973198440181498,0.063522682928699,0,0,FOLLOWING,1.5658257168237841,0.6261839788461079,0
44.512,-0.21688129688003727,-0.36991889547395906,0.12388659881817041,1.3321318036151322,-0.17877886492218056,0.5652015182853483,0.23640935030381768,0.555338315357537,0.22430829435138752,1.5607613836794505,-0.0011125032978687444,0.0607613836794505,0,0,FOLLOWING,1.5537027821966836,0.5996002909750096,0
44.544000000000004,-0.19891956637709915,-0.36764435961563496,0.1307122619601309,1.3455523859539453,-0.1645256536230052,0.5645526787102235,0.229623572788232,0.5657701167555437,0.21330299525859328,1.557771106504864,5.066882776189052e-05,0.057771106504864056,0,0,FOLLOWING,1.551455017468853,0.5998047240256216,0
44.576,-0.18098138773879394,-0.3652499410037981,0.1373391012947094,1.3589760681129672,-0.15025923402948155,0.5689118025010046,0.23947422530673815,0.5655163640817062,0.20708956592621547,1.5548922695539862,0.0013725629668455699,0.054892269553986184,0,0,FOLLOWING,1.555177100735351,0.6452964839287749,0
44.608000000000004,-0.16293227519631595,-0.36272128696461287,0.14424681952736867,1.3724025806739775,-0.13598075146493843,0.5876959948369302,0.25248249396077804,0.5695249525475329,0.21586708216413733,1.551987239022581,0.0023748667040076332,0.05198723902258107,0,0,FOLLOWING,1.5766956368780498,0.6938347995219646,0
44.64,-0.14432983355351928,-0.3599865893984128,0.15152934971155566,1.3858316541619493,-0.12169135222113284,0.6057758753111814,0.2526623554477,0.5875680354421814,0.22758010510240434,1.5486054366910222,0.002961779300003853,0.04860543669102224,0,0,FOLLOWING,1.5806898921434236,0.6786898178503353,0
44.672000000000004,-0.1251756839298622,-0.35702956758873916,0.15881912115596963,1.3992630190504571,-0.10739218346622435,0.5983172675349475,0.25028720187145126,0.6056512585320325,0.22780644065566796,1.5447434035126515,0.0034971208135856913,0.04474340351265149,0,0,FOLLOWING,1.5444124281301856,0.6154344770229518,0
44.704,-0.10624353181954796,-0.35396488583681396,0.16604058699713933,1.4126964057670859,-0.09308439315267934,0.611261933613117,0.2585284494801251,0.599304278869394,0.22567187914613848,1.5411804454569245,0.004051558501709102,0.04118044545692445,0,0,FOLLOWING,1.571018095067693,0.6872673911400403,0
44.736000000000004,-0.08695578793835744,-0.3507004003505672,0.17349984550676373,1.4261315446988416,-0.07876912992511198,0.5921697571558655,0.24703432132677486,0.6113036426806044,0.2331029488647661,1.5373288171443205,0.004321364210472134,0.03732881714432046,0,0,FOLLOWING,1.5237447584952737,0.5720899765632436,0
44.768,-0.06815090919201677,-0.3473719760204554,0.18117142381775977,1.439568166197563,-0.06444754302806997,0.6050971390136509,0.25190162640295355,0.5967546171407213,0.2397380539629735,1.534034890436874,0.00432203559482794,0.03403489043687391,0,0,FOLLOWING,1.5651264203440514,0.679751063554204,0
44.800000000000004,-0.04911043371936358,-0.343850961768586,0.18844139533385654,1.453006000585333,-0.050120782213771954,0.6002408075732757,0.2531131430575856,0.605094456649468,0.2271876336828036,1.530565647265598,0.0046661081300303775,0.03056564726559796,0,0,FOLLOWING,1.5392804524203416,0.6330254440217526,0
44.832,-0.030231741246973885,-0.34021757948257997,0.19574507232697866,1.466444778159891,-0.03578999764980408,0.5961282053829445,0.2625909667100529,0.6007676686540977,0.22824093286461605,1.527323396116356,0.0049198660073064004,0.027323396116355925,0,0,FOLLOWING,1.535947774492395,0.6506405278388637,0
44.864000000000004,-0.01151150753610631,-0.33647271921688543,0.20332083159950387,1.4798842292000447,-0.021456339826786304,0.5843675059688042,0.2717262659399108,0.5965799175089912,0.23674361493406007,1.5243019920077563,0.004841966971245032,0.02430199200775629,0,0,FOLLOWING,1.5197969926919719,0.6313564424637523,0
44.896,0.006819122060950831,-0.33266024431508495,0.21115941925358378,1.4933240839710946,-0.007120959465995453,0.5795355025090421,0.27639672020801265,0.585067710033979,0.24495712181631268,1.5217334943292582,0.004433448000029566,0.021733494329258196,0,0,FOLLOWING,1.5255369069782112,0.6390419650997448,0
44.928000000000004,0.024955672109410333,-0.32873869752689205,0.21913320245304102,1.50676407273022,0.007214992572984561,0.590263818675267,0.27562711122307254,0.5798489032434154,0.2491820439924566,1.5194146958753971,0.0038165301168024135,0.019414695875397125,0,0,FOLLOWING,1.5479437489392047,0.6708708047314778,0
44.96,0.043372070412633905,-0.32460267025504874,0.22708662553391443,1.5202039257319329,0.021550365384697637,0.5755574023025108,0.28021678274203016,0.589845372109657,0.2485457813404557,1.5168567015273573,0.0031461646042582336,0.0168567015273573,0,0,FOLLOWING,1.5079017842956857,0.6176314020566497,0
44.992000000000004,0.061331503227880634,-0.32041734952026646,0.23517197648424804,1.5336433732334473,0.03588400811016591,0.5587290735675157,0.28694921096198617,0.5762480283939637,0.2526685922947473,1.5148111763545242,0.002264427751075271,0.014811176354524225,0,0,FOLLOWING,1.497092919175071,0.6117399642599142,0
45.024,0.078769709437636,-0.31620291359039454,0.2436376371133573,1.5470821455001382,0.05021477002932743,0.5504423190701618,0.27550674943165004,0.5606089812038363,0.2645534681737267,1.513341775265932,0.0009176538616548768,0.013341775265931943,0,0,FOLLOWING,1.505722703701385,0.5949876160182215,0
45.056,0.09586570857063137,-0.3119160680049145,0.25158781081809084,1.5605199728109114,0.06454150065337169,0.5479482900741897,0.25716434746370653,0.5507753090586793,0.2484442289217992,1.5122606966913292,-5.311443455890963e-06,0.012260696691329231,0,0,FOLLOWING,1.5125070350837464,0.5939462795011432,0
45.088,0.11283801150773576,-0.3075163995006752,0.25900913994944275,1.5739565854636566,0.07886304981714473,0.5496154716884247,0.23799353956333708,0.5479093179704746,0.23191761336784336,1.5113426368676715,-0.00048593452363765444,0.011342636867671452,0,0,FOLLOWING,1.5179618275998559,0.5996118880339754,0
45.12,0.12982300373496666,-0.30297983876602136,0.2658772168698845,1.5873917137806313,0.09317826777145438,0.5641785775751825,0.21598598638009056,0.5493862727226505,0.2146282703418072,1.5104462221077388,-0.0004942415195328675,0.010446222107738823,0,0,FOLLOWING,1.5393154831856706,0.6301569575181386,0
45.152,0.14721037457998293,-0.29821052208131416,0.2721105899966963,1.6008250881138875,0.10748600527538753,0.5650550079269598,0.19524459496745492,0.5634348344531912,0.19479355645614202,1.5091671238506168,5.86644258118163e-05,0.009167123850616798,0,0,FOLLOWING,1.521325328064492,0.5938658677718266,0
45.184,0.16461651971682195,-0.293321617157894,0.27774452915848513,1.6142564388506795,0.12178511368856955,0.5521456959725562,0.181199491801041,0.5649881374487769,0.17606106587443976,1.5079023486752898,0.0011442588166941103,0.007902348675289828,0,0,FOLLOWING,1.4973824932132753,0.5580045390853875,0
45.216,0.18161869113068843,-0.28844470002192046,0.2829707625385679,1.627685496418874,0.1360744450633756,0.5471017301547678,0.17945139480836228,0.5527299328142417,0.16332017412095587,1.5070918053988382,0.0025748492267938516,0.007091805398838247,0,0,FOLLOWING,1.504102023348654,0.5906526965300066,0
45.248,0.19842894386363977,-0.2835303658390263,0.2881440343867173,1.641111991292373,0.15035285223710315,0.5439956287125164,0.17581575580135678,0.5473012754976407,0.16166513262457816,1.506515523407029,0.00399833407526029,0.0065155234070291,0,0,FOLLOWING,1.5051440354631447,0.5901468027235203,0
45.28,0.21511440291442085,-0.2785609126781544,0.29321193875341406,1.6545356539964933,0.1646191889240364,0.5207937787393737,0.18546022434471965,0.5440510129049813,0.15837237868213153,1.506101636850185,0.005465478620340526,0.006101636850184944,0,0,FOLLOWING,1.4676393425787346,0.5505766489070557,0
45.312,0.23114347040382366,-0.27369904023318625,0.29884682836327986,1.6679562151134164,0.17887230980751362,0.5021763688458123,0.19687313817979107,0.5234239417913105,0.17609080384287218,1.5064035615457019,0.006298379582425073,0.006403561545701875,0,0,FOLLOWING,1.466004918547055,0.5581525463703543,0
45.344,0.24653387604920662,-0.26893548880971074,0.30461791934637816,1.6813734052875526,0.19311107063182922,0.48112486715615665,0.21927657732801445,0.5034440202839118,0.1803471367202013,1.5073989179234153,0.00691602099354005,0.0073989179234152935,0,0,FOLLOWING,1.4528670287575227,0.5667205645794289,0
45.376,0.2612341266512323,-0.2642911963593416,0.31093898872305026,1.6947869552309889,0.20733432829414108,0.4826663108209443,0.2221711352193145,0.48174732927062386,0.19753413042507403,1.5091402677795374,0.006898102175812715,0.009140267779537359,0,0,FOLLOWING,1.4854023478125196,0.589654140177656,0
45.408,0.2759177363715372,-0.25954917026377394,0.31734621124031437,1.7081965957288523,0.22154094093619478,0.49501691383747387,0.23491742051637823,0.4822013832594527,0.20022643880069851,1.5109170811319494,0.006704808518801286,0.010917081131949447,0,0,FOLLOWING,1.503308360298419,0.6393310457467355,0
45.44,0.2909320378495189,-0.25459612198030207,0.3241234687542214,1.721602057644755,0.23572976803603837,0.5031752972799455,0.22412995653265397,0.4940785687990656,0.21179014205745775,1.5123611288185166,0.006055329967720291,0.012361128818516587,0,0,FOLLOWING,1.5021448699472744,0.5967168161263661,0
45.472,0.30616915485195534,-0.2494534646795139,0.3305935823360298,1.7350030719261533,0.2498996704995396,0.5203318007097464,0.23282905730505024,0.5025541778002544,0.20219175589140598,1.5135785133896247,0.005620565883949603,0.01357851338962468,0,0,FOLLOWING,1.5183332520233295,0.6551288776584211,0
45.504,0.321884274550394,-0.24403562633091988,0.337315993152006,1.748399369609791,0.2640495107518787,0.5125763655387805,0.24536122777118347,0.5194718523940836,0.21007612978563894,1.5142971382647352,0.004846901431227013,0.01429713826473522,0,0,FOLLOWING,1.481333963406199,0.6000747789119963,0
45.536,0.33736480430265775,-0.23857766425567603,0.3443998180218474,1.761790681827054,0.27817815282882896,0.5094711573948506,0.24773138554339308,0.5129400030146688,0.22137045506163167,1.5152642195511052,0.0036162385543717086,0.01526421955110524,0,0,FOLLOWING,1.4865327333443723,0.5945540384960939,0
45.568,0.35270743809999766,-0.2330439884037105,0.3515530426040055,1.7751767398094094,0.29228446246799833,0.5155790553574578,0.24406978697707477,0.5096789402970663,0.22353922000652582,1.5163736002716912,0.00221754589055434,0.016373600271691213,0,0,FOLLOWING,1.5012522026514417,0.61098838835136,0
45.6,0.3681801048483463,-0.22734012091406955,0.35860190788267754,1.7885572748937582,0.306367307199844,0.5356358396868787,0.22485230076163157,0.515326461874865,0.22027795177221918,1.5173381047117285,0.0008265702932974128,0.017338104711728475,0,0,FOLLOWING,1.5276085831917896,0.6328831227238144,0
45.632,0.38419531040416655,-0.22130869160424907,0.36509955439172675,1.8019320185278687,0.32042555643863335,0.5492287355880895,0.20064874989168108,0.5347997263272385,0.20305217139235351,1.5177132038247603,-0.00010830728733823848,0.01771320382476027,0,0,FOLLOWING,1.524382319939577,0.6139445215724576,0
45.664,0.4005887714675157,-0.21501414991263454,0.3708996163977761,1.8153007022757246,0.3344580815731637,0.5536887789479531,0.21132555814198006,0.5487652779688678,0.18125245080545535,1.5176724219491744,-0.0004342187826745225,0.0176724219491744,0,0,FOLLOWING,1.5107538412340915,0.636426151193415,0
45.696,0.4170940182058014,-0.2085642412575871,0.3770035890706122,1.8286630578229524,0.3484637560574104,0.547491506921708,0.21880056899510103,0.5537667953597518,0.19074973844566234,1.5175003602630355,-0.0011470257425196806,0.017500360263035475,0,0,FOLLOWING,1.493786278831046,0.604511211837745,0
45.728,0.4333902019618911,-0.20208139257538354,0.38332168165883945,1.842018816982177,0.36244145550093626,0.5494798060228899,0.20015626258430372,0.5480570141679337,0.19744105734518774,1.5175376835697256,-0.0021597874354939983,0.017537683569725626,0,0,FOLLOWING,1.506884302663005,0.5899385196711292,0
45.76,0.4496920080550155,-0.19547719565235044,0.38910301793598867,1.8553677116984182,0.376390057759173,0.5360548117000372,0.1699251649679903,0.5496415614343856,0.18066726657124127,1.517549452023826,-0.0027249270864107,0.017549452023825962,0,0,FOLLOWING,1.4826186910655044,0.5266736125395292,0
45.792,0.4655761101156353,-0.18893506670263008,0.394012382656225,1.8687094740544679,0.3903084430235053,0.5294785473390919,0.13845380324129825,0.5368148734006368,0.1534179542286307,1.5179941635454848,-0.002502152186680262,0.017994163545484776,0,0,FOLLOWING,1.4895586128410703,0.5356136135776854,0
45.824,0.4812229742617676,-0.1824026665266671,0.39801215146044566,1.8820438362762664,0.4041954939111702,0.517043315208144,0.10725777460328523,0.5298583538440902,0.12499294544550191,1.5186824846833846,-0.001444510437144275,0.018682484683384626,0,0,FOLLOWING,1.4773636164213337,0.5085603725435458,0
45.856,0.49648246113712036,-0.1759629626886319,0.4011098625818559,1.8953705307382778,0.4180500955549617,0.5256276347750802,0.09801192526989569,0.5175730895896284,0.09680357363481766,1.5197826636188347,0.00044929831259399306,0.01978266361883474,0,0,FOLLOWING,1.5066753953275052,0.5840712554350553,0
45.888,0.5119471926442585,-0.16938521092062825,0.40393686654677236,1.9086892899688612,0.43187113569273383,0.5512276347750802,0.09474072445090838,0.5251796440875028,0.08834396596576691,1.5206569898506295,0.002558250761188041,0.02065698985062947,0,0,FOLLOWING,1.5486595319328962,0.6661849730344312,0
45.92,0.5281265611514141,-0.16245759394188677,0.4066689031841266,1.921999846655638,0.44565750475669363,0.5768276347750801,0.10826873277646994,0.5500239962380927,0.0853761837242975,1.5207520209776229,0.004714706173406857,0.020752020977622854,0,0,FOLLOWING,1.5611102443437055,0.7041618456009588,0
45.952,0.5450449981777102,-0.15516170258428447,0.40978981190144487,1.9353019336508586,0.4594080959624792,0.6024276347750801,0.10744685739993741,0.5757836436302373,0.09752841915246303,1.5200363100653218,0.006437301002014062,0.020036310065321805,0,0,FOLLOWING,1.601203398448007,0.7591786621551437,0
45.984,0.5626982325982562,-0.14748469287033683,0.4128891246288398,1.9485952839767622,0.473121805398013,0.6280276347750801,0.10306927553294583,0.6015842065671727,0.096853546359894,1.518506853034434,0.0081348553152627,0.01850685303443389,0,0,FOLLOWING,1.5600130803605574,0.6693661741495746,0
46.016,0.5810829403312537,-0.1394219882149376,0.41586434946132633,1.9618796308309372,0.48679753211212495,0.6441635410580302,0.11267093918345181,0.6273530912910266,0.0929757952171621,1.516163048004249,0.00991331598480194,0.016163048004248948,0,0,FOLLOWING,1.514043125423918,0.5992266135447322,0
46.048,0.5999317931512815,-0.1310884138580585,0.4191167461474567,1.9751547075916713,0.5004341782029358,0.6411307718043664,0.10960075182067838,0.6440285403844633,0.1016374446694441,1.5132940390701857,0.011373658544646392,0.01329403907018567,0,0,FOLLOWING,1.528894111589373,0.6173396319333159,0
46.08,0.6186905473115888,-0.12272037264809775,0.4222826982236695,1.9884202478233175,0.514030648906011,0.6201824882400291,0.11648651589480233,0.6418765225601395,0.09893608523949322,1.5105003528348315,0.01287094821205087,0.010500352834831528,0,0,FOLLOWING,1.4962518089931145,0.5717970819740155,0
46.112,0.6368315036840422,-0.11455760542468067,0.42564812819516584,2.0016759852816124,0.52758585268222,0.5986569931598956,0.12816688832433934,0.6216220544783206,0.10516978424248774,1.5083595989474226,0.014112693663491216,0.008359598947422553,0,0,FOLLOWING,1.48640877350709,0.5673810248283402,0
46.144,0.6543118341382806,-0.10661992859093063,0.42935060898024485,2.0149216539190578,0.5410987013054065,0.5831752511727344,0.14968513022277405,0.5999157779011717,0.11570265689100799,1.50691688728963,0.014954279356716895,0.006916887289629914,0,0,FOLLOWING,1.4873619685956232,0.5918227537942403,0
46.176,0.6712971034753451,-0.09882933123106068,0.43367403462662535,2.02815698789022,0.5545681099497094,0.5888874248991849,0.14679636520803582,0.5839415018461129,0.13510726060770195,1.5059870391460628,0.015105867091741387,0.0059870391460628,0,0,FOLLOWING,1.5179216752179348,0.6210798979513102,0
46.208,0.6883820302420278,-0.09090146762891801,0.43791761851906136,2.0413817215571073,0.5679929972766965,0.611338756174861,0.14286393420490523,0.5885865479647809,0.13261218950242856,1.5049086618735226,0.015266220149410705,0.0049086618735225684,0,0,FOLLOWING,1.5469994058315115,0.6742269990005944,0
46.24,0.7060615873728716,-0.08260535062659287,0.4420500552072808,2.054595589494458,0.5813722855221333,0.6058388968078847,0.14944642492574525,0.6103057260962883,0.1291388309460658,1.5031334791640139,0.015474913733792173,0.0031334791640138526,0,0,FOLLOWING,1.5077407014875865,0.6111087823387148,0
46.272,0.7235859904665685,-0.07429248060327896,0.44637175591185085,2.0677983264951116,0.594704900582549,0.5859442604602331,0.14508937353304852,0.606119438288761,0.1350533631163103,1.5014873627056635,0.015423966001007372,0.0014873627056635197,0,0,FOLLOWING,1.4812680379020888,0.5517235419466728,0
46.304,0.7405191674010265,-0.06616878017394894,0.4505673527828318,2.080989667575288,0.6079897721014249,0.5689938274979508,0.15838798791301933,0.5868867715923608,0.13111259288408664,1.5004502375765292,0.015418961805581166,0.00045023757652917773,0,0,FOLLOWING,1.4775610341578267,0.5725692014954245,0
46.336,0.756922691855157,-0.058213479636406495,0.4551439318115701,2.094169347979949,0.6212258335551653,0.5433938274979508,0.1598566265556699,0.5696963839082693,0.1430183381018332,1.4999554658812946,0.014953320853879237,-4.4534118705419345e-05,0,0,FOLLOWING,1.439656481761715,0.4926825786558423,0
46.368,0.7726052453401745,-0.05051737365330352,0.4600241051656465,2.1073371031880677,0.6344120223386773,0.5177938274979509,0.15217678881196545,0.5458925655431988,0.1525057011812311,1.5002124549036475,0.014095040423642513,0.00021245490364751873,0,0,FOLLOWING,1.4155684097634196,0.4421730515985097,0
46.4,0.7875465721682727,-0.043092663177716914,0.46487447011530525,2.1204926689179833,0.6475472798507205,0.4921938274979509,0.1368739711026203,0.5213709797002297,0.15157417781548732,1.501242428039726,0.01317206222756273,0.0012424280397260734,0,0,FOLLOWING,1.436210838425893,0.4766912902504659,0
46.432,0.8017088547041308,-0.03596787390000773,0.46923769867144005,2.1336357811326603,0.6606305515788495,0.47167502741671,0.13145815946780381,0.49540702860702757,0.13635110432079608,1.5030897191202435,0.012640532728925458,0.0030897191202434726,0,0,FOLLOWING,1.4645484052942352,0.5413172612340162,0
46.464,0.8152066052747926,-0.029102400203517082,0.4732235842008891,2.1467661760450287,0.6736607871841117,0.49045810495492165,0.14941514961053515,0.47322461114083714,0.12455913813845734,1.5056317571229145,0.012395945837437972,0.005631757122914527,0,0,FOLLOWING,1.4967352680225174,0.6278630211874983,0
46.496,0.8291281350050803,-0.021954433975739134,0.4775373794816003,2.159883590123248,0.6866369405853402,0.4951730810771986,0.1575784186272045,0.4890660597687796,0.13480640335753705,1.5076510927363536,0.011749912520645611,0.00765109273635356,0,0,FOLLOWING,1.4801451507473413,0.5829364899120669,0
46.528,0.8431722208444197,-0.014667578490626956,0.48208625135654876,2.172987760096011,0.6995579700431472,0.4968772414780766,0.15900735408296898,0.4944472431029856,0.14215251689801917,1.5094792156943968,0.010788287488748216,0.009479215694396803,0,0,FOLLOWING,1.4774759634155143,0.56851946686335,0
46.56,0.8572403690262362,-0.007286884416856129,0.4866771857803817,2.1860784229578254,0.7124228382435543,0.5116826138471252,0.16539755008272986,0.4964644333136202,0.1434669581822338,1.5112222399331667,0.00970044199584258,0.011222239933166733,0,0,FOLLOWING,1.5005246146835414,0.6161093868842188,0
46.592,0.8716801636675385,0.00037285484985509287,0.49145413658528214,2.1991553159742905,0.7252305123812681,0.5209133801512912,0.18081949364271252,0.5108133106818662,0.14927999933288638,1.5124843482409203,0.008345497851616868,0.012484348240920262,0,0,FOLLOWING,1.496007758080809,0.6183330635575234,0
46.624,0.8863537902967684,0.00824697970672519,0.4966759865852437,2.2122181766873705,0.7379799642425955,0.5292318520948762,0.1864562007422508,0.5204063970506096,0.16318318293393452,1.5134155410258467,0.006461091211285131,0.013415541025846744,0,0,FOLLOWING,1.4979496585063534,0.6095984949922006,0
46.656,0.9012242696651014,0.016327867507616882,0.5020623345747861,2.225266742920666,0.7506701702879895,0.5280423440064342,0.19282665120556944,0.5288860760311663,0.1683237873811652,1.5140498963500155,0.00432205816771003,0.014049896350015523,0,0,FOLLOWING,1.4848556061591458,0.5864356146486497,0
46.688,0.9160307848966021,0.024479934492583337,0.507633005358457,2.23830075278467,0.7633001117342204,0.5444526940777378,0.19150309998177503,0.5281908215641002,0.17408392256355906,1.5146792143150563,0.0019042823045453128,0.014679214315056255,0,0,FOLLOWING,1.5143485185559407,0.6321370063579957,0
46.72,0.9312293069896828,0.03295784415666036,0.5131684340512296,2.2513199446820287,0.7758687746361643,0.5289122097352746,0.1845030610871545,0.5438548238809258,0.17298260042829763,1.5147791728000841,-0.0005718671114441909,0.014779172800084117,0,0,FOLLOWING,1.4662116880634282,0.5332560529860683,0
46.752,0.945986774048902,0.041300763579219184,0.51850216017796,2.2643240573127903,0.7883751499682043,0.5341896204949178,0.17061264501198162,0.5297465572826576,0.1666793529374334,1.5152997496344043,-0.002943625971917663,0.01529974963440428,0,0,FOLLOWING,1.4968504976816026,0.5840503733405854,0
46.784,0.9608201472691461,0.04978948759690728,0.5234346468809209,2.2773128296796497,0.8008182337052354,0.5423148931291777,0.16224365813548206,0.5340786869717744,0.15414052407732373,1.5156507382380184,-0.0050061937186621774,0.015650738238018436,0,0,FOLLOWING,1.5034378785704552,0.5989434827120399,0
46.816,0.9758320475643733,0.05847762380115392,0.5281252664823367,2.2902860010931847,0.8131970269032696,0.5275315676394877,0.16035188771016154,0.5420259198242732,0.14658213135634776,1.5157145421768363,-0.006915334094233948,0.01571454217683632,0,0,FOLLOWING,1.4668668816416668,0.5352561422411642,0
46.848,0.9904231443382036,0.06701588862876642,0.5327599658395145,2.3032433111770922,0.8255105357796313,0.5019315676394878,0.15585665005322646,0.528286319034753,0.144834614959817,1.5161830101328146,-0.008854136506987631,0.016183010132814646,0,0,FOLLOWING,1.4383827375595177,0.48097363448822955,0
46.88,1.0043337050162358,0.07524310559326355,0.5375843483713773,2.3161844998734082,0.8377577717927371,0.4995603139272556,0.1421289339724936,0.5050213014838046,0.15076224820332312,1.5173599191150036,-0.011064920590912908,0.017359919115003564,0,0,FOLLOWING,1.4774450093049156,0.5468289784010157,0
46.912,1.018056888628395,0.08344828166128156,0.541691496136501,2.329109307447741,0.8499377517214701,0.5154699246254101,0.1333133294817483,0.49965563279261127,0.1283485577282383,1.5186719700465952,-0.012645076491860974,0.018671970046595154,0,0,FOLLOWING,1.5049663290514372,0.6004435090124383,0
46.944,1.0321568224136526,0.09195248468250841,0.5455438671043401,2.3420174744944564,0.8620494977440855,0.5252686381668654,0.11940675183395774,0.5145771866344044,0.12038676106230667,1.5194684390917474,-0.014051952777401344,0.019468439091747447,0,0,FOLLOWING,1.5010391252910342,0.5833752479369788,0
46.976,1.0465021887255537,0.10067821878699051,0.5489947949510701,2.354908741941922,0.8740920375167482,0.550554600798888,0.10934554957479946,0.524717997101767,0.10784160298102091,1.5199002084024082,-0.01513678555941478,0.019900208402408248,0,0,FOLLOWING,1.5301778675284434,0.6380988658742054,0
47.008,1.0614936237808723,0.10986483939939379,0.5521566056594599,2.367782851057666,0.8860644042515562,0.5761546007988879,0.10296915874900019,0.5494649372949014,0.09880664844738693,1.5194990325025184,-0.01601130802322981,0.019499032502518387,0,0,FOLLOWING,1.5460755932517443,0.6659097162789464,0
47.04,1.0771580230967899,0.1195295760751267,0.5551341218749086,2.380639543453612,0.8979656367941914,0.5923792902120756,0.08590829651926295,0.5752028779133878,0.09304741300418835,1.518231462768292,-0.016777743476428464,0.018231462768292017,0,0,FOLLOWING,1.5279225121615032,0.6178224193873111,0
47.072,1.0932513652349263,0.12952360386179898,0.5576191449797564,2.3934785610912206,0.9097947797010465,0.5863397580793711,0.0612234180639505,0.5920063486195276,0.0776569723693332,1.5163818347269542,-0.01712338419382675,0.016381834726954203,0,0,FOLLOWING,1.5024301000790206,0.5614890801100347,0
47.104,1.1091855952299754,0.13947371506911466,0.5593912371364679,2.406299646286715,0.9215508833159647,0.5607397580793712,0.04093179811619743,0.5870413223856584,0.05537784888435281,1.5146450272396623,-0.016815477127813394,0.014645027239662323,0,0,FOLLOWING,1.4596680673818858,0.48036523263924247,0
47.136,1.1244479935111529,0.14904016071257434,0.5606842127459073,2.4191025417162066,0.9332330038464429,0.5351397580793712,0.030249468630669005,0.5628700477565454,0.04040545272132223,1.5136343066971005,-0.016072442159753786,0.013634306697100529,0,0,FOLLOWING,1.4549784959073104,0.48035966702277716,0
47.168,1.1389958537542058,0.15818240915217407,0.5616375152898625,2.431886990420902,0.9448402034394372,0.5195607890214352,0.02882515479974421,0.5369134887515861,0.029790716119261946,1.5134060844942459,-0.015028961462806634,0.013406084494245851,0,0,FOLLOWING,1.4685685908012245,0.5157103518660313,0
47.2,1.153082936431266,0.16705117743521267,0.562470049653789,2.4446527358122228,0.9563715502566178,0.5348119491796328,0.019398730161689828,0.5201867823721463,0.02601675447714823,1.5136641627599852,-0.013905022229894428,0.013664162759985166,0,0,FOLLOWING,1.5117053563667255,0.5943332505808289,0
47.232,1.167535358065798,0.17616453930938655,0.5630311222399836,2.4573995216769897,0.9678261185492144,0.5460990838834714,0.012649780305750567,0.533948428149817,0.017533563214157923,1.5134323957854536,-0.01255843239401222,0.013432395785453632,0,0,FOLLOWING,1.510491026942886,0.5889255242925969,0
47.264,1.1822945372177032,0.18548130486851933,0.5633983848054078,2.4701270921825302,0.9792029887323003,0.5447677132642424,0.0010410610522525825,0.5454437229733767,0.011476966687045186,1.5127811477747832,-0.011062572436656648,0.01278114777478323,0,0,FOLLOWING,1.4938285686981454,0.5510121609351973,0
47.296,1.1970332295754633,0.19479148311322722,0.5634305282326361,2.482835191881848,0.9905012474586515,0.5499196973794442,0.0007910030919933636,0.5447801086528838,0.001004480610431905,1.5120981169704564,-0.009270851037558536,0.012098116970456374,0,0,FOLLOWING,1.5036546982809338,0.5744638593954448,0
47.328,1.2119054006228922,0.20418546583171546,0.5634550361496792,2.4955235657187225,1.0017199876920462,0.5534371631647064,0.010377812630175775,0.5497094323493446,0.0007658670537069567,1.5112037941068612,-0.007508142446529976,0.011203794106861231,0,0,FOLLOWING,1.502529582894182,0.5773571793706248,0
47.36,1.226875260186751,0.21364094930910243,0.563758742690278,2.5081919590328416,1.0128583087800942,0.5641801280576545,0.02947747739924051,0.5533150790644538,0.009490819516565132,1.510139354636395,-0.006061017663034573,0.010139354636395037,0,0,FOLLOWING,1.5154580784281164,0.6100347454546604,0
47.392,1.2421251127420203,0.2232800026498331,0.5646143192067539,2.52084011756491,1.0239153165265389,0.5741676730633957,0.0448369545688831,0.5637811487111564,0.02673675547006873,1.5086845161880775,-0.0052064906905952,0.008684516188077529,0,0,FOLLOWING,1.5179107567127634,0.6118941578885422,0
47.424,1.2576383323204452,0.23310558049829747,0.5659154450387234,2.533467787461751,1.0348901232630465,0.5982531059030308,0.05089022238507982,0.573850940111641,0.04066018207654018,1.5068507728446896,-0.004844964368606819,0.006850772844689601,0,0,FOLLOWING,1.5444144601875813,0.6557238367962906,0
47.456,1.2737733181220012,0.24335693581571757,0.5673961007170546,2.5460747152814016,1.0457818479204668,0.6191771413731967,0.06465755827185543,0.5973954847765517,0.04627050495548432,1.5042062972810866,-0.004717165622882713,0.004206297281086568,0,0,FOLLOWING,1.5468735512942493,0.6639632608106546,0
47.488,1.2904637357183624,0.2539980111212377,0.5692746762799347,2.5586606479982024,1.0565896160995674,0.6427999990101532,0.08026598488818357,0.6185727906784465,0.05870552416317212,1.5008253371721214,-0.005042896522385987,0.0008253371721214098,0,0,FOLLOWING,1.5575391935960308,0.6857777988090065,0
47.52,1.3077697369617014,0.2650800128437433,0.5716072709243598,2.5712253330078703,1.067312560141231,0.6610138013509674,0.08507919953359336,0.6422014975646423,0.07289366956300397,1.496628578881145,-0.005884075139706457,-0.0033714211188549115,0,0,FOLLOWING,1.5562360885889805,0.6751989854576461,0
47.552,1.3255483127384764,0.2765256691494129,0.5740800100756644,2.5837685181325747,1.0779498191961128,0.6790775093789896,0.08060090805092991,0.6607620767146902,0.07727323554223921,1.4917770455198867,-0.006933103665944573,-0.008222954480113343,0,0,FOLLOWING,1.5615591061906327,0.6799915831238044,0
47.584,1.3437849196359002,0.28833230291697765,0.5764257165266011,2.5962899516259927,1.0885005392937492,0.6739719882855687,0.07380893026703422,0.6789044587583972,0.07330347218562017,1.486283304645119,-0.007925725839781683,-0.01371669535488107,0,0,FOLLOWING,1.52949877136968,0.6167784314007559,0
47.616,1.3618839301348156,0.3001116073153113,0.5785749985268085,2.608789382178366,1.0989638734111165,0.6692145203654433,0.0827657600213235,0.6748142579914247,0.067165178723554,1.4808572346388877,-0.008788146575234412,-0.019142765361112257,0,0,FOLLOWING,1.5268417278405355,0.6256484429446709,0
47.648,1.3798276785749355,0.3118450060502663,0.5809794331129035,2.621266558921542,1.1093389815406283,0.6757063401108979,0.09691018946417174,0.6699681367729169,0.07513866311055915,1.4755226648817217,-0.009969113474297076,-0.02447733511827832,0,0,FOLLOWING,1.5423475075782422,0.6643892220934969,0
47.68,1.3978999993512629,0.32372446730652177,0.5837897420259607,2.6337212314340173,1.1196250307575817,0.6778049607927218,0.1020506729513322,0.6758418034354755,0.08782225236209058,1.4699359933576195,-0.011625892946535153,-0.030064006642380514,0,0,FOLLOWING,1.5364693454573728,0.6496370648476109,0
47.712,1.4159977432492132,0.33569410939459043,0.5867479622834172,2.646153149745941,1.129821195287005,0.6531746609273534,0.09490510319384725,0.6780540924854025,0.09244450069526221,1.4642131513823757,-0.013507249653714748,-0.03578684861762427,0,0,FOLLOWING,1.492295037876217,0.5595490924014179,0
47.744,1.4334337942471655,0.347301021255182,0.5895027297435385,2.658562064344168,1.1399266565699802,0.6288979669031582,0.1012318615756222,0.6545371048539937,0.08608656468723551,1.4591760263755231,-0.015257981033448331,-0.04082397362447687,0,0,FOLLOWING,1.4829628823263197,0.5574125601570766,0
47.776,1.4501872078583318,0.35852085982803217,0.5924357827467488,2.670947726177225,1.1499406033293258,0.611861974775183,0.10193334735978768,0.6300820673048424,0.0916579648693559,1.454854444090496,-0.017256166306306664,-0.045145555909503976,0,0,FOLLOWING,1.4860057293995566,0.565058040545084,0
47.808,1.4664406402809385,0.3694756757801605,0.5953857815573672,2.6833098866603504,1.1598622316347604,0.5985993864010475,0.0825500171410519,0.6125041540529896,0.09218751048147271,1.4510277979624286,-0.019344807710578,-0.048972202037571355,0,0,FOLLOWING,1.486635283288578,0.5588570436315689,0
47.84,1.4823018286519147,0.38023445914995785,0.5977769630863897,2.6956482976804432,1.16969074496741,0.5729993864010475,0.06989911749668565,0.5989251127830788,0.07472444254842858,1.4475672285323002,-0.02094933355359818,-0.05243277146769976,0,0,FOLLOWING,1.4575295062123175,0.5065839385184301,0
47.872,1.4974946100537674,0.390592257884266,0.5999404518467872,2.707962711601083,1.1794253542837854,0.5606380407759346,0.05077876034178037,0.5745991054802493,0.06760906600243143,1.4448151019555464,-0.022387876255024253,-0.05518489804445359,0,0,FOLLOWING,1.4759628425189995,0.5438708965972835,0
47.904,1.5123003147768241,0.40073195701666714,0.6014124009358133,2.7202528812674607,1.1890652780790958,0.5525015636636321,0.017233008102279693,0.5607780081935865,0.0459984577880788,1.4424350342350376,-0.02319795349184217,-0.057564965764962395,0,0,FOLLOWING,1.4776812831976993,0.5466860979316013,0
47.936,1.526869851281209,0.41073916121094395,0.6019162022707931,2.732518560011377,1.1986097424500197,0.5463530666532164,0.008378319879664926,0.552355338702841,0.01574387038959542,1.4402530547250094,-0.023096576762681842,-0.05974694527499058,0,0,FOLLOWING,1.476969267852497,0.5478781295005257,0
47.968,1.5412717217297989,0.4206383849700973,0.602161514890419,2.744759501656155,1.208057981156806,0.530916187221092,-0.0038979799555249883,0.5461274431792479,0.0076661333623361215,1.4381976418041118,-0.022782451155436756,-0.061802358195888196,0,0,FOLLOWING,1.4596834899066389,0.5127769268497363,0
48.0,1.5552770073212916,0.4302669127874261,0.6020410400636702,2.7569754605216206,1.2174092356848156,0.5514908796805791,-0.011924304321293593,0.5311144998463233,-0.003764727568575597,1.4365487144264761,-0.02214153361964666,-0.06345128557352386,0,0,FOLLOWING,1.5157636422341934,0.6238477499437809,0
