t,x,y,yaw,hx,hy,v,w,actual_v,actual_w,distance,bearing,error,stale,close,state,estimate_distance,estimate_speed,rejected_measurements
0.032,-9.895465867617852e-20,-9.05499575168298e-06,1.4335101498603523e-18,1.5,0.0,0.0,-0.013693828585980103,-3.3507354409815345e-18,4.479350741066638e-17,1.500000000027331,6.036663834380559e-06,2.7331026331012254e-11,0,0,FOLLOWING,1.500000000027331,0.0,0
0.064,-3.134906349017321e-09,-7.5679873617993505e-06,-0.0004009269357107127,1.508,0.001919995281411479,0.0,-0.009700256666765442,-1.1458429155133966e-07,-0.012528966908512105,1.5080012350641603,0.001679151216200282,0.008001235064160284,0,0,FOLLOWING,1.5080012350641603,0.006427479205786808,0
0.096,-4.4325081561060465e-09,-6.064486946903498e-06,-0.0006877489098892825,1.516,0.0038399622513753257,0.0,-0.005985380296891792,-7.148208919345094e-08,-0.008963186754235604,1.5160048830267785,0.0032247004111469893,0.016004883026778494,0,0,FOLLOWING,1.5160048830267785,0.017193501713687755,0
0.128,-4.556635150245797e-09,-4.850846361356207e-06,-0.0008679476361258731,1.524,0.0057598725988613755,0.0037658672395306275,-0.0025304417704566005,-3.6119500019701266e-08,-0.005631210210177466,1.5240109074166837,0.004650556516587263,0.024010907416683658,0,0,FOLLOWING,1.5240109074166837,0.030727343646965492,0
0.16,0.00011531406416433922,-3.979953587326618e-06,-0.0009471996642954416,1.532,0.007679698013674398,0.014940498317392826,0.0006773806166850725,0.003606633739852978,-0.002476630399203467,1.5319039558379104,0.0059629907365367964,0.03190395583791039,0,0,FOLLOWING,1.5319039558379104,0.04586029764502476,0
0.192,0.0005786325641945943,-3.642816421743761e-06,-0.0009279564998898119,1.54,0.00959941018687154,0.025813928692631438,0.0036418884823523623,0.014487138253965921,0.0006013313122241585,1.5394513195112438,0.007165968161660466,0.03945131951124381,0,0,FOLLOWING,1.5394513195112438,0.06173428559316565,0
0.224,0.0013921275229321346,-3.7773571301569647e-06,-0.0008172789108875192,1.548,0.011518980811179766,0.03635284682843949,0.006379379033212841,0.02542881066262457,0.0034586453713085657,1.5466507961281526,0.00826748343928727,0.046650796128152594,0,0,FOLLOWING,1.5466507961281526,0.07773012180248808,0
0.256,0.0025457430105396304,-4.2184125176642124e-06,-0.0006270408703876204,1.556,0.013438381581413262,0.046544124516382956,0.008917372919534872,0.0360559210461827,0.005944905634548737,1.5535124177338504,0.009280185575685876,0.053512417733850404,0,0,FOLLOWING,1.5535124177338504,0.09341132492542593,0
0.28800000000000003,0.004027903487920966,-4.729642939969377e-06,-0.0003631584265242629,1.564,0.015357584194890804,0.05637994512060315,0.011269350295035126,0.04632155749605979,0.008246294197938951,1.5600477372768897,0.01021065332186058,0.06004773727688972,0,0,FOLLOWING,1.5600477372768897,0.10848021868834544,0
0.32,0.005826767925190033,-5.015919995005617e-06,-3.109642044688517e-05,1.572,0.017276560351853112,0.06585574873361333,0.013447673531567938,0.056217427678745366,0.010376908894431169,1.5662685739508715,0.011064917326018898,0.06626857395087149,0,0,FOLLOWING,1.5662685739508715,0.12274373227778913,0
0.352,0.007930429306848098,-4.735782628847166e-06,0.00036405887689039174,1.58,0.019195281755880134,0.0749697348947756,0.015463788196846807,0.06574142802679737,0.012348578599812815,1.572186813254974,0.011848545031241676,0.07218681325497389,0,0,FOLLOWING,1.572186813254974,0.13608684547463065,0
0.384,0.010326995908799179,-3.5124372394514572e-06,0.0008175686674693109,1.588,0.021113720114308305,0.08372252688751537,0.017328320234469913,0.07489400185574467,0.014172161027894268,1.577814325371902,0.012566682387230525,0.07781432537190192,0,0,FOLLOWING,1.577814325371902,0.14845204898342215,0
0.41600000000000004,0.013004655299304824,-9.434135014323481e-07,0.001325014251572004,1.596,0.02303184713864773,0.09211685880397444,0.01905115818321843,0.08367760303649362,0.015857658820561022,1.5831629008995545,0.013224090671470123,0.08316290089955447,0,0,FOLLOWING,1.5831629008995545,0.15982352889015414,0
0.448,0.01595173025904548,3.3910199212713114e-06,0.0018822727615692176,1.604,0.024949634544999308,0.10015727756016951,0.02064152294554594,0.09209644202091041,0.01741431653053448,1.5882441947299073,0.013825179180483389,0.0882441947299073,0,0,FOLLOWING,1.5882441947299073,0.17021505339846743,0
0.48,0.019156727420649885,9.920583891209054e-06,0.0024854955156419713,1.612,0.02686705405447181,0.10784986300229854,0.022108027255555534,0.10015625663068042,0.018850702397265245,1.5930696772644788,0.014374034374857077,0.09306967726447879,0,0,FOLLOWING,1.5930696772644788,0.1796607539923838,0
0.512,0.022608378818535443,1.9078767271900965e-05,0.0031310885847603163,1.62,0.02878407739359886,0.11520196898334163,0.023458726668273512,0.10786408900647099,0.020174777451545122,1.597650592766366,0.0148744459674395,0.097650592766366,0,0,FOLLOWING,1.597650592766366,0.18820816316853264,0
0.544,0.026295676647196006,3.1297562260686125e-05,0.0038156952361044607,1.6280000000000001,0.030700676294755848,0.12222198711791418,0.024701163593638945,0.1152280720871271,0.021393954118252602,1.6019979245426323,0.015329930367810485,0.10199792454263235,0,0,FOLLOWING,1.6019979245426323,0.19591300582372628,0
0.5760000000000001,0.03020790165105674,4.7003065312855436e-05,0.0045361799750382285,1.6360000000000001,0.03261682249657674,0.12891913388763043,0.02584240563747696,0.12225722950255889,0.02251514614981682,1.606122366526812,0.015743751832201745,0.10612236652681206,0,0,FOLLOWING,1.606122366526812,0.20283534841658862,0
0.608,0.0343346456522129,6.661185510500086e-05,0.005289613957023944,1.6440000000000001,0.03453248774437082,0.1353032609569351,0.026889079286705267,0.12896129145742555,0.02354481142475658,1.610034300749025,0.016118941614307235,0.11003430074902498,0,0,FOLLOWING,1.610034300749025,0.2090367948419808,0
0.64,0.038665828767396763,9.052806258057009e-05,0.006073261581784627,1.652,0.03644764379053933,0.14138468795408737,0.02784739978459339,0.13535052799234557,0.024488988886389392,1.6137437801369978,0.016458315367262027,0.11374378013699782,0,0,FOLLOWING,1.6137437801369978,0.21457848510752342,0
0.672,0.04319171188096772,0.00011914105249209664,0.006884568115778367,1.66,0.038362262394991964,0.14717405654438037,0.028723197880780683,0.14143560008732858,0.025353330674433277,1.6172605160766194,0.016764489009134114,0.11726051607661936,0,0,FOLLOWING,1.6172605160766194,0.21951970600467174,0
0.704,0.047902904934330914,0.00015282364084203632,0.007721148216730447,1.668,0.04027631532556333,0.15268220434192567,0.02952194400666302,0.1472274283915137,0.02614313031312568,1.6205938701677214,0.017039893232433247,0.12059387016772138,0,0,FOLLOWING,1.6205938701677214,0.2239169649091962,0
0.736,0.05279037157034635,0.00019193077804998852,0.008580775256551352,1.676,0.04218977435842921,0.1579200570434901,0.030248770316134318,0.15273707888197807,0.026863347660696743,1.6237528496332612,0.017286786811412092,0.12375284963326116,0,0,FOLLOWING,1.6237528496332612,0.22782341092723454,0
0.768,0.0578454306391121,0.0002367986333632508,0.00946137135729303,1.684,0.044102611278522774,0.1628985370966477,0.030908490941320792,0.15797566443286862,0.027518631192303248,1.6267461058727988,0.017507268838505022,0.12674610587279878,0,0,FOLLOWING,1.6267461058727988,0.23128851365458586,0
0.8,0.06305975503299464,0.0002877440218137076,0.010360998069602537,1.692,0.046014797879950574,0.16762848721235984,0.03150562073977278,0.16295426107952418,0.028113338078821208,1.6295819356901673,0.017703290002420234,0.1295819356901673,0,0,FOLLOWING,1.6295819356901673,0.23435793029629048,0
0.8320000000000001,0.06842536827699752,0.0003450641207708687,0.011277847635042455,1.7,0.04792630596640852,0.17212060707991725,0.032044392750815734,0.16768383766124464,0.028651552433509895,1.632268284767435,0.017876663004592563,0.13226828476743502,0,0,FOLLOWING,1.632268284767435,0.23707350796041426,0
0.864,0.07393463925777284,0.00040903642873057436,0.01221023478318746,1.708,0.0498371073515976,0.17638540172448777,0.03252877453199717,0.17217519749608307,0.029137102024575093,1.6348127530004104,0.01802907219743189,0.1348127530004104,0,0,FOLLOWING,1.6348127530004104,0.2394733805164291,0
0.896,0.07958027543242713,0.00047991892432297555,0.013156589022024575,1.716,0.05174717385963953,0.1804331400519324,0.0329624835096417,0.17643893076191083,0.02957357369164694,1.637222601353406,0.01816208251664992,0.13722260135340592,0,0,FOLLOWING,1.637222601353406,0.2415921292273461,0
0.928,0.08535531481787895,0.0005579503885554286,0.014115447386240378,1.724,0.053656477325492224,0.18427382224248565,0.03334900144865275,0.1804853763139367,0.029964327655394384,1.6395047599316341,0.018277147770581974,0.13950475993163414,0,0,FOLLOWING,1.6395047599316341,0.24346098400767147,0
0.96,0.09125311702361943,0.000643350857984982,0.015085447612786546,1.732,0.05556498959536509,0.18791715477714213,0.033691588124311465,0.18432459174754498,0.030312510870527283,1.6416658370077353,0.018375618341540056,0.14166583700773527,0,0,FOLLOWING,1.6416658370077353,0.2451080480879821,0
0.992,0.09726735355574294,0.0007363221808101334,0.01606532171691754,1.74,0.05747268252713418,0.19137253200282245,0.03399329426164726,0.18796633060747084,0.030621069541013797,1.6437121287741052,0.01845874834760807,0.14371212877410522,0,0,FOLLOWING,1.6437121287741052,0.24655853344752154,0
1.024,0.10339199758825446,0.0008370486517778174,0.01705388994490637,1.748,0.05937952799075717,0.19464902326090042,0.034256973794901766,0.19142002574271552,0.030892760891652337,1.6456496296246983,0.018527702307702603,0.1456496296246983,0,0,FOLLOWING,1.6456496296246983,0.24783499789859023,0
1.056,0.10962131336896994,0.0009456977053187138,0.018050055082025594,1.756,0.061285497868688144,0.19775536471596716,0.03448529548983438,0.19469477790636466,0.031130164270424424,1.647484042798798,0.01858356134801045,0.147484042798798,0,0,FOLLOWING,1.647484042798798,0.24895757740008062,0
1.088,0.11594984540172994,0.0010624206494612796,0.019052797096275265,1.764,0.0631905640562922,0.20069995512621497,0.034680753964343426,0.19779934879682762,0.03133569164084064,1.6492207912449326,0.018627328983925755,0.1492207912449326,0,0,FOLLOWING,1.6492207912449326,0.2499442092235729,0
1.12,0.12237240752400348,0.0011873534258551898,0.020061168099852464,1.772,0.06509469846225988,0.20349085489276725,0.03484568013760184,0.20074215782980545,0.031511597511568144,1.6508650285858484,0.018659936508223847,0.15086502858584838,0,0,FOLLOWING,1.6508650285858484,0.25081084313706997,0
1.1520000000000001,0.1288840719790673,0.0013206173836762963,0.021074287611582088,1.78,0.0669978730090214,0.20613578781227077,0.03498225113406672,0.20353128201681808,0.03165998834163553,1.6524216500853839,0.018682248013322016,0.1524216500853839,0,0,FOLLOWING,1.6524216500853839,0.25157163892148343,0
1.184,0.13548015856458767,0.001462320057316423,0.022091338104532985,1.788,0.06890005963316062,0.20864214503528342,0.03509249966604758,0.2061744584057015,0.031782831452604965,1.6538953035355108,0.01869506507300309,0.15389530353551084,0,0,FOLLOWING,1.6538953035355108,0.25223914938213216,0
1.216,0.14215622392437416,0.0016125559396094617,0.023111560823885244,1.796,0.07080123028582894,0.21101699080267472,0.035178322916615774,0.20867908861075987,0.03188196347402423,1.6552903999968926,0.018699131106842102,0.15529039999689265,0,0,FOLLOWING,1.6552903999968926,0.2528244886314644,0
1.248,0.14890805103708496,0.0017714072439359897,0.024134251860835818,1.804,0.07270135693315884,0.21326706959391253,0.03524149094336071,0.2110522450252013,0.031959098344707386,1.656611124339317,0.018695135448721815,0.1566111243393169,0,0,FOLLOWING,1.656611124339317,0.2533374858545603,0
1.28,0.15573163882172386,0.0019389037779744115,0.02515894965526671,1.812,0.07460041155667725,0.21539882182091993,0.03528326183839544,0.2133006425203501,0.03202180966254269,1.6578614474535702,0.018683550579368373,0.15786144745357023,0,0,FOLLOWING,1.6578614474535702,0.25378682506845135,0
1.312,0.1626231926813581,0.0021151526207759904,0.026184827795605825,1.82,0.07649836615371872,0.21741836929134495,0.035305629649926416,0.21543079972625845,0.0320586954026221,1.6590451301556635,0.018665161679353157,0.15904513015566346,0,0,FOLLOWING,1.6590451301556635,0.25418017158312023,0
1.344,0.1695791140975653,0.0023002032210351895,0.02721133110023781,1.828,0.07839519273783835,0.2193315499023683,0.03531001676512938,0.21744880586253473,0.032078231689186686,1.6601657393847697,0.0186405123811524,0.16016573938476975,0,0,FOLLOWING,1.6601657393847697,0.2545242859921552,0
1.3760000000000001,0.17659599148055777,0.0024940947865058206,0.028237944916911468,1.836,0.0802908633392244,0.2211439190583587,0.03529775094063798,0.21936049878170436,0.03208168510336216,1.6612266554229254,0.018610107314170055,0.16122665542292536,0,0,FOLLOWING,1.6612266554229254,0.2548251265843962,0
1.408,0.18367059116248868,0.002696857933799514,0.029264192332553424,1.844,0.08218535000511083,0.222860759917602,0.035270070055891056,0.221171435184167,0.032070234993266354,1.6622310808736824,0.018574414312813113,0.16223108087368243,0,0,FOLLOWING,1.6622310808736824,0.25508794108998145,0
1.44,0.19079984868165772,0.0029085152984492427,0.03028963168717163,1.8519999999999999,0.08407862480018935,0.22448709391747823,0.03522812765149771,0.2228868990013836,0.032044983015728425,1.6631820493910483,0.018533866915289895,0.1631820493910483,0,0,FOLLOWING,1.6631820493910483,0.2553173486668243,0
1.472,0.1979808604008171,0.003129082088747567,0.031313854225230864,1.8599999999999999,0.0859706598070215,0.22602769134357076,0.035172998236080964,0.22451191186042047,0.032006957433479956,1.6640824340737634,0.0184888667296412,0.16408243407376344,0,0,FOLLOWING,1.6640824340737634,0.2555174130057294,0
1.504,0.20521087546534092,0.0033585666161671484,0.0323364818822306,1.8679999999999999,0.08786142712645012,0.2274870818445516,0.03510568231342514,0.22605124375038313,0.03195711734016258,1.6649349555178299,0.01843978565165848,0.16493495551782988,0,0,FOLLOWING,1.6649349555178299,0.2556917073909249,0
1.536,0.21248728809956238,0.0035969708022513913,0.03335716520222381,1.876,0.08975089887801091,0.2288695648214068,0.03502711113440742,0.2275094236335955,0.03189635675215064,1.6657421895291094,0.018386967940920734,0.16574218952910935,0,0,FOLLOWING,1.6657421895291094,0.25584337250287675,0
1.568,0.219807630236892,0.003844290661202445,0.034375581381353534,1.884,0.09163904720034341,0.23017921963463528,0.03493815118166666,0.22889074991666253,0.03182550854654309,1.6665065745005376,0.018330732162103916,0.16650657450053763,0,0,FOLLOWING,1.6665065745005376,0.25597516769562767,0
1.6,0.22716956447755557,0.004100516757782779,0.035391432432095755,1.892,0.09352584425160197,0.2314199155850883,0.03483960839619953,0.23019930072599654,0.03174534823318714,1.6672304184602766,0.018271372998753123,0.16723041846027664,0,0,FOLLOWING,1.6672304184602766,0.25608951642436706,0
1.6320000000000001,0.2345708773664348,0.004365634640489533,0.0364044434626499,1.9,0.09541126220986618,0.23259532163416669,0.03473223215589094,0.23143894394548511,0.031656597553004165,1.6679159057984634,0.018209162946640753,0.16791590579846338,0,0,FOLLOWING,1.6679159057984634,0.25618854644247735,0
1.6640000000000001,0.24200947298245157,0.004639625250231126,0.03741436106581499,1.908,0.09729527327355113,0.23370891583755274,0.03461671901652094,0.23261334698382008,0.03155992789939169,1.6685651036812528,0.01814435389367257,0.16856510368125277,0,0,FOLLOWING,1.6685651036812528,0.2562741253322835,0
1.696,0.24948336683015607,0.004922465304947808,0.03842095181166572,1.916,0.09917784966181742,0.23476399447371563,0.03449371622607306,0.23372598624721483,0.03145596356194555,1.669179968161616,0.018077178593105418,0.16917996816161596,0,0,FOLLOWING,1.669179968161616,0.25634789188112883,0
1.728,0.2569906800236166,0.0052141276607787935,0.03942400083840753,1.924,0.10105896361498078,0.23576368085432073,0.034363825023286255,0.23478015630003404,0.03134528479454092,1.6697623499969125,0.018007852036588702,0.16976234999691253,0,0,FOLLOWING,1.6697623499969125,0.2564112837647728,0
1.76,0.2645296337523273,0.005514581650501309,0.040423310535900966,1.932,0.10293858739492139,0.23671093380856825,0.03422760373135198,0.2357789787015638,0.031228430711231547,1.670314000183629,0.017936572733274037,0.17031400018362897,0,0,FOLLOWING,1.670314000183629,0.25646556195383335,0
1.792,0.2720985440186205,0.005823793400056226,0.04141869931650317,1.94,0.1048166932854929,0.23760855583749815,0.034085570657505594,0.23672541051186674,0.03110590201490605,1.6708365752198906,0.017863523900947212,0.1708365752198906,0,0,FOLLOWING,1.6708365752198906,0.25651183221619495,0
1.824,0.27969581663596227,0.006141726124036868,0.04241000046805842,1.948,0.10669325359293111,0.23845920093761383,0.03393820680903343,0.23762225246352583,0.030978163564432965,1.6713316421064601,0.01778887457484221,0.17133164210646012,0,0,FOLLOWING,1.6713316421064601,0.2565510640490338,0
1.856,0.2873199424775087,0.006468340401059742,0.04339706108407499,1.956,0.10856824064626233,0.23926538209584117,0.03378595843590679,0.2384721567993216,0.030845646786728805,1.6718006830969252,0.01771278063949739,0.1718006830969252,0,0,FOLLOWING,1.6718006830969252,0.2565841073382723,0
1.8880000000000001,0.2949694929643734,0.006803594429958248,0.04437974106634541,1.964,0.1104416267977115,0.2400294784600181,0.033629239409916835,0.239277634778354,0.03070875194061262,1.6722451002077,0.01763538578871597,0.1722451002076999,0,0,FOLLOWING,1.6722451002077,0.2566117070107505,0
1.92,0.30264311578320646,0.007147444267751524,0.045357912195487717,1.972,0.11231338442310969,0.24075374219080975,0.03346843344980243,0.240041063855337,0.030567850239330865,1.672666219498308,0.01755682241840536,0.17266621949830796,0,0,FOLLOWING,1.672666219498308,0.25663451591498904,0
1.952,0.3103395308228775,0.00749984405033756,0.04633145726512044,1.98,0.11418348592230156,0.24144030500229818,0.033303896201451605,0.2407646945393074,0.03042328583910794,1.6730652951322116,0.017477212456780238,0.17306529513221158,0,0,FOLLOWING,1.6730652951322116,0.25665310613995146,0
1.984,0.318057526320298,0.007860746196850066,0.04730026927559959,1.988,0.11605190371955236,0.24209118439953778,0.03313595718187765,0.241450656939367,0.030275377700461636,1.673443513228213,0.017396668136151053,0.17344351322821305,0,0,FOLLOWING,1.673443513228213,0.2566679789574329,0
2.016,0.3257959552056846,0.008230101598600586,0.04826425068348122,1.996,0.11791861026395446,0.24270828962212512,0.0329649215952096,0.24210096700599584,0.030124421329618227,1.6738019955121695,0.017315292710245532,0.17380199551216946,0,0,FOLLOWING,1.6738019955121695,0.25667957355242826,0
2.048,0.3335537316378612,0.00860785979350471,0.04922331270308028,2.004,0.11978357802983368,0.24329342730341333,0.032791072028562344,0.24271753247726338,0.029970690406526616,1.6741418027784738,0.01723318112077117,0.1741418027784738,0,0,FOLLOWING,1.6741418027784738,0.25668827468682603,0
2.08,0.34132982772050746,0.008993969126863262,0.05017737465671167,2.012,0.12164677951715511,0.24384830685534836,0.03261467003522493,0.24330215853973555,0.02981443830617289,1.6744639381704285,0.01715042061668451,0.1744639381704285,0,0,FOLLOWING,1.6744639381704285,0.2566944194248377,0
2.112,0.34912327039058194,0.009388376899340698,0.05112636337040235,2.02,0.12350818725192862,0.24437454558916755,0.03243595761220114,0.24385655321423344,0.029655899519550114,1.674769350288324,0.017067091329406654,0.17476935028832408,0,0,FOLLOWING,1.674769350288324,0.25669830303350094,0
2.144,0.3569331384704786,0.009791029502948752,0.0520702126120539,2.028,0.12536777378661412,0.24487367358227585,0.032255158578763404,0.24438233247684477,0.029495290980232673,1.6750589361336923,0.016983266807016867,0.17505893613369228,0,0,FOLLOWING,1.6750589361336923,0.25670018415822804,0
2.176,0.3647585598758047,0.010201872545811064,0.053008862569224796,2.036,0.12722551170052604,0.24534713830163923,0.032072479862289095,0.24488102512558937,0.029332813302497457,1.6753335438978734,0.016899014510249513,0.17533354389787337,0,0,FOLLOWING,1.6753335438978734,0.2567002893614921,0
2.208,0.37259870897100067,0.010620850966448362,0.053942259363872626,2.044,0.1290813736002379,0.24579630899395638,0.0318881126973038,0.24535407740320858,0.02916865193631394,1.6755939756027045,0.01681439627293827,0.1755939756027045,0,0,FOLLOWING,1.6755939756027045,0.2566988171022409,0
2.24,0.38045280406535026,0.011047909138290344,0.054870354601567244,2.052,0.13093533211998604,0.24622248085272347,0.03170223374329289,0.24580285738641264,0.029002978244566067,1.6758409896007982,0.016729468729368667,0.1758409896007982,0,0,FOLLOWING,1.6758409896007982,0.2566959412243368,0
2.2720000000000002,0.38832010504225223,0.01148299096508305,0.05579310495284043,2.06,0.13278735992207336,0.24662687897212368,0.031515006126534774,0.24622865915175335,0.028835950507314332,1.6760753029425617,0.016644283710840146,0.17607530294256168,0,0,FOLLOWING,1.6760753029425617,0.2566918140141012,0
2.3040000000000003,0.39619991111494396,0.011926039967828277,0.05671047176449234,2.068,0.13463742969727222,0.24701066209743736,0.03132658041086689,0.24663270672814946,0.02866771485794929,1.6762975936167819,0.01655888861357603,0.17629759361678188,0,0,FOLLOWING,1.6762975936167819,0.2566865688797933,0
2.336,0.4040915587021747,0.012376999363854526,0.057622420698807145,2.076,0.1364855141652273,0.24737492618139845,0.031137095502030875,0.24701615784577252,0.028498406155346573,1.6765085026712887,0.016473326739984848,0.1765085026712887,0,0,FOLLOWING,1.6765085026712887,0.25668032269945307,0
2.368,0.41199441941763065,0.012835812138588176,0.05852892139877084,2.084,0.1383315860748577,0.2477207077556604,0.03094667948992501,0.24738010749078967,0.02832814879644366,1.6767086362199157,0.01638763761513099,0.17670863621991573,0,0,FOLLOWING,1.6767086362199157,0.2566731778779056,0
2.4,0.41990789816720164,0.013302421110558914,0.0594299471775047,2.092,0.140175618204759,0.24804898712619597,0.03075545043285456,0.24772559127512306,0.02815705747296879,1.6768985673416652,0.01630185728015178,0.1768985673416652,0,0,FOLLOWING,1.6768985673416652,0.25666522414874926,0
2.432,0.4278314313484668,0.013776768990142735,0.06032547473024435,2.1,0.1420175833636044,0.24836069140118106,0.030563517087599402,0.24805358863012095,0.027985237875999953,1.6770788378777206,0.01621601856423844,0.1770788378777206,0,0,FOLLOWING,1.6770788378777206,0.25665654015278266,0
2.464,0.435764485147044,0.014258798432515948,0.06121548386730732,2.108,0.1438574543905458,0.2486566973595638,0.030370979588880388,0.24836502583268363,0.027812787351850547,1.677249960131661,0.016130151336686084,0.17724996013166106,0,0,FOLLOWING,1.677249960131661,0.25664719482047843,0
2.496,0.4437065539247136,0.01474845208526309,0.06209995726659179,2.116,0.14569520415561438,0.24893783416821483,0.030177930081594088,0.24866077887206167,0.027639795512417353,1.6774124184779757,0.016044282740417623,0.17741241847797573,0,0,FOLLOWING,1.6774124184779757,0.25663724858272435,0
2.528,0.45165715869447687,0.015245672631054847,0.06297888024424894,2.124,0.14753080556012044,0.24920488595522244,0.029984453308949475,0.2489416761652648,0.02746634480311224,1.6775666708837211,0.01595843740828708,0.17756667088372113,0,0,FOLLOWING,1.6775666708837211,0.2566267544310833,0
2.56,0.45961584567795116,0.015750402825785097,0.06385224054225805,2.132,0.14936423153705322,0.2494585942465891,0.029790627159472415,0.24920850112862092,0.0272925110310624,1.677713150347925,0.0158726376633819,0.177713150347925,0,0,FOLLOWING,1.677713150347925,0.2566157588462111,0
2.592,0.46758218494073645,0.016262585532530068,0.06472002813172367,2.14,0.1511954550514798,0.24969966027325147,0.029596523175614172,0.24946199461277943,0.027118363856439322,1.6778522662630997,0.015786903704455194,0.1778522662630997,0,0,FOLLOWING,1.6778522662630997,0.25660430261076855,0
2.624,0.4755557691016072,0.01678216375166934,0.06558223503078772,2.148,0.15302444910094398,0.24992874715506122,0.0294022070265676,0.2497028572080747,0.026943967249159255,1.677984405703018,0.015701253777546206,0.177984405703018,0,0,FOLLOWING,1.677984405703018,0.2565924215211602,0
2.656,0.4835362121115967,0.017309080647484758,0.06643885513612875,2.156,0.1548511867158642,0.2501464819680422,0.029207738947693587,0.24993175142689603,0.026769379913495466,1.6781099346406814,0.015615704334769873,0.17810993464068137,0,0,FOLLOWING,1.6781099346406814,0.2565801470106532,0
2.688,0.49152314809924236,0.017843279571531947,0.06728988406708658,2.164,0.1566756409599314,0.2503534577009599,0.029013174148819466,0.2501493037693764,0.026594655682612912,1.6782291991002147,0.015530270181191824,0.17822919910021473,0,0,FOLLOWING,1.6782291991002147,0.2565675066948858,0
2.72,0.49951623027845166,0.018384704083058714,0.0681353190215183,2.172,0.1584977849305061,0.25055023510694696,0.028818563193527897,0.2503561066784546,0.02641984388518068,1.6783425262462262,0.015444964610639406,0.17834252624622615,0,0,FOLLOWING,1.6783425262462262,0.2565545248494099,0
2.7520000000000002,0.5075151299156342,0.018933297966724938,0.06897515864255001,2.18,0.16031759175901522,0.2507373444556608,0.02862395235140309,0.25055272039004167,0.026244989685851997,1.6784502254139868,0.015359799531242307,0.1784502254139868,0,0,FOLLOWING,1.6784502254139868,0.25654122282771635,0
2.7840000000000003,0.5155195353529186,0.019489005247860243,0.06980940289544713,2.188,0.16213503461134818,0.2509152871911739,0.028429383925089487,0.250739674683774,0.026070134401484094,1.6785525890836088,0.015274785581440992,0.17855258908360883,0,0,FOLLOWING,1.6785525890836088,0.2565276194271449,0
2.816,0.5235291510844386,0.020051770205479227,0.07063805295388018,2.196,0.16395008668825253,0.2510845375005605,0.02823489655387669,0.2509174705395556,0.02589531579473468,1.6786498938012402,0.015189932237147014,0.1786498938012402,0,0,FOLLOWING,1.6786498938012402,0.2565137312091695,0
2.848,0.5315436968828328,0.020621537383257043,0.07146111109490841,2.2039999999999997,0.16576272122572924,0.25124554379787567,0.02804052549543723,0.2510865817048541,0.02572056834650455,1.6787424010501237,0.015105247910698212,0.17874240105012373,0,0,FOLLOWING,1.6787424010501237,0.25649957277973234,0
2.88,0.5395629069732513,0.02119825159865405,0.07227858060205594,2.2119999999999997,0.1675729114954274,0.25139873012801023,0.027846302887206936,0.2512474561774407,0.02554592350881529,1.678830358074233,0.015020740042198596,0.17883035807423298,0,0,FOLLOWING,1.678830358074233,0.2564851570346078,0
2.912,0.5475865292523059,0.02178185795036243,0.07309046567589389,2.2199999999999998,0.16938063080503818,0.2515444974946536,0.02765225798882249,0.2514005176080555,0.0253714099393895,1.6789139986570347,0.014936415183798762,0.17891399865703472,0,0,FOLLOWING,1.6789139986570347,0.25647049537414485,0
2.944,0.5556143245495362,0.02237230182423698,0.07389677135158376,2.2279999999999998,0.1711858524986884,0.2516832251164216,0.027458417406925822,0.2515461666272449,0.025197053719171747,1.6789935438578198,0.014852279077429463,0.17899354385781985,0,0,FOLLOWING,1.6789935438578198,0.25645559789121325,0
2.976,0.5636460659290926,0.022969528897856663,0.07469750342287458,2.2359999999999998,0.17298854995733381,0.251815271614951,0.027264805303565197,0.25168478210041323,0.025022878554024592,1.6790692027078824,0.014768336726468935,0.1790692027078824,0,0,FOLLOWING,1.6790692027078824,0.256440473535686,0
3.008,0.5716815380294594,0.02357348514385552,0.07549266837208542,2.2439999999999998,0.1747886965991514,0.25194097613860755,0.0270714435893226,0.25181672231487473,0.02484890596175779,1.6791411728687327,0.014684592461783247,0.17914117286873266,0,0,FOLLOWING,1.6791411728687327,0.2564251302583862,0
3.04,0.5797205364391588,0.024184116832147082,0.076282273305631,2.252,0.17658626587993148,0.25206065942524364,0.02687835210224569,0.25194232610259315,0.024675155445359285,1.6792096412543958,0.014601050002558735,0.17920964125439576,0,0,FOLLOWING,1.6792096412543958,0.2564095751370587,0
3.072,0.5877628671064825,0.024801370531159203,0.07706632589468235,2.26,0.17838123129346906,0.25217462480727426,0.02668554877358462,0.25206191390199434,0.02450164465346223,1.679274784619748,0.014517712512309114,0.179274784619748,0,0,FOLLOWING,1.679274784619748,0.25639381448661036,0
3.104,0.595808345781408,0.025425193108185893,0.07784483432058763,2.268,0.18017356637195459,0.25228315916216326,0.02649304978123615,0.25217578876216457,0.02432838952909796,1.679336770116731,0.014434582650410213,0.179336770116731,0,0,FOLLOWING,1.679336770116731,0.25637785395557633,0
3.136,0.6038567974879496,0.02605553172895342,0.07861780722469337,2.276,0.1819632446863645,0.2523865338112521,0.026300869691791757,0.25228423729248334,0.024155404447216117,1.6793957558201895,0.014351662619501422,0.17939575582018952,0,0,FOLLOWING,1.6793957558201895,0.25636169861053565,0
3.168,0.6119080560252925,0.026692333856490252,0.0793852536622457,2.284,0.1837502398468506,0.2524850053697223,0.026109021591970323,0.2523875305606454,0.023982702342172535,1.6794518912249892,0.014268954209054344,0.17945189122498917,0,0,FOLLOWING,1.6794518912249892,0.25634535300998185,0
3.2,0.619961963496145,0.0273355472493836,0.08014718306005975,2.292,0.18553452550312946,0.25257881655029946,0.02591751721020715,0.2524859249418728,0.023810294825498766,1.6795053177159622,0.014186458835402344,0.17950531771596223,0,0,FOLLOWING,1.6795053177159622,0.2563288212689554,0
3.232,0.6280183698608274,0.027985119959497276,0.08090360517768076,2.3,0.18731607534487085,0.25266819692322445,0.025726367029080897,0.2525796629218853,0.02363819229500668,1.679556169012177,0.014104177578489877,0.17955616901217697,0,0,FOLLOWING,1.679556169012177,0.25631210711560076,0
3.2640000000000002,0.6360771325156981,0.028641000329219565,0.08165453007176836,2.308,0.18909486310208568,0.2527533636348268,0.025535580389250575,0.25266897385617776,0.023466404035518477,1.6796045715869148,0.014022111215594728,0.17960457158691479,0,0,FOLLOWING,1.6796045715869148,0.25629521394065186,0
3.2960000000000003,0.644138115894592,0.029303136988303544,0.08239996806346435,2.316,0.19087086254551344,0.25283452208695645,0.025345165585490527,0.252754074687952,0.02329493831209747,1.6796506450646855,0.013940260252247455,0.17965064506468553,0,0,FOLLOWING,1.6796506450646855,0.2562781448407282,0
3.3280000000000003,0.6522011910920172,0.0299714788503579,0.08313992970851351,2.324,0.19264404748700892,0.2529118665793769,0.025155129955411092,0.25283517062692457,0.02312380245608583,1.6796945025965275,0.01385862495056471,0.17969450259652753,0,0,FOLLOWING,1.6796945025965275,0.2562609026562171,0
3.36,0.6602662355069234,0.030645975109038333,0.08387442576993102,2.332,0.1944143917799283,0.25298558091713785,0.024965479961368928,0.2529124557911294,0.02295300294467683,1.6797362512147802,0.01377720535519021,0.1797362512147802,0,0,FOLLOWING,1.6797362512147802,0.256243490004413,0
3.392,0.668333132505923,0.0313265752339888,0.08460346719301699,2.34,0.19618186931951495,0.25305583898481543,0.024776221266082626,0.25298611381373404,0.022782545474272903,1.6797759921684452,0.013696001317030485,0.1797759921684452,0,0,FOLLOWING,1.6797759921684452,0.2562259093085154,0
3.424,0.6764017711049003,0.032013228966574166,0.08532706508254025,2.348,0.1979464540432841,0.25312280528942344,0.024587358802388357,0.25305631841675785,0.022612435028267666,1.679813821240197,0.013615012514951714,0.17981382124019696,0,0,FOLLOWING,1.679813821240197,0.25620816282299197,0
3.456,0.6844720456680106,0.03270588631544301,0.08604523068192224,2.356,0.19970811993140714,0.2531866354736854,0.024398896837574173,0.2531232339534732,0.02244267593955389,1.6798498290460389,0.013534238475597454,0.17984982904603886,0,0,FOLLOWING,1.6798498290460389,0.25619025265576695,0
3.488,0.692543855623114,0.033404497551956056,0.08675797535426527,2.364,0.20146684100709553,0.2532474768012947,0.02421083903268448,0.2531870159212102,0.022273271948149667,1.6798841013185637,0.013453678591472366,0.1798841013185637,0,0,FOLLOWING,1.6798841013185637,0.25617218078763104,0
3.52,0.7006171051927519,0.03410901320551178,0.08746531056508008,2.372,0.20322259133698362,0.2533054686156645,0.02402318849716492,0.25324781144616487,0.022104226254319265,1.6799167191746993,0.013373332137428084,0.1799167191746993,0,0,FOLLOWING,1.6799167191746993,0.2561539490892179,0
3.552,0.7086917031398142,0.03481938405879683,0.08816724786658046,2.38,0.20497534503151113,0.25336074277362286,0.02383594783918378,0.2533057597417241,0.021935541567527434,1.679947759368797,0.013293198285676112,0.17994775936879703,0,0,FOLLOWING,1.679947759368797,0.25613555933585197,0
3.584,0.7167675625270971,0.035535561142987684,0.08886379888341914,2.388,0.206725076245305,0.2534134240554097,0.02364911921195873,0.2533609925417562,0.021767220151487375,1.6799772945318596,0.013213276119444535,0.17997729453185962,0,0,FOLLOWING,1.6799772945318596,0.25611701322053415,0
3.616,0.7248446004899893,0.036257495732925756,0.08955497529975183,2.396,0.20847175917756033,0.2534636305522639,0.02346270435637305,0.2534136345102288,0.021599263865662834,1.6800053933976644,0.01313356464538526,0.18000539339766441,0,0,FOLLOWING,1.6800053933976644,0.25609831236529756,0
3.648,0.7329227380215724,0.03698513934228657,0.09024078884752168,2.404,0.21021536807242086,0.253511474032829,0.023276704640163876,0.253463803628431,0.0214316742034092,1.680032121016504,0.01305406280483294,0.1800321210165039,0,0,FOLLOWING,1.680032121016504,0.25607945833113605,0
3.68,0.7410018997694544,0.03771844371876067,0.09092125129586588,2.412,0.21195587721935893,0.2535570602895185,0.023091121093941763,0.2535116115610416,0.02126445232703459,1.6800575389572132,0.012974769484007484,0.18005753895721321,0,0,FOLLOWING,1.6800575389572132,0.2560604526266855,0
3.712,0.7490820138436964,0.038457360839262565,0.091596374441555,2.42,0.21369326095355443,0.25360048946594305,0.022905954444263996,0.2535571640021646,0.021097599100076452,1.6800817054981292,0.012895683523244146,0.18008170549812919,0,0,FOLLOWING,1.6800817054981292,0.2560412967158116,0
3.744,0.7571630116352244,0.03920184290518222,0.0922661701003781,2.428,0.21542749365627317,0.25364185636642816,0.022721205144000223,0.2536005610024554,0.020931115116864654,1.6801046758075875,0.012816803725332171,0.1801046758075875,0,0,FOLLOWING,1.6801046758075875,0.25602199202424253,0
3.7760000000000002,0.765244827644153,0.039951842337690606,0.09293065009939765,2.436,0.21715854975524487,0.25368125074859604,0.02253687340018325,0.2536418972783434,0.02076500072968149,1.6801265021145244,0.012738128863034645,0.1801265021145244,0,0,FOLLOWING,1.6801265021145244,0.2560025399453657,0
3.8080000000000003,0.7733273993174802,0.04070731177311074,0.09358982627000202,2.444,0.2188864037250401,0.25371875759993967,0.022352959199538957,0.25368126250434475,0.020599256073713355,1.680147233869731,0.012659657685855821,0.18014723386973097,0,0,FOLLOWING,1.680147233869731,0.2559829418452909,0
3.84,0.7814106668956365,0.0414682040583632,0.0942437104416879,2.452,0.22061103008744662,0.2537544573992647,0.02216946233187331,0.25371874158936975,0.020433881089838138,1.6801669178982688,0.012581388926120332,0.18016691789826877,0,0,FOLLOWING,1.6801669178982688,0.25596319906727344,0
3.872,0.7894945732674096,0.042234472246494854,0.09489231443651173,2.46,0.22233240341184518,0.25378842636381477,0.021986382411479138,0.25375441493792583,0.020268875545547918,1.6801855985435281,0.012503321304420958,0.1801855985435281,0,0,FOLLOWING,1.6801855985435281,0.25594331293557804,0
3.904,0.7975790638327799,0.04300606959229689,0.09553565006415392,2.468,0.22405049831558455,0.25382073668287025,0.02180371889671425,0.2537883586970063,0.020104239054081662,1.6802033178033882,0.012425453534488276,0.18020331780338816,0,0,FOLLOWING,1.6802033178033882,0.2559232847588493,0
3.936,0.8056640863732383,0.04378294954801814,0.09617372911754267,2.476,0.22576528946435562,0.2538514567385633,0.021621471107890738,0.253820644989468,0.01993997109193335,1.6802201154589163,0.012347784327531294,0.18022011545891625,0,0,FOLLOWING,1.6802201154589163,0.2559031158330561,0
3.968,0.8137495909291742,0.044565065759179026,0.09680656336898924,2.484,0.2274767515725651,0.25388065131459253,0.02143963824361074,0.25385134213463817,0.019776071014819027,1.6802360291960043,0.012270312396095108,0.18023602919600434,0,0,FOLLOWING,1.6802360291960043,0.25588280744405706,0
4.0,0.8218355296839478,0.04535237206048916,0.09743416456678915,2.492,0.22918485940370834,0.2539083817935108,0.021258219395664746,0.2538805148568394,0.019612538072242315,1.6802510947203377,0.012193036457478075,0.18025109472033773,0,0,FOLLOWING,1.6802510947203377,0.2558623608698401,0
4.032,0.8299218568542788,0.04614482247187264,0.09805654443225116,2.5,0.23088958777074142,0.25393470634321247,0.021077213562609783,0.25390822448247985,0.01944937142086303,1.6802653458660612,0.01211595523674379,0.18026534586606124,0,0,FOLLOWING,1.6802653458660612,0.25584177738247177,0
4.064,0.8380085285866073,0.04694237119460263,0.09867371465711094,2.508,0.23259091153645267,0.2539596800931933,0.02089661966212485,0.2539345291263713,0.019286570136517602,1.6802788146984797,0.012039067469369393,0.18027881469847973,0,0,FOLLOWING,1.6802788146984797,0.25582105824979573,0
4.096,0.8460955028590997,0.047744972607547564,0.09928568690130007,2.516,0.23428880561383317,0.253983355301166,0.020716436542249837,0.253959483867823,0.019124133225328337,1.6802915316111309,0.011962371903556965,0.18029153161113087,0,0,FOLLOWING,1.6802915316111309,0.25580020473691134,0
4.128,0.8541827393889879,0.0485525812635297,0.09989247279103451,2.524,0.23598324496644676,0.254005781510538,0.020536662991586557,0.2539831409170932,0.018962059633671983,1.68030352541753,0.011885867302241893,0.18030352541753003,0,0,FOLLOWING,1.68030352541753,0.25577921810745735,0
4.16,0.8622701995449523,0.04936515188579707,0.10049408391719347,2.532,0.23767420460879926,0.2540270056992656,0.020357297748555325,0.25400554977272277,0.018800348257276483,1.6803148234378842,0.011809552444825913,0.1803148234378842,0,0,FOLLOWING,1.6803148234378842,0.25575809962473023,0
4.192,0.8703578462642716,0.050182639364608456,0.10109053183396327,2.54,0.23936165960670677,0.25404707242054375,0.020178339509771586,0.254026757370251,0.01863899794948292,1.6803254515810446,0.011733426128658422,0.18032545158104463,0,0,FOLLOWING,1.6803254515810446,0.255736850552649,0
4.224,0.8784456439744758,0.05100499875393193,0.10168182805771914,2.548,0.24104558507766352,0.25406602393579425,0.019999786937626596,0.25404680822276493,0.018478007528690013,1.68033543442197,0.0116574871702914,0.1803354344219701,0,0,FOLLOWING,1.68033543442197,0.25571547215659657,0
4.256,0.8865335585192596,0.05183218526825525,0.10226798406612284,2.556,0.2427259561912085,0.2540839003403522,0.01982163866712858,0.2540657445537627,0.01831737578510193,1.6803447952749313,0.011581734406529168,0.1803447952749313,0,0,FOLLOWING,1.6803447952749313,0.25569396570414377,0
4.288,0.8946215570884194,0.05266415427950866,0.10284901129741507,2.564,0.24440274816929194,0.25410073968227587,0.019643893312064422,0.25408360642272854,0.018157101486802087,1.6803535562627065,0.011506166695292502,0.18035355626270655,0,0,FOLLOWING,1.6803535562627065,0.2556723324656773,0
4.32,0.9027096081515932,0.05350086131409707,0.1034249211498824,2.572,0.24607593628664035,0.2541165780746295,0.019466549470550872,0.25410043184381836,0.01799718338522385,1.6803617383819733,0.011430782916316218,0.18036173838197334,0,0,FOLLOWING,1.6803617383819733,0.2556505737149364,0
4.352,0.9107976813955988,0.05434226205004205,0.10399572498148342,2.58,0.24774549587112144,0.25413144980162256,0.019289605730002022,0.25411625689804446,0.017837620220112583,1.6803693615651174,0.011355581971694687,0.1803693615651174,0,0,FOLLOWING,1.6803693615651174,0.25562869072947864,0
4.384,0.9188857476651682,0.05518831231422995,0.10456143410961329,2.588,0.2494114023041076,0.25414538741891524,0.019113060671594795,0.25413111583930936,0.01767841072385894,1.6803764447386427,0.011280562786295316,0.18037644473864267,0,0,FOLLOWING,1.6803764447386427,0.2556066847910749,0
4.416,0.9269737789068948,0.05603896807976642,0.10512205981099695,2.596,0.2510736310208391,0.25415842184843757,0.01893691287424214,0.2541450411946199,0.01751955362551316,1.6803830058783829,0.011205724308048155,0.18038300587838285,0,0,FOLLOWING,1.6803830058783829,0.2555845571860478,0
4.448,0.9350617481162168,0.0568941854634334,0.10567761332169445,2.604,0.25273215751078637,0.2541705824679958,0.018761160918139435,0.2541580638588107,0.017361047654294515,1.680389062061676,0.011131065508128452,0.18038906206167593,0,0,FOLLOWING,1.680389062061676,0.25556230920555995,0
4.48,0.9431496292872693,0.05775392072324758,0.10622810583720496,2.612,0.25438695731801114,0.254181897195972,0.018585803387911704,0.2541702131840691,0.01720289154267352,1.6803946295166787,0.011056585381044065,0.18039462951667873,0,0,FOLLOWING,1.6803946295166787,0.2555399421458549,0
4.5120000000000005,0.9512373973654497,0.05861813025611762,0.10677354851266174,2.62,0.2560380060415275,0.2541923925713778,0.018410838875395283,0.25418151706455505,0.017045084029209286,1.6803997236689743,0.010982282944635408,0.18039972366897428,0,0,FOLLOWING,1.6803997236689743,0.2555174573084626,0
4.5440000000000005,0.959325028202546,0.05948677059559783,0.10731395246310368,2.628,0.25768527933566115,0.25420209382950704,0.01823626598209089,0.25419200201637626,0.01688762386095091,1.6804043591856157,0.010908157240001144,0.1804043591856157,0,0,FOLLOWING,1.6804043591856157,0.25549485600036465,0
4.5760000000000005,0.9674124985142869,0.060359798409735925,0.10784932876381673,2.636,0.25932875291040897,0.25421102497345105,0.01806208332131328,0.2542016932531644,0.016730509795617066,1.680408550016759,0.010834207331356552,0.18040855001675893,0,0,FOLLOWING,1.680408550016759,0.25547213953413617,0
4.6080000000000005,0.9754997858401843,0.06123717049901221,0.1083796884507354,2.644,0.2609684025317967,0.2542192088416819,0.017888289520067605,0.2542106147575377,0.01657374060346715,1.6804123094350047,0.01076043230583322,0.18041230943500475,0,0,FOLLOWING,1.6804123094350047,0.25544930922805625,0
4.64,0.9835868685055378,0.06211884379436787,0.10890504252089635,2.652,0.26260420402223666,0.2542266671719292,0.01771488322067574,0.254218789348596,0.016417315068946718,1.6804156500725815,0.010686831273228128,0.18041565007258153,0,0,FOLLOWING,1.6804156500725815,0.255426366406198,0
4.672,0.9916737255854865,0.06300477535531951,0.10942540193293748,2.66,0.264236133260884,0.2542334206615538,0.017541863082177263,0.25422623874576256,0.016261231992086726,1.6804185839564882,0.010613403365708181,0.18041858395648824,0,0,FOLLOWING,1.6804185839564882,0.2554033123984963,0
4.704,0.9997603368709935,0.06389492236815769,0.10994077760763576,2.668,0.26586416618399256,0.2542394890246048,0.01736922778152117,0.25423298362907604,0.01610549018972961,1.6804211225417045,0.010540147737476482,0.1804211225417045,0,0,FOLLOWING,1.6804211225417045,0.25538014854079905,0
4.736,1.0078466828366592,0.06478924214422656,0.11045118042847787,2.676,0.2674882787852696,0.25424489104574655,0.01719697601458038,0.254239043696215,0.0159500884965526,1.6804232767425784,0.010467063564406328,0.1804232767425784,0,0,FOLLOWING,1.6804232767425784,0.2553568761749024,0
4.768,1.0159327446102597,0.0656876921182824,0.11095662124225927,2.684,0.2691084471162296,0.2542496446312307,0.017025106496985742,0.25424443771635535,0.01579502576594907,1.6804250569624926,0.010394150043646244,0.18042505696249256,0,0,FOLLOWING,1.6804250569624926,0.25533349664857213,0
4.8,1.0240185039439207,0.06659022984692778,0.11145711085970444,2.692,0.27072464728654794,0.25425376685705886,0.016853617964821273,0.2542491835811028,0.01564030087070235,1.680426473121895,0.010321406393204932,0.18042647312189497,0,0,FOLLOWING,1.680426473121895,0.255310011315553,0
4.832,1.0321039431868315,0.06749681300711974,0.11195266005610764,2.7,0.27233685546441255,0.2542572740145137,0.01668250917517384,0.2542532983526099,0.015485912703610185,1.6804275346847963,0.01024883185151379,0.18042753468479633,0,0,FOLLOWING,1.6804275346847963,0.25528642153556746,0
4.864,1.0401890452594207,0.06840739939474855,0.11244327957198615,2.708,0.27394504787687585,0.2542601816531828,0.016511778906564526,0.2542567983090595,0.015331860177891126,1.6804282506838086,0.010176425676977699,0.18042825068380863,0,0,FOLLOWING,1.6804282506838086,0.25526272867430444,0
4.896,1.0482737936289073,0.06932194692328518,0.11292898011374639,2.716,0.2755492008102049,0.25426250462162525,0.016341425959270243,0.25425969898765166,0.015178142227579936,1.6804286297438096,0.010104187147511335,0.18042862974380958,0,0,FOLLOWING,1.6804286297438096,0.25523893410340165,0
4.928,1.0563581722861577,0.07024041362249467,0.11340977235435754,2.724,0.27714929061023125,0.25426425710579686,0.016171449155543707,0.25426201522522895,0.01502475780775403,1.6804286801043036,0.010032115560067889,0.18042868010430357,0,0,FOLLOWING,1.6804286801043036,0.25521503920041794,0
4.96,1.0644421657237715,0.07116275763721323,0.11388566693402898,2.732,0.2787452936826998,0.2542654526653789,0.01600184733974815,0.2542637611966648,0.014871705894670966,1.6804284096405602,0.009960210230162315,0.18042840964056017,0,0,FOLLOWING,1.6804284096405602,0.2551910453488016,0
4.992,1.0725257589153345,0.0720889372261864,0.11435667446089316,2.74,0.28033718649361644,0.2542661042680971,0.015832619378413862,0.25426495045115727,0.01471898548592256,1.6804278258835847,0.009888470491388716,0.18042782588358475,0,0,FOLLOWING,1.6804278258835847,0.25516695393785216,0
5.024,1.0806089372957683,0.07301891076096607,0.11482280551168582,2.748,0.2819249455695955,0.25426622432216806,0.01566376416022397,0.2542655959465159,0.014566595600359531,1.6804269360389972,0.009816895694939015,0.18042693603899718,0,0,FOLLOWING,1.6804269360389972,0.2551427663626765,0
5.056,1.0886916867427237,0.0739526367248644,0.11528407063242666,2.7560000000000002,0.2835085474982054,0.25426582470695513,0.015495280595942715,0.25426571008158105,0.0144145352781001,1.6804257470048682,0.009745485209119747,0.18042574700486824,0,0,FOLLOWING,1.6804257470048682,0.2551184840241416,0
5.088,1.0967739935589542,0.07489007371196164,0.11574048033909619,2.7640000000000002,0.28508796892831445,0.2542649168019429,0.015327167618284577,0.2542653047268406,0.014262803580419068,1.6804242653885784,0.009674238418872147,0.18042426538857836,0,0,FOLLOWING,1.6804242653885784,0.2550941083288237,0
5.12,1.10485584445562,0.07583118042616656,0.11619204511830776,2.7720000000000002,0.2866631865704344,0.2542635115141239,0.015159424181739805,0.2542643912533869,0.014111399589590163,1.6804224975227513,0.009603154725294757,0.1804224975227513,0,0,FOLLOWING,1.6804224975227513,0.25506964068895194,0
5.152,1.1129372265364703,0.07677591568032671,0.11663877542797395,2.7800000000000002,0.28823417719706457,0.25426161930387253,0.014992049262358186,0.2542629805602728,0.013960322408708443,1.6804204494803072,0.009532233545171312,0.18042044948030722,0,0,FOLLOWING,1.6804204494803072,0.255045082522351,0
5.184,1.1210181272828543,0.07772423839538678,0.11708068169796476,2.7880000000000003,0.28980091764303423,0.25425925020940626,0.014825041857498101,0.254261083100357,0.013809571161444588,1.6804181270886935,0.009461474310504925,0.18041812708869354,0,0,FOLLOWING,1.6804181270886935,0.2550204352523797,0
5.216,1.1290985345395204,0.07867610759959287,0.11751777433075827,2.7960000000000003,0.29136338480584356,0.254256413869894,0.014658400985542091,0.25425870890475044,0.013659144991793853,1.6804155359433286,0.009390876468058557,0.1804155359433286,0,0,FOLLOWING,1.6804155359433286,0.25499570030786844,0
5.248,1.1371784365011521,0.07963148242774111,0.11795006370208166,2.8040000000000003,0.29292155564600536,0.254253119547301,0.014492125685593018,0.254255867605898,0.013509043063792029,1.6804126814203102,0.009320439478903875,0.1804126814203102,0,0,FOLLOWING,1.6804126814203102,0.2549708791230533,0
5.28,1.1452578216996097,0.08059032212046785,0.11837756016154283,2.8120000000000003,0.2944754071873837,0.2542493761470318,0.014326215017140204,0.2542525684593973,0.013359264561205689,1.6804095686884233,0.009250162817977942,0.18040956868842328,0,0,FOLLOWING,1.6804095686884233,0.2549459731375077,0
5.312,1.153336678991832,0.08155258602358081,0.11880027403325119,2.8200000000000003,0.29602491651753354,0.2542451922374333,0.014160668059715302,0.25424882036463387,0.013209808687205272,1.6804062027204862,0.009180045973649603,0.18040620272048624,0,0,FOLLOWING,1.6804062027204862,0.25492098379607453,0
5.344,1.1614149975483652,0.08251823358742852,0.1192182156164281,2.8280000000000003,0.29757006078803816,0.25424057606823297,0.01399548391252608,0.2542446318842508,0.013060674664038895,1.6804025883040759,0.009110088447294537,0.18040258830407585,0,0,FOLLOWING,1.6804025883040759,0.25489591254879423,0
5.376,1.1694927668424844,0.08348722436630622,0.11963139518600467,2.8360000000000003,0.29911081721484617,0.25423553558795847,0.013830661694087039,0.25424001126258367,0.012911861732629225,1.68039873005166,0.009040289752881944,0.18039873005166007,0,0,FOLLOWING,1.68039873005166,0.25487076085083343,0
5.408,1.1775699766398744,0.08445951801789761,0.12003982299320949,2.8440000000000003,0.30064716307860767,0.25423007846040097,0.013666200541832652,0.25423496644305293,0.012763369152271019,1.6803946324101746,0.008970649416569845,0.18039463241017462,0,0,FOLLOWING,1.6803946324101746,0.25484553016240985,0
5.44,1.1856466169888404,0.08543507430274967,0.12044350926614301,2.8520000000000003,0.30217907572500874,0.2542242120801705,0.01350209961173131,0.2542295050846171,0.012615196200212092,1.6803902996700706,0.00890116697631195,0.1803902996700706,0,0,FOLLOWING,1.6803902996700706,0.254820221948719,0
5.472,1.1937226782110177,0.08641385308377968,0.12084246421034053,2.8600000000000003,0.30370653256510616,0.2542179435874015,0.013338358077889682,0.2542236345773111,0.012467342171283154,1.6803857359738683,0.008831841981475463,0.1803857359738683,0,0,FOLLOWING,1.6803857359738683,0.25479483767985833,0
5.5040000000000004,1.2017981508925564,0.0873958143258125,0.12123669800932331,2.8680000000000003,0.3052295110756599,0.25421127988164155,0.013174975132158078,0.2542173620569361,0.012319806377545489,1.680380945324235,0.008762673992468842,0.1803809453242351,0,0,FOLLOWING,1.680380945324235,0.25476937883074924,0
5.5360000000000005,1.2098730258757502,0.08838091809514734,0.12162622082513666,2.8760000000000003,0.30674798879946574,0.2542042276349818,0.013011949983732823,0.25421069441894023,0.012172588147869493,1.6803759315916227,0.00869366258038154,0.18037593159162268,0,0,FOLLOWING,1.6803759315916227,0.25474384688105955,0
5.5680000000000005,1.2179472942510918,0.08936912455915172,0.1220110427988758,2.8840000000000003,0.30826194334568596,0.2541967933044626,0.012849281858762811,0.254203638331532,0.012025686827570534,1.6803706985214821,0.008624807326634634,0.18037069852148213,0,0,FOLLOWING,1.6803706985214821,0.25471824331512566,0
5.6000000000000005,1.226020947349724,0.09036039398588211,0.12239117405120055,2.8920000000000003,0.30977135239018,0.2541889831437942,0.012686969999954063,0.25419620024807327,0.011879101778031,1.6803652497410808,0.008556107822641726,0.1803652497410808,0,0,FOLLOWING,1.6803652497410808,0.2546925696218723,0
5.632,1.234093976736272,0.09135468674372942,0.12276662468283624,2.9000000000000004,0.311276193675833,0.25418080321443487,0.012525013666181788,0.25418838641878966,0.011732832376300515,1.6803595887659453,0.00848756366948196,0.18035958876594527,0,0,FOLLOWING,1.6803595887659453,0.2546668272947334,0
5.664,1.2421663742020288,0.09235196330108823,0.12313740477506407,2.908,0.31277644501288465,0.2541722593960614,0.01236341213210511,0.2541802029018415,0.01158687801474659,1.6803537190059505,0.008419174477583086,0.18035371900595054,0,0,FOLLOWING,1.6803537190059505,0.25464101783156984,0
5.696,1.2502381317584834,0.09335218422604881,0.12350352439019896,2.916,0.3142720842792561,0.254163357396455,0.012202164687785061,0.2541716555737827,0.011441238100669493,1.6803476437710698,0.008350939866415247,0.18034764377106982,0,0,FOLLOWING,1.6803476437710698,0.25461514273458996,0
5.728,1.2583092416311643,0.0943553101861105,0.12386499357205505,2.924,0.315763089420876,0.25415410276084927,0.012041270638314493,0.2541627501394307,0.011295912055918119,1.6803413662768103,0.008282859464196352,0.1803413662768103,0,0,FOLLOWING,1.6803413662768103,0.25458920351026737,0
5.76,1.2663796962537859,0.09536130194791523,0.1242218223464011,2.932,0.317249438452006,0.2541445008807593,0.0118807293034494,0.2541534921412117,0.01115089931657427,1.6803348896493484,0.008214932907606817,0.1803348896493484,0,0,FOLLOWING,1.6803348896493484,0.25456320166925595,0
5.792,1.2744494882626813,0.0963701203770006,0.12457402072140351,2.94,0.3187311094555647,0.2541345570023283,0.011720540017248796,0.2541438869679895,0.011006199332558878,1.6803282169303833,0.008147159841515055,0.18032821693038326,0,0,FOLLOWING,1.6803282169303833,0.25453713872630873,0
5.824,1.2825186104915045,0.09738172643757105,0.1249215986880586,2.948,0.320208080583451,0.25412427623420736,0.011560702127723805,0.25413393986337984,0.010861811567304133,1.680321351081719,0.008079539918713213,0.18032135108171898,0,0,FOLLOWING,1.680321351081719,0.254511016200194,0
5.856,1.290587055966187,0.09839608119228647,0.12526456622061344,2.956,0.32168033005686625,0.25411366355500803,0.011401214996496972,0.25412365593364966,0.010717735497396347,1.6803142949895986,0.008012072799663067,0.1803142949895986,0,0,FOLLOWING,1.6803142949895986,0.2544848356136124,0
5.888,1.2986548179001363,0.09941314580206696,0.12560293327697716,2.964,0.32314783616663534,0.2541027238203378,0.01124207799846497,0.25411304015514524,0.01057397061226902,1.6803070514687954,0.007944758152250736,0.18030705146879544,0,0,FOLLOWING,1.6803070514687954,0.2544585984931106,0
5.92,1.3067218896896642,0.10043288152591309,0.1259367097991209,2.972,0.32461057727352655,0.25409146176944875,0.011083290521473525,0.2541020973813234,0.010430516413863219,1.6802996232664793,0.007877595651551744,0.1802996232664793,0,0,FOLLOWING,1.6802996232664793,0.2544323063689968,0
5.952,1.3147882649096274,0.10145524972074095,0.12626590571346902,2.98,0.3260685318085713,0.2540798820315225,0.010924851966000028,0.25409083234940455,0.01028737241633532,1.6802920130658707,0.007810584979604185,0.18029201306587073,0,0,FOLLOWING,1.6802920130658707,0.25440596077525635,0
5.984,1.322853937309276,0.10248021184123073,0.12659053093127837,2.988,0.32752167827338163,0.2540679891316019,0.010766761744848117,0.2540792496866361,0.010144538145699312,1.6802842234896909,0.007743725825192532,0.18028422348969086,0,0,FOLLOWING,1.6802842234896909,0.2543795632494655,0
6.016,1.3309189008082913,0.10350772943968829,0.12691059534900986,2.996,0.3289699952404673,0.2540557874962013,0.010609019282847854,0.2540673539162277,0.010002013139580978,1.6802762571034233,0.007677017883638836,0.18027625710342332,0,0,FOLLOWING,1.6802762571034233,0.2543531153327045,0
6.048,1.3389831494930102,0.10453776416591923,0.12722610884868976,3.004,0.3304134613535519,0.2540432814586015,0.010451624016567074,0.25405514946295743,0.009859796946894471,1.680268116418393,0.007610460856603135,0.18026811641839302,0,0,FOLLOWING,1.680268116418393,0.25432661856947164,0
6.08,1.3470466776128192,0.10557027776711393,0.12753708129826286,3.012,0.33185205532788753,0.25403047526385397,0.010294575394033285,0.2540426406584546,0.009717889127592373,1.680259803894676,0.007544054451891407,0.1802598038946761,0,0,FOLLOWING,1.680259803894676,0.2543000745075979,0
6.112,1.3551094795767127,0.1066052320877442,0.12784352255193634,3.02,0.3332857559505692,0.25401737307350664,0.010137872874458727,0.2540298317462049,0.00957628925237056,1.6802513219438482,0.007477798383271894,0.1802513219438482,0,0,FOLLOWING,1.6802513219438482,0.25427348469815764,0
6.144,1.3631715499500048,0.10764258906946922,0.12814544245051476,3.028,0.3347145420808468,0.2540039789700748,0.009981515927985463,0.2540167268862677,0.009434996902397165,1.6802426729315831,0.00741169237029976,0.18024267293158314,0,0,FOLLOWING,1.6802426729315831,0.2542468506953813,0
6.176,1.3712328834511904,0.10868231075105157,0.12844285082172865,3.036,0.3361383926504375,0.2539902969612512,0.009825504035426431,0.25400333015974436,0.009294011669105475,1.6802338591801018,0.007345736138147624,0.18023385918010182,0,0,FOLLOWING,1.6802338591801018,0.254220174056569,0
6.208,1.379293474948941,0.10972435926828193,0.12873575748055208,3.044,0.3375572866638362,0.253976330983895,0.009669836688030072,0.2539896455729906,0.009153333153855024,1.680224882970491,0.007279929417446179,0.1802248829704911,0,0,FOLLOWING,1.680224882970491,0.25419345634200063,0
6.24,1.387353319459232,0.11076869685391244,0.12902417222951684,3.052,0.33897120319862495,0.25396208490779354,0.009514513387237362,0.25397567706158397,0.009012960967821807,1.6802157465448913,0.007214271944127494,0.18021574654489125,0,0,FOLLOWING,1.6802157465448913,0.2541666991148484,0
6.272,1.395412412142596,0.1118152858375972,0.12930810485901514,3.06,0.34038012140578183,0.2539475625392169,0.009359533644463625,0.25396142849410447,0.008872894731640898,1.6802064521085622,0.007148763459279978,0.18020645210856223,0,0,FOLLOWING,1.6802064521085622,0.2541399039410878,0
6.304,1.40347074830149,0.11286408864584095,0.12958756514759795,3.068,0.3417840205099879,0.25393276762427214,0.009204896980876972,0.2539469036756714,0.008733134075271572,1.6801970018318348,0.00708340370900587,0.18019700183183485,0,0,FOLLOWING,1.6801970018318348,0.2541130723894085,0
6.336,1.411528323377776,0.11391506780195389,0.1298625628622648,3.076,0.34318287980993417,0.25391770385207724,0.00905060292719294,0.25393210635129304,0.008593678637733235,1.6801873978519553,0.007018192444287891,0.18018739785195526,0,0,FOLLOWING,1.6801873978519553,0.2540862060311255,0
6.368,1.4195851329503044,0.11496818592601273,0.13013310775874862,3.084,0.34457667867862607,0.2539023748577493,0.008896651023471099,0.2539170402090463,0.008454528066939068,1.680177642274823,0.006953129420859627,0.1801776422748229,0,0,FOLLOWING,1.680177642274823,0.2540593064400875,0
6.4,1.4276411727325975,0.1160234057348281,0.13039920958179274,3.092,0.3459653965636884,0.2538867842252376,0.008743040818925074,0.25390170888305774,0.008315682019461356,1.6801677371766377,0.006888214399083464,0.1801677371766377,0,0,FOLLOWING,1.6801677371766377,0.2540323751925898,0
6.432,1.4356964385706286,0.11708069004191701,0.13066087806542295,3.1,0.34734901298766785,0.2538709354899858,0.008589771871735251,0.2538861159563344,0.008177140160378397,1.6801576846054476,0.006823447143833095,0.18015768460544757,0,0,FOLLOWING,1.6801576846054476,0.2540054138672822,0
6.464,1.443750926440685,0.11814000175748034,0.13091812293321262,3.108,0.34872750754833515,0.25385483214145743,0.008436843748874386,0.2538702649634178,0.008038902163046929,1.6801474865826171,0.006758827424382136,0.18014748658261714,0,0,FOLLOWING,1.6801474865826171,0.25397842404507864,0
6.496,1.4518046324473213,0.11920130388838503,0.1311709538985425,3.116,0.3501008599189859,0.25383847762551304,0.008284256025937865,0.25385415939291933,0.007900967708949207,1.6801371451042098,0.006694355014297937,0.18013714510420975,0,0,FOLLOWING,1.6801371451042098,0.25395140730906857,0
6.5280000000000005,1.4598575528213875,0.1202645595381506,0.13141938066485617,3.124,0.35146904984874017,0.2538218753466552,0.008132008286978711,0.2538378026898815,0.0077633364875427,1.6801266621422926,0.0066300296913389956,0.18012666214229256,0,0,FOLLOWING,1.6801266621422926,0.25392436524442236,0
6.5600000000000005,1.4679096839181351,0.12132973190693913,0.1316634129259085,3.132,0.35283205716284144,0.25380502867014954,0.007980100124354215,0.25382119825803234,0.007626008196057312,1.68011603964617,0.006565851237359476,0.18011603964617007,0,0,FOLLOWING,1.68011603964617,0.25389729943830175,0
6.5920000000000005,1.4759610222153925,0.12239678429154947,0.13190306036601093,3.14,0.3541898617629537,0.25378794092402873,0.007828531138574945,0.2538043494618947,0.007488982539379295,1.680105279543549,0.006501819438215567,0.18010527954354894,0,0,FOLLOWING,1.680105279543549,0.25387021147976996,0
6.6240000000000006,1.4840115643118101,0.12346568008541386,0.13213833266026978,3.148,0.355542443627458,0.2537706154009766,0.007677300938165803,0.25378725962879495,0.007352259229850608,1.6800943837416336,0.006437934083679597,0.18009438374163356,0,0,FOLLOWING,1.6800943837416336,0.2538431029596979,0
6.656000000000001,1.492061306925169,0.12453638277859834,0.13236923947482215,3.156,0.3568897828117478,0.25375305536011317,0.007526409139527464,0.2537699320507446,0.0072158379871816196,1.6800833541281641,0.006374194967355057,0.18008335412816412,0,0,FOLLOWING,1.6800833541281641,0.2538159754706729,0
6.688,1.5001102468907468,0.12560885595780502,0.13259579046706566,3.164,0.3582318594485228,0.2537352640286783,0.007375855366806603,0.25375236998621775,0.007079718538260352,1.680072192572395,0.006310601886598016,0.18007219257239493,0,0,FOLLOWING,1.680072192572395,0.25378883060690743,0
6.72,1.5081583811597474,0.12668306330637716,0.13281799528588542,3.1719999999999997,0.359568653748082,0.2537172446036135,0.00722563925177333,0.2537345766618395,0.006943900617068701,1.6800609009260148,0.006247154642440995,0.1800609009260148,0,0,FOLLOWING,1.6800609009260148,0.25376166996414484,0
6.752,1.5162057067977779,0.12775896860430624,0.13303586357187594,3.1799999999999997,0.3609001459986157,0.2536990002530679,0.0070757604337001985,0.253716555273965,0.006808383964527572,1.680049481024022,0.00618385303952107,0.18004948102402207,0,0,FOLLOWING,1.680049481024022,0.2537344951395692,0
6.784,1.5242522209833824,0.12883653572824083,0.13324940495755894,3.1879999999999997,0.3622263165664959,0.25368053411780056,0.006926218559252561,0.2536983089901824,0.0066731683283517895,1.6800379346855403,0.006120696886012411,0.1800379346855403,0,0,FOLLOWING,1.6800379346855403,0.2537073077317102,0
6.816,1.5322979210066225,0.12991572865149717,0.13345862906759853,3.1959999999999997,0.3635471458965658,0.2536618493125181,0.006777013282378341,0.25367984095071394,0.0065382534630008165,1.6800262637145957,0.006057685993560269,0.18002626371459574,0,0,FOLLOWING,1.6800262637145957,0.2536801093403514,0
6.848,1.540342804267702,0.13099651144407098,0.13366354551901233,3.2039999999999997,0.36486261451242846,0.2536429489271338,0.00662814426420481,0.25366115426975083,0.006403639129510578,1.6800144699008495,0.00599482017721964,0.18001446990084946,0,0,FOLLOWING,1.6800144699008495,0.25365290156643727,0
6.88,1.5483868682756399,0.1320788482726506,0.13386416392137815,3.2119999999999997,0.36617270301673355,0.253623836027945,0.006479611172944921,0.25364225203671553,0.006269325095390107,1.6800025550202822,0.005932099255397227,0.18000255502028217,0,0,FOLLOWING,1.6800025550202822,0.25362568601197927,0
6.912,1.5564301106469813,0.13316270340063105,0.13406049387703864,3.2199999999999998,0.36747739209146396,0.2536045136587538,0.006331413683800315,0.25362313731743563,0.006135311134538973,1.6799905208358454,0.005869523049795877,0.17999052083584544,0,0,FOLLOWING,1.6799905208358454,0.2535984642799619,0
6.944,1.5644725291045483,0.13424804118812894,0.1342525449813035,3.2279999999999998,0.36877666249822,0.2535849848419222,0.006183551478872494,0.25360381315526,0.00600159702717369,1.6799783690980754,0.005807091385360286,0.1799783690980754,0,0,FOLLOWING,1.6799783690980754,0.25357123797425024,0
6.976,1.5725141214762286,0.13533482609199785,0.1344403268226459,3.2359999999999998,0.3700704950785035,0.25356525257935913,0.006036024247081507,0.2535842825721168,0.005868182559652237,1.6799661015456666,0.005744804090229011,0.1799661015456666,0,0,FOLLOWING,1.6799661015456666,0.2535440086994952,0
7.008,1.5805548856938012,0.13642302266584447,0.13462384898289878,3.2439999999999998,0.3713588707540002,0.2535453198534572,0.005888831684084137,0.2535645485695035,0.005735067524466972,1.6799537199060166,0.005682660995685929,0.1799537199060166,0,0,FOLLOWING,1.6799537199060166,0.25351677806103895,0
7.04,1.5885948197917914,0.13751259556004447,0.1348031210374476,3.252,0.3726417705268611,0.2535251896279742,0.0057419734921962335,0.25354461412941065,0.005602251720130441,1.679941225895739,0.005620661936114962,0.1799412258957389,0,0,FOLLOWING,1.679941225895739,0.2534895476648217,0
7.072,1.5966339219063612,0.1386035095217592,0.13497815255541998,3.26,0.3739191754799826,0.25350486484886187,0.005595449380321367,0.2535244822152149,0.005469734951086486,1.6799286212211442,0.005558806748957784,0.17992862122114417,0,0,FOLLOWING,1.6799286212211442,0.25346231911728695,0
7.104,1.6046721902742285,0.1396957293949517,0.1351489530998728,3.268,0.37519106677728525,0.25348434844504747,0.005449259063882434,0.25350415577249924,0.005337517027618893,1.6799159075786951,0.005497095274673541,0.17991590757869513,0,0,FOLLOWING,1.6799159075786951,0.25343509402528647,0
7.136,1.6127096232316156,0.14078922012040335,0.13531553222797757,3.276,0.376457425663992,0.25346364332916616,0.00530340226475544,0.2534836377298404,0.005205597765812976,1.6799030866554323,0.0054355273567004425,0.1799030866554323,0,0,FOLLOWING,1.6799030866554323,0.2534078739959866,0
7.168,1.6207462192132234,0.14188394673572924,0.13547789949120295,3.284,0.3777182334669039,0.25344275239825603,0.005157878711208418,0.2534629309995304,0.005073976987448137,1.6798901601293783,0.005374102841419481,0.1798901601293783,0,0,FOLLOWING,1.6798901601293783,0.25338066063677295,0
7.2,1.6287819767512328,0.14297987437539433,0.13563606443549583,3.292,0.37897347159467654,0.25342167853440734,0.005012688137841022,0.2534420384782795,0.0049426545199733884,1.679877129669915,0.005312821578119631,0.1798771296699151,0,0,FOLLOWING,1.679877129669915,0.2533534555551549,0
7.232,1.6368168944743302,0.14407696827072794,0.135790036601459,3.3,0.3802231215380931,0.2534004246053748,0.004867830285528681,0.25342096304786466,0.004811630196379148,1.6798639969381404,0.005251683418966174,0.17986399693814037,0,0,FOLLOWING,1.6798639969381404,0.25332626035867084,0
7.264,1.644850971106755,0.1451751937499387,0.13593982552452835,3.308,0.38146716487033816,0.2533789934651548,0.004723304901369494,0.25339970757573543,0.0046809038552001305,1.6798507635872024,0.005190688218969008,0.17985076358720242,0,0,FOLLOWING,1.6798507635872024,0.25329907665479295,0
7.296,1.6528842054673711,0.14627451623812798,0.13608544073514692,3.316,0.3827055832472689,0.25335738795452306,0.004579111738635887,0.25337827491559384,0.004550475340408217,1.679837431262614,0.005129835835954306,0.1798374312626141,0,0,FOLLOWING,1.679837431262614,0.25327190605083205,0
7.328,1.6609165964687584,0.14737490125730293,0.13622689175893812,3.324,0.38393835840768564,0.25333561090154544,0.004435250556721905,0.2533566679079346,0.004420344501390284,1.6798240016025485,0.005069126130536117,0.17982400160254852,0,0,FOLLOWING,1.6798240016025485,0.2532447501538424,0
7.36,1.6689481431163236,0.14847631442638876,0.13636418811687598,3.332,0.38516547217360136,0.25331366512205405,0.004291721121103049,0.25333488938054677,0.0042905111928514626,1.6798104762381167,0.005008558966091287,0.17981047623811675,0,0,FOLLOWING,1.6798104762381167,0.25321761057052555,0
7.392,1.67697884450743,0.1495787214612396,0.13649733932545485,3.34,0.3863869064505096,0.2532915534200956,0.004148523203291276,0.25331294214900185,0.004160975274795134,1.6797968567936286,0.004948134208734439,0.17979685679362856,0,0,FOLLOWING,1.6797968567936286,0.25319048890713447,0
7.424,1.685008699830547,0.15068208817464876,0.13662635489685726,3.348,0.38760264322765114,0.25326927858835296,0.004005656580792562,0.2532908290170884,0.004031736612481829,1.6797831448868366,0.004887851727294362,0.17978314488683655,0,0,FOLLOWING,1.6797831448868366,0.2531633867693786,0
7.456,1.6930377083644141,0.1517863804763577,0.13675124433911973,3.356,0.38881266457827984,0.25324684340853354,0.0038631210370710816,0.2532685527772437,0.0039027950763477204,1.6797693421291637,0.004827711393292494,0.17976934212916373,0,0,FOLLOWING,1.6797693421291637,0.2531363057623275,0
7.488,1.7010658694772232,0.15289156437306387,0.13687201715629768,3.364,0.3900169526599268,0.25322425065174764,0.003720916361511013,0.25324611621093385,0.0037741505419746605,1.679755450125922,0.004767713080921943,0.17975545012592198,0,0,FOLLOWING,1.679755450125922,0.2531092474903147,0
7.5200000000000005,1.709093182625814,0.15399760596842713,0.13698868284862875,3.372,0.39121548971466347,0.25320150307884676,0.0035790423493800264,0.2532235220890375,0.00364580289006445,1.6797414704765097,0.004707856667027749,0.17974147047650968,0,0,FOLLOWING,1.6797414704765097,0.25308221355684224,0
7.5520000000000005,1.7171196473548873,0.15510447146307532,0.13710125091269498,3.38,0.3924082580693636,0.25317860344074966,0.003437498801800764,0.25320077317218154,0.0035177520063724333,1.6797274047746011,0.004648142031088182,0.17972740477460114,0,0,FOLLOWING,1.6797274047746011,0.25305520556448424,0
7.5840000000000005,1.7251452632962299,0.15621212715460805,0.137209730841583,3.388,0.3935952401359637,0.25315555447874544,0.00329628552571521,0.2531778722110691,0.0033899977816681777,1.6797132546083224,0.00458856905519775,0.17971325460832244,0,0,FOLLOWING,1.6797132546083224,0.2530282251147906,0
7.6160000000000005,1.7331700410755062,0.15732053939942026,0.1373139791227381,3.396,0.39477641841172256,0.25313233711382194,0.0031557644856514445,0.2531551597188282,0.003257758789648899,1.6796990107678038,0.004529291566867266,0.1796990107678038,0,0,FOLLOWING,1.6796990107678038,0.2530012738081916,0
7.648000000000001,1.7411939696010093,0.1584296733483098,0.1374138777934088,3.404,0.39595177547947924,0.2531089702396179,0.003016236174306464,0.2531319570639323,0.0031218334616620685,1.6796846858062555,0.00447043677645198,0.17968468580625552,0,0,FOLLOWING,1.6796846858062555,0.25297435324390044,0
7.68,1.7492170484146419,0.1595394931018094,0.1375094394906973,3.412,0.3971212940079098,0.25308545781812036,0.0028776963949462466,0.25310858945648296,0.0029863030431535563,1.6796702819912903,0.004412002857339642,0.17967028199129031,0,0,FOLLOWING,1.6796702819912903,0.2529474650198177,0
7.712,1.757239277639802,0.16064996294417191,0.1376006804749318,3.42,0.398284956751783,0.2530618030126518,0.002740132360790663,0.253085075092268,0.0028512807599360467,1.6796558010812068,0.004353984350149193,0.17965580108120682,0,0,FOLLOWING,1.6796558010812068,0.2529206107324345,0
7.744,1.7652606575291638,0.1617610473606737,0.1376876195476824,3.428,0.39944274655221457,0.25303800892952044,0.002603525157710686,0.25306141849827735,0.002716846025803748,1.679641244769527,0.004296373196678027,0.17964124476952703,0,0,FOLLOWING,1.679641244769527,0.2528937919767361,0
7.776,1.7732811884189457,0.16287271104728146,0.13777027728483673,3.436,0.40059464633692027,0.25301407867603876,0.0024678515322069413,0.2530376228678691,0.0025830542881915396,1.6796266147282155,0.00423915949748066,0.1796266147282155,0,0,FOLLOWING,1.6796266147282155,0.2528670103461062,0
7.808,1.7813008707234752,0.16398491891808395,0.13784867543736554,3.444,0.40174063912046754,0.25299001535407384,0.0023330852929239754,0.25301369127652695,0.002449942268432094,1.6796119126113234,0.004182332106462239,0.17961191261132337,0,0,FOLLOWING,1.6796119126113234,0.2528402674322297,0
7.84,1.7893197049338558,0.1650976361089314,0.1379228364660154,3.452,0.4028807080045258,0.25296582205040485,0.0021991984023752823,0.25298962679023157,0.0023175321470294617,1.6795971400551222,0.004125879094123069,0.17959714005512217,0,0,FOLLOWING,1.6795971400551222,0.25281356482499673,0
7.872,1.797337691617082,0.16621082797802278,0.13799278318280633,3.46,0.4040148361781161,0.25294150182933356,0.002066161821255778,0.252965432465801,0.0021858349012723213,1.679582298678229,0.004069788105832306,0.17958229867822895,0,0,FOLLOWING,1.679582298678229,0.2527869041124061,0
7.904,1.805354831415222,0.16732446010428412,0.13805853847751656,3.468,0.40514300691785854,0.25291705772753825,0.0019339461555381021,0.252941111343256,0.0020548529611035876,1.6795673900819892,0.004014046636419022,0.1795673900819892,0,0,FOLLOWING,1.6795673900819892,0.2527602868804685,0
7.936,1.8133711250446254,0.16843849828420138,0.13812012511162453,3.476,0.40626520358821916,0.2528924927507089,0.0018025221467436521,0.2529166664396353,0.0019245823171539218,1.679552415851062,0.003958642238217319,0.17955241585106196,0,0,FOLLOWING,1.679552415851062,0.25273371471310974,0
7.968,1.8213865732951475,0.16955290852760854,0.13817756556563773,3.484,0.40738140964175495,0.2528678098715502,0.001671861037842189,0.25289210074474,0.0017950141890807807,1.6795373775541447,0.0039035626763387066,0.17953737755414467,0,0,FOLLOWING,1.6795373775541447,0.252707189192075,0
8.0,1.829401177029387,0.17066765705280174,0.13823088192852487,3.492,0.4084916086193583,0.2528430120288364,0.0015419348408694706,0.25286741721840755,0.0016661363412959864,1.679522276744789,0.0038487960422378675,0.17952227674478904,0,0,FOLLOWING,1.679522276744789,0.25268071189683183,0
8.032,1.8374149371819404,0.17178271028125303,0.13828009582021766,3.5,0.40959578415049913,0.25281810212724665,0.0014127165271641139,0.2528426187889826,0.0015379341163898465,1.6795071149622651,0.003794330834443388,0.17950711496226512,0,0,FOLLOWING,1.6795071149622651,0.2526542844044738,0
8.064,1.8454278547586727,0.17289803483212346,0.13832522833995414,3.508,0.4106939199534668,0.2527930830377815,0.0012841801569820374,0.25281770835268463,0.0014103912426862988,1.6794918937324446,0.003740156013565088,0.17949189373244456,0,0,FOLLOWING,1.6794918937324446,0.25262790828962417,0
8.096,1.853439930836005,0.17401359751671933,0.13836630003469838,3.516,0.41178599983561004,0.2527679575986015,0.0011563009618822148,0.2527926887736447,0.0012834904616222803,1.6794766145686828,0.003686261037257277,0.1794766145686828,0,0,FOLLOWING,1.6794766145686828,0.25260158512433944,0
8.128,1.8614511665602227,0.17512936533299323,0.13840333088303527,3.524,0.41287200769357535,0.25274272861615915,0.0010290553905762205,0.2527675628844447,0.001157214011343813,1.6794612789726817,0.003632635879680463,0.17946127897268171,0,0,FOLLOWING,1.6794612789726817,0.25257531647801285,0
8.16,1.8694615631468028,0.17624530546016204,0.13843634029088517,3.532,0.413951927513545,0.2527173988665256,0.0009024211267663063,0.25274233348699116,0.0010315439960898172,1.6794458884353203,0.0035792710390741833,0.17944588843532028,0,0,FOLLOWING,1.6794458884353203,0.25254910391727814,0
8.192,1.8774711218797637,0.17736138525348974,0.13846534709613684,3.54,0.41502574337147285,0.2526919710968409,0.0007763770857346981,0.2527170033536559,0.0009064626648655403,1.6794304444374482,0.0035261575363139397,0.17943044443744816,0,0,FOLLOWING,1.6794304444374482,0.2525229490059134,0
8.224,1.8854798441110352,0.17847757223926722,0.13849036957990185,3.548,0.4160934394333193,0.252666448026828,0.0006509033950592683,0.2526915752285548,0.0007819526183847907,1.679414948450635,0.003473286906730766,0.1794149484506351,0,0,FOLLOWING,1.679414948450635,0.25249685330474464,0
8.256,1.8934877312598504,0.1795938341100078,0.13851142548258086,3.556,0.4171549999552845,0.25264083235032786,0.000525981363687854,0.25266605182893304,0.0006579969594345903,1.6793994019378735,0.0034206511869916134,0.17939940193787351,0,0,FOLLOWING,1.6793994019378735,0.25247081837154983,0
8.288,1.9014947848121595,0.1807101387198696,0.13852853202331994,3.564,0.4182104092840411,0.2526151267368176,0.0004015934427111666,0.2526404358465978,0.0005345793987980778,1.6793838063542303,0.0033682428984562474,0.17938380635423035,0,0,FOLLOWING,1.6793838063542303,0.2524448457609626,0
8.32,1.9095010063200633,0.18182645408030867,0.13854170592174317,3.572,0.4192596518569641,0.2525893338328976,0.0002777231804520497,0.252614729949345,0.00041168432642460214,1.679368163147453,0.0033160550281212953,0.17936816314745307,0,0,FOLLOWING,1.679368163147453,0.2524189370243765,0
8.352,1.917506397401267,0.18294274835596203,0.13855096342110063,3.58,0.4203027122023615,0.2525634562637222,0.0001543551738981069,0.25258893678238536,0.0002892968556152045,1.6793524737585253,0.0032640810080142857,0.17935247375852525,0,0,FOLLOWING,1.6793524737585253,0.2523930937098487,0
8.384,1.9255109597385516,0.18405898986075744,0.13855632031216122,3.588,0.4213395749397015,0.252537496634364,3.147501806625523e-05,0.2525630589697117,0.00016740284633547946,1.6793367396221754,0.0032123146937079734,0.17933673962217545,0,0,FOLLOWING,1.6793367396221754,0.25236731736200463,0
8.416,1.933514695079264,0.18517514705424426,0.1385577919573441,3.596,0.42237022477983965,0.25251145753110693,-9.093074550116221e-05,0.252537099115422,4.598891266088283e-05,1.6793209621673408,0.0031607503424664063,0.17932096216734084,0,0,FOLLOWING,1.6793209621673408,0.2523416095219419,0
8.448,1.9415176052348226,0.1862911885381367,0.1385553933147013,3.604,0.42339464652524433,0.25248534152266255,-0.00021287468019003266,0.25251105980497757,-7.495758189483247e-05,1.6793051428175891,0.0031093825914138558,0.17930514281758914,0,0,FOLLOWING,1.6793051428175891,0.2523159717271346,0
8.48,1.9495196920802373,0.18740708305306322,0.13854913896146434,3.612,0.42441282507022093,0.25245915116130196,-0.0003343685050211715,0.2524849436063866,-0.00019544853795974481,1.679289282991496,0.003058206436018229,0.17928928299149605,0,0,FOLLOWING,1.679289282991496,0.2522904055113382,0
8.512,1.9575209575536434,0.18852279947551143,0.13853904311694748,3.62,0.4254247454011343,0.25243288898391364,-0.0004554231441177158,0.25245875307131654,-0.0003154951404583998,1.679273384102988,0.0030072172091017146,0.1792733841029881,0,0,FOLLOWING,1.679273384102988,0.2522649124044937,0
8.544,1.965521403655847,0.18963830681496013,0.1385251196646578,3.628,0.42643039259663024,0.2524065575129796,-0.0005760487745642233,0.25243249073613533,-0.00043510788336386004,1.6792574475616473,0.0029564105605338897,0.1792574475616473,0,0,FOLLOWING,1.6792574475616473,0.2522394939326327,0
8.576,1.9735210324498826,0.190753574211189,0.1385073821735131,3.636,0.42742975182785575,0.2523801592574744,-0.0006962548724075054,0.25240615912286657,-0.0005542965975892214,1.6792414747729822,0.0029057824377119734,0.17924147477298225,0,0,FOLLOWING,1.6792414747729822,0.25221415161778166,0
8.608,1.981519846060578,0.19186857093175677,0.13848584391810365,3.644,0.4284228083586775,0.25235369671369023,-0.0008160502566471174,0.25237976074007923,-0.0006730704808725178,1.6792254671386675,0.002855329066896562,0.1792254671386675,0,0,FOLLOWING,1.6792254671386675,0.25218888697786784,0
8.64,1.9895178466741295,0.1929832663696387,0.1384605178979636,3.652,0.42940954754589916,0.252327172365995,-0.0009354431311081355,0.2523532980837065,-0.0007914381287202905,1.679209426056756,0.002805046935443339,0.17920942605675605,0,0,FOLLOWING,1.679209426056756,0.25216370152662343,0
8.672,1.9975150365376833,0.19409763004101432,0.13843141685584004,3.66,0.430389954839477,0.2523005886875164,-0.0010544411241680941,0.25232677363779393,-0.0009094075657255669,1.6791933529218614,0.002754932774947344,0.17919335292186145,0,0,FOLLOWING,1.6791933529218614,0.25213859677349143,0
8.704,2.0055114179589233,0.19521163158319696,0.1383985532949626,3.668,0.4313640157827353,0.25227394814077275,-0.0011730513263237758,0.2523001898751764,-0.0010269862768128963,1.6791772491253198,0.002704983545302797,0.17917724912531985,0,0,FOLLOWING,1.6791772491253198,0.252113574223531,0
8.736,2.013506993305664,0.19632524075269683,0.13836193949533296,3.676,0.43233171601257847,0.252247253178235,-0.0012912803256412727,0.2522735492581035,-0.0011441812378525928,1.6791611160553257,0.002655196419661915,0.1791611160553257,0,0,FOLLOWING,1.6791611160553257,0.25208863537732246,0
8.768,2.021501765005449,0.19743842742340917,0.13832158752905696,3.684,0.43329304125970364,0.25222050624283765,-0.0014091342411201148,0.2522468542388044,-0.0012609989455956087,1.6791449550970474,0.0026055687702777885,0.17914495509704742,0,0,FOLLOWING,1.6791449550970474,0.252063781730874,0
8.8,2.0294957355451517,0.19855116158492003,0.13827750927475263,3.692,0.4342479773488105,0.25219370976843725,-0.001526618754052775,0.2522201072599835,-0.00137744544653108,1.6791287676327251,0.0025560981551995543,0.17912876763272512,0,0,FOLLOWING,1.6791287676327251,0.2520390147755276,0
8.832,2.037488907470578,0.1996634133409228,0.13822971643107418,3.7,0.43519651019881095,0.2521668661802257,-0.001643739137451799,0.25219331075528867,-0.0014935263645341338,1.6791125550417518,0.002506782305785798,0.17911255504175183,0,0,FOLLOWING,1.6791125550417518,0.25201433599786427,0
8.864,2.0454812833860747,0.20077515290773745,0.1381782205293843,3.708,0.43613862582303614,0.2521399778950935,-0.0017605002836207362,0.2521664671497131,-0.0016092469274591997,1.6790963187007362,0.0024576191150073867,0.17909631870073617,0,0,FOLLOWING,1.6790963187007362,0.25198974687961095,0
8.896,2.0534728659541357,0.201886350612927,0.1381230329456242,3.716,0.43707431032944283,0.25211304732195633,-0.0018769067299686526,0.25213957885996446,-0.001724611992238751,1.6790800599835534,0.0024086066264940313,0.17908005998355336,0,0,FOLLOWING,1.6790800599835534,0.2519652488975469,0
8.928,2.0614636578950134,0.2029969768940039,0.1380641649114155,3.724,0.43800354992081875,0.25208607686203843,-0.001992962683144306,0.2521126482947881,-0.0018396260688492842,1.6790637802613806,0.00235974302429498,0.1790637802613806,0,0,FOLLOWING,1.6790637802613806,0.25194084352341045,0
8.96,2.0694536619863255,0.204107002297221,0.13800162752444362,3.732,0.4389263308949853,0.25205906890912927,-0.002108672041599332,0.2520856778552409,-0.001954293342803851,1.6790474809027243,0.002311026623305984,0.17904748090272427,0,0,FOLLOWING,1.6790474809027243,0.251916532223806,0
8.992,2.077442881062669,0.2052163974764414,0.13793543175815412,3.74,0.4398426396450001,0.2520320258497988,-0.002224038416643697,0.2520586699349597,-0.0020686176965966103,1.6790311632734332,0.002262455860336549,0.17903116327343316,0,0,FOLLOWING,1.6790311632734332,0.25189231646011107,0
9.024000000000001,2.0854313180152277,0.20632513319208137,0.1378655884708126,3.748,0.44075246265935736,0.25200495006358864,-0.0023390651521053327,0.25203162692036274,-0.0021826027296047205,1.6790148287367037,0.0022140292857681376,0.1790148287367037,0,0,FOLLOWING,1.6790148287367037,0.2518681976883836,0
9.056000000000001,2.093418975791383,0.20743318031012228,0.13779210841395767,3.7560000000000002,0.4416557865221874,0.25197784392317535,-0.002453755342662629,0.25200455119085463,-0.0022962517770432024,1.678998478653077,0.002165745555777532,0.17899847865307694,0,0,FOLLOWING,1.678998478653077,0.25184417735926995,0
9.088000000000001,2.101405857394324,0.20854050980118574,0.13771500224029137,3.7640000000000002,0.4425525979134543,0.2519507097945068,-0.0025681118509380202,0.25197744511897857,-0.0024095679275574267,1.6789821143804264,0.002117603425084213,0.17898211438042644,0,0,FOLLOWING,1.6789821143804264,0.25182025691791227,0
9.120000000000001,2.1093919658826565,0.20964709273966842,0.13763428051103666,3.7720000000000002,0.44344288360915207,0.251923550036917,-0.002682137323426185,0.2519503110705492,-0.002522554039873139,1.6789657372739402,0.0020696017401931888,0.17896573727394016,0,0,FOLLOWING,1.6789657372739402,0.25179643780385685,0
9.152000000000001,2.1173773043700086,0.21075290030293203,0.13754995370280132,3.7800000000000002,0.44432663048150034,0.2518963670032235,-0.00279583420533738,0.2519231514047823,-0.002635212758208455,1.6789493486860974,0.002021739433098385,0.17894934868609735,0,0,FOLLOWING,1.6789493486860974,0.25177272145096263,0
9.184000000000001,2.1253618760246407,0.21185790377054461,0.13746203221397588,3.7880000000000003,0.44520382549913706,0.25186916303979634,-0.0029092047544165096,0.2518959684743747,-0.0027475465268566165,1.6789329499666357,0.001974015515419425,0.17893294996663567,0,0,FOLLOWING,1.6789329499666357,0.2517491092873094,0
9.216000000000001,2.133345684069048,0.21296207452356944,0.13737052637069921,3.7960000000000003,0.4460744557273113,0.25184194048662323,-0.0030222510538151014,0.2518687646255802,-0.002859557603683086,1.6789165424625199,0.0019264290729413824,0.17891654246251987,0,0,FOLLOWING,1.6789165424625199,0.251725602735107,0
9.248,2.1413287317795664,0.21406538404389833,0.13727544643241857,3.8040000000000003,0.44693850832807375,0.2518147016773454,-0.003134975024073524,0.25184154219827787,-0.0029712480728011493,1.6789001275178994,0.0018789792605325706,0.1789001275178994,0,0,FOLLOWING,1.6789001275178994,0.25170220321060477,0
9.28,2.149311022485975,0.21516780391362625,0.13717680259707268,3.812,0.447795970560466,0.25178744893929056,-0.003247378434272265,0.2518143035260027,-0.00308261985635014,1.6788837064740678,0.0018316652974130765,0.17888370647406782,0,0,FOLLOWING,1.6788837064740678,0.2516789121239995,0
9.312,2.157292559571096,0.21626930581446407,0.13707460500592206,3.82,0.44864682978070863,0.25176018459348665,-0.003359462912413057,0.25178705093597886,-0.0031936747255283077,1.6788672806694158,0.0017844864627523107,0.17886728066941582,0,0,FOLLOWING,1.6788672806694158,0.2516557308793474,0
9.344,2.165273346470397,0.21736986152718646,0.13696886374804904,3.828,0.44949107344238726,0.2517329109546628,-0.0034712299550697288,0.2517597867491303,-0.0033044143109004324,1.678850851439381,0.0017374420915741984,0.17885085143938095,0,0,FOLLOWING,1.678850851439381,0.25163266087447234,0
9.376,2.1732533757273362,0.21846944296576562,0.13685975967382538,3.836,0.45032868909663776,0.25170565242063125,-0.0035830848487988913,0.2517321743634876,-0.003409502322166937,1.6788344309509842,0.0016903598409156448,0.17883443095098417,0,0,FOLLOWING,1.6788344309509842,0.2516097035008776,0
9.408,2.1812326617576248,0.21956802359306124,0.1367473615446031,3.844,0.4511596643923301,0.25167839361456296,-0.003695167857179271,0.25170489861939715,-0.003512441541188772,1.6788180095572391,0.001643180402400024,0.17881800955723914,0,0,FOLLOWING,1.6788180095572391,0.25158686014365406,0
9.44,2.1892112085386284,0.22066557751658342,0.136631676026298,3.852,0.4519839870762498,0.2516511356407628,-0.0038074751600854187,0.251677638514927,-0.003615172450366372,1.678801587922403,0.0015959053800273795,0.17880158792240297,0,0,FOLLOWING,1.678801587922403,0.25156413218139523,0
9.472,2.197189019600076,0.22176207885025792,0.1365127071610996,3.86,0.4528016449932794,0.251623880417184,-0.003919996686917671,0.25165038076561896,-0.003717777041143556,1.6787851672153025,0.001548539018977363,0.17878516721530247,0,0,FOLLOWING,1.6787851672153025,0.2515415209861038,0
9.504,2.205166098476357,0.22285750171731272,0.13639045714115833,3.868,0.45361262608657704,0.2515966299193316,-0.0040327178810886846,0.2516231258700458,-0.0038203131272382543,1.6787687486604623,0.0015010874676012753,0.17876874866046233,0,0,FOLLOWING,1.6787687486604623,0.2515190279231072,0
9.536,2.2131424487513267,0.22395182024547833,0.13626492687122305,3.876,0.4544169183977547,0.2515693861156051,-0.004145621012434258,0.25159587567706904,-0.003922820939945821,1.6787523334938577,0.0014535582214143525,0.17875233349385766,0,0,FOLLOWING,1.6787523334938577,0.2514966543509669,0
9.568,2.2211180740626255,0.2250450085622485,0.13613611640639894,3.884,0.45521451006705416,0.25154215096900234,-0.004258686201042158,0.2515686321548911,-0.004025327030641517,1.6787359229587488,0.0014059596885976078,0.17873592295874885,0,0,FOLLOWING,1.6787359229587488,0.25147440162139206,0
9.6,2.2290929781018605,0.2261370407926271,0.13600402529073413,3.892,0.45600538933352214,0.2515149264432627,-0.004371892211479909,0.25154139727578156,-0.004127847369855472,1.6787195183052641,0.0013583008528638139,0.1787195183052641,0,0,FOLLOWING,1.6787195183052641,0.25145227107915213,0
9.632,2.237067164614334,0.22722789105896662,0.13586865281716434,3.9,0.4567895445351838,0.25148771450768725,-0.004485217064736011,0.251514173011178,-0.004230389804843677,1.6787031207901373,0.0013105910136925192,0.17870312079013728,0,0,FOLLOWING,1.6787031207901373,0.2514302640619888,0
9.664,2.2450406373987044,0.22831753348231376,0.13572999822523032,3.908,0.4575669641092142,0.2514605171404554,-0.00459863850568423,0.2514869613359894,-0.0043329560042107565,1.6786867316763021,0.0012628395878964138,0.1786867316763021,0,0,FOLLOWING,1.6786867316763021,0.2514083819005301,0
9.696,2.2530134003066267,0.22940594218479438,0.13558806084966551,3.916,0.4583376365921095,0.2514333363307374,-0.004712134356256293,0.2514597642323448,-0.004435542993178253,1.6786703522323647,0.0012150559597011168,0.17867035223236472,0,0,FOLLOWING,1.6786703522323647,0.2513866259182045,0
9.728,2.2609854572423798,0.2304930912926889,0.13544284023031394,3.924,0.45910155061985547,0.25140617407987687,-0.004825682778488667,0.25143258369211563,-0.004538144362044814,1.6786539837319892,0.0011672493690847718,0.17865398373198915,0,0,FOLLOWING,1.6786539837319892,0.25136499743115526,0
9.76,2.2689568121624903,0.23157895493994243,0.13529433619171244,3.932,0.4598586949280953,0.25137903240186504,-0.004939262466715771,0.25140542171843483,-0.004640751214161067,1.6786376274532286,0.0011194288301949185,0.17863762745322864,0,0,FOLLOWING,1.6786376274532286,0.25134349774815334,0
9.792,2.276927469075345,0.2326635072719222,0.13514254889896155,3.94,0.4606090583522955,0.2513519133233013,-0.005052852784256009,0.25137828032642023,-0.004743352906908582,1.6786212846778372,0.001071603073327848,0.17862128467783722,0,0,FOLLOWING,1.6786212846778372,0.25132212817051364,0
9.824,2.284897432040796,0.23374672244928896,0.1349874788951607,3.948,0.4613526298279108,0.2513248188829581,-0.005166433856831256,0.25135116154333376,-0.004845937627821719,1.6786049566905683,0.0010237805052747684,0.1786049566905683,0,0,FOLLOWING,1.6786049566905683,0.25130088999200995,0
9.856,2.292866705169759,0.2348285746518863,0.13482912712458348,3.956,0.4620893983905472,0.25129775113107594,-0.0052799866324254475,0.2513240674082821,-0.004948492840214807,1.6785886447784841,0.0009759691839144323,0.17858864477848413,0,0,FOLLOWING,1.6785886447784841,0.25127978449879085,0
9.888,2.3008352926238005,0.23590903808258212,0.1346674949449067,3.964,0.46281935317612344,0.25127071212846247,-0.005393492915295105,0.2512969999716298,-0.0050510056252332436,1.6785723502302812,0.0009281768037781024,0.17857235023028117,0,0,FOLLOWING,1.6785723502302812,0.2512588129692947,0
9.92,2.308803198614715,0.23698808697101556,0.13450258413110752,3.972,0.46354248342103144,0.25124370394546686,-0.0055069353802283455,0.2512699612941721,-0.0051534629422427146,1.6785560743356398,0.0008804106899993336,0.1785560743356398,0,0,FOLLOWING,1.6785560743356398,0.2512379766741681,0
9.952,2.3167704274040926,0.23806569557722082,0.13433439687309587,3.98,0.4642587784622951,0.2512167286608758,-0.005620297571879837,0.2512429534461575,-0.005255851824591506,1.6785398183846039,0.0008326777985989409,0.17853981838460387,0,0,FOLLOWING,1.6785398183846039,0.25121727687618145,0
9.984,2.3247369833028717,0.2391418381951073,0.13416293576869853,3.988,0.46496822773772706,0.2511897883607745,-0.005733563892961079,0.25121597850624894,-0.005358159524882633,1.6785235836669934,0.0007849847214999595,0.1785235836669934,0,0,FOLLOWING,1.6785235836669934,0.2511967148301465,0
10.016,2.332702870670886,0.24021648915578608,0.13398820381327092,3.996,0.46567082078608507,0.251162885137392,-0.005846719584279292,0.2511890385603746,-0.005460373620345482,1.6785073714718493,0.0007373376950038367,0.17850737147184925,0,0,FOLLOWING,1.6785073714718493,0.2511762917828354,0
10.048,2.340668093916393,0.24128962283073657,0.13381020438692748,4.004,0.46636654724722576,0.2511360210879632,-0.005959750698951618,0.25116213570061674,-0.005562482087259539,1.6784911830869145,0.0006897426107388416,0.17849118308691447,0,0,FOLLOWING,1.6784911830869145,0.2511560089728963,0
10.08,2.3486326574955974,0.24236121363481236,0.13362894124016092,4.0120000000000005,0.4670553968622576,0.2511091983136197,-0.006072644072602489,0.2511352720240775,-0.005664473351306597,1.6784750197981526,0.0006422050283125258,0.1784750197981526,0,0,FOLLOWING,1.6784750197981526,0.2511358676307764,0
10.112,2.3565965659121626,0.2434312360290871,0.1334444184784488,4.02,0.4677373594736923,0.25108241891829886,-0.00618538729096279,0.25110844963176654,-0.005766336319208281,1.6784588828892877,0.0005947301890694423,0.17845888288928768,0,0,FOLLOWING,1.6784588828892877,0.2511158689786356,0
10.144,2.3645598237167085,0.24449966452354424,0.13325664054630507,4.0280000000000005,0.4684124250255942,0.25105568500773623,-0.006297968655944491,0.25108167062752107,-0.005868060396078913,1.6784427736414005,0.0005473230304916255,0.1784427736414005,0,0,FOLLOWING,1.6784427736414005,0.25109601423027206,0
10.176,2.372522435506305,0.24556647367961418,0.13306561221112395,4.036,0.469080583563729,0.25102899868846074,-0.006410377151023304,0.2510549371169979,-0.005969635491908655,1.6784266933325276,0.0004999882008976109,0.17842669333252759,0,0,FOLLOWING,1.6784266933325276,0.25107630459103675,0
10.208,2.3804844059239563,0.24663163811256467,0.13287133854708041,4.0440000000000005,0.4697418252357103,0.2510023620668831,-0.00652260240655542,0.25102825120666794,-0.0060710520198018324,1.6784106432373156,0.00045273007416621325,0.1784106432373156,0,0,FOLLOWING,1.6784106432373156,0.2510567412577595,0
10.24,2.3884457396580756,0.2476951324937498,0.1326738249192801,4.052,0.4703961402911448,0.2509757772484027,-0.006634634665483851,0.25100161500289286,-0.006172300888175028,1.678394624626682,0.0004055527642947421,0.1783946246266821,0,0,FOLLOWING,1.678394624626682,0.2510373254186646,0
10.272,2.396406441441954,0.24875693155272394,0.13247307696830377,4.0600000000000005,0.4710435190817763,0.2509492463366067,-0.006746464749801895,0.25097503061103626,-0.006273373488428567,1.6783786387675266,0.0003584601396380838,0.17837863876752658,0,0,FOLLOWING,1.6783786387675266,0.25101805825329815,0
10.304,2.4043665160532264,0.24981701007922616,0.13226910059524433,4.068,0.47168395206162783,0.2509227714324717,-0.00685808402798739,0.2509485001346633,-0.0063742616795608685,1.6783626869224366,0.0003114558367324771,0.17836268692243662,0,0,FOLLOWING,1.6783626869224366,0.25099894093244446,0
10.336,2.412325968313328,0.25087534292504143,0.13206190194730727,4.0760000000000005,0.47231742978714253,0.2508963546336718,-0.006969484383609744,0.25092202567473276,-0.00647495777055228,1.6783467703494503,0.00026454327362379626,0.17834677034945035,0,0,FOLLOWING,1.6783467703494503,0.25097997461805427,0
10.368,2.4202848030869495,0.25193190500574514,0.1318514874040184,4.084,0.4729439429173226,0.2508699980338813,-0.007080658185199479,0.25089560932890764,-0.006575454501393606,1.6783308903018075,0.0002177256626584023,0.1783308903018075,0,0,FOLLOWING,1.6783308903018075,0.2509611604631624,0
10.4,2.4282430252814904,0.2529866713023357,0.1316378635640604,4.0920000000000005,0.47356348221386746,0.25084370372217313,-0.007191598257453969,0.2508692531908523,-0.006675745023432954,1.6783150480277504,0.00017100602270730958,0.17831504802775044,0,0,FOLLOWING,1.6783150480277504,0.2509424996118169,0
10.432,2.436200639846506,0.2540396168627621,0.13142103723275514,4.1,0.4741760385413097,0.2508174737824147,-0.007302297853816322,0.2508429593496338,-0.006775822879196968,1.6782992447703151,0.00012438719080740126,0.1782992447703151,0,0,FOLLOWING,1.6782992447703151,0.2509239931989978,0
10.464,2.4441576517731547,0.25509071680335116,0.1312010154101849,4.1080000000000005,0.47478160286714977,0.25079131029275115,-0.007412750630427765,0.2508167298891141,-0.006875681982423724,1.678283481767166,7.787183321866786e-05,0.1782834817671659,0,0,FOLLOWING,1.678283481767166,0.25090564235054713,0
10.496,2.452114066093642,0.2561399463101406,0.13097780527994637,4.116,0.4753801662619893,0.25076521532508617,-0.0075229506214391515,0.25079056688742574,-0.006975316598279719,1.6782677602504217,3.146245590557317e-05,0.17826776025042168,0,0,FOLLOWING,1.6782677602504217,0.2508874481830893,0
10.528,2.460069887880669,0.2571872806401224,0.13075141419852718,4.1240000000000006,0.47597171989966286,0.250739190944633,-0.007632892215671502,0.2507644724164648,-0.007074721323934651,1.678252081446516,-1.4838585554566297e-05,0.17825208144651605,0,0,FOLLOWING,1.678252081446516,0.25086941180396155,0
10.56,2.468025122246871,0.2582326951224019,0.13052184968527467,4.132,0.4765562550573678,0.2507132392094693,-0.0077425701345504,0.25073844854142574,-0.007173891070017716,1.6782364465760524,-6.102907660551771e-05,0.17823644657605242,0,0,FOLLOWING,1.6782364465760524,0.25085153431113555,0
10.592,2.475979774344266,0.2592761651592772,0.13028911941294918,4.140000000000001,0.47713376311579303,0.2506873621701623,-0.007851979411320542,0.2507124973203692,-0.007272821042373134,1.6782208568536932,-0.00010710693488671928,0.17822085685369315,0,0,FOLLOWING,1.6782208568536932,0.2508338167931496,0
10.624,2.4839338493636975,0.2603176662272434,0.1300532311988277,4.148,0.47770423555924624,0.2506615618693713,-0.007961115371441669,0.2506866208038448,-0.007371506724854951,1.6782053134880301,-0.00015307020191207554,0.17820531348803015,0,0,FOLLOWING,1.6782053134880301,0.25081626032903054,0
10.656,2.4918873525342793,0.26135717387792656,0.1298141929963376,4.156000000000001,0.4782676639757793,0.2506358403415371,-0.008069973614149777,0.25066082103448034,-0.007469943862767156,1.6781898176814989,-0.00019891703524207993,0.17818981768149889,0,0,FOLLOWING,1.6781898176814989,0.2507988659882274,0
10.688,2.499840289122843,0.26239466373895026,0.12957201288719417,4.164,0.47882404005731233,0.2506101996125393,-0.008178549995105675,0.25063510004669154,-0.007568128447104684,1.6781743706302685,-0.000244645701117846,0.17817437063026853,0,0,FOLLOWING,1.6781743706302685,0.25078163483053484,0
10.72,2.507792664433384,0.2634301115147406,0.12932669907401728,4.172000000000001,0.4793733555997563,0.2505846416994289,-0.008286840610095622,0.250609459866321,-0.007666056699610289,1.6781589735241706,-0.00029025456754169787,0.17815897352417065,0,0,FOLLOWING,1.6781589735241706,0.25076456790602736,0
10.752,2.5157444838065133,0.2644634929872714,0.12907825987340035,4.18,0.4799156025031339,0.2505591686101346,-0.008394841779711134,0.25058390251038326,-0.007763725058601211,1.6781436275466064,-0.000335742097773456,0.1781436275466064,0,0,FOLLOWING,1.6781436275466064,0.2507476662549841,0
10.784,2.523695752618904,0.26549478401675436,0.12882670370940916,4.188000000000001,0.480450772771699,0.2505337823432384,-0.00850255003497047,0.25055842998676586,-0.007861130165575558,1.6781283338744906,-0.0003811068442274579,0.17812833387449056,0,0,FOLLOWING,1.6781283338744906,0.25073093090782467,0
10.816,2.531646476282749,0.26652396054227784,0.1285720391074852,4.196,0.48097885851405464,0.2505084848877154,-0.008609962103824526,0.2505330442940071,-0.00795826885253353,1.6781130936781687,-0.0004263474427423086,0.17811309367816874,0,0,FOLLOWING,1.6781130936781687,0.2507143628850346,0
10.848,2.5395966602452122,0.26755099858239617,0.12831427468873136,4.204000000000001,0.4814998519432691,0.2504832782227438,-0.008717074898493988,0.2505077474210307,-0.008055138130058388,1.6780979081213723,-0.00047146260720742905,0.17809790812137227,0,0,FOLLOWING,1.6780979081213723,0.25069796319710275,0
10.88,2.5475463099878857,0.26857587423567336,0.12805341916455665,4.212,0.4820137453769913,0.2504581643174858,-0.008823885503592008,0.25048254134696524,-0.008151735176090838,1.6780827783611512,-0.0005164511245198677,0.17808277836115116,0,0,FOLLOWING,1.6780827783611512,0.25068173284444756,0
10.912,2.5554954310262503,0.26959856368118434,0.12778948133165996,4.220000000000001,0.4825205312375635,0.2504331451309202,-0.008930391164993563,0.25045742804091664,-0.008248057325313253,1.6780677055478335,-0.0005613118498588032,0.17806770554783347,0,0,FOLLOWING,1.6780677055478335,0.25066567281735624,0
10.944,2.5634440289091343,0.27061904317897545,0.1275224700673337,4.228,0.4830202020521332,0.25040822261165124,-0.009036589279394412,0.2504324094618082,-0.008344102059183667,1.6780526908249678,-0.0006060437022543662,0.17805269082496777,0,0,FOLLOWING,1.6780526908249678,0.2506497840959121,0
10.976,2.57139210921818,0.2716372890704875,0.12725239432506477,4.236000000000001,0.48351275045276354,0.2503833986977667,-0.009142477384529397,0.25040748755818926,-0.008439866996623387,1.6780377353292903,-0.0006506456604346011,0.17803773532929035,0,0,FOLLOWING,1.6780377353292903,0.2506340676499347,0
11.008000000000001,2.579339677567308,0.2726532777789439,0.12697926313041788,4.244,0.4839981691765418,0.25035867531667,-0.009248053150004766,0.250382664268082,-0.008535349885200372,1.6780228401906738,-0.0006951167589332174,0.17802284019067383,0,0,FOLLOWING,1.6780228401906738,0.25061852443890875,0
11.040000000000001,2.5872867396021832,0.27366698580970483,0.12670308557718196,4.252000000000001,0.4844764510656864,0.25033405438496376,-0.009353314368706912,0.25035794151882496,-0.008630548592904002,1.6780080065321037,-0.0007394560844435349,0.1780080065321037,0,0,FOLLOWING,1.6780080065321037,0.2506031554119255,0
11.072000000000001,2.5952333009996917,0.27467838975059156,0.12642387082376705,4.26,0.4849475890676525,0.2503095378082887,-0.00945825894875944,0.25033332122696245,-0.008725461100334779,1.677993235469625,-0.000783662772403132,0.17799323546962498,0,0,FOLLOWING,1.677993235469625,0.2505879615076131,0
11.104000000000001,2.6031793674674066,0.27568746627218077,0.12614162808983115,4.268000000000001,0.4854115762352363,0.2502851274812368,-0.009562884905986755,0.2503088052980633,-0.00882008549348477,1.6779785281123303,-0.0008277360037950986,0.17797852811233028,0,0,FOLLOWING,1.6779785281123303,0.25057294365407884,0
11.136000000000001,2.6111249447430698,0.2766941921280727,0.125856366653124,4.276,0.4858684057266769,0.250260825287203,-0.009667190356848328,0.250284395626652,-0.008914419956987054,1.6779638855623087,-0.0008716750021483949,0.1779638855623087,0,0,FOLLOWING,1.6779638855623087,0.25055810276884133,0
11.168000000000001,2.619070038594064,0.2776985441551332,0.12556809584654002,4.284000000000001,0.4863180708057576,0.25023663309830935,-0.009771173511837046,0.2502600940960545,-0.009008462767577028,1.6779493089146358,-0.0009154790307356191,0.17794930891463578,0,0,FOLLOWING,1.6779493089146358,0.2505434397587738,0
11.200000000000001,2.6270146548168998,0.27870049927371227,0.12527682505535717,4.292,0.4867605648419052,0.25021255277527255,-0.009874832669281415,0.250235902578325,-0.009102212288264336,1.6779347992573275,-0.0009591473899410173,0.17793479925732747,0,0,FOLLOWING,1.6779347992573275,0.2505289555200376,0
11.232000000000001,2.6349587992366925,0.279700034487841,0.12498256371465975,4.300000000000001,0.48719588131028774,0.2501885861673365,-0.009978166209554534,0.25021182293410915,-0.009195666962602754,1.67792035767133,-0.0010026794148029208,0.17792035767132997,0,0,FOLLOWING,1.67792035767133,0.2505146509380271,0
11.264,2.642902477706649,0.2806971268854069,0.12468532130692637,4.308,0.4876240137919105,0.25016473511215986,-0.010081172589641498,0.2501878570125769,-0.009288825309517848,1.6779059852304814,-0.001046074472707631,0.1779059852304814,0,0,FOLLOWING,1.6779059852304814,0.2505005268873052,0
11.296,2.6508456961075564,0.2816917536383103,0.1243851073597792,4.316,0.4880449559737109,0.25014100143574863,-0.01018385033806821,0.2501640066513142,-0.009381685918275618,1.677891683001499,-0.0010893319612356178,0.17789168300149893,0,0,FOLLOWING,1.677891683001499,0.25048658423154635,0
11.328,2.65878846034727,0.2826838920026029,0.12408193144387641,4.324,0.4884587016486516,0.2501173869523596,-0.010286198050137666,0.25014027367625535,-0.009474247443999008,1.6778774520439457,-0.0011324513061397867,0.17787745204394567,0,0,FOLLOWING,1.6778774520439457,0.25047282382347835,0
11.36,2.666730776360206,0.28367351931860896,0.1237758031709462,4.332,0.48886524471581183,0.25009389346442873,-0.01038821438348197,0.2501166599015827,-0.009566508603253027,1.6778632934102118,-0.0011754319594572127,0.1778632934102118,0,0,FOLLOWING,1.6778632934102118,0.2504592465048238,0
11.392,2.6746726501068343,0.28466061301103046,0.12346673219194872,4.34,0.48926457918047755,0.2500705227625015,-0.010489898053894208,0.2500931671296577,-0.009658468170034464,1.6778492081454943,-0.0012182733977393612,0.17784920814549432,0,0,FOLLOWING,1.6778492081454943,0.2504458531062434,0
11.424,2.682614087573175,0.28564515058903894,0.12315472819535973,4.348,0.48965669915422966,0.2500472766251547,-0.010591247831430433,0.2500697971509537,-0.009750124971983201,1.6778351972877716,-0.0012609751203973008,0.17783519728777164,0,0,FOLLOWING,1.6778351972877716,0.2504326444472795,0
11.456,2.6905550947702976,0.28662710964635163,0.12283980090556881,4.356,0.49004159885503096,0.2500241568189304,-0.010692262536761317,0.25004655174397244,-0.00984147788679376,1.677821261867783,-0.001303536648152706,0.17782126186778302,0,0,FOLLOWING,1.677821261867783,0.25041962133630064,0
11.488,2.6984956777338196,0.28760646786129584,0.12252196008138148,4.364,0.4904192726073115,0.25000116509827336,-0.010792941037754153,0.2500234326751809,-0.00993252583896388,1.677807402909009,-0.0013459575215869907,0.1778074029090091,0,0,FOLLOWING,1.677807402909009,0.2504067845704466,0
11.52,2.7064358425234096,0.2885832029968617,0.12220121551462244,4.372,0.4907897148420519,0.24997830320546297,-0.010893282246280044,0.2500004416989513,-0.010023267796649289,1.6777936214276483,-0.001388237299785322,0.17779362142764832,0,0,FOLLOWING,1.6777936214276483,0.2503941349355743,0
11.552,2.714375595222291,0.2895572929007427,0.12187757702883174,4.38,0.491152920096866,0.24995557287055525,-0.010993285115223116,0.2499775805574889,-0.010113702768740072,1.6777799184325979,-0.0014303755590671652,0.17777991843259788,0,0,FOLLOWING,1.6777799184325979,0.250381673206204,0
11.584,2.722314941936748,0.2905287155053668,0.12155105447804755,4.388,0.49150888301608087,0.24993297581132254,-0.011092948635683542,0.24995485098077103,-0.010203829802174092,1.6777662949254324,-0.0014723718917985795,0.1777662949254324,0,0,FOLLOWING,1.6777662949254324,0.2503694001454675,0
11.616,2.7302538887956342,0.29149744882791695,0.1212216577456711,4.396,0.4918575983508162,0.249910513733194,-0.01119227183436047,0.24993225468649563,-0.010293647979351242,1.6777527519003823,-0.0015142259052814133,0.1777527519003823,0,0,FOLLOWING,1.6777527519003823,0.2503573165050551,0
11.648,2.738192441949881,0.29246347097034353,0.12088939674340697,4.404,0.49219906095906146,0.24988818832920032,-0.011291253771106192,0.2499097933800237,-0.010383156415796603,1.6777392903443138,-0.0015559372207137878,0.1777392903443138,0,0,FOLLOWING,1.6777392903443138,0.2503454230251653,0
11.68,2.746130607572009,0.2934267601193675,0.12055428141027542,4.412,0.49253326580575174,0.24986600127992062,-0.011389893536632952,0.24988746875430837,-0.010472354257890951,1.6777259112367089,-0.0015975054722178889,0.1777259112367089,0,0,FOLLOWING,1.6777259112367089,0.25033372043445407,0
11.712,2.754068391855644,0.29438729454647633,0.12021632171169254,4.42,0.4928602079628422,0.24984395425342304,-0.011488190250377174,0.24986528248985188,-0.010561240680768564,1.6777126155496416,-0.00163893030593186,0.17771261554964157,0,0,FOLLOWING,1.6777126155496416,0.2503222094499849,0
11.744,2.762005801015026,0.29534505260791244,0.11987552763861019,4.428,0.4931798826093804,0.2498220489052203,-0.011586143058494456,0.24984323625465055,-0.010649814886432123,1.6776994042477615,-0.001680211379158747,0.17769940424776154,0,0,FOLLOWING,1.6776994042477615,0.25031089077718033,0
11.776,2.7699428412845317,0.29630001274465495,0.11953190920671683,4.436,0.4934922850315777,0.24980028687820827,-0.011683751131987781,0.24982133170414483,-0.010738076101864382,1.6776862782882678,-0.0017213483595718004,0.17768627828826777,0,0,FOLLOWING,1.6776862782882678,0.25029976510977364,0
11.808,2.7778795189181884,0.29725215348239503,0.1191854764556907,4.444,0.4937974106228787,0.24977866980261962,-0.011781013664954347,0.24979957048115387,-0.010826023577388355,1.67767323862089,-0.0017623409244702931,0.1776732386208899,0,0,FOLLOWING,1.67767323862089,0.2502888331297614,0
11.84,2.7858158401891937,0.2982014534315056,0.11883623944850713,4.452,0.4940952548840289,0.24975719929597784,-0.011877929872955464,0.24977795421583882,-0.010913656584964166,1.6776602861878693,-0.0018031887600864493,0.17766028618786933,0,0,FOLLOWING,1.6776602861878693,0.25027809550735713,0
11.872,2.7937518113894386,0.29914789128700564,0.1184842082707906,4.46,0.4943858134231413,0.24973587696303598,-0.011974498991483569,0.24975648452565138,-0.011000974416808522,1.677647421923931,-0.0018438915609346324,0.17764742192393101,0,0,FOLLOWING,1.677647421923931,0.25026755290094505,0
11.904,2.801687438829028,0.30009144582851915,0.11812939303021312,4.468,0.4946690819557613,0.24971470439573892,-0.012070720274531058,0.24973516301526907,-0.011087976383935766,1.6776346467562684,-0.0018844490292045102,0.1776346467562684,0,0,FOLLOWING,1.6776346467562684,0.25025720595703566,0
11.936,2.8096227288358047,0.30103209592023034,0.11777180385593394,4.476,0.4949450563049296,0.24969368317316723,-0.012166592993259704,0.24971399127656843,-0.011174661814869207,1.6776219616045172,-0.0019248608741943146,0.17762196160451715,0,0,FOLLOWING,1.6776219616045172,0.25024705531022096,0
11.968,2.8175576877548747,0.3019698205108336,0.11741145089807833,4.484,0.49521373240124367,0.2496728148614914,-0.01226211643475001,0.2496929708885552,-0.011261030054420543,1.6776093673807344,-0.001965126811780654,0.1776093673807344,0,0,FOLLOWING,1.6776093673807344,0.2502371015831313,0
12.0,2.8254923219481327,0.30290459863347996,0.1170483443272525,4.492,0.4954751062829182,0.24965210101392613,-0.01235728990083492,0.24967210341732834,-0.011347080462559044,1.6775968649893778,-0.002005246563923202,0.17759686498937777,0,0,FOLLOWING,1.6775968649893778,0.25022734538639274,0
12.032,2.833426637793792,0.3038364094057204,0.11668249433409329,4.5,0.4957291740958432,0.24963154317067685,-0.012452112707014368,0.24965139041603004,-0.011432812413333212,1.6775844553272792,-0.002045219858202871,0.17758445532727918,0,0,FOLLOWING,1.6775844553272792,0.2502177873185853,0
12.064,2.8413606416859087,0.30476523202944483,0.11631391112884874,4.5176,0.49597593209364105,0.2660185057914035,-0.01352443444279652,0.2496308334247963,-0.011518225293882788,1.6871099306744288,-0.002733619432313913,0.18710993067442883,0,0,FOLLOWING,1.6871099306744288,0.2577023620871907,0
12.096,2.8497924957276055,0.30574937816107195,0.11590978678011225,4.5352,0.4962153766377213,0.28155540904229964,-0.014509286579043096,0.26529698524959466,-0.012628885994129166,1.6961355346886071,-0.0033783421520088147,0.19613553468860712,0,0,FOLLOWING,1.6961355346886071,0.2702469751278448,0
12.128,2.858721760021878,0.3067879799814942,0.11547587550157791,4.5528,0.496447504197335,0.2962247843620122,-0.015424863714152082,0.280931563047781,-0.013559728181486761,1.7046617900020966,-0.003985720143555832,0.2046617900020966,0,0,FOLLOWING,1.7046617900020966,0.2860211398292784,0
12.16,2.86812377163568,0.307877281955749,0.11502141596776291,4.5704,0.4966723113496261,0.3100568018264814,-0.01629527668063593,0.29578628271148927,-0.014201862524387538,1.7127136131817515,-0.004565426801995842,0.21271361318175153,0,0,FOLLOWING,1.7127136131817515,0.3036624078897821,0
12.192,2.877970089458748,0.30901349040783843,0.11454178874441023,4.588,0.49688979477968237,0.3230923179256224,-0.017111526053477398,0.309744946053217,-0.014988353685313503,1.7203196797950504,-0.005113414839900479,0.2203196797950504,0,0,FOLLOWING,1.7203196797950504,0.3221700569049204,0
12.224,2.8882345622297416,0.31019291154612605,0.11403854912652867,4.6056,0.49709995128058404,0.33537180548453166,-0.017878442380354385,0.3228791328669421,-0.015726242147883117,1.727506378671329,-0.005631636699391554,0.22750637867132895,0,0,FOLLOWING,1.727506378671329,0.3408216989610871,0
12.256,2.8988925211102647,0.3114120464907433,0.11351312236680042,4.6232,0.4973027777534513,0.3469357630159354,-0.018600130409013045,0.33523546710000485,-0.01641959130185352,1.7342986033911398,-0.006121856747380833,0.23429860339113984,0,0,FOLLOWING,1.7342986033911398,0.3591079319372704,0
12.288,2.9099207252772796,0.31266758985471427,0.11296681843259664,4.6408000000000005,0.49749827120748974,0.35782413410031877,-0.01928008890013998,0.346858909845191,-0.017072003763953427,1.7407198064116993,-0.006585675780981556,0.24071980641169932,0,0,FOLLOWING,1.7407198064116993,0.3766812386840948,0
12.32,2.9212973143815226,0.31395642461303164,0.1124008487208809,4.6584,0.49768642876003455,0.3680758543531351,-0.019921317990467813,0.3577929450649786,-0.017686559860870584,1.7467920468123233,-0.007024554215799006,0.24679204681232325,0,0,FOLLOWING,1.7467920468123233,0.3933161440884375,0
12.352,2.9330017538640996,0.3152756155969967,0.11181633969858791,4.676,0.4978672476365933,0.37772852587966604,-0.02052640792170261,0.3680793486274207,-0.018265913675821536,1.752536045313679,-0.007439831261822807,0.2525360453136789,0,0,FOLLOWING,1.752536045313679,0.4088782581467375,0
12.384,2.945014774498927,0.31662240201603475,0.11121434403891,4.6936,0.4980407251708863,0.38681819600684114,-0.021097612072034387,0.37775800281976324,-0.01881237129034303,1.7579712451621492,-0.007832740851024686,0.2579712451621492,0,0,FOLLOWING,1.7579712451621492,0.42330032002026996,0
12.416,2.9573183084583765,0.3179941893675238,0.11059584973308385,4.7112,0.4982068588048864,0.3953792183796324,-0.021636906846722842,0.3868667840844787,-0.019327954044122866,1.7631158765522605,-0.008204424903874909,0.26311587655226054,0,0,FOLLOWING,1.7631158765522605,0.436563745823519,0
12.448,2.9698954238166717,0.3193885410282288,0.1099617875733454,4.728800000000001,0.49836564608885653,0.4034441779539915,-0.022146040659289393,0.39544151166741026,-0.01981444943301342,1.7679870226487915,-0.00855594442207254,0.2679870226487915,0,0,FOLLOWING,1.7679870226487915,0.4486844926403064,0
12.48,2.9827302589802587,0.32080316399474046,0.10931303989012754,4.7464,0.4985170846813858,0.4110438656408772,-0.022626572283817287,0.40351592399575525,-0.020273371924659955,1.7726006862783457,-0.008888288135859845,0.27260068627834566,0,0,FOLLOWING,1.7726006862783457,0.45970229853010164,0
12.512,2.995807958105304,0.3222359093101365,0.10865045081289279,4.764,0.498661172349424,0.41820728715351835,-0.023079927488689676,0.41112175864445866,-0.02070591529503887,1.7769718541547632,-0.009202390503564084,0.2769718541547632,0,0,FOLLOWING,1.7769718541547632,0.4696725553673413,0
12.544,3.0091146083385105,0.32368477287944103,0.10797481490444275,4.7816,0.4987979069683146,0.42496169832099934,-0.023507400494346423,0.41828880843183375,-0.021113628507288852,1.78111455930937,-0.00949912777361589,0.28111455930937,0,0,FOLLOWING,1.78111455930937,0.47866022816996007,0
12.576,3.0226371794684237,0.3251478663630662,0.10728688505402115,4.7992,0.4989272865218261,0.43133266420415356,-0.02391015744150376,0.4250448944207928,-0.021497813925989952,1.7850419440914616,-0.00977931610585435,0.28504194409146155,0,0,FOLLOWING,1.7850419440914616,0.48673535915184296,0
12.608,3.036363466255139,0.3266234184245424,0.10658737908416248,4.816800000000001,0.49904930910218176,0.4373441264247465,-0.024289274208777516,0.4314160519150844,-0.021859567374087722,1.7887663174572006,-0.010043725008221538,0.2887663174572006,0,0,FOLLOWING,1.7887663174572006,0.4939697935621727,0
12.64,3.0502820337827043,0.3281097677154899,0.1058769824443068,4.8344000000000005,0.4991639729100876,0.44301847990956283,-0.024645751171509765,0.4374265955887375,-0.022199900519301315,1.7922992100913555,-0.010293081772551643,0.2922992100913555,0,0,FOLLOWING,1.7922992100913555,0.5004348426688906,0
12.672,3.0643821658627113,0.3296053560672132,0.10515635051460724,4.852,0.49927127625475903,0.4483766543047089,-0.024980524983535486,0.4430992146239545,-0.022519753034148736,1.7956514264741859,-0.01052807522397664,0.29565142647418585,0,0,FOLLOWING,1.7956514264741859,0.50619966118663,0
12.704,3.0786538165283988,0.3311087220729093,0.10442611059413036,4.8696,0.4993712175539458,0.45343819731703633,-0.02529447813995825,0.4484550697506339,-0.02282000245819898,1.7988330938352788,-0.010749358982290305,0.2988330938352788,0,0,FOLLOWING,1.7988330938352788,0.5113301653878745,0
12.736,3.0930875645842506,0.33261849506052993,0.10368686362556173,4.8872,0.4994637953339553,0.45822135798538965,-0.025588446732202286,0.453513889256381,-0.023101472432539353,1.801853708028696,-0.010957554310434423,0.30185370802869604,0,0,FOLLOWING,1.801853708028696,0.5158883567424575,0
12.768,3.1076745711293925,0.33413338944359966,0.10293918569834445,4.904800000000001,0.49954900822967435,0.4627431684365695,-0.02586322672277181,0.45829406246497495,-0.023364939623990354,1.8047221764115793,-0.011153252608681968,0.3047221764115793,0,0,FOLLOWING,1.8047221764115793,0.5199319463365443,0
12.8,3.122406539942339,0.3356521994329989,0.10218362936469091,4.9224000000000006,0.4996268549845891,0.4670195231068695,-0.026119579006916246,0.4628127297041126,-0.023611139573039237,1.8074468578394263,-0.011337017603147162,0.30744685783942627,0,0,FOLLOWING,1.8074468578394263,0.5235141992264969,0
12.832,3.137275680594634,0.3371737940903972,0.10142072479726492,4.94,0.49969733445080394,0.4710652547384635,-0.026358233480523515,0.4670858681266611,-0.023840771641807108,1.8100355999114557,-0.011509387269766623,0.3100355999114557,0,0,FOLLOWING,1.8100355999114557,0.5266839366377642,0
12.864,3.1522746741490155,0.33869711270299435,0.10065098081302806,4.9576,0.49976044558905813,0.4748942067107366,-0.026579892295237707,0.4711283730055169,-0.024054503196596858,1.8124957736114395,-0.01167087552914492,0.31249577361143954,0,0,FOLLOWING,1.8124957736114395,0.5294856485997511,0
12.896,3.1673966412918295,0.340221160459109,0.09987488578433894,4.9752,0.4998161874687412,0.47851930145651467,-0.026785232450936412,0.47495413431358247,-0.024252973131367362,1.8148343054953384,-0.011821973743100483,0.3148343054953384,0,0,FOLLOWING,1.8148343054953384,0.5319596810695398,0
12.928,3.182635112747967,0.3417450044046528,0.09909290845563291,4.992800000000001,0.4998645592679067,0.481952604854893,-0.0269749078506292,0.4785761085421022,-0.024436794818468704,1.8170577075784693,-0.011963152040050924,0.3170577075784693,0,0,FOLLOWING,1.8170577075784693,0.5341424705193906,0
12.96,3.1979840018284387,0.34326776966142264,0.09830549868165128,5.010400000000001,0.49990556027328426,0.48520538659666335,-0.02714955092221811,0.4820063858134404,-0.02460655856031203,1.81917210507307,-0.012094860493238576,0.31917210507307003,0,0,FOLLOWING,1.81917210507307,0.5360668058839755,0
12.992,3.213437578964796,0.34478863588925535,0.09751308810110243,5.0280000000000005,0.49993918988029024,0.4882881765935628,-0.02730977389442322,0.48525625241714787,-0.024762833607203712,1.8211832621229715,-0.01221753017303559,0.32118326212297155,0,0,FOLLOWING,1.8211832621229715,0.5377621031106368,0
13.024000000000001,3.228990448090306,0.3463068339752965,0.09671609075774204,5.0456,0.4999654475930365,0.4912108175552817,-0.027456169799720778,0.48833624894784383,-0.02490616980057153,1.8230966056763052,-0.012331574092067893,0.32309660567630516,0,0,FOLLOWING,1.8230966056763052,0.5392546816679549,0
13.056000000000001,3.244637524734507,0.3478216429348539,0.09591490367910836,5.0632,0.4999843330243378,0.4939825138938134,-0.027589313264863496,0.4912562242556385,-0.0250370988962869,1.8249172476304305,-0.01243738805958787,0.3249172476304305,0,0,FOLLOWING,1.8249172476304305,0.5405680355124372,0
13.088000000000001,3.2603740157050765,0.3493323870094766,0.09510990742151611,5.080800000000001,0.4999958458957175,0.4966118771372083,-0.027709761138991398,0.49402538543864194,-0.025156135619130698,1.826650005375882,-0.01253535145936463,0.32665000537588207,0,0,FOLLOWING,1.826650005375882,0.5417230934017676,0
13.120000000000001,3.276195400238575,0.350838432948998,0.09430146658841893,5.098400000000001,0.4999999860374116,0.49910696804754806,-0.027818053000306264,0.4966523441161882,-0.025263778495050578,1.8282994208584777,-0.01262582796336384,0.32829942085847774,0,0,FOLLOWING,1.8282994208584777,0.5427384652428865,0
13.152000000000001,3.292097412509271,0.3523391874652798,0.09348993032787041,5.1160000000000005,0.4999967533883712,0.5014753356433921,-0.027914711574459895,0.4991451592231449,-0.025360510504361385,1.8298697782710418,-0.012709166191621962,0.3298697782710418,0,0,FOLLOWING,1.8298697782710418,0.5436306725058405,0
13.184000000000001,3.3080760253928334,0.3538340948463011,0.0926756328135908,5.1336,0.49998614799626373,0.5037240533270093,-0.02800024309110426,0.5015113765623892,-0.025446799594078327,1.831365120478573,-0.012785700327031246,0.331365120478573,0,0,FOLLOWING,1.831365120478573,0.5444143617234063,0
13.216000000000001,3.324127435389028,0.35532263472004977,0.09185889371306441,5.1512,0.4999681700174718,0.5058597523129981,-0.02807513759937229,0.503758065345277,-0.02552309908322026,1.832789264273335,-0.012855750692226886,0.332789264273335,0,0,FOLLOWING,1.832789264273335,0.5451025008133599,0
13.248000000000001,3.340248048614564,0.3568043199584063,0.0910400186451594,5.168800000000001,0.49994281971709115,0.5078886525484821,-0.028139869258215298,0.5058918519406025,-0.02558984799024014,1.8341458145492842,-0.012919624294414539,0.33414581454928416,0,0,FOLLOWING,1.8341458145492842,0.5457065584686277,0
13.280000000000001,3.356434467783953,0.358278694711869,0.09021929962899623,5.186400000000001,0.49991009746892673,0.5098165913068622,-0.028194896613538925,0.507918951041364,-0.025647471306509854,1.8354381774785264,-0.01297761534282095,0.33543817747852644,0,0,FOLLOWING,1.8354381774785264,0.5462366672102796,0
13.312000000000001,3.3726834801025296,0.3597453325665707,0.08939701552514827,5.204000000000001,0.4998700037554871,0.5116490496278101,-0.02824066287076477,0.5098451944466286,-0.025696380235941094,1.8366695727662028,-0.013030005742447281,0.3366695727662028,0,0,FOLLOWING,1.8366695727662028,0.5467017709282701,0
13.344,3.388992046001683,0.3612038348155873,0.08857343246976745,5.2216000000000005,0.49982253916797753,0.5133911767662125,-0.028277596168789606,0.5116760576435719,-0.025736972416073152,1.8378430450542382,-0.013077065566985943,0.33784304505423823,0,0,FOLLOWING,1.8378430450542382,0.5471097578751429,0
13.376,3.405357288651878,0.36265382883704966,0.08774880430185855,5.2392,0.4997677044062908,0.5150478128026088,-0.028306109859226724,0.5134166843621645,-0.02576963213218492,1.8389614745388905,-0.013119053513097752,0.3389614745388905,0,0,FOLLOWING,1.8389614745388905,0.5474675801520351,0
13.408,3.4217764841941465,0.36409496657204393,0.08692337298364228,5.256799999999999,0.4997055002789975,0.5166235095574738,-0.02832660279314621,0.5150719092629642,-0.025794730533254488,1.8400275868618812,-0.013156217337698783,0.34002758686188117,0,0,FOLLOWING,1.8400275868618812,0.5477813607521966,0
13.44,3.438247052635469,0.3655269230957379,0.08609736901378838,5.2744,0.49963592770333365,0.5181225499417552,-0.028339459616367278,0.5166462789065653,-0.025812625854780842,1.8410439623301489,-0.013188794279518926,0.3410439623301489,0,0,FOLLOWING,1.8410439623301489,0.5480564892187292,0
13.472,3.45476654935786,0.36694939527559023,0.0852710118331751,5.291999999999999,0.49955898770518736,0.5195489658663917,-0.028345051073397996,0.5181440711421507,-0.025823663652321197,1.8420130445148224,-0.01321701146586253,0.3420130445148224,0,0,FOLLOWING,1.8420130445148224,0.548297706940871,0
13.504,3.471332657194993,0.3683621005109059,0.08444451022279176,5.3096000000000005,0.49947468141908363,0.5209065548244616,-0.028343734319556824,0.5195693130417403,-0.025828177047021676,1.8429371482760304,-0.013241086305293623,0.3429371482760304,0,0,FOLLOWING,1.8429371482760304,0.5485091830649109,0
13.536,3.4879431790339304,0.3697647755483804,0.08361806269339357,5.3271999999999995,0.49938301008816777,0.5221988952507383,-0.02833585324035721,0.5209257974969751,-0.025826486983351358,1.8438184672563138,-0.013261226866803047,0.3438184672563138,0,0,FOLLOWING,1.8438184672563138,0.5486945819375727,0
13.568,3.5045960309029267,0.3711571753686382,0.08279185786653533,5.3448,0.49928397506418687,0.5234293607554619,-0.028321738777023795,0.5222170985855831,-0.025818902498516153,1.8446590808821142,-0.013277632245910859,0.34465908088211417,0,0,FOLLOWING,1.8446590808821142,0.5488571229361088,0
13.6,3.5212892355094274,0.3725390721391142,0.0819660748466606,5.362399999999999,0.49917757780746996,0.5246011333212304,-0.02830170925687349,0.5234465858063582,-0.02580572100196227,1.8454609609094883,-0.01329049291809066,0.3454609609094883,0,0,FOLLOWING,1.8454609609094883,0.5489996334733229,0
13.632,3.538020916195251,0.37391025422895113,0.08114088358397349,5.38,0.4990638198869065,0.5257172155450113,-0.028276070727267174,0.5246174372729913,-0.025787228563426537,1.8462259775474619,-0.013299991079865764,0.34622597754746187,0,0,FOLLOWING,1.8462259775474619,0.5491245958999698,0
13.664,3.554789291278593,0.37527052528188876,0.08031644522787953,5.3976,0.49894270297992327,0.5267804420004664,-0.02824511729185986,0.5257326519499587,-0.025763700207641342,1.8469559051896358,-0.01330630097790081,0.3469559051896358,0,0,FOLLOWING,1.8469559051896358,0.5492341889627523,0
13.696,3.5715926687549056,0.3766197033434078,0.07949291247084521,5.4152000000000005,0.4988142288724595,0.5277934897897918,-0.02820913144795196,0.5267950610065919,-0.02573540021375369,1.847652427782328,-0.013309589226411692,0.3476524277823281,0,0,FOLLOWING,1.847652427782328,0.5493303244148184,0
13.728,3.5884294413309283,0.37795762003865685,0.07867042988257747,5.432799999999999,0.4986783994589407,0.528758888348513,-0.02816838442382124,0.5278073383592106,-0.02570258241782335,1.8483171438552157,-0.013310015113206161,0.3483171438552157,0,0,FOLLOWING,1.8483171438552157,0.5494146793177429,0
13.76,3.605298081768182,0.3792841197979401,0.07784913423448218,5.4504,0.4985352167422506,0.5296790285615542,-0.02812313651502861,0.528772010465311,-0.025665490516602617,1.8489515712384563,-0.013307730894677154,0.3489515712384563,0,0,FOLLOWING,1.8489515712384563,0.5494887245200246,0
13.792,3.6221971385140916,0.3805990591267696,0.0770291548144,5.467999999999999,0.49838468283370163,0.5305561712440039,-0.028073637418772102,0.5296914654285577,-0.025624358371364085,1.8495571514883218,-0.01330288208006207,0.3495571514883218,0,0,FOLLOWING,1.8495571514883218,0.5495537497471725,0
13.824,3.6391252316006293,0.38190230591770463,0.07621061373166478,5.485600000000001,0.4982267999530039,0.5313924550357159,-0.028020126565489262,0.5305679614682813,-0.025579410310324048,1.8501352540417364,-0.01329560770529449,0.3501352540417364,0,0,FOLLOWING,1.8501352540417364,0.5496108856926819,0
13.856,3.6560810487919095,0.38319373880139074,0.07539362621255553,5.5032,0.4980615704282323,0.5321899037547032,-0.027962833446970592,0.531403634802892,-0.025530861428833578,1.8506871801184357,-0.013286040596760106,0.3506871801184357,0,0,FOLLOWING,1.8506871801184357,0.5496611234573372,0
13.888,3.6730633419636276,0.38447324653439685,0.07457830088624909,5.5208,0.4978889966957924,0.5329504332507387,-0.02790197794036884,0.5322005069922805,-0.025478917886243478,1.851214166388129,-0.013274307625280599,0.35121416638812897,0,0,FOLLOWING,1.851214166388129,0.5497053316463981,0
13.92,3.6900709237010827,0.38574072465847237,0.07376474275954827,5.538399999999999,0.49770908130038427,0.5336758580403514,-0.02783777349173949,0.5329604854943344,-0.025423692882101983,1.851717388583122,-0.013260531159226903,0.35171738858312196,0,0,FOLLOWING,1.851717388583122,0.5497442713998455,0
13.952,3.7071026640853773,0.38699608317455936,0.07295304991630225,5.556,0.4975218268949651,0.5343678965680646,-0.02777042951524855,0.5336853950177548,-0.025365402756767096,1.8521979642514292,-0.01324483016348014,0.35219796425142924,0,0,FOLLOWING,1.8521979642514292,0.5497786096000472,0
13.984,3.72415748769441,0.38823923803027405,0.07214331282526708,5.5736,0.49732723624071007,0.5350281774361455,-0.027700139153257596,0.5343769466952568,-0.025304285484040824,1.8526569562865034,-0.013227315162364472,0.3526569562865034,0,0,FOLLOWING,1.8526569562865034,0.5498089304734028,0
14.016,3.7412343707502504,0.3894701131183022,0.07133561632921967,5.591200000000001,0.49712531220697154,0.5356582444201409,-0.02762708691272368,0.5350367671495675,-0.02524051687500398,1.853095375661017,-0.013208091537550662,0.3530953756610169,0,0,FOLLOWING,1.853095375661017,0.5498357457777572,0
14.048,3.7583323384471656,0.3906886398696573,0.07053003990579947,5.6088,0.496916057771237,0.5362595613239309,-0.027551449076611337,0.5356663985141525,-0.025174264590122206,1.8535141841288538,-0.013187259785869454,0.3535141841288538,0,0,FOLLOWING,1.8535141841288538,0.5498595037451482,0
14.08,3.775450462429923,0.3918947568215206,0.06972665791382715,5.6264,0.49669947601908476,0.5368335165294515,-0.027473394029205643,0.536267303084637,-0.025105688592423812,1.8539142967777564,-0.01316491573580083,0.35391429677775643,0,0,FOLLOWING,1.8539142967777564,0.5498805969297438,0
14.112,3.792587858414845,0.3930884092074635,0.06892553982859445,5.643999999999999,0.49647557014413884,0.5373814272561747,-0.027393082566282503,0.5368408678410115,-0.025034941492145295,1.8542965844372017,-0.01314115075269525,0.3542965844372017,0,0,FOLLOWING,1.8542965844372017,0.5498993690931901,0
14.144,3.8097436839449013,0.39426954857035945,0.06812675046681613,5.661600000000001,0.4962443434480216,0.5379045435506072,-0.02731066819331988,0.5373884086975054,-0.024962168869777996,1.8546618759503055,-0.013116051934377496,0.3546618759503055,0,0,FOLLOWING,1.8546618759503055,0.549916121244038,0
14.176,3.82691713627038,0.3954381323967014,0.06733035020183466,5.6792,0.4960057993403053,0.5384040520249487,-0.027226297412544613,0.5379111744846423,-0.02488750958067659,1.855010960318262,-0.013089702297776347,0.35501096031826207,0,0,FOLLOWING,1.855010960318262,0.5499311169340193,0
14.208,3.844107450347246,0.3965941237710718,0.06653639516960326,5.6968000000000005,0.4957599413384615,0.5388810793627975,-0.02714010999942751,0.5384103506810033,-0.024811096043226157,1.8553445887254028,-0.01306218095712728,0.35534458872540275,0,0,FOLLOWING,1.8553445887254028,0.5499445869017302,0
14.24,3.8613138969458367,0.39773749104959605,0.06574493746592529,5.7143999999999995,0.49550677306780966,0.539336695608186,-0.027052239269173172,0.538887062912556,-0.02473305451208971,1.855663476452242,-0.013033563294239069,0.35566347645224194,0,0,FOLLOWING,1.855663476452242,0.5499567331433923,0
14.272,3.8785357808630883,0.39886820755129176,0.0649560253353846,5.732,0.4952462982614631,0.5397719172531527,-0.0269628123336787,0.5393423802357751,-0.024653505337854372,1.855968304683499,-0.013003921121275588,0.35596830468349894,0,0,FOLLOWING,1.855968304683499,0.5499677324808141,0
14.304,3.895772439231938,0.3999862512662953,0.06416970335236202,5.7496,0.49497852076027443,0.5401877101376958,-0.02687195034937556,0.5397773182197835,-0.024572563214354897,1.8562597222174702,-0.012973322836454623,0.35625972221747015,0,0,FOLLOWING,1.8562597222174702,0.5499777396881798,0
14.336,3.9130232399220004,0.40109160458001625,0.06338601259450158,5.767200000000001,0.49470344451277876,0.5405849921750582,-0.02677976875633783,0.5401928418413579,-0.024490337414601895,1.8565383470828034,-0.012941833573037258,0.3565383470828034,0,0,FOLLOWING,1.8565383470828034,0.5499868902318589,0
14.368,3.930287580026031,0.4021842540123268,0.06260499080895622,5.7848,0.49442107357513543,0.5409646359141264,-0.0266863775089641,0.5405898682056803,-0.024406932016427747,1.8568047680681907,-0.012909515341938411,0.3568047680681907,0,0,FOLLOWING,1.8568047680681907,0.5499953026708304,0
14.4,3.9475648844270403,0.40326418997095087,0.06182667257172729,5.8024000000000004,0.4941314121110682,0.5413274709500036,-0.02659188129855631,0.5409692691046583,-0.024322446118318353,1.85705954617024,-0.012876427168274987,0.35705954617023994,0,0,FOLLOWING,1.85705954617024,0.5500030807595326,0
14.432,3.9648546044412902,0.4043314065182666,0.061051089440375815,5.819999999999999,0.49383446439180384,0.54167428619282,-0.02649637976803238,0.5413318734237192,-0.024236974046522492,1.8573032159643168,-0.012842625222124933,0.3573032159643168,0,0,FOLLOWING,1.8573032159643168,0.5500103152898264,0
14.464,3.9821562165327116,0.40538590115078404,0.06027827010038227,5.837600000000001,0.4935302347960094,0.542005832004247,-0.02639996771904348,0.5416784694072536,-0.024150605553555877,1.8575362869029424,-0.012808162943769297,0.35753628690294237,0,0,FOLLOWING,1.8575362869029424,0.5500170857043105,0
14.496,3.999469221094582,0.4064276745906018,0.05950824050539907,5.8552,0.49321872780972714,0.5423228222103175,-0.026302735311703258,0.5420098067920023,-0.02406342600904023,1.857759244545911,-0.012773091163651683,0.357759244545911,0,0,FOLLOWING,1.857759244545911,0.5500234615092258,0
14.528,4.016793141294575,0.4074567305881883,0.0587410240116401,5.872800000000001,0.492899948026309,0.5426259359986964,-0.026204768257153,0.5423265988170451,-0.02397551658292716,1.8579725517261443,-0.012737458217289381,0.3579725517261443,0,0,FOLLOWING,1.8579725517261443,0.5500295035117744,0
14.56,4.034127521979539,0.4084730757358696,0.05797664150663045,5.8904,0.4925739001463482,0.5429158197077651,-0.026106148003164503,0.54262952411847,-0.023886954421741945,1.858176649654909,-0.012701310055344972,0.35817664965490903,0,0,FOLLOWING,1.858176649654909,0.5500352649035745,0
14.592,4.051471928636622,0.40947671929144214,0.05721511153253024,5.908,0.4922405889776106,0.5431930885145214,-0.026006951912960753,0.5429192285160659,-0.02379781281813704,1.8583719589699081,-0.012664690349058323,0.35837195896990814,0,0,FOLLOWING,1.8583719589699081,0.5500407922093435,0
14.624,4.068825946407533,0.4104676730113616,0.05645645040424511,5.9256,0.4919000194349632,0.5434583280276474,-0.025907253437466894,0.543196326699005,-0.023708161373816154,1.8585588807294364,-0.012627640591234446,0.3585588807294364,0,0,FOLLOWING,1.8585588807294364,0.5500461261175045,0
14.656,4.086189179152988,0.41144595099298936,0.05570067232252008,5.943200000000001,0.4915521965403022,0.5437120957917654,-0.025807122281165502,0.5434614038168986,-0.023618066156299113,1.8587377973556638,-0.012590200192966694,0.3587377973556638,0,0,FOLLOWING,1.8587377973556638,0.5500513022073926,0
14.688,4.103561248564519,0.4124115695254084,0.05494778948220457,5.9608,0.4911971254224785,0.5439549227083752,-0.025706624561724765,0.5437150169821484,-0.02352758984982371,1.8589090735298577,-0.012552406576264281,0.3589090735298577,0,0,FOLLOWING,1.8589090735298577,0.5500563515858885,0
14.72,4.1209417933210535,0.4133645469483468,0.05419781217587795,5.978400000000001,0.49083481131722234,0.5441873143786663,-0.02560582296360793,0.5439576966891363,-0.02343679190033081,1.859073057042233,-0.01251429526275423,0.3590730570422329,0,0,FOLLOWING,1.859073057042233,0.5500613014447436,0
14.752,4.1383304682877835,0.41430490351877375,0.053450748893015355,5.9959999999999996,0.4904652595670661,0.5444097523729412,-0.025504776885821992,0.5441899481554187,-0.023345728654828733,1.8592300795988879,-0.01247589995861731,0.35923007959888786,0,0,FOLLOWING,1.8592300795988879,0.5500661755484505,0
14.784,4.155726943755035,0.4152326612847573,0.05270660641486056,6.013600000000001,0.4900884756212653,0.5446226954311869,-0.0254035425839848,0.544412252589643,-0.02325445349554954,1.8593804575882242,-0.012437252635905893,0.35938045758822423,0,0,FOLLOWING,1.8593804575882242,0.5500709946613054,0
14.816,4.173130904714963,0.4161478439661942,0.051965389905179724,6.0312,0.4897044650357184,0.544826580598856,-0.025302173306900027,0.5446250683907055,-0.02316301696867025,1.8595244928089876,-0.012398383610394898,0.3595244928089876,0,0,FOLLOWING,1.8595244928089876,0.5500757769212165,0
14.848,4.190542050174041,0.41705047684204655,0.05122710299705112,6.048800000000001,0.48931323347288513,0.5450218243018391,-0.02520071942778815,0.5448288322822522,-0.023071466908189255,1.8596624731620706,-0.012359321616102904,0.35966247316207056,0,0,FOLLOWING,1.8596624731620706,0.5500805381669096,0
14.88,4.207960092499426,0.4179405866437384,0.05049174787585355,6.0664,0.48891478670170235,0.5452088233641258,-0.02509922857037555,0.5450239603864108,-0.02297984855471861,1.859794673307946,-0.01232009387662443,0.359794673307946,0,0,FOLLOWING,1.859794673307946,0.5500852922243085,0
14.912,4.225384756797409,0.4188182014543836,0.04975932535859914,6.0840000000000005,0.4885091305974996,0.5453879559716304,-0.024997745729982097,0.5452108492403106,-0.022888204669715716,1.8599213552916318,-0.012280726173398468,0.35992135529163183,0,0,FOLLOWING,1.8599213552916318,0.5500900511572017,0
14.944,4.242815780322241,0.4196833506135371,0.04902983496975774,6.1016,0.48809627114191223,0.5455595825852426,-0.024896313389793947,0.5453898767588978,-0.022796575645130903,1.8600427691368493,-0.012241242911041313,0.3600427691368493,0,0,FOLLOWING,1.8600427691368493,0.5500948254866221,0
14.976,4.260252911913761,0.4205360646271767,0.04830327501371624,6.119200000000001,0.48767621442279313,0.5457240468061136,-0.02479497163247599,0.5455614031469614,-0.02270499960855809,1.8601591534110433,-0.012201667179866755,0.3601591534110433,0,0,FOLLOWING,1.8601591534110433,0.5500996243828598,0
15.008000000000001,4.2776959114623025,0.4213763750826369,0.04757964264400465,6.1368,0.487248966634123,0.5458816761958699,-0.024693758247284987,0.5457257717635393,-0.022613512524276964,1.8602707357627524,-0.012162020815705298,0.36027073576275237,0,0,FOLLOWING,1.8602707357627524,0.5501044558335018,0
15.040000000000001,4.295144549399476,0.4222043145682365,0.04685893392942389,6.154400000000001,0.4868145340759191,0.5460327830543827,-0.024592708832845433,0.5458833099412574,-0.02252214829007228,1.860377733432808,-0.012122324457139315,0.360377733432808,0,0,FOLLOWING,1.860377733432808,0.5501093267905081,0
15.072000000000001,4.312598606213486,0.4230199165973486,0.046141143917198944,6.172,0.4863729231541424,0.5461776651574338,-0.024491856895737744,0.546034329763323,-0.02243093883019531,1.8604803537406718,-0.012082597600257407,0.3604803537406718,0,0,FOLLOWING,1.8604803537406718,0.5501142432989174,0
15.104000000000001,4.3300578719877265,0.42382321553668173,0.045426266693281515,6.1896,0.4859241403806027,0.5463166064566097,-0.02439123394505237,0.5461791288004257,-0.022339914184436618,1.8605787945472467,-0.012042858651034827,0.36057879454724673,0,0,FOLLOWING,1.8605787945472467,0.5501192106094954,0
15.136000000000001,4.34752214596146,0.42461424653854934,0.0447142954399161,6.2072,0.4854681923728633,0.5464498777434605,-0.024290869583050306,0.5463179908099887,-0.022249102593647707,1.8606732446953158,-0.012003124975435162,0.3606732446953158,0,0,FOLLOWING,1.8606732446953158,0.5501242332773061,0
15.168000000000001,4.364991236111469,0.4253930454769174,0.0440052224905884,6.224800000000001,0.48500508585414287,0.546577737279965,-0.024190791592082584,0.5464511863996228,-0.022158530581542168,1.8607638844287917,-0.011963412947334592,0.3607638844287917,0,0,FOLLOWING,1.8607638844287917,0.5501293152479881,0
15.200000000000001,4.3824649587536015,0.42615964888703234,0.04329903938245554,6.2424,0.4845348276532164,0.5467004313971184,-0.02409102601789412,0.5465789736570463,-0.022068223033391454,1.8608508857918267,-0.011923737994350952,0.36085088579182667,0,0,FOLLOWING,1.8608508857918267,0.5501344599332493,0
15.232000000000001,4.399943138163228,0.4269140939084406,0.04259573690637708,6.260000000000001,0.48405742470431484,0.5468181950634288,-0.023991597249469386,0.5467015987480882,-0.021978203270992636,1.8609344130088277,-0.011884114641679981,0.36093441300882767,0,0,FOLLOWING,1.8609344130088277,0.5501396702769429,0
15.264000000000001,4.417425606213653,0.4276564182312222,0.04189530515463007,6.2776,0.4835728840470223,0.5469312524248925,-0.02389252809552171,0.5468192964846615,-0.021888493125051922,1.8610146228462932,-0.011844556554005101,0.36101462284629315,0,0,FOLLOWING,1.8610146228462932,0.5501449488128795,0
15.296000000000001,4.434912202031584,0.42838666004526943,0.041197733566422146,6.295200000000001,0.4830812128261729,0.5470398173180833,-0.023793839857778092,0.5469322908642446,-0.021799113003989182,1.8610916649574478,-0.011805076575579776,0.3610916649574478,0,0,FOLLOWING,1.8610916649574478,0.5501502977154358,0
15.328000000000001,4.452402771668812,0.42910485799245096,0.040503010971281124,6.3128,0.4825824182917447,0.5471440937576953,-0.023695552401170755,0.5470407955825228,-0.021710081960298496,1.8611656822104616,-0.011765686768544703,0.36116568221046164,0,0,FOLLOWING,1.8611656822104616,0.550155718843827,0
15.36,4.469897167789302,0.4298110511215096,0.03981112563042261,6.330400000000001,0.48207650779875344,0.5472442764000116,-0.02359768422105546,0.5471450145205001,-0.021621417753738888,1.8612368110011452,-0.011726398449566737,0.36123681100114524,0,0,FOLLOWING,1.8612368110011452,0.5501612137808677,0
15.392,4.487395249370943,0.43050527884555045,0.039122065276173804,6.348,0.4815634888071437,0.5473405509834647,-0.023500252507583735,0.5472451422075543,-0.021533136912071663,1.861305181550811,-0.011687222224862796,0.36130518155081104,0,0,FOLLOWING,1.861305181550811,0.5501667838668751,0
15.424,4.504896881421215,0.4311875809019848,0.038435817149540114,6.3656,0.4810433688816791,0.547433094747605,-0.02340327320731994,0.5473413642616386,-0.021445254789103804,1.86137091819011,-0.011648168023682706,0.3613709181901099,0,0,FOLLOWING,1.86137091819011,0.5501724302293546,0
15.456,4.522401934706123,0.43185799731479857,0.037752368035991614,6.3831999999999995,0.4805161556918305,0.5475220768315141,-0.023306761082230742,0.5474338578078889,-0.021357785620315848,1.8614341396294631,-0.011609245130312536,0.36143413962946314,0,0,FOLLOWING,1.8614341396294631,0.550178153808969,0
15.488,4.539910285491721,0.4325165683590255,0.03707170429954918,6.400799999999999,0.4799818570116632,0.5476076586528159,-0.023210729766145816,0.5475227918766908,-0.021270742575994425,1.8614949592168066,-0.011570462214666693,0.36149495921680663,0,0,FOLLOWING,1.8614949592168066,0.550183955382269,0
15.52,4.557421815297643,0.43316333452730776,0.03639381191523912,6.4184,0.4794404807197221,0.5476899942682344,-0.023115191818784533,0.5476083277824118,-0.021184137812219842,1.86155348518322,-0.01153182736152405,0.36155348518322006,0,0,FOLLOWING,1.86155348518322,0.5501898355815862,0
15.552,4.574936410662038,0.4337983364984361,0.035718676499990124,6.436,0.4788920347989157,0.5477692307166826,-0.023020158777457472,0.5476906194836342,-0.021097982519542372,1.8616098208770584,-0.011493348098470631,0.3616098208770584,0,0,FOLLOWING,1.8616098208770584,0.5501957949124415,0
15.584,4.592453962917367,0.43442161510776284,0.035046283342036896,6.4536,0.4783365273363981,0.5478455083457745,-0.022925641206518955,0.5477698139259867,-0.021012286969649612,1.8616640649871388,-0.011455031422599897,0.36166406498713877,0,0,FOLLOWING,1.8616640649871388,0.5502018337687836,0
15.616,4.609974367976548,0.43503321131939315,0.034376617428900316,6.4712,0.4777739665234502,0.5479189611225989,-0.022831648744691003,0.5478460513683894,-0.0209270605598484,1.861716311755502,-0.01141688382603119,0.361716311755502,0,0,FOLLOWING,1.861716311755502,0.5502079524463229,0
15.648,4.627497526128939,0.43563316620005654,0.03370966347399963,6.4887999999999995,0.4772043606553586,0.5479897169295639,-0.022738190150309694,0.5479194656935975,-0.020842311855813696,1.8617666511802633,-0.011378911320288905,0.3617666511802633,0,0,FOLLOWING,1.8617666511802633,0.5502141511542051,0
15.68,4.645023341845698,0.4362215208945742,0.03304540594196051,6.506399999999999,0.4766277181312931,0.5480578978460622,-0.022645273344610653,0.5479901847037972,-0.020758048632344712,1.8618151692090192,-0.011341119459597263,0.36181516920901924,0,0,FOLLOWING,1.8618151692090192,0.5502204300252256,0
15.712,4.662551723594067,0.43679831660283547,0.03238382907267593,6.524,0.47604404745418333,0.5481236204166923,-0.022552905453110443,0.5480583304020656,-0.0206742779123379,1.8618619479232812,-0.011303513363136484,0.3618619479232812,0,0,FOLLOWING,1.8618619479232812,0.550226789124774,0
15.744,4.680082583660169,0.43736359455820434,0.03172491690417465,6.5416,0.475453357230593,0.5481869959066668,-0.02246109284518304,0.5481240192603908,-0.020591006004049346,1.8619070657143335,-0.01126609773630546,0.3619070657143335,0,0,FOLLOWING,1.8619070657143335,0.5502332284586605,0
15.776,4.697615837979893,0.43791739600728186,0.031068653294343926,6.5592,0.47485565617059333,0.5482481305451039,-0.02236984117188337,0.5481873624748909,-0.020508238536900036,1.861950597450962,-0.011228876891029102,0.36195059745096203,0,0,FOLLOWING,1.861950597450962,0.5502397479799693,0
15.808,4.715151405977507,0.43845976219095084,0.030415021941569864,6.5767999999999995,0.47425095308763404,0.5483071257567631,-0.022279155402117508,0.5482484662089017,-0.020425980495300273,1.861992614639415,-0.011191854765163801,0.361992614639415,0,0,FOLLOWING,1.861992614639415,0.5502463475950576,0
15.84,4.732689210411615,0.43899073432663654,0.029764006404327484,6.5944,0.473639256898414,0.5483640783828204,-0.022189039857198545,0.5483074318245763,-0.020344236251471394,1.8620331855759757,-0.011155034941024627,0.36203318557597575,0,0,FOLLOWING,1.8620331855759757,0.5502530271688106,0
15.872,4.750229177228131,0.439510353591717,0.029115590119781192,6.612,0.4730205766227496,0.5484190808912065,-0.02209949824388582,0.5483643561034646,-0.02026300959636858,1.8620723754924866,-0.01111842066308634,0.3620723754924866,0,0,FOLLOWING,1.8620723754924866,0.5502597865292366,0
15.904,4.7677712354199215,0.4400186611080251,0.02846975642142891,6.6296,0.4723949213834413,0.5484722215770568,-0.022010533685945473,0.5484193314567284,-0.0201823037695688,1.8621102466951849,-0.011082014854885247,0.3621102466951849,0,0,FOLLOWING,1.8621102466951849,0.5502666254714981,0
15.936,4.785315316892829,0.4405156979273807,0.027826488555839853,6.6472,0.4717623004061398,0.5485235847537037,-0.02192214875431257,0.5484724461254378,-0.020102121487593085,1.8621468586971208,-0.011045820135160915,0.3621468586971208,0,0,FOLLOWING,1.8621468586971208,0.5502735437614386,0
15.968,4.802861356337747,0.44100150501810037,0.027185769698520032,6.6648,0.47112272301920943,0.5485732509347306,-0.02183434549589987,0.5485237843714076,-0.020022464971165627,1.8621822683445086,-0.01100983883326799,0.3621822683445086,0,0,FOLLOWING,1.8621822683445086,0.5502805411386723,0
16.0,4.820409291108492,0.4414761232524321,0.026547582968952994,6.6823999999999995,0.470476198653591,0.5486212970074831,-0.021747125461128215,0.5485734266591642,-0.019943335970987897,1.8622165299372606,-0.010974073003896037,0.3622165299372606,0,0,FOLLOWING,1.8622165299372606,0.5502876173192928,0
16.032,4.8379590611051855,0.44193959339486444,0.025911911444842187,6.7,0.46982273684266246,0.548667796398477,-0.02166048973020571,0.5486214498292872,-0.019864735792685766,1.862249695343998,-0.010938524441118307,0.362249695343998,0,0,FOLLOWING,1.862249695343998,0.5502947719982442,0
16.064,4.855510608662901,0.44239195609126536,0.025278738175600945,6.7176,0.46916234722209843,0.5487128192310736,-0.021574438938244674,0.548667927263742,-0.019786665320325376,1.8622818141117807,-0.010903194691808558,0.36228181411178073,0,0,FOLLOWING,1.8622818141117807,0.5503020048513985,0
16.096,4.873063878445323,0.4428332518588033,0.024648046195115753,6.7352,0.4684950395297281,0.5487564324758216,-0.021488973299227217,0.5487129290434171,-0.01970912503911943,1.8623129335708224,-0.010868085068445143,0.3623129335708224,0,0,FOLLOWING,1.8623129335708224,0.5503093155373798,0
16.128,4.890618817343194,0.4432635210766117,0.02401981853382333,6.7528,0.46782082360539173,0.5487987000937893,-0.021404092628907044,0.5487565220983913,-0.019632115056871298,1.8623430989344014,-0.010833196661337637,0.3623430989344014,0,0,FOLLOWING,1.8623430989344014,0.5503167036991643,0
16.16,4.908175374377318,0.4436828039771536,0.02339403823012465,6.7704,0.4671397093907954,0.5488396831732579,-0.021319796366654684,0.5487987703511393,-0.01955563512469721,1.8623723533942194,-0.01079853035029241,0.36237235339421936,0,0,FOLLOWING,1.8623723533942194,0.5503241689654813,0
16.192,4.925733500605925,0.4440911406382512,0.022770688341171914,6.788,0.4664517069293646,0.5488794400600535,-0.021236083596322786,0.5488397348531567,-0.019479684656620356,1.862400738211388,-0.010764086815748823,0.3624007382113881,0,0,FOLLOWING,1.862400738211388,0.5503317109520408,0
16.224,4.9432931490361804,0.4444885709757422,0.022149751953053833,6.8056,0.46575682636609594,0.5489180264818617,-0.021152953066154133,0.5488794739151917,-0.019404262748373043,1.8624282928032767,-0.010729866549405057,0.3624282928032767,0,0,FOLLOWING,1.8624282928032767,0.5503393292626179,0
16.256,4.960854274539661,0.4448751347367298,0.02153121219041232,6.8232,0.46505507794740764,0.5489554956667853,-0.021070403207795175,0.5489180432314688,-0.019329368195167066,1.8624550548263932,-0.010695869864362594,0.3624550548263932,0,0,FOLLOWING,1.8624550548263932,0.550347023489999,0
16.288,4.978416833771603,0.4452508714933942,0.0209150522255056,6.8408,0.46434647202098844,0.5489918984564282,-0.020988432154416654,0.5489554959981982,-0.019254999508991136,1.8624810602554909,-0.010662096904798938,0.3624810602554909,0,0,FOLLOWING,1.8624810602554909,0.5503547932168183,0
16.32,4.99598078509377,0.44561582063733407,0.020301255286754038,6.8584,0.4636310190356451,0.5490272834137577,-0.020907037758023408,0.5489918830265416,-0.019181154934776914,1.862506343459068,-0.010628547655200653,0.36250634345906807,0,0,FOLLOWING,1.862506343459068,0.5503626380162888,0
16.352,5.013546088500741,0.44597002137440944,0.019689804666787894,6.876,0.46290872954114815,0.5490616969260148,-0.020826217605955735,0.5490272528504444,-0.01910783246596405,1.8625309372714456,-0.010595221949171545,0.3625309372714456,0,0,FOLLOWING,1.8625309372714456,0.5503705574528485,0
16.384,5.031112705549505,0.4463135127200576,0.019080683730018283,6.8936,0.4621796141880765,0.5490951833028641,-0.020745969036632853,0.5490616518294562,-0.01903502985939978,1.8625548730615475,-0.010562119477832504,0.36255487306154754,0,0,FOLLOWING,1.8625548730615475,0.5503785510827274,0
16.416,5.048680599292175,0.44664633349505667,0.018473875919758527,6.9112,0.4614436837276603,0.5491277848700613,-0.02066628915457021,0.5490951242468161,-0.018962744649388494,1.8625781807985784,-0.010529239797837023,0.3625781807985784,0,0,FOLLOWING,1.8625781807985784,0.5503866184544504,0
16.448,5.066249734211693,0.44696852232171164,0.01786936476491122,6.9288,0.46070094901162245,0.549159542058803,-0.02058717484470011,0.5491277124030732,-0.018890974161264028,1.862600889114704,-0.010496582339013346,0.3626008891147039,0,0,FOLLOWING,1.862600889114704,0.5503947591092805,0
16.48,5.083820076160401,0.4472801176204392,0.017267133886244065,6.946400000000001,0.4599514209920184,0.5491904934909847,-0.020508622786020406,0.5491594567053631,-0.01881971552424087,1.862623025364892,-0.010464146411653014,0.3626230253648921,0,0,FOLLOWING,1.862623025364892,0.5504029725816081,0
16.512,5.101391592301321,0.44758115760672806,0.016667167002274025,6.964,0.459195110721075,0.5492206760605549,-0.02043062946461226,0.5491903957526274,-0.01874896568365303,1.8626446156840417,-0.010431931213460912,0.3626446156840417,0,0,FOLLOWING,1.8626446156840417,0.5504112583992968,0
16.544,5.118964251052057,0.44787168028845614,0.016069447934775893,6.9816,0.45843202935102734,0.5492501250111433,-0.020353191186046025,0.5492205664168989,-0.01867872141269233,1.862665685041518,-0.010399935836181205,0.36266568504151797,0,0,FOLLOWING,1.862665685041518,0.5504196160839907,0
16.576,5.136538022031156,0.4481517234635408,0.015473960613937862,6.9992,0.45766218813395415,0.5492788740101514,-0.020276304087208413,0.5492500039208914,-0.01860897932343785,1.8626862572932277,-0.010368159271917,0.3626862572932277,0,0,FOLLOWING,1.8626862572932277,0.5504280451513872,0
16.608,5.154112876006859,0.4484213247179068,0.014880689083175006,7.0168,0.4568855984216122,0.5493069552194471,-0.020199964147572108,0.5492787419120463,-0.018539735877549524,1.8627063552313263,-0.01033660041915255,0.3627063552313263,0,0,FOLLOWING,1.8627063552313263,0.5504365451114782,0
16.64,5.171688784848107,0.4486805214237506,0.014289617503616141,7.0344,0.4561022716652686,0.5493343993628333,-0.020124167199922778,0.5493068125331692,-0.018470987396470327,1.8627260006316786,-0.010305258088490074,0.3627260006316786,0,0,FOLLOWING,1.8627260006316786,0.5504451154687666,0
16.672,5.1892657214777085,0.44892935073808604,0.013700730158288635,7.0520000000000005,0.4553122194155323,0.5493612357904647,-0.02004890894059584,0.5493342464898684,-0.018402730070870427,1.8627452142991852,-0.01027413100812315,0.36274521429918516,0,0,FOLLOWING,1.8627452142991852,0.5504537557224597,0
16.704,5.206843659827575,0.44916784960155437,0.013114011456004179,7.0696,0.45451545332218324,0.5493874925402888,-0.01997418493920951,0.5493610731149247,-0.018334959969987557,1.8627640161110375,-0.010243217829047335,0.3627640161110375,0,0,FOLLOWING,1.8627640161110375,0.5504624653666408,0
16.736,5.224422574795922,0.44939605473748306,0.012529445934967827,7.0872,0.45371198513400135,0.5494131963967341,-0.019899990647941915,0.5493873204296943,-0.018267673050278096,1.8627824250580431,-0.010212517130027165,0.36278242505804315,0,0,FOLLOWING,1.8627824250580431,0.5504712438904248,0
16.768,5.242002442206348,0.44961400265117846,0.011947018266120253,7.1048,0.4529018266985924,0.5494383729467083,-0.019826321410364913,0.5494130152027612,-0.018200865163752654,1.862800459284075,-0.010182027422327777,0.362800459284075,0,0,FOLLOWING,1.862800459284075,0.550480090778099,0
16.8,5.259583238768724,0.4498217296294391,0.011366713256226612,7.122400000000001,0.4520849899622139,0.5494630466330538,-0.01975317246984905,0.5494381830059131,-0.01813453206589493,1.862818136123738,-0.010151747154221473,0.3628181361237379,0,0,FOLLOWING,1.862818136123738,0.5504890055092512,0
16.832,5.277164942041785,0.450019271740277,0.010788515850722298,7.140000000000001,0.45126148696959906,0.5494872408055739,-0.019680538977561095,0.5494628482675376,-0.01806866942325878,1.8628354721383378,-0.010121674715278256,0.3628354721383378,0,0,FOLLOWING,1.8628354721383378,0.5504979875588802,0
16.864,5.294747530397369,0.4502066648328316,0.01021241113633088,7.1576,0.45043132986377854,0.5495109777697585,-0.019608416000078874,0.549487034323648,-0.018003272820587394,1.862852483150236,-0.010091808440452555,0.362852483150236,0,0,FOLLOWING,1.862852483150236,0.5505070363975062,0
16.896,5.312330982986213,0.4503839445374689,0.00963838434346589,7.1752,0.4495945308859018,0.5495342788332903,-0.019536798526634692,0.5495107634665377,-0.017938337767568115,1.8628691842756508,-0.010062146613976832,0.36286918427565085,0,0,FOLLOWING,1.8628691842756508,0.5505161514912623,0
16.928,5.329915279705256,0.45055114626605075,0.0090664208484176,7.1928,0.4487511023750569,0.5495571643504416,-0.019465681475997306,0.5495340569913023,-0.01787385970555176,1.862885589955979,-0.010032687473060188,0.3628855899559791,0,0,FOLLOWING,1.862885589955979,0.5505253323019855,0
16.96,5.347500401166359,0.45070830521236566,0.008496506175351753,7.2104,0.4479010567680879,0.5495796537644754,-0.019395059703027687,0.5495569352401845,-0.01780983401342877,1.8629017139877155,-0.01000342921141832,0.36290171398771554,0,0,FOLLOWING,1.8629017139877155,0.5505345782872975,0
16.992,5.365086328666396,0.4508554563527104,0.007928625998113243,7.228000000000001,0.4470444065994118,0.549601765648112,-0.01932492800490218,0.5495794176449494,-0.017746256013723982,1.8629175695510178,-0.009974369982625172,0.36291756955101784,0,0,FOLLOWING,1.8629175695510178,0.5505438889006803,0
17.024,5.382673044158642,0.45099263444661336,0.007362766141854784,7.2456000000000005,0.446181164500834,0.5496235177421809,-0.019255281127030344,0.5496015227673386,-0.0176831209780672,1.8629331692369941,-0.009945507903305083,0.36293316923699415,0,0,FOLLOWING,1.8629331692369941,0.5505532635915455,0
17.056,5.400260530225414,0.45111987403768977,0.006798912584492216,7.2632,0.4453113432013614,0.5496449269925178,-0.019186113768672384,0.5496232683376894,-0.017620424132609565,1.8629485250737587,-0.009916841056165804,0.36294852507375874,0,0,FOLLOWING,1.8629485250737587,0.5505627018053016,0
17.088,5.417848770051894,0.4512372094546208,0.006237051458002813,7.2808,0.4444349555270154,0.5496660095852044,-0.019117420588282624,0.5496446712918088,-0.017558160662929947,1.8629636485513235,-0.009888367492886295,0.36296364855132346,0,0,FOLLOWING,1.8629636485513235,0.5505722029834168,0
17.12,5.435437747401093,0.4513446748122487,0.005677169049570906,7.298400000000001,0.443552014400642,0.5496867809802041,-0.019049196208583377,0.5496657478061974,-0.01749632571880681,1.86297855064536,-0.00986008523686387,0.36297855064536,0,0,FOLLOWING,1.86297855064536,0.5505817665634779,0
17.152,5.453027446589897,0.4514423040127792,0.005119251802582042,7.316000000000001,0.44266253284172186,0.5497072559435009,-0.01898143522137256,0.5496865133316589,-0.017434914418950908,1.86299324183991,-0.009831992285818538,0.36299324183991,0,0,FOLLOWING,1.86299324183991,0.5505913919792429,0
17.184,5.470617852458023,0.4515301715606291,0.004563477331522296,7.333600000000001,0.4417665239661783,0.5497274502553967,-0.018914638893603453,0.5497069882262554,-0.017367952667897833,1.863007732371089,-0.00980429953532785,0.36300773237108896,0,0,FOLLOWING,1.863007732371089,0.5506010786606996,0
17.216,5.488208950409733,0.45160826884969724,0.004009608374947095,7.3512,0.44086400098618356,0.5497473754921421,-0.01884821489330789,0.5497271757811806,-0.017308405335596973,1.8630220315780937,-0.009776758328474567,0.36302203157809365,0,0,FOLLOWING,1.8630220315780937,0.5506108260341119,0
17.248,5.505800726285962,0.45167662865375224,0.003457637534899325,7.3688,0.4399549772099639,0.5497670445477281,-0.018782170639102112,0.5497470945235456,-0.017249089189246537,1.8630361485949767,-0.009749372018088898,0.3630361485949767,0,0,FOLLOWING,1.8630361485949767,0.5506206335220734,0
17.28,5.523393166398937,0.4517352843816403,0.002907556695900545,7.3864,0.43903946604160415,0.5497864697364415,-0.01871651252540119,0.5497667575107018,-0.017190026651713826,1.8630500921466344,-0.009722143516053074,0.3630500921466344,0,0,FOLLOWING,1.8630500921466344,0.5506305005435523,0
17.312,5.5409862575099895,0.4517842691872809,0.002359357016615003,7.404000000000001,0.438117480980849,0.5498056628132899,-0.018651244766441977,0.5497861770078843,-0.017131240406036256,1.8630638705655043,-0.009695074807997948,0.36306387056550427,0,0,FOLLOWING,1.8630638705655043,0.5506404265139392,0
17.344,5.558579986810569,0.45182361596025494,0.0018130290995344803,7.421600000000001,0.4371890356229047,0.549824634999891,-0.018586369788716875,0.549805364711204,-0.017072747832591353,1.863077491809184,-0.009668167118661565,0.3630774918091839,0,0,FOLLOWING,1.863077491809184,0.5506504108450898,0
17.376,5.576174341904696,0.4518533573416278,0.0012685631257780634,7.4392000000000005,0.43625414365823834,0.5498433970085023,-0.01852188857262011,0.5498243317936786,-0.017014562099265683,1.8630909634768196,-0.009641421055876993,0.3630909634768196,0,0,FOLLOWING,1.8630909634768196,0.5506604529453711,0
17.408,5.593769310792233,0.4518735257364352,0.0007259489624674491,7.4568,0.43531281887237594,0.5498619590647391,-0.018457800924550898,0.5498430889291605,-0.016956693018469627,1.8631042928246948,-0.009614836725314317,0.3631042928246948,0,0,FOLLOWING,1.8631042928246948,0.5506705522197043,0
17.44,5.611364881852864,0.4518841533230886,0.00018517624894681252,7.474400000000001,0.43436507514569905,0.5498803309292067,-0.018394105694707404,0.5498616463132762,-0.0168991477082441,1.8631174867811486,-0.00958841382238412,0.36311748678114864,0,0,FOLLOWING,1.8631174867811486,0.550680708069608,0
17.472,5.628961043830737,0.45188527206066437,-0.00035376553342845524,7.492000000000001,0.43341092645324064,0.5498985219180921,-0.018330800953048117,0.549880013683328,-0.016841931105733284,1.8631305519608345,-0.009562151706546371,0.36313055196083455,0,0,FOLLOWING,1.8631305519608345,0.550690919893238,0
17.504,5.646557785819751,0.45187691369479943,-0.0008908870044129883,7.509600000000001,0.4324503868644782,0.5499165409228112,-0.018267884132728323,0.5498982003373959,-0.016785046370621098,1.8631434946783718,-0.009536049461936303,0.3631434946783718,0,0,FOLLOWING,1.8631434946783718,0.55070118708543,0
17.536,5.6641550972494406,0.45185910976270094,-0.0014261988382605598,7.527200000000001,0.43148347054312697,0.5499343964287595,-0.018205352147947964,0.5499162151527787,-0.01672849520600199,1.8631563209614082,-0.009510105947221162,0.36315632096140815,0,0,FOLLOWING,1.8631563209614082,0.5507115090377412,0
17.568,5.68175296787145,0.4518318915976062,-0.0019597117253963648,7.5448,0.4305101917469308,0.5499520965332041,-0.01814320149136369,0.5499340666037105,-0.016672278117229877,1.863169036563114,-0.00948431983685645,0.36316903656311394,0,0,FOLLOWING,1.863169036563114,0.5507218851384884,0
17.6,5.6993513877465745,0.451795290332904,-0.002491436340859084,7.5624,0.4295305648274516,0.5499696489623672,-0.018081428314941504,0.549951762778501,-0.01661639462347373,1.8631816469741345,-0.009458689655368502,0.36318164697413446,0,0,FOLLOWING,1.8631816469741345,0.5507323147727894,0
17.632,5.716950347232331,0.4517493369060424,-0.0030213833183399433,7.580000000000001,0.42854460422985863,0.549987061087753,-0.01802002849719485,0.5499693113959836,-0.016560843432623224,1.8631941574340314,-0.009433213805904214,0.3631941574340314,0,0,FOLLOWING,1.8631941574340314,0.5507427973226052,0
17.664,5.734549836971071,0.4516940620622867,-0.003549563228893257,7.597600000000001,0.4275523244927145,0.5500043399416963,-0.017958997699107866,0.5499867198213934,-0.016505622587273148,1.8632065729421956,-0.009407890594010442,0.3632065729421956,0,0,FOLLOWING,1.8632065729421956,0.5507533321667752,0
17.696,5.752149847878571,0.45162949635835525,-0.004075986563559968,7.615200000000001,0.42655374024776127,0.5500214922322622,-0.01789833141056343,0.5500039950816028,-0.0164507295870039,1.8632188982683167,-0.009382718247415689,0.36321889826831666,0,0,FOLLOWING,1.8632188982683167,0.5507639186810603,0
17.728,5.769750371133124,0.45155567016594145,-0.004600663719285803,7.6328000000000005,0.4255488662197048,0.5500385243574217,-0.017838024988786692,0.5500211438797569,-0.01639616149133861,1.8632311379623578,-0.009357694932438633,0.36323113796235784,0,0,FOLLOWING,1.8632311379623578,0.5507745562381814,0
17.76,5.787351398165081,0.4514726136751176,-0.005123604987605847,7.650400000000001,0.42453771722599726,0.5500554424186123,-0.017778073690031114,0.5500381726093346,-0.01634191500619331,1.8632432963641055,-0.009332818767551113,0.36324329636410546,0,0,FOLLOWING,1.8632432963641055,0.5507852442078599,0
17.792,5.804952920652665,0.451380397712289,-0.0056450115644496104,7.668000000000001,0.42352030817661884,0.5500722519488767,-0.01771807018207304,0.5500550803208175,-0.016293955895894,1.863255378216731,-0.009307918718371076,0.36325537821673093,0,0,FOLLOWING,1.863255378216731,0.5507959819568543,0
17.824,5.822554930460377,0.4512790027817033,-0.006164672366058702,7.685600000000001,0.4224966540738582,0.5500889588667143,-0.01765847291201439,0.550071886790507,-0.016239400416085813,1.8632673868055116,-0.009283187504242963,0.3632673868055116,0,0,FOLLOWING,1.8632673868055116,0.550806768849002,0
17.856,5.840157419722809,0.4511684592490799,-0.006682602439873114,7.703200000000001,0.4214667700120906,0.5501055684171176,-0.017599265685843888,0.5500885909783065,-0.016185315168556726,1.8632793258847227,-0.00925861841718452,0.36327932588472267,0,0,FOLLOWING,1.8632793258847227,0.550817604245258,0
17.888,5.857760380784109,0.45104879809381876,-0.007198815914640067,7.7208000000000006,0.4204306711775559,0.5501220856317786,-0.017540435159959164,0.5501051978077467,-0.016131671444488287,1.8632911990518162,-0.009234205942900729,0.36329119905181617,0,0,FOLLOWING,1.8632911990518162,0.5508284875037338,0
17.92,5.875363806194137,0.4509200498628201,-0.007713326002474294,7.7384,0.4193883728481342,0.5501385153073859,-0.017481969501880735,0.5501217122947095,-0.016078440599110257,1.8633030097345937,-0.009209945197694372,0.36330300973459373,0,0,FOLLOWING,1.8633030097345937,0.5508394179797376,0
17.952,5.892967688700911,0.4507822446928355,-0.008226145141286837,7.756000000000001,0.41833989039312075,0.5501548620138382,-0.017423858080289754,0.5501381392459679,-0.016025598438544307,1.8633147611976184,-0.00918583179838434,0.3633147611976184,0,0,FOLLOWING,1.8633147611976184,0.5508503950258142,0
17.984,5.910572021242786,0.450635412360657,-0.008737285108566788,7.773600000000001,0.41728523927299976,0.550171130103912,-0.01736609125869452,0.5501544832420149,-0.015973124324593056,1.8633264565494607,-0.009161861775792004,0.3633264565494607,0,0,FOLLOWING,1.8633264565494607,0.5508614179917826,0
18.016000000000002,5.928176796940933,0.450479582325898,-0.00924675711367364,7.791200000000001,0.41622443503921547,0.5501873237226742,-0.017308660230768703,0.550170748644021,-0.015921000503198043,1.8633380987496873,-0.00913803150573006,0.36333809874968725,0,0,FOLLOWING,1.8633380987496873,0.5508724862247768,0
18.048000000000002,5.945782009092154,0.45031478376634654,-0.009754571873456023,7.808800000000001,0.4151574933339435,0.5502034468164754,-0.017251556885874212,0.550186939603227,-0.01586921158338766,1.863349690615494,-0.009114337652667542,0.36334969061549405,0,0,FOLLOWING,1.863349690615494,0.5508835990692871,0
18.080000000000002,5.963387651162022,0.45014104560698076,-0.010260739674723195,7.826400000000001,0.41408442988986033,0.550219503141544,-0.017194773697782315,0.5502030600702167,-0.015817744126425438,1.8633612348280129,-0.009090777123131336,0.36336123482801286,0,0,FOLLOWING,1.8633612348280129,0.5508947558671973,0
18.112000000000002,5.980993716778347,0.4499583965436572,-0.010765270426167844,7.844000000000001,0.4130052605299107,0.5502354962721476,-0.017138303631688088,0.5502191138039519,-0.015766586316164115,1.8633727339382784,-0.009067347026789276,0.3633727339382784,0,0,FOLLOWING,1.8633727339382784,0.5509059559578235,0
18.144000000000002,5.998600199724907,0.4497668650623684,-0.01126817370169607,7.861600000000001,0.4119200011670747,0.5502514296084094,-0.017082140066014162,0.5502351043802983,-0.0157157276905186,1.8633841903729214,-0.009044044643738971,0.36338419037292136,0,0,FOLLOWING,1.8633841903729214,0.5509171986779583,0
18.176000000000002,6.016207093935472,0.4495664794548612,-0.011769458776637348,7.879200000000001,0.41082866780413335,0.5502673063837256,-0.01702627672651463,0.5502510352001752,-0.015665158918966603,1.8633956064395572,-0.009020867396956372,0.36339560643955715,0,0,FOLLOWING,1.8633956064395572,0.5509284833619073,0
18.208000000000002,6.033814393488064,0.44935726783130264,-0.012269134658003361,7.896800000000001,0.409731276533432,0.550283129671856,-0.016970707630764064,0.5502669094972623,-0.015614871616574056,1.863406984331922,-0.008997812829103825,0.3634069843319221,0,0,FOLLOWING,1.863406984331922,0.5509398093415316,0
18.240000000000002,6.051422092599461,0.4491392581305806,-0.012767210109724468,7.9144000000000005,0.4086278435366434,0.5502989023936942,-0.016915427041580087,0.5502827303452844,-0.015564858187047531,1.8634183261347663,-0.008974878583084196,0.3634183261347663,0,0,FOLLOWING,1.8634183261347663,0.5509511759462871,0
18.272000000000002,6.069030185619935,0.4489124781287365,-0.0132636936736289,7.932000000000001,0.40751838508452926,0.5503146273237235,-0.016860429428188835,0.5502985006649117,-0.015515111689693436,1.8634296338285088,-0.008952062385843246,0.3634296338285088,0,0,FOLLOWING,1.8634296338285088,0.5509625825032641,0
18.304000000000002,6.086638667028187,0.44867695544594055,-0.013758593686836846,7.949600000000001,0.40640291753669994,0.550330307096197,-0.016805709434063232,0.5503142232303088,-0.015465625727383839,1.8634409092936834,-0.008929362034969282,0.36344090929368345,0,0,FOLLOWING,1.8634409092936834,0.5509740283372272,0
18.336000000000002,6.104247531426503,0.4484327175523425,-0.014251918296111436,7.967200000000001,0.40528145734137366,0.5503459442110403,-0.016751261850560282,0.5503299006753762,-0.015416394351459459,1.8634521543151799,-0.008906775387726582,0.36345215431517985,0,0,FOLLOWING,1.8634521543151799,0.5509855127706579,0
18.368000000000002,6.121856773536082,0.44817979177306727,-0.014743675469677241,7.984800000000001,0.4041540210351335,0.5503615410395165,-0.01669708159549958,0.5503455354996365,-0.015367411982588872,1.8634633705863033,-0.008884300352157192,0.3634633705863033,0,0,FOLLOWING,1.8634633705863033,0.5509970351237946,0
18.400000000000002,6.139466388192577,0.4479182052925627,-0.015233873006927405,8.002400000000002,0.40302062524268356,0.5503770998296179,-0.016643163695932255,0.5503611300739448,-0.015318673344788937,1.8634745597126328,-0.008861934879941448,0.36347455971263276,0,0,FOLLOWING,1.8634745597126328,0.5510085947146734,0
18.432000000000002,6.157076370341792,0.447647985158462,-0.015722518546389907,8.020000000000001,0.4018812866766047,0.5503926227112512,-0.016589503274433426,0.5503766866458489,-0.015270173411022422,1.8634857232157287,-0.008839676960733737,0.3634857232157287,0,0,FOLLOWING,1.8634857232157287,0.5510201908591681,0
18.464,6.174686715035563,0.4473691582850816,-0.01620961957227991,8.037600000000001,0.4007360221371069,0.5504081117011872,-0.01653609553829997,0.55039220734476,-0.015221907359012509,1.8634968625366641,-0.008817524617713249,0.36349686253666413,0,0,FOLLOWING,1.8634968625366641,0.5510318228710329,0
18.496,6.192297417427793,0.4470817514566464,-0.016695183419914286,8.0552,0.39958484851178216,0.5504235687078078,-0.016482935771095657,0.550407694186921,-0.01517387053568769,1.8635079790394111,-0.008795475904120869,0.3635079790394111,0,0,FOLLOWING,1.8635079790394111,0.5510434900619392,0
18.528,6.20990847277066,0.4467857913303059,-0.017179217280213523,8.072799999999999,0.39842778277535545,0.5504389955356428,-0.01643001932611416,0.5504231490801282,-0.015126058428658922,1.8635190740140706,-0.0087735289005934,0.3635190740140706,0,0,FOLLOWING,1.8635190740140706,0.5510551917415227,0
18.56,6.227519876410962,0.44648130443899076,-0.017661728203491673,8.090399999999999,0.3972648419894343,0.5504543938897054,-0.01637734162132334,0.550438573828262,-0.015078466643975412,1.8635301486799605,-0.008751681713120366,0.3635301486799605,0,0,FOLLOWING,1.8635301486799605,0.5510669272174231,0
18.592,6.245131623786613,0.44616831719414135,-0.018142723102684433,8.107999999999999,0.3960960433022571,0.5504697653796525,-0.01632489813548609,0.5504539701356401,-0.015031090888562828,1.8635412041885737,-0.008729932471490377,0.3635412041885737,0,0,FOLLOWING,1.8635412041885737,0.551078695795323,0
18.624,6.262743710423285,0.44584685588833267,-0.018622208756150383,8.125599999999999,0.39492140394844105,0.550485111523761,-0.016272684405168925,0.5504693396111743,-0.014983926956885099,1.8635522416264059,-0.00870827932810547,0.36355224162640587,0,0,FOLLOWING,1.8635522416264059,0.5510904967789898,0
18.656,6.280356131931172,0.4455169466978125,-0.019100191810138185,8.1432,0.39374094124872644,0.5505004337527308,-0.016220696022428607,0.5504846837723483,-0.014936970720507276,1.863563262017659,-0.008686720457080847,0.363563262017659,0,0,FOLLOWING,1.863563262017659,0.5511023294703213,0
18.688,6.297968884001895,0.4451786156849637,-0.01957667878100484,8.160799999999998,0.3925546726097231,0.550515733413308,-0.016168928633001026,0.5505000040490563,-0.014890218120314304,1.8635742663268147,-0.0086652540535487,0.36357426632681467,0,0,FOLLOWING,1.8635742663268147,0.551114193169378,0
18.72,6.315581962405517,0.44483188880069985,-0.020051676057242826,8.1784,0.39136261552365215,0.5505310117718013,-0.016117377934855053,0.5505153017871953,-0.01484366516053856,1.863585255461133,-0.008643878333115968,0.36358525546113296,0,0,FOLLOWING,1.863585255461133,0.5511260871744409,0
18.752,6.333195362987691,0.44447679188680045,-0.020525189901359334,8.196,0.3901647875680888,0.5505462700173641,-0.016066039677027653,0.5505305782522338,-0.014797307904140621,1.8635962302729832,-0.008622591531434794,0.36359623027298316,0,0,FOLLOWING,1.8635962302729832,0.5511380107820344,0
18.784,6.350809081666906,0.4441133506781924,-0.020997226451644598,8.2136,0.38896120640570364,0.5505615092652191,-0.016014909658651415,0.5505458346324602,-0.014751142469339009,1.8636071915621337,-0.008601391903852104,0.3636071915621337,0,0,FOLLOWING,1.8636071915621337,0.5511499632869833,0
18.816,6.368423114431853,0.4437415908051801,-0.02146779172385798,8.2312,0.387751889784001,0.5505767305596785,-0.015963983728114153,0.550561072042254,-0.014705165027044234,1.863618140077898,-0.008580277725113205,0.36361814007789794,0,0,FOLLOWING,1.863618140077898,0.551161943982448,0
18.848,6.386037457338886,0.4433615377956305,-0.02193689161284219,8.2488,0.38653685553505807,0.5505919348770749,-0.015913257782335717,0.5505762915250764,-0.01465937179860948,1.8636290765212136,-0.00855924728910976,0.36362907652121357,0,0,FOLLOWING,1.8636290765212136,0.5511739521599667,0
18.88,6.403652106509586,0.44297321707711534,-0.022404531894081234,8.266399999999999,0.38531612157526207,0.5506071231285431,-0.015862727766118252,0.550591494056442,-0.014613759054076296,1.8636400015466186,-0.0085382989086599,0.3636400015466186,0,0,FOLLOWING,1.8636400015466186,0.5511859871095014,0
18.912,6.421267058128424,0.44257665397901513,-0.02287071822521736,8.283999999999999,0.38408970590504554,0.5506222961626862,-0.015812389671555255,0.5506066805466816,-0.014568323110887581,1.8636509157641457,-0.008517430915307076,0.36365091576414565,0,0,FOLLOWING,1.8636509157641457,0.5511980481194749,0
18.944,6.438882308440506,0.4421718737345856,-0.02333545614752489,8.301599999999999,0.3828576266086209,0.5506374547681353,-0.015762239537491576,0.5506218518436126,-0.014523060332546689,1.8636618197411372,-0.008496641659140425,0.3636618197411372,0,0,FOLLOWING,1.8636618197411372,0.5512101344768164,0
18.976,6.456497853749413,0.4417589014829937,-0.023798751087356206,8.319199999999999,0.3816199018537146,0.5506525996759848,-0.015712273449012,0.5506370087351039,-0.014477967127741805,1.8636727140039766,-0.00847592950862449,0.3636727140039766,0,0,FOLLOWING,1.8636727140039766,0.551222245467003,0
19.008,6.4741136904151215,0.44133776227132004,-0.02426060835755329,8.3368,0.38037654989129827,0.5506677315621428,-0.01566248753696955,0.5506521519515188,-0.014433039949272445,1.8636835990397556,-0.008455292850445134,0.36368359903975556,0,0,FOLLOWING,1.8636835990397556,0.5512343803741042,0
19.04,6.491729814852004,0.4409084810565352,-0.024721033158835858,8.3544,0.3791275890553199,0.5506828510495522,-0.015612877977545736,0.5506672821680416,-0.01438827529331792,1.863694475297852,-0.008434730089362893,0.3636944752978519,0,0,FOLLOWING,1.863694475297852,0.551246538480822,0
19.072,6.509346223526904,0.4404710827074476,-0.025180030581165875,8.372,0.3778730377624341,0.5506979587103563,-0.015563440991817699,0.5506824000069455,-0.014343669698697666,1.8637053431914667,-0.008414239648073276,0.36370534319146675,0,0,FOLLOWING,1.8637053431914667,0.5512587190685341,0
19.104,6.526962912957296,0.4400255920066274,-0.025637605605090243,8.3896,0.3766129145117293,0.5507130550679301,-0.01551417284535993,0.5506975060397015,-0.014299219746190903,1.8637162030990668,-0.008393819967076006,0.3637162030990668,0,0,FOLLOWING,1.8637162030990668,0.5512709214173376,0
19.136,6.544579879709496,0.43957203365230574,-0.02609376310306285,8.4072,0.37534723788445645,0.5507281405988562,-0.01546506984786353,0.5507126007890477,-0.014254922057890468,1.863727055365788,-0.0083734695045495,0.3637270553657881,0,0,FOLLOWING,1.863727055365788,0.5512831448060924,0
19.168,6.562197120396963,0.4391104322602518,-0.02654850784074968,8.4248,0.37407602654375366,0.5507432157348021,-0.015416128352763181,0.5507276847309519,-0.014210773296673952,1.8637379003047672,-0.0083531867362306,0.36373790030476716,0,0,FOLLOWING,1.8637379003047672,0.5512953885124618,0
19.2,6.579814631678645,0.43864081236562685,-0.027001844478319447,8.4424,0.3727992992343718,0.5507582808643203,-0.015367344756874958,0.5507427582964887,-0.014166770165750905,1.8637487381984212,-0.008332970155294762,0.36374873819842124,0,0,FOLLOWING,1.8637487381984212,0.5513076518129552,0
19.232,6.597432410257405,0.43816319842481805,-0.02745377757171417,8.459999999999999,0.37151707478239815,0.5507733363345738,-0.01531871550005922,0.5507578218736356,-0.014122909408037749,1.8637595692996711,-0.008312818272245035,0.3637595692996711,0,0,FOLLOWING,1.8637595692996711,0.5513199339829753,0
19.264,6.615050452878491,0.4376776148172504,-0.02790431157391113,8.477599999999999,0.37022937209497825,0.5507883824529904,-0.015270237064873233,0.5507728758090014,-0.014079187805885327,1.863770393833118,-0.008292729614797646,0.36377039383311804,0,0,FOLLOWING,1.863770393833118,0.5513322342968567,0
19.296,6.632668756328075,0.4371840858471787,-0.028353450836168137,8.4952,0.3689362101600374,0.5508034194888464,-0.015221905976241958,0.550787920409479,-0.014035602180559308,1.8637812119961663,-0.00827270272777219,0.3637812119961663,0,0,FOLLOWING,1.8637812119961663,0.551344552027914,0
19.328,6.6502873174318395,0.4366826357454591,-0.028801199609256922,8.512799999999999,0.36763760804600104,0.5508184476747713,-0.015173718801135728,0.5508029559438319,-0.013992149391871211,1.8637920239600927,-0.008252736172982826,0.3637920239600927,0,0,FOLLOWING,1.8637920239600927,0.5513568864484741,0
19.36,6.667906133053628,0.43617328867130023,-0.029247562044686492,8.5304,0.36633358490151285,0.5508334672082245,-0.015125672148237493,0.5508179826441997,-0.013948826337858686,1.8638028298710951,-0.008232828529127687,0.36380282987109513,0,0,FOLLOWING,1.8638028298710951,0.5513692368299354,0
19.392,6.685525200094132,0.4356560687139951,-0.02969254219591351,8.548,0.36502415995515275,0.5508484782528564,-0.015077762667634512,0.5508330007075533,-0.013905629954387117,1.863813629851258,-0.008212978391681156,0.363813629851258,0,0,FOLLOWING,1.863813629851258,0.551381602442797,0
19.424,6.703144515489635,0.43513099989463316,-0.030136144019542743,8.5656,0.36370935251515374,0.5508634809398673,-0.015029987050489328,0.5508480102970801,-0.013862557214833234,1.8638244239995185,-0.008193184372783841,0.36382442399951853,0,0,FOLLOWING,1.8638244239995185,0.551393982556706,0
19.456,6.720764076210803,0.43459810616779243,-0.03057837137651889,8.5832,0.36238918196911635,0.5508784753692779,-0.014982342028726158,0.5508630115435346,-0.013819605129820693,1.8638352123925679,-0.008173445101131573,0.3638352123925679,0,0,FOLLOWING,1.8638352123925679,0.5514063764405064,0
19.488,6.73838387926152,0.4340574114232126,-0.031019228033304185,8.6008,0.36106366778372373,0.5508934616111499,-0.014934824374718443,0.5508780045465138,-0.013776770746771137,1.8638459950857187,-0.00815375922186699,0.3638459950857187,0,0,FOLLOWING,1.8638459950857187,0.5514187833622768,0
19.52,6.756003921677766,0.43350893948744823,-0.03145871766305166,8.6184,0.3597328295044537,0.5509084397067656,-0.014887430900963575,0.5508929893756549,-0.013734051149773024,1.863856772113742,-0.008134125396465533,0.363856772113742,0,0,FOLLOWING,1.863856772113742,0.5514312025893771,0
19.552,6.773624200526532,0.432952714125503,-0.03189684384676282,8.636,0.35839668675529085,0.5509234096697536,-0.014840158459776574,0.5509079660718385,-0.013691443459089016,1.8638675434916676,-0.0081145423026258,0.3638675434916676,0,0,FOLLOWING,1.8638675434916676,0.5514436333884882,0
19.584,6.791244712904783,0.4323887590424453,-0.03233361007444263,8.653599999999999,0.3570552592384379,0.5509383714871717,-0.014793003942962063,0.5509229346483102,-0.013648944831079172,1.863878309215552,-0.008095008634152613,0.363878309215552,0,0,FOLLOWING,1.863878309215552,0.5514560750256579,0
19.616,6.808865455938456,0.4318170978850031,-0.03276901974623851,8.671199999999999,0.355708566734024,0.5509533251205357,-0.014745964281505371,0.5509378950917486,-0.01360655245769302,1.86388906926321,-0.008075523100845625,0.36388906926320996,0,0,FOLLOWING,1.86388906926321,0.5514685267663431,0
19.648,6.826486426781492,0.43123775424314237,-0.03320307617357464,8.6888,0.35435662909981347,0.5509682705068206,-0.014699036445250021,0.5509528473633115,-0.013564263566329693,1.8638998235949251,-0.008056084428382765,0.3638998235949251,0,0,FOLLOWING,1.8638998235949251,0.551480987875456,0
19.68,6.844107622614906,0.4306507516516237,-0.03363578258027246,8.7064,0.3529994662709138,0.5509832075594057,-0.01465221744258807,0.5509677913996269,-0.013522075419403975,1.8639105721541216,-0.008036691358205825,0.3639105721541216,0,0,FOLLOWING,1.8639105721541216,0.5514934576174011,0
19.712,6.861729040645892,0.430056113591543,-0.034067142103666015,8.724,0.35163709825948036,0.5509981361689955,-0.014605504320138964,0.5509827271137354,-0.013479985314183486,1.8639213148680176,-0.008017342647403433,0.3639213148680176,0,0,FOLLOWING,1.8639213148680176,0.5515059352561276,0
19.744,6.879350678106959,0.4294538634918512,-0.034497157795706404,8.7416,0.35026954515442216,0.5510130562044988,-0.014558894162427234,0.5509976543960091,-0.013437990582452456,1.8639320516482503,-0.007998037068592777,0.36393205164825027,0,0,FOLLOWING,1.8639320516482503,0.5515184200551669,0
19.776,6.896972532255095,0.4288440247308573,-0.03492583262405859,8.7592,0.34889682712110576,0.5510279675138651,-0.014512384091566511,0.5510125731150513,-0.013396088590266817,1.8639427823914696,-0.0079787734098003,0.3639427823914696,0,0,FOLLOWING,1.8639427823914696,0.5515309112776781,0
19.808,6.914594600370972,0.42822662063771144,-0.035353169473183316,8.7768,0.3475189644010572,0.5510428699248955,-0.01446597126695141,0.5510274831185067,-0.013354276737495719,1.8639535069799145,-0.007959550474347238,0.36395350697991447,0,0,FOLLOWING,1.8639535069799145,0.551543408186491,0
19.84,6.932216879758166,0.42760167449387093,-0.03577917114541681,8.7944,0.34613597731166373,0.5510577632460193,-0.014419652884930105,0.5510423842338805,-0.013312552457747172,1.8639642252819644,-0.00794036708072756,0.36396422528196437,0,0,FOLLOWING,1.8639642252819644,0.5515559100441502,0
19.872,6.949839367742419,0.4269692095345475,-0.03620384036203744,8.812,0.3447478862458752,0.5510726472670376,-0.014373426178490887,0.5510572762693219,-0.013270913217964548,1.8639749371526682,-0.00792122206248893,0.36397493715266815,0,0,FOLLOWING,1.8639749371526682,0.5515684161129583,0
19.904,6.967462061670913,0.4263292489501362,-0.03662717976432595,8.8296,0.34335471167190174,0.5510875217598423,-0.01432728841694263,0.5510721590143532,-0.013229356518219446,1.8639856424342534,-0.0079021142681115,0.36398564243425335,0,0,FOLLOWING,1.8639856424342534,0.5515809256550196,0
19.936,6.985084958911585,0.4256818158876272,-0.037049191914611666,8.8472,0.3419564741329133,0.551102386479103,-0.014281236905602533,0.5510870322406088,-0.013187879891281458,1.8639963409566165,-0.007883042560890029,0.3639963409566165,0,0,FOLLOWING,1.8639963409566165,0.5515934379322852,0
19.968,7.002708056852453,0.425026933451999,-0.037469879297314185,8.864799999999999,0.340553194246736,0.551117241162922,-0.01423526898548211,0.5511018957024991,-0.013146480902470791,1.8640070325377862,-0.007864005818812268,0.3640070325377862,0,0,FOLLOWING,1.8640070325377862,0.5516059522065893,0
20.0,7.02033135290098,0.42436462470759473,-0.03788924431997461,8.8824,0.33914489270554804,0.5511320855334811,-0.014189382032965272,0.5511167491378841,-0.01310515714933446,1.8640177169843843,-0.00784500293443812,0.36401771698438434,0,0,FOLLOWING,1.8640177169843843,0.5516184677397069,0
20.032,7.0379548444834485,0.42369491267947973,-0.03830728931427731,8.9,0.3377315902755755,0.5511469192976356,-0.014143573459500817,0.5511315922687061,-0.013063906261348825,1.8640283940920475,-0.007826032814778193,0.36402839409204746,0,0,FOLLOWING,1.8640283940920475,0.5516309837933836,0
20.064,7.0555785290443644,0.4230178203547831,-0.038724016537061555,8.9176,0.33631330779678487,0.5511617421475138,-0.01409784071128506,0.5511464248015815,-0.013022725899605628,1.8640390636458533,-0.007807094381174988,0.36403906364585326,0,0,FOLLOWING,1.8640390636458533,0.5516434996293857,0
20.096,7.073202404045878,0.4223333706840206,-0.03913942817132613,8.9352,0.3348900661825764,0.5511765537610799,-0.014052181268955504,0.551161246428422,-0.012981613756588193,1.8640497254207202,-0.007788186569180691,0.3640497254207202,0,0,FOLLOWING,1.8640497254207202,0.551656014509543,0
20.128,7.090826466967231,0.4216415865824016,-0.03955352632722501,8.9528,0.33346188641947616,0.5511913538026713,-0.014006592647270506,0.5511760568269733,-0.01294056755589683,1.864060379181789,-0.0077693083284352815,0.3640603791817889,0,0,FOLLOWING,1.864060379181789,0.5516685276957914,0
20.16,7.1084507153042225,0.4209424909311177,-0.03996631304304966,8.9704,0.3320287895668257,0.5512061419235181,-0.013961072394812826,0.5511908556613722,-0.012899585051826916,1.8640710246847934,-0.007750458622549701,0.36407102468479335,0,0,FOLLOWING,1.8640710246847934,0.5516810384502173,0
20.192,7.1260751465686845,0.42023610657861593,-0.040377790286209414,8.988,0.3305907967564718,0.5512209177622557,-0.013915618093668295,0.5512056425826336,-0.012858664029312588,1.8640816616764224,-0.007731636428981629,0.3640816616764224,0,0,FOLLOWING,1.8640816616764224,0.5516935460351005,0
20.224,7.14369975828799,0.41952245634185326,-0.040787959954196706,9.0056,0.32914792919245545,0.5512356809453982,-0.013870227359126219,0.5512204172292132,-0.012817802303450263,1.8640922898946592,-0.00771284073891712,0.36409228989465925,0,0,FOLLOWING,1.8640922898946592,0.5517060497129577,0
20.256,7.161324548004572,0.4188015630075365,-0.04119682387554699,9.0232,0.3277002081506983,0.5512504310878075,-0.013824897839372439,0.5512351792274208,-0.012776997719334663,1.8641029090691126,-0.007694070557150559,0.3641029090691126,0,0,FOLLOWING,1.8641029090691126,0.5517185487465864,0
20.288,7.1789495132754535,0.418073449333344,-0.041604383810788105,9.0408,0.3262476549786896,0.5512651677931448,-0.01377962721518422,0.5512499281919332,-0.012736248151727417,1.864113518921339,-0.007675324901964632,0.3641135189213389,0,0,FOLLOWING,1.864113518921339,0.5517310423991094,0
20.32,7.196574651671807,0.4173381380491317,-0.0420106414533802,9.0584,0.32479029109517116,0.5512798906542907,-0.013734413199631807,0.551264663726239,-0.012695551504761487,1.864124119165141,-0.00765660280501293,0.364124119165141,0,0,FOLLOWING,1.864124119165141,0.5517435299340125,0
20.352,7.214199960778523,0.416595651858123,-0.042415598430650105,9.076,0.3233281379898212,0.5512945992537731,-0.01368925353777111,0.5512793854230456,-0.012654905711772673,1.8641347095068714,-0.0076379033111986586,0.36413470950687143,0,0,FOLLOWING,1.8641347095068714,0.5517560106151963,0
20.384,7.23182543819379,0.415846013438082,-0.04281925630471332,9.0936,0.32186121722293826,0.5513092931641621,-0.013644146006349249,0.5512940928647091,-0.012614308734906328,1.8641452896457151,-0.0076192254785576105,0.36414528964571513,0,0,FOLLOWING,1.8641452896457151,0.5517684837070137,0
20.416,7.2494510815287,0.41508924544247106,-0.04322161657338887,9.1112,0.3203895504251226,0.5513239719484532,-0.013599088413507274,0.5513087856236446,-0.012573758564896146,1.8641558592739598,-0.007600568378140425,0.36415585927395977,0,0,FOLLOWING,1.8641558592739598,0.5517809484743154,0
20.448,7.267076888406853,0.4143253705015925,-0.04362268067110605,9.1288,0.31891315929695735,0.5513386351604453,-0.013554078598482752,0.5513234632626817,-0.012533253220814031,1.8641664180772666,-0.007581931093894427,0.3641664180772666,0,0,FOLLOWING,1.8641664180772666,0.5517934041824918,0
20.48,7.284702856463993,0.4135544112237145,-0.04402244996980031,9.1464,0.31743206560868903,0.5513532823450966,-0.013509114431317254,0.5513381253354708,-0.012492790749726963,1.864176965734922,-0.007563312722548073,0.3641769657349221,0,0,FOLLOWING,1.864176965734922,0.5518058500975161,0
20.512,7.302328983347646,0.412776390196181,-0.04442092577980435,9.164,0.3159462911999057,0.551367913038867,-0.013464193812563452,0.5513527713868119,-0.012452369226549251,1.8641875019200822,-0.007544712373492933,0.3641875019200822,0,0,FOLLOWING,1.8641875019200822,0.5518182854859897,0
20.544,7.31995526671677,0.41199132998650667,-0.044818109350727435,9.1816,0.31445585797921544,0.5513825267700583,-0.01341931467299477,0.5513674009530262,-0.012411986753672478,1.8641980263000153,-0.007526129168668538,0.3641980263000153,0,0,FOLLOWING,1.8641980263000153,0.5518307096151844,0
20.576,7.3375817042414235,0.41119925314345657,-0.0452140018723275,9.199200000000001,0.31296078792392373,0.5513971230591377,-0.013374474973315465,0.5513820135622668,-0.012371641460742664,1.8642085385363303,-0.007507562242447064,0.3642085385363303,0,0,FOLLOWING,1.8642085385363303,0.5518431217530858,0
20.608,7.355208293602445,0.4104001821981094,-0.04560860447537471,9.2168,0.3114611030797082,0.551411701419034,-0.013329672703880944,0.5513966087348765,-0.012331331504393623,1.8642190382851893,-0.007489010741519162,0.3642190382851893,0,0,FOLLOWING,1.8642190382851893,0.5518555211684306,0
20.64,7.372835032491141,0.4095941396649077,-0.04600191823250823,9.2344,0.30995682556029447,0.5514262613554647,-0.013284905884401295,0.5514111859836431,-0.012291055068028233,1.8642295251975398,-0.007470473824777987,0.3642295251975398,0,0,FOLLOWING,1.8642295251975398,0.5518679071307603,0
20.672,7.3904619186089855,0.40878114804269083,-0.04639394415908199,9.252,0.3084479775471301,0.5514408023671974,-0.013240172563668929,0.5514257448141596,-0.012250810361485648,1.8642399989193004,-0.007451950663207203,0.36423999891930037,0,0,FOLLOWING,1.8642399989193004,0.5518802789104534,0
20.704,7.408088949667336,0.4079612298157149,-0.04678468321400499,9.2696,0.30693458128905676,0.5514553239463503,-0.013195470819269221,0.5514402847250617,-0.012210595620860536,1.8642504590915752,-0.007433440439766987,0.36425045909157516,0,0,FOLLOWING,1.8642504590915752,0.5518926357787749,0
20.736,7.425716123387151,0.40713440745465707,-0.04717413630057226,9.2872,0.30541665910198323,0.5514698255786562,-0.013150798757304788,0.5514548052083538,-0.012170409108215907,1.8642609053508419,-0.007414942349281069,0.3642609053508419,0,0,FOLLOWING,1.8642609053508419,0.5519049770079164,0
20.768,7.443343437498724,0.40630070341760544,-0.04756230426728688,9.3048,0.30389423336855514,0.5514843067437255,-0.013106154512118965,0.5514693057496454,-0.012130249111303545,1.8642713373291384,-0.007396455598326683,0.3642713373291384,0,0,FOLLOWING,1.8642713373291384,0.5519173018710397,0
20.8,7.460970889741426,0.4054601401510345,-0.04794918790867591,9.3224,0.3023673265378257,0.551498766915302,-0.013061536246016718,0.5514837858284324,-0.012090113943373245,1.864281754654246,-0.007377979405121728,0.36428175465424606,0,0,FOLLOWING,1.864281754654246,0.5519296096423192,0
20.832,7.478598477863456,0.40461274009076614,-0.04833478796609852,9.34,0.300835961124925,0.5515132055615055,-0.013016942148991085,0.5514982449183488,-0.012050001942927607,1.8642921569498614,-0.007359512999413175,0.3642921569498614,0,0,FOLLOWING,1.8642921569498614,0.5519418995969841,0
20.864,7.496226199621606,0.4037585256629171,-0.0487191051285443,9.3576,0.2993001597107269,0.551527622145068,-0.012972370438451404,0.5515126824874078,-0.012009911473417168,1.864302543835765,-0.007341055622368829,0.364302543835765,0,0,FOLLOWING,1.864302543835765,0.5519541710113613,0
20.896,7.513854052781024,0.40289751928483075,-0.04910214003342368,9.3752,0.2977599449415167,0.5515420161235709,-0.01292781935895684,0.5515270979982322,-0.011969840922993196,1.8643129149279904,-0.007322606526468162,0.36431291492799045,0,0,FOLLOWING,1.8643129149279904,0.5519664231629177,0
20.928,7.531482035114998,0.4020297433659972,-0.049483893267353946,9.392800000000001,0.29621533952865775,0.5515563869496614,-0.012883287181939887,0.5515414909083097,-0.011929788704370068,1.8643232698389791,-0.007304164975391873,0.3643232698389791,0,0,FOLLOWING,1.8643232698389791,0.5519786553303034,0
20.96,7.549110144404738,0.4011552203089576,-0.049864365366933984,9.410400000000001,0.29466636624825554,0.5515707340712663,-0.012838772205448577,0.5515558606701817,-0.011889753254471816,1.864333608177731,-0.007285730243915407,0.3643336081777311,0,0,FOLLOWING,1.864333608177731,0.5519908667933907,0
20.992,7.566738378439174,0.4002739725101956,-0.05024355681951307,9.428,0.29311304794082216,0.5515850569318126,-0.012794272753878072,0.5515702067316766,-0.011849733034250347,1.864343929549964,-0.007267301617801084,0.364343929549964,0,0,FOLLOWING,1.864343929549964,0.5520030568333196,0
21.024,7.584366735014759,0.39938602236101506,-0.05062146806395186,9.4456,0.2915554075109402,0.5515993549704201,-0.012749787177705191,0.5515845285361386,-0.011809726528433498,1.864354233558249,-0.00724887839369124,0.36435423355824903,0,0,FOLLOWING,1.864354233558249,0.5520152247325375,0
21.056,7.601995211935275,0.3984913922484046,-0.0509980994913748,9.4632,0.289993467926924,0.5516136276221042,-0.01270531385323596,0.5515988255225861,-0.011769732245265927,1.8643645198021574,-0.007230459879003857,0.36436451980215745,0,0,FOLLOWING,1.8643645198021574,0.552027369774844,0
21.088,7.619623807011656,0.39759010455588817,-0.05137345144591684,9.4808,0.2884272522204817,0.5516278743179588,-0.012660851182342727,0.551613097125957,-0.011729748716325077,1.8643747878783887,-0.007212045391826245,0.36437478787838873,0,0,FOLLOWING,1.8643747878783887,0.5520394912454323,0
21.12,7.637252518061806,0.3966821816643635,-0.05174752422546154,9.4984,0.2868567834863753,0.5516420944853552,-0.012616397592205985,0.5516273427772497,-0.011689774496256218,1.8643850373809145,-0.007193634260811363,0.36438503738091454,0,0,FOLLOWING,1.8643850373809145,0.5520515884309286,0
21.152,7.654881342910437,0.39576764595292563,-0.052120318082372115,9.516,0.2852820848820797,0.5516562875481074,-0.01257195153506569,0.5516415619037569,-0.011649808162547058,1.864395267901095,-0.007175225825074273,0.3643952679010951,0,0,FOLLOWING,1.864395267901095,0.5520636606194353,0
21.184,7.672510279388902,0.3948465197996796,-0.05249183322421349,9.5336,0.2837031796274426,0.5516704529266604,-0.012527511487968627,0.5516557539292,-0.01160984831525135,1.8644054790278146,-0.007156819434090578,0.3644054790278146,0,0,FOLLOWING,1.8644054790278146,0.5520757071005725,0
21.216,7.690139325335041,0.39391882558253905,-0.052862069814469524,9.551200000000001,0.28212009100434055,0.5516845900382541,-0.012483075952519112,0.5516699182739521,-0.011569893576836602,1.8644156703475983,-0.007138414447594701,0.36441567034759825,0,0,FOLLOWING,1.8644156703475983,0.5520877271655206,0
21.248,7.707768478593032,0.39298458568001193,-0.053231027973253235,9.5688,0.28053284235633624,0.5516986982970815,-0.012438643454628938,0.5516840543551734,-0.011529942591962638,1.8644258414447241,-0.007120010235477356,0.3644258414447241,0,0,FOLLOWING,1.8644258414447241,0.5520997201070565,0
21.28,7.725397737013249,0.39204382247197433,-0.05359870777800516,9.586400000000001,0.27894145708833495,0.5517127771144705,-0.012394212544277356,0.5516981615869867,-0.011489994027115376,1.8644359919013545,-0.007101606177688437,0.36443599190135445,0,0,FOLLOWING,1.8644359919013545,0.5521116852196045,0
21.312,7.7430270984521234,0.39109655834043144,-0.05396510926419123,9.604000000000001,0.27734595866623823,0.5517268258990122,-0.012349781795267334,0.5517122393806376,-0.01145004657058726,1.8644461212976269,-0.007083201664135959,0.3644461212976269,0,0,FOLLOWING,1.8644461212976269,0.552123621799268,0
21.344,7.760656560772015,0.39014281567026604,-0.05433023242598873,9.6216,0.27574637061659857,0.5517408440567356,-0.01230534980498277,0.5517262871446441,-0.011410098932109388,1.8644562292117781,-0.007064796094588495,0.3644562292117781,0,0,FOLLOWING,1.8644562292117781,0.5521355291438754,0
21.376,7.778286121841078,0.38918261684997485,-0.05469407721696912,9.6392,0.2741427165262729,0.55175483099125,-0.01226091519414554,0.5517403042849652,-0.011370149842748043,1.8644663152202476,-0.007046388878575498,0.36446631522024764,0,0,FOLLOWING,1.8644663152202476,0.5521474065530207,0
21.408,7.7959157795331535,0.388215984272393,-0.05505664355076843,9.6568,0.2725350200420737,0.5517687861038838,-0.012216476606593259,0.55175429020515,-0.011330198054523325,1.8644763788977754,-0.00702797943529493,0.3644763788977754,0,0,FOLLOWING,1.8644763788977754,0.5521592533281036,0
21.44,7.813545531727644,0.3872429403354058,-0.05541793130175701,9.6744,0.270923304870421,0.5517827087938298,-0.012172032709030963,0.5517682443064437,-0.011290242340379793,1.8644864198175064,-0.0070095671935138035,0.3644864198175064,0,0,FOLLOWING,1.8644864198175064,0.5521710687723704,0
21.472,7.831175376309404,0.3862635074426492,-0.055777940305698444,9.692,0.26930759477699306,0.5517965984582835,-0.012127582190807513,0.551782165987985,-0.011250281493857452,1.86449643755109,-0.006991151591474503,0.36449643755108996,0,0,FOLLOWING,1.86449643755109,0.5521828521909549,0
21.504,7.848805311168644,0.3852777080041984,-0.056136670360402804,9.7096,0.26768791358637517,0.5518104544925705,-0.012083123763681888,0.551796054646904,-0.011210314328909102,1.8645064316687696,-0.006972732076801366,0.3645064316687696,0,0,FOLLOWING,1.8645064316687696,0.5521946028909185,0
21.536,7.8664353342008155,0.38428556443724404,-0.056494121226375746,9.7272,0.26606428518170916,0.5518242762902893,-0.012038656161592264,0.5518099096784533,-0.011170339679771832,1.8645164017394873,-0.00695430810640392,0.3645164017394873,0,0,FOLLOWING,1.8645164017394873,0.5522063201812911,0
21.568,7.884065443306529,0.383287099166758,-0.056850292627454155,9.744800000000001,0.26443673350434055,0.5518380632434268,-0.011994178140441078,0.5518237304761808,-0.011130356400545579,1.8645263473309635,-0.006935879146390003,0.36452634733096345,0,0,FOLLOWING,1.8645263473309635,0.552218003373112,0
21.6,7.901695636391453,0.38228233462614664,-0.057205184251446176,9.762400000000001,0.2628052825534656,0.5518518147424832,-0.011949688477855012,0.551837516432008,-0.011090363365332444,1.8645362680097892,-0.00691744467196706,0.3645362680097892,0,0,FOLLOWING,1.8645362680097892,0.5522296517794668,0
21.632,7.919325911366235,0.3812712932578933,-0.057558795750753504,9.780000000000001,0.2611699563857783,0.5518655301766,-0.011905185972975001,0.5518512669363757,-0.011050359467681726,1.864546163341516,-0.006899004167355832,0.3645461633415159,0,0,FOLLOWING,1.864546163341516,0.5522412647155306,0
21.664,7.93695626614641,0.3802539975141892,-0.05791112674299575,9.797600000000001,0.2595307791151143,0.5518792089336803,-0.011860669446228655,0.551864981378376,-0.011010343620652478,1.8645560328907422,-0.0068805571256970385,0.36455603289074223,0,0,FOLLOWING,1.8645560328907422,0.5522528414986073,0
21.696,7.954586698652333,0.37923046985755343,-0.05826217681162275,9.8152,0.2578877749120962,0.5518928504004927,-0.011816137739116704,0.5518786591458439,-0.010970314756438272,1.8645658762211896,-0.006862103048964001,0.36456587622118963,0,0,FOLLOWING,1.8645658762211896,0.5522643814481687,0
21.728,7.972217206809095,0.3782007327614416,-0.058611945506524904,9.8328,0.25624096800377727,0.5519064539627986,-0.011771589713991146,0.5518922996255062,-0.010930271826308608,1.8645756928957906,-0.006843641447871446,0.3645756928957906,0,0,FOLLOWING,1.8645756928957906,0.5522758838858943,0
21.76,7.989847788546456,0.3771648087108441,-0.05896043234463467,9.8504,0.2545903826732835,0.5519200190054543,-0.011727024253846233,0.5519059022030683,-0.010890213800326332,1.8645854824767656,-0.006825171841788775,0.3645854824767656,0,0,FOLLOWING,1.8645854824767656,0.5522873481357099,0
21.792,8.007478441798781,0.3761227202028726,-0.05930763681052488,9.868,0.25293604325945573,0.5519335449125213,-0.011682440262095837,0.5519194662633485,-0.010850139667253667,1.8645952445256997,-0.006806693758650076,0.3645952445256997,0,0,FOLLOWING,1.8645952445256997,0.5522987735238288,0
21.824,8.02510916450498,0.37507448974733665,-0.059653558356994214,9.8856,0.25127797415649183,0.5519470310673666,-0.011637836662377252,0.5519329911903414,-0.010810048434149068,1.8646049786036154,-0.006788206734871884,0.3646049786036154,0,0,FOLLOWING,1.8646049786036154,0.5523101593787915,0
21.856,8.042739954608436,0.3740201398673096,-0.05999819640565498,9.903200000000002,0.24961619981358493,0.5519604768527901,-0.011593212398328964,0.5519464763673664,-0.010769939126435275,1.8646146842710636,-0.006769710315263917,0.3646146842710636,0,0,FOLLOWING,1.8646146842710636,0.552321505031503,0
21.888,8.060370810056963,0.3729596930996829,-0.06034155034751279,9.9208,0.2479507447345652,0.5519738816510851,-0.01154856643338557,0.5519599211771867,-0.01072981078765695,1.8646243610881679,-0.00675120405294176,0.36462436108816787,0,0,FOLLOWING,1.8646243610881679,0.5523328098152682,0
21.92,8.078001728802745,0.3718931719957115,-0.0606836195435349,9.938400000000001,0.2462816334775366,0.5519872448441884,-0.01150389775057291,0.5519733250020533,-0.010689662479112823,1.864634008614732,-0.00673268750924625,0.36463400861473194,0,0,FOLLOWING,1.864634008614732,0.5523440730658395,0
21.952,8.095632708802292,0.37082059912154797,-0.06102440332521778,9.956000000000001,0.24460889065451566,0.5520005658137341,-0.011459205352312277,0.5519866872238445,-0.010649493279842019,1.8646436264102775,-0.006714160253659152,0.3646436264102775,0,0,FOLLOWING,1.8646436264102775,0.5523552941214465,0
21.984,8.113263748016395,0.3697419970587664,-0.061363900995148525,9.973600000000001,0.24293254093106909,0.5520138439411714,-0.01141448826020803,0.5520000072241601,-0.010609302286425674,1.8646532140341303,-0.006695621863718089,0.3646532140341303,0,0,FOLLOWING,1.8646532140341303,0.5523664723228391,0
22.016000000000002,8.130894844410081,0.36865738840487683,-0.06170211182755815,9.991200000000001,0.2412526090259487,0.5520270786078579,-0.011369745514851816,0.5520132843844175,-0.010569088612737162,1.864662771045486,-0.006677071924936731,0.36466277104548595,0,0,FOLLOWING,1.864662771045486,0.5523776070133251,0
22.048000000000002,8.14852599595257,0.36756679577382834,-0.06203903506887134,10.0088,0.23956911971072783,0.5520402691951489,-0.011324976175627556,0.5520265180859074,-0.010528851389827829,1.8646722970034753,-0.006658510030721702,0.36467229700347525,0,0,FOLLOWING,1.8646722970034753,0.5523886975388078,0
22.080000000000002,8.166157200617251,0.3664702417965041,-0.062374669938250804,10.0264,0.2378820978094364,0.5520534150844788,-0.011280179320510324,0.5520397077099698,-0.010488589765761416,1.8646817914672218,-0.006639935782291453,0.3646817914672218,0,0,FOLLOWING,1.8646817914672218,0.5523997432478246,0
22.112000000000002,8.183788456381635,0.36536774912120445,-0.06270901562813087,10.044,0.23619156819819379,0.5520665156574692,-0.011235354045879239,0.5520528526379814,-0.010448302905276005,1.8646912539959204,-0.00662134878859974,0.3646912539959204,0,0,FOLLOWING,1.8646912539959204,0.5524107434915839,0
22.144000000000002,8.201419761227326,0.3642593404141219,-0.06304207130475152,10.0616,0.2344975558048426,0.5520795702960074,-0.011190499466323642,0.5520659522515311,-0.010407989989797228,1.8647006841488927,-0.006602748666254821,0.3647006841488927,0,0,FOLLOWING,1.8647006841488927,0.5524216976240037,0
22.176000000000002,8.219051113140008,0.36314503835980544,-0.06337383610868545,10.0792,0.23280008560858167,0.5520925783823185,-0.011145614714450464,0.5520790059324738,-0.010367650217223917,1.8647100814856412,-0.006584135039440248,0.3647100814856412,0,0,FOLLOWING,1.8647100814856412,0.5524326050017482,0
22.208000000000002,8.236682510109402,0.36202486566161624,-0.0637043091553585,10.096800000000002,0.2310991826395966,0.5521055392990737,-0.01110069894069632,0.5520920130630058,-0.010327282801714924,1.8647194455659244,-0.006565507539838075,0.3647194455659244,0,0,FOLLOWING,1.8647194455659244,0.5524434649842669,0
22.240000000000002,8.254313950129252,0.3608988450421729,-0.06403348953556333,10.114400000000002,0.22939487197869118,0.5521184524294513,-0.01105575131314988,0.5521049730257435,-0.010286886973485647,1.8647287759498032,-0.0065468658065539614,0.36472877594980324,0,0,FOLLOWING,1.8647287759498032,0.5524542769338276,0
22.272000000000002,8.271945431197306,0.35976699924378763,-0.06436137631597155,10.132000000000001,0.2276871787569182,0.5521313171572322,-0.011010771017353904,0.5521178852038366,-0.010246461978752045,1.864738072197708,-0.006528209486038272,0.36473807219770804,0,0,FOLLOWING,1.864738072197708,0.5524650402155575,0
22.304000000000002,8.289576951315297,0.3586293510288937,-0.06468796853963639,10.149600000000001,0.2259761281552075,0.5521441328668755,-0.010965757256136677,0.5521307489810373,-0.010206007079438206,1.8647473338704945,-0.006509538232014056,0.3647473338704945,0,0,FOLLOWING,1.8647473338704945,0.5524757541974774,0
22.336000000000002,8.307208508488921,0.35748592318046274,-0.06501326522649226,10.167200000000001,0.2242617454039962,0.5521568989436035,-0.010920709249422345,0.5521435637417552,-0.01016552155308384,1.8647565605295042,-0.00649085170540102,0.3647565605295042,0,0,FOLLOWING,1.8647565605295042,0.5524864182505401,0
22.368000000000002,8.32484010072784,0.35633673850241404,-0.0653372653738526,10.184800000000001,0.22254405578285538,0.5521696147734637,-0.010875626234052483,0.5521563288711935,-0.010125004692781209,1.8647657517366096,-0.006472149574239666,0.36476575173660963,0,0,FOLLOWING,1.8647657517366096,0.552497031748668,0
22.400000000000002,8.342471726045659,0.3551818198200135,-0.0656599679568917,10.2024,0.22082308462011777,0.5521822797434184,-0.01083050746361912,0.5521690437553641,-0.010084455806684744,1.8647749070542785,-0.006453431513624388,0.3647749070542785,0,0,FOLLOWING,1.8647749070542785,0.552507594068786,0
22.432000000000002,8.360103382459924,0.35402118998026516,-0.06598137192913532,10.22,0.21909885729250494,0.5521948932414135,-0.010785352208275652,0.552181707781184,-0.010043874218272637,1.8647840260456239,-0.006434697205624812,0.3647840260456239,0,0,FOLLOWING,1.8647840260456239,0.5525181045908589,0
22.464000000000002,8.37773506799211,0.3528548718522927,-0.06630147622293385,10.2376,0.217371399224752,0.5522074546564608,-0.010740159754578552,0.5521943203365706,-0.010003259265820307,1.8647931082744635,-0.006415946339219866,0.36479310827446354,0,0,FOLLOWING,1.8647931082744635,0.5525285626979277,0
22.496000000000002,8.395366780667626,0.3516828883277123,-0.06662027974994253,10.255200000000002,0.21564073588923305,0.5522199633787004,-0.010694929405296509,0.5522068808105262,-0.009962610302600825,1.864802153305365,-0.006397178610220544,0.3648021533053649,0,0,FOLLOWING,1.864802153305365,0.5525389677761463,0
22.528,8.412998518515806,0.3505052623209976,-0.06693778140158461,10.2728,0.21390689280558645,0.5522324187994737,-0.010649660479257467,0.5522193885931502,-0.00992192669636554,1.8648111607036975,-0.006378393721205175,0.36481116070369746,0,0,FOLLOWING,1.8648111607036975,0.5525493192148128,0
22.56,8.430630279569918,0.34932201676983543,-0.06725398004951881,10.290399999999998,0.21216989554033736,0.5522448203114014,-0.010604352311169013,0.5522318430757428,-0.009881207829474603,1.8648201300356904,-0.006359591381446622,0.36482013003569036,0,0,FOLLOWING,1.8648201300356904,0.5525596164064077,0
22.592,8.448262061867158,0.34813317463547344,-0.06756887454609864,10.308,0.21042976970652058,0.5522571673084528,-0.01055900425145357,0.5522442436509201,-0.00984045309863628,1.8648290608684808,-0.006340771306843629,0.36482906086848077,0,0,FOLLOWING,1.8648290608684808,0.5525698587466334,0
22.624,8.465893863448656,0.34693875890305836,-0.06788246372482362,10.3256,0.20868654096330466,0.5522694591860009,-0.010513615666088723,0.5522565897126,-0.009799661914665669,1.8648379527701557,-0.006321933219854664,0.36483795277015574,0,0,FOLLOWING,1.8648379527701557,0.5525800456344406,0
22.656,8.48352568235949,0.3457387925819672,-0.06819474640079337,10.3432,0.2069402350156114,0.5522816953409014,-0.010468185936433531,0.5522688806561433,-0.009758833702565351,1.8648468053098077,-0.006303076849427061,0.36484680530980773,0,0,FOLLOWING,1.8648468053098077,0.5525901764720684,0
22.688,8.501157516648679,0.3445332987061293,-0.06850572137115146,10.3608,0.20519087761373853,0.5522938751715686,-0.010422714459066087,0.5522811158783836,-0.009717967901211277,1.8648556180575901,-0.006284201930929684,0.36485561805759015,0,0,FOLLOWING,1.8648556180575901,0.5526002506650777,0
22.72,8.51878936436921,0.34332230033434086,-0.06881538741552515,10.3784,0.20343849455297863,0.5523059980780181,-0.010377200645629971,0.5522932947776998,-0.009677063963212964,1.8648643905847484,-0.006265308206088907,0.3648643905847484,0,0,FOLLOWING,1.8648643905847484,0.5526102676223853,0
22.752,8.536421223578044,0.34210582055057037,-0.06912374329646012,10.395999999999999,0.20168311167323943,0.5523180634619443,-0.010331643922671793,0.5523054167541005,-0.009636121354778135,1.8648731224636768,-0.006246395422922629,0.36487312246367676,0,0,FOLLOWING,1.8648731224636768,0.5526202267562986,0
22.784,8.554053092336122,0.3408838824642574,-0.0694307877598563,10.413599999999999,0.19992475485866334,0.5523300707267884,-0.010286043731475422,0.5523174812092301,-0.009595139555721189,1.8648818132679656,-0.006227463335670619,0.36488181326796565,0,0,FOLLOWING,1.8648818132679656,0.5526301274825488,0
22.816,8.571684968708384,0.3396565092106019,-0.06973651953539088,10.431199999999999,0.1981634500372445,0.5523420192778036,-0.010240399527910388,0.5523294875465345,-0.009554118059084621,1.864890462572451,-0.0062085117047337435,0.36489046257245095,0,0,FOLLOWING,1.864890462572451,0.5526399692203248,0
22.848,8.589316850763794,0.3384237239508471,-0.07004093733694156,10.448799999999999,0.1963992231804472,0.5523539085220982,-0.010194710782281489,0.5523414351712302,-0.009513056371133036,1.864899069953244,-0.006189540296609522,0.36489906995324395,0,0,FOLLOWING,1.864899069953244,0.5526497513923072,0
22.88,8.606948736575346,0.3371855498725533,-0.07034403986300608,10.4664,0.1946321003028234,0.5523657378687231,-0.010148976979163,0.5523533234904208,-0.009471954011243214,1.8649076349877958,-0.006170548883825816,0.36490763498779577,0,0,FOLLOWING,1.8649076349877958,0.5526594734247023,0
22.912,8.624580624220094,0.3359420101898652,-0.07064582579711341,10.484,0.192862107461628,0.552377506728703,-0.010103197617259715,0.5523651519131375,-0.00943081051164028,1.8649161572549195,-0.0061515372448819605,0.36491615725491955,0,0,FOLLOWING,1.8649161572549195,0.5526691347472718,0
22.944,8.642212511779167,0.3346931281437705,-0.07094629380823339,10.5016,0.19108927075643514,0.552389214515129,-0.010057372209249455,0.5523769198503734,-0.009389625417354384,1.864924636334857,-0.006132505164184704,0.36492463633485706,0,0,FOLLOWING,1.864924636334857,0.552678734793369,0
22.976,8.65984439733779,0.33343892700235156,-0.07124544255118269,10.5192,0.18931361632875404,0.5524008606431988,-0.010011500281633248,0.5523886267151862,-0.00934839828609454,1.8649330718093096,-0.006113452431985632,0.36493307180930956,0,0,FOLLOWING,1.8649330718093096,0.5526882729999707,0
23.008,8.67747627898532,0.3321794300610297,-0.07154327066702343,10.5368,0.18753517036164224,0.5524124445302722,-0.009965581374592445,0.5524002719227882,-0.009307128688033767,1.864941463261476,-0.006094378844323137,0.36494146326147603,0,0,FOLLOWING,1.864941463261476,0.5526977488077095,0
23.04,8.695108154815257,0.33091466064280123,-0.07183977678346207,10.5544,0.18575395907932019,0.5524239655959422,-0.009919615041835547,0.5524118548904982,-0.009265816205806481,1.8649498102761066,-0.0060752842029583864,0.3649498102761066,0,0,FOLLOWING,1.8649498102761066,0.5527071616609058,0
23.072,8.712740022925276,0.3296446420984671,-0.0721349595152391,10.572,0.1839700087467851,0.5524354232620856,-0.009873600850460445,0.552423375037893,-0.00922446043422777,1.8649581124395387,-0.0060561683153180085,0.3649581124395387,0,0,FOLLOWING,1.8649581124395387,0.5527165110075991,0
23.104,8.73037188141726,0.32836939780685515,-0.07242881746451674,10.589599999999999,0.18218334566942224,0.5524468169529178,-0.009827538380811913,0.5524348317868418,-0.009183060980225054,1.864966369339736,-0.006037030994436185,0.36496636933973603,0,0,FOLLOWING,1.864966369339736,0.5527257962995815,0
23.136,8.74800372839733,0.32708895117503417,-0.07272134922126093,10.607199999999999,0.1803939961926187,0.5524581460950462,-0.009781427226340888,0.5524462245615324,-0.009141617462665645,1.8649745805663291,-0.0060178720588967005,0.36497458056632914,0,0,FOLLOWING,1.8649745805663291,0.5527350169924303,0
23.168,8.765635561975865,0.32580332563852227,-0.07301255336362786,10.6248,0.17860198670137356,0.5524694101175402,-0.009735266993450311,0.5524575527885702,-0.009100129512493274,1.864982745710665,-0.005998691332768855,0.3649827457106649,0,0,FOLLOWING,1.864982745710665,0.5527441725455371,0
23.2,8.783267380267544,0.3245125446614873,-0.07330242845832968,10.642399999999999,0.17680734361990927,0.5524806084519579,-0.009689057301385005,0.5524688158969902,-0.009058596772083762,1.8649908643658264,-0.005979488645560568,0.3649908643658264,0,0,FOLLOWING,1.8649908643658264,0.5527532624221357,0
23.232,8.800899181391378,0.3232166317369408,-0.07359097306101275,10.66,0.17501009341128274,0.552491740532438,-0.009642797782068632,0.5524800133183394,-0.009017018895630263,1.8649989361267005,-0.005960263832153575,0.36499893612670053,0,0,FOLLOWING,1.8649989361267005,0.552762286089342,0
23.264,8.81853096347074,0.3219156103869239,-0.07387818571662269,10.6776,0.1732102625769939,0.5525028057957139,-0.00959648807998015,0.5524911444867384,-0.008975395548731356,1.865006960589987,-0.005941016732751491,0.36500696058998705,0,0,FOLLOWING,1.865006960589987,0.5527712430181748,0
23.296,8.836162724633402,0.3206095041626884,-0.07416406495976861,10.6952,0.17140787765659543,0.5525138036812018,-0.009550127852017415,0.5525022088388992,-0.008933726408378908,1.8650149373542635,-0.005921747192822929,0.3650149373542635,0,0,FOLLOWING,1.8650149373542635,0.5527801326835929,0
23.328,8.853794463011576,0.3192983366448688,-0.0744486093150811,10.7128,0.16960296522730223,0.5525247336310227,-0.00950371676736851,0.5525132058142328,-0.008892011162735426,1.8650228660200012,-0.005902455063048304,0.3650228660200012,0,0,FOLLOWING,1.8650228660200012,0.5527889545645225,0
23.36,8.871426176741949,0.31798213144364973,-0.07473181729756823,10.7304,0.16779555190359804,0.552535595090072,-0.009457254507380282,0.552524134854844,-0.008850249511103702,1.8650307461896158,-0.005883140199266293,0.36503074618961584,0,0,FOLLOWING,1.8650307461896158,0.5527977081438882,0
23.392,8.889057863965714,0.31666091219892467,-0.07501368741297322,10.748,0.16598566433684386,0.5525463875060691,-0.009410740765412288,0.5525349954056085,-0.008808441163953261,1.8650385774675036,-0.005863802462413428,0.36503857746750357,0,0,FOLLOWING,1.8650385774675036,0.5528063929086421,0
23.424,8.906689522828627,0.3153347025804506,-0.07529421815811443,10.7656,0.1641733292148854,0.5525571103295976,-0.00936417524673377,0.5525457869142398,-0.008766585842384584,1.8650463594600708,-0.005844441718480267,0.3650463594600708,0,0,FOLLOWING,1.8650463594600708,0.5528150083497939,0
23.456,8.92432115148103,0.31400352628799344,-0.07557340802123509,10.783199999999999,0.16235857326165817,0.5525677630141659,-0.009317557668377595,0.5525565088313097,-0.00872468327842222,1.8650540917757774,-0.00582505783845319,0.3650540917757774,0,0,FOLLOWING,1.8650540917757774,0.5528235539624395,0
23.488,8.941952748077902,0.31266740705146867,-0.07585125548234609,10.800799999999999,0.16054142323679513,0.5525783450162499,-0.00927088775901197,0.5525671606103029,-0.008682733214808093,1.8650617740251694,-0.005805650698260029,0.36506177402516937,0,0,FOLLOWING,1.8650617740251694,0.5528320292457904,0
23.52,8.9595843107789,0.3113263686310756,-0.07612775901355771,10.8184,0.1587219059352305,0.5525888557953514,-0.009224165258831088,0.5525777417076739,-0.008640735404648329,1.8650694058209198,-0.005786220178724807,0.36506940582091985,0,0,FOLLOWING,1.8650694058209198,0.552840433703204,0
23.552,8.977215837748403,0.30998043481742454,-0.07640291707941804,10.836,0.15690004818680545,0.5525992948140276,-0.009177389919418744,0.5525882515829417,-0.008598689611621285,1.8650769867778518,-0.0057667661655118885,0.36507698677785183,0,0,FOLLOWING,1.8650769867778518,0.5528487668422075,0
23.584,8.994847327155552,0.3086296294316581,-0.07667672813724254,10.8536,0.15507587685587298,0.5526096615379589,-0.009130561503624198,0.5525986896986362,-0.00855659560971057,1.8650845165129875,-0.005747288549075025,0.36508451651298746,0,0,FOLLOWING,1.8650845165129875,0.5528570281745309,0
23.616,9.012478777174302,0.30727397632556697,-0.07694919063744153,10.8712,0.15324941884090065,0.552619955435986,-0.009083679785444332,0.5526090555204268,-0.008514453183128254,1.8650919946455742,-0.005727787224607747,0.3650919946455742,0,0,FOLLOWING,1.8650919946455742,0.5528652172161317,0
23.648,9.030110185983464,0.3059134993816979,-0.07722030302384232,10.8888,0.15142070107407443,0.552630175980153,-0.009036744549902664,0.552619348517149,-0.008472262126157116,1.865099420797118,-0.005708262091994154,0.3650994207971181,0,0,FOLLOWING,1.865099420797118,0.5528733334872261,0
23.68,9.047741551766752,0.3045482225134575,-0.0774900637340087,10.9064,0.14958975052090231,0.5526403226457629,-0.008989755592930929,0.5526295681608251,-0.008430022243060237,1.865106794591423,-0.005688713055759658,0.36510679459142303,0,0,FOLLOWING,1.865106794591423,0.5528813765123157,0
23.712,9.065372872712826,0.30317816966520855,-0.07775847119956115,10.924,0.14775659417981538,0.552650394911424,-0.00894271272124314,0.5526397139267785,-0.00838773334811168,1.8651141156546243,-0.0056691400250189206,0.36511411565462426,0,0,FOLLOWING,1.8651141156546243,0.5528893458202129,0
23.744,9.083004147015355,0.3018033648123616,-0.07802552384648766,10.9416,0.14592125908177037,0.5526603922590788,-0.008895615752224098,0.552649785293586,-0.008345395265293123,1.8651213836152112,-0.005649542913430131,0.3651213836152112,0,0,FOLLOWING,1.8651213836152112,0.5528972409440688,0
23.776,9.100635372873048,0.30042383196145933,-0.07829122009545325,10.9592,0.14408377228985164,0.5526703141740671,-0.008848464513811532,0.5526597817431869,-0.008303007828264337,1.8651285981040726,-0.005629921639146218,0.3651285981040726,0,0,FOLLOWING,1.8651285981040726,0.5529050614214001,0
23.808,9.118266548489716,0.29903959515025624,-0.07855555836210765,10.9768,0.14224416089887096,0.5526801601451633,-0.008801258844382629,0.5526697027609286,-0.008260570880296057,1.8651357587545234,-0.005610276124767236,0.3651357587545234,0,0,FOLLOWING,1.8651357587545234,0.5529128067941171,0
23.84,9.135897672074318,0.29765067844779214,-0.07881853705738849,10.994399999999999,0.14040245203496848,0.5526899296646086,-0.008753998592637383,0.5526795478355641,-0.008218084274135763,1.8651428652023292,-0.005590606297293424,0.3651428652023292,0,0,FOLLOWING,1.8651428652023292,0.5529204766085445,0
23.872,9.15352874184101,0.2962571059544597,-0.07908015458781982,11.012,0.1385586728552135,0.552699622228186,-0.00870668361748687,0.552689316459324,-0.008175547871857326,1.8651499170857606,-0.005570912088078639,0.3651499170857606,0,0,FOLLOWING,1.8651499170857606,0.5529280704154566,0
23.904,9.171159756009201,0.29485890180206714,-0.07934040935581066,11.0296,0.13671285054720245,0.552709237335222,-0.008659313787946685,0.5526990081279848,-0.008132961544869786,1.8651569140455948,-0.005551193432784901,0.3651569140455948,0,0,FOLLOWING,1.8651569140455948,0.5529355877700942,0
23.936,9.188790712803604,0.2934560901538937,-0.07959929975994773,11.0472,0.13486501232865972,0.5527187744886626,-0.008611888983014558,0.5527086223408771,-0.008090325173722298,1.8651638557251713,-0.005531450271334962,0.3651638557251713,0,0,FOLLOWING,1.8651638557251713,0.5529430282321949,0
23.968,9.206421610454287,0.2920486952047419,-0.07985682419528473,11.0648,0.1330151854470349,0.5527282331950958,-0.008564409091577593,0.5527181586009332,-0.008047638648010709,1.8651707417704078,-0.0055116825478704196,0.36517074177040776,0,0,FOLLOWING,1.8651707417704078,0.5529503913660174,0
24.0,9.22405244719673,0.2906367411809822,-0.08011298105363342,11.0824,0.13116339717910147,0.5527376129648,-0.008516874012286341,0.5527276164147442,-0.008004901866422389,1.8651775718298365,-0.005491890210702011,0.36517757182983646,0,0,FOLLOWING,1.8651775718298365,0.5529576767403662,0
24.032,9.241683221271876,0.28922025234059334,-0.08036776872383956,11.1,0.12930967483055542,0.5527469133117849,-0.008469283653468353,0.552736995292576,-0.007962114736271128,1.8651843455546333,-0.0054720732122735954,0.3651843455546333,0,0,FOLLOWING,1.8651843455546333,0.5529648839286164,0
24.064,9.259313930926183,0.2877992529731972,-0.08062118559207264,11.1176,0.12745404573561117,0.5527561337538354,-0.00842163793300325,0.5527462947484222,-0.0079192771739243,1.86519106259865,-0.005452231509110103,0.3651910625986501,0,0,FOLLOWING,1.86519106259865,0.5529720125087382,0
24.096,9.27694457441169,0.28637376740008785,-0.08087323004209773,11.1352,0.12559653725659933,0.5527652738125385,-0.008373936778233296,0.5527555143000721,-0.007876389104240157,1.865197722618436,-0.005432365061780298,0.36519772261843597,0,0,FOLLOWING,1.865197722618436,0.5529790620633211,0
24.128,9.29457514998606,0.28494381997425633,-0.081123900455552,11.1528,0.12373717678356365,0.5527743330133406,-0.00832618012585229,0.552764653469099,-0.007833450460725805,1.865204325273277,-0.0054124738348518275,0.36520432527327706,0,0,FOLLOWING,1.865204325273277,0.5529860321795977,0
24.16,9.312205655912642,0.2835094350804091,-0.08137319521221487,11.1704,0.12187599173385605,0.5527833108855742,-0.008278367921810829,0.5527737117809612,-0.007790461185324986,1.8652108702252173,-0.005392557796851383,0.36521087022521725,0,0,FOLLOWING,1.8652108702252173,0.5529929224494686,0
24.192,9.32983609046053,0.28207063713498226,-0.08162111269027993,11.187999999999999,0.12001300955173282,0.552792206962495,-0.008230500121205965,0.5527826887649642,-0.007747421228480169,1.8652173571390855,-0.005372616920219772,0.36521735713908554,0,0,FOLLOWING,1.8652173571390855,0.5529997324695207,0
24.224,9.347466451904614,0.28062745058614996,-0.0818676512666188,11.2056,0.11814825770795073,0.5528010207813406,-0.008182576688186475,0.5527915839543669,-0.0077043305488800765,1.8652237856825387,-0.005352651181271331,0.36522378568253866,0,0,FOLLOWING,1.8652237856825387,0.5530064618410595,0
24.256,9.365096738525642,0.2791798999138283,-0.08211280931704229,11.2232,0.11628176369936034,0.5528097518833381,-0.008134597595858316,0.552800396886406,-0.007661189113374134,1.8652301555260669,-0.005332660560156868,0.36523015552606686,0,0,FOLLOWING,1.8652301555260669,0.5530131101701221,0
24.288,9.382726948610276,0.27772800962967387,-0.08235658521656358,11.2408,0.11441355504850231,0.5528183998137646,-0.00808656282617864,0.5528091271022872,-0.007617996897036488,1.8652364663430383,-0.005312645040818255,0.3652364663430383,0,0,FOLLOWING,1.8652364663430383,0.5530196770675062,0
24.32,9.40035708045115,0.2762718042770777,-0.0825989773396548,11.2584,0.11254365930320007,0.5528269641219795,-0.00803847236985907,0.5528177741473017,-0.007574753882960651,1.8652427178097235,-0.005292604610950144,0.3652427178097235,0,0,FOLLOWING,1.8652427178097235,0.55302616214879,0
24.352,9.417987132346932,0.2748113084311542,-0.0828399840605032,11.276,0.11067210403615421,0.5528354443614478,-0.007990326226271568,0.5528263375708109,-0.007531460062242611,1.8652489096053109,-0.0052725392619586975,0.36524890960531087,0,0,FOLLOWING,1.8652489096053109,0.5530325650343544,0
24.384,9.435617102602379,0.27334654669872493,-0.08307960375325502,11.2936,0.1087989168445366,0.5528438400897953,-0.007942124403363752,0.5528348169262589,-0.007488115433600313,1.8652550414119484,-0.0052524489889291676,0.3652550414119484,0,0,FOLLOWING,1.8652550414119484,0.553038885349404,0
24.416,9.453246989528397,0.2718775437182984,-0.08331783479227511,11.3112,0.10692412534958214,0.5528521508688319,-0.007893866917547183,0.5528432117712674,-0.0074447200038658045,1.8652611129147616,-0.005232333790577526,0.3652611129147616,0,0,FOLLOWING,1.8652611129147616,0.5530451227239906,0
24.448,9.470876791442096,0.2704043241600438,-0.08355467555238796,11.328800000000001,0.1050477571961821,0.5528603762646042,-0.007845553793609345,0.5528515216676478,-0.007401273787404385,1.8652671238018894,-0.0052121936692160345,0.3652671238018894,0,0,FOLLOWING,1.8652671238018894,0.5530512767930355,0
24.48,9.48850650666687,0.2689269127257617,-0.0837901244091239,11.3464,0.10316984005247717,0.5528685158473867,-0.0077971850646210645,0.5528597461814598,-0.0073577768062714185,1.8652730737644814,-0.005192028630714093,0.36527307376448137,0,0,FOLLOWING,1.8652730737644814,0.5530573471963431,0
24.512,9.506136133532424,0.2674453341488484,-0.08402417973895757,11.364,0.10129040160944813,0.5528765691917851,-0.007748760771849285,0.5528678848829484,-0.007314229089976558,1.86527896249677,-0.005171838684460764,0.36527896249677005,0,0,FOLLOWING,1.86527896249677,0.5530633335786317,0
24.544,9.52376567037487,0.26595961319425754,-0.08425683991954885,11.3816,0.09940946958050823,0.5528845358766977,-0.007700280964658172,0.5528759373467439,-0.007270630675562098,1.8652847896960456,-0.00515162384332743,0.3652847896960456,0,0,FOLLOWING,1.8652847896960456,0.5530692355895442,0
24.576,9.54139511553676,0.26446977465845545,-0.0844881033299738,11.3992,0.09752707170109513,0.552892415485403,-0.007651745700434711,0.5528839031517336,-0.007226981607277501,1.8652905550627181,-0.005131384123633134,0.3652905550627181,0,0,FOLLOWING,1.8652905550627181,0.5530750528836745,0
24.608,9.559024467367161,0.26297584336937246,-0.08471796835096868,11.4168,0.0956432357282607,0.552900207605572,-0.007603155044467908,0.5528917818812,-0.007183281937010603,1.865296258300328,-0.005111119545098075,0.3652962583003281,0,0,FOLLOWING,1.865296258300328,0.5530807851205847,0
24.64,9.576653724221714,0.2614778441863514,-0.08494643336515079,11.4344,0.09375798944026228,0.5529079118292974,-0.007554509069893338,0.5528995731227969,-0.00713953172353788,1.865301899115567,-0.005090830130817722,0.365301899115567,0,0,FOLLOWING,1.865301899115567,0.5530864319648251,0
24.672,9.594282884462693,0.2599758020000886,-0.08517349675725173,11.452,0.09187136063615384,0.5529155277531363,-0.007505807857583591,0.5529072764686475,-0.007095731032936397,1.865307477218309,-0.005070515907220046,0.3653074772183089,0,0,FOLLOWING,1.865307477218309,0.5530919930859534,0
24.704,9.611911946459072,0.2584697417325737,-0.08539915691434197,11.4696,0.08998337713537442,0.5529230549781317,-0.0074570514960736745,0.5529148915152838,-0.007051879938292499,1.8653129923216267,-0.005050176904032879,0.36531299232162673,0,0,FOLLOWING,1.8653129923216267,0.5530974681585538,0
24.736,9.629540908586579,0.2569596883370225,-0.08562341222605326,11.4872,0.08809406677733977,0.5529304931098546,-0.0074082400814702186,0.5529224178637583,-0.007007978519646794,1.8653184441418236,-0.005029813154247165,0.3653184441418236,0,0,FOLLOWING,1.8653184441418236,0.5531028568622548,0
24.768,9.647169769227764,0.25544566679780806,-0.08584626108480121,11.5048,0.08620345742103028,0.5529378417584303,-0.007359373717366206,0.5529298551196534,-0.006964026863995216,1.8653238323984502,-0.005009424694082221,0.36532383239845023,0,0,FOLLOWING,1.8653238323984502,0.5531081588817484,0
24.8,9.664798526772058,0.2539277021303853,-0.08606770188600302,11.522400000000001,0.08431157694458077,0.552945100538573,-0.007310452514757692,0.552937202893077,-0.0069200250651379165,1.8653291568143329,-0.004989011562950285,0.36532915681433287,0,0,FOLLOWING,1.8653291568143329,0.5531133739068087,0
24.832,9.682427179615843,0.25240581938121287,-0.08628773302829407,11.54,0.08241845324487015,0.5529522690695964,-0.007261476591960106,0.5529444607987608,-0.006875973223642871,1.86533441711558,-0.004968573803422333,0.3653344171155799,0,0,FOLLOWING,1.86533441711558,0.553118501632305,0
24.864,9.700055726162498,0.2508800436276703,-0.0865063529137414,11.5576,0.08052411423710874,0.5529593469754892,-0.007212446074523193,0.5529516284560071,-0.006831871446747867,1.865339613031637,-0.004948111461193019,0.3653396130316371,0,0,FOLLOWING,1.865339613031637,0.5531235417582279,0
24.896,9.717684164822481,0.2493503999779715,-0.08672355994805081,11.5752,0.07862858785442726,0.5529663338848889,-0.007163361095162518,0.5529587054888092,-0.006787719848166581,1.8653447442952695,-0.004927624585053025,0.36534474429526953,0,0,FOLLOWING,1.8653447442952695,0.5531284939896962,0
24.928,9.735312494013378,0.24781691357107333,-0.08693935254078235,11.5928,0.07673190204746565,0.5529732294311547,-0.007114221793661971,0.5529656915258195,-0.0067435185483419174,1.8653498106426138,-0.004907113226846754,0.36534981064261385,0,0,FOLLOWING,1.8653498106426138,0.5531333580369814,0
24.96,9.752940712159974,0.24627960957658157,-0.08715372910555028,11.6104,0.07483408478395953,0.552980033252371,-0.007065028316808035,0.5529725862003879,-0.00669926767397026,1.8653548118131826,-0.004886577441448048,0.36535481181318263,0,0,FOLLOWING,1.8653548118131826,0.5531381336155232,0
24.992,9.77056881769431,0.24473851319465192,-0.08736668806023133,11.628,0.07293516404832855,0.5529867449913919,-0.007015780818304921,0.5529793891505815,-0.006654967358251913,1.8653597475498953,-0.004866017286722382,0.3653597475498953,0,0,FOLLOWING,1.8653597475498953,0.5531428204459429,0
25.024,9.788196809055744,0.24319364965588725,-0.08757822782716553,11.6456,0.07103516784126433,0.5529933642958625,-0.006966479458694627,0.5529861000192854,-0.006610617740665913,1.8653646175990952,-0.004845432823495546,0.3653646175990952,0,0,FOLLOWING,1.8653646175990952,0.5531474182540607,0
25.056,9.805824684691027,0.24164504422123106,-0.08778834683335403,11.6632,0.0691341241793161,0.5529998908182432,-0.00691712440528806,0.552992718454128,-0.006566218966872739,1.8653694217105667,-0.004824824115524554,0.36536942171056674,0,0,FOLLOWING,1.8653694217105667,0.5531519267709113,0
25.088,9.823452443054352,0.2400927221818575,-0.08799704351065718,11.680800000000001,0.06723206109447925,0.5530063242158442,-0.006867715832084898,0.5529992441075743,-0.006521771188719499,1.8653741596375613,-0.0048041912294642525,0.36537415963756126,0,0,FOLLOWING,1.8653741596375613,0.5531563457327608,0
25.12,9.841080082607427,0.23853670885905695,-0.08820431629598877,11.6984,0.06532900663378054,0.5530126641508362,-0.006818253919701158,0.5530056766369236,-0.006477274564130237,1.8653788311368054,-0.004783534234838432,0.36537883113680536,0,0,FOLLOWING,1.8653788311368054,0.5531606748811162,0
25.152,9.858707601819525,0.23697702960411882,-0.08841016363151154,11.716000000000001,0.06342498885886509,0.5530189102903167,-0.006768738855287085,0.5530120157043622,-0.006432729257132276,1.8653834359685484,-0.004762853204004755,0.3653834359685484,0,0,FOLLOWING,1.8653834359685484,0.5531649139627494,0
25.184,9.876334999167563,0.23541370979820891,-0.08861458396482418,11.733600000000001,0.06152003584558338,0.553025062306285,-0.006719170832464391,0.553018260976993,-0.006388135437598402,1.865387973896545,-0.004742148212129149,0.3653879738965451,0,0,FOLLOWING,1.865387973896545,0.5531690627297026,0
25.216,9.893962273136157,0.2338467748522455,-0.08881757574915208,11.7512,0.059614175683575805,0.5530311198757021,-0.006669550051247697,0.5530244121268054,-0.006343493281364679,1.8653924446881,-0.004721419337153378,0.36539244468810006,0,0,FOLLOWING,1.8653924446881,0.5531731209393076,0
25.248,9.911589422217686,0.23227625020677015,-0.08901913744353397,11.7688,0.05770743647585923,0.5530370826805057,-0.006619876717970128,0.5530304688307601,-0.006298802970097129,1.865396848114078,-0.004700666659764943,0.3653968481140779,0,0,FOLLOWING,1.865396848114078,0.5531770883541981,0
25.28,9.929216444912353,0.23070216133181506,-0.08921926751300441,11.7864,0.055799846338413193,0.5530429504076364,-0.00657015104521857,0.5530364307708061,-0.006254064691166958,1.8654011839489235,-0.0046798902633688605,0.3654011839489235,0,0,FOLLOWING,1.8654011839489235,0.5531809647423238,0
25.312,9.946843339728252,0.22912453372676772,-0.08941796442877935,11.804,0.053891433399764044,0.55304872274906,-0.006520373251754129,0.5530422976338822,-0.0062092786377388656,1.8654054519706773,-0.004659090234056183,0.3654054519706773,0,0,FOLLOWING,1.8654054519706773,0.553184749876963,0
25.344,9.96447010518143,0.22754339292023118,-0.08961522666843243,11.8216,0.051982225800570825,0.5530543994017958,-0.00647054356245332,0.5530480691119535,-0.006164445008494459,1.8654096519609975,-0.004638266660578316,0.3654096519609975,0,0,FOLLOWING,1.8654096519609975,0.5531884435367359,0
25.376,9.982096739795946,0.22595876446988175,-0.08981105271607777,11.839200000000002,0.05007225169321094,0.5530599800679432,-0.0064206622082229915,0.5530537449020485,-0.0061195640078220755,1.865413783705179,-0.004617419634313626,0.36541378370517896,0,0,FOLLOWING,1.865413783705179,0.5531920455056185,0
25.408,9.99972324210394,0.22437067396232227,-0.09000544106254495,11.8568,0.048161539241363766,0.5530654644546851,-0.006370729425941117,0.5530593247062751,-0.006074635845579569,1.8654178469921556,-0.004596549249241438,0.3654178469921556,0,0,FOLLOWING,1.8654178469921556,0.5531955555729495,0
25.44,10.017349610645692,0.22277914701293292,-0.09019839020555186,11.874400000000001,0.04625011661959599,0.5530708522743493,-0.006320745458388505,0.5530648082318039,-0.006029660737026844,1.8654218416145463,-0.004575655601913822,0.36542184161454627,0,0,FOLLOWING,1.8654218416145463,0.5531989735334517,0
25.472,10.034975843969686,0.22118420926571816,-0.09038989864987956,11.892,0.04433801201294684,0.5530761432443828,-0.0062707105541767545,0.5530701951909796,-0.005984638902889259,1.8654257673686356,-0.004554738791426511,0.36542576736863563,0,0,FOLLOWING,1.8654257673686356,0.5532022991872328,0
25.504,10.052601940632671,0.21958588639315044,-0.09057996490753932,11.909600000000001,0.04242525361651091,0.5530813370874262,-0.006220624967686285,0.5530754853012617,-0.005939570569108492,1.8654296240544288,-0.004533798919393539,0.3654296240544288,0,0,FOLLOWING,1.8654296240544288,0.5532055323398082,0
25.536,10.070227899199727,0.2179842040960109,-0.09076858749795005,11.927200000000001,0.040511869635024185,0.5530864335312882,-0.0061704889589842245,0.5530806782852847,-0.005894455967174412,1.8654334114756321,-0.004512836089911931,0.36543341147563213,0,0,FOLLOWING,1.8654334114756321,0.5532086728021017,0
25.568,10.087853718244325,0.21637918810322687,-0.09095576494809252,11.9448,0.03859788828244662,0.553091432308994,-0.0061203027937859235,0.553085773870876,-0.005849295333395847,1.865437129439691,-0.004491850409546638,0.365437129439691,0,0,FOLLOWING,1.865437129439691,0.5532117203904622,0
25.6,10.105479396348386,0.21477086417170518,-0.09114149579268516,11.9624,0.03668333778154675,0.553096333158809,-0.006070066743362191,0.5530907717910444,-0.0058040889095728534,1.8654407777578044,-0.004470841987292168,0.36544077775780437,0,0,FOLLOWING,1.8654407777578044,0.553214674926673,0
25.632,10.123104932102352,0.21315925808616407,-0.0913257785743417,11.98,0.03476824636348618,0.5531011358242395,-0.006019781084489357,0.5530956717840891,-0.005758836942436696,1.8654443562449274,-0.004449810934551781,0.36544435624492744,0,0,FOLLOWING,1.8654443562449274,0.5532175362379601,0
25.664,10.140730324105235,0.2115443956589607,-0.09150861184373273,11.9976,0.032852642267402025,0.553105840054079,-0.005969446099384139,0.5531004735935046,-0.0057135396837601675,1.8654478647198054,-0.004428757365110336,0.3654478647198054,0,0,FOLLOWING,1.8654478647198054,0.5532203041570054,0
25.696,10.158355570964696,0.20992630272991578,-0.09168999415974764,12.0152,0.03093655373999109,0.5531104456023972,-0.005919062075634566,0.5531051769680922,-0.005668197390384329,1.8654513030049646,-0.004407681395106153,0.36545130300496464,0,0,FOLLOWING,1.8654513030049646,0.5532229785219552,0
25.728,10.175980671297088,0.20830500516613532,-0.09186992408964943,12.032800000000002,0.029020009035094108,0.5531149522285953,-0.0058686293061413555,0.5531097816619333,-0.00562281032398063,1.8654546709267545,-0.004386583143006079,0.36545467092675454,0,0,FOLLOWING,1.8654546709267545,0.5532255591764291,0
25.76,10.193605623727533,0.20668052886182975,-0.09204840020923137,12.0504,0.027103036413277718,0.5531193596973863,-0.00581814808905771,0.5531142874344236,-0.005577378751123721,1.8654579683153323,-0.004365462729581243,0.3654579683153323,0,0,FOLLOWING,1.8654579683153323,0.5532280459695245,0
25.792,10.211230426889971,0.205052899738129,-0.0922254211029702,12.068000000000001,0.02518566414141846,0.5531236677788613,-0.005767618727724195,0.553118694050291,-0.005531902943170616,1.8654611950047117,-0.004344320277879829,0.36546119500471175,0,0,FOLLOWING,1.8654611950047117,0.5532304387558343,0
25.824,10.228855079427232,0.20342214374289602,-0.09240098536417811,12.0856,0.023267920492286612,0.5531278762484519,-0.005717041530616029,0.5531230012796297,-0.0054863831762289655,1.8654643508327364,-0.004323155913204257,0.36546435083273643,0,0,FOLLOWING,1.8654643508327364,0.5532327373954452,0
25.856,10.246479579991087,0.20178828685053646,-0.09257509159515266,12.103200000000001,0.021349833744127727,0.5531319848870059,-0.005666416811275591,0.5531272088978755,-0.005440819731091709,1.8654674356411347,-0.004301969763085167,0.3654674356411347,0,0,FOLLOWING,1.8654674356411347,0.5532349417539554,0
25.888,10.264103927242315,0.20015135506180567,-0.09274773840732783,12.120800000000001,0.019431432180247454,0.5531359934807576,-0.005615744888251229,0.5531313166858856,-0.005395212893270463,1.8654704492754983,-0.0042807619572553255,0.3654704492754983,0,0,FOLLOWING,1.8654704492754983,0.5532370517024735,0
25.92,10.281728119850767,0.19851137440361308,-0.0929189244214149,12.1384,0.01751274408859291,0.5531399018213676,-0.005565026085056799,0.5531353244298993,-0.00534956295268318,1.8654733915853112,-0.004259532627631235,0.3654733915853112,0,0,FOLLOWING,1.8654733915853112,0.5532390671176314,0
25.952,10.299352156495411,0.19686837092882367,-0.09308864826755332,12.156,0.015593797761336235,0.5531437097059467,-0.005514260730092721,0.5531392319215741,-0.005303870203959693,1.865476262423968,-0.0042382819082828205,0.365476262423968,0,0,FOLLOWING,1.865476262423968,0.5532409878815892,0
25.984,10.31697603586441,0.19522237071605686,-0.0932569085854511,12.1736,0.01367462149445806,0.5531474169370536,-0.00546344915660018,0.5531430389580334,-0.005258134946116327,1.8654790616487715,-0.0042170099354131435,0.36547906164877153,0,0,FOLLOWING,1.8654790616487715,0.5532428138820426,0
26.016000000000002,10.33459975665517,0.19357339986948174,-0.09342370402452549,12.191200000000002,0.01175524358732895,0.5531510233227287,-0.005412591702605083,0.5531467453418318,-0.00521235748256659,1.8654817891209585,-0.004195716847335537,0.3654817891209585,0,0,FOLLOWING,1.8654817891209585,0.5532445450122304,0
26.048000000000002,10.352223317574405,0.19192148451861138,-0.09358903324404513,12.208800000000002,0.009835692342292776,0.5531545286764886,-0.005361688710862586,0.5531503508810207,-0.005166538121169035,1.8654844447056949,-0.004174402784449471,0.36548444470569486,0,0,FOLLOWING,1.8654844447056949,0.5532461811709369,0
26.080000000000002,10.369846717338191,0.19026665081809288,-0.0937528949132658,12.226400000000002,0.007915996064250039,0.5531579328173695,-0.0053107405287961115,0.5531538553891223,-0.005120677174018287,1.8654870282721074,-0.004153067889218431,0.36548702827210744,0,0,FOLLOWING,1.8654870282721074,0.5532477222625006,0
26.112000000000002,10.387469954672031,0.1886089249474956,-0.09391528771156925,12.244,0.005996183060239168,0.5531612355699206,-0.005259747508451361,0.5531572586851771,-0.005074774957553253,1.8654895396932811,-0.004131712306146673,0.36548953969328113,0,0,FOLLOWING,1.8654895396932811,0.5532491681968184,0
26.144000000000002,10.405093028310915,0.18694833311109652,-0.09407621032859793,12.261600000000001,0.00407628163901979,0.5531644367642281,-0.005208710006435524,0.5531605605937423,-0.005028831792419962,1.8654919788462738,-0.004110336181756728,0.3654919788462738,0,0,FOLLOWING,1.8654919788462738,0.553250518889355,0
26.176000000000002,10.422715936999365,0.18528490153766325,-0.09423566146438621,12.279200000000003,0.002156320110655958,0.5531675362359292,-0.005157628383869116,0.5531637609448945,-0.004982848003365416,1.8654943456121285,-0.004088939664569177,0.36549434561212846,0,0,FOLLOWING,1.8654943456121285,0.5532517742611403,0
26.208000000000002,10.44033867949151,0.1836186564802341,-0.09439363982949604,12.296800000000001,0.00023632678609737315,0.5531705338262128,-0.0051065030063283485,0.5531668595743,-0.0049368239193774656,1.865496639875874,-0.0040675229050779055,0.3654966398758741,0,0,FOLLOWING,1.865496639875874,0.553252934238776,0
26.240000000000002,10.457961254551138,0.1819496242158964,-0.09455014414514741,12.3144,-0.001683670023237409,0.5531734293818557,-0.005055334243791244,0.5531698563231353,-0.0048907598735194605,1.8654988615265504,-0.004046086055727691,0.3654988615265504,0,0,FOLLOWING,1.8654988615265504,0.5532539987544447,0
26.272000000000002,10.475583660951742,0.18027783104556114,-0.09470517314334391,12.332,-0.003603642005877781,0.5531762227552363,-0.005004122470587902,0.5531727510381843,-0.004844656202777043,1.8655010104572196,-0.004024629270895087,0.3655010104572196,0,0,FOLLOWING,1.8655010104572196,0.5532549677459154,0
26.304000000000002,10.493205897476598,0.17860330329373664,-0.09485872556700425,12.349600000000002,-0.005523560850720109,0.5531789138043098,-0.004952868065350952,0.5531755435718504,-0.004798513248252232,1.8655030865649482,-0.0040031527068656175,0.36550308656494823,0,0,FOLLOWING,1.8655030865649482,0.5532558411565359,0
26.336000000000002,10.510827962918805,0.17692606730829868,-0.0950108001700853,12.3672,-0.0074433982474434186,0.5531815023926575,-0.0049015714109614805,0.5531782337820778,-0.00475233135488378,1.865505089750842,-0.003981656521813093,0.36550508975084206,0,0,FOLLOWING,1.865505089750842,0.5532566189352404,0
26.368000000000002,10.528449856081346,0.17524614946025904,-0.09516139571770793,12.3848,-0.0093631258869284,0.5531839883895026,-0.004850232894498695,0.5531808215324724,-0.004706110871544601,1.8655070199200592,-0.00396014087577809,0.3655070199200592,0,0,FOLLOWING,1.8655070199200592,0.5532573010365587,0
26.400000000000002,10.546071575777153,0.17356357614353077,-0.09531051098628206,12.4024,-0.01128271546167418,0.5531863716696888,-0.004798852907188412,0.5531833066922474,-0.004659852151024613,1.8655088769817938,-0.003938605930645878,0.3655088769817938,0,0,FOLLOWING,1.8655088769817938,0.5532578874206131,0
26.432000000000002,10.56369312082915,0.1718783737746921,-0.0954581447636267,12.420000000000002,-0.013202138666215061,0.553188652113722,-0.0047474318443499666,0.553185689136276,-0.004613555549851757,1.8655106608493064,-0.003917051850126016,0.3655106608493064,0,0,FOLLOWING,1.8655106608493064,0.5532583780531231,0
26.464000000000002,10.581314490070314,0.17019056879274755,-0.09560429584909008,12.4376,-0.015121367197539242,0.5531908296077593,-0.004695970105355545,0.5531879687450566,-0.0045672214283150984,1.8655123714399167,-0.0038954787997335654,0.36551237143991666,0,0,FOLLOWING,1.8655123714399167,0.5532587729054022,0
26.496000000000002,10.59893568234373,0.16850018765888689,-0.09574896305367066,12.455200000000001,-0.017040372755505486,0.5531929040436488,-0.004644468093569406,0.553190145404781,-0.004520850150485479,1.8655140086750317,-0.003873886946765159,0.3655140086750317,0,0,FOLLOWING,1.8655140086750317,0.5532590719543689,0
26.528000000000002,10.616556696502654,0.16680725685624204,-0.09589214520013178,12.472800000000001,-0.018959127043259763,0.5531948753188971,-0.004592926216311947,0.5531922190072787,-0.004474442084016897,1.8655155724801233,-0.0038522764602829523,0.36551557248012334,0,0,FOLLOWING,1.8655155724801233,0.5532592751825388,0
26.560000000000002,10.634177531410549,0.16511180288964117,-0.09603384112312019,12.490400000000001,-0.020877601767653842,0.5531967433367204,-0.0045413448847991195,0.5531941894500573,-0.0044279976002606514,1.8655170627847648,-0.00383064751109137,0.3655170627847648,0,0,FOLLOWING,1.8655170627847648,0.5532593825780306,0
26.592000000000002,10.651798185941153,0.16341385228536162,-0.09617404966928189,12.508000000000001,-0.022795768639661807,0.5531985080060335,-0.00448972451410058,0.5531960566363633,-0.004381517074200257,1.8655184795226225,-0.0038090002717166976,0.3655184795226225,0,0,FOLLOWING,1.8655184795226225,0.5532593941345658,0
26.624000000000002,10.669418658978529,0.16171343159087984,-0.09631276969737058,12.5256,-0.02471359937479654,0.5532001692414651,-0.004438065523095879,0.5531978204751202,-0.00433500088419513,1.8655198226314686,-0.003787334916391785,0.36551982263146865,0,0,FOLLOWING,1.8655198226314686,0.5532593098514688,0
26.656,10.687038949417122,0.16001056737461936,-0.09645000007836355,12.543200000000002,-0.02663106569352813,0.5532017269633579,-0.0043863683344266885,0.553199480880962,-0.004288449412235509,1.8655210920531793,-0.0037656516210338438,0.3655210920531793,0,0,FOLLOWING,1.8655210920531793,0.5532591297336695,0
26.688,10.704659056161804,0.15830528622569723,-0.09658573969557203,12.5608,-0.028548139321699965,0.5532031810977818,-0.004334633374443916,0.5532010377742368,-0.004241863043757738,1.8655222877337458,-0.003743950563224824,0.36552228773374584,0,0,FOLLOWING,1.8655222877337458,0.5532588537916927,0
26.72,10.722278978127932,0.15659761475366776,-0.09671998744474758,12.5784,-0.030464791990945893,0.5532045315765524,-0.004282861073174339,0.5532024910810294,-0.004195242167519444,1.8655234096232882,-0.00372223192219516,0.3655234096232882,0,0,FOLLOWING,1.8655234096232882,0.5532584820416735,0
26.752,10.739898714241399,0.15488757958826466,-0.09685274223419359,12.596,-0.03238099543910727,0.5532057783372244,-0.004231051864265744,0.5532038407331523,-0.004148587175768006,1.8655244576760488,-0.003700495878802182,0.3655244576760488,0,0,FOLLOWING,1.8655244576760488,0.5532580145053453,0
26.784,10.757518263438685,0.15317520737914075,-0.09698400298486969,12.613599999999998,-0.034296721410648795,0.5532069213231001,-0.0041792061849460615,0.5532050866681775,-0.004101898464006521,1.8655254318504004,-0.0036787426155130143,0.36552543185040043,0,0,FOLLOWING,1.8655254318504004,0.5532574512100402,0
26.816,10.775137624666907,0.1514605247956063,-0.09711376863049449,12.6312,-0.03621194165707652,0.5532079604832565,-0.004127324475986269,0.5532062288293982,-0.004055176430959668,1.8655263321088646,-0.0036569723163890205,0.36552633210886465,0,0,FOLLOWING,1.8655263321088646,0.5532567921886928,0
26.848,10.792756796883879,0.14974355852636476,-0.09724203811765379,12.648800000000001,-0.03812662793735372,0.5532088957725116,-0.00407540718165104,0.5532072671659276,-0.004008421478721754,1.8655271584180888,-0.003635185167064431,0.3655271584180888,0,0,FOLLOWING,1.8655271584180888,0.5532560374798318,0
26.88,10.810375779058143,0.1480243352792476,-0.09736881040590001,12.6664,-0.040040752018316604,0.553209727151467,-0.004023454749656905,0.5532082016325655,-0.0039616340125002165,1.8655279107488758,-0.0036133813547302995,0.3655279107488758,0,0,FOLLOWING,1.8655279107488758,0.5532551871275769,0
26.912,10.827994570169043,0.14630288178094591,-0.0974940844678548,12.683999999999997,-0.041954285675092046,0.5532104545864998,-0.003971467631130802,0.5532090321899282,-0.003914814440711939,1.8655285890761784,-0.0035915610681164644,0.36552858907617836,0,0,FOLLOWING,1.8655285890761784,0.5532542411816433,0
26.944,10.845613169206752,0.14457922477674132,-0.0976178592893076,12.7016,-0.04386720069151304,0.553211078049781,-0.003919446280569616,0.5532097588043992,-0.0038679631748469384,1.865529193379113,-0.0035697244974750852,0.36552919337911294,0,0,FOLLOWING,1.865529193379113,0.5532531996973371,0
26.976,10.863231575172337,0.1428533910302341,-0.09774013386931538,12.7192,-0.04577946886053415,0.5532115975192509,-0.003867391155802085,0.5532103814481604,-0.0038210806295150904,1.8655297236409418,-0.003547871834563066,0.36552972364094183,0,0,FOLLOWING,1.8655297236409418,0.5532520627355478,0
27.008,10.880849787077802,0.14112540732307036,-0.09786090722030016,12.736799999999999,-0.04769106198464872,0.5532120129786446,-0.0038153027179410356,0.5532109000991544,-0.0037741672223779114,1.865530179849091,-0.0035260032726250894,0.3655301798490911,0,0,FOLLOWING,1.865530179849091,0.5532508303627449,0
27.04,10.898467803946133,0.13939530045466744,-0.09798017836814683,12.754399999999999,-0.04960195187630404,0.5532123244175058,-0.0037631814313458835,0.5532113147411152,-0.003727223374146764,1.865530561995161,-0.0035041190063749283,0.365530561995161,0,0,FOLLOWING,1.865530561995161,0.5532495026509803,0
27.072,10.91608562481135,0.13766309724193626,-0.09809794635229589,12.771999999999998,-0.051512110358316314,0.5532125318311718,-0.0037110277635817746,0.5532116253636156,-0.0036802495084342643,1.8655308700749151,-0.0034822192319810263,0.36553087007491514,0,0,FOLLOWING,1.8655308700749151,0.553248079677879,0
27.104,10.933703248718558,0.1359288245190035,-0.09821421022583646,12.7896,-0.053421509264287674,0.5532126352207789,-0.0036588421853913644,0.5532118319619929,-0.003633246051763223,1.8655311040882845,-0.0034603041470520762,0.3655311040882845,0,0,FOLLOWING,1.8655311040882845,0.5532465615266379,0
27.136,10.951320674723982,0.13419250913693184,-0.0983289690556036,12.807199999999998,-0.055330120439019775,0.553212634593271,-0.003606625170636788,0.5532119345373824,-0.0035862134336897803,1.8655312640393735,-0.0034383739506152755,0.3655312640393735,0,0,FOLLOWING,1.8655312640393735,0.5532449482860146,0
27.168,10.968937901895023,0.13245417796343703,-0.09844222192226657,12.8248,-0.05723791573893047,0.5532125299614167,-0.0035543771962732113,0.5532119330967447,-0.0035391520865348256,1.8655313499364716,-0.0034164288431032808,0.36553134993647163,0,0,FOLLOWING,1.8655313499364716,0.5532432400503329,0
27.2,10.986554929310303,0.1307138578826056,-0.09855396792042298,12.8424,-0.05914486703246819,0.5532123213437729,-0.003502098742303635,0.5532118276528625,-0.003492062445559965,1.8655313617920288,-0.003394469026336264,0.36553136179202883,0,0,FOLLOWING,1.8655313617920288,0.5532414369194673,0
27.232,11.004171756059705,0.12897157579460874,-0.09866420615868261,12.86,-0.06105094620052604,0.5532120087647298,-0.0034497902917473137,0.5532116182242863,-0.0034449449486446374,1.8655312996226863,-0.0033724947035092406,0.36553129962268627,0,0,FOLLOWING,1.8655312996226863,0.5532395389988429,0
27.264,11.021788381244424,0.12722735861541656,-0.09877293575976354,12.8776,-0.0629561251368578,0.5532115922544842,-0.003397452330593372,0.5532113048354287,-0.003397800036672707,1.865531163449258,-0.003350506079170659,0.36553116344925796,0,0,FOLLOWING,1.865531163449258,0.5532375463994282,0
27.296,11.039404803977007,0.1254812332765092,-0.0988801558605737,12.895199999999999,-0.0648603757484917,0.5532110718490522,-0.0033450853477706094,0.5532108875164875,-0.0033506281530777766,1.8655309532967395,-0.0033285033592114904,0.36553095329673946,0,0,FOLLOWING,1.8655309532967395,0.5532354592377285,0
27.328,11.057021027670244,0.12373322673507113,-0.09898585229524308,12.9128,-0.06676366995614397,0.5532104417659496,-0.0032927223745403073,0.5532104997492249,-0.003303013586043798,1.865530664928956,-0.003306500308253413,0.36553066492895603,0,0,FOLLOWING,1.865530664928956,0.5532332776357796,0
27.36,11.074637052825427,0.1219833662158169,-0.09908995236066727,12.9304,-0.06866597969463424,0.5532097009358942,-0.0032405355937576985,0.5532100497096826,-0.003253127046996449,1.8655302970475025,-0.003284569219151573,0.3655302970475025,0,0,FOLLOWING,1.8655302970475025,0.5532310017211389,0
27.392,11.092252873007467,0.12023168031379704,-0.0991924347845127,12.948,-0.07056727691329873,0.5532088576293184,-0.0031885751664289964,0.553209317095543,-0.003202575747526357,1.8655298554083737,-0.003262731311930417,0.3655298554083737,0,0,FOLLOWING,1.8655298554083737,0.5532286316268817,0
27.424,11.109868487336847,0.11847819802564707,-0.09929330029417696,12.965599999999998,-0.07246753357640319,0.5532079122455812,-0.003136840470742857,0.5532084734884607,-0.0031520471792361583,1.8655293402967723,-0.003240986332365081,0.3655293402967723,0,0,FOLLOWING,1.8655293402967723,0.5532261674915904,0
27.456,11.12748389520726,0.11672294828396149,-0.09939255089186513,12.9832,-0.07436672166355783,0.5532068648022029,-0.003085327839155975,0.5532075271604895,-0.0031015811798562544,1.865528751734423,-0.003219332739990352,0.365528751734423,0,0,FOLLOWING,1.865528751734423,0.5532236094593544,0
27.488,11.145099096038377,0.11496595994335593,-0.09949018948851934,13.000800000000002,-0.07626481317012877,0.5532057152802542,-0.003034031365328834,0.5532064788765519,-0.003051206147423854,1.865528089724079,-0.003197768053433317,0.3655280897240789,0,0,FOLLOWING,1.865528089724079,0.5532209576797494,0
27.52,11.162714089250779,0.11320726177349266,-0.09958621962869027,13.0184,-0.0781617801076525,0.5532044636610026,-0.0029829435460013956,0.5532053286620846,-0.003000941882204943,1.8655273542737651,-0.0031762891206715133,0.36552735427376515,0,0,FOLLOWING,1.8655273542737651,0.5532182123078331,0
27.552,11.180328874263319,0.11144688245593029,-0.09968064527588287,13.035999999999998,-0.08005759450424793,0.5532031099313057,-0.0029320557880383705,0.5532040764775674,-0.0029508014765208374,1.8655265453990797,-0.003154892332083978,0.3655265453990797,0,0,FOLLOWING,1.8655265453990797,0.553215373504141,0
27.584,11.197943450493089,0.10968485058413589,-0.09977347064658548,13.0536,-0.08195222840502822,0.5532016540853746,-0.002881358804072439,0.553202722286881,-0.00290079283610073,1.865525663123237,-0.0031335737866475255,0.3655256631232371,0,0,FOLLOWING,1.865525663123237,0.5532124414346791,0
27.616,11.215557817355773,0.10792119466546557,-0.09986470008321016,13.071200000000001,-0.08384565387251426,0.5532000961258801,-0.0028308429180889444,0.55320126606463,-0.0028509198960639365,1.8655247074769135,-0.0031123294202944213,0.36552470747691346,0,0,FOLLOWING,1.8655247074769135,0.553209416270904,0
27.648,11.233171974266176,0.10615594312420772,-0.09995433795796249,13.088799999999999,-0.08573784298704601,0.5531984360647022,-0.0027804982987391156,0.5531997077972004,-0.002801183587454077,1.8655236784980562,-0.0030911551039144447,0.3655236784980562,0,0,FOLLOWING,1.8655236784980562,0.5532062981897178,0
27.68,11.250785920638792,0.10438912430508965,-0.10004238860110605,13.106399999999999,-0.0876287678471935,0.5531966739234372,-0.002730315135180443,0.5531980474830492,-0.0027515825995850516,1.865522576231696,-0.003070046717211658,0.36552257623169604,0,0,FOLLOWING,1.865522576231696,0.5532030873734635,0
27.712,11.268399655888402,0.10262076647689335,-0.10012885624838548,13.123999999999999,-0.08951840057016962,0.5531948097336726,-0.002680283767456536,0.5531962851327242,-0.002702113978741025,1.8655214007297307,-0.0030490002034645196,0.3655214007297307,0,0,FOLLOWING,1.8655214007297307,0.5531997840099083,0
27.744,11.28601317943065,0.1008508978359929,-0.10021374500336716,13.1416,-0.09140671329224052,0.5531928435371464,-0.002630394781249379,0.5531944207688481,-0.002652773594350347,1.8655201520507367,-0.0030280116093232556,0.36552015205073674,0,0,FOLLOWING,1.8655201520507367,0.553196388292237,0
27.776,11.30362649068261,0.0990795465097336,-0.10029705881135023,13.159199999999998,-0.09329367816913592,0.5531907753857783,-0.002580639074893772,0.5531924544258511,-0.0026035565005601015,1.8655188302597734,-0.00300707711295227,0.3655188302597734,0,0,FOLLOWING,1.8655188302597734,0.5531929004190349,0
27.808,11.321239589063325,0.09730674055964283,-0.10037880144217412,13.1768,-0.09517926737646093,0.5531886053416446,-0.002531007904987861,0.5531903861497959,-0.0025544572142582734,1.8655174354282142,-0.0029861930431848427,0.36551743542821424,0,0,FOLLOWING,1.8655174354282142,0.5531893205942854,0
27.84,11.338852473994331,0.09553250798449354,-0.10045897647984066,13.1944,-0.09706345311010571,0.5531863334768337,-0.0024814929156013773,0.5531882159980733,-0.002505469928013898,1.865515967633542,-0.002965355891784968,0.365515967633542,0,0,FOLLOWING,1.865515967633542,0.5531856490273497,0
27.872,11.356465144900147,0.09375687672325518,-0.10053758731731145,13.212,-0.09894620758665483,0.5531839598733496,-0.002432086154998853,0.5531859440390566,-0.0024565886718245747,1.8655144269592192,-0.002944562320468899,0.3655144269592192,0,0,FOLLOWING,1.8655144269592192,0.5531818859329601,0
27.904,11.374077601208775,0.09197987465796756,-0.1006146371552138,13.2296,-0.10082750304379842,0.553181484622897,-0.0023827800829773573,0.5531835703518679,-0.0024078074352411587,1.8655128134945018,-0.0029238091639810504,0.3655128134945018,0,0,FOLLOWING,1.8655128134945018,0.5531780315312065,0
27.936,11.39168984235215,0.0902015296165648,-0.10069012900345647,13.2472,-0.10270731174073985,0.5531789078267284,-0.002333567571194332,0.5531810950259218,-0.0023591202583122,1.8655111273343197,-0.002903093430227724,0.3655111273343197,0,0,FOLLOWING,1.8655111273343197,0.5531740860475229,0
27.968,11.40930186776662,0.08842186937566587,-0.10076406568502566,13.264800000000001,-0.10458560595860626,0.5531762295954172,-0.002284441898272939,0.5531785181607236,-0.002310521299701236,1.8655093685791218,-0.0028824122982161193,0.36550936857912175,0,0,FOLLOWING,1.8655093685791218,0.5531700497126777,0
28.0,11.426913676893376,0.08664092166333882,-0.10083644984133781,13.2824,-0.1064623580008567,0.5531734500486747,-0.0022353967411551504,0.5531758398654915,-0.0022620048853582036,1.8655075373347627,-0.0028617631144190335,0.3655075373347627,0,0,FOLLOWING,1.8655075373347627,0.553165922762752,0
28.032,11.444525269178898,0.08485871416183645,-0.10090728393872422,13.3,-0.10833754019368981,0.5531705693151442,-0.002186426163727341,0.5531730602589263,-0.002213565543871733,1.8655056337123852,-0.002841143387992434,0.3655056337123852,0,0,FOLLOWING,1.8655056337123852,0.5531617054391381,0
28.064,11.462136644075384,0.08307527451029383,-0.10097657027568885,13.3112,-0.11021112488645325,0.5442054241272402,-0.0033839028393539573,0.5531701794688957,-0.0021651980306362545,1.85913822143889,-0.0031772264626058894,0.35913822143889007,0,0,FOLLOWING,1.85913822143889,0.5481861973357474,0
28.096,11.479474704445156,0.08131830529286944,-0.10108257229937571,13.3224,-0.11208308445205074,0.535507512352139,-0.004482673212631936,0.5445821987292512,-0.003312563276121884,1.853045531699417,-0.003477320387520286,0.353045531699417,0,0,FOLLOWING,1.853045531699417,0.5398561222838164,0
28.128,11.496534072629203,0.07958770416150246,-0.10122056496874816,13.333600000000002,-0.1139533912873488,0.5271024524985652,-0.005491526530236928,0.5358353117149307,-0.004312270614414021,1.84723289737225,-0.0037456012955273538,0.34723289737225005,0,0,FOLLOWING,1.84723289737225,0.529387570797345,0
28.16,11.513323169295125,0.07788208484955807,-0.10138785373846916,13.3448,-0.11582201781358505,0.5189946796438073,-0.006415589214800714,0.5273550788039799,-0.005227773156398286,1.8416917931068988,-0.003984297611111048,0.3416917931068988,0,0,FOLLOWING,1.8416917931068988,0.517685406439379,0
28.192,11.529851788174184,0.07620001236184899,-0.10158197549907876,13.355999999999998,-0.11768893647677427,0.5111849030622609,-0.0072597590337485,0.5191836613662252,-0.006066303516871563,1.8364123219027808,-0.0041954609200385296,0.3364123219027808,0,0,FOLLOWING,1.8364123219027808,0.5054138199889294,0
28.224,11.546129783394825,0.07454011861847351,-0.10180059589029952,13.3672,-0.11955411974811402,0.5036720911756732,-0.008028830664520549,0.5113227150688602,-0.006831885217826452,1.8313845328530887,-0.004381058400054135,0.33138453285308866,0,0,FOLLOWING,1.8313845328530887,0.49305182978059525,0
28.256,11.562166913067038,0.07290110792338551,-0.1020415140840638,13.378400000000001,-0.12141754012439207,0.49645382377528663,-0.008727451304129255,0.5037690729940042,-0.007528691183436414,1.8265985774244857,-0.00454296307411331,0.3265985774244857,0,0,FOLLOWING,1.8265985774244857,0.4809368134508133,0
28.288,11.577972798556617,0.07128175185086862,-0.1023026637982553,13.3896,-0.12327917012839025,0.4895264775765852,-0.009360094859150002,0.4965183150760338,-0.00816092597986708,1.8220447495522718,-0.004682948427469996,0.3220447495522718,0,0,FOLLOWING,1.8220447495522718,0.46929855141018095,0
28.32,11.593556897351656,0.06968088388493371,-0.10258211146354833,13.400799999999998,-0.12513898230929113,0.48288538920289314,-0.009931045718883999,0.4895651869921438,-0.00873273686799048,1.8177135121723513,-0.004802686312128129,0.31771351217235133,0,0,FOLLOWING,1.8177135121723513,0.45828576526845893,0
28.352,11.608928479667565,0.06809739481939743,-0.10287805232981176,13.411999999999999,-0.12699694924308214,0.476525008309643,-0.01044438964922022,0.48290371487904643,-0.00924814942532332,1.8135955200978757,-0.00490374736768405,0.3135955200978757,0,0,FOLLOWING,1.8135955200978757,0.4479867318888098,0
28.384,11.624096608023292,0.06653022892551747,-0.10318880519265644,13.423200000000001,-0.12885304353295926,0.470439040768961,-0.010904010091406057,0.47652729646250985,-0.00971102443148825,1.8096816400070717,-0.004987603265665594,0.30968164000707166,0,0,FOLLOWING,1.8096816400070717,0.438445230212284,0
28.416,11.639070119792354,0.06497838076999066,-0.10351280629639477,13.434399999999998,-0.13070723780973242,0.46462058103929565,-0.011313588417563815,0.47042879249128844,-0.010125032134465242,1.8059629675287705,-0.005055630182534895,0.3059629675287705,0,0,FOLLOWING,1.8059629675287705,0.42967281906020516,0
28.448,11.653857612704309,0.06344089255153575,-0.10384860283905968,13.4456,-0.13255950473222827,0.45906223318515343,-0.011676606961849838,0.46460061764610483,-0.010493639816706892,1.8024308414381556,-0.0051091130243799965,0.3024308414381556,0,0,FOLLOWING,1.8024308414381556,0.4216582374135724,0
28.48,11.66846743319462,0.061916851833298425,-0.10419484638503057,13.4568,-0.13440981698769283,0.4537562203850554,-0.011996353912341304,0.459034828506636,-0.010820108908639955,1.799076855052909,-0.0051492500437440025,0.29907685505290904,0,0,FOLLOWING,1.799076855052909,0.4143745539145337,0
28.512,11.68290766744186,0.06040538956600852,-0.10455028639024842,13.468,-0.13625814729219543,0.4486944830689913,-0.012275929387042497,0.453723206720203,-0.011107498507262012,1.7958928649803803,-0.005177157592985052,0.29589286498038025,0,0,FOLLOWING,1.7958928649803803,0.40778456116391804,0
28.544,11.697186134893101,0.058905678317363,-0.10491376396642749,13.4792,-0.13810446839103047,0.44386876605593223,-0.012518252214791501,0.4486573361436437,-0.01135867284459109,1.7928709974059183,-0.005193874843660462,0.29287099740591827,0,0,FOLLOWING,1.7928709974059183,0.4018448060441983,0
28.576,11.711310384056361,0.057416930643222966,-0.10528420595307245,13.4904,-0.13994875305911852,0.4392706952288603,-0.012726067094966513,0.4438286732356114,-0.01157631090620938,1.7900036521364349,-0.005200368366589325,0.29000365213643486,0,0,FOLLOWING,1.7900036521364349,0.39650856435941506,0
28.608,11.72528769032967,0.05593839755408035,-0.10566061932629503,13.501600000000002,-0.14179097410140926,0.43489184439758205,-0.012901951922856961,0.4392286103663048,-0.011762916955777311,1.7872835046241604,-0.005197536514475465,0.2872835046241604,0,0,FOLLOWING,1.7872835046241604,0.39172800221858556,0
28.64,11.739125055636016,0.05446936704505572,-0.10604208594782026,13.5128,-0.1436311043532817,0.4307237930690831,-0.013048325146497477,0.4348485320028369,-0.011920831165473877,1.784703506197269,-0.0051862135811134025,0.2847035061972689,0,0,FOLLOWING,1.784703506197269,0.38745571433755605,0
28.672,11.75282920963971,0.05300916266929087,-0.10642775764247578,13.524000000000001,-0.14546911668094403,0.42675817587994747,-0.013167453073341266,0.4306798639399363,-0.01205223988063523,1.7822568827190222,-0.0051671737317008784,0.28225688271902216,0,0,FOLLOWING,1.7822568827190222,0.3836457880358157,0
28.704,11.766406612330677,0.05155714214321354,-0.10681685158473905,13.5352,-0.14730498398183547,0.42298672445242047,-0.013261457078341761,0.4267141158936534,-0.012159185277408077,1.7799371318868806,-0.005141134710748049,0.27993713188688063,0,0,FOLLOWING,1.7799371318868806,0.3802545089556372,0
28.736,11.779863457776761,0.05011269597821972,-0.10720864597210321,13.5464,-0.149138679185024,0.41940130242321966,-0.01333232068437419,0.4229429178728452,-0.012243574325485144,1.7777380193702563,-0.005108761340030091,0.27773801937025633,0,0,FOLLOWING,1.7777380193702563,0.37724079867139065,0
28.768,11.793205678859819,0.04867524613732648,-0.10760247596311587,13.557600000000003,-0.15097017525160703,0.41599393436582804,-0.013381896496657813,0.41935805080253397,-0.01230718705886651,1.7756535739702424,-0.005070668821235621,0.27565357397024237,0,0,FOLLOWING,1.7756535739702424,0.3745664539797487,0
28.8,11.806438952827484,0.04724424471778161,-0.1079977298596433,13.5688,-0.15279944517510954,0.41275682928923985,-0.013411912977910766,0.4159514719014081,-0.012351684207669236,1.7736780819689255,-0.005027425857811407,0.2736780819689255,0,0,FOLLOWING,1.7736780819689255,0.37219624164216697,0
28.832,11.819568707509088,0.045819172661902344,-0.10839384551533511,13.579999999999998,-0.1546264619818817,0.40968239935109896,-0.013423981053032701,0.41271533532307675,-0.012378614266732058,1.7718060808195029,-0.004979557609137333,0.27180608081950286,0,0,FOLLOWING,1.7718060808195029,0.3700978897899737,0
28.864,11.832600128060102,0.04439953849890525,-0.10879030695468152,13.5912,-0.15645119873149782,0.40676327437479126,-0.01341960053296513,0.40964200856144,-0.01238942007651076,1.7700323523125285,-0.004927548488413619,0.27003235231252853,0,0,FOLLOWING,1.7700323523125285,0.36824200738095036,0
28.896,11.84553816411499,0.04298487712047024,-0.10918664118943577,13.602400000000001,-0.15827362851715293,0.40399231271015323,-0.01340016634738856,0.40672408510022456,-0.012385444990653624,1.7683519153383307,-0.004871844813679846,0.2683519153383307,0,0,FOLLOWING,1.7683519153383307,0.3666019554409342,0
28.928,11.858387537242752,0.04157474859245106,-0.10958241522100694,13.6136,-0.160093724466059,0.401362608927605,-0.013366974576498653,0.4039543937593872,-0.01236793868751298,1.7667600183511383,-0.004812857319821159,0.2667600183511383,0,0,FOLLOWING,1.7667600183511383,0.3651536878774542,0
28.96,11.871152748612884,0.040168737004660955,-0.1099772332190084,13.624799999999999,-0.16191145973984236,0.39886749878721517,-0.013321228272659507,0.40132600515883293,-0.012338062674973331,1.76525213162706,-0.004750963538013742,0.26525213162705996,0,0,FOLLOWING,1.76525213162706,0.363875575050873,0
28.992,11.88383808679184,0.03876644936012306,-0.11037073386727847,13.636,-0.16372680753493893,0.3965005618779795,-0.013264043063843742,0.3988322356856338,-0.012296895523941606,1.7638239393956658,-0.0046865100480640715,0.26382393939566584,0,0,FOLLOWING,1.7638239393956658,0.3627482197432512,0
29.024,11.896447635601222,0.03736751450464726,-0.11076258786949654,13.647200000000002,-0.16553974108298875,0.394255622279442,-0.01319645253223614,0.39646664931595516,-0.01224543785569349,1.762471331913806,-0.004619814608407241,0.2624713319138059,0,0,FOLLOWING,1.762471331913806,0.36175427244717373,0
29.056,11.90898528197912,0.0359715820971113,-0.11115249560709209,13.658399999999999,-0.1673502336512321,0.39212674755732935,-0.013119413363062746,0.394223057608351,-0.01218461710102457,1.7611903975400478,-0.00455116816808572,0.2611903975400478,0,0,FOLLOWING,1.7611903975400478,0.3608782508250369,0
29.088,11.921454723795007,0.034578321620411225,-0.11154018494252847,13.6696,-0.16915825854290226,0.3901082463681435,-0.013033810260454755,0.39209551815198523,-0.012115292043219886,1.7599774148592013,-0.00448083676476696,0.25997741485920134,0,0,FOLLOWING,1.7599774148592013,0.3601063666210158,0
29.12,11.933859477576663,0.03318742143270274,-0.11192540916125245,13.6808,-0.17096378909762025,0.38819466491362314,-0.012940460629169573,0.39007833172178763,-0.012038257151360176,1.7588288448981377,-0.00440906331281346,0.25882884489813773,0,0,FOLLOWING,1.7588288448981377,0.3594263621304124,0
29.152,11.94620288611477,0.031798587858281574,-0.11230794504581124,13.692,-0.17276679869178768,0.3863807824559146,-0.012840119022572379,0.38816603836333513,-0.011954246710579415,1.7577413234672437,-0.004336069285343358,0.25774132346724365,0,0,FOLLOWING,1.7577413234672437,0.3588273574562722,0
29.184,11.958488125917,0.030411544317245125,-0.1126875910756969,13.7032,-0.17456726073897857,0.38466160607648137,-0.012733481359169591,0.386353412603458,-0.011863938751039185,1.7567116536553438,-0.004262056294346686,0.25671165365534376,0,0,FOLLOWING,1.7567116536553438,0.3582997091411884,0
29.216,11.97071821448898,0.029026030492920872,-0.11306416574662509,13.7144,-0.17636514869033254,0.38303236483753067,-0.012621188911320483,0.384635457957756,-0.011767958780273915,1.7557367985006145,-0.004187207572934296,0.2557367985006145,0,0,FOLLOWING,1.7557367985006145,0.35783488029935706,0
29.248,11.982896017424235,0.027641801535943058,-0.11343750600303827,13.725600000000002,-0.17816043603494583,0.38148850348280716,-0.012503832071108119,0.38300740088420393,-0.011666883321463595,1.7548138738551802,-0.004111689363885215,0.2548138738551802,0,0,FOLLOWING,1.7548138738551802,0.3574253220474165,0
29.28,11.99502425528939,0.02625862730378752,-0.11380746577772131,13.7368,-0.17995309630026146,0.38002567579522334,-0.012381953899490483,0.381464684311808,-0.011561243260706414,1.7539401414569293,-0.004035652218733392,0.25394014145692934,0,0,FOLLOWING,1.7539401414569293,0.3570643658095975,0
29.312,12.007105510294432,0.024876291634535575,-0.11417391463258003,13.748000000000001,-0.18174310305246094,0.3786397377119012,-0.012256053465647634,0.3800029608555305,-0.01145152700836115,1.753113002218635,-0.003959232211627653,0.253113002218635,0,0,FOLLOWING,1.753113002218635,0.35674612592765426,0
29.344,12.01914223274092,0.023494591653618477,-0.114536736494776,13.7592,-0.18353042989685334,0.37732674028192903,-0.012126588984159132,0.37861808581284345,-0.011338183478958104,1.752329989741266,-0.003882552072217244,0.2523299897412661,0,0,FOLLOWING,1.752329989741266,0.35646541191883985,0
29.376,12.031136747243636,0.022113337112294636,-0.11489582848257465,13.7704,-0.18531505047826388,0.3760829225392803,-0.011993980758185153,0.37730611002296804,-0.011221624894723359,1.751588764055955,-0.0038057222417888364,0.2515887640559551,0,0,FOLLOWING,1.751588764055955,0.35621764968086916,0
29.408,12.043091258723367,0.02073234975662228,-0.11525109981547499,13.781600000000003,-0.1870969384814239,0.3749047043515421,-0.011858613937110086,0.3760632726579421,-0.011102229419401847,1.7508871055967048,-0.0037288418568165033,0.2508871055967048,0,0,FOLLOWING,1.7508871055967048,0.3559988109293098,0
29.44,12.055007858170377,0.019351462725711137,-0.11560247080339868,13.7928,-0.1888760676313581,0.3737886792953494,-0.011720841097308152,0.37488599400310696,-0.010980343628867106,1.7502229094042252,-0.0036519996639884224,0.2502229094042252,0,0,FOLLOWING,1.7502229094042252,0.355805350161372,0
29.472,12.066888528179716,0.017970519978064124,-0.11594987190992434,13.803999999999998,-0.1906524116937716,0.372731607600559,-0.011580984654789087,0.3737708682758076,-0.010856284825026544,1.7495941795596432,-0.0035752748706900654,0.24959417955964325,0,0,FOLLOWING,1.7495941795596432,0.35563414846373387,0
29.504,12.078735148260714,0.01658937574484791,-0.11629324288479112,13.8152,-0.1924259444754379,0.3717304091976967,-0.011439339118451939,0.3727146565223435,-0.010730343200511526,1.748999023845563,-0.003498737934786972,0.24899902384556305,0,0,FOLLOWING,1.748999023845563,0.3554824635156188,0
29.536,12.090549499924222,0.01520789400896697,-0.11663253196113194,13.826400000000001,-0.19419663982458377,0.37078215689670674,-0.011296173192524567,0.37171427962604797,-0.010602783861459103,1.7484356486309065,-0.003422451297405482,0.2484356486309065,0,0,FOLLOWING,1.7484356486309065,0.35534788517817767,0
29.568,12.102333271551853,0.013825948008850451,-0.11696769511311908,13.8376,-0.1959644716312762,0.3698840697195277,-0.01115173173664018,0.3707668114533885,-0.010473848715426455,1.747902353975163,-0.003346470062274759,0.24790235397516303,0,0,FOLLOWING,1.747902353975163,0.3552282961042679,0
29.6,12.114088063052298,0.012443419765893604,-0.11729869536995262,13.848799999999999,-0.19772941382780668,0.36903350640400506,-0.011006237591725724,0.36986947215936256,-0.010343758232080365,1.747397528946876,-0.003270842625022294,0.24739752894687594,0,0,FOLLOWING,1.747397528946876,0.3551218368470263,0
29.632,12.125815390310269,0.011060199634534555,-0.11762550218233457,13.86,-0.19949144038907515,0.3682279590927122,-0.010859893279657407,0.3690196216688906,-0.010212713083404226,1.7469196471507655,-0.003195611255670708,0.24691964715076553,0,0,FOLLOWING,1.7469196471507655,0.35502687498966345,0
29.664,12.137516689434031,0.009676185873979965,-0.11794809083781851,13.871200000000002,-0.20125052533297488,0.36746504721667395,-0.010712882584265258,0.3682147533470133,-0.010080895671040173,1.7464672624574344,-0.003120812637398565,0.24646726245743444,0,0,FOLLOWING,1.7464672624574344,0.3549419778616989,0
29.696,12.149193320807825,0.008291284240629783,-0.11826644192160968,13.882399999999999,-0.203006642720775,0.3667425115810181,-0.010565372021045781,0.3674524878672747,-0.00994847154662792,1.7460390049293142,-0.0030464783644957583,0.2460390049293142,0,0,FOLLOWING,1.7460390049293142,0.35486588844764355,0
29.728,12.160846572955666,0.006905407600284522,-0.11858054081962865,13.893600000000001,-0.2047597666575024,0.3660582086570801,-0.010417512202523899,0.36673056728475883,-0.009815590732539884,1.7456335769363127,-0.0029726354022563684,0.24563357693631271,0,0,FOLLOWING,1.7456335769363127,0.3547975041325651,0
29.76,12.172477666223143,0.005518475559252891,-0.11889037726083264,13.9048,-0.20650987129232468,0.3654101050832341,-0.010269439105941913,0.3660468493178718,-0.009682388948676339,1.745249749454418,-0.00289930651142066,0.2452497494544179,0,0,FOLLOWING,1.745249749454418,0.35473585796469265,0
29.792,12.184087756283915,0.004130414113510062,-0.11919594489598512,13.916,-0.20825693081893085,0.3647962723752335,-0.010121275249559266,0.3653993018408573,-0.009548988751498282,1.7448863585406171,-0.0028265106396051093,0.24488635854061713,0,0,FOLLOWING,1.7448863585406171,0.3546801021483344,0
29.824,12.195677937477623,0.0027411553150904736,-0.11949724091025354,13.927200000000001,-0.21000091947591124,0.3642148818449979,-0.009973130783550173,0.3647859975873226,-0.00941550059112436,1.744542301977264,-0.0027542632820254796,0.2445423019772639,0,0,FOLLOWING,1.744542301977264,0.354629493510582,0
29.856,12.207249245985858,0.001350636954928606,-0.11979426566717111,13.9384,-0.2117418115471387,0.3636641997258984,-0.009825104501144821,0.3642051090637614,-0.009282023791487471,1.744216536079261,-0.0026825768136767426,0.24421653607926097,0,0,FOLLOWING,1.744216536079261,0.3545833807129493,0
29.888,12.21880266285283,-4.119773860628419e-05,-0.12008702238167245,13.949600000000002,-0.2134795813621462,0.3631425825013902,-0.009677284775349904,0.36365490367054315,-0.009148647458875059,1.7439080726573775,-0.002611460794995315,0.24390807265737746,0,0,FOLLOWING,1.7439080726573775,0.35454119300412595,0
29.92,12.230339116857207,-0.0014344003862061224,-0.12037551682006599,13.9608,-0.21521420329650692,0.36264847243303266,-0.009529750426268456,0.36313373902733065,-0.00901545132371924,1.7436159761311272,-0.002540922252906044,0.24361597613112718,0,0,FOLLOWING,1.7436159761311272,0.3545024303326194,0
29.952,12.241859487241495,-0.0028290177298475995,-0.1206597570249443,13.972000000000001,-0.21694565177221126,0.3621803932835263,-0.009382571523736043,0.3626400584986776,-0.008882506519889373,1.7433393607848986,-0.0024709659390248634,0.2433393607848986,0,0,FOLLOWING,1.7433393607848986,0.3544666546585039,0
29.984,12.253364606305208,-0.0042250918914083,-0.12093975306318186,13.9832,-0.21867390125804353,0.3617369462295,-0.009235810129714356,0.36217238691527653,-0.008749876306183253,1.7430773881609454,-0.0024015945666819583,0.24307738816094537,0,0,FOLLOWING,1.7430773881609454,0.35443348232168104,0
30.016000000000002,12.264855261867861,-0.0056226606183175445,-0.12121551679527671,13.9944,-0.22039892626995966,0.36131680595881094,-0.00908952098461846,0.3617293264855358,-0.008617616733331383,1.7428292645832621,-0.0023328090283222663,0.24282926458326215,0,0,FOLLOWING,1.7428292645832621,0.35440257734048636,0
30.048000000000002,12.276332199607678,-0.007021757516853705,-0.12148706166443919,14.005600000000003,-0.22212070137146228,0.3609187169465178,-0.008943752141460001,0.3613095528921835,-0.008485777261086186,1.7425942388063487,-0.0022646085947215927,0.24259423880634867,0,0,FOLLOWING,1.7425942388063487,0.35437364552903794,0
30.080000000000002,12.287796125281728,-0.008422412273674849,-0.12175440250391502,14.0168,-0.22383920117397524,0.3605414899036492,-0.008798545551498628,0.3609118115678747,-0.008354401328040176,1.7423715997831557,-0.002196991097384096,0.2423715997831557,0,0,FOLLOWING,1.7423715997831557,0.35434642933474175,0
30.112000000000002,12.299247706832992,-0.009824650866145722,-0.12201755536115663,14.027999999999999,-0.2255544003372192,0.3601839983927924,-0.008653937604793112,0.36053491414394934,-0.008223526878141948,1.7421606745467073,-0.0021299530953711177,0.2421606745467073,0,0,FOLLOWING,1.7421606745467073,0.35432070330898613,0
30.144000000000002,12.310687576389666,-0.011228495761998195,-0.12227653733754891,14.039200000000001,-0.22726627356958465,0.3598451756042696,-0.008509959628874244,0.3601777350662458,-0.008093186846769298,1.7419608261999788,-0.0020634900277379797,0.24196082619997883,0,0,FOLLOWING,1.7419608261999788,0.35429627013424186,0
30.176000000000002,12.322116332161857,-0.012633966108839838,-0.12253136644248225,14.050400000000002,-0.22897479562850429,0.35952401128688494,-0.008366638348523026,0.35983920837173783,-0.007963409609089233,1.7417714520089391,-0.001997596352671993,0.24177145200893913,0,0,FOLLOWING,1.7417714520089391,0.3542729571399732,0
30.208000000000002,12.333534540240548,-0.014041077914002413,-0.12278206146065469,14.0616,-0.2306799413208264,0.3592195488271531,-0.008223996309451722,0.3595183246199291,-0.007834219393450302,1.7415919815938086,-0.001932265674350578,0.24159198159380857,0,0,FOLLOWING,1.7415919815938086,0.3542506132478162,0
30.240000000000002,12.344942736303613,-0.01544984421519984,-0.12302864183157015,14.072799999999999,-0.23238168550318572,0.35893088247093813,-0.00808205226849543,0.35921412797277846,-0.007705636662530635,1.7414218752137454,-0.0018674908584614541,0.24142187521374536,0,0,FOLLOWING,1.7414218752137454,0.3542291062935942,0
30.272000000000002,12.356341427233389,-0.01686027524244476,-0.12327112754026442,14.084,-0.2340800030823737,0.3586571546815827,-0.007940821552753738,0.3589257134172846,-0.007577678464183415,1.7412606221404123,-0.0018032641372704716,0.24126062214041233,0,0,FOLLOWING,1.7412606221404123,0.35420832068005775,0
30.304000000000002,12.367731092650166,-0.018272378571652526,-0.12350953901837426,14.095200000000002,-0.23577486901570982,0.35839755362871634,-0.007800316389942769,0.3586522241245078,-0.0074503587546885484,1.74110773911605,-0.0017395772050468467,0.2411077391160501,0,0,FOLLOWING,1.74110773911605,0.35418815531980924,0
30.336000000000002,12.37911218636575,-0.019686159270341737,-0.12374389705471227,14.106399999999999,-0.23746625831140927,0.3581513108020787,-0.0076605462120740405,0.3583928489393998,-0.0073236886957765215,1.740962768891891,-0.0016764213046106952,0.24096276889189094,0,0,FOLLOWING,1.740962768891891,0.3541685218327646,0
30.368000000000002,12.390485137761102,-0.021101620035821285,-0.12397422271459432,14.117600000000001,-0.23915414602895294,0.3579176987448129,-0.007521517934423806,0.35814681999572007,-0.007197676928165934,1.7408252788429048,-0.0016137873056970287,0.24082527884290483,0,0,FOLLOWING,1.7408252788429048,0.35414934296688383,0
30.400000000000002,12.401850353091826,-0.02251876132623699,-0.1242005372671928,14.1288,-0.2408385072794544,0.35769602890076463,-0.0073832362116495655,0.3579134104503466,-0.007072329822365545,1.7406948596550016,-0.0015516657758070371,0.2406948596550016,0,0,FOLLOWING,1.7406948596550016,0.35413055121460735,0
30.432000000000002,12.413208216725163,-0.023937581484832382,-0.1244228621202749,14.14,-0.2425193172260266,0.3574856495707623,-0.007245703672713255,0.35769193233173613,-0.006947651709453242,1.7405711240811523,-0.0014900470441281122,0.24057112408115233,0,0,FOLLOWING,1.7405711240811523,0.3541120876009277,0
30.464000000000002,12.424559092311961,-0.02535807685776281,-0.12464121876169648,14.151200000000001,-0.244196551084149,0.3572859439726207,-0.007108921136271226,0.357481734497238,-0.006823645092195445,1.7404537057628138,-0.0014289212591151457,0.24045370576281377,0,0,FOLLOWING,1.7404537057628138,0.35409390062186125,0
30.496000000000002,12.435903323896898,-0.02678024190578515,-0.12485562870711711,14.1624,-0.24587018412203265,0.35709632840017635,-0.006972887807917161,0.35728220069426625,-0.006700310839444592,1.740342258113437,-0.001368278440215115,0.2403422581134369,0,0,FOLLOWING,1.740342258113437,0.35407594531474745,0
30.528000000000002,12.447241236970145,-0.028204069310130645,-0.12506611345338542,14.173600000000002,-0.2475401916609841,0.3569162504765895,-0.006837601460718151,0.3570927477203975,-0.006577648363354454,1.7402364532608459,-0.0013081085242506452,0.24023645326084586,0,0,FOLLOWING,1.7402364532608459,0.35405818244407344,0
30.560000000000002,12.458573139463448,-0.02962955007285409,-0.125272694437136,14.184800000000001,-0.2492065490757707,0.35674518749736756,-0.0067030586002962715,0.35691282367774346,-0.0064556557822316,1.7401359810454498,-0.0012484014068883387,0.24013598104544975,0,0,FOLLOWING,1.7401359810454498,0.35404057778849046,0
30.592000000000002,12.469899322693498,-0.0310566736119377,-0.1254753929981418,14.196000000000002,-0.2508692317949829,0.3565826448589142,-0.006569254615619969,0.3567419063170203,-0.006334330069138313,1.7400405480714936,-0.0011891469796076193,0.24004054807149355,0,0,FOLLOWING,1.7400405480714936,0.3540231015165262,0
30.624000000000002,12.481220062255295,-0.03248542785141547,-0.12567423034701175,14.2072,-0.25252821530139613,0.3564281545682775,-0.0064361839166424935,0.3565795014671777,-0.006213667187697779,1.7399498768085175,-0.001130335162558338,0.23994987680851754,0,0,FOLLOWING,1.7399498768085175,0.35400572763994387,0
30.656000000000002,12.492535618868118,-0.033915799306771015,-0.12586922753686006,14.2184,-0.25418347513233347,0.35628127383024294,-0.006303840059772309,0.35642514154610394,-0.006093662216191605,1.7398637047404986,-0.0010719559336501427,0.23986370474049856,0,0,FOLLOWING,1.7398637047404986,0.3539884335351574,0
30.688000000000002,12.503846239176536,-0.03534777316584911,-0.12606040543859118,14.229600000000003,-0.2558349868800257,0.3561415837078923,-0.0061722158621425735,0.356278384148711,-0.005974309460557339,1.7397817835601632,-0.0010139993542048473,0.23978178356016322,0,0,FOLLOWING,1.7397817835601632,0.35397119952421724,0
30.72,12.515152156508808,-0.036781333365509976,-0.12624778471948142,14.2408,-0.2574827261919708,0.35600868785299306,-0.00604130350554873,0.3561388107084577,-0.005855602557412649,1.739703878406133,-0.0009564555914697848,0.23970387840613294,0,0,FOLLOWING,1.739703878406133,0.3539540085079771,0
30.752,12.52645359159491,-0.038216462664243736,-0.12643138582476202,14.251999999999999,-0.25912666877129403,0.3558822113027706,-0.005911094630857545,0.3560060252286261,-0.005737534567841456,1.739629767140687,-0.000899314938265533,0.23962976714068707,0,0,FOLLOWING,1.739629767140687,0.353936845644975,0
30.784,12.53775075324627,-0.03965314271095198,-0.12661122896192337,14.263199999999998,-0.26076679037710543,0.35576179933963176,-0.005781580423669336,0.35587965308000746,-0.0056200980624421994,1.7395592396659674,-0.0008425678300328365,0.23955923966596737,0,0,FOLLOWING,1.7395592396659674,0.3539196980703089,0
30.816,12.549043838999246,-0.041091354110094465,-0.12678733408748646,14.2744,-0.2624030668248576,0.355647116410776,-0.005652751691918528,0.3557593398614436,-0.00550328519841175,1.7394920972766736,-0.0007862048595120852,0.23949209727667364,0,0,FOLLOWING,1.7394920972766736,0.35390255464955683,0
30.848,12.56033303572423,-0.04253107648338635,-0.12695972089602375,14.2856,-0.2640354739867023,0.3555378451045702,-0.005524598936041119,0.35564475032031073,-0.005387087789854278,1.7394281520472863,-0.0007302167892611899,0.2394281520472863,0,0,FOLLOWING,1.7394281520472863,0.35388540576335775,0
30.88,12.571618520202204,-0.04397228852822455,-0.12712840881119908,14.2968,-0.2656639877918458,0.355433685180863,-0.00539711241233714,0.35553556732962077,-0.0052714973708742,1.7393672262520363,-0.000674594562226627,0.23936722625203632,0,0,FOLLOWING,1.7393672262520363,0.35386824311886567,0
30.912,12.582900459670443,-0.04541496807301312,-0.12729341697863888,14.307999999999998,-0.2672885842269046,0.35533435265243113,-0.005270282190065522,0.35543149091915355,-0.005156505252796032,1.739309151815872,-0.0006193293105439257,0.2393091518158721,0,0,FOLLOWING,1.739309151815872,0.3538510595847093,0
30.944,12.59417901233901,-0.046859092129546975,-0.12745476426045255,14.319199999999999,-0.2689092393362591,0.35523957891496255,-0.005144098202794625,0.35533223735754793,-0.0050421025757097825,1.7392537697947974,-0.0005644123627384923,0.2392537697947974,0,0,FOLLOWING,1.7392537697947974,0.3538338490465273,0
30.976,12.605454327879578,-0.04830463694260714,-0.12761246923123623,14.330400000000001,-0.2705259292224063,0.35514910992307025,-0.005018550294471267,0.3552375382830809,-0.004928280354824586,1.7392009298840323,-0.0005098352494815606,0.2392009298840323,0,0,FOLLOWING,1.7392009298840323,0.35381660628052203,0
31.008,12.61672654788805,-0.04975157803691307,-0.1277665501754072,14.341599999999998,-0.27213863004631333,0.35506270540993157,-0.004893628260668119,0.3551471398802584,-0.004815029522042502,1.7391504899525003,-0.00045558970804771004,0.23915048995250032,0,0,FOLLOWING,1.7391504899525003,0.3537993268427772,0
31.04,12.627995806322355,-0.05119989026156753,-0.12791702508572994,14.3528,-0.27374731802776836,0.35498013814840634,-0.004769321885383111,0.35506080210010754,-0.00470234096321548,1.739102315602318,-0.00040166768559887767,0.23910231560231798,0,0,FOLLOWING,1.739102315602318,0.3537820069724074,0
31.072,12.63926222991675,-0.05264954783212815,-0.12806391166291164,14.363999999999999,-0.2753519694457306,0.3549011932512758,-0.004645620973791509,0.3549782979219292,-0.004590205551546756,1.7390562797518383,-0.00034806134141773803,0.2390562797518383,0,0,FOLLOWING,1.7390562797518383,0.35376464350674836,0
31.104,12.65052593857386,-0.05410052437042621,-0.12820722731613401,14.3752,-0.27695256063868157,0.3548256675088063,-0.00452251538130276,0.3548994126540997,-0.004478614176863934,1.7390122622411381,-0.00029476304820943983,0.23901226224113814,0,0,FOLLOWING,1.7390122622411381,0.35374723380716677,0
31.136,12.661787045735675,-0.05555279294225319,-0.12834698916443607,14.3864,-0.27854906800497237,0.3547533687614734,-0.0043999950392105015,0.3548239432721727,-0.004367557772204549,1.73897014945863,-0.00024176539255685303,0.23897014945863004,0,0,FOLLOWING,1.73897014945863,0.3537297756940948,0
31.168,12.67304565873457,-0.05700632609302508,-0.12848321403883436,14.397599999999999,-0.2801414680031732,0.3546841153061581,-0.004278049977260384,0.3547516977921544,-0.0042570273368656274,1.7389298339877608,-0.00018906117463451944,0.2389298339877608,0,0,FOLLOWING,1.7389298339877608,0.35371226739018014,0
31.2,12.684301879125455,-0.05846109588153143,-0.12861591848509765,14.408800000000001,-0.2817297371524196,0.35461773533401525,-0.004156670343388156,0.3546824946771687,-0.0041470139568456086,1.7388912142727015,-0.00013664340725944024,0.23889121427270155,0,0,FOLLOWING,1.7388912142727015,0.35369470747053156,0
31.232,12.695555803000063,-0.05991707391187005,-0.1287451187670924,14.42,-0.2833138520327584,0.3545540663982743,-0.004035846420902366,0.3546161622758245,-0.004037508822701737,1.7388541943019686,-8.450531436141051e-05,0.23885419430196864,0,0,FOLLOWING,1.7388541943019686,0.3536770948191557,0
31.264,12.70680752128429,-0.06137423136366171,-0.12887083087062848,14.4312,-0.2848937892854942,0.35449295491057586,-0.003915568643309639,0.3545525382904569,-0.003928503245159151,1.7388186833091261,-3.264032893540714e-05,0.23881868330912615,0,0,FOLLOWING,1.7388186833091261,0.35365942859084226,0
31.296,12.718057120019536,-0.06283253902063693,-0.12899307050773318,14.4424,-0.28646952561353295,0.35443425566412035,-0.0037958276070286542,0.35449146927390796,-0.0038199886685136653,1.738784595489525,1.89579094508896e-05,0.2387845954895249,0,0,FOLLOWING,1.738784595489525,0.35364170817778523,0
31.328,12.729304680628879,-0.06429196729767975,-0.1291118531212945,14.4536,-0.2880410377817253,0.354377831382412,-0.003676614082167696,0.35443281015308026,-0.003711956682159623,1.7387518497323393,7.029555754234362e-05,0.23875184973233932,0,0,FOLLOWING,1.7387518497323393,0.35362393318038315,0
31.36,12.740550280168906,-0.0657524862664108,-0.1292271938900185,14.464800000000002,-0.28960830261721004,0.35432355229209545,-0.0035579190215564442,0.35437642377807793,-0.0036043990304038113,1.7387203693669944,0.00012137857161673149,0.23872036936699437,0,0,FOLLOWING,1.7387203693669944,0.3536061033816625,0
31.392,12.751793991567945,-0.06721406567938594,-0.12933910773364823,14.475999999999999,-0.2911712970097554,0.35427129571871285,-0.003439733568195812,0.3543221804953871,-0.003497307620657774,1.7386900819232736,0.000172212710994879,0.23869008192327357,0,0,FOLLOWING,1.7386900819232736,0.3535882187248904,0
31.424,12.763035883851474,-0.06867667499298465,-0.12944760931840268,14.487199999999998,-0.29272999791209925,0.3542209457041248,-0.003322049061265986,0.3542699577440189,-0.00339067453028877,1.7386609189043496,0.00022280354179790576,0.2386609189043496,0,0,FOLLOWING,1.7386609189043496,0.353570279293996,0
31.456,12.774276032599115,-0.07014028335585515,-0.12955263726243585,14.4984,-0.2942843823402902,0.35417237690963704,-0.0032050387562490264,0.3542199572356162,-0.0032821232572744553,1.7386328054180138,0.000273079862237402,0.2386328054180138,0,0,FOLLOWING,1.7386328054180138,0.353552285296405,0
31.488,12.785514489547678,-0.07160485878022689,-0.12965404739315006,14.5096,-0.29583442737402493,0.35412550594886477,-0.0030890675620492106,0.35417143435284526,-0.003169066590577861,1.7386056904265,0.00032288874223376784,0.23860569042649993,0,0,FOLLOWING,1.7386056904265,0.3535342370480155,0
31.52,12.796751313279637,-0.07307036710931437,-0.12975185593237212,14.5208,-0.29738011015698773,0.3540802354901272,-0.0029741258666962584,0.3541245928832966,-0.0030565168560412405,1.7385795164467797,0.000372235846870711,0.23857951644677966,0,0,FOLLOWING,1.7385795164467797,0.3535161349600515,0
31.552,12.80798655971814,-0.0745367740465562,-0.12984608217525087,14.531999999999998,-0.29892140789718674,0.3540364727346838,-0.0028601964638443893,0.35407934921262124,-0.0029445700949306507,1.7385542287144138,0.0004211299781471667,0.23855422871441379,0,0,FOLLOWING,1.7385542287144138,0.353497979527552,0
31.584,12.819220281859128,-0.07600404521738131,-0.12993674749091644,14.543199999999999,-0.3004582978672895,0.3539941298709124,-0.002747256765068645,0.35403561192215127,-0.0028332911191583264,1.738529775440647,0.00046958213198750043,0.23852977544064702,0,0,FOLLOWING,1.738529775440647,0.35347977131927955,0
31.616,12.830452529887397,-0.07747214619980497,-0.13002387464014747,14.554400000000001,-0.3019907574049594,0.3539531238853691,-0.002635280397113052,0.35399329335346813,-0.0027227234177388693,1.738506107692791,0.0005176048259187549,0.23850610769279101,0,0,FOLLOWING,1.738506107692791,0.3534615109688905,0
31.648,12.841683351323828,-0.07894104254896879,-0.1301074872432454,14.565599999999998,-0.303518763913189,0.35391337632006603,-0.002524238459905348,0.353952310529118,-0.0026128938507615595,1.7384831792444877,0.0005652115710855499,0.2384831792444877,0,0,FOLLOWING,1.7384831792444877,0.35344319916719097,0
31.68,12.852912791169205,-0.08041069981574067,-0.13018760936808293,14.5768,-0.3050422948606328,0.35387481303456775,-0.0024141005078384126,0.35391258502019063,-0.0025038164048289306,1.7384609464301588,0.0006124164612080485,0.2384609464301588,0,0,FOLLOWING,1.7384609464301588,0.3534248366553737,0
31.712,12.864140892041283,-0.08188108356070388,-0.13026426521402382,14.588,-0.3065613277819407,0.35383736397853427,-0.002304835309202089,0.3538740427183063,-0.0023954951890308466,1.7384393680067007,0.0006592338551845989,0.23843936800670074,0,0,FOLLOWING,1.7384393680067007,0.3534064242190603,0
31.744,12.875367694305,-0.08335215936475407,-0.1303374788721185,14.5992,-0.3080758402780885,0.3538009629751886,-0.0021964114283657844,0.35383661360808544,-0.002287926818581602,1.7384184050225013,0.0007056781344668972,0.23841840502250133,0,0,FOLLOWING,1.7384184050225013,0.3533879626831093,0
31.776,12.886593236195962,-0.08482389283723238,-0.13040727414578612,14.6104,-0.3095858100167079,0.3537655475153683,-0.002088797666853992,0.3538002315498234,-0.00218110230500014,1.7383980206934042,0.0007517635199319472,0.2383980206934042,0,0,FOLLOWING,1.7383980206934042,0.353369452907048,0
31.808,12.897817553937555,-0.0862962496222723,-0.13047367441931815,14.621599999999999,-0.3110912147324166,0.35373105856178766,-0.001981963392394093,0.3537648340727692,-0.0020750085505432353,1.7383781802852603,0.0007975039359583991,0.23837818028526025,0,0,FOLLOWING,1.7383781802852603,0.3533508957810711,0
31.84,12.90904068185186,-0.08776919540385013,-0.13053670256403582,14.632800000000001,-0.31259203222714627,0.35369744036326695,-0.0018758787793519756,0.35373036217880477,-0.0019696295248950372,1.7383588510028134,0.0008429129118114886,0.2383588510028134,0,0,FOLLOWING,1.7383588510028134,0.3533322922225386,0
31.872,12.920262652464718,-0.08924269590989134,-0.13059638087396055,14.644,-0.31408824037046934,0.353664640278345,-0.0017705149794071673,0.3536967601561564,-0.0018649471874320452,1.738340001884483,0.0008880035123717822,0.238340001884483,0,0,FOLLOWING,1.738340001884483,0.3533136431728859,0
31.904,12.931483496605189,-0.0907167169156807,-0.1306527310244909,14.6552,-0.3155798170999265,0.35363260860810003,-0.0016658442375449864,0.3536639754026163,-0.0017609422061885364,1.7383216037028666,0.000932788291835851,0.2383216037028666,0,0,FOLLOWING,1.7383216037028666,0.3532949495949351,0
31.936,12.942703243499672,-0.09219122424675255,-0.13070577404889766,14.6664,-0.3170667404213506,0.35360129843758836,-0.0015618399654755422,0.3536319582580568,-0.0016575945146720097,1.7383036288705553,0.0009772792652787132,0.23830362887055534,0,0,FOLLOWING,1.7383036288705553,0.35327621247051205,0
31.968,12.953921920860978,-0.09366618378138533,-0.13075553032852189,14.6776,-0.3185489884091921,0.3535706654856346,-0.001458476782078814,0.35360066184560507,-0.0015548837400820022,1.7382860513510592,0.0010214878940213445,0.23828605135105918,0,0,FOLLOWING,1.7382860513510592,0.3532574327983717,0
32.0,12.965139554972588,-0.09514156145278688,-0.1308020195933875,14.688800000000002,-0.32002653920684226,0.3535406679625157,-0.0013557305285960553,0.3535700419212378,-0.0014527895287457908,1.73826884657453,0.0010654250815479716,0.23826884657452996,0,0,FOLLOWING,1.73826884657453,0.35323861159236103,0
32.032000000000004,12.976356170768364,-0.09661732325103337,-0.13084526093064663,14.7,-0.3214993710269544,0.35351126643517156,-0.0012535782646337802,0.3535400567312996,-0.0013512917909302596,1.7382519913580385,0.0011091011774118087,0.23825199135803854,0,0,FOLLOWING,1.7382519913580385,0.3532197498798019,0
32.064,12.987571791907936,-0.09809343522480611,-0.13088527279880302,14.711200000000002,-0.32296746215176664,0.3534824236996504,-0.0011519982498236676,0.35351066687765464,-0.0012503708813681534,1.7382354638302067,0.0011525259870880655,0.23823546383020666,0,0,FOLLOWING,1.7382354638302067,0.3532008487000955,0
32.096000000000004,12.998786440847999,-0.0995698634829606,-0.1309220730461065,14.7224,-0.3244307909334208,0.3534541046602476,-0.001050969914959923,0.35348183518998627,-0.001150007729620855,1.7382192433598562,0.0011957087861670377,0.23821924335985623,0,0,FOLLOWING,1.7382192433598562,0.3531819091034461,0
32.128,13.010000138909746,-0.10104657419595123,-0.13095567893185708,14.733600000000001,-0.3258893357942828,0.35342627621523093,-0.0009504738255760655,0.35345352660494184,-0.0010501839310114872,1.738203310488595,0.0012386583376335634,0.238203310488595,0,0,FOLLOWING,1.738203310488595,0.3531629321497851,0
32.160000000000004,13.021212906342617,-0.10252353359713427,-0.13098610714963743,14.7448,-0.32734307522725953,0.3533989071486151,-0.0008504916403256779,0.35342570805180146,-0.0009508818068649824,1.7381876468670123,0.0012813829112458541,0.23818764686701233,0,0,FOLLOWING,1.7381876468670123,0.3531439189077799,0
32.192,13.032424762384597,-0.10400070798396384,-0.1310133738517038,14.756,-0.32879198779611796,0.3533719680278077,-0.0007510060659969594,0.3533983483442449,-0.0008520844407382491,1.7381722351943665,0.0013238903042419312,0.23817223519436648,0,0,FOLLOWING,1.7381722351943665,0.3531248704539904,0
32.224000000000004,13.043635725319211,-0.1054780637190961,-0.131037494673948,14.767199999999999,-0.3302360521357981,0.35334543110672495,-0.0006520008105574959,0.35337141807804134,-0.000753775696236983,1.7381570591615227,0.001366187862785556,0.23815705916152274,0,0,FOLLOWING,1.7381570591615227,0.3531057878720973,0
32.256,13.05484581252943,-0.10695556723141288,-0.1310584847609903,14.7784,-0.3316752469527319,0.35331927023417353,-0.0005534605353185481,0.3533448895341156,-0.0006559402211256047,1.7381421033970108,0.0014082825037013136,0.2381421033970108,0,0,FOLLOWING,1.7381421033970108,0.353086672252245,0
32.288000000000004,13.066055040548614,-0.10843318501697592,-0.13107635879105395,14.789599999999998,-0.3331095510251538,0.35329346076715873,-0.0004553708070373672,0.3533187365870056,-0.0005585634404978682,1.738127353416002,0.001450180736153217,0.238127353416002,0,0,FOLLOWING,1.738127353416002,0.3530675246904287,0
32.32,13.07726342510869,-0.1099108836399212,-0.13109113100036743,14.8008,-0.33453894320341604,0.3532679794888928,-0.0003577180505999817,0.353292934618193,-0.00046163154201202586,1.738112795572063,0.0014918886830007638,0.238112795572063,0,0,FOLLOWING,1.738112795572063,0.35304834628797804,0
32.352000000000004,13.088470981185687,-0.11138862973330088,-0.1311028152069225,14.812,-0.3359634024102988,0.35324280453121804,-0.0002604895027022991,0.35326746043413626,-0.0003651314557748084,1.7380984170115206,0.0015334121016598867,0.23809841701152057,0,0,FOLLOWING,1.7380984170115206,0.353029138151069,0
32.384,13.099677723042786,-0.11286638999988083,-0.13111142483344262,14.823200000000002,-0.33738290764132267,0.3532179153012793,-0.0001636731668936717,0.35324229218876335,-0.00026905082965358233,1.7380842056303325,0.001574756404318145,0.2380842056303325,0,0,FOLLOWING,1.7380842056303325,0.35300990139032257,0
32.416000000000004,13.110883664271013,-0.11434413121289917,-0.13111697292948332,14.8344,-0.3387974379650564,0.3531932924121057,-6.725777019924964e-05,0.3532174093101537,-0.00017337800213907377,1.7380701500332647,0.0016159266774184167,0.2380701500332647,0,0,FOLLOWING,1.7380701500332647,0.35299063712040674,0
32.448,13.122088817827695,-0.1158218202167913,-0.13111947219259962,14.845600000000003,-0.3402069725234282,0.35316891761703245,2.8767278520784128e-05,0.35319279243120794,-7.810197322966833e-05,1.738056239495333,0.0016569277003436191,0.23805623949533294,0,0,FOLLOWING,1.738056239495333,0.3529713464597172,0
32.480000000000004,13.133293196072826,-0.11729942392788634,-0.13111893498855628,14.856800000000002,-0.3416114905320298,0.3531447737475959,0.00012441192837759415,0.3531684233240677,1.678762553610871e-05,1.7380424639252892,0.0016977639632712593,0.23804246392528916,0,0,FOLLOWING,1.7380424639252892,0.35295203053005336,0
32.512,13.144496810803425,-0.11877690933507738,-0.13111537337056875,14.868000000000002,-0.34301097128042674,0.3531208446548794,0.00021968552439924043,0.35314428483812155,0.00011130056131590816,1.7380288138311415,0.0017384396841803873,0.2380288138311415,0,0,FOLLOWING,1.7380288138311415,0.3529326904563619,0
32.544000000000004,13.155699673286009,-0.12025424350046973,-0.13110879909757195,14.8792,-0.3444053941324605,0.35309711515398634,0.0003145968435680244,0.35312036084132875,0.0002054460303763694,1.7380152802875135,0.0017789588250044508,0.2380152802875135,0,0,FOLLOWING,1.7380152802875135,0.35291332736647263,0
32.576,13.166901794287288,-0.12173139356000856,-0.13109922365153628,14.890400000000001,-0.3457947385265552,0.3530735709715703,0.00040915412899206817,0.35309663616477294,0.0002992326878609988,1.7380018549048044,0.001819325106941938,0.2380018549048044,0,0,FOLLOWING,1.7380018549048044,0.3528939423908886,0
32.608000000000004,13.178103184103179,-0.1232083267240886,-0.13108665825385252,14.9016,-0.3471789839760187,0.35305019869616394,0.0005033651222300743,0.35307309655025315,0.00039266867688751006,1.7379885297999933,0.001859542024941846,0.2379885297999933,0,0,FOLLOWING,1.7379885297999933,0.35287453666256313,0
32.64,13.189303852586209,-0.12468501027814582,-0.13107111388081544,14.9128,-0.3485581100693472,0.3530269857312733,0.0005972370938369664,0.3530497286006047,0.00048576165669701895,1.7379752975690723,0.0018996128613896213,0.23797529756907232,0,0,FOLLOWING,1.7379752975690723,0.3528551113167235,0
32.672000000000004,13.20050380917142,-0.126161411583234,-0.1310526012782346,14.924,-0.3499320964705231,0.35300392025095434,0.0006907768721629756,0.3530265197328805,0.0005785188299657654,1.7379621512609378,0.001939540699016029,0.23796215126093778,0,0,FOLLOWING,1.7379621512609378,0.3528356674906863,0
32.704,13.211703062900858,-0.1276374980765848,-0.13103113097520774,14.935200000000002,-0.3513009229193183,0.35298099115786213,0.0007839908704851222,0.3530034581339575,0.0006709469689258806,1.7379490843527354,0.001979328433057981,0.23794908435273543,0,0,FOLLOWING,1.7379490843527354,0.3528162063237129,0
32.736000000000004,13.222901622446688,-0.12911323727215374,-0.13100671329710267,14.9464,-0.3526645692315894,0.352958188043515,0.0008768851125563594,0.35298053271859486,0.0007630524401458515,1.7379360907265082,0.002018978782715397,0.23793609072650823,0,0,FOLLOWING,1.7379360907265082,0.3527967289568379,0
32.768,13.23409949613306,-0.13058859676115026,-0.1309793583777716,14.957600000000001,-0.35402301529957875,0.35293550115079925,0.0009694652566171808,0.35295773308979533,0.0008548412284859347,1.7379231646471613,0.002058494301920677,0.23792316464716134,0,0,FOLLOWING,1.7379231646471613,0.35277723653275433,0
32.8,13.245296691956764,-0.1320635442125537,-0.13094907617104767,14.9688,-0.3553762410922083,0.35291292133841645,0.0010617366179658128,0.35293504950126947,0.0009463189595434555,1.7379103007415668,0.002097877389466124,0.23791030074156683,0,0,FOLLOWING,1.7379103007415668,0.35275773019566864,0
32.832,13.256493217606717,-0.1335380473736145,-0.13091587646155617,14.979999999999999,-0.35672422665537623,0.35289044004736825,0.0011537041901608092,0.35291247282196725,0.0010374909210647616,1.7378974939788687,0.0021371302985208618,0.23789749397886872,0,0,FOLLOWING,1.7378974939788687,0.35273821109117953,0
32.864,13.267689080482432,-0.13501207407034033,-0.13087976887487235,14.9912,-0.3580669521122515,0.35286804926915577,0.00124537266489967,0.35288999450258524,0.0011283620833609901,1.7378847396517934,0.0021762551455579704,0.23788473965179335,0,0,FOLLOWING,1.7378847396517934,0.3527186803661744,0
32.896,13.278884287711396,-0.13648559220796774,-0.13084076288707633,15.002399999999998,-0.35940439766356547,0.3528457415157939,0.001336746450698022,0.3528676065437622,0.0012189371181597875,1.737872033359027,0.002215253918747162,0.23787203335902696,0,0,FOLLOWING,1.737872033359027,0.35269913916870227,0
32.928,13.290078846165544,-0.13795856977141854,-0.1307988678337219,15.013599999999999,-0.36073654358790563,0.3528235097914093,0.0014278296903881148,0.35284530146620774,0.0013092204169043607,1.7378593709885242,0.0022541284858182686,0.23785937098852417,0,0,FOLLOWING,1.7378593709885242,0.35267958864788784,0
32.96,13.301272762476799,-0.13943097482574165,-0.13075409291826817,15.024799999999997,-0.3620633702420047,0.3528013475653737,0.0015186262775299913,0.3528230722822143,0.0013992161075573196,1.7378467487017175,0.00229288060144503,0.23784674870171751,0,0,FOLLOWING,1.7378467487017175,0.35266002995381407,0
32.992,13.312466043051733,-0.1409027755165387,-0.13070644721999294,15.035999999999998,-0.3633848580610323,0.35277924874696226,0.0016091398717957223,0.352800912468891,0.0014889280707849977,1.7378341629186245,0.002331511914164558,0.23783416291862447,0,0,FOLLOWING,1.7378341629186245,0.35264046423744405,0
33.024,13.323658694085458,-0.1423739400703765,-0.13065593970142844,15.0472,-0.3647009875588808,0.3527572076612918,0.0016993739133833606,0.3527788159428356,0.0015783599548846823,1.737821610303705,0.002370023972868146,0.23782161030370497,0,0,FOLLOWING,1.737821610303705,0.3526208926505145,0
33.056,13.334850721574703,-0.1438444367951825,-0.13060257921534157,15.058400000000002,-0.3660117393284557,0.3527352190266373,0.0017893316365158699,0.3527567770360732,0.0016675151900254913,1.7378090877525298,0.002408418232882431,0.23780908775252985,0,0,FOLLOWING,1.7378090877525298,0.3526013163454548,0
33.088,13.346042131330194,-0.14531423408062633,-0.1305463745112919,15.069599999999998,-0.3673170940419586,0.3527132779329539,0.0018790160821016144,0.3527347904734093,0.0017563970014366687,1.7377965923791565,0.002446696061675163,0.2377965923791565,0,0,FOLLOWING,1.7377965923791565,0.35258173647528696,0
33.12,13.357232928988328,-0.14678330039848606,-0.13048733424178818,15.080800000000002,-0.3686170324511755,0.35269137982160986,0.001968430109584042,0.3527128513509838,0.0018450084219513029,1.7377841215042176,0.002484858744199153,0.23778412150421757,0,0,FOLLOWING,1.7377841215042176,0.3525621541935696,0
33.152,13.36842312002221,-0.1482516043029994,-0.1304254669680699,15.092,-0.3699115353877577,0.35266952046609634,0.002057576408028715,0.3526909551159995,0.001933352303744368,1.737771672643582,0.002522907487897768,0.2377716726435819,0,0,FOLLOWING,1.737771672643582,0.35254257065428246,0
33.184,13.379612709752063,-0.1497191144312008,-0.13036078116553948,15.103200000000001,-0.37120058376350634,0.3526476959539637,0.002146457506534737,0.3526690975474548,0.0020214313292137246,1.7377592434977367,0.002560843427403342,0.2377592434977367,0,0,FOLLOWING,1.7377592434977367,0.3525229870117701,0
33.216,13.390801703355072,-0.15118579950324323,-0.13029328522886324,15.1144,-0.37248415857065265,0.352625902669567,0.0022350757839567515,0.3526472747381258,0.0021092480213721976,1.7377468319416456,0.002598667628931961,0.2377468319416456,0,0,FOLLOWING,1.7377468319416456,0.3525034044206458,0
33.248,13.401990105874658,-0.15265162832270643,-0.1302229874767619,15.1256,-0.37376224088214,0.35260413727787876,0.0023234334780202204,0.35262548307727104,0.0021968047535157885,1.7377344360152336,0.002636381094404811,0.23773443601523359,0,0,FOLLOWING,1.7377344360152336,0.3524838240357295,0
33.28,13.413177922229252,-0.15411656977689062,-0.13014989615651465,15.1368,-0.3750348118519001,0.35258239670909314,0.0024115326938639234,0.35260371923453765,0.0022841037581884586,1.7377220539143363,0.002673984765311721,0.23772205391433632,0,0,FOLLOWING,1.7377220539143363,0.35246424701195567,0
33.312,13.424365157220572,-0.15558059283709677,-0.13007401944818966,15.148,-0.3763018527151342,0.3525606781441124,0.002499375412027247,0.35258198014451225,0.002371147135742119,1.7377096839821689,0.0027114795263280256,0.23770968398216885,0,0,FOLLOWING,1.7377096839821689,0.3524446745043126,0
33.344,13.435551815541427,-0.15704366655889318,-0.12999536546862078,15.159199999999998,-0.37756334478858716,0.35253897900079895,0.002586963495938319,0.3525602629922356,0.0024579368622455427,1.7376973247012433,0.002748866208707207,0.23769732470124327,0,0,FOLLOWING,1.7376973247012433,0.3524251076677531,0
33.376,13.446737901783093,-0.15850576008236875,-0.12991394227514497,15.1704,-0.3788192694708247,0.35251729692099204,0.002674298698922723,0.3525385651995161,0.002544474796978376,1.7376849746857366,0.0027861455934568846,0.23768497468573657,0,0,FOLLOWING,1.7376849746857366,0.352405547657136,0
33.408,13.457923420442272,-0.159966842632374,-0.12982975786911694,15.1816,-0.3800696082425059,0.35249562975819076,0.0027613826707655583,0.3525168844119114,0.002630762689385209,1.7376726326742489,0.0028233184143170442,0.23767263267424887,0,0,FOLLOWING,1.7376726326742489,0.352385995627133,0
33.44,13.469108375927654,-0.16142688351874876,-0.12974282019921618,15.1928,-0.3813143426666587,0.3524739755659639,0.002848216963865724,0.3524952184863981,0.0027168021855671436,1.7376602975229902,0.0028603853605520535,0.23766029752299023,0,0,FOLLOWING,1.7376602975229902,0.3523664527321798,0
33.472,13.48029277256611,-0.16288585213653844,-0.12965313716455457,15.203999999999999,-0.3825534543889491,0.3524523325869251,0.002934803038988952,0.3524735654798657,0.0028025948345148793,1.7376479681992985,0.002897347079565044,0.23764796819929845,0,0,FOLLOWING,1.7376479681992985,0.3523469201263797,0
33.504,13.491476614608539,-0.1643437179661981,-0.129560716617601,15.2152,-0.3837869251379545,0.35243069924235365,0.003021142270657862,0.352451923638059,0.0028881420938148624,1.737635643775537,0.0029342041793476987,0.23763564377553692,0,0,FOLLOWING,1.737635643775537,0.352327398963455,0
33.536,13.502659906235374,-0.16580045057378515,-0.12946556636693698,15.226399999999998,-0.3850147367254302,0.35240907412234734,0.003107235952212801,0.3524302913852036,0.0029734453349568994,1.7376233234233045,0.0029709572307813348,0.2376233234233045,0,0,FOLLOWING,1.7376233234233045,0.35230789039665483,0
33.568,13.513842651561788,-0.16725601961114123,-0.12936769417984864,15.237599999999999,-0.3862368710465809,0.3523874559765261,0.003193085300538338,0.3524086673141969,0.0030585058484131097,1.7376110064079706,0.003007606769789534,0.23761100640797062,0,0,FOLLOWING,1.7376110064079706,0.3522883955787022,0
33.6,13.525024854642593,-0.16871039481606284,-0.12926710778476538,15.248799999999997,-0.38745331008032363,0.3523658437052113,0.0032786914604942853,0.35238705017729866,0.003143324848467279,1.7375986920834878,0.0030441532993561167,0.23759869208348783,0,0,FOLLOWING,1.7375986920834878,0.352268915661707,0
33.632,13.53620651947686,-0.17016354601246206,-0.12916381487356213,15.260000000000002,-0.388664035889558,0.35234423635114026,0.003364055509075925,0.352365438877312,0.0032279034774370533,1.7375863798875204,0.0030805972914205726,0.2375863798875204,0,0,FOLLOWING,1.7375863798875204,0.3522494517971133,0
33.664,13.547387650012277,-0.1716154431105175,-0.12905782310372518,15.271199999999997,-0.3898690306214268,0.3523226330915283,0.003449178459300681,0.3523438324593314,0.0033122428099702484,1.7375740693367767,0.003116939188651885,0.23757406933677672,0,0,FOLLOWING,1.7375740693367767,0.35223000513560315,0
33.696,13.558568239408501,-0.17306605613890627,-0.12894927419334115,15.282399999999999,-0.39106827650758214,0.3523010485335546,0.0035343809391257257,0.3523218971201312,0.003392153452301527,1.7375617706745439,0.003153314292944853,0.23756177067454387,0,0,FOLLOWING,1.7375617706745439,0.3522105768270611,0
33.728,13.569748301998327,-0.17451535678620564,-0.12883821696428474,15.293600000000001,-0.3922617558644453,0.35227946329687043,0.003619761011654177,0.352300296815439,0.0034705384110464838,1.7375494729689842,0.003189764378919019,0.2375494729689842,0,0,FOLLOWING,1.7375494729689842,0.3521911680204725,0
33.76,13.58092784172531,-0.1759633173552691,-0.1287246564142967,15.304800000000002,-0.39344945109346874,0.3522578762747072,0.0037053162820285877,0.3522787114781006,0.0035487671904129332,1.7375371755571252,0.0032262884514810963,0.23753717555712517,0,0,FOLLOWING,1.7375371755571252,0.3521717798638735,0
33.792,13.592106862020215,-0.17740991014243004,-0.12860859550794168,15.316,-0.39463134468139494,0.3522362873319807,0.003791039547959822,0.3522571257478039,0.0036269033271473616,1.7375248783246127,0.0032628834672251694,0.23752487832461266,0,0,FOLLOWING,1.7375248783246127,0.35215241350426946,0
33.824,13.60328536625477,-0.1788551074378703,-0.1284900357709685,15.327200000000001,-0.39580741920051576,0.35221469653047477,0.003876920097847582,0.3522355380971989,0.0037049917842362536,1.7375125812552008,0.00329954489602452,0.2375125812552008,0,0,FOLLOWING,1.7375125812552008,0.35213307008758227,0
33.856,13.614463357790578,-0.18029888152054227,-0.12836897772711553,15.3384,-0.39697765730892753,0.3521931040384767,0.003962944724894434,0.3522139484763244,0.0037830638745129127,1.7375002843825522,0.0033362671512500996,0.23750028438255222,0,0,FOLLOWING,1.7375002843825522,0.352113750758561,0
33.888,13.625640839986943,-0.1817412046539444,-0.12824542123830793,15.3496,-0.39814204175078893,0.35217151011117154,0.004049098523649875,0.3521923570656318,0.0038611402796395063,1.7374879877826903,0.0033730439268369883,0.2374879877826903,0,0,FOLLOWING,1.7374879877826903,0.3520944566607288,0
33.92,13.636817816203905,-0.18318204908467703,-0.12811936576777147,15.3608,-0.3993005553565736,0.3521499150799716,0.004135365509149046,0.35217076414041854,0.003939233458973103,1.7374756915708334,0.003409868459202367,0.23747569157083337,0,0,FOLLOWING,1.7374756915708334,0.352075188936302,0
33.952,13.64799428980429,-0.18462138704318473,-0.12799081058188075,15.372,-0.4004531810433242,0.35212831934428124,0.00422172909435719,0.35214917004917573,0.004017349564113843,1.7374633958989565,0.0034467337292195814,0.2374633958989565,0,0,FOLLOWING,1.7374633958989565,0.35205594872613283,0
33.984,13.659170264155271,-0.18605919074599034,-0.12785975490346915,15.383199999999999,-0.40159990181490424,0.35210672336466714,0.004308172454955381,0.3521275752049528,0.004095489955722051,1.7374511009536162,0.0034836326165401253,0.2374511009536162,0,0,FOLLOWING,1.7374511009536162,0.3520367371696302,0
34.016,13.670345742629632,-0.18749543239889135,-0.1277261980268026,15.394400000000001,-0.402740700762249,0.35208512765715383,0.004394678804846761,0.3521059800790656,0.004173652401529989,1.7374388069539914,0.0035205580161541267,0.23743880695399144,0,0,FOLLOWING,1.7374388069539914,0.35201755540470103,0
34.048,13.681520728606756,-0.1889300842007413,-0.12759013940238886,15.4056,-0.4038755610636138,0.35206353278836816,0.004481231601179895,0.3520843851959538,0.00425183201898418,1.7374265141500704,0.003557502925138622,0.23742651415007043,0,0,FOLLOWING,1.7374265141500704,0.3519984045676655,0
34.08,13.692695225473475,-0.19036311834755146,-0.12745157869817345,15.4168,-0.4050044659848238,0.35204193937143513,0.004567814694009995,0.35206279112879746,0.004330022013158063,1.7374142228210014,0.003594460505989217,0.23741422282100144,0,0,FOLLOWING,1.7374142228210014,0.3519792857932112,0
34.112,13.70386923662475,-0.1917945070367331,-0.12731051584230302,15.427999999999999,-0.40612739887951815,0.35202034806239674,0.00465441243259611,0.35204119849579363,0.004408214252759096,1.7374019332735338,0.0036314241316114104,0.23740193327353376,0,0,FOLLOWING,1.7374019332735338,0.3519602002143038,0
34.144,13.715042765464252,-0.19322422247136153,-0.1271669510516248,15.4392,-0.4072443431893986,0.3519987595571572,0.004741009738030044,0.3520196079569017,0.004486399715898226,1.737389645840598,0.003668387416067717,0.23738964584059796,0,0,FOLLOWING,1.737389645840598,0.35194114896213335,0
34.176,13.726215815404894,-0.194652236864383,-0.12702088484917484,15.450399999999998,-0.40835528244447095,0.3519771745887155,0.004827592149762695,0.3519980202110749,0.004564568834174189,1.7373773608799246,0.0037053442342881715,0.23737736087992456,0,0,FOLLOWING,1.7373773608799246,0.35192213316603643,0
34.208,13.737388389869249,-0.19607852244271765,-0.12687231807326704,15.461599999999999,-0.4094602002632898,0.3519555939247943,0.004914145852158215,0.3519764359936323,0.004642711755155691,1.7373650787727937,0.003742288733328894,0.23736507877279367,0,0,FOLLOWING,1.7373650787727937,0.35190315395343785,0
34.24,13.748560492289956,-0.19750305145122973,-0.12672125188021344,15.472799999999998,-0.41055908035319855,0.3519340183656505,0.005000657685814345,0.3519548560741469,0.004720818541400146,1.7373527999228149,0.0037792153371899867,0.23735279992281488,0,0,FOLLOWING,1.7373527999228149,0.35188421244977053,0
34.272,13.759732126110057,-0.19892579615654907,-0.1265676877422954,15.483999999999998,-0.4116519065105717,0.3519124487421463,0.0050871151474747795,0.3519332812542784,0.004798879318866302,1.7373405247548017,0.0038161187468041674,0.23734052475480172,0,0,FOLLOWING,1.7373405247548017,0.35186530977842145,0
34.304,13.770903294783313,-0.20034672885073918,-0.12641162744222062,15.4952,-0.4127386626210505,0.3518908859139466,0.005173506381431202,0.35191171236602714,0.004876884386731801,1.7373282537136776,0.0038529939364280452,0.2373282537136776,0,0,FOLLOWING,1.7373282537136776,0.3518464470606515,0
34.336,13.782074001774482,-0.2017658218548075,-0.1262530730650517,15.506400000000003,-0.41381933265978466,0.3518693307678772,0.005259820164740445,0.35189015026996057,0.004954824296405393,1.7373159872634436,0.0038898361474150184,0.2373159872634436,0,0,FOLLOWING,1.7373159872634436,0.35182762541553636,0
34.368,13.793244250559567,-0.2031830475220611,-0.1260920269883737,15.517599999999998,-0.414893900691665,0.3518477842164103,0.005346045888086022,0.351868595853607,0.00503268990656116,1.7373037258861994,0.003926640880146395,0.2373037258861994,0,0,FOLLOWING,1.7373037258861994,0.35180884595988354,0
34.4,13.80441404462604,-0.20459837824130958,-0.1259284918712654,15.528800000000002,-0.4159623508715612,0.3518262471962973,0.005432173533617086,0.35184705003004674,0.005110472420520588,1.7372914700812343,0.003963403884680167,0.2372914700812343,0,0,FOLLOWING,1.7372914700812343,0.351790109808197,0
34.432,13.815583387473046,-0.20601178643991913,-0.1257624706425388,15.540000000000001,-0.41702466744455335,0.3518047206671483,0.00551819365084426,0.35182551373651755,0.005188163409118742,1.7372792203640768,0.004000121150582445,0.23727922036407678,0,0,FOLLOWING,1.7372792203640768,0.3517714180725711,0
34.464,13.826752282611585,-0.20742324458672162,-0.12559396648858526,15.551200000000001,-0.4180808347461655,0.3517832056102884,0.0056040973314447715,0.3518039879330537,0.005265754823003693,1.737266977265701,0.004036788896291513,0.237266977265701,0,0,FOLLOWING,1.737266977265701,0.3517527718626549,0
34.496,13.83792073356468,-0.20883272519478313,-0.12542298284107858,15.5624,-0.41913083720259586,0.3517617030275052,0.0056898761835268,0.3517824736013423,0.005343238997096685,1.7372547413316655,0.004073403558254821,0.23725474133166546,0,0,FOLLOWING,1.7372547413316655,0.3517341722855604,0
34.528,13.849088743867517,-0.21024020082403602,-0.12524952336474146,15.5736,-0.42017465933094783,0.3517402139399852,0.005775522305873675,0.3517609717434898,0.005420608648622641,1.7372425131213627,0.004109961780057625,0.23724251312136269,0,0,FOLLOWING,1.7372425131213627,0.3517156204458179,0
34.56,13.860256317067577,-0.2116456440837775,-0.12507359194530246,15.5848,-0.4212122857394563,0.3517187393872242,0.0058610282624695425,0.35173948338095506,0.005497856871146064,1.7372302932072543,0.004146460401666843,0.2372302932072543,0,0,FOLLOWING,1.7372302932072543,0.3516971174452877,0
34.592,13.87142345672476,-0.21304902763504052,-0.12489519267775534,15.596,-0.4222437011277164,0.3516972804260341,0.005946387057563661,0.3517180095534943,0.005574977125129576,1.7372180821741654,0.0041828964489058346,0.2372180821741654,0,0,FOLLOWING,1.7372180821741654,0.3516786643831149,0
34.624,13.882590166411477,-0.21445032419283946,-0.124714329854995,15.607199999999999,-0.42326889028690806,0.3516758381295651,0.006031592111472664,0.35169655131809974,0.005651963226163918,1.7372058806185904,0.004219267123237058,0.23720588061859038,0,0,FOLLOWING,1.7372058806185904,0.35166026235564135,0
34.656,13.893756449712752,-0.21584950652829543,-0.12453100795687372,15.618400000000001,-0.4242878381000204,0.35165441358640537,0.006116637237216536,0.3516751097481599,0.005728809331831423,1.73719368914805,0.004255569791898561,0.23719368914804995,0,0,FOLLOWING,1.73719368914805,0.35164191245635895,0
34.688,13.904922310226288,-0.21724654747064542,-0.12434523163970661,15.6296,-0.4253005295420749,0.3516330078996763,0.006201516618062108,0.3516536859324204,0.005805509927668132,1.7371815083804474,0.004291801978423701,0.23718150838044738,0,0,FOLLOWING,1.7371815083804474,0.3516236157758193,0
34.72,13.916087751562548,-0.21864141990913932,-0.12415700572625656,15.6408,-0.4263069496803474,0.35161162218621045,0.006286224786060323,0.35163228097416876,0.005882059812177885,1.7371693389434804,0.004327961353579643,0.23716933894348036,0,0,FOLLOWING,1.7371693389434804,0.3516053734015971,0
34.752,13.927252777344801,-0.22003409679482913,-0.12396633519618847,15.652,-0.42730708367458686,0.3515902575757241,0.006370756601551028,0.3516108959903697,0.005958454082178112,1.737157181474053,0.004364045726714852,0.23715718147405296,0,0,FOLLOWING,1.737157181474053,0.3515871864181958,0
34.784,13.938417391209175,-0.22142455114225457,-0.12377322517700709,15.6632,-0.4283009167772361,0.35156891521005784,0.0064551072336749525,0.35158953211087196,0.0060346881176712355,1.7371450366177326,0.004400053037532423,0.23714503661773256,0,0,FOLLOWING,1.7371450366177326,0.3515690559070056,0
34.816,13.949581596804688,-0.22281275603103007,-0.12357768093546469,15.674399999999999,-0.4292884343336474,0.3515475962424139,0.006539272141872567,0.3515681904776272,0.006110757567172234,1.73713290502821,0.004435981348279189,0.23713290502821005,0,0,FOLLOWING,1.73713290502821,0.351550982946218,0
34.848,13.960745397793284,-0.2241986846073373,-0.12337970786942931,15.685599999999999,-0.4302696217822999,0.35152630183665523,0.006623247058346098,0.35154687224395864,0.006186658333313963,1.7371207873668006,0.0044718288363427006,0.23712078736680064,0,0,FOLLOWING,1.7371207873668006,0.3515329686107769,0
34.88,13.971908797849844,-0.2255823100853272,-0.12317931150020263,15.696799999999998,-0.43124446465501337,0.35150503316660414,0.006707027971470344,0.35152557857381406,0.006262386558792633,1.7371086843019492,0.004507593787247854,0.2371086843019492,0,0,FOLLOWING,1.7371086843019492,0.3515150139722949,0
34.912,13.983071800662207,-0.2269636057484365,-0.12297649746526709,15.708000000000002,-0.43221294857716297,0.35148379141539204,0.006790611110104471,0.3515043106411083,0.006337938612964205,1.7370965965087695,0.0045432745880353564,0.23709659650876946,0,0,FOLLOWING,1.7370965965087695,0.35149712009901046,0
34.944,13.994234409931156,-0.22834254495062284,-0.12277127151144938,15.719199999999997,-0.4331750592678892,0.3514625777747997,0.006873992928784903,0.3514830696290351,0.006413311078817761,1.7370845246685833,0.004578869721011888,0.23708452466858332,0,0,FOLLOWING,1.7370845246685833,0.35147928805569206,0
34.976,14.005396629370429,-0.22971910111752314,-0.1225636394884843,15.7304,-0.43413078254031084,0.35144139344470005,0.0069571700937724286,0.3514618567294644,0.006488500740475415,1.7370724694685225,0.00461437775785921,0.23707246946852245,0,0,FOLLOWING,1.7370724694685225,0.35146151890361194,0
35.008,14.016558462706689,-0.2310932477475385,-0.122353607342954,15.741600000000002,-0.43508010430173116,0.35142023963240904,0.007040139469880519,0.3514406731423237,0.006563504571457721,1.737060431601082,0.0046497973540767104,0.23706043160108203,0,0,FOLLOWING,1.737060431601082,0.3514438137004453,0
35.04,14.027719913679519,-0.2324649584128504,-0.12214118111259409,15.752800000000002,-0.4360230105538491,0.35139911755214104,0.00712289810808701,0.3514195200749881,0.006638319723217869,1.7370484117637377,0.004685127243752488,0.2370484117637377,0,0,FOLLOWING,1.7370484117637377,0.351426173500228,0
35.072,14.038880986041379,-0.2338342067603719,-0.12192636692093248,15.764000000000001,-0.4369594873929629,0.35137802842448224,0.007205443233860089,0.35139839874172474,0.0067129435147500255,1.7370364106585783,0.0047203662346352315,0.23703641065857828,0,0,FOLLOWING,1.7370364106585783,0.3514085993532794,0
35.104,14.050041683557579,-0.23520096651263767,-0.12170917097226314,15.775200000000002,-0.43788952101017703,0.3513569734758542,0.007287772236180206,0.35137731036317216,0.006787373422110459,1.7370244289919345,0.004755513203503398,0.23702442899193454,0,0,FOLLOWING,1.7370244289919345,0.3513910923061521,0
35.136,14.061202010006225,-0.23656521146863563,-0.12148959954692631,15.7864,-0.43881309769160426,0.35133595393800787,0.007369882657226749,0.3513562561657861,0.006861607068855828,1.737012467474031,0.004790567091811498,0.23701246747403104,0,0,FOLLOWING,1.737012467474031,0.35137365340155113,0
35.168,14.072361969178184,-0.2379269155045853,-0.12126765899687693,15.797600000000001,-0.4397302038185696,0.35131497104754256,0.0074517721826690645,0.35133523738135075,0.006935642217028255,1.7370005268186532,0.004825526901593921,0.23700052681865325,0,0,FOLLOWING,1.7370005268186532,0.35135628367828686,0
35.2,14.08352156487701,-0.23928605257466412,-0.12104335574152487,15.8088,-0.4406408258678087,0.3512940260454368,0.007533438632540721,0.3513142552465231,0.007009476758655846,1.7369886077428272,0.004860391691614507,0.23698860774282715,0,0,FOLLOWING,1.7369886077428272,0.3513389841711958,0
35.232,14.094680800918894,-0.24064259671168625,-0.12081669626384633,15.82,-0.44154495041167025,0.351273120176611,0.007614879952690502,0.3512933110023054,0.007083108707296927,1.7369767109665182,0.0048951605737588,0.23697671096651818,0,0,FOLLOWING,1.7369767109665182,0.35132175591108994,0
35.264,14.105839681132583,-0.24199652202773644,-0.12058768710672582,15.831199999999999,-0.44244256411831134,0.3512522546894801,0.007696094206724841,0.35127240589363634,0.007156536190815046,1.7369648372123279,0.004929832709634943,0.23696483721232786,0,0,FOLLOWING,1.7369648372123279,0.3513045999246809,0
35.296,14.116998209359313,-0.2433478027147613,-0.12035633486953659,15.842400000000001,-0.44333365375189593,0.35123143083555436,0.00777707956845555,0.35125154116899243,0.007229757443931816,1.7369529872052214,0.004964407307388702,0.2369529872052214,0,0,FOLLOWING,1.7369529872052214,0.3512875172345319,0
35.328,14.128156389452721,-0.24469641304512116,-0.12012264620493517,15.8536,-0.44421820617278873,0.35121064986901124,0.00785783431481314,0.35123071807987594,0.007302770801553212,1.7369411616722397,0.004998883618711508,0.23694116167223966,0,0,FOLLOWING,1.7369411616722397,0.3512705088589787,0
35.36,14.139314225278758,-0.24604232737210427,-0.11988662781586057,15.8648,-0.44509620833774954,0.351189913046356,0.007938356819191405,0.3512099378804814,0.0073755746923444745,1.736929361342266,0.0050332609360348585,0.23692936134226605,0,0,FOLLOWING,1.736929361342266,0.3512535758120834,0
35.392,14.150471720715592,-0.247385520130407,-0.1196482864527234,15.876,-0.44596764730012534,0.35116922162601044,0.008018645545196417,0.351189201827352,0.007448167632823756,1.7369175869457536,0.005067538589893533,0.2369175869457536,0,0,FOLLOWING,1.7369175869457536,0.35123671910355536,0
35.424,14.161628879653513,-0.24872596583658016,-0.11940762891077703,15.8872,-0.44683251021004194,0.35114857686798057,0.008098699040791265,0.35116851117892134,0.007520548221652263,1.7369058392144994,0.005101715946454962,0.23690583921449937,0,0,FOLLOWING,1.7369058392144994,0.35121993973870586,0
35.456,14.172785705994826,-0.2500636390894459,-0.11916466202765714,15.898399999999999,-0.44769078431459214,0.3511279800334954,0.00817851593279527,0.35114786719520963,0.007592715134380331,1.7368941188814047,0.005135792405200874,0.23689411888140466,0,0,FOLLOWING,1.7368941188814047,0.35120323871836806,0
35.488,14.18394220365374,-0.251398514570485,-0.11891939268108115,15.9096,-0.44854245695802525,0.3511074323846985,0.008258094921732155,0.35112727113745945,0.007664667118458885,1.736882426680267,0.005169767396753205,0.23688242668026693,0,0,FOLLOWING,1.736882426680267,0.35118661703885634,0
35.52,14.19509837655625,-0.2527305670441976,-0.11867182778669577,15.920799999999998,-0.44938751558193235,0.35108693518429923,0.00833743477698966,0.3511067242678089,0.007736402988592392,1.7368707633455513,0.0052036403808339285,0.23687076334555135,0,0,FOLLOWING,1.7368707633455513,0.35117007569188236,0
35.552,14.206254228640022,-0.2540597713584386,-0.11842197429606265,15.931999999999999,-0.4502259477254323,0.35106648969530846,0.008416534332281757,0.35108622784898336,0.0078079216224442045,1.736859129612211,0.005237410844351087,0.2368591296122109,0,0,FOLLOWING,1.736859129612211,0.3511536156645162,0
35.584,14.217409763854263,-0.25538610244473,-0.11816983919478048,15.943200000000001,-0.45105774102535506,0.35104609718070023,0.00849539248139703,0.3510657831440178,0.007879221956351459,1.736847526215467,0.005271078299606921,0.236847526215467,0,0,FOLLOWING,1.736847526215467,0.3511372379391063,0
35.616,14.228564986159595,-0.2567095353185503,-0.11791542950072716,15.954400000000003,-0.4518828832164249,0.3510257589031474,0.00857400817421075,0.35104539141587543,0.007950302981593086,1.7368359538906333,0.00530464228261604,0.23683595389063328,0,0,FOLLOWING,1.7368359538906333,0.35112094349323225,0
35.648,14.23971989952792,-0.2580300450796039,-0.11765875226241763,15.965599999999998,-0.4527013621314396,0.3510054761247312,0.00865238041294288,0.3510250539272289,0.008021163740757845,1.736824413372926,0.00533810235152872,0.23682441337292603,0,0,FOLLOWING,1.736824413372926,0.35110473329962794,0
35.68,14.250874507942275,-0.25934760691207104,-0.11739981455746867,15.976800000000003,-0.4535131657014519,0.35098525010673826,0.008730508248652945,0.3510047719401695,0.008091803324418364,1.7368129053973267,0.005371458085152256,0.2368129053973267,0,0,FOLLOWING,1.7368129053973267,0.3510886083261521,0
35.712,14.262028815396697,-0.2606621960848394,-0.11713862349116921,15.988000000000001,-0.45431828195594504,0.3509650821093016,0.00880839077794862,0.35098454671596374,0.008162220867813335,1.7368014306983546,0.005404709081565152,0.23680143069835458,0,0,FOLLOWING,1.7368014306983546,0.3510725695356905,0
35.744,14.273182825896075,-0.26197378795171855,-0.11687518619514892,15.999200000000002,-0.45511669902301194,0.35094497339124675,0.008886027139922507,0.3509643795147568,0.008232415547799675,1.7367899900099601,0.00543785495682482,0.23678999000996015,0,0,FOLLOWING,1.7367899900099601,0.35105661788612474,0
35.776,14.284336543455995,-0.26328235795163973,-0.11660950982612467,16.0104,-0.45590840512952796,0.3509249252098076,0.00896341651324622,0.3509442715953775,0.008302386580400481,1.7367785840653438,0.005470895343744091,0.2367785840653438,0,0,FOLLOWING,1.7367785840653438,0.35104075433025717,0
35.808,14.29548997210259,-0.2645878816088393,-0.11634160156474127,16.021600000000003,-0.45669338860132624,0.3509049388204123,0.009040558113471105,0.35092422421504493,0.008372133217869452,1.7367672135968157,0.005503829890753556,0.23676721359681574,0,0,FOLLOWING,1.7367672135968157,0.35102497981576447,0
35.84,14.306643115872381,-0.26589033453302935,-0.11607146861448715,16.0328,-0.4574716378633684,0.3508850154764469,0.009117451190492985,0.3509042386291855,0.008441654746338751,1.7367558793356443,0.005536658260833341,0.23675587933564435,0,0,FOLLOWING,1.7367558793356443,0.3510092952851226,0
35.872,14.317795978812113,-0.2671896924195548,-0.11579911820068568,16.044,-0.4582431414399168,0.35086515642906974,0.009194095026180528,0.3508843160911701,0.008510950483470442,1.736744582011935,0.005569380130513932,0.23674458201193493,0,0,FOLLOWING,1.736744582011935,0.3509937016755657,0
35.904,14.328948564978592,-0.26848593104953933,-0.1155245575695525,16.0552,-0.45900788795470143,0.3508453629269805,0.009270488932146116,0.3508644578521395,0.008580019776381656,1.7367333223544825,0.005601995188937808,0.23673332235448252,0,0,FOLLOWING,1.7367333223544825,0.3509781999190147,0
35.936,14.340100878438518,-0.2697790262900186,-0.11524779398732111,16.0664,-0.4597658661310906,0.35082563621624263,0.009346632247665533,0.3508446651607898,0.008648861999510581,1.7367221010906573,0.005634503136982215,0.23672210109065728,0,0,FOLLOWING,1.7367221010906573,0.3509627909420331,0
35.968,14.35125292326831,-0.27106895409406434,-0.11496883473942268,16.0776,-0.4605170647922546,0.3508059775400569,0.009422524337711341,0.3508249392631752,0.008717476552933942,1.7367109189462606,0.0056669036864327865,0.23671091894626062,0,0,FOLLOWING,1.7367109189462606,0.3509474756657498,0
36.0,14.362404703553938,-0.27235569050089775,-0.11468768712973297,16.0888,-0.4612614728613325,0.350786388138616,0.009498164591143759,0.3508052814024921,0.008785862860255261,1.736699776645431,0.005699196559219563,0.23669977664543107,0,0,FOLLOWING,1.736699776645431,0.3509322550058216,0
36.032000000000004,14.37355622339074,-0.2736392116359939,-0.11440435847986176,16.099999999999998,-0.46199907936159396,0.3507668692489018,0.009573552418981477,0.35078569281891275,0.008854020367287739,1.7366886749105162,0.005731381486691098,0.23668867491051615,0,0,FOLLOWING,1.7366886749105162,0.3509171298723622,0
36.064,14.384707486883242,-0.2749194937111778,-0.11411885612849978,16.1112,-0.46272987341660193,0.350747422104523,0.00964868725280827,0.3507661747493895,0.008921948540251379,1.736677614461969,0.005763458208942168,0.2366776144619691,0,0,FOLLOWING,1.736677614461969,0.3509021011699022,0
36.096000000000004,14.395858498144985,-0.2761965130247123,-0.11383118743080718,16.1224,-0.4634538442503726,0.3507280479355157,0.009723568543259732,0.35074672842753296,0.008989646864475797,1.7366665960182233,0.0057954264741788,0.23666659601822326,0,0,FOLLOWING,1.7366665960182233,0.35088716979730517,0
36.128,14.407009261298327,-0.27747024596137865,-0.11354135975785265,16.1336,-0.46417098118753525,0.35070874796823903,0.0097981957586391,0.3507273550833515,0.00905711484282084,1.7366556202956243,0.005827286038132941,0.23665562029562426,0,0,FOLLOWING,1.7366556202956243,0.3508723366477421,0
36.160000000000004,14.418159780474264,-0.2787406689925501,-0.11324938049608146,16.1448,-0.46488127365348797,0.3506895234251536,0.009872568383574334,0.35070805594319204,0.009124351994767688,1.736644688008293,0.00585903666350053,0.23664468800829308,0,0,FOLLOWING,1.736644688008293,0.3508576026086108,0
36.192,14.42931005981224,-0.28000775867625904,-0.11295525704683626,16.156000000000002,-0.4655847111745554,0.35067037552471875,0.00994668591781098,0.3506888322294864,0.00919135785477201,1.7366337998680592,0.005890678119431392,0.2366337998680592,0,0,FOLLOWING,1.7366337998680592,0.3508429685615029,0
36.224000000000004,14.440460103459944,-0.28127149165725834,-0.11265899682590096,16.167199999999998,-0.4662812833781419,0.3506513054812092,0.010020547875042932,0.350669685160685,0.00925813197154614,1.7366229565843467,0.005922210181038945,0.23662295658434673,0,0,FOLLOWING,1.7366229565843467,0.35082843538212355,0
36.256,14.451609915573139,-0.282531844667077,-0.11236060726308977,16.1784,-0.4669709799928849,0.35063231450461,0.010094153781854508,0.3506506159510441,0.009324673906640308,1.7366121588641081,0.005953632628954264,0.23661215886410814,0,0,FOLLOWING,1.7366121588641081,0.3508140039402704,0
36.288000000000004,14.462759500315439,-0.28378879452407074,-0.11206009580185476,16.189600000000002,-0.4676537908488064,0.3506134038004304,0.01016750317669018,0.35063162581051704,0.009390983233876823,1.7366014074117087,0.005984945248894008,0.23660140741170865,0,0,FOLLOWING,1.7366014074117087,0.3507996750997432,0
36.32,14.473908861858128,-0.28504231813346753,-0.11175746989893584,16.2008,-0.46832970587746336,0.35059457456959775,0.010240595608931634,0.35061271594459525,0.00945705953800396,1.73659070292886,0.006016147831271412,0.23659070292886009,0,0,FOLLOWING,1.73659070292886,0.35078544971831177,0
36.352000000000004,14.485058004379956,-0.28629239248740923,-0.11145273702402675,16.211999999999996,-0.468998715112095,0.3505758280083204,0.010313430638002115,0.35059388755418885,0.00952290241421852,1.7365800461145353,0.006047240170821477,0.23658004611453531,0,0,FOLLOWING,1.7365800461145353,0.35077132864765165,0
36.384,14.496206932066936,-0.28753899466498856,-0.1111459046594765,16.223200000000002,-0.46966080868777116,0.35055716530798997,0.010386007832562112,0.3505751418354733,0.009588511467041155,1.736569437664907,0.006078222066260104,0.236569437664907,0,0,FOLLOWING,1.736569437664907,0.3507573127333156,0
36.416000000000004,14.507355649112139,-0.2887821018322825,-0.11083698030000791,16.2344,-0.47031597684153675,0.35053858765497553,0.010458326769718695,0.3505564799798259,0.009653886309792003,1.7365588782732224,0.006109093319956128,0.23655887827322242,0,0,FOLLOWING,1.7365588782732224,0.35074340281463634,0
36.448,14.51850415971549,-0.29002169124238253,-0.11052597145245986,16.245600000000003,-0.47096420991255605,0.35052009623059954,0.01053038703432247,0.35053790317357547,0.009719026563844458,1.7365483686297865,0.006139853737632386,0.23654836862978645,0,0,FOLLOWING,1.7365483686297865,0.3507295997247156,0
36.480000000000004,14.529652468083562,-0.29125774023542117,-0.11021288563555576,16.256800000000002,-0.47160549834225507,0.3505016922109559,0.010602188218295124,0.35051941259803676,0.009783931857804372,1.7365379094218507,0.006170503128085786,0.2365379094218507,0,0,FOLLOWING,1.7365379094218507,0.35071590429034455,0
36.512,14.540800578429364,-0.2924902262385957,-0.10989773037968159,16.268,-0.4722398326744631,0.35048337676683083,0.01067372991999586,0.35050100942926093,0.009848601827217971,1.7365275013335641,0.006201041302919736,0.23652750133356415,0,0,FOLLOWING,1.7365275013335641,0.35070231733197077,0
36.544000000000004,14.551948494972141,-0.2937191267661893,-0.10958051322669182,16.2792,-0.472867203555551,0.350465151063567,0.010745011743641127,0.35048269483802313,0.00991303611369468,1.7365171450458903,0.0062314680763027866,0.23651714504589028,0,0,FOLLOWING,1.7365171450458903,0.3506888396636336,0
36.576,14.563096221937144,-0.2949444194195892,-0.10926124172972614,16.2904,-0.47348760173457055,0.3504470162609906,0.010816033298760649,0.35046446998963193,0.00997723436457114,1.736506841236562,0.0062617832647378635,0.23650684123656207,0,0,FOLLOWING,1.736506841236562,0.35067547209292677,0
36.608000000000004,14.574243763555437,-0.29616608188730353,-0.1089399234530488,16.3016,-0.4741010180633889,0.3504289735132535,0.010886794199692162,0.3504463360438901,0.010041196232203686,1.736496590579986,0.006291986686853046,0.23649659057998607,0,0,FOLLOWING,1.736496590579986,0.350662215420928,0
36.64,14.585391124063673,-0.29738409194497484,-0.10861656597189258,16.3128,-0.47470744349682586,0.3504110239687778,0.010957294065097834,0.35042829415492793,0.01010492137382937,1.7364863937472084,0.006322078163197284,0.23648639374720837,0,0,FOLLOWING,1.7364863937472084,0.35064907044216875,0
36.672000000000004,14.596538307703879,-0.2985984274553927,-0.10829117687232712,16.323999999999998,-0.4753068690927853,0.3503931687701386,0.011027532517535398,0.35041034547111866,0.010168409450790358,1.7364762514058427,0.006352057516060841,0.23647625140584272,0,0,FOLLOWING,1.7364762514058427,0.35063603794457265,0
36.704,14.607685318723242,-0.29980906636850413,-0.10796376375113469,16.3352,-0.47589928601238823,0.35037540905397163,0.011097509183041667,0.3503924911350377,0.010231660128322646,1.7364661642200152,0.006381924569301867,0.2364661642200152,0,0,FOLLOWING,1.7364661642200152,0.35062311870941193,0
36.736000000000004,14.618832161373888,-0.30101598672142216,-0.10763433421569456,16.3464,-0.47648468552010226,0.3503577459508573,0.01116722369074156,0.350374732283261,0.010294673075266913,1.7364561328502934,0.006411679148181831,0.23645613285029343,0,0,FOLLOWING,1.7364561328502934,0.3506103135112498,0
36.768,14.629978839912669,-0.30221916663843373,-0.10730289588388979,16.3576,-0.4770630589838713,0.3503401805852657,0.011236675672510583,0.35035707004635946,0.010357447963377082,1.7364461579536536,0.006441321079224682,0.23644615795365365,0,0,FOLLOWING,1.7364461579536536,0.35059762311790316,0
36.800000000000004,14.641125358600943,-0.30341858433100566,-0.10696945638401144,16.3688,-0.4776343978752416,0.35032271407541304,0.011305864762625874,0.3503395055487689,0.010419984467410576,1.7364362401833935,0.0064708501900714865,0.2364362401833935,0,0,FOLLOWING,1.7364362401833935,0.35058504829038273,0
36.832,14.652271721704345,-0.30461421809778993,-0.10663402335468207,16.38,-0.4781986937694892,0.35030534753323805,0.011374790597474892,0.3503220399086772,0.010482282264500556,1.7364263801891182,0.006500266309357128,0.2364263801891182,0,0,FOLLOWING,1.7364263801891182,0.3505725897828538,0
36.864000000000004,14.663417933492571,-0.30580604632462766,-0.10629660444478259,16.3912,-0.4787559383457425,0.35028808206427514,0.011443452815260121,0.35030467423797174,0.010544341034076218,1.7364165786166639,0.006529569266588973,0.23641657861666387,0,0,FOLLOWING,1.7364165786166639,0.35056024834258614,0
36.896,14.674563998239163,-0.3069940474845523,-0.1059572073133894,16.402400000000004,-0.47930612338710615,0.35027091876755817,0.01151185105573443,0.3502874096421963,0.010606160457528588,1.73640683610804,0.006558758892035153,0.23640683610804003,0,0,FOLLOWING,1.73640683610804,0.3505480247099093,0
36.928,14.685709920221276,-0.308178200137792,-0.105615839629722,16.4136,-0.47984924078078156,0.35025385873555337,0.011579984959963992,0.3502702472203268,0.01066774021788576,1.736397153301389,0.006587835016626464,0.2363971533013891,0,0,FOLLOWING,1.736397153301389,0.35053591961815245,0
36.96,14.696855703719455,-0.3093584829317712,-0.10527250907309244,16.4248,-0.4803852825181866,0.3502369030541172,0.011647854170099356,0.35025318806479677,0.01072907999975298,1.7363875308309613,0.006616797471860003,0.2363875308309613,0,0,FOLLOWING,1.7363875308309613,0.35052393379362273,0
36.992,14.708001353017414,-0.31053487460111223,-0.1049272233328649,16.436,-0.4809142406950741,0.3502200528023402,0.011715458329160102,0.3502362332614389,0.010790179489006395,1.736377969327021,0.006645646089710397,0.23637796932702093,0,0,FOLLOWING,1.736377969327021,0.3505120679555407,0
37.024,14.719146872401812,-0.3117073539676353,-0.10457999010841972,16.447199999999995,-0.4814361075116478,0.3502033090525171,0.011782797080842202,0.3502193838893103,0.010851038372636446,1.736368469415829,0.00667438070254997,0.236368469415829,0,0,FOLLOWING,1.736368469415829,0.35050032281599414,0
37.056,14.730292266162015,-0.3128758999403595,-0.10423081710912449,16.4584,-0.48195087527267794,0.3501866728701022,0.011849870069347903,0.35020264102066406,0.010911656338540564,1.736359031719616,0.006703001143075926,0.23635903171961603,0,0,FOLLOWING,1.736359031719616,0.35048869907991886,0
37.088,14.741437538589892,-0.31404049151550234,-0.1038797120543123,16.4696,-0.48245853638761427,0.35017014531352275,0.011916676939209246,0.3501860057209375,0.010972033075300048,1.7363496568564716,0.0067315072442409585,0.23634965685647158,0,0,FOLLOWING,1.7363496568564716,0.3504771974450092,0
37.12,14.752582693979566,-0.31520110777647936,-0.10352668267326012,16.480800000000002,-0.4829590833706985,0.35015372743423384,0.011983217335150915,0.350169479048513,0.01103216827216661,1.7363403454403763,0.006759898839192008,0.2363403454403763,0,0,FOLLOWING,1.7363403454403763,0.3504658186017161,0
37.152,14.763727736627194,-0.31635772789390376,-0.10317173670517324,16.492,-0.48345250884107366,0.3501374202765598,0.012049490901933722,0.35015306205481445,0.011092061618884087,1.7363310980811082,0.006788175761209686,0.2363310980811082,0,0,FOLLOWING,1.7363310980811082,0.35045456323317525,0
37.184,14.77487267083074,-0.317510331125586,-0.10281488189917617,16.5032,-0.4839388055228944,0.3501212248776733,0.012115497284243859,0.3501367557841297,0.011151712805467836,1.7363219153842298,0.00681633784365826,0.23632191538422975,0,0,FOLLOWING,1.7363219153842298,0.3504434320151837,0
37.216,14.786017500889749,-0.3186588968165333,-0.10245612601430662,16.5144,-0.48441796624543304,0.35010514226749395,0.012181236126567976,0.35012056127361557,0.011211121522139725,1.7363127979510282,0.006844384919938135,0.23631279795102822,0,0,FOLLOWING,1.7363127979510282,0.350432425616143,0
37.248,14.797162231105107,-0.3198034043989487,-0.10209547681950963,16.5256,-0.48488998394318605,0.3500891734686426,0.012246707073089565,0.3501044795531398,0.01127028745929018,1.7363037463784887,0.006872316823439861,0.23630374637848872,0,0,FOLLOWING,1.7363037463784887,0.3504215446970312,0
37.28,14.808306865778823,-0.3209438333922309,-0.10173294209363949,16.5368,-0.48535485165597775,0.3500733194963445,0.012311909767589866,0.35008851164528887,0.011329210307255939,1.7362947612592365,0.006900133387506141,0.23629476125923654,0,0,FOLLOWING,1.7362947612592365,0.35041078991134095,0
37.312,14.819451409213793,-0.32208016340297335,-0.10136852962546071,16.548,-0.48581256252906324,0.35005758135840076,0.0123768438533634,0.3500726585652611,0.011387889756344052,1.7362858431815205,0.006927834445394965,0.23628584318152046,0,0,FOLLOWING,1.7362858431815205,0.3504001619050583,0
37.344,14.830595865713569,-0.32321237412496495,-0.10100224721365528,16.559199999999997,-0.4862631098132292,0.35004196005509786,0.012441508973139411,0.35005692132083605,0.01144632549663079,1.73627699272916,0.006955419830249346,0.23627699272915992,0,0,FOLLOWING,1.73627699272916,0.35038966131660726,0
37.376,14.841740239582132,-0.32434044533918904,-0.10063410266682785,16.5704,-0.48670648686489393,0.35002645657916026,0.012505904769006863,0.3500413009122383,0.011504517218034058,1.7362682104815161,0.006982889375065137,0.23626821048151614,0,0,FOLLOWING,1.7362682104815161,0.3503792887768266,0
37.408,14.85288453512365,-0.3254643569138245,-0.10026410380351557,16.581599999999998,-0.4871426871462047,0.3500110719156679,0.012570030882349512,0.35002579833216907,0.011562464610162927,1.7362594970134446,0.00701024291266579,0.23625949701344462,0,0,FOLLOWING,1.7362594970134446,0.35036904490890447,0
37.44,14.864028756642266,-0.3265840888042461,-0.09989225845220352,16.5928,-0.4875717042251347,0.3499958070420134,0.012633886953798919,0.3500104145656757,0.011620167362146,1.7362508528952691,0.007037480275682906,0.23625085289526915,0,0,FOLLOWING,1.7362508528952691,0.3503589303283612,0
37.472,14.875172908441845,-0.32769962105302514,-0.09951857445133216,16.604,-0.4879935317755774,0.349980662927828,0.012697472623168733,0.34999515059011954,0.011677625162872195,1.736242278692739,0.007064601296529915,0.23624227869273895,0,0,FOLLOWING,1.736242278692739,0.35034894564299657,0
37.504,14.886316994825757,-0.32881093378993126,-0.09914305964931833,16.615199999999998,-0.4884081635774401,0.349965640534935,0.012760787529428046,0.3499800073750758,0.011734837700587808,1.736233774967001,0.007091605807390919,0.23623377496700093,0,0,FOLLOWING,1.736233774967001,0.35033909145285935,0
37.536,14.897461020096632,-0.3299180072319336,-0.09876572190456798,16.6264,-0.4888155935167355,0.3499507408172929,0.012823831310650078,0.3499649858823616,0.011791804663125979,1.7362253422745668,0.00711849364020159,0.23622534227456682,0,0,FOLLOWING,1.7362253422745668,0.3503293683502067,0
37.568,14.908604988556142,-0.3310208216832035,-0.09838656908549559,16.637600000000003,-0.48921581558567223,0.349935964720907,0.012886603603985119,0.3499500870658795,0.011848525737722963,1.736216981167261,0.00714526462663717,0.23621698116726098,0,0,FOLLOWING,1.736216981167261,0.3503197769194692,0
37.6,14.919748904504756,-0.3321193575351167,-0.0980056090705395,16.648799999999998,-0.4896088238827429,0.349921313183798,0.012949104045624833,0.3499353118716152,0.011905000611131455,1.7362086921922022,0.007171918598099236,0.2362086921922022,0,0,FOLLOWING,1.7362086921922022,0.3503103177371969,0
37.632,14.930892772241512,-0.3332135952662569,-0.09762284974818565,16.659999999999997,-0.48999461261281163,0.34990678713596624,0.013011332270792172,0.34992066123754795,0.011961228969366014,1.736200475891783,0.007198455385711622,0.23620047589178306,0,0,FOLLOWING,1.736200475891783,0.35030099137205645,0
37.664,14.942036596063783,-0.3343035154424189,-0.0972382990169867,16.6712,-0.490373176087199,0.3498923874992977,0.013073287913713748,0.3499061360936471,0.012017210497839256,1.7361923328036148,0.007224874820310936,0.23619233280361485,0,0,FOLLOWING,1.7361923328036148,0.3502917983847669,0
37.696,14.953180380267046,-0.3353890987166134,-0.09685196478557825,16.6824,-0.49074450872376635,0.349878115187516,0.013134970607598719,0.349891737361748,0.012072944881460724,1.7361842634604994,0.007251176732436956,0.23618426346049937,0,0,FOLLOWING,1.7361842634604994,0.3502827393280752,0
37.728,14.964324129144645,-0.3364703258290711,-0.09646385497270836,16.6936,-0.4911086050469977,0.3498639711061389,0.013196379984643515,0.34987746595557345,0.012128431804214508,1.736176268390404,0.007277360952337193,0.23617626839040406,0,0,FOLLOWING,1.736176268390404,0.35027381474671004,0
37.76,14.975467846987558,-0.3375471776072485,-0.09607397750725333,16.704800000000002,-0.4914654596880812,0.3498499561524435,0.013257515676016062,0.34986332278056004,0.012183670949595432,1.7361683481164412,0.007303427309959101,0.23616834811644116,0,0,FOLLOWING,1.7361683481164412,0.35026502517736674,0
37.792,14.986611538084166,-0.3386196349658338,-0.09568234032824259,16.716,-0.4918150673849873,0.3498360712153674,0.013318377311849854,0.349849308733976,0.012238662000313458,1.7361605031568108,0.0073293756349512565,0.2361605031568108,0,0,FOLLOWING,1.7361605031568108,0.3502563711486506,0
37.824,14.997755206720017,-0.33968767890675333,-0.09528895138487782,16.7272,-0.4921574229825473,0.3498223171755043,0.01337896452124553,0.3498354247047258,0.012293404638490954,1.7361527340247982,0.007355205756661612,0.2361527340247982,0,0,FOLLOWING,1.7361527340247982,0.3502478531810629,0
37.856,15.008898857177595,-0.3407512905191786,-0.09489381863656259,16.7384,-0.49249252143252836,0.3498086949050247,0.013439276932282517,0.34982167157336275,0.012347898545313983,1.7361450412287271,0.007380917504146087,0.23614504122872715,0,0,FOLLOWING,1.7361450412287271,0.35023947178695664,0
37.888,15.02004249373608,-0.341810450979535,-0.09449695005291534,16.7496,-0.49282035779370914,0.34979520526764896,0.013499314172009178,0.3498080502120045,0.012402143401571081,1.7361374252719453,0.007406510706162799,0.23613742527194526,0,0,FOLLOWING,1.7361374252719453,0.3502312274705095,0
37.92,15.031186120671125,-0.3428651415515095,-0.09409835361379937,16.7608,-0.4931409272319516,0.34978184911855265,0.013559075866458771,0.34979456148437554,0.01245613888710685,1.7361298866527684,0.007431985191182405,0.23612988665276835,0,0,FOLLOWING,1.7361298866527684,0.3502231207276834,0
37.952,15.042329742254612,-0.3439153435860599,-0.09369803730933726,16.772,-0.4934542250202729,0.3497686273043756,0.013618561640649871,0.3497812062455817,0.012509884681323113,1.7361224258644858,0.007457340787386926,0.23612242586448584,0,0,FOLLOWING,1.7361224258644858,0.35021515204620124,0
37.984,15.053473362754424,-0.34496103852142534,-0.09329600913994494,16.783199999999997,-0.4937602465389148,0.34975554066313963,0.013677771118625634,0.34976798534223996,0.012563380462548367,1.7361150433953132,0.007482577322687422,0.2361150433953132,0,0,FOLLOWING,1.7361150433953132,0.3502073219055128,0
38.016,15.064616986434208,-0.34600220788313674,-0.09289227711634303,16.7944,-0.4940589872754121,0.34974259002421754,0.013736703923442742,0.34975489961234074,0.0126166259087642,1.7361077397283742,0.0075076946247207565,0.23610773972837418,0,0,FOLLOWING,1.7361077397283742,0.35019963077676736,0
38.048,15.075760617553144,-0.34703883328402785,-0.09248684925958005,16.8056,-0.4943504428246585,0.34972977620825857,0.01379535967718996,0.3497419498852129,0.012669620697219462,1.736100515341657,0.0075326925208586285,0.2361005153416571,0,0,FOLLOWING,1.736100515341657,0.35019207912277517,0
38.08,15.08690426036571,-0.34807089642424777,-0.09207973360105809,16.8168,-0.49463460888897265,0.3497171000271851,0.013853738001024655,0.3497291369814719,0.012722364504369449,1.7360933707080135,0.007557570838221839,0.2360933707080135,0,0,FOLLOWING,1.7360933707080135,0.35018466739798887,0
38.112,15.09804791912145,-0.3490983790912734,-0.09167093818254915,16.828,-0.4949114812781603,0.34970456228410385,0.013911838515175154,0.3497164617130061,0.012774857006149954,1.7360863062951064,0.007582329403684557,0.2360863062951064,0,0,FOLLOWING,1.7360863062951064,0.3501773960484581,0
38.144,15.109191598064744,-0.35012126315992353,-0.09126047105621682,16.8392,-0.49518105590957723,0.34969216377329715,0.013969660838972529,0.3497039248828949,0.012827097877826885,1.7360793225654059,0.007606968043886872,0.23607932256540587,0,0,FOLLOWING,1.7360793225654059,0.35017026551182867,0
38.176,15.120335301434565,-0.3511395305923725,-0.09084834028463433,16.850399999999997,-0.4954433288081885,0.3496799052801391,0.014027204590867766,0.3496915272853808,0.012879086794097187,1.7360724199761395,0.007631486585242903,0.23607241997613948,0,0,FOLLOWING,1.7360724199761395,0.3501632762172814,0
38.208,15.13147903346425,-0.352153163438166,-0.09043455394080827,16.8616,-0.4956982961066276,0.34966778758112765,0.014084469388473212,0.3496792697057894,0.012930823428918905,1.7360655989793126,0.0076558848539592245,0.23606559897931256,0,0,FOLLOWING,1.7360655989793126,0.35015642858553775,0
38.24,15.14262279838128,-0.3531621438342365,-0.09001912010818845,16.8728,-0.4959459540452533,0.349655811443734,0.014141454848559618,0.3496671529206022,0.012982307455940947,1.7360588600216194,0.007680162676035204,0.23605886002161935,0,0,FOLLOWING,1.7360588600216194,0.3501497230288058,0
38.272,15.153766600407025,-0.35416645400492025,-0.08960204688069513,16.884,-0.4961862989722054,0.34964397762644084,0.014198160587115342,0.3496551776972368,0.013033538547961073,1.7360522035444665,0.007704319877287341,0.23605220354446654,0,0,FOLLOWING,1.7360522035444665,0.35014315995076706,0
38.304,15.164910443756524,-0.3551660762619743,-0.08918334236272926,16.895199999999996,-0.49641932734345784,0.3496322868786777,0.014254586219355837,0.3496433447941511,0.013084516377458215,1.7360456299839353,0.007728356283354846,0.2360456299839353,0,0,FOLLOWING,1.7360456299839353,0.350136739746543,0
38.336,15.176054332638257,-0.3561609930045951,-0.08876301466919043,16.9064,-0.4966450357228719,0.3496207399407981,0.01431073135976075,0.34963165496074516,0.013135240616348789,1.7360391397707688,0.0077522717197152915,0.23603913977076885,0,0,FOLLOWING,1.7360391397707688,0.35013046280269444,0
38.368,15.187198271253905,-0.35715118671943735,-0.08834107192549336,16.9176,-0.4968634207822461,0.34960933754396806,0.014366595622099769,0.34962010893732465,0.013185710936036538,1.7360327333303067,0.007776066011697655,0.23603273333030672,0,0,FOLLOWING,1.7360327333303067,0.3501243294971524,0
38.4,15.198342263798118,-0.358136639980634,-0.087917522267583,16.928800000000003,-0.49707447930136567,0.3495980804102291,0.014422178619477245,0.3496087074550215,0.013235927007447931,1.736026411082523,0.007799738984499885,0.23602641108252298,0,0,FOLLOWING,1.736026411082523,0.35011834019923577,0
38.432,15.209486314458285,-0.3591173354498165,-0.08749237384194616,16.94,-0.4972782081680499,0.3495869692523773,0.014477479964350733,0.34959745123584846,0.013285888501154999,1.7360201734419554,0.007823290463198946,0.23602017344195536,0,0,FOLLOWING,1.7360201734419554,0.3501124952695999,0
38.464,15.22063042741431,-0.36009325587613683,-0.08706563480562336,16.9512,-0.4974746043781982,0.3495760047739663,0.014532499268566925,0.3495863409925557,0.013335595087349559,1.7360140208177073,0.007846720272766061,0.23601402081770728,0,0,FOLLOWING,1.7360140208177073,0.35010679506023296,0
38.496,15.231774606838364,-0.3610643840962889,-0.08663731332622791,16.9624,-0.49766366503583404,0.3495651876692626,0.014587236143412953,0.3495753774286652,0.013385046435634658,1.7360079536134227,0.007870028238088645,0.23600795361342275,0,0,FOLLOWING,1.7360079536134227,0.3501012399144193,0
38.528,15.24291885689467,-0.36203070303453255,-0.08620741758194705,16.9736,-0.4978453873531482,0.3495545186232032,0.014641690199626863,0.34956456123840474,0.01343424221557193,1.736001972227261,0.007893214183975955,0.23600197222726105,0,0,FOLLOWING,1.736001972227261,0.35009583016673196,0
38.56,15.25406318173927,-0.36299219570271657,-0.08577595576156041,16.9848,-0.49801976865053915,0.3495439983113356,0.014695861047450699,0.34955389310669893,0.013483182096151255,1.7359960770518628,0.007916277935182445,0.23599607705186276,0,0,FOLLOWING,1.7359960770518628,0.3500905661429911,0
38.592,15.26520758551978,-0.3639488452003039,-0.08534293606444442,16.996,-0.49818680635665336,0.34953362739983335,0.014749748296661893,0.34954337370902555,0.013531865746221467,1.735990268474359,0.007939219316420415,0.2359902684743591,0,0,FOLLOWING,1.735990268474359,0.3500854481602631,0
38.624,15.276352072375182,-0.3649006347143971,-0.08490836670058359,17.007199999999997,-0.4983464980084225,0.3495234065454174,0.014803351556612734,0.3495330037115319,0.013580292834279408,1.7359845468763264,0.007962038152378476,0.23598454687632642,0,0,FOLLOWING,1.7359845468763264,0.350080476526829,0
38.656,15.287496646435581,-0.3658475475197644,-0.08447225589057665,17.0184,-0.49849884125110044,0.3495133363953387,0.014856670436267077,0.3495227837709116,0.013628463028632885,1.735978912633776,0.007984734267736895,0.2359789126337759,0,0,FOLLOWING,1.735978912633776,0.35007565154217035,0
38.688,15.298641311821974,-0.3667895669788667,-0.08403461186564111,17.0296,-0.4986438338382973,0.34950341758732834,0.014909704544233114,0.349512714534386,0.013676375997441242,1.7359733661171257,0.008007307487182617,0.23597336611712572,0,0,FOLLOWING,1.7359733661171257,0.35007097349694155,0
38.72,15.309786072646032,-0.3677266765418863,-0.08359544286762345,17.040800000000004,-0.49878147363201303,0.3494936507495941,0.014962453488816864,0.34950279663963246,0.013724031408551239,1.7359679076911985,0.008029757635431928,0.23596790769119846,0,0,FOLLOWING,1.7359679076911985,0.35006644267296544,0
38.752,15.320930933009862,-0.3686588597467547,-0.08315475714899592,17.052,-0.4989117586026688,0.3494840365007218,0.015014916878037554,0.3494930307148383,0.013771428929906977,1.7359625377151648,0.0080520845372382,0.23596253771516484,0,0,FOLLOWING,1.7359625377151648,0.3500620593431899,0
38.784,15.33207589700578,-0.36958610021918287,-0.08271256297286748,17.0632,-0.4990346868291369,0.34947457544974425,0.015067094319694935,0.3494834173785382,0.013818568229111653,1.7359572565425836,0.008074288017419648,0.2359572565425836,0,0,FOLLOWING,1.7359572565425836,0.35005782377170397,0
38.816,15.343220968716082,-0.37050838167269107,-0.08226886861298187,17.0744,-0.499150256498769,0.34946526819603096,0.015118985421391784,0.34947395723973346,0.01386544897382575,1.7359520645213378,0.008096367900870483,0.23595206452133777,0,0,FOLLOWING,1.7359520645213378,0.3500537362137012,0
38.848,15.354366152212833,-0.37142568790864083,-0.0818236823537203,17.085600000000003,-0.49925846590742323,0.34945611532925086,0.015170589790578308,0.3494646508977734,0.013912070831630525,1.7359469619936134,0.008118324012580183,0.23594696199361342,0,0,FOLLOWING,1.7359469619936134,0.3500497969154638,0
38.88,15.365511451557612,-0.3723380028162664,-0.0813770124900979,17.096799999999998,-0.49935931345948886,0.3494471174293801,0.015221907034586875,0.34945549894227196,0.013958433470215652,1.7359419492959047,0.008140156177648433,0.23594194929590473,0,0,FOLLOWING,1.7359419492959047,0.3500460061143379,0
38.912,15.376656870801307,-0.3732453103727078,-0.08092886732777003,17.107999999999997,-0.49945279766791,0.34943827506667974,0.015272936760692229,0.34944650195318067,0.014004536557073956,1.7359370267590006,0.00816186422131042,0.23593702675900063,0,0,FOLLOWING,1.7359370267590006,0.3500423640387492,0
38.944,15.387802413983882,-0.3741475946430446,-0.08047925518302314,17.1192,-0.4995389171542076,0.3494295888016215,0.015323678576131804,0.3494376605007101,0.014050379759981314,1.735932194707943,0.008183447968946602,0.2359321947079429,0,0,FOLLOWING,1.735932194707943,0.35003887090816077,0
38.976,15.398948085134151,-0.3750448397803303,-0.08002818438277574,17.1304,-0.49961767064849977,0.349421059184876,0.015374132088157053,0.34942897514530774,0.014095962746685828,1.7359274534620188,0.008204907246105508,0.23592745346201882,0,0,FOLLOWING,1.7359274534620188,0.35003552693306966,0
39.008,15.410093888269556,-0.3759370300256278,-0.07957566326457315,17.141599999999997,-0.4996890569895204,0.34941268675727555,0.015424296904074887,0.3494204464376241,0.01414128518510261,1.7359228033347402,0.00822624187852039,0.23592280333474025,0,0,FOLLOWING,1.7359228033347402,0.3500323323149826,0
39.04,15.421239827395935,-0.3768241497080454,-0.07912170017657959,17.152800000000003,-0.49975307512463635,0.34940447204984393,0.015474172631284786,0.3494120749184254,0.014186346743389007,1.7359182446338615,0.008247451692126553,0.23591824463386146,0,0,FOLLOWING,1.7359182446338615,0.35002928724642507,0
39.072,15.432385906507305,-0.3777061832447738,-0.07866630347757828,17.164,-0.49980972410986296,0.3493964155836609,0.015523758877331892,0.34940386111872623,0.014231147089699482,1.7359137776613003,0.00826853651308346,0.23591377766130028,0,0,FOLLOWING,1.7359137776613003,0.35002639191090146,0
39.104,15.443532129585638,-0.3785831151411238,-0.07820948153695634,17.1752,-0.49985900310987796,0.34938851786993075,0.015573055249936612,0.34939580555954663,0.01427568589266535,1.7359094027131783,0.00828949616778786,0.23590940271317828,0,0,FOLLOWING,1.7359094027131783,0.3500236464829025,0
39.136,15.454678500600638,-0.3794549299905652,-0.07775124273470105,17.1864,-0.49990091139803383,0.3493807794099032,0.015622061357045348,0.3493879087520807,0.014319962821028842,1.7359051200797757,0.008310330482895992,0.2359051200797757,0,0,FOLLOWING,1.7359051200797757,0.35002105112788584,0
39.168,15.465825023509511,-0.38032161247476554,-0.07729159546138971,17.1976,-0.4999354483563685,0.34937320069487693,0.01567077680687411,0.3493801711975246,0.014363977543850883,1.7359009300455335,0.008331039285342248,0.23590093004553347,0,0,FOLLOWING,1.7359009300455335,0.35001860600227647,0
39.2,15.476971702256753,-0.3811831473636312,-0.076830548118175,17.2088,-0.4999626134756144,0.34936578220613795,0.01571920120794168,0.34937259338714677,0.01440772973065337,1.7358968328890172,0.00835162240235339,0.2358968328890172,0,0,FOLLOWING,1.7358968328890172,0.3500163112534374,0
39.232,15.488118540773923,-0.38203951951534726,-0.07636810911677812,17.22,-0.4999824063552061,0.3493585244149691,0.01576733416912409,0.3493651758021975,0.014451219051167932,1.735892828882924,0.008372079661472687,0.23589282888292407,0,0,FOLLOWING,1.735892828882924,0.35001416701967947,0
39.264,15.499265542979428,-0.3828907138764206,-0.07590428687947225,17.231199999999998,-0.49999482670328593,0.34935142778260214,0.01581517529969191,0.34935791891393386,0.014494445175645897,1.7358889182940545,0.00839241089057527,0.23588891829405445,0,0,FOLLOWING,1.7358889182940545,0.3500121734302387,0
39.296,15.510412712778292,-0.38373671548172134,-0.07543908983906983,17.2424,-0.4999998743367088,0.3493444927602164,0.01586272420935665,0.3493508231835272,0.014537407774732508,1.7358851013833119,0.008412615917888083,0.23588510138331187,0,0,FOLLOWING,1.7358851013833119,0.35001033060528186,0
39.328,15.52156005406195,-0.3845775094545271,-0.07497252643890795,17.2536,-0.49999754918104433,0.34933771978887107,0.015909980508311803,0.34934388906214736,0.014580106519538026,1.735881378405664,0.008432694572009028,0.23588137840566392,0,0,FOLLOWING,1.735881378405664,0.35000863865587917,0
39.36,15.532707570708014,-0.3854130810065665,-0.07450460513282693,17.2648,-0.49998785127057827,0.34933110929955147,0.015956943807272122,0.34933711699081743,0.01462254108183015,1.7358777496101696,0.008452646681921888,0.2358777496101696,0,0,FOLLOWING,1.7358777496101696,0.3500070976840197,0
39.392,15.54385526658007,-0.3862434154380648,-0.0740353343851586,17.276000000000003,-0.499970780748312,0.34932466171307264,0.016003613717524148,0.3493305074004795,0.01466471113375226,1.7358742152399234,0.008472472077019622,0.23587421523992336,0,0,FOLLOWING,1.7358742152399234,0.35000570778258516,0
39.424,15.555003145527452,-0.3870684981377889,-0.07356472267070419,17.287200000000002,-0.49994633786596027,0.34931837744009614,0.0160499898509651,0.3493240607119185,0.014706616348134189,1.7358707755320653,0.008492170587120484,0.23587077553206526,0,0,FOLLOWING,1.7358707755320653,0.350004469035355,0
39.456,15.566151211385023,-0.3878883145830945,-0.07309277847471657,17.298399999999997,-0.4999145229839477,0.3493122568811133,0.016096071820150826,0.349317777335754,0.014748256398361212,1.7358674307177717,0.008511742042489029,0.23586743071777172,0,0,FOLLOWING,1.7358674307177717,0.3500033815169929,0
39.488,15.577299467972965,-0.3887028503399733,-0.07261951029287528,17.3096,-0.4998753365714031,0.3493063004264231,0.016141859238332716,0.3493116576724582,0.01478963095860425,1.7358641810222433,0.008531186273851271,0.23586418102224327,0,0,FOLLOWING,1.7358641810222433,0.35000244529306407,0
39.52,15.588447919096563,-0.3895120910631009,-0.0721449266312705,17.320800000000002,-0.499828779206153,0.3493005084560764,0.016187351719511196,0.3493057021122723,0.014830739703523096,1.7358610266646715,0.008550503112418353,0.23586102666467146,0,0,FOLLOWING,1.7358610266646715,0.3500016604200004,0
39.552,15.599596568545977,-0.3903160224958859,-0.07166903600637249,17.332,-0.4997748515747128,0.34929488133989867,0.01623254887846552,0.34929991103522345,0.01487158230874733,1.7358579678582537,0.008569692389899367,0.23585796785825375,0,0,FOLLOWING,1.7358579678582537,0.3500010269451111,0
39.584,15.610745420096046,-0.3911146304705194,-0.0711918469450128,17.343199999999996,-0.4997135544722769,0.3492894194374476,0.016277450330810024,0.34929428481111036,0.014912158450482327,1.7358550048101682,0.008588753938525304,0.2358550048101682,0,0,FOLLOWING,1.7358550048101682,0.3500005449065762,0
39.616,15.62189447750607,-0.39190790090802546,-0.07071336798435703,17.3544,-0.4996448888027066,0.34928412309802326,0.016322055693035787,0.3492888237994449,0.014952467805788457,1.73585213772158,0.00860768759106649,0.2358521377215801,0,0,FOLLOWING,1.73585213772158,0.3500002143334617,0
39.648,15.633043744519588,-0.39269581981831236,-0.0702336076718747,17.3656,-0.49956885557851727,0.34927899266059426,0.016366364582541988,0.3492835283495013,0.014992510052669016,1.7358493667875996,0.008626493180847052,0.2358493667875996,0,0,FOLLOWING,1.7358493667875996,0.3500000352456945,0
39.68,15.644193224864173,-0.3934783733002243,-0.06975257456531529,17.376800000000003,-0.49948545592086296,0.34927402845383526,0.01641037661769218,0.34927839880020467,0.015032284869876017,1.7358466921973033,0.008645170541768596,0.23584669219730325,0,0,FOLLOWING,1.7358466921973033,0.35000000765407013,0
39.712,15.655342922251222,-0.39425554754159425,-0.06927027723267837,17.388,-0.4993946910595203,0.3492692307960738,0.016454091417855133,0.3492734354801904,0.015071791937093751,1.735844114133704,0.00866371950832729,0.23584411413370399,0,0,FOLLOWING,1.735844114133704,0.3500001315602436,0
39.744,15.666492840375742,-0.3950273288192973,-0.06878672425218108,17.3992,-0.49929656233286973,0.3492645999953053,0.01649750860344273,0.34926863870777924,0.015111030935021046,1.73584163277376,0.00868213991563094,0.23584163277376002,0,0,FOLLOWING,1.73584163277376,0.3500004069567513,0
39.776,15.677642982916144,-0.39579370349930504,-0.06830192421223105,17.4104,-0.49919107118787664,0.34926013634915115,0.01654062779596425,0.349264008790904,0.015150001545205592,1.7358392482883507,0.008700431599421209,0.23583924828835068,0,0,FOLLOWING,1.7358392482883507,0.35000083382698927,0
39.808,15.688793353534027,-0.39655465803673995,-0.06781588571138875,17.4216,-0.4990782191800693,0.3492558401448646,0.01658344861805716,0.34925954602716003,0.015188703450372987,1.7358369608422806,0.008718594396087402,0.23583696084228056,0,0,FOLLOWING,1.7358369608422806,0.3500014121452314,0
39.84,15.699943955873984,-0.3973101789759315,-0.06732861735833819,17.4328,-0.4989580079735162,0.34925171165927876,0.016625970693536652,0.3492552507037756,0.015227136334158982,1.735834770594249,0.008736628142688697,0.23583477059424895,0,0,FOLLOWING,1.735834770594249,0.3500021418766109,0
39.872,15.711094793563376,-0.3980602529504724,-0.06684012777184915,17.444,-0.4988304393408015,0.3492477511588454,0.016668193647441223,0.34925112309754414,0.015265299881385516,1.7358326776968733,0.00875453267697069,0.23583267769687333,0,0,FOLLOWING,1.7358326776968733,0.3500030229771427,0
39.904,15.722245870212143,-0.3988048666832757,-0.06635042558074188,17.455199999999998,-0.498695515162999,0.34924395889957965,0.01671011710606645,0.34924716347486523,0.01530319377797481,1.7358306822966576,0.00877230783738353,0.2358306822966576,0,0,FOLLOWING,1.7358306822966576,0.35000405539371454,0
39.936,15.73339718941259,-0.3995440069866323,-0.0658595194238512,17.4664,-0.49855323742964414,0.3492403351270714,0.016751740697018274,0.3492433720917502,0.015340817710969911,1.7358287845339984,0.008789953463101886,0.23582878453399836,0,0,FOLLOWING,1.7358287845339984,0.3500052390640965,0
39.968,15.744548754739183,-0.40027766076226984,-0.06536741794998863,17.4776,-0.49840360823870494,0.34923688007644693,0.016793064049252848,0.34923974919373835,0.015378171368600268,1.7358269845431635,0.0088074693940432,0.23582698454316353,0,0,FOLLOWING,1.7358269845431635,0.3500065739169361,0
40.0,15.755700569748344,-0.4010058150014117,-0.06487412981789971,17.488800000000005,-0.4982466297965508,0.34923359397240505,0.016834086793114465,0.3492362950159177,0.015415254440426988,1.735825282452314,0.008824855470883505,0.23582528245231393,0,0,FOLLOWING,1.735825282452314,0.3500080598717774,0
40.032000000000004,15.766852637978257,-0.401728456784837,-0.0643796636962269,17.5,-0.49808230441792034,0.34923047702911447,0.01687480856038073,0.34923300978295846,0.01545206661717159,1.7358236783834429,0.00884211153507719,0.23582367838344287,0,0,FOLLOWING,1.7358236783834429,0.3500096968390377,0
40.064,15.77800496294865,-0.40244557328294095,-0.06388402826346724,17.5112,-0.49791063452588674,0.34922752945033936,0.016915228984312514,0.3492298937089899,0.015488607590876967,1.7358221724524507,0.008859237428877016,0.23582217245245074,0,0,FOLLOWING,1.7358221724524507,0.35001148472005555,0
40.096000000000004,15.789157548160615,-0.40315715175579653,-0.06338723220792951,17.5224,-0.4977316226518226,0.3492247514293063,0.016955347699685715,0.3492269469977486,0.015524877054927746,1.7358207647690673,0.008876232995349724,0.23582076476906733,0,0,FOLLOWING,1.7358207647690673,0.3500134234070689,0
40.128,15.800310397096387,-0.40386317955321627,-0.06288928422769058,17.533600000000003,-0.4975452714353619,0.34922214314875405,0.016995164342842987,0.34922416984242655,0.015560874704068918,1.7358194554368809,0.008893098078395667,0.23581945543688088,0,0,FOLLOWING,1.7358194554368809,0.3500155127832251,0
40.160000000000004,15.811463513219163,-0.4045636441148149,-0.062390193030548505,17.5448,-0.4973515836243621,0.34921970478089515,0.017034678551723127,0.3492215624257293,0.01559660023451384,1.7358182445533166,0.008909832522763825,0.23581824455331657,0,0,FOLLOWING,1.7358182445533166,0.35001775272258534,0
40.192,15.82261689997289,-0.4052585329700724,-0.061889967333982054,17.555999999999997,-0.4971505620748624,0.3492174364874633,0.017073889965925834,0.34921912491983687,0.015632053343741566,1.7358171322096645,0.008926436174076686,0.2358171322096645,0,0,FOLLOWING,1.7358171322096645,0.35002014309014684,0
40.224000000000004,15.833770560782076,-0.4059478337383987,-0.06138861586509648,17.5672,-0.49694220975104275,0.349215338419643,0.017112798226728485,0.3492168574864321,0.015667233730922926,1.7358161184910383,0.008942908878839792,0.23581611849103834,0,0,FOLLOWING,1.7358161184910383,0.350022683741843,0
40.256,15.844924499051594,-0.4066315341291976,-0.06088614736057899,17.578400000000002,-0.4967265297251792,0.3492134107180898,0.017151402977142165,0.3492147602766863,0.01570214109662038,1.7358152034763883,0.008959250484463915,0.2358152034763883,0,0,FOLLOWING,1.7358152034763883,0.35002537452455,0
40.288000000000004,15.856078718166481,-0.4073096219419322,-0.060382570566648995,17.589599999999997,-0.4965035251775994,0.34921165351290984,0.017189703861948798,0.3492128334312136,0.015736775142955673,1.7358143872384888,0.00897546083928192,0.2358143872384888,0,0,FOLLOWING,1.7358143872384888,0.3500282152760884,0
40.32,15.867233221491752,-0.40798208506619116,-0.05987789423900827,17.6008,-0.4962731993966349,0.3492100669237048,0.017227700527750283,0.34921107708009635,0.01577113557360078,1.7358136698439657,0.008991539792568379,0.23581366984396568,0,0,FOLLOWING,1.7358136698439657,0.3500312058252665,0
40.352000000000004,15.878388012372202,-0.4086489114817548,-0.05937212714278857,17.612000000000002,-0.4960355557785737,0.3492086510594875,0.017265392623000076,0.34920949134288326,0.015805222093871394,1.7358130513532468,0.009007487194554416,0.23581305135324682,0,0,FOLLOWING,1.7358130513532468,0.35003434599185546,0
40.384,15.889543094132215,-0.40931008925866275,-0.05886527805249984,17.6232,-0.49579059782760904,0.34920740601872996,0.01730277979805253,0.34920807632857176,0.01583903441069806,1.7358125318205906,0.009023302896447843,0.2358125318205906,0,0,FOLLOWING,1.7358125318205906,0.3500376355866177,0
40.416000000000004,15.90069847007557,-0.4099656065572813,-0.05835735575197451,17.6344,-0.4955383291557885,0.34920633188936107,0.017339861705199213,0.3492068321355915,0.015872572232752246,1.735812111294085,0.00903898675044798,0.23581211129408497,0,0,FOLLOWING,1.735812111294085,0.3500410744113131,0
40.448,15.911854143485263,-0.41061545162837215,-0.05784836903431534,17.6456,-0.4952787534829603,0.3492054287487387,0.017376637998713917,0.34920575885182453,0.015905835270336666,1.7358117898156318,0.009054538609765836,0.23581178981563178,0,0,FOLLOWING,1.7358117898156318,0.35004466225872305,0
40.480000000000004,15.923010117623297,-0.4112596128131611,-0.057338326701837306,17.6568,-0.495011874636719,0.34920469666366033,0.017413108334889356,0.3492048565546222,0.01593882323556962,1.7358115674209524,0.009069958328639034,0.23581156742095244,0,0,FOLLOWING,1.7358115674209524,0.3500483989126443,0
40.512,15.934166395730525,-0.4118980785434082,-0.056827237566014197,17.668,-0.4947376965523482,0.3492041356903514,0.0174492723720875,0.3492041253107373,0.015971535842237785,1.7358114441395824,0.009085245762353214,0.23581144413958244,0,0,FOLLOWING,1.7358114441395824,0.35005228414792217,0
40.544000000000004,15.94532298102643,-0.4125308373414775,-0.05631511044741641,17.679199999999998,-0.4944562232727637,0.3492037458744868,0.017485129770768992,0.349203565176365,0.01600397280607079,1.7358114199948835,0.009100400767254685,0.23581141999488353,0,0,FOLLOWING,1.7358114199948835,0.350056317730454,0
40.576,15.956479876708968,-0.4131578778204082,-0.055801954175653305,17.6904,-0.4941674589484524,0.34920352725116793,0.017520680193540115,0.3492031761971403,0.016036133844602226,1.7358114950040309,0.009115423200769517,0.23581149500403087,0,0,FOLLOWING,1.7358114950040309,0.3500604994172094,0
40.608000000000004,15.967637085954365,-0.41377918868398544,-0.05528777758931574,17.7016,-0.4938714078374125,0.34920347984491557,0.017555923305194635,0.34920295840812415,0.016068018677158877,1.7358116691780092,0.009130312921422364,0.23581166917800922,0,0,FOLLOWING,1.7358116691780092,0.3500648289562381,0
40.64,15.97879461191694,-0.41439475872681303,-0.05477258953591142,17.7128,-0.4935680743050898,0.34920360366971265,0.017590858772752488,0.34920291183382507,0.016099627025090473,1.7358119425216383,0.009145069788851573,0.23581194252163828,0,0,FOLLOWING,1.7358119425216383,0.3500693060866964,0
40.672000000000004,15.989952457728931,-0.41500457683438535,-0.05425639887180319,17.724000000000004,-0.49325746282431376,0.34920389872895014,0.017625486265496093,0.34920303648817463,0.016130958611672817,1.735812315033541,0.009159693663825247,0.23581231503354094,0,0,FOLLOWING,1.735812315033541,0.3500739305388563,0
40.704,16.0011106265003,-0.41560863198316067,-0.05373921446214825,17.735200000000003,-0.4929395779752314,0.34920436501546237,0.01765980545501813,0.3492033323745533,0.01616201316208182,1.7358127867061648,0.009174184408261461,0.2358127867061648,0,0,FOLLOWING,1.7358127867061648,0.35007870203411967,0
40.736000000000004,16.012269121318567,-0.4162069132406345,-0.0532210451808311,17.746399999999998,-0.49261442444523995,0.3492050025115179,0.01769381601525449,0.34920379948574704,0.016192790403589542,1.735813357525777,0.009188541885242027,0.23581335752577703,0,0,FOLLOWING,1.735813357525777,0.3500836202850442,0
40.768,16.023427945248628,-0.41679940976541424,-0.05270189991039969,17.7576,-0.49228200702891717,0.3492058111888518,0.01772751762253281,0.3492044378040116,0.016223290065463542,1.735814027472483,0.009202765959031668,0.23581402747248292,0,0,FOLLOWING,1.735814027472483,0.3500886849953705,0
40.800000000000004,16.034587101332566,-0.41738611080729326,-0.05218178754199976,17.768800000000002,-0.49194233062795145,0.3492067910086179,0.017760909955605482,0.3492052473010165,0.01625351187902205,1.735814796520199,0.009216856495094183,0.2358147965201991,0,0,FOLLOWING,1.735814796520199,0.35009389586001877,0
40.832,16.04574659258949,-0.41796700570732614,-0.0516607169753051,17.78,-0.49159540025106885,0.34920794192142124,0.017793992695688883,0.34920622793792067,0.01628345557776197,1.7358156646366723,0.009230813360107379,0.23581566463667225,0,0,FOLLOWING,1.7358156646366723,0.3500992525651222,0
40.864000000000004,16.05690642201537,-0.41854208389790487,-0.05113869711844801,17.791199999999996,-0.4912412210139597,0.34920926386731493,0.017826765526498534,0.3492073796652587,0.01631312089735721,1.7358166317834776,0.009244636421978564,0.23581663178347756,0,0,FOLLOWING,1.7358166317834776,0.35010475478803854,0
40.896,16.068066592582824,-0.4191113349028347,-0.05061573688795441,17.8024,-0.4908797981392029,0.34921075677585395,0.017859228134304357,0.34920870242307483,0.016342507575505292,1.735817697916051,0.009258325549866227,0.2358176979160509,0,0,FOLLOWING,1.735817697916051,0.3501104021973933,0
40.928000000000004,16.079227107240996,-0.4196747483374104,-0.05009184520867187,17.8136,-0.49051113695618925,0.3492124205659988,0.01789138020795594,0.34921019614087545,0.01637161535215556,1.7358188629836322,0.009271880614193158,0.2358188629836322,0,0,FOLLOWING,1.7358188629836322,0.3501161944530702,0
40.96,16.090387968915344,-0.4202323139084937,-0.04956703101369636,17.824800000000003,-0.49013524290104216,0.34921425514622256,0.017923221438927328,0.34921186073762434,0.01640044396954369,1.7358201269293285,0.009285301486662852,0.23582012692932852,0,0,FOLLOWING,1.7358201269293285,0.35012213120624947,0
40.992,16.1015491805075,-0.4207840214145915,-0.0490413032443025,17.836,-0.4897521215165384,0.349216260414442,0.017954751521354752,0.3492136961217345,0.0164289931720872,1.7358214896900743,0.009298588040277403,0.23582148969007433,0,0,FOLLOWING,1.7358214896900743,0.3501282120994194,0
41.024,16.112710744895086,-0.4213298607459332,-0.04851467084986357,17.8472,-0.4893617784520255,0.34921843625811066,0.017985970152067786,0.34921570219108555,0.016457262706704386,1.7358229511966856,0.009311740149348331,0.23582295119668562,0,0,FOLLOWING,1.7358229511966856,0.3501344367664212,0
41.056,16.12387266493155,-0.4218698218845491,-0.04798714278778429,17.8584,-0.48896421946333923,0.34922078255412786,0.01801687703063573,0.3492178788331196,0.016485252322410843,1.7358245113738076,0.009324757689518022,0.23582451137380755,0,0,FOLLOWING,1.7358245113738076,0.35014080483245286,0
41.088,16.135034943446005,-0.42240389490435004,-0.047458728023427446,17.8696,-0.48855945041271825,0.3492232991689256,0.018047471859419538,0.34922022592469076,0.016512961770516837,1.735826170139965,0.009337640537779697,0.2358261701399651,0,0,FOLLOWING,1.735826170139965,0.35014731591409615,0
41.12,16.146197583243058,-0.42293206997120647,-0.0469294355300243,17.8808,-0.48814747726871754,0.34922598595845317,0.018077754343573383,0.3492227433322014,0.016540390805132713,1.7358279274075543,0.00935038857247953,0.23582792740755432,0,0,FOLLOWING,1.7358279274075543,0.3501539696193521,0
41.152,16.157360587102655,-0.4234543373430283,-0.04639927428861037,17.892,-0.48772830610612106,0.3492288427681642,0.018107724191114925,0.34922543091157204,0.01656753918237579,1.7358297830828353,0.009363001673345188,0.2358297830828353,0,0,FOLLOWING,1.7358297830828353,0.3501607655476465,0
41.184,16.16852395777992,-0.42397068736984506,-0.04586825328794001,17.9032,-0.4873019431058513,0.34923186943305484,0.01813738111294742,0.3492282885082399,0.01659440666103123,1.7358317370659544,0.00937547972149537,0.2358317370659544,0,0,FOLLOWING,1.7358317370659544,0.35016770328987523,0
41.216,16.17968769800499,-0.42448111049388654,-0.04533638152440918,17.914399999999997,-0.4868683945548789,0.34923506577767816,0.01816672482290353,0.3492313159571648,0.016620993002299644,1.7358337892509532,0.009387822599457106,0.23583378925095322,0,0,FOLLOWING,1.7358337892509532,0.350174782428419,0
41.248,16.190851810482858,-0.42498559724966395,-0.044803668001975376,17.9256,-0.4864276668461295,0.3492384316161386,0.018195755037778878,0.3492345130828474,0.016647297969880938,1.7358359395257654,0.009400030191181893,0.23583593952576543,0,0,FOLLOWING,1.7358359395257654,0.3501820025371755,0
41.28,16.202016297893213,-0.42548413826405107,-0.04427012173207549,17.936799999999998,-0.4859797664783897,0.34924196675211067,0.01822447147737193,0.3492378796993654,0.016673321330047505,1.7358381877722275,0.009412102382059967,0.23583818777222754,0,0,FOLLOWING,1.7358381877722275,0.35018936318157873,0
41.312,16.21318116289029,-0.42597672425636657,-0.04373575173354023,17.948,-0.4855247000562109,0.34924567097887305,0.018252873864513183,0.34924141561037597,0.016699062851737907,1.7358405338660998,0.009424039058933248,0.23584053386609982,0,0,FOLLOWING,1.7358405338660998,0.35019686391863736,0
41.344,16.22434640810272,-0.4264633460384554,-0.04320056703251571,17.959200000000003,-0.4850624742898125,0.34924954407928155,0.018280961925108606,0.3492451206091306,0.01672452230634864,1.7358429776770503,0.009435840110114196,0.23584297767705031,0,0,FOLLOWING,1.7358429776770503,0.35020450429695493,0
41.376,16.23551203613337,-0.4269439945147718,-0.042664576662381826,17.9704,-0.48459309599498196,0.3492535858257992,0.01830873538818582,0.34924899447845775,0.016749699467822815,1.7358455190686723,0.009447505425404403,0.23584551906867235,0,0,FOLLOWING,1.7358455190686723,0.35021228385675574,0
41.408,16.246678049559183,-0.4274186606824621,-0.042127789663653166,17.981599999999997,-0.48411657209297587,0.3492577959805495,0.018336193985898634,0.3492530369907624,0.01677459411320083,1.7358481578985163,0.009459034896095628,0.23584815789851632,0,0,FOLLOWING,1.7358481578985163,0.35022020212992255,0
41.44,16.25784445093105,-0.42788733563144726,-0.04159021508390957,17.9928,-0.4836329096104161,0.34926217429530765,0.018363337453600477,0.349257247908137,0.016799206021694133,1.735850894018085,0.009470428415001383,0.235850894018085,0,0,FOLLOWING,1.735850894018085,0.3502282586400348,0
41.472,16.26901124277365,-0.42835001054450744,-0.04105186197770039,18.004,-0.4831421156791877,0.3492667205114709,0.018390165529859184,0.34926162698237306,0.016823534975504238,1.7358537272728154,0.009481685876462566,0.2358537272728154,0,0,FOLLOWING,1.7358537272728154,0.3502364529023767,0
41.504,16.280178427585298,-0.4288066766973646,-0.040512739406456576,18.0152,-0.48264419753633236,0.349271434360146,0.018416677956492933,0.3492661739548223,0.016847580759581607,1.7358566575021313,0.00949280717636308,0.23585665750213125,0,0,FOLLOWING,1.7358566575021313,0.3502447844239821,0
41.536,16.291346007837817,-0.4292573254587673,-0.039972856438404786,18.026399999999995,-0.48213916252394323,0.3492763155621148,0.018442874478612876,0.3492708885565211,0.016871343161561223,1.735859684539422,0.009503792212146481,0.23585968453942208,0,0,FOLLOWING,1.735859684539422,0.35025325270365737,0
41.568,16.302513985976365,-0.4297019482905752,-0.03943222214847064,18.037599999999998,-0.481627018089055,0.349281363827928,0.01846875484464741,0.34927577050824243,0.01689482197209847,1.7358628082120993,0.009514640882825318,0.23586280821209926,0,0,FOLLOWING,1.7358628082120993,0.3502618572320358,0
41.6,16.313682364419332,-0.43014053674784225,-0.038890845618194524,18.0488,-0.48110777178353586,0.3492865788578103,0.018494318806380267,0.3492808195205103,0.016918016984482837,1.7358660283415397,0.009525353088999235,0.2358660283415397,0,0,FOLLOWING,1.7358660283415397,0.3502705974915792,0
41.632,16.32485114555817,-0.43057308247890363,-0.03834873593564424,18.060000000000002,-0.4805814312639744,0.3492919603417673,0.018519566119006195,0.3492860352935247,0.016940927994732055,1.735869344743149,0.009535928732876436,0.23586934474314902,0,0,FOLLOWING,1.735869344743149,0.3502794729566277,0
41.664,16.336020331757258,-0.43099957722545923,-0.03780590219530926,18.071199999999997,-0.480048004291568,0.34929750795958137,0.018544496541130526,0.3492914175172536,0.01696355480216816,1.7358727572263597,0.009546367718272872,0.2358727572263597,0,0,FOLLOWING,1.7358727572263597,0.35028848309341937,0
41.696,16.347189925353774,-0.4314200128226598,-0.0372623534980168,18.0824,-0.4795074987320076,0.3493032213808514,0.018569109834826257,0.3492969658714516,0.0169858972087385,1.7358762655946538,0.009556669950636972,0.2358762655946538,0,0,FOLLOWING,1.7358762655946538,0.35029762736015724,0
41.728,16.35835992865756,-0.43183438119919193,-0.036718098950832834,18.0936,-0.47895992255536224,0.3493091002649566,0.01859340576565474,0.34930268002570075,0.017007955019479715,1.735879869645542,0.00956683533705759,0.23587986964554197,0,0,FOLLOWING,1.735879869645542,0.3503069052070052,0
41.76,16.36953034395098,-0.4322426743773647,-0.036173147666974034,18.1048,-0.47840528383596137,0.3493151442611423,0.018617384102719195,0.34930855963934726,0.017029728042182085,1.7358835691706145,0.009576863786286367,0.23588356917061448,0,0,FOLLOWING,1.7358835691706145,0.35031631607615044,0
41.792,16.380701173488784,-0.43264488447319505,-0.03562750876570146,18.116,-0.47784359075227567,0.3493213530085134,0.01864104461867417,0.34931460436159484,0.017051216087961066,1.7358873639555372,0.00958675520874068,0.23588736395553722,0,0,FOLLOWING,1.7358873639555372,0.35032585940181954,0
41.824,16.39187241949799,-0.43304100369649356,-0.035081191372231986,18.1272,-0.4772748515867962,0.34932772613606444,0.01866438708977489,0.3493208138315148,0.017072418970693826,1.7358912537800688,0.009596509516525548,0.2358912537800688,0,0,FOLLOWING,1.7358912537800688,0.3503355346103258,0
41.856,16.403044084177754,-0.4334310243509513,-0.03453420461763366,18.138399999999997,-0.47669907472591333,0.34933426326268335,0.018687411295897585,0.34932718767810417,0.017093336507533384,1.7358952384180637,0.009606126623439997,0.2358952384180637,0,0,FOLLOWING,1.7358952384180637,0.3503453411201025,0
41.888,16.41421616969922,-0.43381493883422645,-0.03398655763872944,18.1496,-0.47611626865979156,0.3493409639972371,0.018710117020579748,0.3493337255201865,0.01711396851863765,1.7358993176375226,0.009615606444994153,0.2358993176375226,0,0,FOLLOWING,1.7358993176375226,0.3503552783417429,0
41.92,16.42538867820543,-0.43419273963803057,-0.033438259578004774,18.1608,-0.47552644198224553,0.34934782793849806,0.018732504051061406,0.349340426966631,0.01713431482705417,1.7359034912005484,0.009624948898428123,0.23590349120054843,0,0,FOLLOWING,1.7359034912005484,0.35036534567802624,0
41.952,16.436561611811165,-0.4345644193482155,-0.03288931958349524,18.172000000000004,-0.47492960339061285,0.3493548546752838,0.01875457217830028,0.3493472916161671,0.017154375259340465,1.7359077588634295,0.009634153902714302,0.23590775886342952,0,0,FOLLOWING,1.7359077588634295,0.3503755425239783,0
41.984,16.44773497260285,-0.4349299706448601,-0.03233974680869357,18.1832,-0.47432576168562596,0.3493620437863605,0.018776321197010327,0.3493543190575822,0.017174149644960657,1.7359121203765822,0.009643221378577621,0.23591212037658216,0,0,FOLLOWING,1.7359121203765822,0.35038586826687323,0
42.016,16.458908762638412,-0.4352893863023574,-0.031789550412444224,18.194399999999998,-0.47371492577128194,0.34936939484059787,0.01879775090569898,0.3493615088696319,0.017193637816673775,1.7359165754846422,0.009652151248506336,0.23591657548464218,0,0,FOLLOWING,1.7359165754846422,0.3503963222863171,0
42.048,16.47008298394718,-0.4356426591895013,-0.031238739558842925,18.2056,-0.47309710465471205,0.3493769073969071,0.01881886110669346,0.349368860621115,0.01721283961037699,1.7359211239264283,0.009660943436765951,0.23592112392642828,0,0,FOLLOWING,1.7359211239264283,0.3504069039542567,0
42.08,16.48125763852974,-0.43598978226957463,-0.03068732341712921,18.216800000000003,-0.4724723074460477,0.34938458100430764,0.018839651606171317,0.3493763738709486,0.017231754865326042,1.7359257654349816,0.009669597869409685,0.23592576543498156,0,0,FOLLOWING,1.7359257654349816,0.35041761263503024,0
42.112,16.49243272835786,-0.4363307486004355,-0.03013531116158768,18.227999999999998,-0.47184054335828784,0.3493924152019141,0.018860122214195408,0.34938404816811913,0.017250383423862113,1.7359304997375573,0.009678114474294829,0.2359304997375573,0,0,FOLLOWING,1.7359304997375573,0.3504284476853966,0
42.144,16.503608255374328,-0.436665551334605,-0.02958271197143462,18.239199999999997,-0.47120182170716113,0.3494004095190504,0.01888027274473774,0.3493918830517161,0.0172687251318711,1.735935326555693,0.009686493181089315,0.23593532655569294,0,0,FOLLOWING,1.735935326555693,0.3504394084545929,0
42.176,16.51478422149289,-0.436994183719354,-0.02902953503071794,18.2504,-0.4705561519109903,0.34940856347518734,0.01890010301571267,0.34939987805105777,0.017286779838363478,1.7359402456051705,0.009694733921288029,0.23594024560517046,0,0,FOLLOWING,1.7359402456051705,0.35045049428436714,0
42.208,16.525960628598096,-0.43731663909679147,-0.02847578952820624,18.2616,-0.46990354349055197,0.34941687658001996,0.018919612849004886,0.34940803268553916,0.017304547395817795,1.7359452565960627,0.009702836628222678,0.2359452565960627,0,0,FOLLOWING,1.7359452565960627,0.35046170450901715,0
42.24,16.53713747854521,-0.43763291090395096,-0.02792148465728913,18.272799999999997,-0.4692440060689372,0.34942534833350164,0.018938802070515435,0.3494163464648504,0.017322027659827918,1.7359503592327528,0.009710801237080787,0.23595035923275276,0,0,FOLLOWING,1.7359503592327528,0.35047303845543,0
42.272,16.548314773160108,-0.4379429926728778,-0.0273666296158578,18.284,-0.4685775493714086,0.34943397822587424,0.01895767051016585,0.349424818888933,0.01733922048971843,1.7359555532139523,0.00971862768490719,0.23595555321395234,0,0,FOLLOWING,1.7359555532139523,0.35048449544314103,0
42.304,16.55949251423917,-0.4382468780307176,-0.026811233606204937,18.2952,-0.46790418322525873,0.3494427657376696,0.018976218001948476,0.3494334494479903,0.017356125747943037,1.7359608382327019,0.009726315910624565,0.23596083823270186,0,0,FOLLOWING,1.7359608382327019,0.35049607478436046,0
42.336,16.570670703549165,-0.4385445606998025,-0.026255305834906848,18.3064,-0.46722391755966264,0.3494517103397823,0.01899444438393852,0.3494422376225227,0.017372743300638586,1.7359662139764138,0.009733865855038156,0.23596621397641382,0,0,FOLLOWING,1.7359662139764138,0.35050777578401665,0
42.368,16.581849342827162,-0.4388360344977389,-0.025698855512719998,18.3176,-0.4665367624055337,0.349460811493488,0.019012349498338646,0.34945118288340066,0.017389073017174295,1.7359716801268836,0.009741277460853676,0.23597168012688363,0,0,FOLLOWING,1.7359716801268836,0.35051959773981123,0
42.4,16.59302843378043,-0.43912129333749433,-0.025141891854466556,18.3288,-0.4658427278953743,0.349470068650478,0.01902993319150189,0.3494602846918827,0.017405114770497138,1.7359772363603094,0.009748550672686509,0.23597723636030943,0,0,FOLLOWING,1.7359772363603094,0.35053153994226327,0
42.432,16.604207978086325,-0.43940033122748506,-0.024584424078917793,18.34,-0.46514182426312717,0.34947948125288536,0.01904719531394782,0.34946954249962925,0.017420868437198207,1.7359828823473076,0.009755685437068251,0.23598288234730758,0,0,FOLLOWING,1.7359828823473076,0.35054360167473764,0
42.464,16.615387977392217,-0.4396731422716628,-0.02402646140868841,18.3512,-0.4644340618440243,0.3494890487333426,0.01906413572040972,0.3494789557487481,0.01743633389716917,1.7359886177529467,0.009762681702465505,0.23598861775294666,0,0,FOLLOWING,1.7359886177529467,0.35055578221350947,0
42.496,16.626568433315377,-0.4399397206696018,-0.023468013070119406,18.362399999999997,-0.4637194510744345,0.34949877051499767,0.019080754269852958,0.34948852387182827,0.01745151103396353,1.7359944422367573,0.009769539419287364,0.23599444223675725,0,0,FOLLOWING,1.7359944422367573,0.3505680808277959,0
42.528,16.637749347442895,-0.44020006071658546,-0.022909088293165136,18.3736,-0.46299800249170914,0.3495086460115627,0.01909705082550634,0.34949824629201326,0.017466399734663882,1.7360003554527594,0.009776258539898176,0.23600035545275944,0,0,FOLLOWING,1.7360003554527594,0.3505804967798163,0
42.56,16.648930721331578,-0.4404541568036933,-0.022349696311269332,18.3848,-0.4622697267340276,0.34951867462734326,0.01911302525486944,0.3495081224229821,0.01748099989022703,1.7360063570494808,0.009782839018618974,0.2360063570494808,0,0,FOLLOWING,1.7360063570494808,0.3505930293248188,0
42.592,16.660112556507883,-0.4407020034178876,-0.021789846361264385,18.396,-0.4615346345402394,0.34952885575727366,0.019128677429772784,0.34951815166904016,0.017495311394757043,1.7360124466699771,0.009789280811754094,0.23601244666997712,0,0,FOLLOWING,1.7360124466699771,0.35060567771115,0
42.624,16.6712948544678,-0.4409435951420992,-0.021229547683243467,18.407200000000003,-0.4607927367497069,0.3495391887869799,0.01914400722637962,0.34952833342505396,0.017509334146354597,1.736018623951869,0.009795583877589496,0.2360186239518689,0,0,FOLLOWING,1.736018623951869,0.35061844118028235,0
42.656,16.682477616676795,-0.4411789266553142,-0.02066880952044633,18.418400000000002,-0.46004404430214463,0.34954967309277074,0.019159014525217722,0.34953866707664794,0.01752306804668894,1.7360248885273364,0.009801748176406866,0.23602488852733639,0,0,FOLLOWING,1.7360248885273364,0.3506313189668735,0
42.688,16.69366084456971,-0.4414079927326601,-0.020107641119141217,18.429599999999997,-0.45928856823745856,0.3495603080417321,0.01917369921120857,0.3495491520001086,0.017536513001119736,1.736031240023175,0.009807773670493613,0.236031240023175,0,0,FOLLOWING,1.736031240023175,0.35064431029880555,0
42.72,16.704844539550685,-0.44163078824549157,-0.019546051728509064,18.4408,-0.45852631969558255,0.349571092991755,0.019188061173696584,0.34955978756247813,0.017549668918624958,1.7360376780608113,0.009813660324156289,0.23603767806081133,0,0,FOLLOWING,1.7360376780608113,0.35065741439725623,0
42.752,16.716028702993086,-0.44184730816147544,-0.018984050600520237,18.452,-0.45775730991631525,0.3495820272915297,0.019202100306464708,0.3495705731216436,0.017562535712034512,1.7360442022563003,0.009819408103725467,0.2360442022563003,0,0,FOLLOWING,1.7360442022563003,0.3506706304767172,0
42.784,16.727213336239412,-0.4420575475446767,-0.018421646989816597,18.4632,-0.45698155023915293,0.34959311028064166,0.019215816507766173,0.34958150802628724,0.017575113297865097,1.7360508122203804,0.009825016977568947,0.23605081222038038,0,0,FOLLOWING,1.7360508122203804,0.3506839577450571,0
42.816,16.73839844060125,-0.4422615015556436,-0.017858850153586694,18.474399999999996,-0.45619905210312367,0.3496043412895674,0.019229209680338342,0.3495925916159606,0.017587401596531625,1.7360575075584723,0.009830486916096467,0.23605750755847232,0,0,FOLLOWING,1.7360575075584723,0.3506973954035689,0
42.848,16.749584017359158,-0.44245916545149205,-0.01729566935145049,18.485599999999998,-0.4554098270466177,0.3496157196398056,0.019242279731442758,0.34960382322107736,0.017599400532052757,1.7360642878707553,0.0098358178917758,0.23606428787075528,0,0,FOLLOWING,1.7360642878707553,0.3507109426470363,0
42.88,16.760770067762625,-0.4426505345859904,-0.016732113845331197,18.4968,-0.454613886707218,0.3496272446438012,0.01925502657287205,0.3496152021631386,0.01761111003245165,1.7360711527521224,0.00984100987913536,0.23607115275212243,0,0,FOLLOWING,1.7360711527521224,0.35072459866375927,0
42.912,16.771956593029998,-0.44283560440964437,-0.01616819289934463,18.508000000000003,-0.4538112428215276,0.34963891560505694,0.019267450121004417,0.34962672775458564,0.017622530029209747,1.7360781017922466,0.009846062854786602,0.23607810179224664,0,0,FOLLOWING,1.7360781017922466,0.3507383626356221,0
42.944,16.783143594348402,-0.4430143704697792,-0.015603915779662362,18.519199999999998,-0.453001907224998,0.34965073181816564,0.01927955029679218,0.3496383992988554,0.01763366045808413,1.7360851345755985,0.009850976797417844,0.23608513457559854,0,0,FOLLOWING,1.7360851345755985,0.35075223373812736,0
42.976,16.79433107287369,-0.44318682841062534,-0.015039291754392168,18.5304,-0.452185891851753,0.3496626925688814,0.019291327025798884,0.34965021609055813,0.017644501258568583,1.7360922506814893,0.009855751687809408,0.2360922506814893,0,0,FOLLOWING,1.7360922506814893,0.3507662111404759,0
43.008,16.805519029730352,-0.4433529739734005,-0.014474330093452692,18.5416,-0.4513632087344148,0.34967479713411803,0.019302780238216067,0.3496621774153983,0.017655052374073287,1.7360994496840687,0.00986038750883988,0.2360994496840687,0,0,FOLLOWING,1.7360994496840687,0.35078029400558786,0
43.04,16.816707466011497,-0.4435128029963928,-0.013909040068453579,18.5528,-0.45053387000392414,0.3496870447820157,0.019313909868901174,0.3496742825503092,0.017665313751754466,1.736106731152365,0.009864884245501526,0.23610673115236502,0,0,FOLLOWING,1.736106731152365,0.35079448149018033,0
43.072,16.82789638277875,-0.44366631141504337,-0.01334343095256346,18.564,-0.4496978878893635,0.3496994347719891,0.019324715857381294,0.34968653076334905,0.017675285342893338,1.7361140946503124,0.009869241884901377,0.2361140946503124,0,0,FOLLOWING,1.7361140946503124,0.35080877274480066,0
43.104,16.83908578106222,-0.4438134952620284,-0.012777512020390762,18.5752,-0.44885527471777525,0.34971196635477925,0.019335198147895208,0.3496989213139486,0.017684967102496937,1.7361215397367817,0.009873460416277487,0.23612153973678174,0,0,FOLLOWING,1.7361215397367817,0.3508231669138907,0
43.136,16.85027566186043,-0.44395435066734096,-0.0122112925478457,18.586399999999998,-0.44800604291398133,0.3497246387725004,0.019345356689387454,0.349711453452824,0.017694358989883644,1.7361290659656081,0.00987753983099541,0.23612906596560812,0,0,FOLLOWING,1.7361290659656081,0.35083766313583725,0
43.168,16.861466026140278,-0.44408887385837204,-0.011644781812025516,18.5976,-0.4471502050003982,0.34973745125867234,0.01935519143555848,0.3497241264220433,0.01770346096795905,1.7361366728856091,0.009881480122569753,0.23613667288560913,0,0,FOLLOWING,1.7361366728856091,0.350852260543029,0
43.2,16.87265687483697,-0.44421706115999154,-0.011077989091078605,18.6088,-0.44628777359685473,0.3497504030382742,0.01936470234486502,0.34973693945513845,0.017712273003874696,1.736144360040617,0.009885281286662995,0.236144360040617,0,0,FOLLOWING,1.736144360040617,0.3508669582618994,0
43.232,16.883848208853973,-0.44433890899462936,-0.010510923664080397,18.620000000000005,-0.44541876142040315,0.34976349332783885,0.01937388938055899,0.3497498917770174,0.01772079506866018,1.7361521269695337,0.0098889433210998,0.2361521269695337,0,0,FOLLOWING,1.7361521269695337,0.3508817554130035,0
43.264,16.89504002906298,-0.4444544138823538,-0.00994359481089718,18.6312,-0.4445431812851341,0.3497767213353943,0.01938275251067958,0.349762982604241,0.017729027137601747,1.736159973206296,0.009892466225865329,0.236159973206296,0,0,FOLLOWING,1.736159973206296,0.35089665111103663,0
43.296,16.906232336303848,-0.44456357244095235,-0.009376011812061814,18.6424,-0.4436610461019857,0.34979008626064995,0.019391291708095715,0.34977621114481366,0.017736969189868435,1.7361678982799855,0.00989585000312002,0.23616789827998552,0,0,FOLLOWING,1.7361678982799855,0.3509116444649341,0
43.328,16.917425131384558,-0.44466638138601,-0.008808183948646521,18.6536,-0.4427723688785548,0.34980358729496375,0.019399506950528514,0.34978957659840126,0.017744621208605416,1.7361759017148086,0.009899094657208687,0.23617590171480862,0,0,FOLLOWING,1.7361759017148086,0.3509267345778961,0
43.36,16.928618415081193,-0.4447628375309877,-0.00824012050212479,18.664800000000003,-0.4418771627189041,0.34981722362137274,0.019407398220549748,0.3498030781563604,0.017751983181273048,1.7361839830301147,0.009902200194661075,0.23618398303011467,0,0,FOLLOWING,1.7361839830301147,0.3509419205474547,0
43.392,16.939812188159266,-0.4448529786012888,-0.007672021764258788,18.676,-0.44097544082336954,0.3498309895199232,0.01941547315840096,0.349816725443949,0.017753086037156373,1.7361921418102115,0.009905381141946253,0.23619214181021153,0,0,FOLLOWING,1.7361921418102115,0.3509572014655192,0
43.424,16.951006451147844,-0.44493675819713774,-0.007103672707933598,18.687199999999997,-0.44006721648836483,0.3498448902056973,0.019423141778589406,0.34983049041536063,0.01776090848959055,1.7362003776961596,0.00990838819794963,0.23620037769615965,0,0,FOLLOWING,1.7362003776961596,0.35097257641844865,0
43.456,16.962201204747466,-0.4450141731504934,-0.006535088508864737,18.6984,-0.4391525031061866,0.3498589246595536,0.01943041764802267,0.34984438970166504,0.017768256700684017,1.736208690167187,0.009911227110774998,0.23620869016718693,0,0,FOLLOWING,1.736208690167187,0.35098804448710097,0
43.488,16.97339644964167,-0.44508522122865046,-0.005966283407196878,18.709600000000002,-0.43823131416481553,0.34987309184380805,0.019437313265254257,0.34985842308760934,0.017775159907260512,1.7362170786854159,0.00991390317752967,0.23621707868541586,0,0,FOLLOWING,1.7362170786854159,0.35100360474688724,0
43.52,16.984592186477098,-0.44514990021008827,-0.005397270700633318,18.720799999999997,-0.4373036632477188,0.34988739074556563,0.01944383878595504,0.34987258952775213,0.017781647560614282,1.7362255427139746,0.00991642070523512,0.23622554271397456,0,0,FOLLOWING,1.7362255427139746,0.35101925626782593,0
43.552,16.995788415862233,-0.4452082078761025,-0.0048280629261169775,18.732,-0.4363695640336489,0.3499018203742939,0.019450002441709125,0.34988688793748846,0.01778774343450191,1.736234081718,0.009918783187774642,0.23623408171799998,0,0,FOLLOWING,1.736234081718,0.35103499811461775,0
43.584,17.006985138368396,-0.44526014202953557,-0.0042586720066352755,18.7432,-0.43542903029644264,0.3499163797560921,0.019455810913080757,0.3499013172646495,0.01779346671502795,1.7362426951634278,0.009920993463577967,0.23624269516342777,0,0,FOLLOWING,1.7362426951634278,0.35105082934668685,0
43.616,17.018182354530698,-0.4453057005104054,-0.0036891093692800496,18.7544,-0.4344820759048167,0.3499310679289675,0.019461269630449054,0.34991587648743777,0.017798832898925487,1.7362513825159571,0.009923053842777725,0.23625138251595712,0,0,FOLLOWING,1.7362513825159571,0.3510667490182392,0
43.648,17.02938006484885,-0.44534488120827037,-0.0031193860402423204,18.7656,-0.43352871482216504,0.3499458839389289,0.019466383015824425,0.34993056460727506,0.01780385451434223,1.7362601432401539,0.009924966209421014,0.23626014324015387,0,0,FOLLOWING,1.7362601432401539,0.3510827561783324,0
43.68,17.040578269787797,-0.44537768207202477,-0.0025495127213515613,18.7768,-0.4325689611063509,0.3499608268369077,0.019471154677510445,0.34994538064239417,0.01780854169757399,1.7362689767987667,0.009926732103749452,0.23626897679876668,0,0,FOLLOWING,1.7362689767987667,0.3510988498709344,0
43.712,17.05177696977821,-0.44540410111769496,-0.0019794998517641722,18.788,-0.43160282890950225,0.3499758956762633,0.019475587566906444,0.34996032362267393,0.017812902657152373,1.7362778826521692,0.009928352788475288,0.2362778826521692,0,0,FOLLOWING,1.7362778826521692,0.35111502913496645,0
43.744,17.062976165216877,-0.4454241364346705,-0.001409357657724905,18.7992,-0.4306303324777998,0.3499910895108965,0.01947968410497028,0.349975392585579,0.017816944046564833,1.7362868602579824,0.009929829302233507,0.2362868602579824,0,0,FOLLOWING,1.7362868602579824,0.3511312930043815,0
43.776,17.07417585646703,-0.4454377861907095,-0.0008390961927364631,18.810399999999998,-0.4296514861512697,0.3500064073936444,0.01948344628431246,0.3499905865731064,0.017820671263999124,1.7362959090707222,0.009931162502734014,0.23629590907072218,0,0,FOLLOWING,1.7362959090707222,0.35114764050821046,0
43.808,17.08537604385857,-0.4454450486359773,-0.00026872536997718906,18.8216,-0.4286663043635702,0.3500218483750849,0.01948687575164322,0.3500059046291645,0.017824088694590512,1.7363050285415742,0.00993235310160821,0.2363050285415742,0,0,FOLLOWING,1.7363050285415742,0.35116407067063615,0
43.84,17.096576727688287,-0.4454459221063198,0.00030174501153121616,18.8328,-0.4276748016417805,0.35003741150252077,0.019489973874386064,0.35002134579766586,0.017827199905733247,1.7363142181181819,0.009933401692564327,0.23631421811818187,0,0,FOLLOWING,1.7363142181181819,0.3511805825110338,0
43.872,17.10777790821998,-0.44544040502592575,0.0008723052457979707,18.844,-0.42667699260618447,0.3500530958192954,0.019492741794540278,0.3500369091209583,0.017830007804642917,1.7363234772445562,0.00993430877415074,0.23632347724455616,0,0,FOLLOWING,1.7363234772445562,0.3511971750440543,0
43.904,17.11897958568461,-0.44542849590950157,0.001442945702807645,18.855200000000004,-0.42567289197005787,0.35006890036410354,0.019495180472237986,0.3500525936386945,0.017832514765548712,1.7363328053609222,0.009935074768167393,0.23633280536092216,0,0,FOLLOWING,1.7363328053609222,0.3512138472796652,0
43.936,17.130181760280372,-0.44541019336405147,0.0020136568147738074,18.866400000000002,-0.4246625145394481,0.35008482417058645,0.01949729072095351,0.35006839838686754,0.017834722733106496,1.7363422019036856,0.009935700034544262,0.2363422019036856,0,0,FOLLOWING,1.7363422019036856,0.3512305982232232,0
43.968,17.141384432172792,-0.4453854960903381,0.0025844290650589223,18.877599999999997,-0.42364587521295877,0.35010086626694786,0.01949907323595706,0.35008432239709525,0.01783663330571883,1.7363516663053706,0.009936184883366965,0.23635166630537063,0,0,FOLLOWING,1.7363516663053706,0.35124742687552685,0
44.0,17.152587601494787,-0.4453544028840844,0.0031552529792430116,18.8888,-0.4226229889815279,0.35011702567568803,0.01950052861733968,0.3501003646960629,0.017838247802684205,1.7363611979945974,0.009936529584608072,0.23636119799459743,0,0,FOLLOWING,1.7363611979945974,0.3512643322329006,0
44.032000000000004,17.163791268346714,-0.4453169126369627,0.0037261191179364032,18.900000000000002,-0.4215938709282086,0.350133301413358,0.01950165738862136,0.35011652430521023,0.017839567318699408,1.7363707963960453,0.009936734375990571,0.2363707963960453,0,0,FOLLOWING,1.7363707963960453,0.351281313287226,0
44.064,17.17499543279642,-0.4452730243374087,0.004297018071008874,18.9112,-0.4205585362279447,0.35014969249043304,0.01950246001177488,0.35013280024026455,0.017840592768122103,1.7363804609304645,0.009936799469336484,0.2363804609304645,0,0,FOLLOWING,1.7363804609304645,0.3512983690260175,0
44.096000000000004,17.18620009487928,-0.44522273707129373,0.0048679404529396566,18.922399999999996,-0.4195170001473497,0.35016619791119524,0.01950293689939997,0.35014919151107404,0.01784132491999776,1.736390191014678,0.009936725055711387,0.23639019101467795,0,0,FOLLOWING,1.736390191014678,0.35131549843248233,0
44.128,17.197405254598227,-0.4451660500224786,0.005438876899110166,18.9336,-0.4184692780444785,0.35018281667368995,0.019503088424517166,0.3501656971214989,0.01784176442751907,1.7363999860616124,0.009936511309561618,0.2363999860616124,0,0,FOLLOWING,1.7363999860616124,0.35133270048559906,0
44.160000000000004,17.208610911923802,-0.4451029624732702,0.006009818062809043,18.9448,-0.4174153853686036,0.35019954776958806,0.019502914928530797,0.3501823160692472,0.017841911850287315,1.7364098454802623,0.009936158392081257,0.23640984548026234,0,0,FOLLOWING,1.7364098454802623,0.35134997416015606,0
44.192,17.21981706679417,-0.44503347380479785,0.006580754612858387,18.956000000000003,-0.41635533765998534,0.35021639018422435,0.019502416727631595,0.3501990473457245,0.017841767673722635,1.7364197686757505,0.009935666453914603,0.23641976867575054,0,0,FOLLOWING,1.7364197686757505,0.3513673184268306,0
44.224000000000004,17.231023719115157,-0.44495758349732567,0.007151677231700321,18.9672,-0.4152891505496441,0.3502333428965585,0.01950159411800989,0.3502158899361386,0.01784133232345087,1.736429755049334,0.009935035637360094,0.23642975504933395,0,0,FOLLOWING,1.736429755049334,0.35138473225223565,0
44.256,17.24223086876027,-0.4448752911305087,0.007722576613893611,18.9784,-0.4142168397591293,0.35025040487922887,0.019500447380034796,0.3502328428192614,0.017840606178117092,1.7364398039984603,0.009934266078133774,0.23643980399846032,0,0,FOLLOWING,1.7364398039984603,0.35140221459901094,0
44.288000000000004,17.253438515570732,-0.44478659638360646,0.00829344346489666,18.9896,-0.4131384211002878,0.35026757509849576,0.019498976781689673,0.3502499049676423,0.017839589578334817,1.7364499149167538,0.009933357906822475,0.23644991491675382,0,0,FOLLOWING,1.7364499149167538,0.35141976442585593,0
44.32,17.264646659334453,-0.4446915398505808,0.008864459514026231,19.0008,-0.4120539104750297,0.3502848577673973,0.01949678621166425,0.35026706339626834,0.017844252021691882,1.7364600879822725,0.009932143736430728,0.23646008798227247,0,0,FOLLOWING,1.7364600879822725,0.35143738068761887,0
44.352000000000004,17.27585529998211,-0.4445900733855171,0.009435394309499108,19.012,-0.41096332387509565,0.350302245594911,0.019494333832437347,0.3502843465058539,0.017841712844681362,1.7364703215669575,0.009930817216047343,0.23647032156695746,0,0,FOLLOWING,1.7364703215669575,0.351455062335341,0
44.384,17.28706443724744,-0.44448219744902534,0.01000624388414073,19.0232,-0.40986667738181926,0.35031973765959884,0.019491608005166385,0.35030173551532,0.017839049693193023,1.7364806150612986,0.009929373444910617,0.23648061506129858,0,0,FOLLOWING,1.7364806150612986,0.3514728083163322,0
44.416000000000004,17.29827407081631,-0.444367913394319,0.010577003410164196,19.034399999999998,-0.4087639871658914,0.3503373330589261,0.019488600224344548,0.35031922860997683,0.01783623567340025,1.7364909678851799,0.009927808845461645,0.23649096788517987,0,0,FOLLOWING,1.7364909678851799,0.35149061757423244,0
44.448,17.30948420034563,-0.44424722245004666,0.011147667229529737,19.0456,-0.40765526948712094,0.3503550308591318,0.019485303658172904,0.3503368248412093,0.017833244839898562,1.7365013794498343,0.009926120547636641,0.2365013794498343,0,0,FOLLOWING,1.7365013794498343,0.351508489049079,0
44.480000000000004,17.320694825464685,-0.44412012573523046,0.011718229015602879,19.0568,-0.40654054069419543,0.3503728300961454,0.01948171278659731,0.35035452330356365,0.017830056299092224,1.7365118491562765,0.009924306235956836,0.23651184915627654,0,0,FOLLOWING,1.7365118491562765,0.3515264216773604,0
44.512,17.331905945774462,-0.4439866243006102,0.012288681902636307,19.068000000000005,-0.4054198172244391,0.3503907297798839,0.019477823151587772,0.35037232306281735,0.017826653203696065,1.7365223763963804,0.00992236404397492,0.2365223763963804,0,0,FOLLOWING,1.7365223763963804,0.35154441439210327,0
44.544000000000004,17.343117560846952,-0.443846719162856,0.012859018590223375,19.0792,-0.40429311560357206,0.350408728897977,0.01947363115692448,0.3503902231538265,0.017823021970598808,1.736532960553908,0.009920292469640544,0.23653296055390793,0,0,FOLLOWING,1.736532960553908,0.35156246612290165,0
44.576,17.354329670224573,-0.4437004113320044,0.013429231427607108,19.0904,-0.40316045244546467,0.3504268264190137,0.019469133906412535,0.3504082225844917,0.017819151651346548,1.73654360100548,0.009918090306908819,0.23654360100548,0,0,FOLLOWING,1.73654360100548,0.35158057579602636,0
44.608000000000004,17.36554227341972,-0.44354770183339265,0.013999312481822826,19.1016,-0.4020218444518952,0.3504450212950212,0.019464329072840732,0.35042632033987975,0.01781503342694395,1.736554297121274,0.00991575659034648,0.23655429712127396,0,0,FOLLOWING,1.736554297121274,0.3515987423344601,0
44.64,17.37675536991444,-0.4433885917251607,0.014569253592795792,19.112800000000004,-0.4008773084123003,0.35046331246355067,0.01945921479177473,0.35044451538531707,0.017810660200198072,1.7365650482656336,0.009913290550234245,0.23656504826563363,0,0,FOLLOWING,1.7365650482656336,0.35161696465797415,0
44.672000000000004,17.38796895916016,-0.44322308211219225,0.01513904641789221,19.124,-0.3997268612035304,0.350481698849395,0.01945378957543791,0.35046280666916185,0.017806026266134974,1.7365758537975804,0.009910691576162322,0.2365758537975804,0,0,FOLLOWING,1.7365758537975804,0.351635241683183,0
44.704,17.399183040577494,-0.44305117415720396,0.0157086824679675,19.135199999999998,-0.3985705197895985,0.35050017936598166,0.01944805224283503,0.3504811931249908,0.017801127046291006,1.736586713071226,0.00990795918749058,0.23658671307122603,0,0,FOLLOWING,1.736586713071226,0.3516535723236268,0
44.736000000000004,17.41039761355611,-0.44287286908955026,0.01627815313652434,19.1464,-0.3974083012214321,0.35051875291649454,0.019442001863056606,0.35049967367332235,0.017795958873390236,1.7365976254361035,0.009905093009381676,0.23659762543610352,0,0,FOLLOWING,1.7365976254361035,0.35167195548982916,0
44.768,17.421612677454632,-0.44268816821220897,0.016847449723319433,19.157600000000002,-0.39624022263661945,0.35053741839477537,0.01943563770924565,0.35051824722318253,0.01779051881787002,1.73660859023743,0.009902092753341677,0.23660859023742997,0,0,FOLLOWING,1.73660859023743,0.3516903900893607,0
44.800000000000004,17.43282823160055,-0.4424970729073181,0.01741656345343903,19.168799999999997,-0.3950663012591601,0.35055617468614186,0.01942895922130639,0.3505369126731275,0.01778480454627766,1.736619606816371,0.009898958201454339,0.23661960681637106,0,0,FOLLOWING,1.736619606816371,0.35170887502690235,0
44.832,17.444044275290192,-0.4422995846405598,0.017985485492751623,19.18,-0.39388655439920695,0.35057502066803,0.019421965975623696,0.3505556689123987,0.017778814208056277,1.7366306745102433,0.009895689193579745,0.23663067451024333,0,0,FOLLOWING,1.7366306745102433,0.3517274092043286,0
44.864000000000004,17.455260807788722,-0.44209570496463435,0.01855420696039744,19.191200000000002,-0.3927009994528145,0.35059395521044023,0.019414657660542685,0.3505745148216247,0.017772546342947962,1.736641792652633,0.009892285616989637,0.23664179265263297,0,0,FOLLOWING,1.736641792652633,0.3517459915207576,0
44.896,17.46647782833009,-0.44188543552201004,0.01912271893888496,19.2024,-0.39150965390167974,0.3506129771764762,0.01940703405653604,0.35059344927340086,0.01776599980620968,1.7366529605735985,0.009888747397981144,0.23665296057359853,0,0,FOLLOWING,1.7366529605735985,0.35176462087261745,0
44.928000000000004,17.477695336117083,-0.44166877804710575,0.01969101248226506,19.2136,-0.39031253531288634,0.35063208542264934,0.01939909502014202,0.3506124711330698,0.017759173708540403,1.736664177599756,0.009885074495086098,0.236664177599756,0,0,FOLLOWING,1.736664177599756,0.35178329615372467,0
44.96,17.488913330321328,-0.4414457343680208,0.02025907862275733,19.224800000000002,-0.38910966133864444,0.3506512787992423,0.019390840470948707,0.350631579258931,0.017752067367712933,1.7366754430544167,0.00988126689356891,0.23667544305441668,0,0,FOLLOWING,1.7366754430544167,0.35180201625535074,0
44.992000000000004,17.50013181008332,-0.44121630640791243,0.020826908376096256,19.236,-0.387901049716031,0.35067055615052506,0.019382270381131248,0.35065077250278553,0.01774468026856686,1.7366867562576536,0.009877324601002348,0.23668675625765356,0,0,FOLLOWING,1.7366867562576536,0.3518207800662726,0
45.024,17.511350774512476,-0.440980496186093,0.021394492745887634,19.2472,-0.3866867182667272,0.3506899163150303,0.019373384766953373,0.3506700497101532,0.0177370120320801,1.736698116526414,0.009873247643672662,0.23669811652641393,0,0,FOLLOWING,1.736698116526414,0.3518395864728595,0
45.056,17.52257022268715,-0.44073830581890816,0.021961822727133384,19.258399999999998,-0.38546668489675723,0.35070935812575343,0.019364183681930592,0.35068940972060986,0.017729062389382537,1.7367095231745961,0.009869036063689624,0.23670952317459615,0,0,FOLLOWING,1.7367095231745961,0.3518584343591289,0
45.088,17.53379015365472,-0.4404897375204409,0.022528889309105897,19.269599999999997,-0.3842409675962229,0.3507288804103027,0.019354667211305535,0.3507088513680343,0.01772083116142562,1.7367209755131072,0.009864689916649681,0.23672097551310722,0,0,FOLLOWING,1.7367209755131072,0.35187732260681387,0
45.12,17.545010566431632,-0.4402347936030778,0.023095683477692634,19.2808,-0.38300958443903843,0.35074848199107567,0.01934483546758692,0.3507283734807285,0.017712318242430077,1.7367324728499385,0.00986020926974901,0.23673247284993848,0,0,FOLLOWING,1.7367324728499385,0.35189625009544184,0
45.152,17.55623146000344,-0.4399734764779694,0.023662196217323725,19.291999999999998,-0.38177255358266615,0.35076816168540786,0.019334688586931707,0.3507479748817127,0.01770352358685442,1.7367440144902337,0.009855594200252046,0.23674401449023375,0,0,FOLLOWING,1.7367440144902337,0.3519152157023826,0
45.184,17.567452833324886,-0.43970578865540283,0.02422841851255527,19.303200000000004,-0.3805298932678449,0.35078791830573297,0.019324226726228924,0.3507676543888021,0.017694447198635128,1.7367555997363646,0.009850844794257997,0.23675559973636462,0,0,FOLLOWING,1.7367555997363646,0.35193421830294097,0
45.216,17.57867468531998,-0.43943173274510633,0.024794341349377892,19.3144,-0.37928162181832475,0.35080775065961606,0.019313450060734125,0.35078741081485276,0.017685089122601725,1.7367672278879371,0.009845961145700487,0.23676722788793714,0,0,FOLLOWING,1.7367672278879371,0.3519532567703912,0
45.248,17.589897014882062,-0.4391513114565,0.025359955716319806,19.325599999999998,-0.37802775764059404,0.3508276575499822,0.019302358782127077,0.3508072429677979,0.01767544943805279,1.7367788982419146,0.00984094335552381,0.23677889824191456,0,0,FOLLOWING,1.7367788982419146,0.35197232997608086,0
45.28,17.60111982087387,-0.43886452759890243,0.025925252605360598,19.3368,-0.3767683192236098,0.3508476377751428,0.019290953096953466,0.35082714965079886,0.01766552825284518,1.7367906100926231,0.009835791531023584,0.23679061009262314,0,0,FOLLOWING,1.7367906100926231,0.3519914367894766,0
45.312,17.612343102127625,-0.4385713840817016,0.026490223012718094,19.348000000000003,-0.3755033251385245,0.3508676901289203,0.019279233225322264,0.350847129662431,0.01765532569942245,1.736802362731818,0.0098305057852946,0.2368023627318181,0,0,FOLLOWING,1.736802362731818,0.35201057607824016,0
45.344,17.623566857445116,-0.4382718839144968,0.027054857939512164,19.359199999999998,-0.3742327940384122,0.3508878134007411,0.019267199399854107,0.35086718179669846,0.017644841930974674,1.7368141554487317,0.00982508623678583,0.23681415544873174,0,0,FOLLOWING,1.7368141554487317,0.35202974670828574,0
45.376,17.634791085597776,-0.4379660302072187,0.027619148392343647,19.370399999999997,-0.37295674465799267,0.3509080063757722,0.019254851864808725,0.350887304843182,0.017634077118781767,1.7368259875301486,0.009819533008928245,0.2368259875301486,0,0,FOLLOWING,1.7368259875301486,0.3520489475438643,0
45.408,17.646015785326778,-0.4376538261702278,0.028183085383804634,19.3816,-0.37167519581335723,0.35092826783494807,0.019242190875335692,0.3509074975871843,0.01762303145007029,1.736837858260416,0.00981384622981939,0.23683785826041603,0,0,FOLLOWING,1.736837858260416,0.35206817744762353,0
45.44,17.657240955343106,-0.43733527511439946,0.0287466599329266,19.3928,-0.3703881664016886,0.35094859655510763,0.01922921669687029,0.35092775880972454,0.017611705126071218,1.7368497669215224,0.00980802603196437,0.23684976692152238,0,0,FOLLOWING,1.7368497669215224,0.3520874352806734,0
45.472,17.668466594327665,-0.43701038045119245,0.029309863065581806,19.403999999999996,-0.36909567540098465,0.350968991309045,0.019215929604606115,0.3509480872877343,0.01760009836055913,1.7368617127931223,0.009802072552053006,0.2368617127931223,0,0,FOLLOWING,1.7368617127931223,0.35210671990265136,0
45.504,17.67969270093137,-0.4366791456927087,0.029872685814840136,19.4152,-0.36779774186977726,0.3509894508656506,0.01920232988306994,0.35096848179407725,0.01758821137846054,1.7368736951526174,0.009795985930778177,0.23687369515261736,0,0,FOLLOWING,1.7368736951526174,0.3521260301718073,0
45.536,17.69091927377523,-0.436341574451742,0.03043511922131461,19.4264,-0.366494384946852,0.35100997398993744,0.019188417825708015,0.35098894109771767,0.01757604441549715,1.7368857132751692,0.009789766312660153,0.23688571327516916,0,0,FOLLOWING,1.7368857132751692,0.35214536494505555,0
45.568,17.702146311450463,-0.43599767044181864,0.030997154333455297,19.4376,-0.36518562385096437,0.3510305594431453,0.019174193734588247,0.35100946396369337,0.017563597716578217,1.7368977664337586,0.009783413845919018,0.2368977664337586,0,0,FOLLOWING,1.7368977664337586,0.3521647230780427,0
45.6,17.71337381251859,-0.43564743747723184,0.03155878220783551,19.4488,-0.36387147788055896,0.35105120598283746,0.019159657920106297,0.351030049153294,0.017550871535554683,1.7369098538992402,0.009776928682349547,0.23690985389924024,0,0,FOLLOWING,1.7369098538992402,0.3521841034252275,0
45.632,17.724601775511527,-0.43529087947306855,0.03211999390943317,19.46,-0.36255196641348214,0.35107191236298974,0.019144810700706495,0.35105069542412015,0.017537866135070194,1.7369219749403937,0.009770310977200596,0.2369219749403937,0,0,FOLLOWING,1.7369219749403937,0.3522035048399491,0
45.664,17.735830198931698,-0.43492800044523144,0.03268078051186946,19.4712,-0.36122710890669857,0.35109267733403765,0.019129652402686048,0.35107140153014077,0.017524581785228147,1.7369341288239495,0.009763560889092672,0.23693412882394949,0,0,FOLLOWING,1.7369341288239495,0.35222292617447876,0
45.696,17.747059081252146,-0.4345588045104556,0.03324113309765963,19.4824,-0.3598969248960031,0.3511134996429867,0.019114183359973207,0.3510921662218421,0.017511018763966088,1.7369463148146524,0.009756678579922316,0.23694631481465245,0,0,FOLLOWING,1.7369463148146524,0.3522423662801079,0
45.728,17.75828842091663,-0.4341832958863211,0.03380104275844005,19.493599999999997,-0.35856143399573337,0.3511343780334943,0.019098403913956515,0.3511129882462171,0.017497177356321433,1.7369585321753087,0.00974966421478797,0.2369585321753087,0,0,FOLLOWING,1.7369585321753087,0.3522618240072025,0
45.76,17.76951821633975,-0.4338014788912617,0.034360500595190496,19.5048,-0.35722065589847907,0.35115531124593596,0.0190823144133212,0.35113386634697724,0.01748305785427383,1.736970780166824,0.009742517961920313,0.23697078016682394,0,0,FOLLOWING,1.736970780166824,0.35228129820528564,0
45.792,17.780748465907045,-0.43341335794456864,0.03491949771845029,19.516,-0.35587461037479406,0.3511762980174807,0.019065915213892264,0.35115479926452425,0.01746866055656212,1.7369830580482457,0.00973523999261465,0.2369830580482457,0,0,FOLLOWING,1.7369830580482457,0.3523007877230862,0
45.824,17.79197916797511,-0.43301893756639337,0.03547802524852632,19.5272,-0.3545233172729019,0.3511973370822149,0.019049206678505196,0.35117578573598385,0.01745398576841844,1.736995365076836,0.009727830481173642,0.23699536507683594,0,0,FOLLOWING,1.736995365076836,0.3523202914086301,0
45.856,17.803210320871724,-0.43261822237774433,0.03603607431569508,19.538400000000003,-0.353166796518407,0.3512184271711663,0.01903218917687176,0.3511968244954938,0.017439033801396223,1.7370077005080842,0.009720289604851141,0.23700770050808417,0,0,FOLLOWING,1.7370077005080842,0.3523398081092887,0
45.888,17.814441922895952,-0.432211217100483,0.03659363606039965,19.5496,-0.3518050681139962,0.35123956701241604,0.01901486308547323,0.3512179142740901,0.01742380497320139,1.7370200635957722,0.009712617543804675,0.2370200635957722,0,0,FOLLOWING,1.7370200635957722,0.3523593366718589,0
45.92,17.825673972318274,-0.43179792655731525,0.03715070163344401,19.560799999999997,-0.3504381521391478,0.3512607553311862,0.01899722878744292,0.35123905379984305,0.017408299607611567,1.737032453592025,0.009704814481044488,0.23703245359202496,0,0,FOLLOWING,1.737032453592025,0.352378875942623,0
45.952,17.836906467380707,-0.43137835567178173,0.03770726219618017,19.572,-0.3490660687498326,0.3512819908499209,0.018979286672476628,0.3512602417980232,0.017392518034251823,1.7370448697473575,0.009696880602393605,0.2370448697473575,0,0,FOLLOWING,1.7370448697473575,0.3523984247674393,0
45.984,17.848139406296934,-0.4309525094682442,0.03826330892068945,19.5832,-0.3476888381782193,0.35130327228831915,0.01896103713674021,0.3512814769910399,0.0173764605884152,1.7370573113106935,0.009688816096449991,0.23705731131069352,0,0,FOLLOWING,1.7370573113106935,0.35241798199178015,0
46.016,17.859372787252408,-0.4305203930718703,0.03881883298997637,19.5944,-0.3463064807323729,0.35132459836347557,0.01894248058276323,0.3513027580986223,0.017360127611450255,1.7370697775294475,0.009680621154537501,0.23706977752944747,0,0,FOLLOWING,1.7370697775294475,0.3524375464608142,0
46.048,17.870606608404508,-0.4300820117086153,0.03937382559813494,19.605599999999995,-0.3449190167959598,0.35134596778992705,0.01892361741937935,0.35132408383788055,0.017343519449904844,1.7370822676495512,0.009672295970680722,0.2370822676495512,0,0,FOLLOWING,1.7370822676495512,0.3524571170194719,0
46.08,17.88184086788264,-0.4296373707052015,0.03992827795053091,19.616799999999998,-0.343526466827942,0.3513673792797816,0.018904448061640464,0.35134545292335007,0.017326636456020002,1.7370947809155293,0.009663840741567016,0.23709478091552927,0,0,FOLLOWING,1.7370947809155293,0.35247669251253055,0
46.112,17.8930755637884,-0.42918647548909566,0.040482181263979164,19.628,-0.34212885136227983,0.3513888315427107,0.018884972930734004,0.351366864067144,0.01730947898758121,1.7371073165704942,0.009655255666510341,0.23710731657049422,0,0,FOLLOWING,1.7371073165704942,0.3524962717846576,0
46.144,17.90431069419568,-0.4287293315884838,0.04103552676690434,19.639200000000002,-0.3407261910076258,0.3514103232861015,0.018865192453941287,0.3513883159789542,0.01729204740739504,1.7371198738562346,0.009646540947432475,0.23711987385623456,0,0,FOLLOWING,1.7371198738562346,0.3525158536804955,0
46.176,17.915546257150815,-0.4282659446322437,0.04158830569951896,19.650399999999998,-0.3393185064470234,0.3514318532150988,0.018845107064550486,0.35140980736619487,0.017274342083831818,1.7371324520132398,0.009637696788824819,0.23713245201323985,0,0,FOLLOWING,1.7371324520132398,0.3525354370447135,0
46.208,17.926782250672716,-0.4277963203499153,0.04214050931399028,19.6616,-0.33790581843760054,0.35145342003274976,0.0188247172017982,0.35143133693397915,0.017256363390477005,1.7371450502807853,0.009628723397721417,0.23714505028078525,0,0,FOLLOWING,1.7371450502807853,0.3525550207221034,0
46.24,17.938018672753007,-0.427320464571669,0.042692128874602935,19.6728,-0.33648814781026437,0.35147502243999335,0.01880402331081715,0.3514529033854086,0.017238111705999287,1.7371576678969238,0.009619620983677267,0.23715766789692383,0,0,FOLLOWING,1.7371576678969238,0.3525746035576169,0
46.272,17.94925552135617,-0.4268383832282709,0.04324315565792842,19.684,-0.33506551546939245,0.3514966591358117,0.018783025842569856,0.3514745054213945,0.017219587414362733,1.7371703040985764,0.009610389758737375,0.23717030409857642,0,0,FOLLOWING,1.7371703040985764,0.3525941843964592,0
46.304,17.96049279441969,-0.4263500823510467,0.043793580952975864,19.6952,-0.3336379423925271,0.35151832881726214,0.01876172525381787,0.3514961417409658,0.017200790904243767,1.7371829581215494,0.009601029937423962,0.23718295812154944,0,0,FOLLOWING,1.7371829581215494,0.3526137620841371,0
46.336,17.971730489854178,-0.42585556807184416,0.04434339606136429,19.7064,-0.33220544963006343,0.3515400301796056,0.018740122007052468,0.3515178110411692,0.017181722569702292,1.7371956292006097,0.009591541736703617,0.23719562920060966,0,0,FOLLOWING,1.7371956292006097,0.35263333546653836,0
46.368,17.982968605543544,-0.4253548466229905,0.044892592297476594,19.717599999999997,-0.330768058304941,0.35156176191634686,0.018718216570449465,0.3515395120172821,0.017162382809609102,1.737208316569508,0.009581925375969432,0.23720831656950803,0,0,FOLLOWING,1.737208316569508,0.35265290338999644,0
46.4,17.994207139345125,-0.4248479243372507,0.04544116098861951,19.7288,-0.3293257896123314,0.3515835227193436,0.018696009417824615,0.3515612433628207,0.017142772027833868,1.7372210194610433,0.009572181077018786,0.23722101946104335,0,0,FOLLOWING,1.7372210194610433,0.3526724647013615,0
46.432,18.00544608908984,-0.4243348076477823,0.04598909347518372,19.74,-0.327878664819326,0.3516053112788562,0.018673501028578343,0.3515830037696278,0.017122890633251127,1.7372337371070905,0.009562309064030173,0.2372337371070905,0,0,FOLLOWING,1.7372337371070905,0.3526920182480566,0
46.464,18.016685452582337,-0.4238155030880877,0.046536381110788255,19.751200000000004,-0.32642670526462125,0.351627126283683,0.018650691887683105,0.3516047919280048,0.017102739039245078,1.7372464687386808,0.00955230956355431,0.23724646873868083,0,0,FOLLOWING,1.7372464687386808,0.35271156287816796,0
46.496,18.027925227601145,-0.42329001729196486,0.04708301526244909,19.7624,-0.3249699323582063,0.35164896642115595,0.018627582485601084,0.3516266065267511,0.017082317664472466,1.7372592135859979,0.009542182804481512,0.23725921358599789,0,0,FOLLOWING,1.7372592135859979,0.35273109744047615,0
46.528,18.03916541189884,-0.42275835699345543,0.04762898731071694,19.7736,-0.3235083675810444,0.3516708303773149,0.018604173318289542,0.3516484462532285,0.017061626931893527,1.737271970878481,0.009531929018038704,0.23727197087848095,0,0,FOLLOWING,1.737271970878481,0.3527506207845681,0
46.56,18.05040600320217,-0.42222052902679114,0.04817428864984496,19.7848,-0.32204203248475993,0.3516927168369463,0.018580464887115712,0.3516703097934872,0.01704066726970895,1.7372847398448463,0.009521548437754976,0.23728473984484633,0,0,FOLLOWING,1.7372847398448463,0.35277013176087374,0
46.592,18.061646999212257,-0.42167654032633783,0.04871891068792803,19.796000000000003,-0.32057094869131614,0.35171462448362134,0.018556457698858806,0.351692195832311,0.017019439110474377,1.7372975197131102,0.009511041299459955,0.2372975197131102,0,0,FOLLOWING,1.7372975197131102,0.3527896292207448,0
46.624,18.07288839760471,-0.42112639792653667,0.04926284484706249,19.807199999999998,-0.3190951378927002,0.35173655199984394,0.018532152265641325,0.35171410305328465,0.01699794289173307,1.737310309710675,0.009500407841253632,0.23731030971067502,0,0,FOLLOWING,1.737310309710675,0.35280911201651055,0
46.656,18.084130196029815,-0.4205701089618444,0.049806082563482464,19.818399999999997,-0.3176146218506004,0.3517584980671194,0.018507549104931995,0.3517360301389423,0.016976179055292664,1.7373231090643697,0.00948964830350544,0.2373231090643697,0,0,FOLLOWING,1.7373231090643697,0.3528285790015618,0
46.688,18.095372392112672,-0.4200076806666698,0.05034861528772362,19.8296,-0.316129422396088,0.3517804613660215,0.018482648739466454,0.35175797577077617,0.01695414804807776,1.737335917000489,0.00947876292882116,0.23733591700048895,0,0,FOLLOWING,1.737335917000489,0.3528480290304091,0
46.72,18.106614983453394,-0.4194391203753104,0.050890434484757364,19.8408,-0.31463956142929206,0.3518024405762418,0.0184574516972569,0.35177993862939366,0.016931850321201595,1.7373487327448218,0.009467751962043996,0.23734873274482182,0,0,FOLLOWING,1.7373487327448218,0.35286746095874766,0
46.752,18.11785796762723,-0.41886443552188335,0.05143153163414397,19.851999999999997,-0.3131450609190809,0.35182443437672123,0.01843195851153053,0.3518019173945115,0.01690928633057091,1.7373615555227286,0.009456615650228463,0.23736155552272864,0,0,FOLLOWING,1.7373615555227286,0.35288687364352034,0
46.784,18.12910134218476,-0.4182836336402585,0.05197189823017662,19.8632,-0.31164594290273306,0.3518464414457415,0.018406169720715307,0.3518239107450259,0.01688645653658612,1.7373743845591954,0.009445354242631043,0.23737438455919535,0,0,FOLLOWING,1.7373743845591954,0.35290626594300173,0
46.816,18.14034510465205,-0.4176967223639852,0.05251152578202928,19.8744,-0.31014222948561676,0.3518684604609471,0.018380085868389847,0.3518459173593134,0.016863361404273414,1.7373872190788449,0.009433967990690593,0.23738721907884486,0,0,FOLLOWING,1.7373872190788449,0.3529256367168475,0
46.848,18.151589252530826,-0.4171037094262195,0.05305040581389883,19.8856,-0.3086339428408606,0.35189049009944723,0.018353707503268014,0.351867935914993,0.016840001403098246,1.7374000583059983,0.009422457148017989,0.2374000583059983,0,0,FOLLOWING,1.7374000583059983,0.3529449848261614,0
46.88,18.16283378329864,-0.4165046026596479,0.05358852986514291,19.8968,-0.3071211052090292,0.35191252903794024,0.018327035179172276,0.3518899650891828,0.01681637700683532,1.7374129014647468,0.009410821970385149,0.2374129014647468,0,0,FOLLOWING,1.7374129014647468,0.35296430913357185,0
46.912,18.174078694409054,-0.41589940999641,0.05412588949043171,19.908,-0.3056037388977936,0.3519345759527415,0.018300069454991668,0.3519120035586159,0.016792488694001028,1.7374257477789683,0.009399062715704447,0.2374257477789683,0,0,FOLLOWING,1.7374257477789683,0.35298360850329874,0
46.944,18.1853239832918,-0.41528813946801724,0.05466247625988265,19.9192,-0.3040818662816034,0.3519566295198719,0.018272810894663632,0.3519340499996082,0.016768336947322226,1.737438596472379,0.009387179644021144,0.23743859647237908,0,0,FOLLOWING,1.737438596472379,0.3530028818012023,0
46.976,18.19656964735295,-0.41467079920527117,0.05519828175920749,19.9304,-0.3025555098013552,0.3519786884151786,0.01824526006713513,0.35195610308820563,0.016743922254122648,1.737451446768605,0.009375173017494546,0.23745144676860508,0,0,FOLLOWING,1.737451446768605,0.35302212789486886,0
47.008,18.207815683975117,-0.414047397438178,0.055733297589848504,19.941599999999998,-0.3010246919640642,0.35200075131436365,0.01821741754634153,0.35197816150026956,0.01671924510598054,1.7374642978911976,0.009363043100388393,0.2374642978911976,0,0,FOLLOWING,1.7374642978911976,0.3530413456536622,0
47.04,18.21906209051761,-0.4134179424958622,0.05626751536911583,19.9528,-0.2994894353425293,0.3520228168931102,0.018189283911188053,0.3520002239115237,0.01669430599876555,1.7374771490637086,0.009350790159061227,0.23747714906370865,0,0,FOLLOWING,1.7374771490637086,0.3530605339488034,0
47.072,18.230308864316623,-0.41278244280647747,0.056800926730332504,19.964,-0.2979497625750033,0.3520448838271205,0.018160859745505954,0.3520222889976559,0.01666910543288301,1.7374899995097117,0.009338414461946942,0.23748999950971172,0,0,FOLLOWING,1.7374899995097117,0.35307969165341646,0
47.104,18.241556002685414,-0.41214090689711447,0.0573335233229694,19.9752,-0.2964056963648568,0.35206695079223466,0.018132145638034163,0.35204435543440354,0.016643643912952134,1.7375028484528727,0.009325916279545267,0.23750284845287273,0,0,FOLLOWING,1.7375028484528727,0.3530988176426162,0
47.136,18.25280350291449,-0.4114933433937071,0.057865296812785606,19.986400000000003,-0.29485725948024516,0.352089016464479,0.01810314218238456,0.3520664218976211,0.01661792194798048,1.7375156951169777,0.009313295884406401,0.23751569511697768,0,0,FOLLOWING,1.7375156951169777,0.35311791079355354,0
47.168,18.264051362271783,-0.41083976102093794,0.05839623888195934,19.997600000000002,-0.2933044747537703,0.3521110795201625,0.018073849977036243,0.35208848706333834,0.016591940051063864,1.737528538725989,0.009300553551126354,0.2375285387259889,0,0,FOLLOWING,1.737528538725989,0.35313696998549193,0
47.2,18.275299578002844,-0.4101801686021384,0.05892634122923034,20.008799999999997,-0.29174736508214744,0.352133138635961,0.01804426962528479,0.35211054960789134,0.01656569873975394,1.7375413785040954,0.009287689556325439,0.2375413785040954,0,0,FOLLOWING,1.7375413785040954,0.35315599409986337,0
47.232,18.28654814733102,-0.40951457505918903,0.059455595570033264,20.02,-0.2901859534258639,0.352155192489021,0.01801440173523202,0.3521326082079477,0.016539198535762124,1.7375542136757727,0.009274704178640326,0.23755421367577267,0,0,FOLLOWING,1.7375542136757727,0.3531749820203556,0
47.264,18.297797067457648,-0.4088429894124164,0.059983993636635966,20.031200000000002,-0.28862026280884356,0.3521772397569633,0.01798424691974433,0.3521546615407305,0.016512439965130608,1.7375670434657857,0.009261597698708393,0.23756704346578572,0,0,FOLLOWING,1.7375670434657857,0.35319393263294574,0
47.296,18.30904633556224,-0.40816542078048845,0.06051152717826693,20.0424,-0.2870503163181055,0.3521992791180374,0.017953805796449552,0.35217670828382935,0.01648542355787679,1.737579867099279,0.00924837039916198,0.23757986709927903,0,0,FOLLOWING,1.737579867099279,0.3532128448259788,0
47.328,18.320295948802674,-0.40748187838030636,0.06103818796125518,20.053599999999996,-0.28547613710342473,0.3522213092511752,0.017923078987691337,0.3521987471155286,0.016458149848393798,1.7375926838018083,0.009235022564609813,0.2375926838018083,0,0,FOLLOWING,1.7375926838018083,0.35323171749022864,0
47.36,18.33154590431539,-0.4067923715268964,0.06156396776916146,20.064799999999998,-0.283897748376989,0.3522433288360817,0.01789206712051497,0.3522207767148042,0.016430619375171842,1.7376054927993938,0.009221554481628293,0.2376054927993938,0,0,FOLLOWING,1.7376054927993938,0.35325054951897866,0
47.392,18.342796199215577,-0.4060969096332967,0.06208885840290961,20.076,-0.2823151734130592,0.3522653365532845,0.017860770826638332,0.35224279576134954,0.016402832680808388,1.7376182933185491,0.009207966438749195,0.2376182933185491,0,0,FOLLOWING,1.7376182933185491,0.35326933980806047,0
47.424,18.35404683059737,-0.4053955022104435,0.06261285168092227,20.087200000000003,-0.28072843554762295,0.35228733108423776,0.017829190742422125,0.35226480293572004,0.0163747903121425,1.737631084586342,0.009194258726445248,0.23763108458634208,0,0,FOLLOWING,1.737631084586342,0.3532880872559343,0
47.456,18.36529779553403,-0.40468815886705506,0.0631359394392493,20.098399999999998,-0.2791375581780548,0.3523093111114037,0.017797327508848132,0.3522867969193946,0.016346492820022974,1.7376438658304434,0.009180431637118847,0.2376438658304434,0,0,FOLLOWING,1.7376438658304434,0.3533067907637355,0
47.488,18.376549091078168,-0.403974889309512,0.06365811353169419,20.1096,-0.2775425647627663,0.3523312753183491,0.0177651817715064,0.3523087763948431,0.016317940759251883,1.7376566362791825,0.009166485465096215,0.23765663627918254,0,0,FOLLOWING,1.7376566362791825,0.35332544923536546,0
47.52,18.38780071426193,-0.40325570334173716,0.06417936582995375,20.1208,-0.27594347882086406,0.3523532223897482,0.017732754180546293,0.3523307400456911,0.016289134688996156,1.7376693951615494,0.00915242050660589,0.2376693951615494,0,0,FOLLOWING,1.7376693951615494,0.3533440615775241,0
47.552,18.39905266209718,-0.40253061086507214,0.06469968822373899,20.132,-0.2743403239318001,0.35237515101158196,0.01770004539067295,0.35235268655658036,0.01626007517219942,1.7376821417073118,0.009138237059774068,0.23768214170731183,0,0,FOLLOWING,1.7376821417073118,0.35336262669979757,0
47.584,18.410304931575716,-0.4017996218781509,0.06521907262090935,20.1432,-0.2727331237350268,0.3523970598711047,0.017667056061107585,0.3523746146135465,0.016230762776000388,1.7376948751469958,0.009123935424608057,0.23769487514699583,0,0,FOLLOWING,1.7376948751469958,0.35338114351470123,0
47.616,18.42155751966948,-0.40106274647677226,0.06573751094759842,20.1544,-0.27112190192964514,0.35241894765698,0.01763378685556916,0.3523965229038675,0.016201198071464643,1.7377075947119651,0.009109515902987711,0.23770759471196512,0,0,FOLLOWING,1.7377075947119651,0.3533996109377535,0
47.648,18.432810423330732,-0.4003199948537696,0.06625499514834231,20.165599999999998,-0.2695066822740597,0.352440813059372,0.017600238442245935,0.3524184101162013,0.016171381633674882,1.737720299634475,0.009094978798649678,0.23772029963447494,0,0,FOLLOWING,1.737720299634475,0.3534180278875346,0
47.68,18.444063639492285,-0.39957137729887826,0.06677151718620669,20.1768,-0.26788748858562306,0.3524626547699765,0.017566411493773988,0.3524402749407696,0.016141314041676236,1.7377329891476907,0.009080324417179791,0.2377329891476907,0,0,FOLLOWING,1.7377329891476907,0.3534363932857518,0
47.712,18.455317165067687,-0.3988169041985999,0.06728706904291432,20.188,-0.2662643447402891,0.3524844714821206,0.017532306687204628,0.35246211606927147,0.016110995878506378,1.7377456624857457,0.009065553065996476,0.2377456624857457,0,0,FOLLOWING,1.7377456624857457,0.3534547060572897,0
47.744,18.466570996951422,-0.39805658603606664,0.06780164271896884,20.199200000000005,-0.26463727467225745,0.35250626189089473,0.017497924703987998,0.3524839321950713,0.01608042773106508,1.7377583188838197,0.009050665054342197,0.2377583188838197,0,0,FOLLOWING,1.7377583188838197,0.35347296513029386,0
47.776,18.47782513201914,-0.39729043339089987,0.06831523023378004,20.2104,-0.2630063023736235,0.35252802469311134,0.017463266229945477,0.3525057220132556,0.016049610190172103,1.7377709575781135,0.009035660693271885,0.2377709575781135,0,0,FOLLOWING,1.7377709575781135,0.3534911694361963,0
47.808,18.489079567127852,-0.3965184569390691,0.06882782362578814,20.2216,-0.2613714518940227,0.3525497585875167,0.017428331955242824,0.352527484220669,0.01601854385052486,1.7377835778059747,0.009020540295639298,0.2377835778059747,0,0,FOLLOWING,1.7377835778059747,0.35350931790982065,0
47.84,18.500334299116137,-0.39574066745274794,0.06933941495259341,20.2328,-0.25973274734027724,0.3525714622747728,0.017393122574356608,0.35254921751610635,0.01598722931088078,1.737796178805886,0.009005304176081308,0.237796178805886,0,0,FOLLOWING,1.737796178805886,0.3535274094894122,0
47.872,18.511589324804348,-0.3949570758001668,0.06984999629106867,20.244000000000003,-0.25809021287603834,0.3525931344575754,0.017357638786070873,0.35257092060019923,0.015955667173502157,1.7378087598175351,0.00898995265101643,0.23780875981753513,0,0,FOLLOWING,1.7378087598175351,0.3535454431167102,0
47.904,18.52284464099483,-0.3941676929454644,0.07035955973748836,20.2552,-0.25644387272143326,0.35261477384071604,0.017321881293436075,0.352592592175734,0.015923858044693966,1.7378213200818513,0.00897448603862519,0.2378213200818513,0,0,FOLLOWING,1.7378213200818513,0.3535634177369965,0
47.936,18.53410024447213,-0.39337252994853633,0.0708680974076553,20.266399999999997,-0.25479375115270486,0.35263637913119994,0.017285850803735337,0.3526142309474716,0.015891802534714623,1.7378338588410742,0.008958904658834324,0.23783385884107422,0,0,FOLLOWING,1.7378338588410742,0.35358133229917266,0
47.968,18.545356132003214,-0.39257159796488145,0.0713756014370129,20.2776,-0.25313987250185616,0.3526579490382536,0.017249548028478126,0.3526358356224666,0.01585950125733468,1.737846375338759,0.008943208833313995,0.23784637533875896,0,0,FOLLOWING,1.737846375338759,0.35359918575581084,0
48.0,18.55661230033766,-0.3917649082454457,0.07188206398076814,20.288800000000002,-0.2514822611562902,0.35267948227347135,0.017212973683370453,0.35265740490995856,0.015826954830165985,1.737858868819862,0.008927398885462623,0.23785886881986196,0,0,FOLLOWING,1.737858868819862,0.35361697706321166,0
