t,x,y,yaw,hx,hy,v,w,actual_v,actual_w,distance,bearing,error,stale,close,state,estimate_distance,estimate_speed,rejected_measurements
0.032,-1.1117249775614982e-19,-9.054995751677783e-06,9.717913460352276e-19,1.5,0.0,0.0,2.5594823962338975e-06,-3.474412961142314e-18,3.0368479600451785e-17,1.500000000027331,6.036663834377556e-06,2.7331026331012254e-11,0,0,FOLLOWING,1.500000000027331,0.0,0
0.064,-3.04071622897065e-11,-7.5634113680572925e-06,3.6758747715771296e-08,1.508,0.001919995281411479,0.0017095481091578464,0.00035187833035224856,-9.30699763904979e-10,1.1487108235742992e-06,1.5080012319538145,0.001278184489899663,0.008001231953814525,0,0,FOLLOWING,1.5024001133639369,0.006427479205786808,0
0.096,5.232959854321557e-05,-6.060420627385053e-06,1.0719553498243541e-05,1.516,0.0038399622513753257,0.006017525138465492,0.0012278796995547903,0.0016366426680697783,0.00033383415834962847,1.5159525491538306,0.002526316846491856,0.015952549153830597,0,0,FOLLOWING,1.5065685145518894,0.017193501713687925,0
0.128,0.00023920782914441178,-4.84522315207998e-06,4.8491543982213496e-05,1.524,0.0057598725988613755,0.013257389791527005,0.0026938763348479727,0.005843185175227139,0.0011803633821628138,1.523771696721238,0.0037347074652825125,0.023771696721238023,0,0,FOLLOWING,1.5119721405301825,0.030727343646965662,0
0.16,0.0006545254511537707,-3.854002592487954e-06,0.00013167081258270036,1.532,0.007679698013674398,0.02339750414633405,0.004735329830291112,0.012983772401694642,0.002599330339402301,1.5313647506041195,0.004885804124269667,0.03136475060411947,0,0,FOLLOWING,1.5181674388695399,0.04586029764502476,0
0.192,0.0013916054563514737,-2.9780674754932703e-06,0.0002754320554531187,1.54,0.00959941018687154,0.036176911980071835,0.007289858375568528,0.02304033342478367,0.004492507130612747,1.5386383582961822,0.00596544354471843,0.03863835829618223,0,0,FOLLOWING,1.5247909138259639,0.06173428559316548,0
0.224,0.0025358667022441364,-2.0324454609782366e-06,0.0004931249284923838,1.548,0.011518980811179766,0.051201560319281844,0.010268003934585615,0.035765735033235005,0.006802863158725615,1.5455070757056546,0.006961464017713369,0.0455070757056546,0,0,FOLLOWING,1.5315493288749038,0.07773012180248791,0
0.256,0.004160081972073708,-7.083182420464809e-07,0.0007968794613814116,1.556,0.013438381581413262,0.06801194458582997,0.013567367598068487,0.05076475917626879,0.009492285929958193,1.5518981088725678,0.007863004714367433,0.05189810887256785,0,0,FOLLOWING,1.538210918398872,0.0934113249254261,0
0.28800000000000003,0.0063222427108835955,1.4726024200670153e-06,0.0011958947596642723,1.564,0.015357584194890804,0.08612987555894565,0.01708288590796207,0.06757554107581756,0.012469184132755226,1.5577534483083297,0.008662122458064562,0.057753448308329736,0,0,FOLLOWING,1.5445968430667403,0.10848021868834544,0
0.32,0.009064904405980198,5.19055262387745e-06,0.0016963591668458318,1.572,0.017276560351853112,0.10509003309944075,0.020713705490336378,0.08571579911134558,0.0156394710847632,1.563030522176144,0.009353790557221325,0.06303052217614402,0,0,FOLLOWING,1.5505734206672412,0.12274373227778897,0
0.352,0.012415574726794434,1.134235416498363e-05,0.0023015699634403026,1.58,0.019195281755880134,0.1244603999008773,0.024367548617721776,0.10471540604751377,0.01891280049494537,1.5677018064319805,0.009935717851374499,0.06770180643198054,0,0,FOLLOWING,1.5560451005917928,0.13608684547463032,0
0.384,0.01638777743578202,2.103641354816708e-05,0.003012178666897801,1.588,0.021113720114308305,0.14385457253289546,0.027963249894682858,0.12413749794321209,0.022206491621872916,1.5717537591553397,0.010408063997383383,0.07175375915533966,0,0,FOLLOWING,1.5609481771801172,0.1484520489834218,0
0.41600000000000004,0.020982523198309733,3.5569268131519596e-05,0.003826508924235308,1.596,0.02303184713864773,0.16293817025936008,0.031431977474654885,0.14359118470346544,0.02544779786436683,1.5751853481500713,0.010773103023342839,0.07518534815007127,0,0,FOLLOWING,1.5652452161725576,0.15982352889015364,0
0.448,0.026189992371916628,5.638702250922361e-05,0.004740909001966471,1.604,0.024949634544999308,0.1814310061117747,0.03471752428823886,0.16273817094903256,0.028574987966253115,1.5780063668894206,0.01103487025143526,0.07800636688942064,0,0,FOLLOWING,1.5689201554914238,0.17021505339846726,0
0.48,0.0319912902314009,8.503624584856525e-05,0.005750112200285666,1.612,0.02686705405447181,0.1991062797652046,0.03777595784417385,0.18129501617774707,0.03153759367739885,1.5802356784424705,0.011198815404724796,0.08023567844247048,0,0,FOLLOWING,1.5719740344240694,0.17966075399238346,0
0.512,0.038360176841162046,0.00012310929469716575,0.006847586994999013,1.62,0.02878407739359886,0.21578775011434873,0.04057484411838323,0.19903233832171754,0.034296088768963666,1.5818994852057722,0.011271475980734857,0.08189948520577217,0,0,FOLLOWING,1.5744213017639666,0.18820816316853262,0
0.544,0.04526470541930901,0.00017218877206585527,0.008025865001744254,1.6280000000000001,0.030700676294755848,0.23134561540917264,0.043092205968279354,0.21577194911893044,0.036821195997550384,1.583029690581276,0.01126017890878372,0.08302969058127596,0,0,FOLLOWING,1.5762866521940169,0.19591300582372642,0
0.5760000000000001,0.05266872698566108,0.00023379514324812985,0.009276839475745072,1.6360000000000001,0.03261682249657674,0.2456916499133739,0.04531533480852929,0.23138266996888307,0.039092966350260036,1.5836623947564625,0.011172774404047093,0.08366239475646253,0,0,FOLLOWING,1.577602340379125,0.20283534841658898,0
0.608,0.0605332370855099,0.0003093405980392691,0.010592030405781164,1.6440000000000001,0.03453248774437082,0.2587740051723931,0.047239542537089785,0.24577539129165574,0.0410997351139711,1.5838365487181731,0.011017403241957803,0.08383654871817314,0,0,FOLLOWING,1.5784059234262082,0.20903679484198112,0
0.64,0.06881755371953936,0.0004000912393874385,0.011962814644940065,1.652,0.03644764379053933,0.2705719725506534,0.048866916412074426,0.2588977927946532,0.042837029265587356,1.5835927772806717,0.01080229698339373,0.08359277728067172,0,0,FOLLOWING,1.5787383842988096,0.21457848510752378,0
0.672,0.0774803252787297,0.0005071387102668432,0.013380621187079344,1.66,0.038362262394991964,0.28109091583601714,0.05020512094622909,0.27072902727992415,0.04430647825905473,1.5829723722380946,0.010535609668831682,0.08297237223809462,0,0,FOLLOWING,1.5786425912520547,0.2195197060046719,0
0.704,0.08648037406950562,0.0006313815234683792,0.014837092836820547,1.668,0.04027631532556333,0.29035751406771154,0.051266276591417165,0.2812745804042055,0.04551476380238036,1.5820164499712077,0.010225278935182464,0.08201644997120772,0,0,FOLLOWING,1.578162051229496,0.22391696490919635,0
0.736,0.09577738555756943,0.0007735156775270333,0.016324216278022923,1.676,0.04218977435842921,0.2984154018710353,0.052065934056005285,0.2905614485136513,0.04647263228779865,1.580765263307109,0.009878914224982705,0.08076526330710898,0,0,FOLLOWING,1.5773399183027073,0.2278234109272347,0
0.768,0.10533245627973427,0.0009340336422650412,0.017834423029756356,1.684,0.044102611278522774,0.30532125459289494,0.05262215479617006,0.2986337226727266,0.04719398500480958,1.5792576546247654,0.009503709639008179,0.07925765462476542,0,0,FOLLOWING,1.5762182215178502,0.23128851365458605,0
0.8,0.11510851489498293,0.0011132304745058224,0.01936066406800319,1.692,0.046014797879950574,0.3111413359578623,0.05295470198005594,0.305548626267455,0.047695055175699566,1.5775306356937009,0.009106378956256104,0.07753063569370089,0,0,FOLLOWING,1.5748372798374954,0.23435793029629068,0
0.8320000000000001,0.12507063140947566,0.001311215659292183,0.020896461039658143,1.7,0.04792630596640852,0.3159485046898962,0.05308434159867698,0.31137302351327223,0.04799367645018661,1.5756190791854763,0.008693110366602565,0.07561907918547628,0,0,FOLLOWING,1.573235275145251,0.23707350796041443,0
0.864,0.13518622948556674,0.00152792923707784,0.022435937038788815,1.708,0.0498371073515976,0.31981966177963717,0.05303225004240295,0.3161803946425025,0.048108644215614844,1.5735555069364182,0.008269538510049069,0.07355550693641821,0,0,FOLLOWING,1.5714479574486433,0.2394733805164289,0
0.896,0.1454252161432463,0.0017631608421425846,0.023973829877225333,1.716,0.05174717385963953,0.32283361033294566,0.052819522104368626,0.32004825863478537,0.0480591685383709,1.5713699606534488,0.007840731484818933,0.0713699606534488,0,0,FOLLOWING,1.569508459423701,0.24159212922734577,0
0.928,0.1557600421703944,0.0020165295202727107,0.025505681966475915,1.724,0.053656477325492224,0.3250692955307666,0.05246669446820285,0.3230559796528325,0.047870393771136825,1.5690899431016467,0.007411025331242522,0.06908994310164673,0,0,FOLLOWING,1.5674472016734147,0.2434609840076711,0
0.96,0.16616570587633123,0.0022876347893223898,0.027027231922282288,1.732,0.05556498959536509,0.3266043806767682,0.051993607350259076,0.32528313478564935,0.04754845028549073,1.5667404102750706,0.0069845467531808696,0.0667404102750706,0,0,FOLLOWING,1.5652918640794715,0.24510804808798173,0
0.992,0.17661971068289062,0.002575940534350203,0.02853500972810885,1.74,0.05747268252713418,0.3275141333360312,0.05141906070613613,0.32680786847154886,0.04711806889690364,1.5643438181252454,0.006564701098719462,0.06434381812524537,0,0,FOLLOWING,1.563067422726857,0.2465585334475212,0
1.024,0.18710198675582984,0.002880842573604071,0.030026092056896943,1.748,0.05937952799075717,0.3278705738812024,0.05076064166054076,0.32770591264523347,0.04659633377198846,1.5619201993711023,0.006154382274731557,0.06192019937110227,0,0,FOLLOWING,1.5607962249588292,0.24783499789858987,0
1.056,0.1975947853192451,0.003201688367244864,0.03149806663958855,1.756,0.061285497868688144,0.32774185406521944,0.05003460859387124,0.3280497012978703,0.04599921547330731,1.55948726896707,0.0057560028577359965,0.05948726896707002,0,0,FOLLOWING,1.5584980987270056,0.24895757740008026,0
1.088,0.20808255297555395,0.0035377939404525743,0.032948993279785746,1.764,0.0631905640562922,0.3271918312302837,0.049255823598437054,0.32790774702770503,0.045341466256614116,1.5570605495412062,0.005371528215905828,0.05706054954120621,0,0,FOLLOWING,1.5561904857720876,0.24994420922357255,0
1.12,0.21855179238689001,0.003888458833768918,0.03437736282179541,1.772,0.06509469846225988,0.3262798068464488,0.04843772532600345,0.32734421640179223,0.04463655612113334,1.554653510434349,0.005002512882930806,0.05465351043434907,0,0,FOLLOWING,1.5538885909171596,0.25081084313706964,0
1.1520000000000001,0.2289909146365719,0.004252979040910565,0.03578205531719995,1.78,0.0669978730090214,0.3250604009426468,0.047592334887409514,0.32641867102555966,0.043896647766993806,1.5522777150365097,0.004650138045270799,0.05227771503650969,0,0,FOLLOWING,1.5516055411620981,0.2515716389214829,0
1.184,0.23939008766188383,0.004630657949360079,0.03716229840437877,1.788,0.06890005963316062,0.3235835369586419,0.04673028817685124,0.32518594537267437,0.04313260325278953,1.5499429720427336,0.004315249210502408,0.04994297204273357,0,0,FOLLOWING,1.5493525494579579,0.2522391493821319,0
1.216,0.24974108432161582,0.005020815364217392,0.03851762670469378,1.796,0.07080123028582894,0.32189451449776196,0.04586088873195266,0.32369613557578203,0.042354015768520374,1.54765748707592,0.003998393298829818,0.0476574870759201,0,0,FOLLOWING,1.5471390790691855,0.252824488631464,0
1.248,0.2600371329307032,0.005422794742287934,0.039847842851514687,1.804,0.07270135693315884,0.32003415031821186,0.04499217597737884,0.3219946764035728,0.04156926066339487,1.545428011852805,0.0036998545585966297,0.045428011852804984,0,0,FOLLOWING,1.54497300531633,0.2533374858545601,0
1.28,0.2702727724565131,0.005835968793287439,0.04115298060502509,1.812,0.07460041155667725,0.3180389706092579,0.04413100441277666,0.3201224865637294,0.04078556062745946,1.5432599887049125,0.003419688848345752,0.043259988704912544,0,0,FOLLOWING,1.5428607722464573,0.2537868250684515,0
1.312,0.28044371402190166,0.0062597436215086335,0.0424332703666016,1.82,0.07649836615371872,0.31594144011950565,0.04328312997915814,0.3181161652274923,0.04000906067874121,1.5411576888138017,0.003157755951742329,0.04115768881380166,0,0,FOLLOWING,1.5408075424158711,0.25418017158312045,0
1.344,0.29054670989293685,0.006693561587280793,0.04368910729027828,1.828,0.07839519273783835,0.3137702160142146,0.04245330046058074,0.3160082252329027,0.039244909322272044,1.5391243429855446,0.002913749697607028,0.03912434298554457,0,0,FOLLOWING,1.538817338502685,0.2545242859921556,0
1.3760000000000001,0.30057943073719573,0.007136903065664208,0.044921022093549014,1.836,0.0802908633392244,0.3115504164247958,0.04164534734340286,0.3138273507668511,0.03849734290423097,1.5371622641800116,0.0026872257462327506,0.03716226418001156,0,0,FOLLOWING,1.5368931759072675,0.25482512658439616,0
1.408,0.3105403516144585,0.007589287272285374,0.046129654593285545,1.844,0.08218535000511083,0.30930389551309134,0.04086227706039175,0.311598669439581,0.037769770771447095,1.5352729613335698,0.0024776269764083467,0.03527296133356983,0,0,FOLLOWING,1.5350371858579448,0.25508794108998145,0
1.44,0.3204286468979915,0.008050272314853299,0.04731572993250583,1.8519999999999999,0.08407862480018935,0.3070495185094711,0.04010635999120223,0.30934403054628834,0.03706485936002673,1.5334572442765892,0.002284306466735802,0.03345724427658925,0,0,FOLLOWING,1.5332507288281356,0.25531734866682415,0
1.472,0.3302440941141236,0.00851945461517413,0.04848003741776933,1.8599999999999999,0.0859706598070215,0.304803431606225,0.03937921597595335,0.30708228296384144,0.03638461377694618,1.5317153197570323,0.0021065481116091314,0.031715319757032345,0,0,FOLLOWING,1.5315344982990446,0.2555174130057289,0
1.504,0.339986986523474,0.008996467831532738,0.04962341185289695,1.8679999999999999,0.08786142712645012,0.30257932280900707,0.03868189542811656,0.3048295475658032,0.03573045580970897,1.5300468787452894,0.0019435849483129613,0.03004687874528944,0,0,FOLLOWING,1.529888615078048,0.25569170739092406,0
1.536,0.3496580541424063,0.009480981395997595,0.05074671723052573,1.876,0.08975089887801091,0.3003886708845833,0.03801495541088822,0.30259948026963535,0.035103297608240935,1.5284511753199426,0.001794615298673495,0.028451175319942568,0,0,FOLLOWING,1.5283127125150084,0.2558433725028764,0
1.568,0.3592583928120021,0.00997269876616138,0.05185083262691628,1.884,0.09163904720034341,0.2982409804097345,0.037378530272470345,0.3004035228720592,0.03450361053613821,1.5269270975252263,0.0016588168480263649,0.026927097525226262,0,0,FOLLOWING,1.526806013054129,0.25597516769562767,0
1.6,0.3687894008585585,0.010471355476491175,0.052936640135903185,1.892,0.09352584425160197,0.29614400164143556,0.03677239662524507,0.2982511396994625,0.03393148889355842,1.5254732306541876,0.0015353587972443267,0.025473230654187606,0,0,FOLLOWING,1.5253673966240004,0.2560895164243674,0
1.6320000000000001,0.37825272284940065,0.010976717061118994,0.05400501467359173,1.9,0.09541126220986618,0.2941039345098885,0.03619603260672507,0.29615003881818397,0.03338670837778686,1.5240879134517598,0.0014234122313333123,0.024087913451759757,0,0,FOLLOWING,1.523995461408776,0.2561885464424777,0
1.6640000000000001,0.38765019992630195,0.011488576907731952,0.05505681548524678,1.908,0.09729527327355113,0.2921256165006478,0.03564867148117548,0.2941063771320524,0.032868779276530355,1.5227692877535157,0.0013221588516397142,0.02276928775351572,0,0,FOLLOWING,1.5226885775637997,0.2562741253322841,0
1.696,0.39698382619223993,0.012006754091301796,0.056092879188848296,1.916,0.09917784966181742,0.29021269455600435,0.03512934973449609,0.2921249491594674,0.03237699448860624,1.521515342082534,0.0012307982188677763,0.021515342082534028,0,0,FOLLOWING,1.5214449344436587,0.25634789188112933,0
1.728,0.4062557106323137,0.012531091226741165,0.057114014195237435,1.924,0.10105896361498078,0.28836778140393987,0.034636949885424526,0.2902093596455251,0.03191047254229645,1.5203239497218386,0.0011485536515949205,0.020323949721838597,0,0,FOLLOWING,1.5202625819031441,0.2564112837647733,0
1.76,0.41546804406363536,0.013061452371162583,0.05812099635200217,1.932,0.10293858739492139,0.28659259692888733,0.034170238287107364,0.2883621804417031,0.031468195837144136,1.5191929017660182,0.001074676920404638,0.019192901766018178,0,0,FOLLOWING,1.5191394662148783,0.25646556195383396,0
1.792,0.42462307062954735,0.0135977209991738,0.05911456566672379,1.94,0.1048166932854929,0.2848880953444687,0.03372789822791777,0.286585092289919,0.031049044373943048,1.518119935635256,0.001008451871650308,0.018119935635255935,0,0,FOLLOWING,1.5180734611240136,0.25651183221619545,0
1.824,0.4337230633786735,0.014139798068492217,0.06009542397450937,1.948,0.10669325359293111,0.28325457902510387,0.033308558661946826,0.28487901229195334,0.030651825263665198,1.5171027595099758,0.0009491971076324573,0.01710275950997575,0,0,FOLLOWING,1.5170623945323394,0.2565510640490341,0
1.856,0.4427703034975021,0.014687600187995115,0.06106423342451061,1.956,0.10856824064626233,0.2816917999103377,0.03291081891042483,0.2832442079399697,0.030275298320787503,1.5161390731162812,0.0008962678419919129,0.016139073116281155,0,0,FOLLOWING,1.5161040712731544,0.25658410733827247,0
1.8880000000000001,0.45176706279514134,0.015241057896045573,0.062021615670112946,1.964,0.1104416267977115,0.2801990494210507,0.032533269677565244,0.28168039863889266,0.029918198052997884,1.5152265852625588,0.0008490570406690309,0.015226585262558823,0,0,FOLLOWING,1.5151962924055793,0.2566117070107503,0
1.92,0.46071558906956855,0.01580011405343705,0.06296815165744307,1.972,0.11231338442310969,0.2787752378273489,0.0321745107198494,0.28018684567474184,0.029579252358672745,1.514363028497061,0.0008069959501071644,0.014363028497061059,0,0,FOLLOWING,1.51433687142374,0.2566345159149887,0
1.952,0.46961809401532884,0.016364722352487197,0.06390438191662343,1.98,0.11418348592230156,0.2774189639897132,0.03183316549811889,0.2787624315818335,0.029257198237738074,1.513546171225779,0.0007695541056735727,0.013546171225778947,0,0,FOLLOWING,1.513523647743199,0.25665310613995096,0
1.984,0.4784767433626127,0.016934845941584772,0.06483080726966249,1.988,0.11605190371955236,0.2761285763628233,0.03150789312835399,0.27740572984171713,0.028950794811563485,1.5127738276000495,0.0007362389046955964,0.012773827600049525,0,0,FOLLOWING,1.512754497794808,0.2566679789574321,0
2.016,0.48729364896653465,0.01751045616276978,0.06574788987792012,1.996,0.11791861026395446,0.27490222610935283,0.031197397930729842,0.27611506581302925,0.028658833934713888,1.5120438654545447,0.0007065948201760707,0.012043865454544722,0,0,FOLLOWING,1.5120273440251806,0.25667957355242765,0
2.048,0.496070862592907,0.018091531398624048,0.06665605456065163,2.004,0.11978357802983368,0.2737379131222458,0.03090043685840291,0.2748885697477263,0.02838014866617024,1.5113542125489126,0.0006802023232613115,0.011354212548912557,0,0,FOLLOWING,1.5113401620736502,0.25668827468682576,0
2.08,0.504810371172668,0.018678056023801418,0.06755569032416986,2.012,0.12164677951715511,0.2726335257011394,0.03061582506818835,0.27372422269914204,0.028113619851176934,1.5107028613405487,0.0006566765749485975,0.010702861340548653,0,0,FOLLOWING,1.5106909863679665,0.2566944194248374,0
2.112,0.5135140933212431,0.019270019455865577,0.06844715204864733,2.02,0.12350818725192862,0.271586874573772,0.03034243987542447,0.27261989607321213,0.02785818104749845,1.510087872491928,0.0006356659403844305,0.010087872491927996,0,0,FOLLOWING,1.5100779143553231,0.25669830303350094,0
2.144,0.5221838769414407,0.019867415299682258,0.06933076228648555,2.028,0.12536777378661412,0.2705957218980108,0.03007922331537956,0.27157338551837656,0.02761282201192007,1.5095073772936591,0.0006168503724603563,0.009507377293659136,0,0,FOLLOWING,1.5094991095615662,0.2567001841582281,0
2.176,0.5308214977490036,0.020470240579381016,0.07020681313252415,2.036,0.12722551170052604,0.2696578058257747,0.02982518351388406,0.2705824397935477,0.02737659094524756,1.5089595791639687,0.0005999397052542793,0.008959579163968723,0,0,FOLLOWING,1.5089528036496567,0.2567002893614918,0
2.208,0.539428658578676,0.02107849505181975,0.07107556813213423,2.044,0.1290813736002379,0.26877086115751425,0.029579395050748875,0.2696447851983735,0.02714859567620114,1.508442754366604,0.0005846718922281197,0.00844275436660391,0,0,FOLLOWING,1.5084372976285683,0.2566988171022406,0
2.24,0.5480069893456845,0.02169218059552298,0.07193726419848309,2.052,0.13093533211998604,0.26793263656567967,0.029340998481188076,0.26875814609676546,0.02692800394803462,1.5079552520721657,0.0005708112189295594,0.007955252072165742,0,0,FOLLOWING,1.5079509623457572,0.2566959412243365,0
2.2720000000000002,0.5565580475529252,0.022311300669191774,0.07279211351496406,2.06,0.13278735992207336,0.267140908818202,0.029109199163015024,0.26792026201385305,0.026714042954936703,1.5074954938725087,0.0005581465152897647,0.007495493872508696,0,0,FOLLOWING,1.5074922383800236,0.25669181401410085,0
2.3040000000000003,0.5650833192480099,0.022935859834076703,0.0736403054030026,2.068,0.13463742969727222,0.26639349438868165,0.028883265520983813,0.26712890173865017,0.026505998260064317,1.5070619728440109,0.0005464893884060268,0.007061972844010889,0,0,FOLLOWING,1.5070596354369181,0.25668656887979263,0
2.336,0.5735842203467554,0.023565863334749075,0.07448200813920076,2.076,0.1364855141652273,0.2656882587988673,0.028662526864304917,0.2663818748199947,0.02630321221235052,1.506653252243111,0.0005356724929439366,0.006653252243111085,0,0,FOLLOWING,1.5066517313356917,0.256680322699452,0
2.368,0.5820620982507865,0.02420131673307815,0.07531737070909249,2.084,0.1383315860748577,0.26502312400114486,0.028446370859159232,0.2656770408019089,0.026105081965606573,1.5062679639064418,0.0005255478529609392,0.006267963906441798,0,0,FOLLOWING,1.5062671706650468,0.2566731778779053,0
2.4,0.5905182336968008,0.02484222559052114,0.07614652448768991,2.092,0.140175618204759,0.26439607407409493,0.028234240744937092,0.2650123165063761,0.025911057190739897,1.5059048064180167,0.0005159852460096537,0.005904806418016717,0,0,FOLLOWING,1.5059046631745059,0.25666522414874926,0
2.432,0.5989538427837914,0.02548859519413658,0.07696958483953918,2.1,0.1420175833636044,0.2638051594726285,0.02802563237095157,0.2643856816366961,0.025720637560422435,1.5055625430972128,0.0005068706577981003,0.005562543097212824,0,0,FOLLOWING,1.5055629819589627,0.256656540152783,0
2.464,0.6073700791322606,0.02614043032204342,0.07778665263318973,2.108,0.1438574543905458,0.2632485000456194,0.027820091119477378,0.2637951829428587,0.02553337007451702,1.5052399998535324,0.0004981048134479887,0.005239999853532407,0,0,FOLLOWING,1.5052409614857807,0.25664719482047904,0
2.496,0.6157680361362723,0.026797735044355165,0.07859781566687146,2.116,0.14569520415561438,0.2627242870081693,0.02761720877109466,0.26323893716166963,0.025348846285316987,1.5049360629473534,0.0004896017894479993,0.004936062947353381,0,0,FOLLOWING,1.5049374955066022,0.25663724858272496,0
2.528,0.6241487492751713,0.027460512555918474,0.07940315000376746,2.124,0.14753080556012044,0.2622307840324759,0.027416620359461834,0.26271513291847404,0.02516669947241262,1.504649676689876,0.00048128770874966703,0.004649676689876037,0,0,FOLLOWING,1.5046515348896918,0.25662675443108424,0
2.56,0.6325131984570412,0.02812876503747637,0.0802027212166214,2.132,0.14936423153705322,0.2617663276005369,0.02721800105469442,0.2622220317541215,0.024986601809396405,1.5043798411102505,0.00047309952004549743,0.004379841110250471,0,0,FOLLOWING,1.5043820854030847,0.25661575884621235,0
2.592,0.6408623103705418,0.028802493542153536,0.08099658554253514,2.14,0.1511954550514798,0.2613293267434291,0.027021063107479357,0.26175796842001264,0.02480826155729888,1.5041256096132976,0.00046498386109607165,0.004125609613297554,0,0,FOLLOWING,1.5041282054739697,0.25660430261077016,0
2.624,0.6491969608257487,0.029481697904425844,0.08178479094973483,2.148,0.15302444910094398,0.2609182622754509,0.02682555287980589,0.2613213505655638,0.0246314203136173,1.5038860866472494,0.00045689600499540517,0.0038860866472494315,0,0,FOLLOWING,1.503889003945498,0.2565924215211625,0
2.656,0.6575179770680686,0.030166376668983565,0.08256737811882019,2.156,0.1548511867158642,0.26053168561683654,0.026631247982718778,0.26091065792595247,0.02445585033989604,1.5036604253975032,0.000448798887473581,0.0036604253975032197,0,0,FOLLOWING,1.5036636378485655,0.25658014701065546,0
2.688,0.6658261400522855,0.030856527037132712,0.08334438134159408,2.164,0.1566756409599314,0.26016821728586126,0.02643795453669393,0.26052444110344114,0.024281351986125244,1.5034478255193804,0.0004406622127021976,0.0034478255193803875,0,0,FOLLOWING,1.5034513102029212,0.2565675066948881,0
2.72,0.6741221866663717,0.031552144828595856,0.08411582934101938,2.172,0.1584977849305061,0.25982654512978803,0.026245504566101297,0.2601613200226715,0.024107751225956115,1.5032475309203124,0.0004324616345702386,0.0032475309203123803,0,0,FOLLOWING,1.5032512678592225,0.25655452484941216,0
2.7520000000000002,0.6824068118968946,0.032253224456776995,0.08488174601617259,2.18,0.16031759175901522,0.25950542235412066,0.026053753535611596,0.259819982128991,0.02393489731285268,1.5030588275996875,0.0004241780100275178,0.0030588275996874525,0,0,FOLLOWING,1.5030627993913142,0.25654122282771835,0
2.7840000000000003,0.6906806709319273,0.03295975766674503,0.08564215068674612,2.188,0.16213503461134818,0.25920366542844187,0.025862578580280824,0.25949917711577525,0.02376264714110611,1.5028810416578482,0.0004157979784869398,0.0028810416578481934,0,0,FOLLOWING,1.5028852331511942,0.2565276194271462,0
2.816,0.6989443811881265,0.03367173506210542,0.08639705919820062,2.196,0.16395008668825253,0.2589201518466293,0.02567187612843607,0.25919772192948015,0.023590892140718606,1.5027135371449305,0.00040731183612319205,0.0027135371449305,0,0,FOLLOWING,1.5027179351580109,0.2565137312091701,0
2.848,0.7071985242716,0.03438914699911443,0.08714648479467892,2.2039999999999997,0.16576272122572924,0.2586538177962097,0.025481559312516687,0.2589144971464342,0.023419551020402996,1.5025557140245387,0.00039871206595749886,0.002555714024538691,0,0,FOLLOWING,1.5025603070969156,0.2564995727797323,0
2.88,0.715443647865676,0.03511198245134365,0.08789043824409841,2.2119999999999997,0.1675729114954274,0.2584036558165147,0.025291556118547043,0.2586484392171717,0.023248546398200086,1.5024070063856916,0.00038999396478379966,0.002407006385691579,0,0,FOLLOWING,1.5024117845618823,0.256485157034607,0
2.912,0.7236802675361074,0.0358402290043419,0.08862892826288653,2.2199999999999998,0.16938063080503818,0.258168712442441,0.02510180768667642,0.2583985408833357,0.023077814165005456,1.5022668806420203,0.00038115522405572644,0.002266880642020297,0,0,FOLLOWING,1.502271835281908,0.25647049537414374,0
2.944,0.7319088684619789,0.036573872880206075,0.08936196189229696,2.2279999999999998,0.1711858524986884,0.25794808585350526,0.02491226674971308,0.25816384893279853,0.022907301971597505,1.5021348338027187,0.00037219554205374095,0.0021348338027187275,0,0,FOLLOWING,1.5021399574155976,0.25645559789121175,0
2.976,0.7401299070909056,0.03731289896734329,0.09008954483008516,2.2359999999999998,0.17298854995733381,0.25774092354543093,0.024722896204003836,0.2579434618480181,0.02273696783361934,1.5020103918187184,0.00036311627946600256,0.0020103918187184266,0,0,FOLLOWING,1.502015677918032,0.25644047353568455,0
3.008,0.7483438127181292,0.03805729126544435,0.0908116816081552,2.2439999999999998,0.1747886965991514,0.25754642002825917,0.024533667742341437,0.257736528606675,0.0225667753181555,1.5018931079670992,0.00035391999549469477,0.0018931079670991835,0,0,FOLLOWING,1.501898550943283,0.25642513025838476,0
3.04,0.7565509889944744,0.038807032389449665,0.09152837598240582,2.252,0.17658626587993148,0.25736381458685115,0.024344560706154636,0.2575422438148966,0.022396700175057172,1.501782561391172,0.0003446103974318049,0.001782561391171944,0,0,FOLLOWING,1.5017881564003737,0.2564095751370576,0
3.072,0.7647518153595477,0.0395621032519508,0.0922396312527556,2.26,0.17838123129346906,0.25719238910668246,0.024155561098942395,0.2573598458304974,0.022226728154937956,1.5016783557009719,0.0003351922429219306,0.0016783557009718564,0,0,FOLLOWING,1.5016840985676752,0.25639381448660925,0
3.104,0.7729466484031118,0.040322483573796704,0.0929454503332788,2.268,0.18017356637195459,0.25703146594983867,0.023966660612582225,0.2571886168865839,0.02205684720010873,1.5015801175697903,0.00032567094392856044,0.0015801175697902625,0,0,FOLLOWING,1.5015860047015734,0.25637785395557483,0
3.136,0.7811358231611802,0.041088151935810266,0.09364583591364084,2.276,0.1819632446863645,0.2568804058994093,0.023777855751854107,0.25702787976254765,0.021887050297771382,1.5014874954369348,0.0003160523847081653,0.001487495436934827,0,0,FOLLOWING,1.5014935237498663,0.25636169861053415,0
3.168,0.7893196543451275,0.041859085821123555,0.09434079059584262,2.284,0.1837502398468506,0.2567386061765082,0.023589147053244653,0.2568769956692779,0.021717334708401943,1.5014001582781722,0.00030634277131934284,0.0014001582781721922,0,0,FOLLOWING,1.5014063251315244,0.25634535300998035,0
3.2,0.7974984375069034,0.04263526165761338,0.09503031700873829,2.292,0.18553452550312946,0.2566054985323865,0.023400538390980528,0.2567353622569435,0.02154770127114669,1.5013177944399039,0.00029654850379932934,0.0013177944399038743,0,0,FOLLOWING,1.5013240975790134,0.25632882126895395,0
3.232,0.8056724501429188,0.0434166548604816,0.09571441790279245,2.3,0.18731607534487085,0.2564805474170306,0.02321203636335027,0.2566024117032289,0.021378153786323326,1.5012401105344908,0.0002866760683796765,0.0012401105344908014,0,0,FOLLOWING,1.50124654804076,0.2563121071155996,0
3.2640000000000002,0.8138419527391036,0.04420323987472681,0.09639309622734976,2.308,0.18909486310208568,0.2563632482247777,0.023023649752637907,0.2564776088791466,0.021208698468924682,1.5011668303942616,0.00027673194751458297,0.0011668303942615754,0,0,FOLLOWING,1.5011734006414028,0.2562952139406511,0
3.2960000000000003,0.8220071897596398,0.0449949902172817,0.09706635519251171,2.316,0.19087086254551344,0.2562531256167729,0.022835389052277225,0.25636044959240095,0.02103934346759113,1.5010976940817047,0.00026672254567168546,0.001097694081704681,0,0,FOLLOWING,1.5011043956974528,0.25627814484072775,0
3.3280000000000003,0.8301683905799268,0.04579187932481435,0.09773419807884023,2.324,0.19264404748700892,0.2561497318986846,0.022647265937015406,0.2562504613083884,0.020870090984175877,1.5010324568764342,0.00025665383306031075,0.0010324568764341624,0,0,FOLLOWING,1.501039288709004,0.25626090265621665,0
3.36,0.838325770374955,0.046593879203832685,0.09839662866673733,2.332,0.1944143917799283,0.256052645512253,0.022459293022457815,0.25614719508896727,0.020700956638729326,1.5009708885199042,0.0002465318272402983,0.0009708885199042339,0,0,FOLLOWING,1.500977849608705,0.2562434900044125,0
3.392,0.8464795309491697,0.04740096098824055,0.09905365111909809,2.34,0.19618186931951495,0.2559614695845901,0.02227148357342696,0.2560502295318942,0.020531952384128433,1.5009127723347853,0.0002363623560214384,0.0009127723347852612,0,0,FOLLOWING,1.5009198618847714,0.25622590930851524,0
3.424,0.854629861525234,0.04821309504005879,0.09970526998575836,2.348,0.1979464540432841,0.2558758305466127,0.02208385124341768,0.2559591681167665,0.02036309031226421,1.5008579044288404,0.00022615100167786006,0.0008579044288403725,0,0,FOLLOWING,1.5008651217880735,0.25620816282299214,0
3.456,0.8627769394880207,0.04903025098920256,0.10035149021417583,2.356,0.19970811993140714,0.25579537682059283,0.021896409853564634,0.2558736376267979,0.02019438284881288,1.5008060929492943,0.00021590307910619722,0.0008060929492943458,0,0,FOLLOWING,1.5008134375893074,0.2561902526557671,0
3.488,0.8709209310863121,0.04985239777069048,0.1009923171538271,2.364,0.20146684100709553,0.2557197775746802,0.02170917320730186,0.2557932868240957,0.02002584255686004,1.5007571573795844,0.00020562362171398785,0.0007571573795843722,0,0,FOLLOWING,1.500764628878207,0.2561721807876316,0
3.52,0.8790619920945806,0.050679503660664996,0.10162775655532168,2.372,0.20322259133698362,0.25564872154201657,0.02152215493674713,0.2557177852028342,0.01985748197180235,1.500710927875994,0.0001953173731011337,0.0007109278759940274,0,0,FOLLOWING,1.5007185259023292,0.25615394908921846,0
3.552,0.8872002684369551,0.05151153631123904,0.10225781456513676,2.38,0.20497534503151113,0.2555819159019759,0.021335368377131028,0.2556468218082035,0.01968931346450182,1.5006672446420728,0.00018498878359395066,0.0006672446420727951,0,0,FOLLOWING,1.5006749689433538,0.2561355593358525,0
3.584,0.895335896778195,0.05234846146990752,0.10288249717271736,2.388,0.206725076245305,0.25551908525400796,0.021148827082811593,0.25558009998436765,0.01952133212771979,1.5006259574712368,0.00017464342622010298,0.0006259574712368376,0,0,FOLLOWING,1.5006338078613988,0.2561170132205347,0
3.616,0.9034690050721235,0.05319024477434082,0.10350181089562052,2.396,0.20847175917756033,0.25545997059938697,0.0209625444405766,0.255517345864159,0.019353554464911944,1.5005869250182589,0.00016428613505925505,0.0005869250182588548,0,0,FOLLOWING,1.5005949013678663,0.25609831236529806,0
3.648,0.9115997130881116,0.054036852046423216,0.10411576289925979,2.404,0.21021536807242086,0.25540432837232824,0.02077653322298417,0.25545830296987176,0.01918600072159149,1.5005500142423676,0.00015392070427869275,0.000550014242367558,0,0,FOLLOWING,1.5005581164697877,0.25607945833113654,0
3.68,0.9197281329053364,0.0548882486291663,0.10472436072325671,2.412,0.21195587721935893,0.2553519295441289,0.020590805540215997,0.2554027281093961,0.0190186825917684,1.5005150999817163,0.0001435506144759069,0.0005150999817162827,0,0,FOLLOWING,1.5005233280454335,0.25606045262668603,0
3.712,0.927854369374075,0.05574439940024113,0.10532761226137317,2.42,0.21369326095355443,0.25530255877790364,0.020405372812318925,0.2553503925118752,0.018851611142328348,1.500482064491951,0.00013317905623130843,0.0004820644919509842,0,0,FOLLOWING,1.5004904183838466,0.25604129671581216,0
3.744,0.9359785205514879,0.0566052687992243,0.10592552574090248,2.428,0.21542749365627317,0.2552560136305433,0.020220245754337996,0.25530108107595834,0.018684796796120114,1.5004507970087755,0.0001228089448327696,0.0004507970087754831,0,0,FOLLOWING,1.5004592767482532,0.2560219920242431,0
3.7760000000000002,0.9441006781121327,0.05747082085419241,0.10651810970176995,2.436,0.21715854975524487,0.2552121037994842,0.020035434372102562,0.25525459158112923,0.018518249322888945,1.5004211933357425,0.0001124429353541595,0.00042119333574253126,0,0,FOLLOWING,1.5004297989645954,0.25600253994536626,0
3.8080000000000003,0.9522209277344331,0.05834101920717217,0.10710537297562729,2.444,0.2188864037250401,0.25517065041202575,0.019850947966825752,0.2552107339357764,0.018351977839083326,1.5003931554560974,0.00010208343811678178,0.000393155456097416,0,0,FOLLOWING,1.5004018870340239,0.2559829418452914,0
3.84,0.9603393494644427,0.059215827138456564,0.10768732466517379,2.452,0.22061103008744662,0.25513148535501373,0.019666795146921108,0.2551693294670467,0.01818599081493293,1.5003665911673414,9.17326342926017e-05,0.0003665911673413902,0,0,FOLLOWING,1.5003754487680239,0.25596319906727394,0
3.872,0.9684560180581957,0.060095207589821786,0.10826397412389338,2.46,0.22233240341184518,0.2550944506427903,0.019482983845629954,0.25513021025097354,0.01802029608745424,1.5003414137372224,8.139249144074878e-05,0.00034141373722240687,0,0,FOLLOWING,1.500350397444908,0.2559433129355782,0
3.904,0.9765710033038694,0.06097912318667804,0.10883533093636312,2.468,0.22405049831558455,0.25505939782138715,0.019299521343233258,0.2550932184808938,0.017854900878302587,1.5003175415799346,7.106477880401696e-05,0.0003175415799345771,0,0,FOLLOWING,1.5003266514864457,0.25592328475884885,0
3.936,0.9846843703249183,0.06186753625919251,0.10940140489925045,2.476,0.22576528946435562,0.2550261874070243,0.019116414292794995,0.25505820587208766,0.01768981181529938,1.500294897951361,6.075108222752811e-05,0.00029489795136106167,0,0,FOLLOWING,1.5003041341534875,0.2559031158330549,0
3.968,0.9927961798652789,0.06276040886241906,0.10996220600309428,2.484,0.2274767515725651,0.2549946883570581,0.018933668748517343,0.2550250331007199,0.017525034956924004,1.5002734106622673,5.0452818588883626e-05,0.0002734106622672705,0,0,FOLLOWING,1.500282773259492,0.2558828074440559,0
4.0,1.0009064885576835,0.06365770279547389,0.11051774441493571,2.492,0.22918485940370834,0.2549647775716027,0.01875129019592217,0.25499356927523864,0.017360575818862044,1.5002530118084032,4.017124965460806e-05,0.0002530118084032029,0,0,FOLLOWING,1.5002625009009183,0.25586236086983893,0
4.032,1.0090153491760643,0.06455937961979241,0.11106803046184612,2.5,0.23088958777074142,0.2549363394241364,0.018569283583198096,0.254963691438412,0.017196439402058943,1.5002336375165408,2.990749529954706e-05,0.00023363751654081888,0,0,FOLLOWING,1.5002432532035184,0.25584177738247066,0
4.064,1.0171228108729744,0.06546540067650501,0.11161307461538011,2.508,0.23259091153645267,0.2549092653194772,0.018387653353145024,0.2549352840983645,0.017032630221612763,1.5002152277055112,1.9662546045323692e-05,0.00021522770551118953,0,0,FOLLOWING,1.500224970083597,0.2558210582497946,0
4.096,1.0252289194029034,0.06637572710296796,0.1121528874769659,2.516,0.23428880561383317,0.2548834532775961,0.018206403475245086,0.25490823878695285,0.016869152336062156,1.5001977258613717,9.437274889972924e-06,0.00019772586137167814,0,0,FOLLOWING,1.500207595023375,0.25580020473691023,0
4.128,1.0333337173323098,0.06729031984848574,0.11268747976423513,2.524,0.23598324496644676,0.2548588075418089,0.018025537477473524,0.254882453643963,0.016706009376770952,1.5001810788258743,-7.675515887040074e-07,0.00018107882587425905,0,0,FOLLOWING,1.500191074859628,0.2557792181074565,0
4.16,1.0414372442371542,0.06820913968925903,0.11321686229828122,2.532,0.23767420460879926,0.25483523820996484,0.017845058477524982,0.25485783302569176,0.016543204576905855,1.50016523659746,-1.0951262857814004e-05,0.00016523659746003894,0,0,FOLLOWING,1.50017535958483,0.25575809962472906,0
4.192,1.0495395368886642,0.06913214724259355,0.11374104599182484,2.54,0.23936165960670677,0.2548126608873191,0.01766496921320757,0.2548342871364866,0.016380740799822865,1.5001501521440384,-2.1113274775511056e-05,0.0001501521440383513,0,0,FOLLOWING,1.5001604021600645,0.2557368505526478,0
4.224,1.0576406294280276,0.07005930298040262,0.11426004183826535,2.548,0.24104558507766352,0.25479099635984476,0.017485272071794476,0.25481173168196986,0.016218620566718505,1.5001357812268628,-3.125308064888532e-05,0.0001357812268627523,0,0,FOLLOWING,1.500146158339015,0.2557154721565954,0
4.256,1.0657405535306639,0.07099056724203652,0.1147738609015823,2.556,0.2427259561912085,0.25477017028680976,0.017305969118187728,0.25479008754267857,0.01605684608322543,1.500122082234848,-4.137024298107861e-05,0.00012208223484799774,0,0,FOLLOWING,1.5001325865023794,0.25569396570414293,0
4.288,1.073839338560692,0.07192590024646907,0.11528251430705352,2.564,0.24440274816929194,0.2547501129115033,0.017127062121775418,0.2547692804669649,0.01589541926490968,1.5001090160287114,-5.1464385883423496e-05,0.00010901602871138394,0,0,FOLLOWING,1.5001196475021048,0.2556723324656761,0
4.32,1.0819370117161728,0.07286526210387285,0.11578601323275212,2.572,0.24607593628664035,0.2547307587890591,0.016948552581906046,0.25474924078201616,0.015734341761620207,1.5000965457943625,-6.153518812807013e-05,9.654579436246813e-05,0,0,FOLLOWING,1.5001073045148485,0.2556505737149352,0
4.352,1.090033598165673,0.0738086128266116,0.11628436890177879,2.58,0.24774549587112144,0.2547120465303806,0.016770441751931604,0.2547299031219701,0.015573614980463064,1.5000846369049885,-7.158237680533752e-05,8.463690498849985e-05,0,0,FOLLOWING,1.5000955229041342,0.2556286907294771,0
4.384,1.098129121176664,0.07475591233967809,0.11677759257519076,2.588,0.2494114023041076,0.2546939185612287,0.016592730661798488,0.25471120617211807,0.015413240107579197,1.5000732567913257,-8.16057215579924e-05,7.32567913257487e-05,0,0,FOLLOWING,1.5000842700906813,0.255606684791073,0
4.416,1.1062236022362417,0.07570712049060455,0.11726569554558258,2.596,0.2510736310208391,0.2546763208955832,0.01641542013917974,0.25469309242824695,0.015253218128503394,1.500062374819631,-9.16050293556514e-05,6.237481963089486e-05,0,0,FOLLOWING,1.5000735154304277,0.25558455718604595,0
4.448,1.11431706116462,0.0766621970588715,0.11774868913127827,2.604,0.25273215751078637,0.2546592029224429,0.016238510829166844,0.2546755079702459,0.015093549847277564,1.5000519621768953,-0.00010158013977734637,5.19621768952927e-05,0,0,FOLLOWING,1.5000632300997894,0.2555623092055581,0
4.48,1.1224095162218306,0.07762110176484004,0.11822658467109125,2.612,0.25438695731801114,0.25464251720527287,0.016062003212548446,0.2546584022491492,0.014934235904195185,1.5000419917628725,-0.00011153092076672533,4.199176287245088e-05,0,0,FOLLOWING,1.500053386987728,0.2555399421458534,0
4.5120000000000005,1.1305009842080296,0.0785837942782306,0.11869939351961174,2.62,0.2560380060415275,0.25462621929335466,0.015885897622719688,0.2546417278867953,0.014775276792276115,1.5000324380885175,-0.00012145726482588881,3.2438088517494634e-05,0,0,FOLLOWING,1.5000439605942235,0.2555174573084608,0
4.5440000000000005,1.1385914805577928,0.07955023422617193,0.11916712704298175,2.628,0.25768527933566115,0.25461026754433813,0.015710194261265385,0.2546254404873965,0.014616672872509786,1.5000232771804536,-0.00013135908561599796,2.3277180453584734e-05,0,0,FOLLOWING,1.5000349269347728,0.25549485600036287,0
4.5760000000000005,1.146681019428758,0.08052038120084065,0.11962979661512112,2.636,0.25932875291040897,0.2545946229573318,0.015534893212278276,0.25460949846028363,0.014458424387946913,1.500014486491111,-0.00014123631493249966,1.4486491110909938e-05,0,0,FOLLOWING,1.5000262634505548,0.2554721395341344,0
4.6080000000000005,1.1547696137849486,0.08149419476671299,0.12008741361436365,2.644,0.2609684025317967,0.2545792490159102,0.01535999445547286,0.25459386285318913,0.014300531476524997,1.5000060448141985,-0.00015108890002153708,6.044814198524762e-06,0,0,FOLLOWING,1.500017948923926,0.2554493092280545,0
4.64,1.1628572754750943,0.08247163446744804,0.12053998942047336,2.652,0.26260420402223666,0.2545641115404495,0.015185497878154685,0.2545784971954212,0.014142994182932524,1.4999979322051982,-0.0001609168012121076,-2.0677948018299475e-06,0,0,FOLLOWING,1.5000099633989312,0.25542636640619615,0
4.672,1.1709440153062518,0.08345265983242092,0.12098753541200433,2.66,0.264236133260884,0.25454917854923936,0.015011403286114661,0.2545633673503863,0.01398581246935602,1.4999901299065699,-0.0001707199898322853,-9.870093430119908e-06,0,0,FOLLOWING,1.5000022881065338,0.2554033123984945,0
4.704,1.1790298431129982,0.08443723038292407,0.121430062963975,2.668,0.26586416618399256,0.25453442012785077,0.014837710413516546,0.2545484413768387,0.013828986225302283,1.4999826202774045,-0.00018049844638545753,-1.7379722595523006e-05,0,0,FOLLOWING,1.4999949053942778,0.2553801485407972,0
4.736,1.1871147678224667,0.08542530563805313,0.12186758344582746,2.676,0.2674882787852696,0.25451980830626886,0.014664418931838044,0.2545336893984153,0.013672515276508175,1.499975386727246,-0.00019025215896070757,-2.461327275393721e-05,0,0,FOLLOWING,1.4999877986601278,0.25535687617490094,0
4.768,1.1951987975154696,0.08641684512029382,0.12230010821964304,2.684,0.2691084471162296,0.25450531694332956,0.014491528457941489,0.2545190834808983,0.013516399392945433,1.4999684136538427,-0.00019998112185333483,-3.1586346157297385e-05,0,0,FOLLOWING,1.4999809522902299,0.25533349664857097,0
4.8,1.203281939483941,0.08741180836082514,0.12272764863859097,2.692,0.27072464728654794,0.25449092161802683,0.014319038561326302,0.25450459751678783,0.01336063829611062,1.4999616863845906,-0.00020968533437509818,-3.8313615409402146e-05,0,0,FOLLOWING,1.4999743516003672,0.2553100113155522,0
4.832,1.2113642002849192,0.08841015490455262,0.1231502160455854,2.7,0.27233685546441255,0.2544765995272808,0.01414694877063965,0.25449020711673764,0.013205231665525705,1.499955191121453,-0.00021936479983367121,-4.480887854696469e-05,0,0,FOLLOWING,1.4999679827808874,0.25528642153556663,0
4.864,1.219445585791278,0.08941184431488651,0.12356782177213009,2.708,0.27394504787687585,0.25446232938978336,0.01397525857949026,0.25447588950744143,0.01305017914461289,1.4999489148891445,-0.00022901952466264364,-5.108511085549772e-05,0,0,FOLLOWING,1.4999618328448963,0.255262728674304,0
4.896,1.2275261012393939,0.090416836178277,0.12398047713732892,2.716,0.2755492008102049,0.25444809135555957,0.013803967451637847,0.25446162343558626,0.012895480345875093,1.4999428454863901,-0.00023864951768426404,-5.715451360988055e-05,0,0,FOLLOWING,1.4999558895795244,0.25523893410340154,0
4.928,1.2356057512739376,0.09142509010851922,0.12438819344704699,2.724,0.27714929061023125,0.254433866920903,0.013633074825601575,0.25444738907752024,0.012741134855597795,1.4999369714400737,-0.00024825478949130897,-6.302855992634804e-05,0,0,FOLLOWING,1.4999501415000807,0.25521503920041816,0
4.96,1.2436845399899599,0.09243656575083994,0.12479098199320364,2.732,0.2787452936826998,0.25441963884836694,0.013462580118743399,0.25443316795428955,0.012587142237967485,1.4999312819621058,-0.0002578353519321341,-6.871803789421094e-05,0,0,FOLLOWING,1.4999445778069245,0.2551910453488018,0
4.992,1.25176247097243,0.0934512227857767,0.12518885405318195,2.74,0.28033718649361644,0.25440539109151095,0.013292482730877749,0.2544189428517161,0.012433502038730164,1.4999257669088482,-0.00026739121768615254,-7.423309115184296e-05,0,0,FOLLOWING,1.499939188344899,0.25516695393785244,0
5.024,1.2598395473333828,0.09446902093286004,0.12558182088934283,2.748,0.2819249455695955,0.2543911087241162,0.013122782047445646,0.25440469774524394,0.0122802137884361,1.4999204167429434,-0.00027692239991872203,-7.958325705659242e-05,0,0,FOLLOWING,1.499933963565162,0.25514276636267674,0
5.056,1.2679157717468137,0.09548991995410912,0.1259698937486286,2.7560000000000002,0.2835085474982054,0.2543767778736075,0.012953477442304698,0.25439041772922155,0.012127277005250165,1.4999152224974075,-0.00028642891200375553,-8.47775025925035e-05,0,0,FOLLOWING,1.499928894489283,0.25511848402414183,0
5.088,1.2759911464814582,0.09651387965734995,0.1263530838622486,2.7640000000000002,0.28508796892831445,0.2543623856584286,0.012784568280166338,0.2543760889504183,0.01197469119751615,1.4999101757418474,-0.00029591076730656196,-8.982425815262651e-05,0,0,FOLLOWING,1.4999239726754647,0.2550941083288239,0
5.12,1.2840656734315785,0.09754085989936503,0.1267314024454322,2.7720000000000002,0.2866631865704344,0.254347920129137,0.012616053918720562,0.25436169854545443,0.011822455865857487,1.4999052685506846,-0.00030536797901586915,-9.473144931537725e-05,0,0,FOLLOWING,1.4999191901867692,0.25506964068895216,0
5.152,1.2921393541458808,0.0985708205888835,0.12710486069724453,2.7800000000000002,0.28823417719706457,0.2543333702129952,0.012447933710483916,0.254347234581982,0.011670570505134883,1.499900493473257,-0.0003148005600195902,-9.950652674306504e-05,0,0,FOLLOWING,1.4999145395612221,0.2550450825223512,0
5.184,1.3002121898546695,0.09960372168941921,0.12747346980045293,2.7880000000000003,0.28980091764303423,0.25431872566185193,0.01228020700439419,0.25433268600333153,0.011519034606047446,1.4998958435056937,-0.00032420852281547785,-0.00010415649430628449,0,0,FOLLOWING,1.4999100137836912,0.25502043525237994,0
5.216,1.3082841814953476,0.10063952322196508,0.12783724092144078,2.7960000000000003,0.29136338480584356,0.25430397700311663,0.012112873147187862,0.2543180425764565,0.011367847656583023,1.499891312064456,-0.0003335918794538373,-0.00010868793554408285,0,0,FOLLOWING,1.4999056062594274,0.25499570030786867,0
5.248,1.3163553297363597,0.1016781852675503,0.12819618521015855,2.8040000000000003,0.29292155564600536,0.2542891154936417,0.011945931484582872,0.2543032948429614,0.011217009143219958,1.4998868929614415,-0.00034295064150274834,-0.00011310703855849091,0,0,FOLLOWING,1.4999013107891719,0.25497087912305344,0
5.28,1.3244256349996693,0.10271966796966801,0.12855031380011114,2.8120000000000003,0.2944754071873837,0.2542741330763423,0.011779381362285611,0.2542884340730449,0.011066518552024892,1.499882580380568,-0.0003522848200372963,-0.00011741961943201318,0,0,FOLLOWING,1.4998971215457422,0.25494597313750794,0
5.312,1.3324950974818615,0.10376393153657906,0.12889963780837,2.8200000000000003,0.29602491651753354,0.25425902233938763,0.01161322212685345,0.25427345222216785,0.010916375369453888,1.4998783688557364,-0.00036159442564004385,-0.00012163114426355648,0,0,FOLLOWING,1.4998930330519957,0.25492098379607475,0
5.344,1.3405637171739484,0.10481093624349908,0.12924416833561297,2.8280000000000003,0.29757006078803816,0.2542437764778134,0.011447453126419385,0.25425834189028645,0.010766579083201057,1.499874253250105,-0.00037087946841971037,-0.0001257467498949616,0,0,FOLLOWING,1.4998890401601046,0.25489591254879446,0
5.376,1.348631493879958,0.10586064243467375,0.12958391646618192,2.8360000000000003,0.29911081721484617,0.2542283892574088,0.01128207371130695,0.2542430962835161,0.01061712918276571,1.4998702287365844,-0.0003801399580352083,-0.0001297712634156234,0,0,FOLLOWING,1.4998851380320537,0.25487076085083366,0
5.408,1.356698427234377,0.1069130105253489,0.12991889326815909,2.8440000000000003,0.30064716307860767,0.25421285498074575,0.011117083234543895,0.254227709178061,0.010468025160034719,1.4998662907794902,-0.00038937590372997716,-0.00013370922050981449,0,0,FOLLOWING,1.4998813221212939,0.25484553016241,0
5.44,1.3647645167185176,0.10796800100363964,0.13024910979345794,2.8520000000000003,0.30217907572500874,0.2541971684552184,0.01095248105229047,0.25421217488628106,0.010319266509725457,1.4998624351172791,-0.00039858731437134026,-0.0001375648827208753,0,0,FOLLOWING,1.4998775881554767,0.2548202219487192,0
5.472,1.37282976167587,0.10902557443230441,0.1305745770779237,2.8600000000000003,0.30370653256510616,0.2541813249629793,0.010788266524194316,0.2541964882247645,0.010170852729708118,1.4998586577463078,-0.000407774198490779,-0.00014134225369222264,0,0,FOLLOWING,1.4998739321202177,0.25479483767985855,0
5.5040000000000004,1.3808941613265036,0.11008569145042799,0.13089530614144576,2.8680000000000003,0.3052295110756599,0.2541653202326542,0.010624439013683547,0.2541806444843059,0.010022783321357384,1.49985495490555,-0.00041693656432842396,-0.00014504509445001368,0,0,FOLLOWING,1.4998703502438122,0.25476937883074946,0
5.5360000000000005,1.3889577147805698,0.11114831277501863,0.13121130798807726,2.8760000000000003,0.30674798879946574,0.25414915041273234,0.01046099788820608,0.25416463940164985,0.009875057789787103,1.499851323062221,-0.0004260744198774647,-0.00014867693777897983,0,0,FOLLOWING,1.4998668389828607,0.2547438468810598,0
5.5680000000000005,1.3970204210509682,0.11221339920252334,0.13152259360616056,2.8840000000000003,0.30826194334568596,0.25413281204653215,0.010297942519424732,0.25414846913291855,0.009727675644038185,1.499847758898247,-0.0004351877729275311,-0.00015224110175293681,0,0,FOLLOWING,1.4998633950087406,0.2547182433151259,0
5.6000000000000005,1.4050822790652118,0.11328091161026495,0.13182917396845836,2.8920000000000003,0.30977135239018,0.2541163020486483,0.010135272283374323,0.25413213022859393,0.009580636397237864,1.4998442592975416,-0.0004442766311071322,-0.00015574070245838456,0,0,FOLLOWING,1.499860015194879,0.25469256962187253,0
5.632,1.4131432876765564,0.11435081095780564,0.13213106003228858,2.9000000000000004,0.311276193675833,0.2540996176827932,0.009972986560588894,0.25411561961001106,0.009433939566735746,1.4998408213340249,-0.00045334100192423454,-0.00015917866597514596,0,0,FOLLOWING,1.499856696604778,0.2546668272947336,0
5.664,1.421203445674422,0.11542305828823998,0.13242826273966238,2.908,0.31277644501288465,0.2540827565409486,0.009811084736202564,0.25409893454720023,0.009287584674197725,1.49983744226036,-0.00046238089280395406,-0.0001625577396400235,0,0,FOLLOWING,1.4998534364807472,0.25464101783157045,0
5.696,1.4292627517941594,0.11649761472942119,0.13272079301742457,2.916,0.3142720842792561,0.2540657165237505,0.009649566200031127,0.25408207263809196,0.009141571245664143,1.4998341194973508,-0.0004713963111241947,-0.00016588050264920717,0,0,FOLLOWING,1.4998502322333043,0.25461514273459085,0
5.728,1.4373212047261967,0.1175744414951237,0.1330086617773958,2.924,0.315763089420876,0.254048495822034,0.009488430346634344,0.25406503178890033,0.00899589881163738,1.4998308506239644,-0.0004803872642472062,-0.00016914937603562663,0,0,FOLLOWING,1.4998470814311964,0.2545892035102679,0
5.76,1.4453788031246015,0.11865349988614567,0.13329187991651595,2.932,0.317249438452006,0.25403109289946874,0.009327676575368532,0.25404781019570327,0.00885056690708634,1.499827633367947,-0.0004893537595486719,-0.0001723666320530004,0,0,FOLLOWING,1.4998439817920193,0.2545632016692558,0
5.792,1.4534355456150976,0.11973475129135368,0.13357045831698885,2.94,0.3187311094555647,0.25401350647622106,0.009167304290427818,0.25403040632709023,0.008705575071505251,1.4998244655969915,-0.0004982958044431884,-0.00017553440300854817,0,0,FOLLOWING,1.499840931173382,0.2545371387263086,0
5.824,1.4614914308025633,0.12081815718867303,0.13384440784642726,2.948,0.320208080583451,0.25399573551358035,0.009007312900876899,0.2540128189078503,0.008560922848925527,1.4998213453104292,-0.0005072134064066924,-0.00017865468957078967,0,0,FOLLOWING,1.4998379275646003,0.2545110162001942,0
5.856,1.4695464572780488,0.12190367914602643,0.13411373935799825,2.956,0.32168033005686625,0.2539777791994942,0.008847701820679078,0.2539950469036145,0.00841660978791211,1.4998182706314092,-0.000516106572995112,-0.00018172936859084388,0,0,FOLLOWING,1.4998349690788766,0.2544848356136126,0
5.888,1.4776006236253363,0.12299127882222251,0.13437846369056886,2.964,0.32314783616663534,0.2539596369349574,0.008688470468722504,0.25397708950640435,0.008272635441590591,1.4998152397995415,-0.0005249753118596323,-0.0001847602004585447,0,0,FOLLOWING,1.4998320539459422,0.2544585984931104,0
5.92,1.485653928427071,0.12408091796779812,0.13463859166885303,2.972,0.32461057727352655,0.2539413083212047,0.008529618268840505,0.2539589461210368,0.00812899936767502,1.499812251163975,-0.0005338196307609344,-0.00018774883602490355,0,0,FOLLOWING,1.4998291805051387,0.25443230636899733,0
5.952,1.49370637027049,0.1251725584258157,0.13489413410355697,2.98,0.3260685318085713,0.25392279314765875,0.008371144649831823,0.253940616352336,0.007985701128417098,1.4998093031768829,-0.0005426395375772995,-0.00019069682311712022,0,0,FOLLOWING,1.4998263471989004,0.25440596077525757,0
5.984,1.5017579477527738,0.12626616213261788,0.13514510179152556,2.988,0.32752167827338163,0.2539040913805886,0.008213049045484491,0.25392209999309356,0.007842740290652971,1.4998063943873328,-0.0005514350403122703,-0.00019360561266723586,0,0,FOLLOWING,1.499823552566625,0.25437956324946676,0
6.016,1.5098086594860394,0.12736169111854231,0.135391505515889,2.996,0.3289699952404673,0.2538852031524387,0.008055330894592613,0.2539033970127394,0.0077001164257918505,1.4998035234355205,-0.0005602061470994235,-0.00019647656447951967,0,0,FOLLOWING,1.4998207952389102,0.2543531153327057,0
6.048,1.5178585041019999,0.12845910750859746,0.13563335604620871,3.004,0.3304134613535519,0.25386612875178466,0.007897989640982317,0.25388450754668196,0.007557829109813694,1.499800689047341,-0.0005689528662034538,-0.00019931095265901533,0,0,FOLLOWING,1.4998180739321219,0.2543266185694732,0
6.08,1.5259074802563095,0.12955837352310204,0.13587066413862436,3.012,0.33185205532788753,0.2538468686138827,0.007741024733531591,0.2538654318862808,0.007415877923281707,1.499797890029282,-0.000577675206020728,-0.00020210997071790082,0,0,FOLLOWING,1.4998153874432902,0.25430007450759917,0
6.112,1.5339555866326118,0.13065945147828945,0.13610344053600068,3.02,0.3332857559505692,0.2538274233117752,0.0075844356261974225,0.2538461704693952,0.007274262451355411,1.4997951252636201,-0.0005863731750767043,-0.00020487473637986753,0,0,FOLLOWING,1.4998127346453045,0.2542734846981585,0
6.144,1.5420028219463098,0.13176230378687956,0.13633169596807457,3.028,0.3347145420808468,0.2538077935479192,0.007428221778040467,0.25382672387151856,0.0071329822837847105,1.499792393703896,-0.0005950467820226291,-0.000207606296104057,0,0,FOLLOWING,1.4998101144823892,0.2542468506953819,0
6.176,1.5500491849480749,0.13286689295861823,0.13655544115160173,3.036,0.3361383926504375,0.25378798014630904,0.007272382653253671,0.2538070927973969,0.006992037014904611,1.4997896943706615,-0.0006036960356285703,-0.00021030562933854746,0,0,FOLLOWING,1.4998075259658523,0.25422017405656916,0
6.208,1.5580946744271107,0.13397318160078744,0.13677468679050472,3.044,0.3375572866638362,0.25376798404506073,0.007116917721191879,0.2537872780731764,0.00685142624368258,1.4997870263474733,-0.0006123209447769229,-0.00021297365252670453,0,0,FOLLOWING,1.4998049681700774,0.2541934563419998,0
6.24,1.5661392892141832,0.1350811324186865,0.1369894435760213,3.052,0.33897120319862495,0.2537478062894345,0.00696182645640469,0.2537672806389847,0.006711149573714912,1.4997843887771272,-0.0006209215184546091,-0.00021561122287283574,0,0,FOLLOWING,1.4998024402287593,0.2541666991148469,0
6.272,1.5741830281844353,0.1361907082160861,0.13719972218685256,3.06,0.34038012140578183,0.2537274480252651,0.00680710833866607,0.25374710154196894,0.006571206613223021,1.499781780858111,-0.0006294977657427814,-0.000218219141888909,0,0,FOLLOWING,1.4997999413313563,0.254139903941086,0
6.304,1.5822258902599986,0.13730187189565646,0.13740553328931157,3.068,0.3417840205099879,0.2537069104927798,0.006652762853012442,0.25372674192973144,0.006431596975087006,1.499779201841267,-0.0006380496958062754,-0.00022079815873299324,0,0,FOLLOWING,1.4997974707197546,0.254113072389407,0
6.336,1.5902678744124088,0.13841458645937088,0.1376068875374734,3.076,0.34318287980993417,0.25368619502077827,0.0064987894897762365,0.25370620304415453,0.006292320276864458,1.4997766510266535,-0.000646577317882674,-0.0002233489733465266,0,0,FOLLOWING,1.499795027685127,0.25408620603112336,0
6.368,1.598308979664845,0.1395288150088857,0.1378037955733247,3.084,0.34457667867862607,0.2536653030211551,0.006345187744622511,0.253685486215585,0.006153376140791822,1.49977412776059,-0.0006550806412700118,-0.00022587223940995216,0,0,FOLLOWING,1.4997926115649824,0.2540593064400857,0
6.4,1.6063492050941979,0.14064452074589756,0.1379962680269154,3.092,0.3459653965636884,0.25364423598374175,0.006191957118588221,0.2536645928573708,0.006014764193838635,1.4997716314328746,-0.0006635596753148121,-0.000228368567125381,0,0,FOLLOWING,1.4997902217403793,0.25403237519258737,0
6.432,1.6143885498329769,0.14176166697247983,0.13818431551650848,3.1,0.34734901298766785,0.25362299547145306,0.006039097118118836,0.25364352446069316,0.00587648406766987,1.49976916147417,-0.0006720144293977659,-0.00023083852583005715,0,0,FOLLOWING,1.499787857633314,0.25400541386728004,0
6.464,1.6224270130710696,0.1428802170913986,0.1383679486487333,3.108,0.34872750754833515,0.25360158311571607,0.005886607255107912,0.25362228258973823,0.005738535398727785,1.4997667173535378,-0.0006804449129217406,-0.0002332826464621629,0,0,FOLLOWING,1.499785518704256,0.25397842404507687,0
6.496,1.6304645940573606,0.14400013460640865,0.13854717801873762,3.116,0.3501008599189859,0.25358000061216734,0.005734487046936564,0.25360086887712013,0.005600917828209923,1.4997642985761241,-0.0006888511352970418,-0.0002357014238758559,0,0,FOLLOWING,1.4997832044498316,0.2539514073090668,0
6.5280000000000005,1.638501292101215,0.14512138312253187,0.13872201421034144,3.124,0.35146904984874017,0.25355824971660146,0.00558273601651344,0.2535792850195791,0.005463631002124589,1.4997619046809765,-0.000697233105928563,-0.00023809531902352354,0,0,FOLLOWING,1.4997809144006429,0.25392436524441986,0
6.5600000000000005,1.6465371065738417,0.1462439263463173,0.13889246779619077,3.132,0.35283205716284144,0.2535363322411568,0.005431353692312315,0.25355753277394394,0.005326674571284724,1.4997595352389927,-0.0007055908342011308,-0.000240464761007253,0,0,FOLLOWING,1.4997786481192155,0.2538972994382989,0
6.5920000000000005,1.654572036909537,0.14736772808608464,0.13905854933791287,3.14,0.3541898617629537,0.2535142500507232,0.0052803396084143295,0.2535356139533212,0.00519004819134581,1.499757189850989,-0.0007139243294660702,-0.00024281014901106346,0,0,FOLLOWING,1.499776405198067,0.25387021147976685,0
6.6240000000000006,1.6626060826068194,0.14849275225215172,0.13922026938627183,3.148,0.355542443627458,0.25349200505956,0.005129693304544406,0.25351353042349706,0.005053751522839447,1.499754868145881,-0.0007222336010274111,-0.0002451318541190073,0,0,FOLLOWING,1.49977418525789,0.2538431029596948,0
6.656000000000001,1.6706392432294621,0.14961896285704668,0.1393776384813249,3.156,0.3568897828117478,0.2534695992281098,0.004979414326111413,0.25349128409957405,0.004917784231171612,1.499752569778975,-0.0007305186581278988,-0.0002474302210249135,0,0,FOLLOWING,1.4997719879458402,0.2538159754706701,0
6.688,1.678671518407427,0.15074632401570529,0.13953066715257914,3.164,0.3582318594485228,0.2534470345599996,0.004829502224245571,0.25346887694277587,0.004782145986645907,1.4997502944303567,-0.0007387795099351169,-0.00024970556964332147,0,0,FOLLOWING,1.499769812933928,0.2537888306069046,0
6.72,1.686702907837709,0.15187479994565467,0.13967936591914984,3.1719999999999997,0.359568653748082,0.25342431309921465,0.004679956555836344,0.25344631095745856,0.004646836464522588,1.499748041803376,-0.000747016165528719,-0.00025195819662404695,0,0,FOLLOWING,1.4997676599175036,0.25376166996414273,0
6.752,1.6947334112850947,0.15300435496718331,0.13982374528991878,3.1799999999999997,0.3609001459986157,0.25340143692743694,0.004530776883569349,0.2534235881882874,0.004511855344997347,1.4997458116232216,-0.0007552286338867176,-0.0002541883767783748,0,0,FOLLOWING,1.4997655286138285,0.2537344951395675,0
6.784,1.702763028582841,0.15413495350349862,0.13996381576369296,3.1879999999999997,0.3622263165664959,0.2533784081615381,0.004381962775962281,0.2534007107175752,0.004377202313236564,1.4997436036355782,-0.000763416923872301,-0.0002563963644217626,0,0,FOLLOWING,1.4997634187607367,0.2537073077317088,0
6.816,1.7107917596332771,0.1552665600808723,0.1400995878293657,3.1959999999999997,0.3635471458965658,0.25335522895121787,0.00423351380739856,0.25337768066277666,0.004242877059432751,1.4997414176053634,-0.0007715810442224802,-0.00025858239463660837,0,0,FOLLOWING,1.49976133011537,0.25368010934035035,0
6.848,1.7188196044083386,0.15639913932877397,0.14023107196607548,3.2039999999999997,0.36486261451242846,0.2533319014767777,0.004085429558163057,0.2533545001741396,0.004108879278745945,1.4997392533155387,-0.0007797210035335732,-0.00026074668446129934,0,0,FOLLOWING,1.4997592624529885,0.2536529015664363,0
6.88,1.7268465629500316,0.15753265597999355,0.14035827864336808,3.2119999999999997,0.36617270301673355,0.25330842794702507,0.003937709614474076,0.2533311714324702,0.003975208671405346,1.4997371105659907,-0.0007878368102507693,-0.00026288943400931686,0,0,FOLLOWING,1.4997572155658538,0.2536256860119782,0
6.912,1.7348726353708372,0.15866707487075343,0.14048121832135807,3.2199999999999998,0.36747739209146396,0.2532848105972969,0.0037903535685163015,0.25330769664703995,0.003841864942684223,1.4997349891724787,-0.0007959284726554161,-0.0002650108275212837,0,0,FOLLOWING,1.499755189262175,0.25359846427996086,0
6.944,1.7428978218540567,0.1598023609408099,0.14059990145089177,3.2279999999999998,0.36877666249822,0.25326105168759744,0.003643361018469232,0.2532840780536232,0.003708847802942371,1.4997328889656425,-0.0008039959988548063,-0.0002671110343575034,0,0,FOLLOWING,1.4997531833651172,0.25357123797424924,0
6.976,1.7509221226541014,0.16093847923354548,0.14071433847370846,3.2359999999999998,0.3700704950785035,0.2532371535008428,0.0034967315685394437,0.25326031791262205,0.003576156967590375,1.4997308097900686,-0.0008120393967691596,-0.00026919020993143583,0,0,FOLLOWING,1.4997511977118694,0.25354400869949417,0
7.008,1.7589455380967316,0.16207539489605147,0.1408245398226048,3.2439999999999998,0.3713588707540002,0.25321311834120636,0.003350464828987833,0.2532364185073223,0.003443792157168244,1.4997287515034146,-0.0008200586741219651,-0.00027124849658544115,0,0,FOLLOWING,1.4997492321527666,0.2535167780610379,0
7.04,1.7669680794895601,0.16321307314131445,0.14093046458798358,3.252,0.3726417705268611,0.25318894582970997,0.003204584180646286,0.2532127198159984,0.003310148921862079,1.4997267031774595,-0.0008280014639034661,-0.00027329682254051413,0,0,FOLLOWING,1.4997472757524921,0.2534895476648206,0
7.072,1.7749897368594896,0.16435147894260493,0.14103188145677092,3.26,0.3739191754799826,0.2531646380444908,0.0030592182811937842,0.25318856118362604,0.0031692771529974214,1.4997246750869406,-0.0008356267639984817,-0.00027532491305937157,0,0,FOLLOWING,1.4997453387785107,0.25346231911728623,0
7.104,1.7830105105344045,0.1654905751771633,0.1411287860820003,3.268,0.37519106677728525,0.25314019719555814,0.002914479822106328,0.2531642525996444,0.003028269541477261,1.499722667695805,-0.0008429181430908704,-0.0002773323041949105,0,0,FOLLOWING,1.4997434216879229,0.2534350940252861,0
7.136,1.791030401371143,0.1666303247336703,0.14122118177118947,3.276,0.376457425663992,0.25311562554736466,0.002770464984323084,0.2531398098827016,0.0028873652899191176,1.4997206810392298,-0.0008498667288002748,-0.0002793189607701585,0,0,FOLLOWING,1.499741524509155,0.25340787399598685,0
7.168,1.799049410339018,0.1677706905899682,0.14130907803643372,3.284,0.3777182334669039,0.25309092541615963,0.0026272536140116523,0.2531152365529564,0.002746758291363466,1.4997187151244598,-0.0008564698476306032,-0.00028128487554024417,0,0,FOLLOWING,1.4997396472427846,0.25338066063677356,0
7.2,1.8070675384755661,0.16891163585766017,0.14139248947038793,3.292,0.37897347159467654,0.25306609917399214,0.002484909863366506,0.2530905349967107,0.0026066073133024148,1.499716769967656,-0.000862729934318046,-0.00028323003234409505,0,0,FOLLOWING,1.4997377898983817,0.2533534555551555,0
7.232,1.815084786879002,0.17005312381933663,0.14147143476098617,3.3,0.3802231215380931,0.25304114925003823,0.002343483152537789,0.2530657075495936,0.002467040333204638,1.4997148455954152,-0.000868653571634792,-0.00028515440458476426,0,0,FOLLOWING,1.4997359524960272,0.2533262603586714,0
7.264,1.8231011567052484,0.1711951179578922,0.14154593583159603,3.308,0.38146716487033816,0.2530160781292082,0.0022030093398400417,0.2530407566016317,0.0023281584583715736,1.4997129420428565,-0.0008742506499790083,-0.00028705795714345506,0,0,FOLLOWING,1.4997341350643936,0.25329907665479356,0
7.296,1.8311166491662056,0.17233758197885152,0.14161601709448296,3.316,0.3827055832472689,0.2529908883487363,0.002063512012974241,0.2530156846046762,0.0021900394668543073,1.4997110593514558,-0.0008795336355451598,-0.0002889406485442336,0,0,FOLLOWING,1.4997323376385803,0.25327190605083266,0
7.328,1.839131265528749,0.17348047982675496,0.141681704806408,3.324,0.38393835840768564,0.2529655824933841,0.0019250038345788312,0.25299049406875174,0.0020527409991416847,1.499709197566995,-0.0008845169366394068,-0.00029080243300505515,0,0,FOLLOWING,1.4997305602580582,0.253244750153843,0
7.36,1.8471450071142608,0.17462377569654222,0.14174302651604315,3.332,0.38516547217360136,0.25294016318976825,0.001787487891938512,0.2529651875563552,0.0019163034274478387,1.499707356737689,-0.0008892163584612311,-0.0002926432623109321,0,0,FOLLOWING,1.4997288029647982,0.25321761057052616,0
7.392,1.8551578752985554,0.17576743404074752,0.1418000105936885,3.34,0.3863869064505096,0.2529146331002129,0.0016509590138699005,0.2529397676759493,0.0017807524276528216,1.499705536912519,-0.0008936486373864737,-0.000294463087481045,0,0,FOLLOWING,1.4997270658016009,0.2531904889071351,0
7.424,1.8631698715120875,0.17691141957320902,0.14185268583451408,3.348,0.38760264322765114,0.25288899491643646,0.0015154050282846713,0.25291423707512256,0.0016461012769327637,1.4997037381397822,-0.0008978310464492767,-0.00029626186021780576,0,0,FOLLOWING,1.4997253488106475,0.2531633867693792,0
7.456,1.8711809972403601,0.1780556972699016,0.14190108112724215,3.356,0.38881266457827984,0.25286325135330984,0.0013808079422595258,0.2528885984336996,0.0015123528988034267,1.499701960465864,-0.0009017810643476843,-0.0002980395341360964,0,0,FOLLOWING,1.4997236520322708,0.25313630576232804,0
7.488,1.8791912540244597,0.1792002323674192,0.14194522518084188,3.364,0.3900169526599268,0.25283740514285774,0.001247145032934623,0.25286285445700796,0.0013795016759714693,1.4997002039342215,-0.0009055161009004497,-0.0002997960657784571,0,0,FOLLOWING,1.4997219755039393,0.25310924749031494,0
7.5200000000000005,1.8872006434616668,0.18034499035956147,0.14198514630241876,3.372,0.39121548971466347,0.25281145902862884,0.0011143898426740782,0.25283700786947694,0.0012475350502026117,1.4996984685845745,-0.0009090532724415901,-0.00030153141542554884,0,0,FOLLOWING,1.499720319259448,0.2530822135568422,0
7.5520000000000005,1.8952091672060971,0.18148993699241778,0.14202087222006315,3.38,0.3924082580693636,0.252785415760518,0.0009825130758226073,0.25281106140866466,0.001116434927264593,1.499696754452289,-0.0009124092211807711,-0.0003032455477109952,0,0,FOLLOWING,1.4997186833283018,0.2530552055644838,0
7.5840000000000005,1.9032168269693477,0.18263503825828634,0.1420524299449697,3.388,0.3935952401359637,0.25275927809009135,0.0008514833973710543,0.2527850178197901,0.000986178904170525,1.4996950615679316,-0.0009155999730676712,-0.0003049384320683579,0,0,FOLLOWING,1.499717067735272,0.2530282251147902,0
7.6160000000000005,1.9112236245211163,0.18378026038871925,0.1420798456676527,3.396,0.39477641841172256,0.25273304876644026,0.0007212681360552075,0.25275887985081874,0.0008567413346539643,1.4996933899569869,-0.0009186408291793068,-0.00030661004301313355,0,0,FOLLOWING,1.4997154725001123,0.2530012738081911,0
7.648000000000001,1.9192295616897812,0.18492556984694072,0.14210314468357033,3.404,0.39595177547947924,0.25270673053257026,0.0005918338960140761,0.25273265024810826,0.0007280942482168709,1.4996917396397118,-0.0009215462861081604,-0.0003082603602881928,0,0,FOLLOWING,1.4997138976374151,0.2529743532439,0
7.68,1.9272346403629297,0.18607093331985058,0.14212235134392262,3.412,0.3971212940079098,0.25268032612231484,0.0004631470822605227,0.2527063317526321,0.0006002081367842484,1.4996901106311125,-0.0009243299812572991,-0.00030988936888753926,0,0,FOLLOWING,1.499712343156588,0.25294746501981724,0
7.712,1.935238862487824,0.18721631770979066,0.14213748902781578,3.42,0.398284956751783,0.2526538382577528,0.00033517434593003753,0.2526799270967499,0.0004730526224296695,1.4996885029410238,-0.0009270046593528591,-0.0003114970589761512,0,0,FOLLOWING,1.4997108090619344,0.252920610732434,0
7.744,1.9432422300718022,0.18836169012622386,0.1421485801323846,3.428,0.39944274655221457,0.2526272696471031,0.0002078829557180405,0.25265343900150306,0.0003465970185342393,1.4996869165742788,-0.0009295821568653939,-0.0003130834257212278,0,0,FOLLOWING,1.499709295352826,0.25289379197673567,0
7.776,1.9512447451826112,0.18950701787744956,0.14215564607782846,3.436,0.40059464633692027,0.252600622983057,8.124110208602215e-05,0.25262687017441254,0.00022081079587885167,1.4996853515309445,-0.0009320734013767429,-0.0003146484690554896,0,0,FOLLOWING,1.4997078020239347,0.2528670103461057,0
7.808,1.959246409948671,0.1906522684624576,0.1421587073246677,3.444,0.40174063912046754,0.25257390094151505,-4.4781859167761536e-05,0.25260022330773624,9.566396448007093e-05,1.49968380780662,-0.0009344884232675987,-0.00031619219338008264,0,0,FOLLOWING,1.4997063290655346,0.25284026743222926,0
7.84,1.9672472265592733,0.19179740956300206,0.14215778340083338,3.452,0.4028807080045258,0.2525471061806844,-0.00017021521751904426,0.2525735010771324,-2.8872619069156036e-05,1.4996822853927705,-0.0009368363773913646,-0.0003177146072295134,0,0,FOLLOWING,1.499704876463837,0.2528135648249963,0
7.872,1.975247197264713,0.19294240903595986,0.14215289293650313,3.46,0.4040148361781161,0.2525202413404992,-0.00029508676628510326,0.25254670614070573,-0.00015282700956631952,1.4996807842770976,-0.000939125572690297,-0.0003192157229023884,0,0,FOLLOWING,1.499703444201361,0.2527869041124057,0
7.904,1.9832463243763605,0.19408723490602414,0.14214405370485694,3.468,0.40514300691785854,0.2524933090423216,-0.0004194227032498314,0.25251984113838905,-0.00027622598819298627,1.4996793044439265,-0.0009413635079601468,-0.00032069555607350253,0,0,FOLLOWING,1.4997020322573194,0.252760286880468,0
7.936,1.9912446102666748,0.19523185535876886,0.14213128266717093,3.476,0.40626520358821916,0.25246631188888635,-0.0005432475677956067,0.2524929086916057,-0.0003990949269402921,1.4996778458746036,-0.0009435569122050458,-0.0003221541253963789,0,0,FOLLOWING,1.4997006406080207,0.2527337147131093,0
7.968,1.9992420573691636,0.1963762387341103,0.14211459602088886,3.484,0.40738140964175495,0.25243925246445076,-0.0006665842093920047,0.2524659114031861,-0.0005214576955760937,1.4996764085478969,-0.0009457117882392118,-0.00032359145210314466,0,0,FOLLOWING,1.499699269227267,0.2527071891920745,0
8.0,2.0072386681782923,0.19752035352018144,0.14209400924951018,3.492,0.4084916086193583,0.2524121333351179,-0.0007894537827007516,0.252438851857507,-0.0006433366048535112,1.4996749924403932,-0.0009478334583839232,-0.00032500755960684913,0,0,FOLLOWING,1.4996979180867531,0.25268071189683133,0
8.032,2.0152344452493485,0.1986641683476266,0.1420695371733126,3.5,0.40959578415049913,0.25238495704929886,-0.0009118757649682312,0.25241173262078637,-0.0007647523804616245,1.499673597526882,-0.000949926611282681,-0.00032640247311799264,0,0,FOLLOWING,1.4996965871564518,0.25265428440447335,0
8.064,2.0232293911982664,0.19980765198431824,0.14204119400008824,3.508,0.4106939199534668,0.25235772613828567,-0.0010338679917969687,0.25238455624153927,-0.000885724162568469,1.4996722237807254,-0.0009519953490139121,-0.0003277762192746003,0,0,FOLLOWING,1.499695276404982,0.2526279082896237,0
8.096,2.0312235087014114,0.20095077333049,0.1420089933752188,3.516,0.41178599983561004,0.25233044311690944,-0.001155446707773184,0.2523573252511508,-0.0010062695265051042,1.4996708711742097,-0.0009540432338228377,-0.00032912882579028135,0,0,FOLLOWING,1.499693985799963,0.252601585124339,0
8.128,2.0392168004953333,0.20209350141427757,0.14197294843053698,3.524,0.41287200769357535,0.2523031104842598,-0.0012766266288316195,0.2523300421645146,-0.0011264045206786375,1.4996695396788744,-0.0009560733339138983,-0.000330460321125603,0,0,FOLLOWING,1.4996927153083435,0.2525753164780124,0
8.16,2.04720926937649,0.20323580538765407,0.1419330718315381,3.532,0.413951927513545,0.2522757307244445,-0.0013974210135810042,0.25230270948076233,-0.001246143718129681,1.4996682292658166,-0.00095808826785726,-0.00033177073418344527,0,0,FOLLOWING,1.499691464896706,0.2525491039172777,0
8.192,2.055200918200945,0.20437765452274376,0.14188937582260297,3.54,0.41502574337147285,0.2522483063073705,-0.0015178417411772689,0.25227532968402006,-0.0013655002786899428,1.4996669399059708,-0.0009600902472612638,-0.000333060094029225,0,0,FOLLOWING,1.4996902345315468,0.25252294900591293,0
8.224,2.063191749884043,0.20551901820849586,0.1418418722699801,3.548,0.4160934394333193,0.2522208396895331,-0.0016378993936373555,0.2522479052441749,-0.0014844860189930295,1.4996656715703602,-0.0009620811174453625,-0.00033432842963976306,0,0,FOLLOWING,1.4996890241795287,0.2524968533047442,0
8.256,2.071181767400061,0.2066598659476991,0.14179057270234258,3.556,0.4171549999552845,0.252193333314798,-0.001757603340781739,0.2522204386176821,-0.0016031114882737688,1.499664424230327,-0.0009640623959160655,-0.0003355757696730244,0,0,FOLLOWING,1.4996878338077104,0.2524708183715494,0
8.288,2.0791709737818502,0.20780016735431564,0.14173548834881083,3.564,0.4182104092840411,0.2521657896151654,-0.0018769618262690143,0.25219293224834527,-0.0017213860475516199,1.4996631978577273,-0.0009660353085223228,-0.00033680214227271854,0,0,FOLLOWING,1.4996866633837431,0.25244484576096216,0
8.32,2.0871593721204555,0.20893989215111322,0.14167663017437337,3.572,0.4192596518569641,0.2521382110115082,-0.001995982053427782,0.25216538856807413,-0.0018393179509510907,1.499661992425109,-0.0009680008232098858,-0.0003380075748911082,0,0,FOLLOWING,1.4996855128760473,0.25241893702437607,0
8.352,2.095146965564729,0.21007901016757352,0.1416140089126916,3.58,0.4203027122023615,0.2521105999142751,-0.0021146702698084693,0.25213780999763663,-0.00195691442744378,1.4996608079058558,-0.0009699596813430023,-0.0003391920941442361,0,0,FOLLOWING,1.499684382253958,0.25239309370984825,0
8.384,2.103133757320927,0.21121749133805554,0.14154763509630872,3.588,0.4213395749397015,0.2520829587241543,-0.0022330318495800386,0.25211019894735665,-0.0020741817619769442,1.499659644274315,-0.0009719124266025225,-0.00034035572568491546,0,0,FOLLOWING,1.4996832714878519,0.2523673173620042,0
8.416,2.111119750652304,0.21235530570019248,0.1414775190843154,3.596,0.42237022477983965,0.25205528983269415,-0.00235107137307485,0.2520825578177814,-0.0021911253749364776,1.4996585015058952,-0.0009738594314966652,-0.00034149849410480826,0,0,FOLLOWING,1.499682180549246,0.25234160952194146,0
8.448,2.119104948878693,0.21349242339350127,0.14140367108754684,3.604,0.42339464652524433,0.2520275956228756,-0.002468792702935553,0.25205488900030604,-0.0023077498993147676,1.4996573795771475,-0.0009758009215456165,-0.00034262042285249095,0,0,FOLLOWING,1.4996811094108795,0.25231597172713416,0
8.48,2.1270893553760875,0.21462881465818545,0.14132610119140937,3.612,0.42441282507022093,0.25199987846963623,-0.0025861990564550494,0.25202719487774994,-0.002424059254759477,1.4996562784658227,-0.000977736997225198,-0.000343721534177277,0,0,FOLLOWING,1.4996800580467688,0.2522904055113378,0
8.512,2.1350729735762095,0.21576444983411147,0.14124481937644573,3.62,0.4254247454011343,0.25197214074034524,-0.0027032930738241216,0.25199947782488236,-0.002540056718262106,1.4996551981509123,-0.000979667653766475,-0.00034480184908769473,0,0,FOLLOWING,1.4996790264322521,0.25226491240449334,0
8.544,2.1430558069660823,0.21689929935994134,0.14115983553676034,3.628,0.42643039259663024,0.2519443847952283,-0.0028200768821000153,0.25197174020889523,-0.002655744991013435,1.499654138612672,-0.0009815927989192674,-0.00034586138732795035,0,0,FOLLOWING,1.4996780145440098,0.25223949393263223,0
8.576,2.151037859087596,0.2180333337724037,0.1410711594964355,3.636,0.42742975182785575,0.2519166129877424,-0.0029365521547960096,0.25194398438983817,-0.0027711262612156043,1.4996530998326263,-0.0009835122688001408,-0.0003469001673737093,0,0,FOLLOWING,1.4996770223600708,0.25221415161778127,0
8.608,2.1590191335370688,0.219166523705688,0.14097880102406907,3.644,0.4284228083586775,0.2518888276649042,-0.0030527201670685782,0.2519162127209868,-0.0028862022627512496,1.4996520817935644,-0.0009854258419451367,-0.00034791820643564897,0,0,FOLLOWING,1.4996760498598085,0.2521888869778674,0
8.64,2.166999633964811,0.22029883989094673,0.14088276984556944,3.652,0.42940954754589916,0.25186103116757136,-0.0031685818465394537,0.25188842754917523,-0.003000974329667684,1.4996510844795201,-0.0009873332516923128,-0.0003489155204798866,0,0,FOLLOWING,1.4996750970239205,0.252163701526623,0
8.672,2.174979364074685,0.22143025315589213,0.14078307565534182,3.66,0.430389954839477,0.2518332258306791,-0.003284137819837657,0.2518606312150854,-0.003115443446439186,1.4996501078757405,-0.0009892341970196838,-0.0003498921242595099,0,0,FOLLOWING,1.4996741638343971,0.252138596773491,0
8.704,2.182958327623664,0.22256073442447447,0.1406797281259994,3.668,0.4313640157827353,0.2518054139834356,-0.0033993884549928435,0.25183282605347446,-0.0032296102940726035,1.4996491519686472,-0.0009911283519631056,-0.00035084803135276843,0,0,FOLLOWING,1.4996732502744827,0.25211357422353053,0
8.736,2.1909365207736093,0.22369025474241952,0.14057276503605204,3.676,0.43233171601257847,0.25177759982657716,-0.003514346971714686,0.2518047776849846,-0.003342596563292517,1.4996482243156026,-0.0009930442195975053,-0.0003517756843973707,0,0,FOLLOWING,1.4996723638983178,0.25208863537732235,0
8.768,2.198913951394822,0.22481878543070802,0.14046239593900284,3.684,0.43329304125970364,0.2517497866968913,-0.0036291147663594834,0.2517768503948409,-0.0034490342855358984,1.4996473209075507,-0.0009951811101110153,-0.00035267909244929285,0,0,FOLLOWING,1.4996715006938692,0.25206378173087424,0
8.8,2.2068906266829225,0.22594629967510632,0.14034865151964435,3.692,0.4342479773488105,0.2517219769810935,-0.0037437846766821023,0.251749031406715,-0.0035545131080377533,1.4996464382099945,-0.00099756069789117,-0.0003535617900054522,0,0,FOLLOWING,1.4996706571235279,0.25203901477552815,0
8.832,2.2148665505744773,0.22707277094885828,0.14023154716109087,3.7,0.43519651019881095,0.2516941730024286,-0.0038584357567675,0.25172122134221153,-0.003659511208239303,1.4996455759418403,-0.0010001897859091,-0.0003544240581596636,0,0,FOLLOWING,1.4996698329030929,0.25201433599786516,0
8.864,2.222841726892623,0.22819817282483976,0.14011109340837197,3.708,0.43613862582303614,0.25166637705733236,-0.003973133582055964,0.2516934175101754,-0.0037641797762888525,1.4996447339861472,-0.0010030703530478358,-0.0003552660138528285,0,0,FOLLOWING,1.499669027912589,0.2519897468796122,0
8.896,2.230816159499563,0.22932247894662663,0.13998729687880382,3.716,0.43707431032944283,0.2516385914138156,-0.00408793089888013,0.25166562173478846,-0.0038686415532215497,1.4996439122426841,-0.0010062004311039707,-0.0003560877573158816,0,0,FOLLOWING,1.499668242048832,0.25196524889754845,0
8.928,2.2387898523136376,0.23044566300143388,0.139860161042829,3.724,0.43800354992081875,0.2516108183086705,-0.004202868502823106,0.2516378362496557,-0.003972994878846266,1.4996431106143178,-0.0010095748660646497,-0.00035688938568223527,0,0,FOLLOWING,1.4996674752118184,0.25194084352341234,0
8.96,2.2467628093124876,0.23156769869816451,0.13972968689740844,3.732,0.4389263308949853,0.2515830599465934,-0.004317976257549224,0.25161006329759916,-0.004077317049462584,1.4996423290064438,-0.0010131859766023266,-0.0003576709935562139,0,0,FOLLOWING,1.4996667273041593,0.2519165322238082,0
8.992,2.2547350345341575,0.23268855975070832,0.13959587354423553,3.74,0.4398426396450001,0.2515553185009676,-0.004433274186926579,0.25158230509121354,-0.0041816672921838275,1.499641567327707,-0.0010170241210492317,-0.00035843267229296316,0,0,FOLLOWING,1.4996659982318037,0.25189231646011356,0
9.024000000000001,2.2627065320774773,0.2338082198657383,0.13945871868373816,3.748,0.44075246265935736,0.25152759611582987,-0.004548773590182896,0.2515545638101875,-0.004286089396556525,1.4996408254908036,-0.0010210781831981042,-0.0003591745091964249,0,0,FOLLOWING,1.4996652879048413,0.2518681976883865,0
9.056000000000001,2.2706773061019647,0.23492665273425972,0.13931821903470143,3.7560000000000002,0.4416557865221874,0.2514998949086229,-0.00466447814317582,0.2515268416032167,-0.0043906140389169835,1.4996401034132236,-0.0010253359862464617,-0.0003598965867763759,0,0,FOLLOWING,1.499664596238247,0.2518441773592731,0
9.088000000000001,2.278647360827385,0.23604383202626608,0.13917437068832994,3.7640000000000002,0.4425525979134543,0.2514722169734137,-0.00478038495939052,0.2514991405910103,-0.004495260831157175,1.4996394010178922,-0.0010297846432648639,-0.00036059898210782926,0,0,FOLLOWING,1.4996639231525224,0.2518202569179158,0
9.120000000000001,2.286616700533061,0.23715973138795338,0.13902716940465382,3.7720000000000002,0.44344288360915207,0.2514445643843348,-0.004896485592486184,0.25147146286977967,-0.00460004012248448,1.499638718233697,-0.001034410851722567,-0.0003612817663030121,0,0,FOLLOWING,1.4996632685742235,0.25179643780386074,0
9.152000000000001,2.2945853295570022,0.23827432444102511,0.1388766108583748,3.7800000000000002,0.44432663048150034,0.2514169391990623,-0.005012766968604569,0.2514438105149001,-0.004704954579408196,1.4996380549958974,-0.0010392011388505873,-0.0003619450041025818,0,0,FOLLOWING,1.4996626324363704,0.25177272145096685,0
9.184000000000001,2.3025532522949215,0.23938758478368927,0.13872269084051592,3.7880000000000003,0.44520382549913706,0.2513893434621922,-0.005129212241567002,0.25141618558459733,-0.0048100005668870955,1.4996374112464104,-0.0010441420639383525,-0.00036258875358963216,0,0,FOLLOWING,1.4996620146787332,0.251749109287314,0
9.216000000000001,2.310520473199172,0.2404994859930085,0.13856540542156637,3.7960000000000003,0.4460744557273113,0.251361779208419,-0.005245801567821001,0.25138859012348924,-0.0049151693516076515,1.4996367869339802,-0.0010492203830265168,-0.0003632130660198296,0,0,FOLLOWING,1.4996614152480017,0.2517256027351119,0
9.248,2.318486996777643,0.24161000162831614,0.13840475108121744,3.8040000000000003,0.44693850832807375,0.25133424846544566,-0.0053625128008060316,0.2513610261658901,-0.005020448146003854,1.499636182014244,-0.0010544231808999882,-0.00036381798575590985,0,0,FOLLOWING,1.4996608340978503,0.25170220321060965,0
9.28,2.326452827592646,0.24271910523545176,0.13824072480924313,3.812,0.447795970560466,0.2513067532565864,-0.005479322106458678,0.251333495738855,-0.005125821009992859,1.4996355964496901,-0.001059737974768632,-0.0003644035503098664,0,0,FOLLOWING,1.4996602711888964,0.2516789121240044,0
9.312,2.3344179702598007,0.24382677035160946,0.13807332418157534,3.82,0.44864682978070863,0.2512792956030373,-0.005596204503058645,0.2513060008648668,-0.005231269626137033,1.499635030209534,-0.0010651527935486849,-0.00036496979046596323,0,0,FOLLOWING,1.4996597264885745,0.25165573087935256,0
9.344,2.342382429446942,0.24493297051062352,0.13790254741518487,3.828,0.44949107344238726,0.25125187752580674,-0.005713134329619211,0.25127854356417756,-0.005336773961977044,1.4996344832695103,-0.0010706562362377825,-0.0003655167304896789,0,0,FOLLOWING,1.4996591999709303,0.25163266087447755,0
9.376,2.350346209873055,0.24603767924854336,0.13772839340496684,3.836,0.45032868909663776,0.2512245010473124,-0.005830085647679617,0.2512511258568,-0.005442312832373733,1.4996339556116054,-0.001076237512484285,-0.00036604438839460407,0,0,FOLLOWING,1.49965869161635,0.25160970350088246,0
9.408,2.358309316307242,0.24714087010937447,0.13755086174546122,3.844,0.4511596643923301,0.25119716819265403,-0.00594703258172618,0.25122374976414,-0.005547864373425323,1.4996334472237292,-0.0010818864680992857,-0.00036655277627084537,0,0,FOLLOWING,1.499658201411233,0.2515868601436592,0
9.44,2.3662717535677307,0.24824251665088257,0.13736995273990574,3.852,0.4519839870762498,0.25116988099058246,-0.006063949603631436,0.2511964173103168,-0.005653406438332562,1.4996329580993466,-0.001087593597941,-0.0003670419006533976,0,0,FOLLOWING,1.4996577293476228,0.2515641321814004,0
9.472,2.3742335265209236,0.2493425924503761,0.1371856673988174,3.86,0.4528016449932794,0.25114264147418547,-0.00618081176649178,0.25116913052313544,-0.005758916924615121,1.4996324882370702,-0.0010933500483101821,-0.00036751176292981746,0,0,FOLLOWING,1.4996572754227977,0.25154152098610866,0
9.504,2.382194640080483,0.25044107111039876,0.1369980074300258,3.868,0.45361262608657704,0.25111545168131916,-0.006297594893128731,0.2511418914347993,-0.005864374041251741,1.499632037640235,-0.0010991476107364284,-0.00036796235976499503,0,0,FOLLOWING,1.4996568396388466,0.2515190279231117,0
9.536,2.390155099206462,0.2515379262642751,0.13680697522183397,3.876,0.4544169183977547,0.25108831365480755,-0.006414275724307552,0.2511147020823618,-0.005969756523456843,1.4996316063164494,-0.0011049787087920038,-0.0003683936835505719,0,0,FOLLOWING,1.4996564220022175,0.25149665435097146,0
9.568,2.3981149089044727,0.2526331315814677,0.13661257382076283,3.884,0.45521451006705416,0.25106122944243875,-0.006530832031460913,0.2510875645079071,-0.006075043801912539,1.4996311942771408,-0.0011108363793629614,-0.0003688057228592445,0,0,FOLLOWING,1.4996560225232642,0.2514744016213966,0
9.6,2.4060740742248865,0.2537266607727102,0.1364148069051415,3.892,0.45600538933352214,0.25103420109678515,-0.006647242698402482,0.25106048075857074,-0.0061802161326194255,1.4996308015371005,-0.0011167142496160687,-0.0003691984628995115,0,0,FOLLOWING,1.4996556412157893,0.25145227107915635,0
9.632,2.414032600262076,0.25481848759489234,0.13621367875562113,3.9,0.4567895445351838,0.25100723067487196,-0.0067634877761846785,0.2510334528863439,-0.006285254693009537,1.4996304281140291,-0.001122606510723406,-0.0003695718859708652,0,0,FOLLOWING,1.4996552780965897,0.25143026406199304,0
9.664,2.4219904921536832,0.25590858585567955,0.13600919422353785,3.908,0.4575669641092142,0.25098032023771816,-0.006879548514915692,0.25100648294774586,-0.006390141649180835,1.499630074028091,-0.0011285078892597777,-0.0003699259719089909,0,0,FOLLOWING,1.4996549331850104,0.25140838190053433,0
9.696,2.4299477550799202,0.2569969294178553,0.1358013586979062,3.916,0.4583376365921095,0.2509534718497738,-0.006995407376015351,0.2509795730033572,-0.006494860198682251,1.4996297393014841,-0.0011344136170454435,-0.0003702606985158674,0,0,FOLLOWING,1.4996546065025127,0.25138662591820904,0
9.728,2.437904394262892,0.2580834922033805,0.13559017807170345,3.924,0.45910155061985547,0.2509266875782734,-0.00711104802805244,0.2509527251172629,-0.006599394592674963,1.4996294239580223,-0.0011403194000927375,-0.0003705760419776549,0,0,FOLLOWING,1.4996542980722578,0.2513649974311595,0
9.76,2.4458604149659497,0.25916824819716927,0.1353756587079925,3.932,0.4598586949280953,0.2508999694925243,-0.007226455328989011,0.25092594135638285,-0.0067037301409926964,1.499629128022738,-0.0011462213872019678,-0.0003708719772619329,0,0,FOLLOWING,1.4996540079187077,0.25134349774815756,0
9.792,2.453815822493056,0.26025117145058113,0.13515780740633343,3.94,0.4606090583522955,0.2508733196631482,-0.007341615297346276,0.25089922378976875,-0.006807853203091868,1.4996288515215062,-0.0011521161386593426,-0.00037114847849384347,0,0,FOLLOWING,1.4996537360672488,0.25132212817051786,0
9.824,2.461770622188178,0.2613322360846383,0.13493663136985262,3.948,0.4613526298279108,0.2508467401612902,-0.00745651507452452,0.2508725744878345,-0.006911751167523351,1.49962859448069,-0.0011580005954094084,-0.00037140551931003074,0,0,FOLLOWING,1.4996534825438375,0.25130088999201416,0
9.856,2.4697248194346897,0.26241141629297154,0.13471213817326216,3.956,0.4620893983905472,0.25082023305780876,-0.007571142880235095,0.2508459955215576,-0.007015412422241043,1.4996283569268105,-0.001163872048999065,-0.0003716430731894871,0,0,FOLLOWING,1.4996532473746693,0.2512797844987947,0
9.888,2.477678419654796,0.26348868634450845,0.13448433573205415,3.964,0.46281935317612344,0.25079380042245825,-0.0076854879627568096,0.2508194889616701,-0.007118826317863094,1.4996281388862378,-0.0011697281125255254,-0.0003718611137621952,0,0,FOLLOWING,1.4996530305858689,0.25125881296929853,0
9.92,2.485631428308959,0.26456402058591116,0.13425323227304778,3.972,0.46354248342103144,0.250767444323075,-0.007799540545498869,0.25079305687782266,-0.007221983125423613,1.4996279403849118,-0.0011755666927727448,-0.00037205961508823826,0,0,FOLLOWING,1.4996528322032114,0.2512379766741719,0
9.952,2.493583850895346,0.26563739344377907,0.1340188363064104,3.98,0.4642587784622951,0.25074116682477404,-0.007913291771144712,0.2507667013377846,-0.007324873990287106,1.499627761448081,-0.0011813859636657376,-0.0003722385519189242,0,0,FOLLOWING,1.499652652251861,0.2512172768761853,0
9.984,2.5015356929492767,0.2667087794266267,0.13378115659923911,3.988,0.46496822773772706,0.2507149699891641,-0.008026733644462701,0.250740424406623,-0.0074274908834054895,1.499627602100071,-0.001187184341138292,-0.0003723978999290445,0,0,FOLLOWING,1.4996524907561373,0.2511967148301507,0
10.016,2.5094869600426875,0.26777815312665143,0.13354020215075277,3.996,0.46567082078608507,0.2506888558735863,-0.008139858974697194,0.2507142281459172,-0.007529826550969588,1.499627462364069,-0.0011929604594720091,-0.00037253763593092515,0,0,FOLLOWING,1.499652347739302,0.25117629178283923,0
10.048,2.5174376577835944,0.2688454892213046,0.1332959821691144,4.004,0.46636654724722576,0.2506628265303823,-0.00825266131830481,0.25068811461298757,-0.007631874463477669,1.499627342261938,-0.0011987131491367486,-0.0003726577380620544,0,0,FOLLOWING,1.4996522232233715,0.2511560089729002,0
10.08,2.5253877918155645,0.26991076247467877,0.13304850604988266,4.0120000000000005,0.4670553968622576,0.2506368840061936,-0.008365134922659225,0.2506620858601772,-0.007733628764808847,1.4996272418140506,-0.0012044414161399564,-0.0003727581859493956,0,0,FOLLOWING,1.4996521172289476,0.2511358676307803,0
10.112,2.533337367817194,0.2709739477387249,0.13279778335606846,4.02,0.4677373594736923,0.25061103034129606,-0.008477274671234863,0.2506361439341333,-0.00783508422208853,1.4996271610391338,-0.0012101444228677929,-0.00037283896086615087,0,0,FOLLOWING,1.4996520297750706,0.2511158689786395,0
10.144,2.541286391501585,0.27203501995431295,0.1325438237997616,4.0280000000000005,0.4684124250255942,0.2505852675689707,-0.008589076030668608,0.2506102908751377,-0.007936236176599226,1.4996270999541554,-0.0012158214703964498,-0.0003729000458445597,0,0,FOLLOWING,1.4996519608790921,0.251096014230276,0
10.176,2.549234868615829,0.27309395415214754,0.13228663722527262,4.036,0.469080583563729,0.25055959771491226,-0.00870053500000899,0.25058452871648806,-0.00803708049644251,1.4996270585741986,-0.0012214719822203346,-0.00037294142580135414,0,0,FOLLOWING,1.4996519105565653,0.25107630459104074,0
10.208,2.557182804940492,0.2741507254535526,0.13202623359373225,4.0440000000000005,0.4697418252357103,0.25053402279667597,-0.008811648062382698,0.2505588594838984,-0.008137613530982923,1.4996270369123845,-0.0012270954893554564,-0.00037296308761547436,0,0,FOLLOWING,1.4996518788211506,0.2510567412577634,0
10.24,2.5651302062891013,0.2752053090711347,0.13176262296908045,4.052,0.4703961402911448,0.2505085448231612,-0.008922412139236415,0.25053328519493734,-0.008237832067441248,1.4996270349797804,-0.0012326916167504642,-0.00037296502021955114,0,0,FOLLOWING,1.4996518656845392,0.2510373254186686,0
10.272,2.5730770785076333,0.2762576803093376,0.13149581550537123,4.0600000000000005,0.4710435190817763,0.25048316579413404,-0.00903282454725692,0.2505078078585222,-0.008337733289746765,1.4996270527853512,-0.0012382600709446856,-0.0003729472146487556,0,0,FOLLOWING,1.4996518711563906,0.25101805825330215,0
10.304,2.581023427474002,0.27730781456489767,0.13122582143531833,4.068,0.47168395206162783,0.2504578876997857,-0.009142882958020139,0.25048242947443217,-0.008437314739785857,1.499627090335898,-0.0012438006289002823,-0.0003729096641020835,0,0,FOLLOWING,1.4996518952442837,0.25099894093244846,0
10.336,2.5889692590975506,0.2783556873272114,0.1309526510600045,4.0760000000000005,0.47231742978714253,0.25043271252032634,-0.009252585360377196,0.25045715203286956,-0.008536574281023829,1.499627147636032,-0.0012493131279433523,-0.00037285236396789045,0,0,FOLLOWING,1.499651937953678,0.25097997461805827,0
10.368,2.596914579318542,0.27940127417862165,0.13067631473967364,4.084,0.4729439429173226,0.2504076422256131,-0.009361930025554029,0.25043197751405255,-0.008635510064676468,1.499627224688138,-0.0012547974567324314,-0.00037277531186208357,0,0,FOLLOWING,1.499651999287888,0.2509611604631664,0
10.4,2.6048593941076503,0.2804445507946341,0.13039682288553128,4.0920000000000005,0.47356348221386746,0.25038267877481096,-0.009470915474909624,0.2504069078878413,-0.008734120498197965,1.4996273214923677,-0.001260253547192669,-0.00037267850763234023,0,0,FOLLOWING,1.4996520792480679,0.2509424996118209,0
10.432,2.612803709465454,0.28148549294406966,0.13011418595247434,4.1,0.4741760385413097,0.2503578241160833,-0.00957954045027629,0.25038194511339873,-0.008832404216222117,1.499627438046622,-0.0012656813673354028,-0.00037256195337809217,0,0,FOLLOWING,1.4996521778332008,0.25092399319900177,0
10.464,2.6207475314219266,0.28252407648916145,0.12982841443267956,4.1080000000000005,0.47478160286714977,0.2503330801863134,-0.009687803886788497,0.25035709113888227,-0.00893036005376216,1.4996275743465635,-0.001271080914903466,-0.00037242565343653666,0,0,FOLLOWING,1.4996522950401023,0.2509056423505512,0
10.496,2.628690866035931,0.2835602773856022,0.12953951884997267,4.116,0.4753801662619893,0.2503084489108509,-0.009795704888091155,0.250332347901165,-0.009027987021786952,1.4996277303856105,-0.0012764522117624244,-0.0003722696143895199,0,0,FOLLOWING,1.499652430863426,0.2508874481830933,0
10.528,2.636633719394715,0.2845940716825489,0.1292475097549179,4.1240000000000006,0.47597171989966286,0.25028393220328493,-0.009903242703812945,0.2503077173255798,-0.009125284284713504,1.4996279061549616,-0.0012817952989872539,-0.0003720938450384459,0,0,FOLLOWING,1.499652585295674,0.25086941180396555,0
10.56,2.6445760976134007,0.2856254355225898,0.12895239772055617,4.132,0.4765562550573678,0.2502595319652405,-0.010010416709173737,0.25028320132569365,-0.009222251140152193,1.4996281016436044,-0.0012871102325719141,-0.00037189835639561686,0,0,FOLLOWING,1.4996527583272201,0.2508515343111396,0
10.592,2.652518006834483,0.28665434514167887,0.12865419333873326,4.140000000000001,0.47713376311579303,0.25023525008619596,-0.010117226386606603,0.2502588018031029,-0.009318887000443312,1.4996283168383486,-0.001292397079709823,-0.0003716831616513705,0,0,FOLLOWING,1.499652949946328,0.25083381679315364,0
10.624,2.6604594532273222,0.28768077686904253,0.12835290721695958,4.148,0.47770423555924624,0.25021108844332063,-0.010223671309254773,0.25023452064725893,-0.009415191376075521,1.4996285517238406,-0.0012976559155864484,-0.0003714482761594251,0,0,FOLLOWING,1.4996531601391807,0.25081626032903453,0
10.656,2.668400442987641,0.28870470712706325,0.12804854997574702,4.156000000000001,0.4782676639757793,0.25018704890133087,-0.010329751126220959,0.25021035973529343,-0.009511163860745542,1.4996288062826069,-0.0013028868206369781,-0.0003711937173931368,0,0,FOLLOWING,1.4996533888899082,0.2507988659882315,0
10.688,2.676340982337021,0.28972611243114194,0.12774113224637365,4.164,0.47882404005731233,0.2501631333123612,-0.010435465549437318,0.2501863209318824,-0.009606804118012846,1.499629080495071,-0.0013080898782159565,-0.0003709195049290681,0,0,FOLLOWING,1.4996536361806196,0.2507816348305389,0
10.72,2.684281077522397,0.2907449693895447,0.12743066466902614,4.172000000000001,0.4793733555997563,0.2501393435158519,-0.010540814342029038,0.2501624060891155,-0.009702111869484081,1.4996293743396036,-0.0013132651726377176,-0.000370625660396362,0,0,FOLLOWING,1.4996539019914397,0.2507645679060314,0
10.752,2.6922207348155585,0.29176125470323544,0.12711715789128125,4.18,0.4799156025031339,0.2501156813384481,-0.010645797308054285,0.25013861704638257,-0.009797086884219213,1.4996296877925435,-0.001318412787544826,-0.0003703122074565357,0,0,FOLLOWING,1.4996541863005404,0.2507476662549882,0
10.784,2.700159960512645,0.29277494516569696,0.12680062256688274,4.188000000000001,0.480450772771699,0.25009214859391216,-0.010750414283499371,0.2501149556302792,-0.009891728969498753,1.4996300208282485,-0.001323532804567512,-0.0003699791717515222,0,0,FOLLOWING,1.4996544890841814,0.2507309309078287,0
10.816,2.7080987609336478,0.2937860176627438,0.12648106935478132,4.196,0.48097885851405464,0.25006874708304616,-0.010854665128420236,0.25009142365451154,-0.009986037962606305,1.49963037341912,-0.0013286253022388728,-0.0003696265808799115,0,0,FOLLOWING,1.4996548103167466,0.2507143628850387,0
10.848,2.716037142421907,0.2947944491723275,0.12615850891840014,4.204000000000001,0.4814998519432691,0.2500454785936225,-0.010958549720124212,0.25006802291981817,-0.010080013723773432,1.4996307455356552,-0.0013336903551341428,-0.0003692544643447704,0,0,FOLLOWING,1.4996551499707813,0.2506979631971068,0
10.88,2.723975111343618,0.2958002167643374,0.12583295192509839,4.212,0.4820137453769913,0.25002234490032443,-0.011062067947291254,0.2500447552139175,-0.010173656130004588,1.4996311371464692,-0.001338728033202674,-0.0003688628535307714,0,0,FOLLOWING,1.4996555080170306,0.2506817328444516,0
10.912,2.7319126740873285,0.29680329760039686,0.12550440904580723,4.220000000000001,0.4825205312375635,0.2499993477646919,-0.011165219704941935,0.25002162231142455,-0.010266965069678714,1.499631548218351,-0.0013437384012734144,-0.00036845178164890413,0,0,FOLLOWING,1.4996558844244792,0.2506656728173603,0
10.944,2.7398498370634456,0.2978036689336584,0.12517289095480943,4.228,0.4830202020521332,0.2499764889350746,-0.011268004890164008,0.24999862597381406,-0.010359940438045811,1.4996319787162848,-0.0013487215187004966,-0.00036802128371515863,0,0,FOLLOWING,1.4996562791603867,0.25064978409591615,0
10.976,2.7477866067037384,0.29880130810859606,0.12483840832964485,4.236000000000001,0.48351275045276354,0.24995377014658998,-0.011370423398517855,0.24997576794936127,-0.010452582133332368,1.499632428603502,-0.0013536774391368633,-0.00036757139649790105,0,0,FOLLOWING,1.4996566921903265,0.2506340676499387,0
11.008000000000001,2.755722989460845,0.29979619256079915,0.12450097185111957,4.244,0.4839981691765418,0.2499311931210847,-0.011472475121043917,0.249953049973119,-0.010544890053465218,1.4996328978415052,-0.0013586062104100488,-0.0003671021584947809,0,0,FOLLOWING,1.4996571234782226,0.2506185244389128,0
11.040000000000001,2.7636589918077776,0.30078829981676486,0.12416059220340263,4.252000000000001,0.4844764510656864,0.2499087595671008,-0.011574159941803924,0.24993047376685631,-0.010636864093350783,1.499633386390117,-0.0013635078744884952,-0.0003666136098829931,0,0,FOLLOWING,1.4996575729863841,0.25060315541192957,0
11.072000000000001,2.771594620237433,0.30177760749369364,0.12381728007419437,4.26,0.4849475890676525,0.24988647117984433,-0.011675477735892652,0.2499080410390484,-0.010728504142639005,1.4996338942075014,-0.001368382467518886,-0.00036610579249862774,0,0,FOLLOWING,1.4996580406755415,0.25058796150761714,0
11.104000000000001,2.7795298812620994,0.30276409329928455,0.12347104615495201,4.268000000000001,0.4854115762352363,0.24986432964115649,-0.01177642836786023,0.24988575348481945,-0.010819810083922177,1.4996344212502128,-0.0013732300199241487,-0.0003655787497871543,0,0,FOLLOWING,1.49965852650488,0.25057294365408295,0
11.136000000000001,2.7874647814129703,0.3037477350315341,0.12312190114116325,4.276,0.4858684057266769,0.2498423366194858,-0.01187701169049592,0.24986361278593916,-0.010910781791253543,1.499634967473213,-0.0013780505565500478,-0.0003650325267869903,0,0,FOLLOWING,1.4996590304320716,0.2505581027688454,0
11.168000000000001,2.795399327239652,0.3047285105785375,0.12276985573265405,4.284000000000001,0.4863180708057576,0.24982049376986318,-0.01197722754392129,0.2498416206107794,-0.011001419129057392,1.49963553282992,-0.0013828440968503691,-0.0003644671700799851,0,0,FOLLOWING,1.499659552413309,0.25054343975877785,0
11.200000000000001,2.80333352530968,0.3057063979182915,0.12241492063392322,4.292,0.4867605648419052,0.24979880273387645,-0.01207707575495339,0.24981977861429,-0.011091721951311712,1.4996361172722228,-0.001387610655098362,-0.0003638827277772094,0,0,FOLLOWING,1.4996600924033339,0.2505289555200416,0
11.232000000000001,2.811267382208031,0.30668137511850174,0.12205710655449742,4.300000000000001,0.48719588131028774,0.2497772651396469,-0.0121765561366955,0.24979808843798304,-0.011181690100890684,1.4996367207505275,-0.0013923502406243404,-0.00036327924947254786,0,0,FOLLOWING,1.4996606503554695,0.25051465093803116,0
11.264,2.81920090453664,0.30765342033639204,0.12169642420929665,4.308,0.4876240137919105,0.24975588260180423,-0.012275668488324263,0.2497765517099007,-0.01127132340925801,1.4996373432137684,-0.0013970628580635691,-0.0003626567862315966,0,0,FOLLOWING,1.4996612262216444,0.25050052688730917,0
11.296,2.827134098913916,0.3086225118185173,0.12133288431900878,4.316,0.4880449559737109,0.24973465672146433,-0.012374412595039453,0.24975517004459213,-0.011360621696162336,1.499637984609452,-0.001401748507618414,-0.00036201539054792065,0,0,FOLLOWING,1.499661819952427,0.2504865842315504,0
11.328,2.8350669719742614,0.3095886279005801,0.12096649761046319,4.324,0.4884587016486516,0.24971358908620356,-0.012472788228150122,0.24973394504310317,-0.011449584769685653,1.4996386448836716,-0.0014064071853202437,-0.000361355116328399,0,0,FOLLOWING,1.4996624314970424,0.2504728238234824,0
11.36,2.8429995303675883,0.3105517470072496,0.1205972748170044,4.332,0.48886524471581183,0.24969268127003535,-0.012570795145272286,0.24971287829292163,-0.011538212426225927,1.4996393239811376,-0.0014110388832955512,-0.00036067601886236034,0,0,FOLLOWING,1.4996630608034045,0.25045924650482787,0
11.392,2.850931780758842,0.3115118476519845,0.12022522667885957,4.34,0.48926457918047755,0.24967193483338476,-0.01266843309061658,0.2496919713679869,-0.011626504450702124,1.4996400218452004,-0.0014156435900277986,-0.0003599781547996006,0,0,FOLLOWING,1.499663707818136,0.25044585310624745,0
11.424,2.858863729827521,0.3124689084368592,0.11985036394349972,4.348,0.48965669915422966,0.24965135132306343,-0.012765701795349058,0.24967122582864473,-0.011714460616746279,1.4996407384178732,-0.0014202212906164748,-0.00035926158212684633,0,0,FOLLOWING,1.499664372486594,0.2504326444472835,0
11.456,2.8667953842671983,0.31342290805239276,0.1194726973659883,4.356,0.49004159885503096,0.24963093227224303,-0.012862600978005291,0.2496506432216218,-0.011802080687089678,1.4996414736398562,-0.0014247719670254788,-0.0003585263601437738,0,0,FOLLOWING,1.499665054752889,0.2504196213363047,0
11.488,2.8747267507850474,0.31437382527738095,0.11909223770932094,4.364,0.4904192726073115,0.24961067920042815,-0.012959130344948161,0.24963022508002042,-0.011889364413854941,1.4996422274505534,-0.0014292955983254835,-0.00035777254944657777,0,0,FOLLOWING,1.4996657545599075,0.2504067845704507,0
11.52,2.882657836101367,0.3153216389787318,0.1187089957447507,4.372,0.4907897148420519,0.2495905936134284,-0.013055289590851537,0.2496099729232622,-0.011976311538994033,1.4996429997880958,-0.0014337921609246934,-0.0003570002119042126,0,0,FOLLOWING,1.4996664718493302,0.2503941349355783,0
11.552,2.8905886469491047,0.31626632811130373,0.1183229822520996,4.38,0.491152920096866,0.24957067700332963,-0.013151078399206421,0.24958988825708386,-0.012062921794731604,1.4996437905893596,-0.001438261628788129,-0.0003562094106404068,0,0,FOLLOWING,1.4996672065616523,0.2503816732062081,0
11.584,2.8985191900733875,0.31720787171774695,0.1179342080200583,4.388,0.49150888301608087,0.24955093084846397,-0.013246496442833452,0.24956997257348898,-0.012149194903917672,1.4996445997899832,-0.0014427039736476521,-0.00035540021001678745,0,0,FOLLOWING,1.4996679586361996,0.25036940014547154,0
11.616,2.9064494722310465,0.3181462489283469,0.11754268384646759,4.396,0.4918575983508162,0.24953135661337952,-0.013341543384402361,0.24955022735073354,-0.012235130580613639,1.4996454273243869,-0.001447119165195937,-0.00035457267561311845,0,0,FOLLOWING,1.4996687280111476,0.25035731650505916,0
11.648,2.9143795001901482,0.319081438960871,0.11714842053858894,4.404,0.49219906095906146,0.24951195574880847,-0.013436218876944078,0.24953065405328947,-0.012320728530421907,1.4996462731257865,-0.0014515071712720706,-0.00035372687421353355,0,0,FOLLOWING,1.4996695146235355,0.2503454230251694,0
11.68,2.9223092807295235,0.320013421120418,0.11675142891335762,4.412,0.49253326580575174,0.24949272969163466,-0.013530522564356792,0.24951125413181283,-0.01240598845103505,1.4996471371262112,-0.0014558679580321393,-0.0003528628737887729,0,0,FOLLOWING,1.4996703184092837,0.2503337204344581,0
11.712,2.930238820638299,0.3209421747992691,0.11635171979762421,4.42,0.4928602079628422,0.2494736798648605,-0.013624454081899768,0.2494920290231125,-0.012490910032601027,1.4996480192565178,-0.0014602014901096555,-0.0003519807434821942,0,0,FOLLOWING,1.4996711393032063,0.2503222094499889,0
11.744,2.9381681267154307,0.3218676794767427,0.11594930402838008,4.428,0.4931798826093804,0.2494548076775725,-0.013718013056670999,0.24947298015011768,-0.012575492958218547,1.499648919446404,-0.0014645077307630509,-0.000351080553596006,0,0,FOLLOWING,1.4996719772390272,0.2503108907771844,0
11.776,2.946097205769233,0.3227899147190502,0.11554419245297012,4.436,0.4934922850315777,0.2494361145249066,-0.013811199108067978,0.24945410892183398,-0.012659736904339665,1.4996498376244243,-0.0014687866420119015,-0.0003501623755757244,0,0,FOLLOWING,1.4996728321493924,0.2502997651097777,0
11.808,2.954026064616918,0.3237088601791546,0.11513639592929266,4.444,0.4937974106228787,0.2494176017880119,-0.013904011848227723,0.24943541673332914,-0.012743641541171066,1.499650773718,-0.0014730381847621599,-0.0003492262819999592,0,0,FOLLOWING,1.4996737039658816,0.25028883312976546,0
11.84,2.9619547100841235,0.3246244955966316,0.11472592532598665,4.452,0.4940952548840289,0.24939927083401509,-0.013996450882447201,0.24941690496567592,-0.012827206533067282,1.499651727653436,-0.0014772623189214795,-0.00034827234656398254,0,0,FOLLOWING,1.4996745926190242,0.2502780955073612,0
11.872,2.9698831490044557,0.3255368007975321,0.11431279152260806,4.46,0.4943858134231413,0.24938112301598278,-0.014088515809582309,0.24939857498593077,-0.012910431538869513,1.4996526993559276,-0.001481459003504701,-0.00034730064407240135,0,0,FOLLOWING,1.4996754980383062,0.2502675529009491,0
11.904,2.9778113882190205,0.326445755694247,0.11389700540979264,4.468,0.4946690819557613,0.24936315967288403,-0.01418020622242396,0.24938042814708108,-0.012993316212336702,1.4996536887495762,-0.0014856281967277481,-0.00034631125042383637,0,0,FOLLOWING,1.4996764201521844,0.2502572059570397,0
11.936,2.985739434575963,0.3273513402853744,0.11347857788941117,4.476,0.4949450563049296,0.24934538212955196,-0.014271521708053866,0.24936246578802554,-0.013075860202373217,1.499654695757398,-0.001489769856096626,-0.0003453042426020403,0,0,FOLLOWING,1.4996773588880967,0.25024705531022495,0
11.968,2.9936672949300056,0.3282535346555876,0.11305751987471196,4.484,0.49521373240124367,0.24932779169664548,-0.01436246184817749,0.24934468923353126,-0.013158063153429262,1.4996557203013348,-0.0014938839384841668,-0.00034427969866523966,0,0,FOLLOWING,1.4996783141724706,0.25023710158313534,0
12.0,3.0015949761419867,0.32915231897550634,0.11263384229045563,4.492,0.4954751062829182,0.24931038967060942,-0.014453026219435512,0.249327099794176,-0.013239924705746078,1.4996567623022647,-0.0014979704002019145,-0.0003432376977352547,0,0,FOLLOWING,1.499679285930735,0.2502273453863968,0
12.032,3.009522485078399,0.3300476735015685,0.11220755607304073,4.5,0.4957291740958432,0.2492931773336359,-0.014543214393697311,0.249309698766343,-0.013321444495638787,1.4996578216800134,-0.0015020291970637145,-0.00034217831998661907,0,0,FOLLOWING,1.4996802740873307,0.2502177873185893,0
12.064,3.0174498286109332,0.33093957857590445,0.11177867217062164,4.5176,0.49597593209364105,0.25131712206768253,-0.014815394478331556,0.24929248743214902,-0.013402622155737927,1.5092009590180748,-0.002206081700135809,0.009200959018074828,0,0,FOLLOWING,1.5025437766227303,0.25770236208719477,0
12.096,3.0254391238905463,0.3318349887706708,0.11134194164340053,4.5352,0.4962153766377213,0.25644523589464036,-0.015359937885215738,0.251230208611943,-0.013647829196720087,1.5186832503672736,-0.0028907146904182113,0.018683250367273585,0,0,FOLLOWING,1.5075160626924768,0.27024697512784884,0
12.128,3.0335879326558235,0.3327446915795114,0.1108895014505453,4.5528,0.496447504197335,0.26507903311075764,-0.016203684690515807,0.25623602360965175,-0.014138756294588908,1.5280065171402752,-0.003548596979841973,0.028006517140275244,0,0,FOLLOWING,1.5139609343417237,0.2860211398292817,0
12.16,3.0420078496733796,0.3336808283758619,0.11041270826957048,4.5704,0.4966723113496261,0.27718467244681566,-0.017331976472227163,0.26474974294418985,-0.014899787327402417,1.5370584857779546,-0.004171789996191583,0.037058485777954564,0,0,FOLLOWING,1.5213487335803006,0.30366240788978405,0
12.192,3.0508100980927684,0.33465524718957257,0.10990333673197066,4.588,0.49688979477968237,0.29245397242461874,-0.018705181747492167,0.27675843377754006,-0.01591786139838444,1.545727286088116,-0.00475290306171286,0.04572728608811594,0,0,FOLLOWING,1.5292450622455125,0.3221700569049217,0
12.224,3.060093470127336,0.3356784833737007,0.10933904041086372,4.6056,0.49709995128058404,0.31041927715833406,-0.020263591846552922,0.29187124222399646,-0.017634261400238993,1.553913551063976,-0.00527069758677616,0.053913551063976106,0,0,FOLLOWING,1.5373024773056294,0.34082169896108766,0
12.256,3.0699406910579894,0.33675899925408803,0.1086932099599576,4.6232,0.4973027777534513,0.3305339868128743,-0.021934135241033288,0.30958202865752854,-0.020182204068472678,1.5615341128614078,-0.005699646444800005,0.06153411286140775,0,0,FOLLOWING,1.5452480499786407,0.3591079319372703,0
12.288,3.080427165667273,0.3379027748563877,0.10799386688537622,4.6408000000000005,0.49749827120748974,0.3522255387310879,-0.023662243322316222,0.3296553436873203,-0.021854478536790883,1.5685133421743993,-0.006067944981576354,0.0685133421743993,0,0,FOLLOWING,1.552861956170506,0.376681238684094,0
12.32,3.091604319674452,0.33911388993513597,0.10723922356736773,4.6584,0.49768642876003455,0.37493509510167033,-0.025397772642369334,0.35133956269364286,-0.02358261488062348,1.5747996551803571,-0.006374497162122461,0.07479965518035714,0,0,FOLLOWING,1.5599839175868824,0.3933161440884367,0
12.352,3.1035054093678838,0.3403942448584143,0.10642905513751927,4.676,0.4978672476365933,0.3981424203925363,-0.027097038729304086,0.37406318410068057,-0.02531777907970454,1.5803597641585425,-0.0066196534854324335,0.08035976415854251,0,0,FOLLOWING,1.566499522598377,0.4088782581467366,0
12.384,3.116146971075163,0.34174375553331904,0.1055645314642395,4.6936,0.4980407251708863,0.4213810935032315,-0.028723750587432584,0.39730028157496367,-0.027016385492807684,1.5851772144407166,-0.006805017483180187,0.08517721444071658,0,0,FOLLOWING,1.5723325223184395,0.4233003200202692,0
12.416,3.12953055591777,0.34316060599322373,0.10464798120374114,4.7112,0.4982068588048864,0.44424665059175183,-0.030249179271800885,0.42057966904394006,-0.02864222169249544,1.5892506318558846,-0.00693320943552822,0.08925063185588455,0,0,FOLLOWING,1.577438175973386,0.4365637458235182,0
12.448,3.1436447116458113,0.34464151967168105,0.10368265579741663,4.728800000000001,0.49836564608885653,0.4663995922518156,-0.03165182629522316,0.4434926433537985,-0.030166450312477666,1.5925917227086095,-0.007007633533348934,0.09259172270860949,0,0,FOLLOWING,1.5817974084619404,0.4486844926403056,0
12.48,3.158467062462805,0.34618206541924607,0.10267249568001019,4.7464,0.4985170846813858,0.4875647292396391,-0.03291679240455597,0.465696136104476,-0.031567539853119636,1.5952231731670345,-0.007032270554290883,0.09522317316703455,0,0,FOLLOWING,1.5854117051126204,0.4597022985301015,0
12.512,3.173966370050702,0.34777695828243266,0.1016219127748525,4.764,0.498661172349424,0.5075280052592465,-0.03403498708907095,0.48691210232891846,-0.03283075587228888,1.5971765683306136,-0.007011492258155921,0.09717656833061361,0,0,FOLLOWING,1.5882986877391652,0.4696725553673412,0
12.544,3.1901051070898734,0.349420278930932,0.10053877488544441,4.7816,0.4987979069683146,0.526131500582508,-0.03500381951182084,0.5069432058886402,-0.033848102321556724,1.5984898091377029,-0.006953004670242555,0.09848980913770289,0,0,FOLLOWING,1.5904877103579933,0.4786602281699599,0
12.576,3.2068452819064195,0.35110577358362777,0.0994549383587329,4.7992,0.4989272865218261,0.5432663347403244,-0.035837830466160826,0.5257742536205452,-0.03386993819405093,1.599201284367363,-0.00688821177774307,0.09920128436736309,0,0,FOLLOWING,1.5920126208702132,0.48673535915184285,0
12.608,3.2241412868279706,0.3528275420024675,0.09837983547631542,4.816800000000001,0.49904930910218176,0.5588679394382594,-0.03655472104777739,0.543169452618368,-0.03359700905136526,1.599356927585756,-0.006826639302733597,0.09935692758575598,0,0,FOLLOWING,1.5929177296482089,0.4939697935621726,0
12.64,3.2419437400795417,0.3545798062210862,0.09731472744923032,4.8344000000000005,0.4991639729100876,0.5729101748751935,-0.037170681485478516,0.5590119523002963,-0.03328466502727213,1.5990064168154576,-0.006769802991647908,0.09900641681545763,0,0,FOLLOWING,1.5932531753189705,0.5004348426688905,0
12.672,3.2601968768657703,0.3563568993297874,0.09623216093262295,4.852,0.49927127625475903,0.5854007046259468,-0.03768632488964821,0.5731034854977284,-0.03383023599961873,1.5982057758473223,-0.0066907946503893525,0.09820577584732226,0,0,FOLLOWING,1.5930768897621208,0.5061996611866298,0
12.704,3.278850819776542,0.35815275162456683,0.09513499180051423,4.8696,0.4993712175539458,0.5963731098342593,-0.03810415808621868,0.5856262768305294,-0.03428656623949926,1.5970052002110235,-0.0065922896137804166,0.09700520021102355,0,0,FOLLOWING,1.59244194310994,0.5113301653878743,0
12.736,3.2978570215258127,0.3599615890038138,0.09402602785389816,4.8872,0.4994637953339553,0.6058815843260086,-0.03842812146237565,0.5966225032557084,-0.034655152059222344,1.5954535307542423,-0.006476892931981629,0.09545353075424234,0,0,FOLLOWING,1.5914006553438382,0.5158883567424574,0
12.768,3.317168683898445,0.36177799998971516,0.0929079614293314,4.904800000000001,0.49954900822967435,0.6139961518078954,-0.03866319571687783,0.6061476945353971,-0.0349396017951022,1.5935978308776064,-0.006347096362686391,0.09359783087760642,0,0,FOLLOWING,1.5900039053990094,0.5199319463365442,0
12.8,3.3367412431085652,0.36359697899237386,0.09178333952184091,4.9224000000000006,0.4996268549845891,0.6207984518230427,-0.03881507768804444,0.6142726034187007,-0.03514445762359448,1.591482899835543,-0.006205256189393869,0.09148289983554303,0,0,FOLLOWING,1.588300448334406,0.5235141992264968,0
12.832,3.3565327409468626,0.3654139532428886,0.09065454345130795,4.94,0.49969733445080394,0.6263780842377628,-0.03888991686003153,0.6210795929579205,-0.03527489711429112,1.5891509012557263,-0.00605357831364238,0.08915090125572633,0,0,FOLLOWING,1.5863364030231646,0.5266839366377641,0
12.864,3.3765040805985147,0.3672247952255244,0.08952377625636297,4.9576,0.49976044558905813,0.6308294902488888,-0.03889410423442523,0.626659006007667,-0.0353364917324833,1.5866411078014189,-0.005894109465080205,0.08664110780141887,0,0,FOLLOWING,1.5841548982233575,0.5294856485997509,0
12.896,3.3966191825282848,0.3690258231402967,0.0883930562434655,4.9752,0.4998161874687412,0.6342493363352812,-0.038834105680524866,0.6311060225974214,-0.03533501448814319,1.5839897463970012,-0.0057287331951148684,0.08398974639700119,0,0,FOLLOWING,1.5817958512474224,0.5319596810695397,0
12.928,3.416845056420041,0.37081379182435503,0.08726421534618908,4.992800000000001,0.4998645592679067,0.6367343602323573,-0.03871633254345971,0.6345180221404778,-0.03527628961966109,1.5812299278637134,-0.005559169532917088,0.08122992786371341,0,0,FOLLOWING,1.5792958551342051,0.5341424705193905,0
12.96,3.4371518039981663,0.37258587630897666,0.0861389011679213,5.010400000000001,0.49990556027328426,0.6383796341576116,-0.038547043072843505,0.6369924134457001,-0.03516607749243236,1.578391645995314,-0.0053869773882050664,0.07839164599531401,0,0,FOLLOWING,1.5766881531901724,0.5360668058839754,0
12.992,3.4575125661290986,0.3743396499155785,0.08501858178239038,5.0280000000000005,0.49993918988029024,0.6392771992179881,-0.03833226905708425,0.6386248871558751,-0.035009988423619694,1.575501832555506,-0.005213558968817283,0.07550183255550591,0,0,FOLLOWING,1.5740026826186455,0.5377621031106367,0
13.024000000000001,3.4779034261180652,0.37607305852434986,0.08390455254571486,5.0456,0.4999654475930365,0.6395150254373065,-0.0380777628568164,0.6395080435997095,-0.03481341982939436,1.572584456183611,-0.0050401656401604655,0.07258445618361109,0,0,FOLLOWING,1.5712661715598852,0.5392546816679546,0
13.056000000000001,3.498303279649826,0.37778439239282613,0.08279794432828884,5.0632,0.4999843330243378,0.6391762535908091,-0.03778896079031924,0.6397303496295579,-0.034581511862184965,1.5696606546808378,-0.004867904787046836,0.06966065468083782,0,0,FOLLOWING,1.5685022762118712,0.540568035512437,0
13.088000000000001,3.518693680413593,0.37947225666446904,0.08169973270409339,5.080800000000001,0.4999958458957175,0.6383386776080001,-0.03747095951305152,0.6393753798836455,-0.03431911749746865,1.566748891575474,-0.004697747346560643,0.06674889157547392,0,0,FOLLOWING,1.5657317468005738,0.5417230934017675,0
13.120000000000001,3.539058669127494,0.3811355414920445,0.08061074773999546,5.098400000000001,0.4999999860374116,0.637074429398098,-0.03712850264117545,0.6385213006005438,-0.03403078378947276,1.563865129205303,-0.004530535765078128,0.06386512920530296,0,0,FOLLOWING,1.562972613032864,0.5427384652428864,0
13.152000000000001,3.5593845924533265,0.3827733925086303,0.07953168411068084,5.1160000000000005,0.4999967533883712,0.635449831339146,-0.036765975391671465,0.637240557311268,-0.03372074169928008,1.5610230117931125,-0.004366992196265268,0.061023011793112536,0,0,FOLLOWING,1.56024038130995,0.5436306725058404,0
13.184000000000001,3.5796599171769423,0.38438518221063184,0.07846311132922786,5.1336,0.49998614799626373,0.6335253851855234,-0.03638740545133364,0.6355997312130637,-0.03339290248411643,1.5582340531174075,-0.004207726803269071,0.05823405311740748,0,0,FOLLOWING,1.5575482374205836,0.5444143617234062,0
13.216000000000001,3.599875044027316,0.38597048267164885,0.07740548393243585,5.1512,0.4999681700174718,0.6313558696655385,-0.03599646864939013,0.6336595326230525,-0.03305085911331476,1.555507824391715,-0.004053246061106783,0.05550782439171509,0,0,FOLLOWING,1.5549072496871046,0.5451025008133599,0
13.248000000000001,3.620022124618056,0.38752903988232223,0.07635915149723169,5.168800000000001,0.49994281971709115,0.628990522469217,-0.03559649830206446,0.6314749034957942,-0.032697891548342906,1.5528521388623424,-0.0039039609779691208,0.05285213886234241,0,0,FOLLOWING,1.5523265686197882,0.5457065584686276,0
13.280000000000001,3.640094884215872,0.3890607499078881,0.07532436839275719,5.186400000000001,0.49991009746892673,0.6264732855989054,-0.035190497331466536,0.6290952044767003,-0.03233697500331962,1.5502732304193592,-0.0037601951698516822,0.05027323041935916,0,0,FOLLOWING,1.5498136200613415,0.5462366672102795,0
13.312000000000001,3.660088452366274,0.39056563697036184,0.0743013031945297,5.204000000000001,0.4998700037554871,0.6238430961237568,-0.03478115244550731,0.6265644652864217,-0.03197079050530086,1.5477759241941538,-0.0036221927340834015,0.047775924194153774,0,0,FOLLOWING,1.547374289588839,0.54670177092827,0
13.344,3.6799992028309325,0.3920438334941632,0.07329004770421964,5.2216000000000005,0.49982253916797753,0.6211342072109823,-0.0343708498093134,0.6239216803430049,-0.03160173721844575,1.5453637976958787,-0.003490125875729513,0.04536379769587873,0,0,FOLLOWING,1.545013096599361,0.5471097578751428,0
13.376,3.699824603806117,0.3934955621006173,0.0722906255324896,5.2392,0.4997677044062908,0.6183765268823029,-0.03396169175017032,0.6212011343969702,-0.031231946097861993,1.5430393315263589,-0.0033641022477915172,0.04303933152635886,0,0,FOLLOWING,1.5427333570519821,0.547467580152035,0
13.408,3.719563078989206,0.39492111949616776,0.07130300021389495,5.256799999999999,0.4997055002789975,0.6155959642543228,-0.03355551412462848,0.6184327455605596,-0.030863294512058964,1.5408040491168193,-0.0032441719723404344,0.04080404911681934,0,0,FOLLOWING,1.5405373342856263,0.5477813607521966,0
13.44,3.7392138797319263,0.39632086216942713,0.07032708283266911,5.2744,0.49963592770333365,0.6128147750664072,-0.033153904043937234,0.6156424154480321,-0.03049742152714513,1.5386586452589202,-0.0031303343156338787,0.038658645258920155,0,0,FOLLOWING,1.5384263776922227,0.5480564892187291,0
13.472,3.7587769682562895,0.39769519379157214,0.0693627391466795,5.291999999999999,0.49955898770518736,0.6100519000858612,-0.03275821770730028,0.6128523782092639,-0.030135743588358358,1.5366031034655132,-0.0030225439960178124,0.03660310346551321,0,0,FOLLOWING,1.5364010493088673,0.5482977069408715,0
13.504,3.778252911703721,0.39904455420144463,0.06840979620416257,5.3096000000000005,0.49947468141908363,0.6073232915200998,-0.032369598135255494,0.6100815420413689,-0.029779470370100765,1.5346368024019377,-0.0029207171090327028,0.03463680240193767,0,0,FOLLOWING,1.5344612386123517,0.5485091830649121,0
13.536,3.7976427866319162,0.4003694098495727,0.0674680484541699,5.3271999999999995,0.49938301008816777,0.6046422238752422,-0.03198899263054698,0.6073458183156456,-0.029429620596956474,1.5327586117841727,-0.0028247366595406526,0.03275861178417272,0,0,FOLLOWING,1.5326062659638646,0.5486945819375746,0
13.568,3.816948093459924,0.4016702455728921,0.06653726335706721,5.3448,0.49928397506418687,0.6020195867991169,-0.03161716982331697,0.6046584347761226,-0.02908703766655647,1.5309669782537265,-0.0027344576957929745,0.030966978253726518,0,0,FOLLOWING,1.5308349752701478,0.5488571229361108,0
13.6,3.836170680283244,0.40294755757313205,0.06561718650600011,5.362399999999999,0.49917757780746996,0.5994641583543902,-0.03125473618263857,0.6020302303712616,-0.02875240493149997,1.5292600018170128,-0.002649712045057581,0.029260001817012826,0,0,FOLLOWING,1.5291458165073941,0.5489996334733241,0
13.632,3.855312675445055,0.4042018370297854,0.06470754835681579,5.38,0.4990638198869065,0.596982858019708,-0.030902149998059715,0.5994699095060392,-0.028426195429105447,1.5276355041206984,-0.0025703079121283806,0.027635504120698373,0,0,FOLLOWING,1.527536919439248,0.5491245958999703,0
13.664,3.8743764281193824,0.40543359593017647,0.06380806956041482,5.3976,0.49894270297992327,0.5945809787228332,-0.030559744195244123,0.5969843776717422,-0.02810871558609029,1.5260910860869306,-0.002496055091082937,0.02609108608693056,0,0,FOLLOWING,1.5260061561026845,0.5492341889627529,0
13.696,3.89336445648028,0.4066433337990507,0.06291845660607008,5.4152000000000005,0.4988142288724595,0.592262398860994,-0.03022773483330019,0.5945788574879429,-0.02780040793557506,1.5246241816980985,-0.0024267414178082494,0.024624181698098546,0,0,FOLLOWING,1.5245511989200353,0.549330324414819,0
13.728,3.912279402490004,0.4078315421481532,0.062038409618631433,5.432799999999999,0.4986783994589407,0.590029774394211,-0.029906234259149008,0.5922571724966753,-0.027501471373957254,1.523232102778628,-0.002362145541665042,0.023232102778627972,0,0,FOLLOWING,1.5231695693226337,0.5494146793177435,0
13.76,3.931123992892831,0.408998702683514,0.06116762553517798,5.4504,0.4985352167422506,0.5878847119803794,-0.029595263877420744,0.5900219276450541,-0.027212005522301484,1.5219120779865352,-0.002302040625356342,0.02191207798653516,0,0,FOLLOWING,1.521858680152957,0.5494887245200252,0
13.792,3.949901005738064,0.4101452851764538,0.060305800729041896,5.467999999999999,0.49838468283370163,0.5858279241711852,-0.02929476609118452,0.5878746809934219,-0.026932027999961052,1.5206612863086943,-0.002246196937933348,0.02066128630869435,0,0,FOLLOWING,1.5206158721828233,0.5495537497471731,0
13.824,3.9686132418587365,0.41127174580546355,0.05945263328702798,5.485600000000001,0.4982267999530039,0.5838593678051447,-0.029004615394849036,0.5858160991545237,-0.026661485262869197,1.519476885581924,-0.0021943841180200596,0.019476885581924064,0,0,FOLLOWING,1.51943844531038,0.5496108856926825,0
13.856,3.987263500770103,0.41237852592023344,0.05860782496475624,5.5032,0.4980615704282323,0.5819783668001351,-0.028724628618674173,0.5838460959093807,-0.026400262662226115,1.5183560365782307,-0.0021463731405516814,0.018356036578230706,0,0,FOLLOWING,1.5183236850114894,0.5496611234573378,0
13.888,4.0058545604889435,0.4134660511660184,0.05777108284518445,5.5208,0.4978889966957924,0.5801837205732333,-0.028454574334008678,0.5819639551309901,-0.026148193720120005,1.517295923156479,-0.0021019380077607064,0.0172959231564791,0,0,FOLLOWING,1.5172688845815203,0.549705331646398,0
13.92,4.024389160813901,0.4145347309128373,0.05694212072501293,5.538399999999999,0.49770908130038427,0.57847379930987,-0.02819418143645633,0.5801684392538903,-0.02590506863322884,1.5162937689430052,-0.002060857184949041,0.01629376894300516,0,0,FOLLOWING,1.516271363660681,0.5497442713998447,0
13.952,4.042869989646283,0.4155849579404997,0.05612066025308255,5.556,0.4975218268949651,0.5768466272748266,-0.027943146930940407,0.57845788452768,-0.02567064202305374,1.515346850964195,-0.0020229148015506455,0.015346850964194969,0,0,FOLLOWING,1.5153284834933831,0.5497786096000459,0
13.984,4.061299671969005,0.4166171083364454,0.05530643184409395,5.5736,0.49732723624071007,0.575299955310749,-0.027701142948215268,0.5768302842614026,-0.02544463995715326,1.5144525106152975,-0.0019879016377148955,0.01445251061529751,0,0,FOLLOWING,1.5144376593306645,0.5498089304734014,0
14.016,4.079680761138105,0.417631541568826,0.05449917539006028,5.591200000000001,0.49712531220697154,0.5738313236108679,-0.027467823026833333,0.575283361216934,-0.025226766270002473,1.5136081623127942,-0.0019556159161789183,0.013608162312794159,0,0,FOLLOWING,1.5135963703450757,0.5498357457777557,0
14.048,4.098015732176083,0.41862860070218294,0.05369864079083777,5.6088,0.496916057771237,0.5724381157856919,-0.027242827697993615,0.5738146302484268,-0.02501670821683394,1.5128113001424162,-0.0019258639185241247,0.01281130014241616,0,0,FOLLOWING,1.5128021673899317,0.5498595037451469,0
14.08,4.116306976788972,0.4196086127274956,0.052904588323968604,5.6264,0.49669947601908476,0.5711176051719624,-0.0270257894132203,0.5724214522162652,-0.02481414149515319,1.5120595027821044,-0.0018984604441562578,0.012059502782104436,0,0,FOLLOWING,1.5120526788997959,0.5498805969297423,0
14.112,4.134556799859462,0.420571888982316,0.05211678887285687,5.643999999999999,0.49647557014413884,0.5698669942587453,-0.026816336856494278,0.5711010801309545,-0.024618734671856157,1.5113504369484998,-0.0018732291294320524,0.011350436948499798,0,0,FOLLOWING,1.5113456151965015,0.5498993690931887,0
14.144,4.152767417196332,0.42151872564021464,0.05133502403107343,5.661600000000001,0.4962443434480216,0.5686834480322543,-0.02661409868338459,0.5698506984075767,-0.024430153054224708,1.510681859587501,-0.001850002643404472,0.010681859587500897,0,0,FOLLOWING,1.510678771435123,0.5499161212440373,0
14.176,4.170940954346147,0.42244940425185734,0.05055908609933047,5.6792,0.4960057993403053,0.5675641219693298,-0.02641870673003154,0.5686674560370196,-0.024248062044007025,1.5100516190034958,-0.0018286227756274184,0.010051619003495826,0,0,FOLLOWING,1.5100500293968964,0.5499311169340186,0
14.208,4.189079446296501,0.4233641923227585,0.04978877799041067,5.6968000000000005,0.4957599413384615,0.5665061853405857,-0.026229798734588135,0.5675484944074901,-0.024072130013867443,1.5094576550985235,-0.0018089404304105008,0.009457655098523476,0,0,FOLLOWING,1.5094573583112298,0.5499445869017302,0
14.24,4.207184837921201,0.4242633439151464,0.04902391305609221,5.7143999999999995,0.49550677306780966,0.5655068404188184,-0.026047020612946566,0.5664909704401757,-0.023902030745018045,1.5088979988712459,-0.0017908155408390067,0.008897998871245871,0,0,FOLLOWING,1.5088988148664173,0.549956733143393,0
14.272,4.225258985036861,0.42514710026345864,0.04826431484890216,5.732,0.4952462982614631,0.5645633381268782,-0.02587002832951038,0.5654920756365795,-0.023737445463852626,1.5083707713066152,-0.0017741169148209545,0.008370771306615232,0,0,FOLLOWING,1.5083725425484296,0.5499677324808154,0
14.304,4.243303655957403,0.42601569039479703,0.04750981683033994,5.7496,0.49497852076027443,0.5636729906020865,-0.025698489402284648,0.5645490515733198,-0.023578064514758672,1.5078741817698555,-0.001758722024354557,0.007874181769855548,0,0,FOLLOWING,1.507876770429007,0.549977739688181,0
14.336,4.261320533448203,0.42686933174724095,0.04676026203608747,5.767200000000001,0.49470344451277876,0.5628331811015944,-0.025532084079866933,0.563659202322406,-0.023423588704300755,1.5074065260031926,-0.0017445167482023143,0.007406526003192582,0,0,FOLLOWING,1.507409811508109,0.5499868902318602,0
14.368,4.279311216995197,0.4277082307802665,0.04601550270762891,5.7848,0.49442107357513543,0.5620413716247766,-0.025370506226043178,0.5628199042219738,-0.023273730350919276,1.50696618381006,-0.001731395077152767,0.006966183810060089,0,0,FOLLOWING,1.5069700607013399,0.5499953026708317,0
14.4,4.297277225316215,0.4285325835726817,0.04527539989867676,5.8024000000000004,0.4941314121110682,0.5612951085847763,-0.02521346394563611,0.5620286133738922,-0.02312821407223871,1.5065516164995563,-0.0017192587901111447,0.006551616499556268,0,0,FOLLOWING,1.5065559925502843,0.5500030807595333,0
14.432,4.315219999052443,0.429342576404477,0.04453982306383598,5.819999999999999,0.49383446439180384,0.5605920268214593,-0.02506067998313672,0.5612828712003264,-0.022986777340139382,1.5061613641532225,-0.0017080171083593762,0.006161364153222548,0,0,FOLLOWING,1.5061661587223976,0.5500103152898264,0
14.464,4.333140903587224,0.4301383863198343,0.04380864963602054,5.837600000000001,0.4935302347960094,0.5599298522121124,-0.02491189192346926,0.560580308351468,-0.022849170832238114,1.5057940427669303,-0.001697586334470369,0.005794042766930296,0,0,FOLLOWING,1.5057991853572184,0.5500170857043098,0
14.496,4.351041231947564,0.43092018166925156,0.04308176459830274,5.8552,0.49321872780972714,0.5593064031039581,-0.024766852222034393,0.5599186472203006,-0.02271515860587221,1.5054483413123945,-0.0016878894815732166,0.005448341312394467,0,0,FOLLOWING,1.5054537703069757,0.5500234615092243,0
14.528,4.368922207750866,0.43168812262933964,0.04235906005508671,5.872800000000001,0.492899948026309,0.5587195907637431,-0.024625328089005197,0.5592957032882112,-0.022584518119218792,1.5051230187557962,-0.0016788558979205087,0.005123018755796238,0,0,FOLLOWING,1.505128680312136,0.550029503511773,0
14.56,4.386784988165644,0.43244236169935146,0.041640434806782346,5.8904,0.4925739001463482,0.5581674190139527,-0.024487101250686254,0.5587093854961732,-0.02245704012190437,1.5048169010645889,-0.0016704208910234969,0.004816901064588874,0,0,FOLLOWING,1.5048227481457221,0.550035264903573,0
14.592,4.4046306668603314,0.4331830441739185,0.040925793931501385,5.908,0.4922405889776106,0.5576479832024298,-0.024351967608680525,0.5581576958104318,-0.022332528435570213,1.5045288782283486,-0.0016625253549962526,0.004528878228348576,0,0,FOLLOWING,1.5045348697546281,0.5500407922093421,0
14.624,4.422460276919011,0.4339103085918159,0.04021504837670301,5.9256,0.4919000194349632,0.5571594686319904,-0.024219736815586954,0.5576387281290998,-0.02221079964293949,1.504257901314686,-0.0016551154041752128,0.004257901314685952,0,0,FOLLOWING,1.5042640014210718,0.550046126117503,0
14.656,4.440274793706913,0.4346242871608555,0.03950811456316902,5.943200000000001,0.4915521965403022,0.5567001485588488,-0.024090231784037165,0.5571506666555276,-0.02209168270252979,1.5040029795773129,-0.0016481420155506148,0.004002979577312882,0,0,FOLLOWING,1.5040091569630898,0.5500513022073913,0
14.688,4.458075137671962,0.43532510615923353,0.03880491400321916,5.9608,0.4911971254224785,0.5562683818530186,-0.0239632881440601,0.556691783846787,-0.021975018503637384,1.503763177629833,-0.0016415606820885664,0.0037631776298330255,0,0,FOLLOWING,1.503769404989303,0.5500563515858871,0
14.72,4.475862177071669,0.4360128863138389,0.03810537293463529,5.978400000000001,0.49083481131722234,0.5558626104001365,-0.02383875366205383,0.5562604380298538,-0.021860659375441887,1.5035376126959006,-0.0016353310785899439,0.0035376126959005827,0,0,FOLLOWING,1.5035438662199647,0.5500613014447422,0
14.752,4.49363673061713,0.4366877431561671,0.0374094219713871,5.9959999999999996,0.4904652595670661,0.5554813563121614,-0.023716487633030546,0.5558550707644511,-0.021748468561956048,1.5033254519438262,-0.001629416741360197,0.003325451943826163,0,0,FOLLOWING,1.5033317108836763,0.550066175548449,0
14.784,4.511399570028102,0.43734978735659513,0.03671699577191994,6.013600000000001,0.4900884756212653,0.5551232190039408,-0.02359636025632462,0.5554742040194498,-0.021638319673207437,1.5031259099116203,-0.0016237847626386498,0.003125909911620317,0,0,FOLLOWING,1.5031321561967872,0.5500709946613038,0
14.816,4.529151422494878,0.43799912503784677,0.03602803272546571,6.0312,0.4897044650357184,0.5547868721835304,-0.023478252003573157,0.5551164372194494,-0.021530096122017058,1.5029382460265812,-0.0016184055004311929,0.002938246026581215,0,0,FOLLOWING,1.5029444639306067,0.550075776921215,0
14.848,4.54689297304425,0.4386358580685353,0.03534247465659334,6.048800000000001,0.48931323347288513,0.5544710607962758,-0.02336205298650857,0.5547804442088377,-0.0214236905540153,1.5027617622221212,-0.0016132523041495206,0.0027617622221212113,0,0,FOLLOWING,1.5027679380698982,0.5500805381669082,0
14.88,4.564624866808096,0.4392600843377069,0.034660266547990475,6.0664,0.48891478670170235,0.5541745979558247,-0.02324766233096259,0.5544649701730937,-0.02131900427791133,1.502595800653129,-0.001608301256229648,0.0025958006531290323,0,0,FOLLOWING,1.50260192256475,0.550085292224307,0
14.912,4.5823477111941875,0.439871898011323,0.03398135628129334,6.0840000000000005,0.4885091305974996,0.55389636188936,-0.02313498756242005,0.5541688285500196,-0.021215946701488523,1.5024397415102473,-0.001603530929722173,0.002439741510247284,0,0,FOLLOWING,1.5024457991767899,0.5500900511572002,0
14.944,4.6000620779596835,0.44047138977163014,0.03330569439562355,6.1016,0.48809627114191223,0.5536352929192847,-0.02302394400752799,0.5538908979578991,-0.02111443477826277,1.50229300093247,-0.0015989221616868055,0.0022930009324699796,0,0,FOLLOWING,1.5022989854197648,0.5500948254866207,0
14.976,4.617768505188474,0.441058647040356,0.03263323386336474,6.119200000000001,0.48767621442279313,0.5533903904992454,-0.022914454215113428,0.5536301191625264,-0.021014392468736084,1.5021550290168564,-0.0015944578420866197,0.00215502901685638,0,0,FOLLOWING,1.5021609325937302,0.5500996243828583,0
15.008000000000001,4.635467499174117,0.4416337541866603,0.03196392988261491,6.1368,0.487248966634123,0.5531607103186732,-0.02280644739950254,0.5533854921006333,-0.02091575021928152,1.5020253079235137,-0.0015901227177779094,0.0020253079235137417,0,0,FOLLOWING,1.5020311239114743,0.5501044558335003,0
15.040000000000001,4.6531595362105485,0.4421967927207424,0.031297739685666785,6.154400000000001,0.4868145340759191,0.5529453614868781,-0.022699858908286474,0.553156072973709,-0.02081844446126448,1.5019033500736347,-0.001585903211095526,0.0019033500736347353,0,0,FOLLOWING,1.501909072715306,0.5501093267905066,0
15.072000000000001,4.670845064293112,0.4427478414739885,0.03063462236280403,6.172,0.4863729231541424,0.5527435038050378,-0.022594629716052122,0.5529409714230265,-0.020722417132425244,1.5017886964379343,-0.001581787252465789,0.001788696437934334,0,0,FOLLOWING,1.501794320781926,0.5501142432989161,0
15.104000000000001,4.688524504732693,0.4432869767665021,0.029974538700670142,6.1896,0.4859241403806027,0.5525543451321856,-0.022490705945134696,0.552739347793929,-0.020627615221478893,1.5016809149127013,-0.0015777641264364364,0.0016809149127012812,0,0,FOLLOWING,1.5016864367128442,0.550119210609494,0
15.136000000000001,4.706198253685971,0.4438142725628354,0.029317451034421987,6.2072,0.4854681923728633,0.5523771388493808,-0.022388038413953894,0.5525504104954262,-0.02053399033734697,1.5015795987803333,-0.0015738243304609587,0.0015795987803333134,0,0,FOLLOWING,1.5015850144075016,0.5501242332773046,0
15.168000000000001,4.7238666836049,0.4443298006166974,0.02866332311287517,6.224800000000001,0.48500508585414287,0.5522111814246782,-0.022286582213152113,0.5523734134589937,-0.020441498303162088,1.5014843652512484,-0.001569959445761857,0.0014843652512483985,0,0,FOLLOWING,1.5014896716161878,0.5501293152479867,0
15.200000000000001,4.741530144608651,0.44483363060538134,0.028012119975839415,6.2424,0.4845348276532164,0.5520558100801827,-0.022186296309410183,0.5522076536991484,-0.020350098775328906,1.5013948540838544,-0.0015661620195790774,0.0013948540838544243,0,0,FOLLOWING,1.5014000485696548,0.5501344599332478,0
15.232000000000001,4.7591889657812345,0.445325830254615,0.027363807842844146,6.260000000000001,0.48405742470431484,0.5519104005613986,-0.02208714317654802,0.5520524689769075,-0.020259754887580087,1.5013107262793464,-0.0015624254581051399,0.0013107262793463637,0,0,FOLLOWING,1.5013158066823427,0.5501396702769414,0
15.264000000000001,4.776843456398086,0.44580646545449804,0.026718354012463908,6.2776,0.4835728840470223,0.5517743650081846,-0.021989088453298996,0.5519072355662246,-0.02017043291973202,1.5012316628479658,-0.001558743929407417,0.001231662847965831,0,0,FOLLOWING,1.5012366273260305,0.550144948812878,0
15.296000000000001,4.794493907084845,0.44627560036715697,0.026075726771486958,6.295200000000001,0.4830812128261729,0.5516471499259178,-0.021892100626960936,0.551771366122648,-0.02008210199008431,1.5011573636435183,-0.001555112275667618,0.001157363643518261,0,0,FOLLOWING,1.5011622106708025,0.5501502977154344,0
15.328000000000001,4.812140590911507,0.4467332975267063,0.025435895313166892,6.3128,0.4825824182917447,0.5515282342548894,-0.02179615074197688,0.5516443076527057,-0.0199947337715759,1.5010875462628597,-0.001551525934054148,0.0010875462628596733,0,0,FOLLOWING,1.5010922745902051,0.5501557188438255,0
15.36,4.829783764425089,0.4471796179320726,0.02479882966385054,6.330400000000001,0.48207650779875344,0.5514171275355062,-0.021701212132397965,0.5515255395819293,-0.019908302230025297,1.5010219450072626,-0.0015479808655913703,0.0010219450072626035,0,0,FOLLOWING,1.5010265536275433,0.5501612137808662,0
15.392,4.84742366862385,0.4476146211332001,0.024164500617287924,6.348,0.4815634888071437,0.5513133681665282,-0.021607260177087462,0.5514145719190824,-0.019822783384066036,1.500960309902513,-0.0015444734913944089,0.0009603099025130568,0,0,FOLLOWING,1.500964798020329,0.5501667838668737,0
15.424,4.865060529876027,0.4480383653111258,0.023532879675971948,6.3656,0.4810433688816791,0.5512165217533067,-0.0215142720764781,0.5513109435137309,-0.019738155085469104,1.500902405774814,-0.001541000635675218,0.0009024057748139303,0,0,FOLLOWING,1.500906772779955,0.5501724302293532,0
15.456,4.882694560785974,0.4484509073523776,0.022903938998891562,6.3831999999999995,0.4805161556918305,0.5511261795428088,-0.021422226649649545,0.5512142204040755,-0.01965439681871842,1.5008480113795488,-0.0015375594749539034,0.0008480113795488187,0,0,FOLLOWING,1.5008522568237876,0.5501781538089675,0
15.488,4.900325961010422,0.4488523029181171,0.022277651355106207,6.400799999999999,0.4799818570116632,0.5510419569420937,-0.0213311041504824,0.5511239942517571,-0.01957148951909901,1.5007969185801786,-0.001534147492927962,0.0007969185801786072,0,0,FOLLOWING,1.5008010421569644,0.5501839553822676,0
15.52,4.917954918027571,0.44924260650842435,0.021653990082597215,6.4184,0.4794404807197221,0.5509634921168215,-0.021240886101650328,0.5510398808603626,-0.019489415407790943,1.5007489315745421,-0.0015307624404968384,0.0007489315745421443,0,0,FOLLOWING,1.5007529331012313,0.5501898355815854,0
15.552,4.935581607861519,0.4496218715220873,0.02103292905188674,6.436,0.4788920347989157,0.550890444666362,-0.021151555145207723,0.5509615187740459,-0.019408157842882006,1.500703866166032,-0.0015274023004661005,0.0007038661660319079,0,0,FOLLOWING,1.5007077455683466,0.5501957949124415,0
15.584,4.953206195764494,0.44999015031223866,0.02041444263393888,6.4536,0.4783365273363981,0.5508224943720611,-0.021063094908580385,0.5508885679529253,-0.019327701185552396,1.5006615490771689,-0.0015240652564774172,0.0006615490771688659,0,0,FOLLOWING,1.500665306375596,0.5502018337687842,0
15.616,4.970828836859201,0.45034749423815307,0.019798505671908072,6.4712,0.4777739665234502,0.550759340015271,-0.020975489884773702,0.5508207085216639,-0.019248030679844843,1.500621817303244,-0.001520749665755685,0.0006218173032439545,0,0,FOLLOWING,1.5006254526011382,0.5502079524463235,0
15.648,4.988449676743519,0.450693953713499,0.019185093456320777,6.4887999999999995,0.4772043606553586,0.5507006982617899,-0.02088872532567285,0.5507576395879682,-0.019169132345375543,1.5005845175037786,-0.001517454035282879,0.0005845175037786365,0,0,FOLLOWING,1.5005880309769575,0.5502141511542058,0
15.68,5.006068852059661,0.4510295782513129,0.018574181703319422,6.506399999999999,0.4766277181312931,0.550646302609444,-0.020802787147347956,0.5506990781274952,-0.019090992881636893,1.5005495054296902,-0.0015141770010455302,0.0005495054296902335,0,0,FOLLOWING,1.5005528973173292,0.5502204300252261,0
15.712,5.0236864910297925,0.4513544165059482,0.017965746535617368,6.524,0.47604404745418333,0.5505959023956282,-0.020717661846331642,0.5506447579319937,-0.01901359958328138,1.5005166453841345,-0.0015109173100227127,0.0005166453841345398,0,0,FOLLOWING,1.5005199159808056,0.5502267891247746,0
15.744,5.041302713960042,0.45166851631222765,0.017359764465856346,6.5416,0.475453357230593,0.5505492618617152,-0.02063333642587987,0.5505944286173922,-0.01893694026503926,1.5004858097150984,-0.0015076738046173772,0.0004858097150983731,0,0,FOLLOWING,1.5004889593638069,0.5502332284586613,0
15.776,5.0589176337147,0.45197192472201353,0.016756212382076505,6.5592,0.47485565617059333,0.5505061592713556,-0.020549798331301144,0.5505478546887985,-0.018861003195704308,1.5004568783379373,-0.0015044454092536675,0.00045687833793728316,0,0,FOLLOWING,1.500459907424029,0.55023974797997,0
15.808,5.0765313561623255,0.4522646880383929,0.0161550675350365,6.5767999999999995,0.47425095308763404,0.5504663860798015,-0.020467035393475226,0.550504814659412,-0.018785777040317746,1.5004297382861183,-0.0015012311188862607,0.00042973828611825304,0,0,FOLLOWING,1.500432647231955,0.5502463475950583,0
15.84,5.094143980595384,0.45254685184765664,0.01555630752715591,6.5944,0.473639256898414,0.5504297461514959,-0.020385035779756245,0.5504651002204263,-0.018711250809469487,1.5004042832885438,-0.0014980299891982005,0.00040428328854380524,0,0,FOLLOWING,1.5004070725488448,0.5502530271688113,0
15.872,5.1117556001249636,0.45281846104924317,0.01495991030285913,6.612,0.4730205766227496,0.550396055023292,-0.020303787951499196,0.5504285154592629,-0.01863741381550369,1.5003804133719068,-0.0014948411282749412,0.0003804133719067515,0,0,FOLLOWING,1.5003830834296772,0.5502597865292372,0
15.904,5.129366302052012,0.45307955988379756,0.014365854140136393,6.6296,0.4723949213834413,0.5503651392107823,-0.020223280627508444,0.5503948761233585,-0.018564255634483825,1.500358034486621,-0.0014916636895702835,0.0003580344866209728,0,0,FOLLOWING,1.5003605858495934,0.5502666254714986,0
15.936,5.146976168216478,0.45333019195949004,0.013774117643152404,6.6472,0.4717623004061398,0.5503368355553285,-0.02014350275276675,0.5503640089270884,-0.018491766073451817,1.5003370581549411,-0.0014884968659979736,0.0003370581549411167,0,0,FOLLOWING,1.5003394913524606,0.5502735437614392,0
15.968,5.164585275325635,0.4535704002767239,0.013184679735746966,6.6648,0.47112272301920943,0.550310990609508,-0.020064443471841803,0.5503357508993831,-0.0184199351425574,1.5003174011399842,-0.001485339884994486,0.00031740113998424135,0,0,FOLLOWING,1.5003197167202906,0.5502805411386729,0
16.0,5.182193695262848,0.45380022725135244,0.012597519655699435,6.6823999999999995,0.470476198653591,0.5502874600587921,-0.019986092106430913,0.5503099487697278,-0.018348753031184797,1.5002989851343989,-0.00148219200442265,0.00029898513439885477,0,0,FOLLOWING,1.5003011836622484,0.5502876173192934,0
16.032,5.199801495377891,0.4540197147365169,0.012012616949630394,6.7,0.46982273684266246,0.5502661081773926,-0.019908438136540713,0.55028645839039,-0.018278210088041803,1.5002817364675547,-0.0014790525091908163,0.00028173646755469406,0,0,FOLLOWING,1.5002838185221445,0.5502947719982448,0
16.064,5.217408738759945,0.4542289040432069,0.011429951468445701,6.7176,0.46916234722209843,0.5502468073163101,-0.019831471184854423,0.5502651441927766,-0.018208296804209753,1.500265585830124,-0.0014759207084887298,0.00026558583012392667,0,0,FOLLOWING,1.50026755200328,0.5503020048513985,0
16.096,5.235015484494278,0.45442783595963565,0.010849503363225602,6.7352,0.4684950395297281,0.5502294374217269,-0.0197551810038726,0.5502458786760268,-0.018139003799235567,1.5002504680150643,-0.0014727959335409622,0.00025046801506434235,0,0,FOLLOWING,1.5002523189096535,0.5503093155373798,0
16.128,5.252621787903585,0.4546165507695195,0.010271253081478277,6.7528,0.46782082360539173,0.5502138855819839,-0.019679557465454346,0.5502285419258501,-0.01807032180974279,1.5002363216739958,-0.00146967753579514,0.0002363216739957874,0,0,FOLLOWING,1.5002380579025438,0.5503167036991643,0
16.16,5.270227700774893,0.4547950882693378,0.009695181363695016,6.7704,0.4671397093907954,0.5502000456014744,-0.019604590552434294,0.5502130211619998,-0.018002241680005665,1.5002230890880783,-0.001466564885477084,0.00022308908807833205,0,0,FOLLOWING,1.5002247112715634,0.5503241689654813,0
16.192,5.287833271572901,0.4549634877846491,0.009121269240144518,6.788,0.4664517069293646,0.5501878175998788,-0.019530270352008435,0.5501992103125869,-0.01793475435447737,1.5002107159525235,-0.0014634573704484944,0.00021071595252353248,0,0,FOLLOWING,1.5002122247193221,0.5503317109520408,0
16.224,5.305438545640537,0.45512178818552956,0.008549498027850615,6.8056,0.46575682636609594,0.5501771076352586,-0.01945658705062709,0.5501870096137711,-0.017867850872056928,1.5001991511739374,-0.0014603543953063437,0.00019915117393742854,0,0,FOLLOWING,1.5002005471589048,0.5503393292626179,0
16.256,5.323043565387526,0.4552700279011954,0.007979849327723425,6.8232,0.46505507794740764,0.5501678273496,-0.019383530930158384,0.5501763252332303,-0.01780152236129465,1.5001883466797146,-0.001457255380690245,0.0001883466797145683,0,0,FOLLOWING,1.5001896305233828,0.550347023489999,0
16.288,5.34064837046766,0.4554082449338684,0.007412305021791516,6.8408,0.46434647202098844,0.5501598936354852,-0.019311092365109615,0.5501670689161156,-0.017735760037236627,1.500178257238784,-0.0014541597627416598,0.00017825723878406308,0,0,FOLLOWING,1.5001794295866648,0.5503547932168183,0
16.32,5.35825299794545,0.45553647687193477,0.006846847270516625,6.8584,0.4636310190356451,0.5501532283226401,-0.019239261820728142,0.5501591576520716,-0.01767055519884339,1.500168840293016,-0.0014510669926916884,0.00016884029301600378,0,0,FOLLOWING,1.5001699017949897,0.5503626380162888,0
16.352,5.375857482452801,0.4556547609024487,0.006283458510164157,6.876,0.46290872954114815,0.5501477578831816,-0.019168029851810826,0.5501525133621561,-0.017605899227247795,1.5001600557986672,-0.0014479765365473763,0.00016005579866718023,0,0,FOLLOWING,1.5001610071084555,0.5503705574528485,0
16.384,5.393461856336293,0.45576313382302247,0.005722121450200288,6.8936,0.4621796141880765,0.5501434131544551,-0.01909738710209415,0.550147062604383,-0.01754178358492346,1.5001518660772546,-0.0014448878748420406,0.0001518660772545921,0,0,FOLLOWING,1.5001527078519612,0.5503785510827274,0
16.416,5.411066149795641,0.45586163205314706,0.005162819070713374,6.9112,0.4614436837276603,0.5501401290784145,-0.019027324304092572,0.5501427362969048,-0.01747819981492457,1.5001442356753072,-0.0014418005024445378,0.0001442356753071916,0,0,FOLLOWING,1.5001449685750128,0.5503866184544504,0
16.448,5.428670391005889,0.45595033245910926,0.004605725636289737,6.9288,0.46070094901162245,0.5501378449039374,-0.018957937488197827,0.5501394751175825,-0.017409170275972392,1.5001371311111702,-0.00143893215166515,0.00013713111117019672,0,0,FOLLOWING,1.5001377557933184,0.5503947591092805,0
16.48,5.446274606264896,0.45602922865088374,0.004050612192868525,6.946400000000001,0.4599514209920184,0.5501365030795419,-0.01888918761552658,0.5501372058290607,-0.017347295552374433,1.5001305211619633,-0.001436041824171255,0.0001305211619633262,0,0,FOLLOWING,1.5001310382917719,0.5504029725816081,0
16.512,5.463878820095958,0.45609835569630175,0.00349746376340911,6.964,0.459195110721075,0.5501360493177424,-0.01882104169833296,0.5501358778321248,-0.017285888861369347,1.5001243762729746,-0.0014331301166719689,0.000124376272974569,0,0,FOLLOWING,1.5001247865177636,0.5504112583992968,0
16.544,5.481483055353112,0.45615774908313494,0.0029462657820295097,6.9816,0.45843202935102734,0.5501364325636099,-0.018753472008351264,0.5501354371723131,-0.01722493735421497,1.5001186686284027,-0.00143019829571791,0.0001186686284027072,0,0,FOLLOWING,1.50011897265727,0.5504196160839907,0
16.576,5.499087333317395,0.45620744385153844,0.0023970039286226397,6.9992,0.45766218813395415,0.5501376047998892,-0.018686455101288663,0.5501358328197946,-0.01716443335045413,1.5001133720564335,-0.001427247550519652,0.00011337205643346948,0,0,FOLLOWING,1.5001135705400703,0.5504280451513872,0
16.608,5.516691673792112,0.4562474746103575,0.0018496641188777752,7.0168,0.4568855984216122,0.5501395208637196,-0.01861997101689086,0.5501370167594075,-0.017104369481456976,1.50010846193208,-0.0014242789906065434,0.00010846193207991739,0,0,FOLLOWING,1.500108555542621,0.5504365451114782,0
16.64,5.534296095193213,0.45627787557453314,0.0013042324914274354,7.0344,0.4561022716652686,0.5501421382745689,-0.018554002627398508,0.5501389438362378,-0.017044738780251204,1.500103915084986,-0.001421293654923987,0.00010391508498597268,0,0,FOLLOWING,1.5001039044958702,0.5504451154687666,0
16.672,5.551900614634305,0.4562986805954249,0.000760695394406667,7.0520000000000005,0.4553122194155323,0.5501454170726482,-0.01848853510527112,0.550141571584564,-0.016985534699885223,1.5000997097127233,-0.0014182925158527245,9.970971272332818e-05,0,0,FOLLOWING,1.5000995955985745,0.5504537557224597,0
16.704,5.5695052480065295,0.45630992318491054,0.00021903937273929077,7.0696,0.45451545332218324,0.5501493196671433,-0.018423555487229258,0.5501448600648315,-0.016926751090711033,1.5000958252993177,-0.0014152764800223262,9.58252993177311e-05,0,0,FOLLOWING,1.5000956083358468,0.5504624653666408,0
16.736,5.587110010053607,0.45631163653476836,-0.00032074884306781547,7.0872,0.45371198513400135,0.5501538106936484,-0.018359052316629487,0.5501487717104598,-0.01686838215325852,1.5000922425386967,-0.0014122463876864604,9.224253869666299e-05,0,0,FOLLOWING,1.5000919234026087,0.5504712438904248,0
16.768,5.604714914442326,0.45630385353253644,-0.0008586823462193534,7.1048,0.4529018266985924,0.5501588568802341,-0.01829501534996424,0.5501532711839414,-0.016810422378514354,1.5000889432627498,-0.0014092030118465514,8.894326274977438e-05,0,0,FOLLOWING,1.5000885226316694,0.550480090778099,0
16.8,5.622319973828754,0.4562866067747599,-0.0013947740609067856,7.122400000000001,0.4520849899622139,0.5501644269216228,-0.018231435316171957,0.5501583252419197,-0.016752866484814256,1.5000859103737256,-0.0014061470578241085,8.591037372562838e-05,0,0,FOLLOWING,1.500085388926129,0.5504890055092512,0
16.832,5.639925199920436,0.456259928578301,-0.0019290367476558358,7.140000000000001,0.45126148696959906,0.5501704913609705,-0.01816830371963876,0.5501639026084382,-0.016695709357603093,1.500083127780678,-0.0014030791636284927,8.31277806780939e-05,0,0,FOLLOWING,1.5000825061958416,0.5504979875588802,0
16.864,5.657530603534805,0.4562238509902079,-0.0024614830069469387,7.1576,0.45043132986377854,0.5501770224788003,-0.018105612679448966,0.5501699738560759,-0.016638945995464602,1.5000805803397552,-0.0013999999012388187,8.058033975522072e-05,0,0,FOLLOWING,1.5000798592977036,0.5505070363975062,0
16.896,5.6751361946540575,0.45617840579649443,-0.0029921252813957045,7.1752,0.4495945308859018,0.5501839941886436,-0.018043354798755986,0.5501765112943597,-0.016582571465121914,1.500078253798044,-0.0013969097787358256,7.825379804393684e-05,0,0,FOLLOWING,1.500077433979513,0.5505161514912623,0
16.928,5.692741982476691,0.4561236245300805,-0.0035209758567707828,7.1928,0.4487511023750569,0.5501913819389872,-0.017981523059200002,0.5501834888650008,-0.01652658086510647,1.500076134740796,-0.0013938092431634592,7.61347407960411e-05,0,0,FOLLOWING,1.5000752168271965,0.5505253323019855,0
16.96,5.7103479754659245,0.45605953847806746,-0.004048046862144576,7.2104,0.4479010567680879,0.5501991626211374,-0.01792011073608002,0.550190882043617,-0.016470969298659415,1.5000742105417955,-0.001390698683932618,7.421054179546083e-05,0,0,FOLLOWING,1.5000731952151858,0.5505345782872975,0
16.992,5.727954181395183,0.4559861786884684,-0.004573350269422833,7.228000000000001,0.4470444065994118,0.5502073144826418,-0.01785911133073191,0.550198667747409,-0.016415731854321443,1.5000724693166962,-0.001387578436590692,7.246931669624423e-05,0,0,FOLLOWING,1.50007135725976,0.5505438889006803,0
17.024,5.745560607390818,0.45590357597648007,-0.005096897892478437,7.2456000000000005,0.446181164500834,0.55021581704593,-0.01779851851706719,0.5502068242485211,-0.016360863593564614,1.5000708998791448,-0.0013844487867826557,7.089987914477014e-05,0,0,FOLLOWING,1.5000696917751717,0.5505532635915455,0
17.056,5.763167259978323,0.455811801744819,-0.005618892404017266,7.2632,0.4453113432013614,0.5502246509222176,-0.017738243954296153,0.5502153240864598,-0.016312328856170365,1.5000694919791435,-0.001381146164051667,6.949197914352112e-05,0,0,FOLLOWING,1.5000681885069012,0.5505627018053016,0
17.088,5.780774145072919,0.45571083702724224,-0.006139133379805404,7.2808,0.4444349555270154,0.5502337978911306,-0.01767830427795837,0.5502241620514728,-0.01625753086023387,1.500068235432418,-0.0013778497982020145,6.823543241796237e-05,0,0,FOLLOWING,1.5000668372774466,0.5505722029834168,0
17.12,5.798381268088555,0.4556007125010245,-0.006657633839258392,7.298400000000001,0.443552014400642,0.5502432409030601,-0.017618711398532168,0.5502333130597924,-0.016203139720925627,1.5000671209019738,-0.001374558513558585,6.712090197380505e-05,0,0,FOLLOWING,1.5000656287503082,0.5505817665634779,0
17.152,5.815988633935875,0.45548145948020335,-0.007174406665621471,7.316000000000001,0.44266253284172186,0.5502529638985849,-0.01755947357956108,0.5502427597393459,-0.016149151183102683,1.5000661396090929,-0.0013712716388699382,6.613960909285233e-05,0,0,FOLLOWING,1.500064554147155,0.5505913919792429,0
17.184,5.8335962470576,0.45535310885936103,-0.0076894644396668195,7.333600000000001,0.4417665239661783,0.5502629517493967,-0.01750059610329677,0.5502524860352903,-0.016095555794483834,1.5000652832894792,-0.0013679884688515649,6.528328947918993e-05,0,0,FOLLOWING,1.5000636052040954,0.5506010786606996,0
17.216,5.851204111458215,0.45521569112377547,-0.008202819457586356,7.3512,0.44086400098618356,0.550273190202184,-0.017442081809636457,0.550262476849666,-0.016042344661931326,1.5000645441620388,-0.0013647082524475863,6.454416203882651e-05,0,0,FOLLOWING,1.5000627741404653,0.5506108260341119,0
17.248,5.868812230731318,0.45506923638997127,-0.008714483742994678,7.3688,0.4399549772099639,0.5502836658260072,-0.01738393154281918,0.5502727179593211,-0.015989509267399508,1.5000639149003614,-0.0013614302073036467,6.39149003613948e-05,0,0,FOLLOWING,1.5000620536303038,0.5506206335220734,0
17.28,5.8864206080852455,0.4549137744411685,-0.009224469054932051,7.3864,0.43903946604160415,0.5502943659629582,-0.017326144523136792,0.5502831959604524,-0.01593704134293704,1.500063388606002,-0.0013581535348928739,6.338860600196838e-05,0,0,FOLLOWING,1.500061436775631,0.5506305005435523,0
17.312,5.904029246367165,0.4547493347572339,-0.009732786893660023,7.404000000000001,0.438117480980849,0.5503052786818838,-0.017268718656796307,0.550293898219168,-0.015884932801705814,1.5000629587833625,-0.0013548774342362366,6.295878336248784e-05,0,0,FOLLOWING,1.5000609170813297,0.5506404265139392,0
17.344,5.921638148085727,0.4545759465398773,-0.010239448505439157,7.421600000000001,0.4371890356229047,0.5503163927349491,-0.017211650794314477,0.5503048128254299,-0.015833175706171338,1.5000626193160507,-0.0013516011135173683,6.261931605067161e-05,0,0,FOLLOWING,1.5000604884315023,0.5506504108450898,0
17.376,5.93924731543236,0.45439363873379834,-0.010744464886974553,7.4392000000000005,0.43625414365823834,0.5503276975168481,-0.017154936945804958,0.5503159285499869,-0.015781762257723524,1.5000623644446478,-0.0013483237993741346,6.23644446478e-05,0,0,FOLLOWING,1.5000601450672322,0.5506604529453711,0
17.408,5.956856750301292,0.4542024400444113,-0.011247846789918489,7.4568,0.43531281887237594,0.5503391830264801,-0.01709857245999046,0.5503272348039803,-0.015730684798458985,1.500062188745768,-0.0013450447438930618,6.218874576791045e-05,0,0,FOLLOWING,1.5000598815656478,0.5506705522197043,0
17.44,5.974466454308375,0.45400237895271256,-0.011749604725568259,7.474400000000001,0.43436507514569905,0.5503508398309251,-0.017042552172624664,0.5503387216009964,-0.015679935817282522,1.5000620871123505,-0.0013417632295408544,6.208711235045072e-05,0,0,FOLLOWING,1.5000596928202097,0.550680708069608,0
17.472,5.992076428808782,0.4537934837277868,-0.012249748969793537,7.492000000000001,0.43341092645324064,0.5503626590315651,-0.016986870529091647,0.5503503795213449,-0.01562950795707897,1.5000620547350931,-0.0013384785723272328,6.205473509313109e-05,0,0,FOLLOWING,1.500059574022147,0.550690919893238,0
17.504,6.009686674913624,0.45357578243738383,-0.012748289568132525,7.509600000000001,0.4324503868644782,0.5503746322322193,-0.016931521685258133,0.5503621996784517,-0.01557939401998792,1.5000620870849923,-0.0013351901235459825,6.208708499233495e-05,0,0,FOLLOWING,1.5000595206429925,0.55070118708543,0
17.536,6.027297193505585,0.45334930295694054,-0.01324523634098066,7.527200000000001,0.43148347054312697,0.55038675150916,-0.016876499590033827,0.5503741736872263,-0.015529586970297018,1.500062179896878,-0.0013318972704157682,6.217989687806735e-05,0,0,FOLLOWING,1.5000595284181204,0.5507115090377412,0
17.568,6.044907985253592,0.45311407297736017,-0.013740598888786105,7.5448,0.4305101917469308,0.5503990093828978,-0.01682179805261007,0.5503862936341846,-0.015480079934651928,1.5000623291539321,-0.0013285994359146912,6.232915393211691e-05,0,0,FOLLOWING,1.5000595933312615,0.5507218851384884,0
17.6,6.0625190506266,0.45287012001180993,-0.014234386597174159,7.5624,0.4295305648274516,0.550411398791627,-0.01676741079692828,0.5503985520493682,-0.015430866199837384,1.500062531073107,-0.0013252960780566203,6.253107310705275e-05,0,0,FOLLOWING,1.5000597115999235,0.5507323147727894,0
17.632,6.080130389906546,0.4526174714017485,-0.014726608641949374,7.580000000000001,0.42854460422985863,0.5504239130662336,-0.01671333150553009,0.5504109418798823,-0.015381939208953263,1.5000627820913925,-0.0013219866888002187,6.278209139254365e-05,0,0,FOLLOWING,1.5000598796616553,0.5507427973226052,0
17.664,6.097742003200498,0.45235615432235293,-0.015217273993935592,7.597600000000001,0.4275523244927145,0.5504365459067693,-0.016659553854639637,0.5504234564649254,-0.015333292556351805,1.500063078852898,-0.0013186707927423293,6.307885289791315e-05,0,0,FOLLOWING,1.5000600941611324,0.5507533321667752,0
17.696,6.115353890452075,0.45208619578747705,-0.015706391423640557,7.615200000000001,0.42655374024776127,0.5504492913603117,-0.01660607154201838,0.5504360895123351,-0.015284919982153627,1.5000634181966899,-0.0013153479456946213,6.341819668986837e-05,0,0,FOLLOWING,1.5000603519379894,0.5507639186810603,0
17.728,6.13296605145216,0.4518076226542436,-0.016193969505733617,7.6328000000000005,0.4255488662197048,0.5504621438001253,-0.016552878308902744,0.5504488350764566,-0.015236815366407877,1.50006379714534,-0.0013120177332216557,6.379714534010539e-05,0,0,FOLLOWING,1.5000606500153713,0.5507745562381814,0
17.76,6.150578485848956,0.45152046162734666,-0.016680016623346963,7.650400000000001,0.42453771722599726,0.550475097906049,-0.016499967957105868,0.5504616875373367,-0.015188972723577677,1.5000642128941555,-0.001308679769180341,6.421289415547982e-05,0,0,FOLLOWING,1.50006098558916,0.5507852442078599,0
17.792,6.168191193157432,0.4512247392631215,-0.017164540972210717,7.668000000000001,0.42352030817661884,0.5504881486460378,-0.01644733436217649,0.550474641581139,-0.015141386197347536,1.500064662801027,-0.0013053336942867241,6.46628010270156e-05,0,0,FOLLOWING,1.5000613560178273,0.5507959819568543,0
17.824,6.185804172768177,0.45092048197342427,-0.017647550564645054,7.685600000000001,0.4224966540738582,0.5505012912587941,-0.016394971483352252,0.5504876921817106,-0.01509405005615553,1.5000651443768886,-0.0013019791747132838,6.514437688864838e-05,0,0,FOLLOWING,1.5000617588128886,0.550806768849002,0
17.856,6.203417423955716,0.4506077160293496,-0.018129053233412917,7.703200000000001,0.4214667700120906,0.5505145212374221,-0.016342873370916382,0.5505008345832247,-0.015046958688837769,1.5000656552767322,-0.0012986159007328246,6.565527673219052e-05,0,0,FOLLOWING,1.5000621916299206,0.550817604245258,0
17.888,6.221030945886309,0.4502864675648098,-0.018609056635460593,7.7208000000000006,0.4204306711775559,0.5505278343140478,-0.016291034171447432,0.5505140642838686,-0.015000106601123005,1.5000661932911479,-0.0012952435853937384,6.619329114787575e-05,0,0,FOLLOWING,1.500062652260099,0.5508284875037338,0
17.92,6.238644737625261,0.4499567625799896,-0.01908756825554816,7.7384,0.4193883728481342,0.5505412264453494,-0.016239448131362896,0.5505273770204856,-0.014953488412190866,1.500066756338371,-0.001291861963235722,6.675633837094352e-05,0,0,FOLLOWING,1.500063138622247,0.5508394179797376,0
17.952,6.256258798143795,0.4496186269446885,-0.019564595409791278,7.756000000000001,0.41833989039312075,0.5505546937989411,-0.016188109599082644,0.550540768754143,-0.014907098851903377,1.500067342456784,-0.0012884707890291475,6.73424567840808e-05,0,0,FOLLOWING,1.5000636487553356,0.5508503950258142,0
17.984,6.273873126325479,0.4492720864015585,-0.02004014524910913,7.773600000000001,0.41728523927299976,0.5505682327405637,-0.01613701302608522,0.5505542356565241,-0.014860932757869821,1.5000679497978686,-0.0012850698365493886,6.79497978686161e-05,0,0,FOLLOWING,1.5000641808114363,0.5508614179917826,0
18.016000000000002,6.29148772097226,0.44891716656924463,-0.020514224762593188,7.791200000000001,0.41622443503921547,0.5505818398220346,-0.01608615296706479,0.5505677740971615,-0.014814985072973607,1.5000685766195743,-0.0012816588973752346,6.857661957426764e-05,0,0,FOLLOWING,1.500064733049087,0.5508724862247768,0
18.048000000000002,6.309102580810124,0.4485538929454338,-0.020986840780792167,7.808800000000001,0.4151574933339435,0.550595511769912,-0.01603552407937375,0.55058138063139,-0.014769250842752485,1.5000692212800673,-0.001278237779718274,6.922128006725536e-05,0,0,FOLLOWING,1.5000653038270444,0.5508835990692871,0
18.080000000000002,6.326717704494395,0.44818229090981665,-0.021457999978916335,7.826400000000001,0.41408442988986033,0.5506092454748316,-0.015985121121895714,0.5505950519890412,-0.014723725212880281,1.5000698822318586,-0.001274806307282994,6.988223185855347e-05,0,0,FOLLOWING,1.5000658915984075,0.5508947558671973,0
18.112000000000002,6.344333090614702,0.4478023857269681,-0.021927708879960622,7.844000000000001,0.4130052605299107,0.550623037981475,-0.015934938953472668,0.5506087850638113,-0.014678403426626333,1.500070558016267,-0.001271364318162372,7.05580162669861e-05,0,0,FOLLOWING,1.500066494905085,0.5509059559578235,0
18.144000000000002,6.361948737699636,0.4474142025491494,-0.022395973857745236,7.861600000000001,0.4119200011670747,0.5506368864791369,-0.015884972530983536,0.5506225769032392,-0.014633280822280895,1.500071247258219,-0.001267911663769404,7.124725821894273e-05,0,0,FOLLOWING,1.500067112372588,0.5509171986779583,0
18.176000000000002,6.379564644221106,0.4470177664190375,-0.022862801139872713,7.879200000000001,0.41082866780413335,0.550650788292851,-0.01583521690716674,0.5506364246992879,-0.014588352830539933,1.5000719486613472,-0.00126444820781094,7.194866134718758e-05,0,0,FOLLOWING,1.5000677427051339,0.5509284833619073,0
18.208000000000002,6.397180808598424,0.4466131022723858,-0.023328196810596724,7.896800000000001,0.409731276533432,0.5506647408750461,-0.015785667228246446,0.5506503257794729,-0.014543614971752675,1.5000726610033783,-0.001260973825309944,7.266100337832704e-05,0,0,FOLLOWING,1.500068384681031,0.5509398093415316,0
18.240000000000002,6.414797229202123,0.44620023494061867,-0.023792166813608344,7.9144000000000005,0.4086278435366434,0.5506787417976996,-0.015736318731435342,0.5506642775985622,-0.014499062853335548,1.5000733831318003,-0.0012574884016715614,7.338313180027534e-05,0,0,FOLLOWING,1.5000690371483478,0.5509511759462871,0
18.272000000000002,6.432413904357542,0.4457791891533658,-0.02425471695473068,7.932000000000001,0.40751838508452926,0.5506927887449565,-0.01568716674235265,0.5506782777307114,-0.014454692166915258,1.50007411395977,-0.0012539918318058875,7.411395976997248e-05,0,0,FOLLOWING,1.5000696990208173,0.5509625825032641,0
18.304000000000002,6.4500308323481645,0.44534998954093746,-0.024715852904531026,7.949600000000001,0.40640291753669994,0.5507068795061922,-0.015638206672409893,0.5506923238621098,-0.014410498685747735,1.500074852462278,-0.0012504840192987983,7.485246227800779e-05,0,0,FOLLOWING,1.5000703692740043,0.5509740283372272,0
18.336000000000002,6.467648011418755,0.44491266063674684,-0.025175580200846606,7.967200000000001,0.40528145734137366,0.5507210119694893,-0.015589434016183883,0.5507064137840476,-0.014366478262016312,1.5000755976725333,-0.0012469648756378154,7.559767253328964e-05,0,0,FOLLOWING,1.5000710469416867,0.5509855127706579,0
18.368000000000002,6.485265439778289,0.4444672268796794,-0.025633904251223347,7.984800000000001,0.4041540210351335,0.5507351841155036,-0.015540844348826374,0.5507205453864036,-0.014322626824118665,1.500076348678555,-0.0012434343194946233,7.634867855510485e-05,0,0,FOLLOWING,1.5000717311124476,0.5509970351237946,0
18.400000000000002,6.502883115602688,0.44401371261641426,-0.026090830335275865,8.002400000000002,0.40302062524268356,0.5507493940117001,-0.015492433323509481,0.5507347166515013,-0.014278940374200312,1.500077104619978,-0.0012398922760575787,7.710461997789686e-05,0,0,FOLLOWING,1.5000724209264824,0.5510085947146734,0
18.432000000000002,6.52050103703738,0.44355214210369975,-0.02654636360696712,8.020000000000001,0.4018812866766047,0.5507636398069338,-0.015444196668946872,0.5507489256483851,-0.014235414985647,1.5000778646850315,-0.0012363386764172105,7.786468503145905e-05,0,0,FOLLOWING,1.5000731155725784,0.5510201908591681,0
18.464,6.538119202199692,0.4430825395105839,-0.027000509096807304,8.037600000000001,0.4007360221371069,0.5507779197263547,-0.015396130186989746,0.5507631705273773,-0.014192046800558956,1.5000786281077119,-0.001232773457007015,7.862810771186446e-05,0,0,FOLLOWING,1.5000738142852768,0.5510318228710329,0
18.496,6.555737609181084,0.4426049289206047,-0.027453271713984085,8.0552,0.39958484851178216,0.5507922320666225,-0.015348229750314642,0.5507774495150038,-0.014148832027607493,1.5000793941651085,-0.0012291965590879757,7.939416510849284e-05,0,0,FOLLOWING,1.5000745163422171,0.5510434900619392,0
18.528,6.573356256049235,0.4421193343339391,-0.027904656248420086,8.072799999999999,0.39842778277535545,0.5508065751914081,-0.015300491300208881,0.5507917609092257,-0.014105766939758652,1.5000801621749025,-0.001225607928281549,8.016217490247612e-05,0,0,FOLLOWING,1.5000752210616133,0.5510551917415227,0
18.56,6.59097514084999,0.44162577966951516,-0.028354667372762488,8.090399999999999,0.3972648419894343,0.5508209475271656,-0.015252910844462442,0.550806103074905,-0.014062847872155199,1.5000809314929915,-0.0012220075141491336,8.093149299148727e-05,0,0,FOLLOWING,1.500075927799897,0.5510669272174231,0
18.592,6.608594261609178,0.4411242887670865,-0.028803309644311936,8.107999999999999,0.3960960433022571,0.5508353475591617,-0.015205484455358902,0.5508204744396374,-0.014020071220217652,1.5000817015112755,-0.0012183952698088182,8.170151127551151e-05,0,0,FOLLOWING,1.5000766359494908,0.551078695795323,0
18.624,6.626213616334306,0.4406148853892719,-0.029250587506888887,8.125599999999999,0.39492140394844105,0.5508497738277446,-0.01515820826778046,0.5508348734897297,-0.013977433437688739,1.5000824716555643,-0.001214771151594081,8.247165556429792e-05,0,0,FOLLOWING,1.5000773449367228,0.5510904967789898,0
18.656,6.643833203016142,0.4400975932235615,-0.029696505292645205,8.1432,0.39374094124872644,0.5508642249248391,-0.015111078477410642,0.5508492987665289,-0.013934931034926528,1.500083241383607,-0.0012111351187479025,8.324138360693567e-05,0,0,FOLLOWING,1.5000780542198517,0.5511023294703213,0
18.688,6.661453019630185,0.4395724358842895,-0.030141067223822236,8.160799999999998,0.3925546726097231,0.5508786994906532,-0.015064091339048959,0.5508637488628726,-0.013892560577224756,1.5000840101832362,-0.0012074871331486207,8.401018323622722e-05,0,0,FOLLOWING,1.5000787632872121,0.551114193169378,0
18.72,6.679073064138037,0.4390394369145758,-0.0305842774144604,8.1784,0.39136261552365215,0.55089319621059,-0.015017243165018278,0.5508782224198271,-0.01385031868330544,1.5000847775706427,-0.0012038271590669065,8.477757064273561e-05,0,0,FOLLOWING,1.500079471655485,0.5511260871744409,0
18.752,6.696693334488683,0.43849861978823657,-0.03102613987205815,8.196,0.3901647875680888,0.5509077138123405,-0.014970530323675076,0.5508927181236001,-0.013808202023731894,1.50008554308871,-0.0012001551629539366,8.554308870989402e-05,0,0,FOLLOWING,1.5000801788680402,0.5511380107820344,0
18.784,6.714313828619682,0.43795000791166566,-0.03146665849919247,8.2136,0.38896120640570364,0.5509222510631597,-0.014923949238009254,0.5509072347026384,-0.013766207319706805,1.500086306305488,-0.0011964711132496086,8.63063054878932e-05,0,0,FOLLOWING,1.5000808844934015,0.5511499632869833,0
18.816,6.731934544458268,0.4373936246256869,-0.031905837095095715,8.2312,0.387751889784001,0.550936806767308,-0.014877496384335763,0.5509217709248847,-0.013724331341712614,1.5000870668127395,-0.0011927749802179838,8.706681273951133e-05,0,0,FOLLOWING,1.500081588123799,0.551161943982448,0
18.848,6.749555479922384,0.436829493207378,-0.03234367935719504,8.2488,0.38653685553505807,0.5509513797636464,-0.014831168291064187,0.5509363255952612,-0.01368257090833262,1.5000878242245683,-0.0011890667358015958,8.78242245683225e-05,0,0,FOLLOWING,1.5000822893737895,0.5511739521599667,0
18.88,6.767176632921633,0.4362576368718678,-0.03278018888261562,8.266399999999999,0.38531612157526207,0.550965968923384,-0.0147849615375506,0.5509508975532321,-0.01364092288513361,1.5000885781761377,-0.0011853463534958963,8.857817613772134e-05,0,0,FOLLOWING,1.500082987878982,0.5511859871095014,0
18.912,6.7847980013581735,0.4356780787741066,-0.033215369169651066,8.283999999999999,0.38408970590504554,0.5509805731479611,-0.014738872753024091,0.5509654856705692,-0.013599384183626561,1.5000893283224574,-0.0011816138082403962,8.932832245744926e-05,0,0,FOLLOWING,1.500083683294823,0.5511980481194749,0
18.944,6.802419583127534,0.43509084201061043,-0.033649223619201835,8.301599999999999,0.3828576266086209,0.5509951913670634,-0.014692898615574596,0.5509800888492422,-0.01355795176027602,1.500090074337247,-0.0011778690763253885,9.007433724694813e-05,0,0,FOLLOWING,1.5000843752954571,0.5512101344768164,0
18.976,6.820041376119383,0.4344959496211802,-0.03408175553618608,8.319199999999999,0.3816199018537146,0.5510098225367595,-0.014647035851212645,0.5509947060194196,-0.013516622615634402,1.5000908159118658,-0.0011741121353099765,9.081591186577143e-05,0,0,FOLLOWING,1.5000850635726535,0.551222245467003,0
19.008,6.837663378218237,0.4338934245905959,-0.03451296813092219,8.3368,0.38037654989129827,0.5510244656377533,-0.01460128123297998,0.5510093361376334,-0.013475393793458624,1.5000915527543035,-0.0011703429639544766,9.155275430350329e-05,0,0,FOLLOWING,1.5000857478348026,0.5512343803741042,0
19.04,6.855285587304115,0.43328328985028636,-0.03494286452048543,8.3544,0.3791275890553199,0.5510391196737462,-0.014555631580120399,0.5510239781850049,-0.013434262379901613,1.5000922845882256,-0.0011665615421627138,9.22845882256329e-05,0,0,FOLLOWING,1.5000864278059614,0.551246538480822,0
19.072,6.872908001253147,0.43266556827997577,-0.03537144773004031,8.372,0.3778730377624341,0.5510537836699004,-0.014510083757293814,0.5510386311656393,-0.01339322550275076,1.500093011152092,-0.0011627678509333259,9.301115209203736e-05,0,0,FOLLOWING,1.5000871032249683,0.5512587190685341,0
19.104,6.890530617938136,0.43204028270930617,-0.0357987206941544,8.3896,0.3766129145117293,0.5510684566713973,-0.014464634673839861,0.5510532941050533,-0.013352280330852891,1.5000937321983072,-0.0011589618723166703,9.373219830721702e-05,0,0,FOLLOWING,1.500087773844589,0.5512709214173376,0
19.136,6.908153435229075,0.4314074559194376,-0.036224686258082055,8.4072,0.37534723788445645,0.5510831377420895,-0.014419281283078986,0.5510679660487714,-0.013311424073169252,1.5000944474924363,-0.0011551435893855447,9.444749243625594e-05,0,0,FOLLOWING,1.5000884394307419,0.5512831448060924,0
19.168,6.925776450993629,0.43076711064462525,-0.036649347179036985,8.4248,0.37407602654375366,0.5510978259632339,-0.01437402058165718,0.5510826460609555,-0.013270653978428868,1.5000951568124559,-0.0011513129862050428,9.515681245586549e-05,0,0,FOLLOWING,1.5000890997617415,0.5512953885124618,0
19.2,6.943399663097572,0.43011926957377483,-0.03707270612744249,8.4424,0.3727992992343718,0.5511125204323076,-0.014328849608915761,0.5510973332231597,-0.013229967334431339,1.5000958599480572,-0.0011474700478091154,9.585994805716425e-05,0,0,FOLLOWING,1.5000897546276055,0.5513076518129552,0
19.232,6.9610230694052,0.4294639553519758,-0.03749476568816216,8.459999999999999,0.37151707478239815,0.5511272202618968,-0.014283765446297874,0.5511120266331212,-0.013189361467436373,1.5000965566999849,-0.0011436147601838684,9.655669998487326e-05,0,0,FOLLOWING,1.5000904038293887,0.5513199339829752,0
19.264,6.9786466677797,0.42880119058201355,-0.03791552836171407,8.477599999999999,0.37022937209497825,0.5511419245786575,-0.014238765216782235,0.5511267254036772,-0.013148833741645877,1.5000972468794196,-0.0011397471102543506,9.724687941958798e-05,0,0,FOLLOWING,1.5000910471785678,0.5513322342968567,0
19.296,6.996270456083499,0.42813099782586,-0.038334996565472575,8.4952,0.3689362101600374,0.5511566325223443,-0.014193846084340144,0.5511414286617072,-0.013108381558817649,1.500097930307396,-0.0011358670858694492,9.793030739602138e-05,0,0,FOLLOWING,1.500091684496461,0.551344552027914,0
19.328,7.013894432178576,0.4274533996061437,-0.038753172634847274,8.512799999999999,0.36763760804600104,0.551171343244896,-0.014149005253412264,0.5511561355471875,-0.01306800235755443,1.500098606814241,-0.0011319746757973217,9.860681424100903e-05,0,0,FOLLOWING,1.5000923156136654,0.5513568864484741,0
19.36,7.031518593926754,0.426768418407599,-0.0391700588244535,8.5304,0.36633358490151285,0.5511860559095872,-0.014104239968413604,0.551170845212243,-0.013027693613033324,1.5000992762390826,-0.0011280698697158156,9.927623908256855e-05,0,0,FOLLOWING,1.5000929403695564,0.5513692368299354,0
19.392,7.049142939189966,0.4260760766784952,-0.03958565730926626,8.548,0.36502415995515275,0.5512007696902304,-0.014059547513244812,0.5511855568203284,-0.012987452836495522,1.5000999384293334,-0.0011241526582075959,9.993842933342378e-05,0,0,FOLLOWING,1.5000935586117914,0.551381602442797,0
19.424,7.066767465830494,0.4253763968320452,-0.039999970185758,8.5656,0.36370935251515374,0.5512154837704293,-0.014014925210830538,0.5512002695454227,-0.012947277574735419,1.5001005932402551,-0.001120223032757231,0.00010059324025513128,0,0,FOLLOWING,1.500094170195851,0.551393982556706,0
19.456,7.084392171711196,0.42466940124779495,-0.04041299947302489,8.5832,0.36238918196911635,0.5512301973428846,-0.01397037042266685,0.5512149825712805,-0.012907165409743704,1.5001012405345184,-0.0011162809857491948,0.00010124053451843196,0,0,FOLLOWING,1.5000947749846116,0.5514063764405064,0
19.488,7.102017054695701,0.4239551122729929,-0.04082474711390167,8.6008,0.36106366778372373,0.5512449096087432,-0.013925880548377931,0.5512296950907337,-0.01286711395835072,1.500101880181801,-0.0011123265104633561,0.0001018801818009063,0,0,FOLLOWING,1.5000953728479385,0.5514187833622768,0
19.52,7.119642112648599,0.4232335522239399,-0.04123521497605958,8.6184,0.3597328295044537,0.5512596197769918,-0.013881453025294694,0.5512444063050552,-0.012827120871697385,1.5001025120584028,-0.0011083596010764904,0.00010251205840283717,0,0,FOLLOWING,1.500095963662308,0.5514312025893771,0
19.552,7.137267343435599,0.4225047433873205,-0.04164440485309715,8.636,0.35839668675529085,0.5512743270638901,-0.013837085328030815,0.5512591154233432,-0.012787183835010723,1.5001031360468924,-0.0011043802526580493,0.00010313604689238254,0,0,FOLLOWING,1.5000965473104437,0.5514436333884882,0
19.584,7.154892744923689,0.4217687080215151,-0.04205231846561432,8.653599999999999,0.3570552592384379,0.5512890306924416,-0.013792774968078132,0.5512738216619644,-0.012747300567084424,1.5001037520357607,-0.0011003884611707551,0.00010375203576074021,0,0,FOLLOWING,1.500097123680978,0.5514560750256579,0
19.616,7.172518314981265,0.42102546835789273,-0.04245895746227659,8.671199999999999,0.355708566734024,0.5513037298919018,-0.013748519493405572,0.5512885242440158,-0.01270746881996794,1.5001043599191135,-0.0010963842234698248,0.00010435991911350584,0,0,FOLLOWING,1.5000976926681373,0.5514685267663431,0
19.648,7.190144051478257,0.4202750466020865,-0.04286432342086654,8.6888,0.35435662909981347,0.5513184238973188,-0.013704316488066188,0.551303222398836,-0.012667686378569663,1.5001049595963645,-0.0010923675373032266,0.00010495959636447338,0,0,FOLLOWING,1.5000982541714412,0.551480987875456,0
19.68,7.207769952286236,0.41951746493524983,-0.043268417849328195,8.7064,0.3529994662709138,0.5513331119491044,-0.013660163571810893,0.5513179153615447,-0.012627951060434064,1.5001055509719532,-0.0010883384013065656,0.0001055509719531944,0,0,FOLLOWING,1.500098808095416,0.5514934576174011,0
19.712,7.225396015278515,0.4187527455152948,-0.04367124218679339,8.724,0.35163709825948036,0.5513477932926389,-0.013616058399706945,0.5513326023726193,-0.012588260715180185,1.5001061339550879,-0.0010842968150058389,0.0001061339550878504,0,0,FOLLOWING,1.5000993543493384,0.5515059352561276,0
19.744,7.2430222383302345,0.4179809104781125,-0.044072797804601806,8.7416,0.35026954515442216,0.5513624671779005,-0.013571998661766692,0.5513472826775037,-0.01254861322430377,1.500106708459489,-0.0010802427788145288,0.00010670845948901331,0,0,FOLLOWING,1.5000998928469798,0.5515184200551669,0
19.776,7.260648619318442,0.4172019819387759,-0.04447308600730983,8.7592,0.34889682712110576,0.5513771328591214,-0.013527982082575307,0.5513619555262148,-0.012509006500824312,1.5001072744031576,-0.0010761762940306382,0.00010727440315760894,0,0,FOLLOWING,1.5001004235063724,0.5515309112776781,0
19.808,7.278275156122158,0.4164159819927245,-0.04487210803368735,8.7768,0.3475189644010572,0.5513917895944701,-0.013484006420924882,0.5513766201730445,-0.012469438488917562,1.5001078317081533,-0.0010720973628351657,0.00010783170815331644,0,0,FOLLOWING,1.5001009462495896,0.551543408186491,0
19.84,7.295901846622441,0.41562293271693224,-0.04526986505770298,8.7944,0.34613597731166373,0.5514064366457542,-0.01344006946945717,0.5513912758761992,-0.012429907163541047,1.5001083803003856,-0.0010680059882911541,0.0001083803003856243,0,0,FOLLOWING,1.5001014610025343,0.5515559100441502,0
19.872,7.313528688702438,0.41482285617105774,-0.04566635818950264,8.812,0.3447478862458752,0.5514210732781477,-0.013396169054302793,0.5514059218975081,-0.012390410530234756,1.5001089201094193,-0.0010639021743376748,0.00010892010941931929,0,0,FOLLOWING,1.500101967694746,0.5515684161129583,0
19.904,7.331155680247425,0.414015774398578,-0.046061588476373524,8.8296,0.34335471167190174,0.5514356987599381,-0.013352303034731092,0.5514205575021763,-0.012350946624665552,1.5001094510682935,-0.0010597859257895914,0.00010945106829352014,0,0,FOLLOWING,1.5001024662592188,0.5515809256550196,0
19.936,7.348782819144857,0.4132017094279043,-0.046455556903701074,8.8472,0.3419564741329133,0.5514503123622924,-0.013308469302797438,0.5514351819585158,-0.012311513512401553,1.5001099731133436,-0.0010556572483313986,0.00010997311334359772,0,0,FOLLOWING,1.500102956632223,0.5515934379322852,0
19.968,7.366410103284391,0.4123806832734824,-0.04684826439591338,8.864799999999999,0.340553194246736,0.5514649133590382,-0.013264665782999589,0.5514497945377148,-0.012272109288527093,1.5001104861840338,-0.0010515161485154106,0.00011048618403375343,0,0,FOLLOWING,1.5001034387531398,0.5516059522065893,0
20.0,7.384037530557922,0.41155271793687537,-0.04723971181741866,8.8824,0.33914489270554804,0.5514795010264685,-0.013220890431934073,0.5514643945136083,-0.012232732077419584,1.5001109902228213,-0.0010473626337546976,0.00011099022282134996,0,0,FOLLOWING,1.5001039125643159,0.5516184677397069,0
20.032,7.401665098859603,0.41071783540783063,-0.04762989997353002,8.9,0.3377315902755755,0.5514940746431567,-0.013177141237952958,0.5514789811625062,-0.012193380032358238,1.500111485174989,-0.00104319671231929,0.00011148517498904553,0,0,FOLLOWING,1.5001043780109133,0.5516309837933836,0
20.064,7.419292806085862,0.4098760576653305,-0.048018829611381125,8.9176,0.33631330779678487,0.5515086334897886,-0.013133416220828507,0.5514935537629804,-0.012154051335233316,1.5001119709885267,-0.0010390183933316546,0.0001119709885266662,0,0,FOLLOWING,1.5001048350407737,0.5516434996293857,0
20.096,7.436920650135421,0.40902740667862647,-0.04840650142083367,8.9352,0.3348900661825764,0.5515231768490091,-0.013089713431418836,0.5515081115957282,-0.012114744196297102,1.500112447613996,-0.0010348276867597136,0.00011244761399598069,0,0,FOLLOWING,1.5001052836042912,0.551656014509543,0
20.128,7.454548628909306,0.40817190440825807,-0.04879291603537378,8.9528,0.33346188641947616,0.55153770400528,-0.013046030951333363,0.5515226539433883,-0.012075456853813086,1.50011291500441,-0.0010306246034106625,0.00011291500440990809,0,0,FOLLOWING,1.50010572365429,0.5516685276957914,0
20.16,7.4721767403108545,0.40730957280705554,-0.04917807403299839,8.9704,0.3320287895668257,0.5515522142447531,-0.013002366892606749,0.5515371800904204,-0.012036187573743022,1.5001133731151224,-0.001026409154926293,0.0001133731151223838,0,0,FOLLOWING,1.5001061551459136,0.5516810384502173,0
20.192,7.489804982245721,0.40644043382112705,-0.049561975937094264,8.988,0.3305907967564718,0.5515667068551521,-0.012958719397368293,0.5515516893229703,-0.01199693464951971,1.5001138219037193,-0.0010221813537746455,0.00011382190371933554,0,0,FOLLOWING,1.5001065780365168,0.5516935460351005,0
20.224,7.507433352621883,0.4055645093908307,-0.04994462221730568,9.0056,0.32914792919245545,0.5515811811256675,-0.01291508663752102,0.5515661809287654,-0.011957696401690296,1.5001142613299165,-0.0010179412132439308,0.00011426132991654292,0,0,FOLLOWING,1.5001069922855612,0.5517060497129577,0
20.256,7.525061849349639,0.4046818214517309,-0.05032601329039352,9.0232,0.3277002081506983,0.5515956363468599,-0.012871466814419344,0.5515806541969739,-0.011918471177647733,1.5001146913554684,-0.0010136887474356052,0.00011469135546837705,0,0,FOLLOWING,1.5001073978545256,0.5517185487465864,0
20.288,7.542690470341606,0.4037923919355399,-0.050706149521085826,9.0408,0.3262476549786896,0.5516100718105762,-0.01282785815854896,0.5515951084181512,-0.011879257351366088,1.5001151119440814,-0.0010094239712559394,0.00011511194408142522,0,0,FOLLOWING,1.500107794706819,0.5517310423991094,0
20.32,7.560319213512722,0.4028962427710439,-0.051085031222918166,9.0584,0.32479029109517116,0.5516244868098695,-0.012784258929211215,0.551609542884122,-0.01184005332308127,1.5001155230613197,-0.0010051469004095648,0.00011552306131967782,0,0,FOLLOWING,1.500108182807685,0.5517435299340125,0
20.352,7.5779480767802365,0.4019933958850152,-0.05146265865906444,9.076,0.3233281379898212,0.551638880638933,-0.012740667414210885,0.5516239568879329,-0.011800857518989962,1.5001159246745401,-0.001000857551392259,0.00011592467454013544,0,0,FOLLOWING,1.5001085621241375,0.5517560106151963,0
20.384,7.595577058063709,0.40108387320310873,-0.05183903204316121,9.0936,0.32186121722293826,0.5516532525930385,-0.01269708192954195,0.5516383497237648,-0.011761668391051961,1.500116316752809,-0.0009965559414814307,0.00011631675280909803,0,0,FOLLOWING,1.5001089326248767,0.5517684837070137,0
20.416,7.613206155285001,0.4001676966507443,-0.05221415154012033,9.1112,0.3203895504251226,0.5516676019684842,-0.012653500819084429,0.551652720686868,-0.011722484416617076,1.5001166992668344,-0.0009922420887294447,0.00011669926683444132,0,0,FOLLOWING,1.5001092942802225,0.5517809484743154,0
20.448,7.630835366368269,0.39924488815397524,-0.052588017266932414,9.1288,0.31891315929695735,0.5516819280625469,-0.012609922454293118,0.5516670690735186,-0.011683304098149643,1.5001170721889017,-0.0009879160119575583,0.00011707218890166793,0,0,FOLLOWING,1.5001096470620483,0.5517934041824918,0
20.48,7.648464689239961,0.39831546964034165,-0.05296062929346564,9.1464,0.31743206560868903,0.551696230173444,-0.01256634523390115,0.5516813941809705,-0.011644125963070552,1.500117435492809,-0.0009835777307443672,0.0001174354928090704,0,0,FOLLOWING,1.5001099909437183,0.5518058500975161,0
20.512,7.666094121828798,0.3973794630397103,-0.053331987643250346,9.164,0.3159462911999057,0.5517105076002995,-0.012522767583615825,0.5516956953074204,-0.01160494856332486,1.500117789153815,-0.0009792272654213091,0.00011778915381510657,0,0,FOLLOWING,1.5001103259000308,0.5518182854859897,0
20.544,7.68372366206578,0.3964368902851005,-0.05370209229425843,9.1816,0.31445585797921544,0.5517247596431156,-0.01247918795582296,0.5517099717519817,-0.011565770475209573,1.5001181331485756,-0.0009748646370639074,0.00011813314857556101,0,0,FOLLOWING,1.5001106519071572,0.5518307096151844,0
20.576,7.701353307884165,0.3954877733134957,-0.05407094317967375,9.199200000000001,0.31296078792392373,0.5517389856027523,-0.01243560482929418,0.5517242228146202,-0.011526590299098975,1.5001184674551014,-0.0009704898674827364,0.00011846745510135648,0,0,FOLLOWING,1.500110968942602,0.5518431217530858,0
20.608,7.71898305721947,0.3945321340666424,-0.054438540188652074,9.2168,0.3114611030797082,0.5517531847809088,-0.01239201670889657,0.5517384477961724,-0.011487406659115337,1.5001187920526975,-0.0009661029792187441,0.00011879205269749171,0,0,FOLLOWING,1.5001112769851448,0.5518555211684306,0
20.64,7.736612908009457,0.39356999449183433,-0.054804883167076136,9.2344,0.30995682556029447,0.5517673564801115,-0.012348422125301777,0.5517526459983199,-0.011448218202975438,1.500119106921935,-0.000961703995532144,0.00011910692193506378,0,0,FOLLOWING,1.5001115760147952,0.5518679071307603,0
20.672,7.754242858194129,0.3926013765426842,-0.05516997191829668,9.252,0.3084479775471301,0.5517815000037057,-0.01230481963470393,0.5517668167235551,-0.011409023601555622,1.5001194120445878,-0.0009572929403992361,0.00011941204458776333,0,0,FOLLOWING,1.5001118660127528,0.5518802789104534,0
20.704,7.771872905715717,0.3916263021798818,-0.05553380620387387,9.2696,0.30693458128905676,0.5517956146558523,-0.012261207818535643,0.5517809592751908,-0.011369821548898628,1.5001197074036101,-0.0009528698384999174,0.00011970740361011423,0,0,FOLLOWING,1.500112146961367,0.5518926357787749,0
20.736,7.789503048518682,0.39064479337193914,-0.05589638574430056,9.2872,0.30541665910198323,0.5518096997415262,-0.012217585283191293,0.5517950729573754,-0.011330610761653613,1.500119992983085,-0.0009484347152148992,0.000119992983085071,0,0,FOLLOWING,1.5001124188440922,0.5519049770079164,0
20.768,7.807133284549699,0.3896568720959224,-0.0562577102197255,9.3048,0.30389423336855514,0.5518237545665223,-0.012173950659749503,0.5518091570750455,-0.011291389979064847,1.5001202687681994,-0.0009439875966159653,0.00012026876819937193,0,0,FOLLOWING,1.500112681645462,0.5519173018710397,0
20.8,7.824763611757659,0.3886625603381715,-0.05661777927066347,9.3224,0.3023673265378257,0.5518377784374607,-0.012130302603699801,0.5518232109339684,-0.011252157962571473,1.5001205347451987,-0.0009395285094605937,0.00012053474519868601,0,0,FOLLOWING,1.500112935351044,0.5519296096423192,0
20.832,7.842394028093655,0.3876618800950062,-0.05697659249870115,9.34,0.300835961124925,0.5518517706617979,-0.012086639794674565,0.5518372338407361,-0.011212913495670097,1.5001207909013683,-0.0009350574811826662,0.00012079090136829507,0,0,FOLLOWING,1.5001131799474205,0.5519418995969841,0
20.864,7.86002453151099,0.3866548533734204,-0.057334149467194055,9.3576,0.2993001597107269,0.5518657305478389,-0.012042960936178638,0.5518512251027792,-0.011173655383636755,1.50012103722499,-0.0009305745398859934,0.00012103722499001712,0,0,FOLLOWING,1.5001134154221443,0.5519541710113613,0
20.896,7.87765511996516,0.38564150219176396,-0.05769044970195336,9.3752,0.2977599449415167,0.5518796574047544,-0.011999264755327015,0.5518651840283646,-0.011134382453211678,1.500121273705326,-0.0009260797143387164,0.00012127370532599713,0,0,FOLLOWING,1.500113641763724,0.5519664231629177,0
20.928,7.8952857914138646,0.38462184858041143,-0.058045492691928095,9.392800000000001,0.29621533952865775,0.551893550542598,-0.011955550002583514,0.5518791099266425,-0.011095093552451718,1.5001215003325834,-0.0009215730339652354,0.00012150033258340187,0,0,FOLLOWING,1.5001138589615852,0.5519786553303034,0
20.96,7.912916543816993,0.38359591458241904,-0.05839927788988052,9.410400000000001,0.29466636624825554,0.5519074092723284,-0.011911815451500257,0.5518930021076329,-0.011055787550520672,1.5001217170978907,-0.0009170545288378211,0.00012171709789066121,0,0,FOLLOWING,1.500114067006055,0.5519908667933907,0
20.992,7.930547375136632,0.3825637222541704,-0.05875180471304896,9.428,0.29311304794082216,0.5519212329058308,-0.011868059898463438,0.5519068598822666,-0.011016463337295071,1.5001219239932821,-0.0009125242296733477,0.00012192399328214698,0,0,FOLLOWING,1.5001142658883349,0.5520030568333196,0
21.024,7.9481782833370636,0.3815252936660086,-0.05910307254381012,9.4456,0.2915554075109402,0.5519350207559439,-0.011824282162439519,0.551920682562406,-0.010977119823350666,1.500122121011664,-0.0009079821678222022,0.00012212101166397815,0,0,FOLLOWING,1.5001144556004762,0.5520152247325375,0
21.056,7.965809266384766,0.38048065090285854,-0.05945308073033137,9.4632,0.289993467926924,0.5519487721364856,-0.011780481084722183,0.5519344694608517,-0.010937755939643329,1.5001223081468027,-0.0009034283752620485,0.00012230814680269653,0,0,FOLLOWING,1.5001146361353606,0.552027369774844,0
21.088,7.983440322248418,0.37942981606483517,-0.059801828587211656,9.4808,0.2884272522204817,0.5519624863622821,-0.011736655528687204,0.5519482198914012,-0.010898370637161918,1.5001224853932988,-0.0008988628845933017,0.00012248539329884345,0,0,FOLLOWING,1.5001148074866784,0.5520394912454323,0
21.12,8.0010714488989,0.37837281126784245,-0.06014931539612233,9.4984,0.2868567834863753,0.5519761627491997,-0.011692804379546512,0.5519619331688476,-0.01085896288691871,1.5001226527465743,-0.0008942857290297687,0.00012265274657430325,0,0,FOLLOWING,1.5001149696489167,0.5520515884309286,0
21.152,8.018702644309302,0.37730965864415944,-0.0604955404064371,9.516,0.2852820848820797,0.5519898006141761,-0.011648926544102482,0.5519756086090386,-0.010819531679610575,1.5001228102028485,-0.0008896969423922638,0.0001228102028485445,0,0,FOLLOWING,1.5001151226173346,0.5520636606194353,0
21.184,8.03633390645493,0.37624038034301527,-0.060840502835855834,9.5336,0.2837031796274426,0.5520033992752537,-0.011605020950508898,0.5519892455288674,-0.010780076025432244,1.500122957759126,-0.0008850965591004761,0.0001229577591259634,0,0,FOLLOWING,1.500115266387948,0.5520757071005725,0
21.216,8.053965233313304,0.37516499853115337,-0.06118420187101853,9.551200000000001,0.28212009100434055,0.5520169580516157,-0.011561086548034895,0.5520028432463565,-0.01074059495376026,1.5001230954131868,-0.0008804846141698894,0.00012309541318678008,0,0,FOLLOWING,1.5001154009575204,0.5520877271655206,0
21.248,8.071596622864183,0.374083535393384,-0.06152663666811916,9.5688,0.28053284235633624,0.5520304762636211,-0.011517122306827925,0.5520164010806671,-0.010701087513159888,1.5001232231635528,-0.0008758611432008526,0.00012322316355284357,0,0,FOLLOWING,1.5001155263235373,0.5520997201070564,0
21.28,8.08922807308956,0.37299601313312664,-0.061867806353507034,9.586400000000001,0.27894145708833495,0.5520439532328428,-0.011473127217680852,0.5520299183521289,-0.010661552770981297,1.500123341009501,-0.0008712261823726961,0.0001233410095009546,0,0,FOLLOWING,1.500115642484201,0.5521116852196045,0
21.312,8.106859581973684,0.37190245397293986,-0.062207710024284726,9.604000000000001,0.27734595866623823,0.5520573882821047,-0.011429100291798654,0.5520433943822962,-0.010621989813266714,1.5001234489510198,-0.0008665797684368065,0.00012344895101978892,0,0,FOLLOWING,1.5001157494384099,0.552123621799268,0
21.344,8.124491147503061,0.3708028801550423,-0.06254634674889602,9.6216,0.27574637061659857,0.5520707807355224,-0.011385040560575987,0.5520568284939572,-0.01058239774442726,1.5001235469888257,-0.0008619219387107219,0.0001235469888256624,0,0,FOLLOWING,1.500115847185757,0.5521355291438754,0
21.376,8.142122767666482,0.36969731394182187,-0.06288371556770857,9.6392,0.2741427165262729,0.5520841299185425,-0.011340947075366063,0.5520702200112194,-0.01054277568708664,1.5001236351243306,-0.000857252731072497,0.00012363512433055668,0,0,FOLLOWING,1.5001159357265046,0.5521474065530207,0
21.408,8.159754440455021,0.3685857776163347,-0.06321981549359158,9.6568,0.2725350200420737,0.5520974351579843,-0.011296818907263726,0.5520835682594757,-0.01050312278191504,1.5001237133596446,-0.0008525721839536953,0.00012371335964456165,0,0,FOLLOWING,1.500116015061587,0.5521592533281036,0
21.44,8.177386163862064,0.3674682934827937,-0.06355464551248817,9.6744,0.270923304870421,0.5521106957820815,-0.011252655146877899,0.5520968725655262,-0.01046343818747273,1.5001237816975586,-0.0008478803363305836,0.00012378169755855595,0,0,FOLLOWING,1.5001160851925912,0.5521710687723704,0
21.472,8.19501793588332,0.3663448838670465,-0.06388820458397636,9.692,0.26930759477699306,0.552123911120525,-0.011208454904119395,0.5521101322575988,-0.010423721079851019,1.5001238401415347,-0.0008431772277206206,0.00012384014153465905,0,0,FOLLOWING,1.5001161461217494,0.5521828521909549,0
21.504,8.212649754516844,0.36521557111704406,-0.06422049164182782,9.7096,0.26768791358637517,0.5521370805045038,-0.01116421730798203,0.5521233466653578,-0.010383970652602664,1.5001238886956967,-0.0008384628981762815,0.00012388869569668337,0,0,FOLLOWING,1.5001161978519264,0.5521946028909185,0
21.536,8.230281617763051,0.3640803776032973,-0.0645515055945606,9.7272,0.26606428518170916,0.5521502032667528,-0.011119941506329271,0.5521365151199467,-0.010344186116551088,1.50012392736483,-0.0008337373882757598,0.00012392736482991218,0,0,FOLLOWING,1.5001162403866226,0.5522063201812911,0
21.568,8.247913523624744,0.36293932571932613,-0.06488124532597968,9.744800000000001,0.26443673350434055,0.552163278741593,-0.011075626665686402,0.5521496369540938,-0.010304366699410915,1.5001239561543591,-0.0008290007391236892,0.00012395615435911722,0,0,FOLLOWING,1.500116273729948,0.552218003373112,0
21.6,8.26554547010713,0.3617924378820965,-0.06520970969572312,9.762400000000001,0.2628052825534656,0.552176306264978,-0.011031271971028527,0.5521627115020821,-0.010264511645970024,1.5001239750703488,-0.0008242529923373348,0.00012397507034878075,0,0,FOLLOWING,1.5001162978866296,0.5522296517794668,0
21.632,8.283177455217846,0.360639736532449,-0.06553689753978599,9.780000000000001,0.2611699563857783,0.5521892851745391,-0.010986876625578092,0.5521757380998493,-0.010224620217378992,1.5001239841194975,-0.0008194941900497438,0.0001239841194975444,0,0,FOLLOWING,1.500116312861996,0.5522412647155306,0
21.664,8.30080947696699,0.3594812441355171,-0.06586280767105714,9.797600000000001,0.2595307791151143,0.5522022148096293,-0.01094243985059862,0.5521887160849971,-0.01018469169157537,1.5001239833091233,-0.0008147243748954092,0.00012398330912333222,0,0,FOLLOWING,1.50011631866197,0.5522528414986073,0
21.696,8.318441533367132,0.35831698318113564,-0.06618743887983204,9.8152,0.2578877749120962,0.5522150945113709,-0.010897960885196728,0.5522016447968542,-0.01014472536251052,1.500123972647169,-0.0008099435900122687,0.00012397264716890177,0,0,FOLLOWING,1.5001163152930694,0.5522643814481687,0
21.728,8.336073622433357,0.35714697618424074,-0.06651078993433418,9.8328,0.25624096800377727,0.5522279236227006,-0.010853438986118076,0.5522145235765185,-0.010104720540438207,1.500123952142183,-0.0008051518790306715,0.00012395214218297035,0,0,FOLLOWING,1.500116302762393,0.5522758838858943,0
21.76,8.353705742183285,0.3559712456852591,-0.0668328595812212,9.8504,0.2545903826732835,0.5522407014884159,-0.010808873427557271,0.5522273517669141,-0.010064676551422272,1.5001239218033227,-0.0008003492860716721,0.00012392180332265745,0,0,FOLLOWING,1.5001162810776187,0.5522873481357099,0
21.792,8.371337890637106,0.35478981425048894,-0.0671536465460911,9.868,0.25293604325945573,0.5522534274552208,-0.010764263500958136,0.5522401287128199,-0.010024592737353214,1.5001238816403406,-0.0007955358557396874,0.00012388164034060622,0,0,FOLLOWING,1.5001162502469914,0.5522987735238288,0
21.824,8.388970065817603,0.35360270447247105,-0.06747314953397864,9.8856,0.25127797415649183,0.5522661008717731,-0.010719608514824034,0.5522528537608866,-0.009984468455626585,1.5001238316635883,-0.0007907116331181684,0.0001238316635883141,0,0,FOLLOWING,1.5001162102793248,0.5523101593787915,0
21.856,8.40660226575019,0.3524099389703515,-0.06779136722985121,9.903200000000002,0.24961619981358493,0.5522787210887323,-0.010674907794526019,0.552265526259785,-0.009944303079139405,1.5001237718840075,-0.0007858766637630632,0.00012377188400747308,0,0,FOLLOWING,1.5001161611839982,0.552321505031503,0
21.888,8.424234488462945,0.3512115403902345,-0.06810829829909286,9.9208,0.2479507447345652,0.5522912874588045,-0.010630160682116715,0.5522781455601183,-0.009904095995909162,1.5001237023131155,-0.0007810309936998328,0.0001237023131155368,0,0,FOLLOWING,1.5001161029709427,0.5523328098152682,0
21.92,8.441866731986643,0.3500075314055267,-0.06842394138798828,9.938400000000001,0.2462816334775366,0.5523037993367913,-0.010585366536141432,0.5522907110146053,-0.009863846609083833,1.5001236229630244,-0.0007761746694163879,0.00012362296302437237,0,0,FOLLOWING,1.5001160356506442,0.5523440730658395,0
21.952,8.459498994354792,0.3487979347172729,-0.06873829512419986,9.956000000000001,0.24460889065451566,0.5523162560796347,-0.010540524731457957,0.552303221978013,-0.009823554336715237,1.5001235338464074,-0.0007713077378587035,0.00012353384640739762,0,0,FOLLOWING,1.5001159592341335,0.5523552941214465,0
21.984,8.477131273603671,0.34758277305448215,-0.06905135811724121,9.973600000000001,0.24293254093106909,0.552328657046466,-0.010495634659049853,0.552315677807265,-0.009783218611652992,1.5001234349765147,-0.000766430246421812,0.00012343497651468027,0,0,FOLLOWING,1.5001158737329843,0.5523664723228391,0
22.016000000000002,8.494763567772361,0.3463620691744467,-0.06936312895893773,9.991200000000001,0.2412526090259487,0.5523410015986522,-0.010450695725849397,0.5523280778614752,-0.009742838881143747,1.5001233263671676,-0.0007615422429519125,0.0001233263671676088,0,0,FOLLOWING,1.5001157791593138,0.5523776070133251,0
22.048000000000002,8.512395874902797,0.3451358458630508,-0.06967360622389628,10.0088,0.23956911971072783,0.5523532890998425,-0.01040570735455562,0.5523404215019956,-0.009702414607103778,1.5001232080327427,-0.0007566437757322853,0.00012320803274268322,0,0,FOLLOWING,1.5001156755257674,0.5523886975388078,0
22.080000000000002,8.530028193039795,0.34390412593507197,-0.06998278846995445,10.0264,0.2378820978094364,0.5523655189160155,-0.010360668983461194,0.5523527080924605,-0.009661945265496442,1.5001230799881797,-0.0007517348934842211,0.00012307998817973065,0,0,FOLLOWING,1.5001155628455243,0.5523997432478245,0
22.112000000000002,8.547660520231096,0.3426669322344733,-0.07029067423863633,10.044,0.23619156819819379,0.5523776904155279,-0.010315580066274223,0.5523649369988205,-0.00962143034652455,1.5001229422489792,-0.0007468156453576541,0.0001229422489792409,0,0,FOLLOWING,1.5001154411322974,0.5524107434915839,0
22.144000000000002,8.565292854527415,0.3414242876346884,-0.07059726205559684,10.0616,0.2344975558048426,0.5523898029691586,-0.010270440071946515,0.5523771075894209,-0.009580869354274404,1.5001227948311855,-0.000741886080928289,0.00012279483118549095,0,0,FOLLOWING,1.500115310400315,0.5524216976240036,0
22.176000000000002,8.582925193982476,0.3401762150388964,-0.07090255043106092,10.0792,0.23280008560858167,0.5524018559501583,-0.010225248484503445,0.5523892192350198,-0.009540261806562216,1.5001226377513992,-0.0007369462501927021,0.00012263775139920163,0,0,FOLLOWING,1.500115170664333,0.5524326050017482,0
22.208000000000002,8.600557536653056,0.3389227373802907,-0.07120653786026623,10.096800000000002,0.2310991826395966,0.5524138487342946,-0.010180004802869687,0.5524012713088656,-0.009499607235033522,1.5001224710267673,-0.0007319962035581967,0.00012247102676732347,0,0,FOLLOWING,1.5001150219396233,0.5524434649842669,0
22.240000000000002,8.618189880599036,0.33766387762233874,-0.07150922282388628,10.114400000000002,0.22939487197869118,0.5524257806998993,-0.01013470854070696,0.5524132631866912,-0.00945890518455741,1.5001222946749755,-0.0007270359918457869,0.00012229467497548718,0,0,FOLLOWING,1.5001148642419753,0.5524542769338276,0
22.272000000000002,8.635822223883446,0.3363996587590337,-0.07181060378846353,10.132000000000001,0.2276871787569182,0.5524376512279141,-0.010089359226245875,0.552425194246826,-0.00941815521354245,1.5001221087142511,-0.0007220656662778046,0.00012210871425111236,0,0,FOLLOWING,1.5001146975876845,0.5524650402155575,0
22.304000000000002,8.6534545645725,0.3351301038151387,-0.07211067920682987,10.149600000000001,0.2259761281552075,0.5524494597019386,-0.010043956402118958,0.5524370638702036,-0.009377356893529684,1.5001219131633647,-0.0007170852784749299,0.00012191316336473967,0,0,FOLLOWING,1.5001145219935663,0.5524757541974774,0
22.336000000000002,8.671086900735666,0.3338552358464225,-0.07240944751852102,10.167200000000001,0.2242617454039962,0.552461205508274,-0.009998499625201756,0.5524488714404038,-0.009336509809015552,1.5001217080416132,-0.0007120948804534011,0.00012170804161315552,0,0,FOLLOWING,1.5001143374769301,0.5524864182505401,0
22.368000000000002,8.688719230445692,0.3325750779398888,-0.07270690715019007,10.184800000000001,0.22254405578285538,0.5524728880359714,-0.009952988466451986,0.5524606163437066,-0.009295613557415594,1.5001214933688325,-0.0007070945246194227,0.00012149336883249262,0,0,FOLLOWING,1.5001141440555963,0.552497031748668,0
22.400000000000002,8.706351551778669,0.3312896532139965,-0.07300305651601978,10.2024,0.22082308462011777,0.5524845066768765,-0.009907422510748278,0.5524722979691542,-0.009254667749037174,1.5001212691653838,-0.0007020842637598806,0.00012126916538379717,0,0,FOLLOWING,1.500113941747886,0.5525075940687859,0
22.432000000000002,8.723983862814077,0.329998984818873,-0.0732978940181185,10.22,0.21909885729250494,0.5524960608256765,-0.009861801356734054,0.5524839157085811,-0.00921367200654939,1.500121035452159,-0.0006970641510438552,0.000121035452159024,0,0,FOLLOWING,1.5001137305726204,0.5525181045908589,0
22.464000000000002,8.741616161634834,0.3287030959365205,-0.07359141804692357,10.2376,0.217371399224752,0.5525075498799453,-0.009816124616662198,0.5524954689566621,-0.009172625965235647,1.5001207922505766,-0.0006920342400144748,0.0001207922505765957,0,0,FOLLOWING,1.5001135105491201,0.5525285626979277,0
22.496000000000002,8.759248446327362,0.32740200978101375,-0.07388362698159304,10.255200000000002,0.21564073588923305,0.5525189732401873,-0.009770391916242873,0.5525069571109611,-0.009131529272617483,1.5001205395825694,-0.000686994584586556,0.00012053958256941222,0,0,FOLLOWING,1.5001132816971896,0.5525389677761463,0
22.528,8.776880714981617,0.3260957495986918,-0.07417451919039668,10.2728,0.21390689280558645,0.5525303303098833,-0.009724602894490373,0.5525183795719466,-0.00909038158843624,1.5001202774705946,-0.0006819452390399855,0.0001202774705946208,0,0,FOLLOWING,1.5001130440371344,0.5525493192148128,0
22.56,8.79451296569116,0.32478433866834094,-0.07446409303110132,10.290399999999998,0.21216989554033736,0.5525416204955369,-0.00967875720357192,0.5525297357431072,-0.009049182584477324,1.500120005937632,-0.0006768862580154439,0.00012000593763206169,0,0,FOLLOWING,1.5001127975897524,0.5525596164064077,0
22.592,8.812145196553208,0.3234678003013726,-0.07475234685134856,10.308,0.21042976970652058,0.552552843206717,-0.009632854508662803,0.5525410250309322,-0.00900793194432287,1.5001197250071747,-0.0006718176965146982,0.00011972500717472023,0,0,FOLLOWING,1.5001125423763195,0.5525698587466334,0
22.624,8.829777405668684,0.3221461578419919,-0.07503927898903447,10.3256,0.20868654096330466,0.5525639978561039,-0.009586894487798345,0.5525522468449707,-0.008966629363428165,1.5001194347032256,-0.0006667396098912759,0.00011943470322561822,0,0,FOLLOWING,1.5001122784186058,0.5525800456344406,0
22.656,8.847409591142284,0.3208194346673605,-0.07532488777268151,10.3432,0.2069402350156114,0.5525750838595305,-0.009540876831726861,0.5525634005979022,-0.008925274548868403,1.5001191350502978,-0.000661652053848466,0.0001191350502978139,0,0,FOLLOWING,1.5001120057388557,0.5525901764720684,0
22.688,8.865041751082517,0.31948765418775227,-0.07560917152180809,10.3608,0.20519087761373853,0.5525861006360301,-0.00949480124376952,0.5525744857055291,-0.008883867219264405,1.5001188260734226,-0.0006565550844321449,0.00011882607342261764,0,0,FOLLOWING,1.500111724359805,0.5526002506650777,0
22.72,8.882673883601777,0.3181508398467022,-0.07589212854728852,10.3784,0.20343849455297863,0.552597047607878,-0.009448667439675873,0.5525855015868842,-0.008842407104488824,1.5001185077981318,-0.0006514487580326356,0.00011850779813182832,0,0,FOLLOWING,1.5001114343046633,0.5526102676223853,0
22.752,8.900305986816399,0.31680901512114834,-0.07617375715171733,10.395999999999999,0.20168311167323943,0.5526079242006342,-0.009402475147485293,0.5525964476642389,-0.008800893945799209,1.500118180250463,-0.0006463331313755344,0.00011818025046306246,0,0,FOLLOWING,1.5001111355971168,0.5526202267562986,0
22.784,8.917938058846712,0.31546220352156634,-0.07645405562976158,10.413599999999999,0.19992475485866334,0.5526187298431877,-0.009356224107388221,0.5526073233631228,-0.008759327495464328,1.5001178434569569,-0.0006412082615206149,0.0001178434569568676,0,0,FOLLOWING,1.500110828261328,0.5526301274825488,0
22.816,8.935570097817099,0.3141104285920987,-0.07673302226851642,10.431199999999999,0.1981634500372445,0.5526294639677998,-0.009309914071588606,0.5526181281124337,-0.008717707516855893,1.5001174974446603,-0.0006360742058552915,0.00011749744466027501,0,0,FOLLOWING,1.5001105123219374,0.5526399692203248,0
22.848,8.953202101856064,0.31275371391067663,-0.07701065534785102,10.448799999999999,0.1963992231804472,0.552640126010145,-0.00926354480416849,0.5526288613444136,-0.008676033784169493,1.5001171422411137,-0.0006309310220927317,0.00011714224111369909,0,0,FOLLOWING,1.5001101878040508,0.5526497513923072,0
22.88,8.970834069096291,0.31139208308913535,-0.07728695314075583,10.4664,0.1946321003028234,0.5526507154093543,-0.009217116080951254,0.5526395224947356,-0.00863430608243868,1.5001167778743552,-0.000625778768264057,0.00011677787435515619,0,0,FOLLOWING,1.5001098547332432,0.5526594734247023,0
22.912,8.988465997674696,0.31002555977332275,-0.07756191391368016,10.484,0.192862107461628,0.5526612316080571,-0.00917062768937132,0.5526501110025249,-0.008592524207255587,1.5001164043729194,-0.0006206175027177602,0.00011640437291937644,0,0,FOLLOWING,1.5001095131355628,0.5526691347472718,0
22.944,9.006097885732501,0.3086541676432027,-0.07783553592686893,10.5016,0.19108927075643514,0.5526716740524227,-0.009124079428341543,0.5526606263103883,-0.008550687964734884,1.500116021765835,-0.0006154472841155278,0.00011602176583491719,0,0,FOLLOWING,1.5001091630375194,0.552678734793369,0
22.976,9.023729731415292,0.3072779304129509,-0.07810781743469791,10.5192,0.18931361632875404,0.5526820421922004,-0.009077471108121554,0.5526710678645044,-0.008508797171462664,1.5001156300826186,-0.000610268171425371,0.00011563008261861185,0,0,FOLLOWING,1.500108804466085,0.5526882729999707,0
23.008,9.04136153287308,0.30589687183104464,-0.07837875668600178,10.5368,0.18753517036164224,0.5526923354807635,-0.009030802550190448,0.552681435114599,-0.008466851654278885,1.5001152293532805,-0.0006050802239190578,0.00011522935328045492,0,0,FOLLOWING,1.5001084374486977,0.5526977488077095,0
23.04,9.058993288260364,0.3045110156803468,-0.07864835192440159,10.5544,0.18575395907932019,0.552702553375147,-0.008984073587116332,0.5526917275140554,-0.008424851250262707,1.5001148196083152,-0.0005998835011658681,0.00011481960831516425,0,0,FOLLOWING,1.5001080620132523,0.5527071616609058,0
23.072,9.076624995736202,0.30312038577818395,-0.07891660138862355,10.572,0.1839700087467851,0.5527126953360904,-0.00893728406243118,0.5527019445198994,-0.008382795806446334,1.5001144008787053,-0.0005946780630315396,0.0001144008787052897,0,0,FOLLOWING,1.500107678188106,0.5527165110075991,0
23.104,9.094256653464265,0.3017250059764174,-0.07918350331282135,10.589599999999999,0.18218334566942224,0.5527227608280768,-0.008890433830504524,0.5527120855928558,-0.008340685179938169,1.500113973195917,-0.0005894639696705228,0.00011397319591699429,0,0,FOLLOWING,1.5001072860020694,0.5527257962995815,0
23.136,9.111888259612916,0.3003249001615092,-0.07944905592688628,10.607199999999999,0.1803939961926187,0.5527327493193721,-0.008843522756421073,0.5527221501974229,-0.008298519237540441,1.5001135365918943,-0.000584241281526135,0.000113536591894281,0,0,FOLLOWING,1.5001068854844035,0.5527350169924303,0
23.168,9.129519812355262,0.29892009225458194,-0.0797132574567627,10.6248,0.17860198670137356,0.5527426602820656,-0.008796550715855982,0.5527321378018389,-0.008256297855911119,1.5001130910990665,-0.000579010059322399,0.00011309109906654236,0,0,FOLLOWING,1.5001064766648282,0.5527441725455371,0
23.2,9.147151309869228,0.297510606211472,-0.0799761061247552,10.642399999999999,0.17680734361990927,0.5527524931921088,-0.008749517594953264,0.5527420478782137,-0.008214020921304391,1.5001126367503317,-0.0005737703640608798,0.00011263675033168496,0,0,FOLLOWING,1.500106059573512,0.5527532624221357,0
23.232,9.16478275033762,0.296096466022778,-0.08023760014983097,10.66,0.17501009341128274,0.5527622475293545,-0.008702423290205393,0.5527518799024616,-0.008171688329432459,1.5001121735790766,-0.0005685222570167708,0.00011217357907655767,0,0,FOLLOWING,1.5001056342410717,0.552762286089342,0
23.264,9.182414131948196,0.29467769571390323,-0.08049773774792028,10.6776,0.1732102625769939,0.5527719227775945,-0.008655267708336467,0.552761633354467,-0.008129299985384777,1.500111701619148,-0.0005632657997379498,0.00011170161914808574,0,0,FOLLOWING,1.5001052006985698,0.5527712430181748,0
23.296,9.200045452893724,0.2932543193450921,-0.08075651713221459,10.6952,0.17140787765659543,0.5527815184245992,-0.008608050766181999,0.5527713077179864,-0.008086855803579611,1.5001112209048775,-0.000558001054038096,0.00011122090487747371,0,0,FOLLOWING,1.5001047589775198,0.5527801326835929,0
23.328,9.21767671137206,0.29182636101146125,-0.08101393651346263,10.7128,0.16960296522730223,0.5527910339621549,-0.008560772390573847,0.5527809024807971,-0.008044355707677267,1.5001107314710584,-0.0005527280819914437,0.00011073147105844505,0,0,FOLLOWING,1.5001043091098725,0.5527889545645225,0
23.36,9.235307905586218,0.2903938448430247,-0.08126999410025554,10.7304,0.16779555190359804,0.5528004688860996,-0.008513432518224366,0.5527904171346979,-0.008001799630253756,1.5001102333529521,-0.0005474469459348374,0.0001102333529521271,0,0,FOLLOWING,1.500103851128019,0.5527977081438882,0
23.392,9.252939033744422,0.28895679500471394,-0.08152468809931854,10.748,0.16598566433684386,0.5528098226963634,-0.008466031095615082,0.5527998511755071,-0.007959187513002128,1.5001097265862904,-0.0005421577084587514,0.00010972658629038179,0,0,FOLLOWING,1.5001033850647951,0.5528063929086421,0
23.424,9.27057009406019,0.28751523569639253,-0.08177801671579213,10.7656,0.1641733292148854,0.552819094897003,-0.008418568078881035,0.5528092041031466,-0.007916519306395413,1.5001092112072667,-0.0005368604324066661,0.00010921120726670175,0,0,FOLLOWING,1.5001029109534716,0.5528150083497939,0
23.456,9.2882010847524,0.28606919115286517,-0.08202997815351286,10.783199999999999,0.16235857326165817,0.5528282849962394,-0.0083710434337038,0.5528184754216839,-0.007873794969688147,1.5001086872525347,-0.0005315551808720008,0.00010868725253465605,0,0,FOLLOWING,1.5001024288277538,0.5528235539624395,0
23.488,9.305832004045353,0.2846186856438817,-0.08228057061529347,10.800799999999999,0.16054142323679513,0.5528373925064937,-0.008323457135195828,0.5528276646393149,-0.007831014470887108,1.5001081547592117,-0.0005262420171909809,0.00010815475921166495,0,0,FOLLOWING,1.5001019387217829,0.5528320292457904,0
23.52,9.323462850168852,0.2831637434741351,-0.08252979230319077,10.8184,0.1587219059352305,0.5528464169444233,-0.008275809167798995,0.5528367712684649,-0.0077881777863660125,1.5001076137648717,-0.0005209210049461205,0.0001076137648716724,0,0,FOLLOWING,1.50010144067013,0.552840433703204,0
23.552,9.341093621358262,0.2817043889832558,-0.08277764141878312,10.836,0.15690004818680545,0.5528553578309576,-0.008228099525172896,0.5528457948257922,-0.007745284901174857,1.5001070643075427,-0.0005155922079569525,0.00010706430754270357,0,0,FOLLOWING,1.5001009347077998,0.5528487668422075,0
23.584,9.358724315854591,0.28024064654579867,-0.08302411616343251,10.8536,0.15507587685587298,0.5528642146913318,-0.00818032821009022,0.552854734832227,-0.007702335808553977,1.5001065064257062,-0.00051025569028125,0.00010650642570619873,0,0,FOLLOWING,1.5001004208702184,0.5528570281745309,0
23.616,9.376354931904551,0.27877254057122713,-0.08326921473855642,10.8712,0.15324941884090065,0.5528729870551234,-0.008132495234331572,0.5528635908129931,-0.007659330510234783,1.500105940158299,-0.0005049115162059914,0.0001059401582990116,0,0,FOLLOWING,1.500099899193245,0.5528652172161317,0
23.648,9.393985467760633,0.27730009550389084,-0.08351293534588135,10.8888,0.15142070107407443,0.5528816744562862,-0.008084600618582825,0.5528723622976676,-0.007616269015875379,1.5001053655447056,-0.0004995597502522875,0.00010536554470563786,0,0,FOLLOWING,1.5000993697131575,0.5528733334872261,0
23.68,9.411615921681179,0.2758233358229992,-0.08375527618770563,10.9064,0.14958975052090231,0.5528902764331831,-0.0080366443923317,0.5528810488202074,-0.007573151343344857,1.5001047826247567,-0.0004942004571679842,0.00010478262475666078,0,0,FOLLOWING,1.5000988324666544,0.5528813765123157,0
23.712,9.42924629193045,0.27434228604258865,-0.0839962354671567,10.924,0.14775659417981538,0.5528987925286223,-0.007988626593767695,0.5528896499189689,-0.007529977518554287,1.5001041914387292,-0.0004888337019232636,0.00010419143872919534,0,0,FOLLOWING,1.5000982874908584,0.5528893458202129,0
23.744,9.4468765767787,0.2728569707114869,-0.08423581138844537,10.9416,0.14592125908177037,0.5529072222898895,-0.007940547269679065,0.5528981651367635,-0.0074867475753566115,1.5001035920273438,-0.00048345954970657745,0.00010359202734377959,0,0,FOLLOWING,1.500097734823309,0.5528972409440688,0
23.776,9.464506774502247,0.2713674144132707,-0.08447400215711069,10.9592,0.14408377228985164,0.5529155652687808,-0.00789240647535472,0.5529065940208744,-0.007443461555262363,1.5001029844317608,-0.0004780780659258687,0.00010298443176082195,0,0,FOLLOWING,1.50009717450196,0.5529050614214001,0
23.808,9.482136883383543,0.26987364176622036,-0.0847108059802705,10.9768,0.14224416089887096,0.5529238210216358,-0.007844204274486129,0.5529149361230906,-0.007400119507605056,1.5001023686935808,-0.0004726893162034368,0.00010236869358082323,0,0,FOLLOWING,1.5000966065651782,0.552912806794117,0
23.84,9.499766901711245,0.26837567742326773,-0.08494622106686642,10.994399999999999,0.14040245203496848,0.5529319891093698,-0.007795940739070616,0.5529231909997611,-0.007356721489380943,1.500101744854836,-0.00046729336637173213,0.00010174485483593898,0,0,FOLLOWING,1.5000960310517444,0.5529204766085445,0
23.872,9.517396827780292,0.2668735460719415,-0.0851802456279049,11.012,0.1385586728552135,0.552940069097506,-0.0077476159493124665,0.5529313582117956,-0.007313267565114204,1.5001011129580033,-0.00046189028246990116,0.00010111295800330211,0,0,FOLLOWING,1.5000954480008475,0.5529280704154566,0
23.904,9.535026659891974,0.2653672724343063,-0.08541287787669828,11.0296,0.13671285054720245,0.5529480605562068,-0.007699229993528987,0.5529394373247128,-0.007269757806865087,1.500100473045978,-0.00045648013074081617,0.0001004730459779335,0,0,FOLLOWING,1.500094857452081,0.5529355877700942,0
23.936,9.552656396354001,0.2638568812668981,-0.08564411602909831,11.0472,0.13486501232865972,0.5529559630603056,-0.0076507829680543754,0.5529474279086832,-0.007226192293989861,1.5000998251620954,-0.0004510629776281611,9.98251620953905e-05,0,0,FOLLOWING,1.500094259445448,0.5529430282321949,0
23.968,9.570286035480581,0.26234239736065473,-0.08587395830373049,11.0648,0.1330151854470349,0.5529637761893369,-0.007602274977148937,0.55295532953855,-0.0071825711131657845,1.5000991693501133,-0.000445638889774308,9.916935011333727e-05,0,0,FOLLOWING,1.500093654021351,0.5529503913660174,0
24.0,9.58791557559249,0.2608238455408422,-0.08610240292222784,11.0824,0.13116339717910147,0.5529714995275683,-0.007553706132902368,0.5529631417938423,-0.007138894358381803,1.5000985056542167,-0.00044020793401361447,9.85056542166518e-05,0,0,FOLLOWING,1.5000930412205944,0.5529576767403662,0
24.032,9.60554501501714,0.2593012506669765,-0.08632944810945789,11.1,0.12930967483055542,0.5529791326640296,-0.007505076555142173,0.5529708642588319,-0.007095162130713878,1.5000978341190128,-0.0004347701773702306,9.783411901276295e-05,0,0,FOLLOWING,1.5000924210843822,0.5529648839286164,0
24.064,9.623174352088663,0.2577746376327403,-0.08655509209374602,11.1176,0.12745404573561117,0.5529866751925431,-0.0074563863713448504,0.5529784965225477,-0.007051374538219291,1.5000971547895279,-0.00042932568705765506,9.71547895278757e-05,0,0,FOLLOWING,1.5000917936543123,0.5529720125087382,0
24.096,9.640803585147973,0.25624403136589735,-0.08677933310710095,11.1352,0.12559653725659933,0.5529941267117519,-0.007407635716545496,0.5529860381788274,-0.007007531696005299,1.5000964677112032,-0.0004238745304738501,9.646771120319642e-05,0,0,FOLLOWING,1.5000911589723742,0.5529790620633211,0
24.128,9.658432712542837,0.2547094568282001,-0.08700216938543688,11.1528,0.12373717678356365,0.5530014868251518,-0.007358824733245228,0.5529934888263064,-0.006963633726114711,1.500095772929905,-0.0004184167751944551,9.577292990492481e-05,0,0,FOLLOWING,1.500090517080958,0.5529860321795977,0
24.16,9.676061732627957,0.2531709390152946,-0.08722359916878751,11.1704,0.12187599173385605,0.5530087551411182,-0.007309953571327318,0.5530008480684804,-0.006919680757285015,1.5000950704919063,-0.00041295248897539605,9.507049190626837e-05,0,0,FOLLOWING,1.500089868022836,0.5529929224494686,0
24.192,9.693690643765043,0.2516285029566214,-0.08744362070152394,11.187999999999999,0.12001300955173282,0.5530159312729337,-0.0072610223879648024,0.5530081155137428,-0.006875672925056203,1.5000943604438821,-0.00040748173974776425,9.436044388211329e-05,0,0,FOLLOWING,1.500089211841166,0.5529997324695208,0
24.224,9.711319444322873,0.2500821737153113,-0.08766223223256774,11.2056,0.11814825770795073,0.5530230148388176,-0.007212031347540165,0.5530152907753576,-0.006831610371634502,1.500093642832934,-0.0004020045956117796,9.364283293389342e-05,0,0,FOLLOWING,1.5000885485794948,0.5530064618410595,0
24.256,9.728948132677374,0.24853197638807772,-0.08787943201559692,11.2232,0.11628176369936034,0.5530300054619539,-0.007162980621556318,0.5530223734715539,-0.006787493245656959,1.5000929177065556,-0.0003965211248415785,9.291770655561749e-05,0,0,FOLLOWING,1.5000878782817533,0.5530131101701221,0
24.288,9.746576707211696,0.24697793610510524,-0.0880952183092602,11.2408,0.11441355504850231,0.5530369027705179,-0.007113870388551331,0.5530293632255233,-0.006743321702457039,1.5000921851126487,-0.0003910313958736533,9.218511264874607e-05,0,0,FOLLOWING,1.5000872009922486,0.5530196770675062,0
24.32,9.764205166316282,0.24542007802993282,-0.08830958937737712,11.2584,0.11254365930320007,0.5530437063977032,-0.007064700834019691,0.5530362596654504,-0.006699095903624021,1.5000914450995162,-0.00038553547731014215,9.144509951619639e-05,0,0,FOLLOWING,1.5000865167556683,0.55302616214879,0
24.352,9.781833508388944,0.2438584273593356,-0.08852254348914237,11.276,0.11067210403615421,0.5530504159817479,-0.007015472150324857,0.553043062424518,-0.006654816017131792,1.5000906977158541,-0.0003800334379155945,9.069771585412667e-05,0,0,FOLLOWING,1.5000858256170702,0.5530325650343544,0
24.384,9.79946173183493,0.24229300932319994,-0.0887340789193262,11.2936,0.1087989168445366,0.5530570311659612,-0.006966184536622677,0.553049771140971,-0.006610482217214042,1.5000899430107573,-0.0003745253466125586,8.994301075726518e-05,0,0,FOLLOWING,1.50008512762189,0.553038885349404,0
24.416,9.817089835066993,0.2407238491843968,-0.08894419394847224,11.3112,0.10692412534958214,0.5530635515987502,-0.006916838198778901,0.553056385458117,-0.006566094684293593,1.5000891810337176,-0.00036901127248079035,8.918103371757802e-05,0,0,FOLLOWING,1.5000844228159353,0.5530451227239906,0
24.448,9.83471781650548,0.23915097223865023,-0.08915288686309522,11.328800000000001,0.1050477571961821,0.553069976933644,-0.0068674333492890266,0.5530629050243737,-0.006521653604963402,1.5000884118346103,-0.0003634912847528815,8.841183461028024e-05,0,0,FOLLOWING,1.5000837112453724,0.5530512767930355,0
24.48,9.852345674578384,0.23757440381440198,-0.08936015595586937,11.3464,0.10316984005247717,0.5530763068293195,-0.006817970207200751,0.5530693294932604,-0.006477159171708819,1.500087635463699,-0.00035796545281564784,8.763546369894293e-05,0,0,FOLLOWING,1.5000829929567443,0.5530573471963431,0
24.512,9.869973407721433,0.23599416927267375,-0.08956599952582607,11.364,0.10129040160944813,0.5530825409496264,-0.006768448998038364,0.5530756585234758,-0.006432611583190471,1.5000868519716373,-0.00035243384620260715,8.685197163726954e-05,0,0,FOLLOWING,1.500082267996949,0.5530633335786317,0
24.544,9.887601014378147,0.23441029400692381,-0.08977041587853642,11.3816,0.09940946958050823,0.5530886789636121,-0.0067188699537220255,0.5530818917788525,-0.006388011043775859,1.500086061409458,-0.00034689653459733794,8.606140945799368e-05,0,0,FOLLOWING,1.5000815364132527,0.5530692355895442,0
24.576,9.905228492999923,0.23282280344290163,-0.08997340332630217,11.3992,0.09752707170109513,0.5530947205455441,-0.006669233312496322,0.5530880289284476,-0.006343357763796755,1.5000852638285713,-0.0003413535878267343,8.526382857132475e-05,0,0,FOLLOWING,1.5000807982532718,0.5530750528836745,0
24.608,9.9228558420461,0.23123172303849798,-0.09017496018833854,11.4168,0.0956432357282607,0.5531006653749341,-0.006619539318853483,0.5530940696465485,-0.0062986519592982656,1.500084459280765,-0.00033580507586108976,8.445928076494802e-05,0,0,FOLLOWING,1.5000800535649799,0.5530807851205847,0
24.64,9.94048305998403,0.22963707828359214,-0.09037508479095677,11.4344,0.09375798944026228,0.5531065131365624,-0.006569788223458378,0.5531000136126372,-0.006253893852032854,1.5000836478182045,-0.0003302510688109328,8.364781820446865e-05,0,0,FOLLOWING,1.5000793023967072,0.5530864319648251,0
24.672,9.958110145289153,0.22803889469989513,-0.09057377546774686,11.452,0.09187136063615384,0.5531122635205005,-0.0065199802830751006,0.5531058605115289,-0.006209083669461268,1.5000828294934239,-0.00032469163692228076,8.282949342386381e-05,0,0,FOLLOWING,1.5000785447971314,0.5530919930859534,0
24.704,9.975737096445068,0.22643719784078922,-0.09077103055974917,11.4696,0.08998337713537442,0.5531179162221317,-0.006470115760496695,0.5531116100332822,-0.006164221644405821,1.500082004359321,-0.0003191268505815803,8.200435932104178e-05,0,0,FOLLOWING,1.5000777808152734,0.5530974681585538,0
24.736,9.993363911943597,0.2248320132911652,-0.09096684841563894,11.4872,0.08809406677733977,0.5531234709421762,-0.006420194924470559,0.5531172618732965,-0.006119308015458243,1.5000811724691685,-0.00031355678030350886,8.117246916850007e-05,0,0,FOLLOWING,1.500077010500508,0.5531028568622548,0
24.768,10.010990590284868,0.22322336666725487,-0.09116122739189729,11.5048,0.08620345742103028,0.5531289273867109,-0.006370218049626391,0.5531228157322903,-0.006074343026550625,1.500080333876594,-0.0003079814967331257,8.033387659400759e-05,0,0,FOLLOWING,1.5000762339025444,0.5531081588817484,0
24.8,10.028617129977377,0.2216112836164612,-0.09135416585298121,11.522400000000001,0.08431157694458077,0.5531342852671918,-0.006320185416408503,0.5531282713163564,-0.0060293269269309155,1.5000794886355897,-0.0003024010706447616,7.948863558970842e-05,0,0,FOLLOWING,1.5000754510714343,0.5531133739068087,0
24.832,10.046243529538062,0.2199957898171846,-0.09154566217149579,11.54,0.08241845324487015,0.5531395443004735,-0.0062700973110019955,0.5531336283369414,-0.005984259971224783,1.5000786368004968,-0.00029681557293743943,7.863680049680077e-05,0,0,FOLLOWING,1.5000746620575651,0.553118501632305,0
24.864,10.063869787492369,0.21837691097864628,-0.0917357147283619,11.5576,0.08052411423710874,0.5531447042088328,-0.006219954025266045,0.5531388865109195,-0.005939142419304238,1.5000777784260253,-0.00029122507463241737,7.777842602529894e-05,0,0,FOLLOWING,1.5000738669116618,0.5531235417582279,0
24.896,10.08149590237433,0.21675467284070785,-0.09192432191298404,11.5752,0.07862858785442726,0.5531497647199858,-0.00616975585666345,0.5531440455605786,-0.0058939745362766565,1.5000769135672196,-0.00028562964687015024,7.69135672196164e-05,0,0,FOLLOWING,1.5000730656847765,0.5531284939896962,0
24.928,10.099121872726629,0.21512910117368877,-0.09211148212341146,11.5928,0.07673190204746565,0.553154725567109,-0.006119503108194103,0.5531491052136439,-0.005848756592295776,1.5000760422794805,-0.00028002936090935904,7.60422794805482e-05,0,0,FOLLOWING,1.5000722584282886,0.5531333580369814,0
24.96,10.116747697100667,0.21350022177817957,-0.09229719376650405,11.6104,0.07483408478395953,0.5531595864888592,-0.006069196088325137,0.5531540652032797,-0.005803488862691519,1.5000751646185537,-0.00027442428812191055,7.51646185537247e-05,0,0,FOLLOWING,1.5000714451939046,0.5531381336155232,0
24.992,10.13437337405664,0.21186806048485257,-0.09248145525808858,11.628,0.07293516404832855,0.5531643472293922,-0.006018835110924592,0.5531589252681606,-0.005758171627680372,1.500074280640525,-0.0002688144999941911,7.428064052494854e-05,0,0,FOLLOWING,1.500070626033655,0.5531428204459429,0
25.024,10.151998902163598,0.2102326431542692,-0.09266426502312125,11.6456,0.07103516784126433,0.5531690075383836,-0.005968420495197278,0.553163685152463,-0.005712805172554641,1.500073390401823,-0.0002632000681195151,7.339040182308132e-05,0,0,FOLLOWING,1.5000698009998932,0.5531474182540607,0
25.056,10.169624279999526,0.20859399567668474,-0.09284562149584037,11.6632,0.0691341241793161,0.5531735671710435,-0.0059179525656168795,0.5531683446058553,-0.005667389787384797,1.500072493959207,-0.0002575810642012899,7.24939592069429e-05,0,0,FOLLOWING,1.5000689701452834,0.5531519267709113,0
25.088,10.187249506151405,0.20695214397184955,-0.09302552311992328,11.680800000000001,0.06723206109447925,0.5531780258881379,-0.005867431651862394,0.5531729033835526,-0.005621925767134109,1.500071591369774,-0.00025195756004625647,7.159136977397118e-05,0,0,FOLLOWING,1.5000681335228077,0.5531563457327607,0
25.12,10.204874579215279,0.20530711398880763,-0.0932039683486373,11.6984,0.06532900663378054,0.5531823834560043,-0.005816858088754787,0.5531773612463462,-0.005576413411494798,1.5000706826909433,-0.0002463296275657667,7.068269094334667e-05,0,0,FOLLOWING,1.5000672911857593,0.5531606748811162,0
25.152,10.222499497796328,0.20365893170569213,-0.09338095564499367,11.716000000000001,0.06342498885886509,0.5531866396465701,-0.005766232216190264,0.5531817179605606,-0.005530853024960109,1.5000697679804735,-0.00024069733876866398,6.976798047353405e-05,0,0,FOLLOWING,1.5000664431877397,0.5531649139627494,0
25.184,10.240124260508932,0.20200762312951862,-0.09355648348189166,11.733600000000001,0.06152003584558338,0.5531907942373693,-0.005715554379083246,0.5531859732981306,-0.00548524491653575,1.500068847296436,-0.00023506076576505774,6.88472964360809e-05,0,0,FOLLOWING,1.5000655895826582,0.5531690627297026,0
25.216,10.257748865976744,0.20035321429597416,-0.0937305503422653,11.7512,0.059614175683575805,0.5531948470115581,-0.00566482492730083,0.5531901270366142,-0.00543958939980355,1.5000679206972243,-0.00022941998076435322,6.79206972242774e-05,0,0,FOLLOWING,1.5000647304247205,0.5531731209393075,0
25.248,10.275373312832746,0.19869573126920484,-0.09390315471923488,11.7688,0.05770743647585923,0.553198797757933,-0.005614044215602793,0.5531941789591611,-0.00539388679308771,1.500066988241557,-0.000223775056066286,6.698824155693117e-05,0,0,FOLLOWING,1.500063865768442,0.5531770883541981,0
25.28,10.292997599719332,0.19703520014160014,-0.0940742951162432,11.7864,0.055799846338413193,0.5532026462709452,-0.005563212603582773,0.5531981288545773,-0.005348137418962484,1.5000660499884577,-0.00021812606406676482,6.604998845771703e-05,0,0,FOLLOWING,1.5000629956686262,0.5531809647423238,0
25.312,10.31062172528836,0.19537164703357424,-0.09424397004720213,11.804,0.053891433399764044,0.5532063923507154,-0.0055123304556061,0.5532019765173201,-0.005302341604589943,1.500065105997264,-0.00021247307725116849,6.510599726405886e-05,0,0,FOLLOWING,1.5000621201803719,0.553184749876963,0
25.344,10.328245688201223,0.19370509809334485,-0.09441217803662788,11.8216,0.051982225800570825,0.5532100358030513,-0.005461398140754723,0.5532057217475139,-0.005256499681355744,1.5000641563276262,-0.00020681616819624712,6.415632762624135e-05,0,0,FOLLOWING,1.5000612393590753,0.5531884435367359,0
25.376,10.34586948712892,0.19203557949671005,-0.09457891761978131,11.839200000000002,0.05007225169321094,0.5532135764394599,-0.005410416032766424,0.553209364350982,-0.005210611985024711,1.5000632010394928,-0.0002011554095670137,6.320103949275513e-05,0,0,FOLLOWING,1.5000603532604109,0.5531920455056185,0
25.408,10.363493120752116,0.19036311744682108,-0.0947441873428052,11.8568,0.048161539241363766,0.5532170140771623,-0.005359384509979748,0.553212904139216,-0.005164678855665265,1.5000622401931116,-0.0001954908741141903,6.224019311162898e-05,0,0,FOLLOWING,1.5000594619403442,0.5531955555729495,0
25.44,10.381116587761205,0.18868773817395376,-0.09490798576285683,11.874400000000001,0.04625011661959599,0.5532203485391087,-0.00530830395527578,0.553216340929466,-0.005118700637474001,1.5000612738490398,-0.00018982263467363922,6.127384903975575e-05,0,0,FOLLOWING,1.5000585654551204,0.5531989735334517,0
25.472,10.398739886856381,0.18700946793527692,-0.09507031144824128,11.892,0.04433801201294684,0.5532235796539913,-0.00525717475602367,0.5532196745446686,-0.005072677678820672,1.5000603020681165,-0.0001841507641656137,6.030206811646899e-05,0,0,FOLLOWING,1.5000576638612655,0.5532022991872328,0
25.504,10.416363016747697,0.18532833301461815,-0.09523116297854527,11.909600000000001,0.04242525361651091,0.5532267072562572,-0.005205997304025168,0.5532229048135371,-0.005026610332259938,1.5000593249114862,-0.00017847533558987275,5.932491148619157e-05,0,0,FOLLOWING,1.5000567572155794,0.5532055323398082,0
25.536,10.433985976155137,0.18364435972222734,-0.09539053894476544,11.927200000000001,0.040511869635024185,0.5532297311861213,-0.005154771995458182,0.5532260315705297,-0.0049804989543489496,1.5000583424405642,-0.00017279642202641665,5.834244056424076e-05,0,0,FOLLOWING,1.5000558455751314,0.5532086728021017,0
25.568,10.451608763808668,0.18195757439453775,-0.09554843794943507,11.9448,0.03859788828244662,0.5532326512895788,-0.005103499230824661,0.5532290546558628,-0.004934343905606225,1.5000573547170646,-0.00016711409663469623,5.735471706458384e-05,0,0,FOLLOWING,1.5000549289972658,0.5532117203904622,0
25.6,10.469231378448313,0.18026800339392385,-0.0957048586067541,11.9624,0.03668333778154675,0.5532354674184174,-0.0050521794148963295,0.5532319739155284,-0.004888145550619334,1.500056361802977,-0.00016142843264883855,5.636180297696747e-05,0,0,FOLLOWING,1.5000540075395887,0.553214674926673,0
25.632,10.48685381882421,0.1785756731084586,-0.09585979954271315,11.98,0.03476824636348618,0.5532381794302287,-0.005000812956659612,0.5532347892013363,-0.004841904257841886,1.50005536376057,-0.00015573950337705034,5.5363760570026344e-05,0,0,FOLLOWING,1.5000530812599726,0.5532175362379601,0
25.664,10.504476083696671,0.17688060995166618,-0.09601325939521596,11.9976,0.032852642267402025,0.5532407871884201,-0.004949400269266885,0.5532375003708865,-0.00479562039956435,1.50005436065239,-0.00015004738220127103,5.4360652389950914e-05,0,0,FOLLOWING,1.500052150216549,0.5532203041570053,0
25.696,10.522098171836257,0.17518284036227397,-0.09616523681420364,12.0152,0.03093655373999109,0.5532432905622231,-0.0048979417699804234,0.5532401072875933,-0.004749294351947579,1.5000533525412452,-0.00014435214257392526,5.335254124516631e-05,0,0,FOLLOWING,1.5000512144676974,0.5532229785219552,0
25.728,10.539720082023818,0.1734823908039612,-0.0963157304617764,12.032800000000002,0.029020009035094108,0.5532456894267087,-0.004846437880121871,0.5532426098206944,-0.0047029264949705425,1.5000523394902263,-0.00013865385801312136,5.233949022631634e-05,0,0,FOLLOWING,1.500050274072066,0.5532255591764291,0
25.76,10.557341813050579,0.17177928776510626,-0.09646473901231012,12.0504,0.027103036413277718,0.5532479836627924,-0.004794889025022108,0.5532450078452823,-0.004656517212244753,1.5000513215626687,-0.00013295260210667567,5.1321562668738e-05,0,0,FOLLOWING,1.5000493290885393,0.5532280459695245,0
25.792,10.57496336371818,0.1700735577585311,-0.09661226115257522,12.068000000000001,0.02518566414141846,0.553250173157248,-0.004743295633967569,0.5532473012422672,-0.004610066891097655,1.50005029882219,-0.00012724844850615924,5.0298822189986936e-05,0,0,FOLLOWING,1.500048379576258,0.5532304387558343,0
25.824,10.592584732838747,0.16836522732124368,-0.0967582955818535,12.0856,0.023267920492286612,0.5532522578027141,-0.004691658140153463,0.5532494898984477,-0.004563575922512593,1.5000492713326465,-0.00012154147092664769,4.9271332646538823e-05,0,0,FOLLOWING,1.5000474255946024,0.5532327373954452,0
25.856,10.610205919234952,0.1666543230141777,-0.09690284101205476,12.103200000000001,0.021349833744127727,0.553254237497705,-0.0046399769806310725,0.553251573706461,-0.004517044701114238,1.5000482391581627,-0.0001158317431420308,4.8239158162655116e-05,0,0,FOLLOWING,1.5000464672031917,0.5532349417539554,0
25.888,10.627826921740066,0.16494087142193106,-0.09704589616783073,12.120800000000001,0.019431432180247454,0.5532561121466182,-0.00458825259625664,0.5532535525648414,-0.0044704736250858615,1.5000472023631037,-0.00011011933898301407,4.720236310373771e-05,0,0,FOLLOWING,1.5000455044618863,0.5532370517024735,0
25.92,10.645447739198028,0.16322489915250218,-0.09718745978668063,12.1384,0.01751274408859291,0.5532578816597427,-0.004536485431647937,0.5532554263779865,-0.004423863095914162,1.5000461610120837,-0.00010440433234266967,4.6161012083656416e-05,0,0,FOLLOWING,1.5000445374307751,0.5532390671176314,0
25.952,10.66306837046349,0.16150643283702285,-0.09732753061907087,12.156,0.015593797761336235,0.553259545953268,-0.0044846759351298005,0.5532571950562066,-0.004377213518822085,1.500045115169964,-9.868679716418251e-05,4.5115169964082824e-05,0,0,FOLLOWING,1.5000435661701836,0.5532409878815892,0
25.984,10.680688814401888,0.1597854991294908,-0.09746610742853674,12.1736,0.01367462149445806,0.5532611049492902,-0.0044328245586897136,0.5532588585156977,-0.004330525302212626,1.5000440649018418,-9.296680744735887e-05,4.406490184183376e-05,0,0,FOLLOWING,1.5000425907406594,0.5532428138820426,0
26.016000000000002,10.698309069889492,0.15806212470649905,-0.09760318899179536,12.191200000000002,0.01175524358732895,0.5532625585758206,-0.004380931757930837,0.5532604166785587,-0.00428379885801842,1.5000430102730533,-8.724443724177078e-05,4.3010273053312176e-05,0,0,FOLLOWING,1.5000416112029764,0.5532445450122304,0
26.048000000000002,10.715929135813463,0.15633633626696372,-0.09773877409884865,12.208800000000002,0.009835692342292776,0.5532639067667918,-0.004328997992021478,0.5532618694728082,-0.0042370346013878195,1.5000419513491638,-8.151976064878219e-05,4.1951349163849017e-05,0,0,FOLLOWING,1.5000406276181297,0.5532461811709368,0
26.080000000000002,10.733549011071917,0.1546081605318498,-0.0978728615530907,12.226400000000002,0.007915996064250039,0.553265149462063,-0.0042770237236532515,0.5532632168324036,-0.004190232950826089,1.5000408881959686,-7.579285181674722e-05,4.088819596859139e-05,0,0,FOLLOWING,1.5000396400473286,0.5532477222625006,0
26.112000000000002,10.751168694573972,0.15287762424389492,-0.09800545017140981,12.244,0.005996183060239168,0.5532662866074275,-0.004225009418992916,0.5532644586972014,-0.004143394328030914,1.5000398208794883,-7.006378494192611e-05,3.982087948828372e-05,0,0,FOLLOWING,1.500038648551998,0.5532491681968184,0
26.144000000000002,10.76878818523981,0.15114475416733128,-0.0981365387842901,12.261600000000001,0.00407628163901979,0.5532673181546173,-0.004172955547638956,0.5532655950130134,-0.004096519157868047,1.5000387494659686,-6.433263426715297e-05,3.8749465968601626e-05,0,0,FOLLOWING,1.500037653193771,0.553250518889355,0
26.176000000000002,10.786407482000724,0.1494095770876058,-0.09826612623591498,12.279200000000003,0.002156320110655958,0.5532682440613108,-0.004120862582574603,0.5532666257315741,-0.004049607868440282,1.5000376740218715,-5.859947407772791e-05,3.767402187149216e-05,0,0,FOLLOWING,1.500036654034495,0.5532517742611403,0
26.208000000000002,10.804026583799185,0.1476721198110982,-0.09839421138426331,12.296800000000001,0.00023632678609737315,0.5532690642911339,-0.004068731000125404,0.5532675508105608,-0.004002660890857597,1.5000365946138663,-5.2864378704678416e-05,3.6594613866292036e-05,0,0,FOLLOWING,1.5000356511362116,0.553252934238776,0
26.240000000000002,10.821645489588887,0.14593240916483724,-0.09852079310121024,12.3144,-0.001683670023237409,0.5532697788136659,-0.00401656127991876,0.5532683702136239,-0.003955678659377247,1.5000355113088422,-4.7127422519263606e-05,3.551130884216214e-05,0,0,FOLLOWING,1.5000346445611634,0.5532539987544447,0
26.272000000000002,10.8392641983348,0.14419047199621512,-0.09864587027262031,12.332,-0.003603642005877781,0.5532703876044466,-0.003964353904835171,0.5532690839103366,-0.003908661611166702,1.5000344241738972,-4.138867993558337e-05,3.442417389720731e-05,0,0,FOLLOWING,1.5000336343717964,0.5532549677459154,0
26.304000000000002,10.856882709013226,0.14244633517270106,-0.09876944179844813,12.349600000000002,-0.005523560850720109,0.5532708906449769,-0.003912109360973107,0.5532696918762513,-0.0038616101865443357,1.5000333332763256,-3.5648225406442746e-05,3.3333276325597794e-05,0,0,FOLLOWING,1.5000326206307462,0.5532558411565359,0
26.336000000000002,10.874501020611852,0.1407000255815513,-0.09889150659282558,12.3672,-0.0074433982474434186,0.5532712879227236,-0.0038598281376034135,0.5532701940928901,-0.003814524828547705,1.5000322386836213,-2.99061334270434e-05,3.2238683621343966e-05,0,0,FOLLOWING,1.5000316034008396,0.5532566189352404,0
26.368000000000002,10.892119132129807,0.13895157012951906,-0.09901206358416521,12.3848,-0.0093631258869284,0.5532715794311206,-0.003807510727127274,0.5532705905477063,-0.003767405983443313,1.500031140463479,-2.416247852479736e-05,3.114046347896249e-05,0,0,FOLLOWING,1.5000305827450848,0.5532573010365588,0
26.400000000000002,10.9097370425777,0.13720099574256162,-0.09913111171524208,12.4024,-0.01128271546167418,0.553271765169574,-0.003755157625038703,0.5532708812341607,-0.003720254100068056,1.5000300386837833,-1.8417335267958967e-05,3.0038683783262243e-05,0,0,FOLLOWING,1.5000295587266779,0.5532578874206131,0
26.432000000000002,10.927354750977681,0.135448329365547,-0.09924864994329034,12.420000000000002,-0.013202138666215061,0.553271845143463,-0.003702769329883498,0.553271066151663,-0.0036730696302636327,1.5000289334126082,-1.2670778258463968e-05,2.893341260823412e-05,0,0,FOLLOWING,1.500028531408992,0.5532583780531231,0
26.464000000000002,10.94497225636349,0.13369359796195782,-0.09936467724009189,12.4376,-0.015121367197539242,0.5532718193641417,-0.0036503463432171973,0.5532711453055947,-0.0036258530286457885,1.5000278247182082,-6.922882132734399e-06,2.782471820816923e-05,0,0,FOLLOWING,1.5000275008555777,0.5532587729054022,0
26.496000000000002,10.962589557780506,0.1319368285135941,-0.09947919259206242,12.455200000000001,-0.017040372755505486,0.5532716878489422,-0.0035978891695679733,0.553271118707324,-0.0035786047525226358,1.5000267126690283,-1.173721561470442e-06,2.6712669028317038e-05,0,0,FOLLOWING,1.5000264671301562,0.5532590719543689,0
26.528000000000002,10.980206654285794,0.1301780480202742,-0.09959219500034378,12.472800000000001,-0.018959127043259763,0.5532714506211736,-0.003545398316397552,0.553270986374193,-0.00353132526208781,1.5000255973336791,4.576628755526002e-06,2.5597333679128198e-05,0,0,FOLLOWING,1.5000254302966176,0.5532592751825388,0
26.560000000000002,10.99782354494816,0.12841728349953468,-0.0997036834808858,12.490400000000001,-0.020877601767653842,0.5532711077101237,-0.0034928742940599656,0.5532707483295299,-0.0034840150200883186,1.5000244787809511,1.0328094086464736e-05,2.447878095113154e-05,0,0,FOLLOWING,1.5000243904190167,0.5532593825780306,0
26.592000000000002,11.015440228848192,0.12665456198632802,-0.0998136570645337,12.508000000000001,-0.022795768639661807,0.5532706591510598,-0.003440317615767204,0.5532704046026071,-0.0034366744920059076,1.5000233570798018,1.60805996710367e-05,2.3357079801833436e-05,0,0,FOLLOWING,1.5000233475615694,0.5532593941345658,0
26.624000000000002,11.033056705078309,0.12488991053271921,-0.09992211479711147,12.5256,-0.02471359937479654,0.5532701049852289,-0.0033877287975454034,0.5532699552287373,-0.0033893041459271463,1.500022232299358,2.18340707218434e-05,2.2232299357938246e-05,0,0,FOLLOWING,1.5000223017886531,0.5532593098514688,0
26.656,11.050672972742815,0.12312335620758098,-0.1000290557395064,12.543200000000002,-0.02663106569352813,0.5532694452598566,-0.0033351083582038557,0.5532694002491525,-0.003341904452578876,1.500021104508904,2.758843242578468e-05,2.1104508904024044e-05,0,0,FOLLOWING,1.5000212531647932,0.5532591297336695,0
26.688,11.068289038336786,0.1213549261145302,-0.10013445605948515,12.5608,-0.028548139321699965,0.5532686783249842,-0.003282468291910195,0.5532689692735608,-0.0032937600019382215,1.5000199664377907,3.332019798689412e-05,1.9966437790674973e-05,0,0,FOLLOWING,1.5000201944145828,0.5532588537916927,0
26.72,11.085904896464045,0.119584647764515,-0.10023823931744741,12.5784,-0.030464791990945893,0.5532678041184905,-0.0032298555690171643,0.5532682905182233,-0.0032432268137897913,1.500018822698478,3.895379041463087e-05,1.88226984780826e-05,0,0,FOLLOWING,1.5000191301457066,0.5532584820416735,0
26.752,11.103520543678806,0.11781255015101366,-0.10034039035063089,12.596,-0.03238099543910727,0.5532668233061171,-0.0031773161966008384,0.5532674200966334,-0.0031922197893161624,1.500017676121764,4.447379321675937e-05,1.76761217640653e-05,0,0,FOLLOWING,1.500018063184192,0.5532580145053452,0
26.784,11.121135979168756,0.11603866254381247,-0.10044090539238364,12.613599999999998,-0.034296721410648795,0.5532657365053916,-0.003124889959697323,0.5532664387700258,-0.0031410950569749616,1.5000165269571182,4.987582322819872e-05,1.6526957118179197e-05,0,0,FOLLOWING,1.5000169937747359,0.5532574512100402,0
26.816,11.138751202283979,0.11426301423486249,-0.10053978312036285,12.6312,-0.03621194165707652,0.5532645442541304,-0.0030726103638731355,0.5532653511662867,-0.0030899290014243285,1.5000153753060923,5.5157911523120995e-05,1.537530609230231e-05,0,0,FOLLOWING,1.5000159220141092,0.5532567921886928,0
26.848,11.156366212411092,0.1124856344991556,-0.10063702422122098,12.648800000000001,-0.03812662793735372,0.5532632470145995,-0.0030205047872077354,0.553264158194521,-0.003038784403768524,1.5000142212436596,6.032010214879203e-05,1.4221243659573446e-05,0,0,FOLLOWING,1.500014847972512,0.5532560374798318,0
26.88,11.17398100895617,0.11070655256489706,-0.10073263101139508,12.6664,-0.040040752018316604,0.5532618451811329,-0.002968594782076216,0.5532628603379007,-0.002987712194776043,1.5000130648322316,6.536409355507866e-05,1.3064832231624024e-05,0,0,FOLLOWING,1.5000137717075799,0.5532551871275769,0
26.912,11.191595591339063,0.10892579759086538,-0.10082660710367039,12.683999999999997,-0.041954285675092046,0.5532603390879478,-0.002916896479486021,0.5532614579795619,-0.0029367528853240384,1.5000119061250605,7.029292027217748e-05,1.1906125060523465e-05,0,0,FOLLOWING,1.5000126932677815,0.5532542411816433,0
26.944,11.209209958989566,0.1071433986498587,-0.10091895711592451,12.7016,-0.04386720069151304,0.5532587290167287,-0.0028654210584283155,0.5532599514411081,-0.0028859378845553793,1.5000107451683675,7.511067260829174e-05,1.0745168367520819e-05,0,0,FOLLOWING,1.500011612694553,0.5532531996973371,0
26.976,11.226824111344417,0.10535938471695425,-0.10100968641848312,12.7192,-0.04577946886053415,0.5532570152038594,-0.002814175250893077,0.5532583409929082,-0.0028352907064677986,1.5000095820031487,7.982225171355994e-05,9.582003148711493e-06,0,0,FOLLOWING,1.5000105300241102,0.5532520627355478,0
27.008,11.244438047844886,0.10357378466153348,-0.10109880091657224,12.736799999999999,-0.04769106198464872,0.5532551978472406,-0.0027631618599291605,0.553256626861386,-0.002784828066696085,1.5000084166667573,8.443315720201017e-05,8.416666757327107e-06,0,0,FOLLOWING,1.5000094452890247,0.5532508303627449,0
27.04,11.262051767934901,0.10178662724226878,-0.10118630686449921,12.754399999999999,-0.04960195187630404,0.5532532771126398,-0.0027123802736536756,0.5532548092357011,-0.002734560874035164,1.5000072491942706,8.894930450534244e-05,7.249194270642079e-06,0,0,FOLLOWING,1.5000083585195814,0.5532495026509803,0
27.072,11.279665271059605,0.09999794110445664,-0.10127221070834667,12.771999999999998,-0.051512110358316314,0.5532512531395491,-0.0026618269626348637,0.5532528882739929,-0.00268449512146085,1.5000060796196297,9.337686915260324e-05,6.079619629728583e-06,0,0,FOLLOWING,1.5000072697449336,0.553248079677879,0
27.104,11.297278556664269,0.09820775477924192,-0.10135651895415881,12.7896,-0.053421509264287674,0.5532491260465423,-0.002611495951675301,0.5532508641090884,-0.002634632682768996,1.5000049079766449,9.772215526512862e-05,4.907976644874523e-06,0,0,FOLLOWING,1.500006178994099,0.5532465615266379,0
27.136,11.31489162419357,0.09641609668437771,-0.10143923805880359,12.807199999999998,-0.055330120439019775,0.5532468959361225,-0.0025613792599619403,0.5532487368538342,-0.0025849720212085888,1.5000037342997776,0.00010199148568550143,3.734299777624628e-06,0,0,FOLLOWING,1.5000050862967518,0.5532449482860146,0
27.168,11.332504473091126,0.09462299512625412,-0.10152037434090756,12.8248,-0.05723791573893047,0.553244562899077,-0.002511467305818095,0.553246506605793,-0.0025355088167303653,1.5000025586248305,0.00010619111132077752,2.558624830450995e-06,0,0,FOLLOWING,1.5000039916838912,0.5532432400503329,0
27.2,11.35011710279927,0.09282847830297446,-0.10159993390947065,12.8424,-0.05914486703246819,0.5532421270183531,-0.0024617492741037714,0.5532441734515188,-0.002486236518503514,1.5000013809894468,0.00011032713745255664,1.3809894467975425e-06,0,0,FOLLOWING,1.5000028951883684,0.5532414369194673,0
27.232,11.36772951275908,0.09103257430829961,-0.10167792260797985,12.86,-0.06105094620052604,0.5532395883724737,-0.0024122134456781514,0.5532417374703988,-0.0024371468292474765,1.5000002014335228,0.00011440546495794512,2.014335227507047e-07,0,0,FOLLOWING,1.5000017968452783,0.5532395389988429,0
27.264,11.385341702410535,0.08923531113630151,-0.10175434597202053,12.8776,-0.0629561251368578,0.5532369470385264,-0.0023628474893726548,0.553239198737915,-0.0023882301270383177,1.4999990199995106,0.00011843174454459482,-9.80000489425592e-07,0,0,FOLLOWING,1.5000006966922714,0.5532375463994282,0
27.296,11.402953671192877,0.08743671668658365,-0.10182920919860432,12.895199999999999,-0.0648603757484917,0.5532342030947451,-0.0023136387176955335,0.5532365573286321,-0.002339475831447416,1.4999978367326101,0.00012241134231573414,-2.16326738988748e-06,0,0,FOLLOWING,1.499999594769743,0.5532354592377285,0
27.328,11.42056541854507,0.08563681876993703,-0.1019025171255548,12.9128,-0.06676366995614397,0.5532313566227215,-0.0022645743080165204,0.5532338133186584,-0.0022908727178431675,1.4999966516809025,0.0001263493150971129,-3.3483190975402977e-06,0,0,FOLLOWING,1.4999984911209685,0.5532332776357796,0
27.36,11.438176943906374,0.08383564511431134,-0.1019742742195005,12.9304,-0.06866597969463424,0.5532284077092735,-0.002215641491374814,0.5532309667878264,-0.0022424091863868538,1.4999954648954015,0.00013025039415325013,-4.535104598524242e-06,0,0,FOLLOWING,1.499997385792154,0.5532310017211389,0
27.392,11.455788246716997,0.0820332233709875,-0.10204448457115374,12.948,-0.07056727691329873,0.5532253564480044,-0.002166827711238205,0.5532280178214799,-0.00219407348969089,1.4999942764300633,0.00013411897605260234,-5.7235699366664505e-06,0,0,FOLLOWING,1.4999962788324448,0.5532286316268817,0
27.424,11.473399326418827,0.08022958112084859,-0.10211315189668164,12.965599999999998,-0.07246753357640319,0.5532222029405772,-0.0021181207547225573,0.5532249665120202,-0.0021458539232205465,1.4999930863417232,0.0001379591195539848,-6.913658276763712e-06,0,0,FOLLOWING,1.4999951702938639,0.5532261674915904,0
27.456,11.491010182456181,0.0784247458806553,-0.10218027954412039,12.9832,-0.07436672166355783,0.5532189472977418,-0.002069508858775117,0.5532218129601228,-0.0020977389828851856,1.4999918946900248,0.00014177454753105945,-8.105309975192654e-06,0,0,FOLLOWING,1.4999940602312374,0.5532236094593544,0
27.488,11.508620814276599,0.07661874510924281,-0.10224587050389389,13.000800000000002,-0.07626481317012877,0.5532155896401334,-0.002020980793829076,0.5532185572757148,-0.002049717493296452,1.4999907015372862,0.00014556865305165312,-9.298462713802635e-06,0,0,FOLLOWING,1.4999929487020722,0.5532209576797494,0
27.52,11.526231221331646,0.07481160621356742,-0.10230992742259205,13.0184,-0.0781617801076525,0.553212130098873,-0.0019725259273726753,0.5532151995787654,-0.002001778709649516,1.4999895069483615,0.00014934450881469444,-1.0493051638471584e-05,0,0,FOLLOWING,1.4999918357664088,0.5532182123078331,0
27.552,11.543841403077709,0.07300335655454185,-0.10237245261929515,13.035999999999998,-0.08005759450424793,0.5532085688159972,-0.0019241342697646029,0.553211739999879,-0.001953912397259827,1.4999883109904943,0.00015310487927575056,-1.1689009505655434e-05,0,0,FOLLOWING,1.4999907214866681,0.553215373504141,0
27.584,11.561451358976791,0.07119402345261026,-0.10243344810377646,13.0536,-0.08195222840502822,0.5532049059447379,-0.0018757965045086424,0.5532081786806644,-0.0019061088902869124,1.4999871137331313,0.00015685223482238275,-1.2886266868683549e-05,0,0,FOLLOWING,1.4999896059274782,0.5532124414346791,0
27.616,11.579061088497285,0.06938363419302342,-0.10249291559604118,13.071200000000001,-0.08384565387251426,0.5532011416496674,-0.001827504005085048,0.5532045157740221,-0.0018583591334811387,1.4999859152477335,0.00016058876748520357,-1.4084752266496636e-05,0,0,FOLLOWING,1.4999884891554824,0.553209416270904,0
27.648,11.596670591114703,0.06757221603078599,-0.10255085654672037,13.088799999999999,-0.08573784298704601,0.5531972761067395,-0.001779248840236589,0.5532007514442475,-0.0018106547088975252,1.4999847156076067,0.00016431640772641976,-1.5284392393288826e-05,0,0,FOLLOWING,1.499987371239171,0.5532062981897178,0
27.68,11.614279866312403,0.06575979619525794,-0.1026072721578889,13.106399999999999,-0.0876287678471935,0.5531933095032353,-0.0017310237695152214,0.5531968858671336,-0.0017629878491540651,1.4999835148877119,0.00016803684188261558,-1.6485112288133763e-05,0,0,FOLLOWING,1.4999862522486789,0.5532030873734635,0
27.712,11.631888913582253,0.06394640189439496,-0.10266216340397238,13.123999999999999,-0.08951840057016962,0.5531892420376324,-0.0016828222307025225,0.5531929192298171,-0.0017153514402138482,1.4999823131644694,0.00017175152993685605,-1.7686835530605904e-05,0,0,FOLLOWING,1.4999851322556086,0.5531997840099083,0
27.744,11.64949773242526,0.062132060318628,-0.10271553105243966,13.1416,-0.09140671329224052,0.5531850739194168,-0.0016346383205745082,0.5531888517306803,-0.0016677390146779393,1.4999811105155993,0.000175461723322029,-1.8889484400652634e-05,0,0,FOLLOWING,1.4999840113328595,0.553196388292237,0
27.776,11.667106322352168,0.06031679864438284,-0.10276737568405402,13.159199999999998,-0.09329367816913592,0.5531808053688402,-0.0015864667703381723,0.5531846835791466,-0.001620144737993739,1.4999799070199251,0.00017916848252177986,-2.0092980074881694e-05,0,0,FOLLOWING,1.4999828895544405,0.5531929004190349,0
27.808,11.684714682884001,0.05850064403724418,-0.1028176977124738,13.1768,-0.09517926737646093,0.5531764366166433,-0.0015383029169227947,0.5531804149954824,-0.0015725633881388762,1.499978702757234,0.00018287269426163486,-2.1297242766005198e-05,0,0,FOLLOWING,1.4999817669953146,0.5531893205942854,0
27.84,11.702322813552568,0.05668362365477866,-0.10286649740305824,13.1944,-0.09706345311010571,0.5531719679037508,-0.001490142671162826,0.5531760462104238,-0.0015249903307583792,1.4999774978080942,0.00018657508813249568,-2.250219190580438e-05,0,0,FOLLOWING,1.4999806437312384,0.5531856490273497,0
27.872,11.719930713900924,0.054865764649028384,-0.10291377489075478,13.212,-0.09894620758665483,0.5531673994809461,-0.0014419824838055224,0.5531715774649317,-0.0014774214904890628,1.4999762922537263,0.0001902762525203827,-2.370774627369343e-05,0,0,FOLLOWING,1.4999795198386152,0.5531818859329601,0
27.904,11.737538383483788,0.05304709416869375,-0.102959530196992,13.2296,-0.10082750304379842,0.5531627316085365,-0.0013938193101241422,0.5531670090098293,-0.0014298533198637434,1.4999750861758598,0.0001939766497476153,-2.49138241401603e-05,0,0,FOLLOWING,1.4999783953943606,0.5531780315312065,0
27.936,11.755145821867917,0.05122763936102094,-0.10300376324550939,13.2472,-0.10270731174073985,0.5531579645560138,-0.0013456505738363867,0.5531623411054865,-0.0013822827660990027,1.4999738796566116,0.0001976766303527222,-2.6120343388447154e-05,0,0,FOLLOWING,1.4999772704757806,0.5531740860475229,0
27.968,11.772753028632453,0.049407427373415566,-0.10304647387709474,13.264800000000001,-0.10458560595860626,0.5531530986017135,-0.001297474130904419,0.5531575740214831,-0.0013347072369547688,1.4999726727783647,0.00020137644645965014,-2.7327221635342624e-05,0,0,FOLLOWING,1.4999761451604487,0.5531700497126777,0
28.0,11.790360003369216,0.04758648535480067,-0.10308766186322504,13.2824,-0.1064623580008567,0.5531481340324791,-0.0012492882337116701,0.5531527080362318,-0.0012871245664681018,1.4999714656236662,0.0002050762642245019,-2.853437633376643e-05,0,0,FOLLOWING,1.4999750195261075,0.553165922762752,0
28.032,11.807966745682977,0.045764840456739724,-0.10312732691859673,13.3,-0.10833754019368981,0.5531430711433375,-0.00120109149601946,0.5531477434366601,-0.0012395329802446216,1.499970258275136,0.00020877617533064663,-2.9741724864029706e-05,0,0,FOLLOWING,1.4999738936505713,0.5531617054391381,0
28.064,11.825573255191692,0.043942519834343864,-0.10316546871257927,13.3112,-0.11021112488645325,0.5517799237315646,-0.0012743369909578523,0.5531426805178917,-0.0011919310618205726,1.4936030835099507,-0.00022789233273985687,-0.006396916490049254,0,0,FOLLOWING,1.4980629517067907,0.5481861973357474,0
28.096,11.843138153199888,0.042123834660132725,-0.10320583141180512,13.3224,-0.11208308445205074,0.5483657391831133,-0.0015321815281872375,0.5518364711636914,-0.0012613343562854747,1.4872778440158885,-0.0006648488030212701,-0.012722155984111527,0,0,FOLLOWING,1.4947454136676235,0.5398561222838164,0
28.128,11.860596901728819,0.04031542804599887,-0.10325412988819654,13.333600000000002,-0.1139533912873488,0.5426616092515131,-0.00199721846913212,0.54850236311874,-0.0015093274021290297,1.481059416814535,-0.001096273632614636,-0.018940583185464988,0,0,FOLLOWING,1.4904455329404287,0.529387570797345,0
28.16,11.877876510317991,0.038524719941195794,-0.10331680328257681,13.3448,-0.11582201781358505,0.5347252693653526,-0.0026648493136729456,0.5428756052633755,-0.001958543555440889,1.4750211659621646,-0.0015154600995338774,-0.024978834037835407,0,0,FOLLOWING,1.485515480481955,0.517685406439379,0
28.192,11.89490536391738,0.036758884800794416,-0.10340017261524799,13.355999999999998,-0.11768893647677427,0.5247957452777884,-0.003513257404107782,0.5350000025117496,-0.0026052914584335147,1.4692350612093314,-0.0019156498248300569,-0.03076493879066855,0,0,FOLLOWING,1.4802426556518022,0.5054138199889294,0
28.224,11.911619335015843,0.035024241001270114,-0.10350963837722733,13.3672,-0.11955411974811402,0.5132106493146339,-0.004510857569519781,0.5251111605009845,-0.0034208044837673694,1.463765535148198,-0.0022908598754439735,-0.03623446485180204,0,0,FOLLOWING,1.4748571661392507,0.49305182978059525,0
28.256,11.927964922351658,0.03332593841094794,-0.10364822623949445,13.378400000000001,-0.12141754012439207,0.5003485762254731,-0.005622199587935603,0.5135431528648737,-0.004330869449130692,1.4586663287475903,-0.00263736249207136,-0.04133367125240972,0,0,FOLLOWING,1.4695394555079782,0.48093681345081335,0
28.288,11.943900748845662,0.03166786759444689,-0.10381910557757545,13.3896,-0.12327917012839025,0.4865904070874342,-0.006810891937007371,0.5006768606662658,-0.00533997719737305,1.453978992037813,-0.002951231203347019,-0.046021007962187,0,0,FOLLOWING,1.464427326822561,0.46929855141018095,0
28.32,11.959397707467883,0.030052651340378152,-0.1040244680248884,13.400799999999998,-0.12513898230929113,0.47229467232782074,-0.008041977890264779,0.48689769974151914,-0.0064175733589023,1.4497327381526888,-0.003229488668239078,-0.05026726184731123,0,0,FOLLOWING,1.4596225247432426,0.45828576526845893,0
28.352,11.974438243950178,0.028481735862092183,-0.1042654988008703,13.411999999999999,-0.12699694924308214,0.4577831496672873,-0.00928345890142701,0.4725684879249663,-0.007532207612926841,1.4459451663113225,-0.003470167364629531,-0.05405483368867747,0,0,FOLLOWING,1.4551967615808477,0.4479867318888098,0
28.384,11.98901518316296,0.026955527577709693,-0.10454246227055876,13.423200000000001,-0.12885304353295926,0.44333371395363075,-0.010507165025725131,0.45801512621426077,-0.008655103385813876,1.4426234434797756,-0.0036722525330599998,-0.05737655652022444,0,0,FOLLOWING,1.451197071788031,0.438445230212284,0
28.416,12.003130317695756,0.025473548562826704,-0.10485481321118048,13.434399999999998,-0.13070723780973242,0.42917816566237116,-0.011689157574604932,0.44351915207314285,-0.009760961162082207,1.439765724524388,-0.0038355922684877863,-0.060234275475612,0,0,FOLLOWING,1.447650509343836,0.4296728190602052,0
28.448,12.016792921978853,0.024034594280589225,-0.1052013197475354,13.4456,-0.13255950473222827,0.41550333371044007,-0.012809805501592289,0.4293154198708676,-0.010828323117837053,1.4373626466723581,-0.003960788871903445,-0.06263735332764186,0,0,FOLLOWING,1.4445682105312363,0.4216582374135724,0
28.48,12.030018299838993,0.02263688347133922,-0.10558018825388524,13.4568,-0.13440981698769283,0.4024542006190391,-0.013853642084868452,0.4155931656269765,-0.011839634569763738,1.4353987898975675,-0.004049081925278877,-0.06460121010243247,0,0,FOLLOWING,1.4419488621542988,0.4143745539145337,0
28.512,12.04282643218391,0.02127819450501131,-0.10598918376395065,13.468,-0.13625814729219543,0.3901381518579848,-0.014809080992779323,0.4024991620671236,-0.012781103608589708,1.4338540362911736,-0.004102230636040288,-0.06614596370882642,0,0,FOLLOWING,1.4397816261830334,0.40778456116391804,0
28.544,12.055240761928426,0.01995598551773511,-0.10642574183235176,13.4792,-0.13810446839103047,0.37862972292656266,-0.01566804952338884,0.39014203533283354,-0.013642433967211142,1.432704791218074,-0.00412240069893989,-0.06729520878192607,0,0,FOLLOWING,1.4380485772513851,0.4018448060441983,0
28.576,12.067287132651453,0.018667497630603592,-0.10688706952625439,13.4904,-0.13994875305911852,0.3679754224784986,-0.01642558052731956,0.37859709631137234,-0.014416485351836365,1.431925049782937,-0.00411205914272307,-0.068074950217063,0,0,FOLLOWING,1.4367267107985793,0.39650856435941506,0
28.608,12.078992883600405,0.01740984177510304,-0.1073702344500108,13.501600000000002,-0.14179097410140926,0.35819836100805463,-0.01707939222091051,0.3679112516381994,-0.015098899484207836,1.4314873060584656,-0.004073879271915645,-0.06851269394153436,0,0,FOLLOWING,1.4357895781636691,0.39172800221858556,0
28.64,12.090386094768439,0.016180070352360954,-0.1078722415472334,13.5128,-0.1436311043532817,0.34930252386312644,-0.017629475898277864,0.35810771586552625,-0.015687718154915688,1.4313633114471316,-0.004010656797128767,-0.06863668855286842,0,0,FOLLOWING,1.4352086016019259,0.38745571433755605,0
28.672,12.10149497047596,0.014975235301668386,-0.10839009798627074,13.524000000000001,-0.14546911668094403,0.3412766043490638,-0.018077704739084766,0.3491903591674335,-0.016183010835185925,1.4315246938506907,-0.003925237500380874,-0.0684753061493093,0,0,FOLLOWING,1.4349541177470304,0.3836457880358157,0
28.704,12.112347347126445,0.013792434271276938,-0.10892086679467204,13.5352,-0.14730498398183547,0.3340973653635899,-0.01842747191276,0.34114760438362957,-0.01658652308537025,1.4319434520808185,-0.003820456247394563,-0.06805654791918148,0,0,FOLLOWING,1.4349961930567803,0.3802545089556372,0
28.736,12.122970309776424,0.012628846558965491,-0.10946171012411962,13.5464,-0.149138679185024,0.32773253268541197,-0.01868336255428835,0.3339558414457549,-0.01690135250743652,1.4325923409663055,-0.0036990867899836105,-0.0674076590336945,0,0,FOLLOWING,1.4353052496522327,0.37724079867139065,0
28.768,12.133389902267124,0.011481760381887954,-0.11000992314188471,13.557600000000003,-0.15097017525160703,0.32214324466960803,-0.018850861589984627,0.32758236285874304,-0.017131655822710232,1.4334451624932725,-0.0035638015611827306,-0.06655483750672753,0,0,FOLLOWING,1.4358525349624138,0.3745664539797487,0
28.8,12.143630916481294,0.010348592885352507,-0.1105629595887728,13.5688,-0.15279944517510954,0.31728609546986,-0.018936097564401858,0.321987846059828,-0.017282388447692917,1.4344769774870993,-0.003417140523642115,-0.06552302251290065,0,0,FOLLOWING,1.4366104638915969,0.372196241642167,0
28.832,12.153716747508584,0.009226904134654785,-0.1111184500389187,13.579999999999998,-0.1546264619818817,0.3131148148628213,-0.018945621365921816,0.31712842107713834,-0.0173590764246252,1.4356642511134723,-0.0032614880638850985,-0.06433574888652771,0,0,FOLLOWING,1.437552857932516,0.37009788978997377,0
28.864,12.163669302915592,0.008114406169086034,-0.11167421385948591,13.5912,-0.15645119873149782,0.3095816294032478,-0.01888621792123571,0.3129573679139391,-0.017367619541306605,1.4369849440528573,-0.0030990569119858646,-0.06301505594714274,0,0,FOLLOWING,1.438655101803553,0.36824200738095036,0
28.896,12.173508955781777,0.007008968042031994,-0.11222826580983344,13.602400000000001,-0.15827362851715293,0.3066383485237298,-0.018764748416864683,0.3094264896754142,-0.017314123812547284,1.4384185597288408,-0.0029318780925280956,-0.061581440271159194,0,0,FOLLOWING,1.439894234800278,0.3666019554409342,0
28.928,12.183254532588839,0.005908617630425755,-0.11277881814833704,13.6136,-0.160093724466059,0.30423721640422596,-0.01858802032531632,0.3064872062155395,-0.017204761092842035,1.4399461565368241,-0.0027617959660583558,-0.06005384346317588,0,0,FOLLOWING,1.4412489911080224,0.3651536878774543,0
28.96,12.192923328384728,0.004811540872518202,-0.11332427903684825,13.624799999999999,-0.16191145973984236,0.3023315667383108,-0.0183626824010954,0.30409141014166835,-0.0170456533764245,1.4415503326797907,-0.0025904674909327935,-0.058449667320209286,0,0,FOLLOWING,1.4426998007931022,0.363875575050873,0
28.992,12.20253114285448,0.0037160789850328784,-0.11386324795203011,13.636,-0.16372680753493893,0.3008763134354368,-0.018095141819495748,0.30219212315737964,-0.016842779261384635,1.4432151900018997,-0.002419364916042707,-0.056784809998100316,0,0,FOLLOWING,1.4442287610390228,0.3627482197432512,0
29.024,12.212092332006314,0.002620724118295456,-0.11439450873266747,13.647200000000002,-0.16553974108298875,0.29982830616414824,-0.017791500722498122,0.30074398648511746,-0.016601900073392444,1.4449262821303348,-0.0022497811997445744,-0.055073717869665195,0,0,FOLLOWING,1.4458195853796834,0.3617542724471738,0
29.056,12.221619871121607,0.0015241138293887423,-0.11491702081467892,13.658399999999999,-0.1673502336512321,0.2991465756753784,-0.017457509583460644,0.29970361483802344,-0.016328503231122914,1.4466705512924536,-0.0020828375352388018,-0.05332944870754641,0,0,FOLLOWING,1.447457537163336,0.36087825082503694,0
29.088,12.231125425427313,0.00042502468711183024,-0.11542990913238609,13.6696,-0.16915825854290226,0.2987924901734337,-0.017098534984827437,0.2990298393237845,-0.016027760566717227,1.4484362573627965,-0.001919492444743584,-0.051563742637203536,0,0,FOLLOWING,1.449129352219561,0.36010636662101586,0
29.12,12.240619425639023,-0.000677634733161137,-0.11593245309657735,13.6808,-0.17096378909762025,0.29872984068892894,-0.016719539605145113,0.29868386088963417,-0.015704499475617577,1.4502129020026502,-0.0017605519821399518,-0.049787097997349816,0,0,FOLLOWING,1.4508231546599897,0.35942636213041246,0
29.152,12.250111146104034,-0.0017848312532760563,-0.11642407499754016,13.692,-0.17276679869178768,0.2989248704754396,-0.01632507242170976,0.2986293325188874,-0.015363184946941333,1.4519911501722613,-0.001606680655041812,-0.048008849827738675,0,0,FOLLOWING,1.4525283688892376,0.3588273574562722,0
29.184,12.259608783759205,-0.0028974147223301164,-0.11690432812476897,13.7032,-0.17456726073897857,0.29934626089567534,-0.015919267344821682,0.29883238538801365,-0.015007910709696877,1.4537627508087279,-0.0014584127419096369,-0.046237249191272145,0,0,FOLLOWING,1.4542356302057005,0.3582997091411884,0
29.216,12.269119536520437,-0.0040161257331454685,-0.11737288484443519,13.7144,-0.17636514869033254,0.2999650840630177,-0.015505848702943976,0.2992616115822057,-0.014642397913002274,1.4555204580595893,-0.0013161637376031682,-0.044479541940410705,0,0,FOLLOWING,1.4559366958070832,0.3578348802993571,0
29.248,12.278649680050977,-0.005141603312660673,-0.11782952483082364,13.725600000000002,-0.17816043603494583,0.3007547306304651,-0.015088142191080286,0.29988801372391527,-0.014269999937656767,1.457257954130691,-0.00118024171174029,-0.042742045869309075,0,0,FOLLOWING,1.4576243575604355,0.3574253220474165,0
29.28,12.288204642125288,-0.006274392496514798,-0.11827412360844718,13.7368,-0.17995309630026146,0.30169081953732196,-0.014669090074799563,0.30068492996252766,-0.013893712104964352,1.4589697745365102,-0.0010508584087430828,-0.04103022546348978,0,0,FOLLOWING,1.4592923575319352,0.3570643658095975,0
29.312,12.29778907402341,-0.0074149517171680146,-0.1187066415271655,13.748000000000001,-0.18174310305246094,0.30275109519928994,-0.014251269608162056,0.3016279411662117,-0.013516185208220535,1.4606512363223,-0.0009281399568462356,-0.039348763677699905,0,0,FOLLOWING,1.460935306981681,0.35674612592765426,0
29.344,12.30740691856601,-0.008563659950851678,-0.1191271132629011,13.7592,-0.18353042989685334,0.30391531652590076,-0.013836913774672631,0.3026947658145193,-0.013139741937721749,1.4622983696513303,-0.0008121370862095717,-0.03770163034866969,0,0,FOLLOWING,1.4625486092996653,0.35646541191883985,0
29.376,12.317061474540038,-0.00972082358197899,-0.11953563791112168,13.7704,-0.18531505047826388,0.3051651412387503,-0.013427933596313916,0.3038651469752055,-0.0127663954047825,1.4639078530103735,-0.0007028347840486171,-0.036092146989626483,0,0,FOLLOWING,1.4641283871795776,0.35621764968086916,0
29.408,12.326755457375187,-0.010886682954792485,-0.11993236971862814,13.781600000000003,-0.1870969384814239,0.30648400821589533,-0.013025941377122962,0.3051207348297424,-0.012397869088868342,1.4654769521756286,-0.0006001613380552107,-0.03452304782437143,0,0,FOLLOWING,1.4656714141876424,0.3559988109293098,0
29.44,12.336491056017616,-0.01206141859132507,-0.12031750948106107,13.7928,-0.1888760676313581,0.3078570199764616,-0.012632274355347209,0.30644496745780064,-0.012035617641333651,1.4670034629946296,-0.0005039967386876454,-0.03299653700537042,0,0,FOLLOWING,1.467175050776648,0.355805350161372,0
29.472,12.34626998601403,-0.013245157062484714,-0.1206912966184247,13.803999999999998,-0.1906524116937716,0.30927082692256813,-0.012248018332850583,0.3078229519766154,-0.011680848073521367,1.4684856579726409,-0.00041418042681279355,-0.031514342027359143,0,0,FOLLOWING,1.468637184714142,0.35563414846373387,0
29.504,12.356093538869914,-0.01443797650548692,-0.12105400192852984,13.8152,-0.1924259444754379,0.3107135145537185,-0.011874030933157876,0.3092413476321845,-0.011334540941760967,1.469922236600848,-0.00033051838605459294,-0.030077763399152024,0,0,FOLLOWING,1.4700561758332191,0.3554824635156188,0
29.536,12.365962627783558,-0.015639911786140832,-0.12140592100821895,13.826400000000001,-0.19419663982458377,0.31217449454539836,-0.011510964211289635,0.31068825203715417,-0.010997471215588769,1.4713122793255904,-0.0002527895894567922,-0.02868772067440961,0,0,FOLLOWING,1.471430804970369,0.3553478851781777,0
29.568,12.375877829885154,-0.016850959308820024,-0.12174736832423606,13.8376,-0.1959644716312762,0.31364440032471047,-0.01115928640048056,0.312153091427109,-0.010670228579172476,1.4726552050299293,-0.00018075181814729282,-0.027344794970070696,0,0,FOLLOWING,1.4727602269236795,0.3552282961042679,0
29.6,12.385839425129538,-0.018071081480443087,-0.12207867190935477,13.848799999999999,-0.19772941382780668,0.31511498756977063,-0.010819302633935676,0.31362651554914983,-0.010353236970643854,1.4739507318791718,-0.00011414687589432482,-0.026049268120828195,0,0,FOLLOWING,1.4740439272437293,0.3551218368470263,0
29.632,12.395847432004066,-0.019300210837589957,-0.12240016865471005,13.86,-0.19949144038907515,0.316579039896524,-0.010491174524922148,0.31510029759194524,-0.010046773213476983,1.4751988413689736,-5.270522799384614e-05,-0.024801158631026388,0,0,FOLLOWING,1.4752816826565762,0.35502687498966345,0
29.664,12.405901640220746,-0.020538253848065943,-0.12271220016582425,13.871200000000002,-0.20125052533297488,0.3180302798685013,-0.010174938526664217,0.3165672394046299,-0.009750984631959066,1.476399745406715,3.8499037615519205e-06,-0.023600254593284964,0,0,FOLLOWING,1.4764735249112937,0.3549419778616989,0
29.696,12.41600164056554,-0.021785094399904937,-0.12301510914751018,13.882399999999999,-0.203006642720775,0.31946328536516516,-0.009870523025477024,0.31802108212589303,-0.00946590557858252,1.4775538562529238,5.579895613463948e-05,-0.022446143747076208,0,0,FOLLOWING,1.4776197078423488,0.35486588844764355,0
29.728,12.426146852078215,-0.023040596992035766,-0.1233092362814526,13.893600000000001,-0.2047597666575024,0.32087341126743796,-0.0095777641471179,0.3194564222457282,-0.009191472830283456,1.4786617591489493,0.00010342291439861817,-0.021338240851050738,0,0,FOLLOWING,1.4787206774385202,0.3547975041325651,0
29.76,12.436336546734434,-0.024304609641695323,-0.12359491755960196,13.9048,-0.20650987129232468,0.3222567163602497,-0.009296420278160985,0.32086863304739827,-0.008927539832551148,1.479724187458529,0.00014700064152275982,-0.02027581254147104,0,0,FOLLOWING,1.479777044713984,0.35473585796469265,0
29.792,12.446569871798038,-0.02557696652421296,-0.12387248203654058,13.916,-0.20825693081893085,0.3236098953079426,-0.009026185321880141,0.32225379131931514,-0.008673889792342808,1.4807420001547718,0.00018680661108547159,-0.019257999845228246,0,0,FOLLOWING,1.4807895611832609,0.3546801021483344,0
29.824,12.45684587000663,-0.026857490361063083,-0.12414224996447708,13.927200000000001,-0.21000091947591124,0.324930215526082,-0.008766700722260663,0.32360860918416734,-0.008430247635202616,1.4817161614885992,0.00022310900895347596,-0.018283838511400807,0,0,FOLLOWING,1.4817590967489602,0.354629493510582,0
29.856,12.467163497747505,-0.028145994572131783,-0.12440453127546335,13.9384,-0.2117418115471387,0.32621545875035834,-0.008517566300786051,0.32493037086145193,-0.00819629085598509,1.4826477226809056,0.00025616816978270285,-0.01735227731909439,0,0,FOLLOWING,1.482686619819616,0.3545833807129493,0
29.888,12.477521641374473,-0.029442285208004484,-0.12465962437665394,13.949600000000002,-0.2134795813621462,0.3274638670878349,-0.008278349959064674,0.32621687415768813,-0.00797165930141611,1.4835378054870592,0.0002862353156296016,-0.016462194512940842,0,0,FOLLOWING,1.4835731794837361,0.3545411930041259,0
29.92,12.487919131808965,-0.03074616267779235,-0.12490781522594925,13.9608,-0.21521420329650692,0.3286740933262833,-0.008048596306499789,0.3274663764641904,-0.007755963932096439,1.4843875874894958,0.0003135515654786036,-0.015612412510504159,0,0,FOLLOWING,1.484419889575423,0.3545024303326194,0
29.952,12.49835475756153,-0.032057423287604206,-0.12514937665702314,13.972000000000001,-0.21694565177221126,0.3298451552725234,-0.007827834276438456,0.3286775450335269,-0.007548794615764269,1.4851982889815472,0.00033834718613548476,-0.014801711018452846,0,0,FOLLOWING,1.485227914476293,0.3544666546585039,0
29.984,12.50882727630236,-0.03337586060425906,-0.1253845679245513,13.9832,-0.21867390125804353,0.3309763938895011,-0.007615583796851924,0.32984941130172324,-0.007349727008560519,1.4859711613129398,0.0003608410566844078,-0.014028838687060174,0,0,FOLLOWING,1.4859984565077473,0.35443348232168104,0
30.016000000000002,12.51933542510204,-0.034701266658254175,-0.12561363444235538,13.9944,-0.22039892626995966,0.3320674350035304,-0.007411361582860426,0.3309813290225803,-0.007158328583660787,1.4867074765750539,0.0003812403205550041,-0.013292523424946134,0,0,FOLLOWING,1.4867327447768184,0.35440257734048636,0
30.048000000000002,12.529877929456285,-0.03603343299936336,-0.12583680768906766,14.005600000000003,-0.22212070137146228,0.33311815435705056,-0.00721468611856757,0.3320729359828641,-0.006974163866268814,1.4874085185113157,0.000399740201052351,-0.012591481488684275,0,0,FOLLOWING,1.4874320253478983,0.35437364552903794,0
30.080000000000002,12.54045351120127,-0.037372151617563985,-0.126054305257914,14.0168,-0.22383920117397524,0.3341286457878337,-0.007025081894885648,0.3331241190713659,-0.006796798937338191,1.488075574545397,0.0004165239581038205,-0.011924425454602927,0,0,FOLLOWING,1.4880975526212037,0.35434642933474175,0
30.112000000000002,12.551060895419049,-0.03871721574129242,-0.12626633102908602,14.027999999999999,-0.2255544003372192,0.33509919232248636,-0.006842082968509781,0.3341349824809499,-0.006625805264461109,1.4887099288270065,0.00043176296576130646,-0.011290071172993521,0,0,FOLLOWING,1.4887305818073373,0.35432070330898613,0
30.144000000000002,12.561698816425789,-0.0400684205243141,-0.12647307544507028,14.039200000000001,-0.22726627356958465,0.3360302399798995,-0.006665235905101202,0.3351058188296567,-0.006460762919282432,1.4893128562017974,0.0004456168917895409,-0.01068714379820257,0,0,FOLLOWING,1.4893323623952472,0.3542962701342418,0
30.176000000000002,12.572366022929003,-0.04142556363178072,-0.1266747158711229,14.050400000000002,-0.22897479562850429,0.33692237408879494,-0.006494102167159079,0.3360370829954216,-0.006301263238293098,1.4898856170185928,0.0004582339623941112,-0.01011438298140721,0,0,FOLLOWING,1.489904132518505,0.3542729571399732,0
30.208000000000002,12.583061282433668,-0.04278844573534143,-0.12687141702482607,14.0616,-0.2306799413208264,0.3377762979324739,-0.006328260004141168,0.3369293684672372,-0.006146910981643844,1.4904294526934323,0.0004697512967953843,-0.0095705473065677,0,0,FOLLOWING,1.4904471141321325,0.3542506132478162,0
30.240000000000002,12.593783384971193,-0.04415687092647822,-0.12706333146030138,14.072799999999999,-0.23238168550318572,0.33859281354307413,-0.006167305899251988,0.33778338602524377,-0.005997326041149453,1.490945581955862,0.00048029529788529146,-0.00905441804413809,0,0,FOLLOWING,1.4909625089189915,0.3542291062935942,0
30.272000000000002,12.604531146219518,-0.04553064705656406,-0.1272506000942833,14.084,-0.2340800030823737,0.33937280447698315,-0.006010855623971326,0.33859994457112647,-0.005852144748444912,1.4914351977086633,0.0004899820867464155,-0.008564802291336715,0,0,FOLLOWING,1.49145149485121,0.35420832068005775,0
30.304000000000002,12.615303410077216,-0.0469095860114902,-0.12743335276266957,14.095200000000002,-0.23577486901570982,0.3401172204124187,-0.005858544947996376,0.3393799339398624,-0.00571102082736021,1.4918994644376529,0.0004989179701352098,-0.008100535562347133,0,0,FOLLOWING,1.491915223338274,0.35418815531980924,0
30.336000000000002,12.626099050749461,-0.04829350392808255,-0.1276117087976039,14.106399999999999,-0.23746625831140927,0.3408270634194505,-0.00571003004880429,0.3401243095336501,-0.005573626035577017,1.4923395161132122,0.0005071999313858987,-0.00766048388678775,0,0,FOLLOWING,1.4923548168989977,0.35416852183276454,0
30.368000000000002,12.636916974398957,-0.049682221358933853,-0.1277857776163845,14.117600000000001,-0.23915414602895294,0.3415033757618609,-0.005564987661634133,0.34083407862750503,-0.005439650534162042,1.4927564545300829,0.0005149161363502686,-0.007243545469917123,0,0,FOLLOWING,1.4927713672999792,0.3541493429668838,0
30.400000000000002,12.647756120410392,-0.051075563391713215,-0.12795565931469696,14.1288,-0.2408385072794544,0.3421472290991349,-0.005423115007285281,0.34151028820601204,-0.005308803022722368,1.4931513480363532,0.0005221464471207582,-0.006848651963646812,0,0,FOLLOWING,1.4931659341081118,0.3541305512146073,0
30.432000000000002,12.658615462312861,-0.05247335972847873,-0.1281214452577493,14.14,-0.2425193172260266,0.34275971496552765,-0.005284129531866929,0.3421540141990053,-0.0051808106738353505,1.4935252306070026,0.000528962937309363,-0.006474769392997404,0,0,FOLLOWING,1.4935395436093681,0.3541120876009277,0
30.464000000000002,12.669494008400768,-0.053875444730021725,-0.12828321866387135,14.151200000000001,-0.244196551084149,0.34334193641148475,-0.005147768489457071,0.34276635199318334,-0.005055418897566223,1.4938791012210206,0.0005354304035605773,-0.006120898778979367,0,0,FOLLOWING,1.4938931880503197,0.35409390062186125,0
30.496000000000002,12.680390802090038,-0.055281657429799035,-0.12844105517603588,14.1624,-0.24587018412203265,0.3438950007007244,-0.005013788395603551,0.34334840810459677,-0.004932390964012398,1.49421392350508,0.0005416068688425257,-0.005786076494920023,0,0,FOLLOWING,1.4942278251629475,0.35407594531474745,0
30.528000000000002,12.691304922043152,-0.056691841521574575,-0.12859502341758286,14.173600000000002,-0.2475401916609841,0.34442001296396757,-0.004881964376716397,0.34390129290551574,-0.004811507509654328,1.4945306256099404,0.0005475440738218206,-0.005469374390059567,0,0,FOLLOWING,1.494544377936914,0.35405818244407344,0
30.560000000000002,12.702235482093307,-0.05810584532448432,-0.12874518552912528,14.184800000000001,-0.2492065490757707,0.3449180707176177,-0.004752089437698202,0.34442611430626596,-0.004692565949287579,1.4948301002890407,0.000553287953288878,-0.005169899710959269,0,0,FOLLOWING,1.4948437346069265,0.35404057778849046,0
30.592000000000002,12.713181630995127,-0.059523521728862876,-0.1288915976842964,14.196000000000002,-0.2508692317949829,0.3453902591626668,-0.004623973667599776,0.3449239723005924,-0.004575379814801629,1.4951132051516982,0.0005588790952576195,-0.00488679484830179,0,0,FOLLOWING,1.495126748825991,0.3540231015165262,0
30.624000000000002,12.724142552026663,-0.060944728125824375,-0.1290343105825401,14.2072,-0.25252821530139613,0.3458376471856796,-0.004497443400729909,0.3453959542897048,-0.004459778037793566,1.4953807630658955,0.0005643531808573188,-0.004619236934104487,0,0,FOLLOWING,1.4953942399982096,0.3540057276399438,0
30.656000000000002,12.735117462464936,-0.0623693263232688,-0.1291733699176659,14.2184,-0.25418347513233347,0.3462612839899494,-0.004372340348439844,0.3458431311068903,-0.00434560419219533,1.4956335626883364,0.0005697414036477944,-0.00436643731166364,0,0,FOLLOWING,1.4956469937475065,0.35398843353515735,0
30.688000000000002,12.746105612954972,-0.0637971824506954,-0.1293088168213339,14.229600000000003,-0.2558349868800257,0.34666219629077544,-0.004248520714783766,0.3462665536707374,-0.004232715710851065,1.495872359101588,0.0005750708674037708,-0.0041276408984121105,0,0,FOLLOWING,1.4958857625010804,0.35397119952421724,0
30.72,12.757106286790236,-0.06522816685493453,-0.1294406882809916,14.2408,-0.2574827261919708,0.34704138601431844,-0.004125854307394958,0.34666725020113487,-0.004120983087123232,1.4960978745403173,0.0005803649617552031,-0.003902125459682715,0,0,FOLLOWING,1.4961112661686216,0.3539540085079771,0
30.752,12.768118799120408,-0.06666215398866628,-0.1295690175321504,14.251999999999999,-0.25912666877129403,0.34739982844465644,-0.0040042236532282045,0.3470462239373504,-0.004010289073018848,1.4963107991905853,0.0005856437154297123,-0.0036892008094147055,0,0,FOLLOWING,1.4963241929004127,0.35393684564497496,0
30.784,12.779142496100686,-0.06809902229337343,-0.12969383442513147,14.263199999999998,-0.26076679037710543,0.3477384707684756,-0.0038835231272774788,0.34740445130296427,-0.0039005278813575915,1.4965117920478348,0.000590924127068071,-0.003488207952165201,0,0,FOLLOWING,1.4965251999092772,0.3539196980703089,0
30.816,12.790176753995242,-0.06953865407817336,-0.12981516576666444,14.2744,-0.2624030668248576,0.3480582309713354,-0.003763658100992847,0.3477428804671996,-0.003791604399903481,1.4967014818209485,0.0005962204738397259,-0.0032985181790514684,0,0,FOLLOWING,1.4967149143430731,0.3539025546495568,0
30.848,12.801220978245942,-0.07098093539579273,-0.12993303563691783,14.2856,-0.2640354739867023,0.3483599970436132,-0.003644544115884132,0.34806243025649697,-0.0036834334236332863,1.4968804678711274,0.0006015445982710255,-0.0031195321288726152,0,0,FOLLOWING,1.4968939341959375,0.35388540576335775,0
30.88,12.812274602516164,-0.07242575591678362,-0.1300474656826746,14.2968,-0.2656639877918458,0.3486446264581286,-0.003526106086676448,0.3483639893746582,-0.0035759389092583213,1.497049321175739,0.0006069061738359082,-0.0029506788242610327,0,0,FOLLOWING,1.4970628292479353,0.35386824311886567,0
30.912,12.823337087718286,-0.0738730088029335,-0.1301584753875293,14.307999999999998,-0.2672885842269046,0.3489129458850319,-0.0034082775374169533,0.3486484158934784,-0.0034690532571396474,1.4972085853084731,0.0006123129500198443,-0.0027914146915268834,0,0,FOLLOWING,1.497222142024041,0.3538510595847093,0
30.944,12.834407921032396,-0.0753225905806874,-0.13026608232005024,14.319199999999999,-0.2689092393362591,0.34916575111285797,-0.003290999873038677,0.3489165369796479,-0.003362716622718283,1.497358777428225,0.0006177709776378493,-0.002641222571774904,0,0,FOLLOWING,1.4973723887644832,0.3538338490465273,0
30.976,12.845486628435404,-0.07677440097079086,-0.13037015643794994,14.330400000000001,-0.2705259292224063,0.3494038043390386,-0.00317429028653709,0.3491695676834543,-0.0032523161665917854,1.4975003758768055,0.0006231376953401979,-0.0024996241231944882,0,0,FOLLOWING,1.497514047006359,0.3538166062805221,0
31.008,12.85657273379429,-0.0782283411866896,-0.13047061666037368,14.341599999999998,-0.27213863004631333,0.34962784106187117,-0.0030582045863608203,0.34940744726282763,-0.0031393819338630647,1.4976338609620254,0.0006283208871221413,-0.0023661390379745573,0,0,FOLLOWING,1.4976475963522669,0.3537993268427772,0
31.04,12.867665796934643,-0.07968431416340868,-0.13056746753249593,14.3528,-0.27374731802776836,0.34983856661757684,-0.002942791070837577,0.3496312975519209,-0.003026589737570752,1.4977596771790298,0.0006333121932986796,-0.0022403228209701975,0,0,FOLLOWING,1.4977734806795184,0.35378200697240747,0
31.072,12.878765400653291,-0.08114222566951944,-0.13066071812385638,14.363999999999999,-0.2753519694457306,0.3500366565338085,-0.002828089786963201,0.34984184112921785,-0.002914080964390985,1.4978782459446416,0.0006381078474324841,-0.0021217540553584158,0,0,FOLLOWING,1.4978921208634386,0.3537646435067484,0
31.104,12.889871149254216,-0.08260198424336232,-0.13075038113364465,14.3752,-0.27695256063868157,0.35022275711142875,-0.002714132311571089,0.3500397552524837,-0.002801969040895644,1.4979899670568506,0.0006427078486189453,-0.002010032943149387,0,0,FOLLOWING,1.4980039162272991,0.35374723380716677,0
31.136,12.900982667563659,-0.08406350112100086,-0.13083647216447775,14.3864,-0.27854906800497237,0.3503974860972852,-0.0026009419017053326,0.3502256864137958,-0.002690344699184814,1.4980952196801367,0.0006471152565762084,-0.0019047803198632973,0,0,FOLLOWING,1.4981092455193226,0.3537297756940948,0
31.168,12.912099600012068,-0.08552669016040906,-0.1309190090906532,14.397599999999999,-0.2801414680031732,0.35056143342012525,-0.002488533906171616,0.3504002523691539,-0.0025792789292697735,1.498194363265024,0.0006513355740343785,-0.0018056367349759128,0,0,FOLLOWING,1.4982084678249314,0.35371226739018014,0
31.2,12.923221609744896,-0.08699146776059341,-0.1309980115114573,14.408800000000001,-0.2817297371524196,0.3507151619753752,-0.002376916353154673,0.3505640430107261,-0.0024688256370486807,1.4982877384396738,0.0006553762093676198,-0.0017122615603262226,0,0,FOLLOWING,1.4983019234519495,0.3536947074705316,0
31.232,12.934348377759827,-0.08845775277681367,-0.1310735002809436,14.42,-0.2833138520327584,0.350859208447208,-0.0022660906478269758,0.35071762116864025,-0.0023590240339897155,1.49837566787575,0.0006592460118052534,-0.0016243321242499498,0,0,FOLLOWING,1.498389934790893,0.35367709481915577,0
31.264,12.945479602071027,-0.08992546643318691,-0.13114549710626672,14.4312,-0.2848937892854942,0.3509940841578801,-0.002156052329265437,0.3508615234381039,-0.0022499007795025207,1.4984584571278812,0.0006629548720547274,-0.0015415428721188285,0,0,FOLLOWING,1.4984728071495315,0.35365942859084226,0
31.296,12.956614996901134,-0.09139453223377157,-0.13121402420729938,14.4424,-0.28646952561353295,0.3511202759355777,-0.002046791848308792,0.3509962610323512,-0.002141471896028765,1.4985363954457724,0.0006665133816705359,-0.00146360455422756,0,0,FOLLOWING,1.498550829560727,0.35364170817778523,0
31.328,12.967754291901455,-0.09286487587304063,-0.13127910403084428,14.4536,-0.2880410377817253,0.35123824699318407,-0.0019382953378769153,0.35112232065372273,-0.002033744475118222,1.4986097565584813,0.0006699325449935067,-0.0013902434415187237,0,0,FOLLOWING,1.4986242755629573,0.35362393318038315,0
31.36,12.9788972314006,-0.09433642514649221,-0.1313407590133093,14.464800000000002,-0.28960830261721004,0.35134843781139036,-0.0018305453551220473,0.3512401653753444,-0.0019267181919411223,1.4986787994304542,0.0006732235379483253,-0.0013212005695457663,0,0,FOLLOWING,1.498693403953083,0.3536061033816625,0
31.392,12.990043573681618,-0.09580910986201029,-0.13139901138622026,14.475999999999999,-0.2911712970097554,0.35145126702050716,-0.0017235215810141745,0.3513502355268433,-0.0018203866439262164,1.4987437689892311,0.0006763975084289886,-0.0012562310107688823,0,0,FOLLOWING,1.4987584595111876,0.3535882187248904,0
31.424,13.001193090287515,-0.09728286175247491,-0.1314538830194189,14.487199999999998,-0.29272999791209925,0.3515471322761545,-0.0016172014678603988,0.35145294957852374,-0.0017147385284460427,1.498804896824881,0.0006794654134153477,-0.00119510317511895,0,0,FOLLOWING,1.4988196736974824,0.3535702792939959,0
31.456,13.012345565354902,-0.09875761439002669,-0.13150539529727887,14.4984,-0.2942843823402902,0.35163641112473715,-0.0015115608290654752,0.3515487050191056,-0.001609758674623728,1.4988624018613041,0.0006824378883906745,-0.00113759813869585,0,0,FOLLOWING,1.498877265321442,0.353552285296405,0
31.488,13.02350079497537,-0.1002333031023098,-0.13155356902364865,14.5096,-0.29583442737402493,0.3517194618552681,-0.0014065743683991073,0.35163787922306516,-0.0015054289410434464,1.4989164909998156,0.0006853251449854547,-0.0010835090001843906,0,0,FOLLOWING,1.4989314411834536,0.35353423704801545,0
31.52,13.034658586584134,-0.10170986489095155,-0.13159842435166658,14.5208,-0.29738011015698773,0.35179662433468706,-0.0013022161482572317,0.3517208303040752,-0.0014017289930171384,1.49896735973542,0.0006881368931570819,-0.0010326402645799426,0,0,FOLLOWING,1.4989823966894091,0.3535161349600515,0
31.552,13.045818758375384,-0.10318723835247934,-0.13163998073494576,14.531999999999998,-0.29892140789718674,0.351868220824328,-0.0011984599980924395,0.35179789795175154,-0.0012986369703801312,1.4990151927463027,0.0006908822845502482,-0.0009848072536973174,0,0,FOLLOWING,1.4990303164387244,0.35349797952755196,0
31.584,13.056981138743678,-0.1046653636018276,-0.1316782568969802,14.543199999999999,-0.3004582978672895,0.35193455677563834,-0.0010952798653824185,0.35186940424935803,-0.0011961300569129116,1.4990601644571553,0.0006935698740085372,-0.0009398355428447136,0,0,FOLLOWING,1.4990753747863823,0.3534797713192795,0
31.616,13.068145565750712,-0.10614418219854609,-0.131713270815944,14.554400000000001,-0.3019907574049594,0.3519959216036635,-0.000992650112373915,0.35193565447056085,-0.0010941849613612484,1.499102439577015,0.0006962075965082637,-0.0008975604229850553,0,0,FOLLOWING,1.4991177363796464,0.3534615109688905,0
31.648,13.079311886616729,-0.10762363707578647,-0.13174503972235374,14.565599999999998,-0.303518763913189,0.35205258943713974,-0.0008905457623955313,0.3519969378538656,-0.0009927783194347687,1.4991421736123094,0.0006988027570682676,-0.0008578263876906078,0,0,FOLLOWING,1.4991575566701247,0.35344319916719097,0
31.68,13.090479957235804,-0.10910367247211453,-0.1317735801073601,14.5768,-0.3050422948606328,0.3521048198443624,-0.0007889426998632685,0.35205352835349485,-0.0008918870259495341,1.4991795133559136,0.0007013620314716696,-0.0008204866440864045,0,0,FOLLOWING,1.499194982401942,0.3534248366553737,0
31.712,13.101649641714195,-0.11058423386616761,-0.13179890773966765,14.588,-0.3065613277819407,0.35215285853424705,-0.0006878178282716777,0.3521056853659263,-0.0007914885044640989,1.4992145973528976,0.0007038914758434323,-0.0007854026471023623,0,0,FOLLOWING,1.4992301520767717,0.3534064242190603,0
31.744,13.112820811930996,-0.1120652679141574,-0.13182103768933026,14.5992,-0.3080758402780885,0.3521969380322335,-0.0005871491904853896,0.3521536544314929,-0.0006915609221441322,1.4992475563438834,0.0007063965433866116,-0.000752443656116597,0,0,FOLLOWING,1.4992631963964944,0.35338796268310924,0
31.776,13.123993347120226,-0.11354672239019872,-0.13183998435689567,14.6104,-0.3095858100167079,0.3522372783308924,-0.00048691605556704256,0.3521976679107129,-0.0005920833569211935,1.4992785136867288,0.0007088821067756657,-0.0007214863132711802,0,0,FOLLOWING,1.499294238684333,0.353369452907048,0
31.808,13.135167133473596,-0.11502854612942727,-0.1318557615065613,14.621599999999999,-0.3110912147324166,0.35227408751523714,-0.0003870989762215042,0.3522379456353699,-0.0004930359228534737,1.4993075857573808,0.0007113524848929853,-0.0006924142426192326,0,0,FOLLOWING,1.4993233952851825,0.3533508957810711,0
31.84,13.146342063763091,-0.11651068897385779,-0.13186838230217934,14.632800000000001,-0.31259203222714627,0.35230756236292343,-0.000287679820737531,0.3522746955340149,-0.0003943998591509531,1.499334882330731,0.0007138114727685829,-0.0006651176692689109,0,0,FOLLOWING,1.499350775946032,0.3533322922225386,0
31.872,13.157518036982596,-0.11799310172092296,-0.13187785934513646,14.644,-0.31408824037046934,0.35233788891960727,-0.00018864178304984274,0.35230811423249475,-0.00029615758876274734,1.4993605069422296,0.0007162623737525242,-0.0006394930577704461,0,0,FOLLOWING,1.499376484177198,0.35331364317288594,0
31.904,13.168694958007757,-0.11947573607462207,-0.13188420471324297,14.6552,-0.3155798170999265,0.35236524304985495,-8.996937430162513e-05,0.35233838762940695,-0.00019829274993562982,1.499384557231113,0.0007187080330628426,-0.0006154427688869202,0,0,FOLLOWING,1.4994006175951935,0.3532949495949351,0
31.936,13.179872737273293,-0.12095854459920331,-0.13188742999995198,14.6664,-0.3170667404213506,0.3523897909640799,8.351601025166942e-06,0.3523656914471738,-0.00010079020650181377,1.4994071252659742,0.0007211508720275929,-0.0005928747340258056,0,0,FOLLOWING,1.4994232682480293,0.35327621247051205,0
31.968,13.191051290467005,-0.12244148067529542,-0.1318875463532951,14.6776,-0.3185489884091921,0.35241168972204207,0.00010633408159124417,0.35239019175903574,-3.6360390413038172e-06,1.4994282978534896,0.0007235929224028159,-0.0005717021465103667,0,0,FOLLOWING,1.499444522923656,0.35325743279837174,0
32.0,13.202230538239728,-0.12392449845840174,-0.13188456451406846,14.688800000000002,-0.32002653920684226,0.3524310877135147,0.00020398979578198056,0.3524120454926291,9.318247855192208e-05,1.4994481568310167,0.0007260358602914906,-0.0005518431689832681,0,0,FOLLOWING,1.499464463442356,0.35323861159236103,0
32.032000000000004,13.213410405930503,-0.12540755283966556,-0.13187849485287495,14.7,-0.3214993710269544,0.35244812511674994,0.0003013293161351843,0.35243140091061115,0.00018967691482200272,1.4994667793438128,0.0007284810392600983,-0.0005332206561872166,0,0,FOLLOWING,1.4994831669337567,0.353219749879802,0
32.064,13.224590823306254,-0.12689059940881325,-0.13186934740571063,14.711200000000002,-0.32296746215176664,0.35246293433543185,0.0003983621196178196,0.35244839806911327,0.00028585772622253657,1.4994842381076168,0.0007309295223278944,-0.0005157618923832263,0,0,FOLLOWING,1.4995007060992231,0.3532008487000955,0
32.096000000000004,13.235771724315315,-0.12837359441918084,-0.13185713190787834,14.7224,-0.3244307909334208,0.3524756404148029,0.000495096652016574,0.35246316925469157,0.00038173430942469865,1.4995006016571797,0.0007333821125906081,-0.0004993983428203119,0,0,FOLLOWING,1.4995171494602713,0.35318190910344616,0
32.128,13.246953046854106,-0.12985649475472982,-0.13184185782604826,14.733600000000001,-0.3258893357942828,0.3524863614376886,0.0005915403949252607,0.35247583940031074,0.00047731505919718493,1.499515934581561,0.0007358393822931575,-0.00048406541843903916,0,0,FOLLOWING,1.4995325615936956,0.35316293214978517,0
32.160000000000004,13.25813473254635,-0.13133925789895812,-0.13182353438834216,14.7448,-0.32734307522725953,0.35249520890114383,0.0006876999340252136,0.3524865264813195,0.0005726074301757168,1.4995302977466962,0.0007383017002011716,-0.0004697022533037831,0,0,FOLLOWING,1.4995470033540506,0.35314391890777996,0
32.192,13.269316726534216,-0.1328218419056117,-0.13180217061239882,14.756,-0.32879198779611796,0.35250228807445033,0.0007835810275670004,0.35249534189201953,0.0006676179999550501,1.4995437485059537,0.000740769257215501,-0.00045625149404626697,0,0,FOLLOWING,1.4995605320840784,0.3531248704539904,0
32.224000000000004,13.280498977280772,-0.1343042053711075,-0.13177777533136042,14.767199999999999,-0.3302360521357981,0.3525076983391952,0.0008791886741179095,0.35250239080349816,0.0007623525340529231,1.4995563408992072,0.0007432420901523906,-0.0004436591007928037,0,0,FOLLOWING,1.4995732018137193,0.35310578787209734,0
32.256,13.291681436383229,-0.13578630740857606,-0.1317503572178041,14.7784,-0.3316752469527319,0.3525115335121549,0.0009745271788267711,0.3525077725036443,0.0008568160501240777,1.499568125841053,0.0007457201036906724,-0.0004318741589470765,0,0,FOLLOWING,1.4995850634482246,0.35308667225224505,0
32.288000000000004,13.302864058396366,-0.13726810762343886,-0.13171992480564176,14.789599999999998,-0.3331095510251538,0.35251388215170365,0.0010696002175796496,0.3525115807198257,0.0009510128814609339,1.499579151298692,0.0007482030904995551,-0.00042084870130798535,0,0,FOLLOWING,1.4995961649460003,0.35306752469042874,0
32.32,13.314046800665693,-0.13874956609043423,-0.13168648651004153,14.8008,-0.33453894320341604,0.35251482784844235,0.0011644108985733067,0.35251390392526605,0.001044946738807254,1.4995894624600055,0.0007506907495739013,-0.0004105375399945377,0,0,FOLLOWING,1.499606551486593,0.3530483462879781,0
32.352000000000004,13.32522962316977,-0.1402306433320123,-0.13165005064544605,14.812,-0.3359634024102988,0.35251444950074595,0.0012589618209253059,0.3525148256294204,0.0011386207698325628,1.4995991018923358,0.0007531827028424143,-0.00040089810766419376,0,0,FOLLOWING,1.4996162656294452,0.35302913815106907,0
32.384,13.336412488371284,-0.14171130029801993,-0.13161062544175758,14.823200000000002,-0.33738290764132267,0.35251282157590214,0.0013532551300590415,0.35251442465349164,0.0012320376164190188,1.499608109692471,0.0007556785101003051,-0.0003918903075290636,0,0,FOLLOWING,1.4996253474638075,0.3530099013903226,0
32.416000000000004,13.347595361076376,-0.14319149834660055,-0.13156821905880423,14.8344,-0.3387974379650564,0.3525100143574933,0.001447292569674414,0.35251277539131737,0.0013251994683937652,1.4996165236282335,0.0007581776823627762,-0.0003834763717665002,0,0,FOLLOWING,1.49963383475032,0.3529906371204068,0
32.448,13.358778208301795,-0.14467119922623875,-0.13152283959917227,14.845600000000003,-0.3402069725234282,0.352506094179669,0.0015410755302054627,0.3525099480566891,0.0014181081145556674,1.499624379272223,0.0007606796937163762,-0.00037562072777697075,0,0,FOLLOWING,1.4996417630546859,0.35297134645971723,0
32.480000000000004,13.369960999149475,-0.14615036505887968,-0.13147449511951848,14.856800000000002,-0.3416114905320298,0.3525011236489162,0.0016346050937124563,0.35250600891745293,0.001510764990208632,1.4996317101279977,0.0007631839917616456,-0.0003682898720023253,0,0,FOLLOWING,1.4996491658738555,0.3529520305300534,0
32.512,13.381143704688148,-0.14762895832405995,-0.1314231936404665,14.868000000000002,-0.34301097128042674,0.3524951618539336,0.0017278820752256114,0.3525010205171512,0.0016031712213786832,1.4996385477492151,0.0007656900067418982,-0.0003614522507848772,0,0,FOLLOWING,1.4996560747551058,0.35293269045636194,0
32.544000000000004,13.392326297841578,-0.14910694184398823,-0.13136894315520178,14.8792,-0.3444053941324605,0.3524882645641843,0.0018209070605955053,0.35249504188471953,0.0016953276655170039,1.4996449218520254,0.00076819715946147,-0.0003550781479746412,0,0,FOLLOWING,1.4996625194084454,0.3529133273664727,0
32.576,13.403508753283107,-0.15058427876951705,-0.13131175163686484,14.890400000000001,-0.3457947385265552,0.3524804844176812,0.0019136804409362422,0.35248812873296104,0.0017872349490274466,1.4996508604211427,0.0007707048680804518,-0.00034913957885729374,0,0,FOLLOWING,1.499668527812631,0.35289394239088867,0
32.608000000000004,13.41469104733614,-0.15206093256695075,-0.13125162704485085,14.9016,-0.3471789839760187,0.3524718710985452,0.002006202443791633,0.3524803336461377,0.0018788935014502361,1.4996563898098825,0.0007732125538844059,-0.000343610190117527,0,0,FOLLOWING,1.4996741263152247,0.35287453666256313,0
32.64,13.425873157880252,-0.1535368670056395,-0.13118857733012734,14.9128,-0.3485581100693472,0.3524624715048412,0.0020984731611597912,0.35247170625744884,0.0019703035861467644,1.499661534834551,0.0007757196461330719,-0.00033846516544899785,0,0,FOLLOWING,1.4996793397269301,0.3528551113167235,0
32.672000000000004,13.437055064262626,-0.15501204614630806,-0.13112261043965168,14.924,-0.3499320964705231,0.35245232990719333,0.0021904925745407492,0.35246229341669333,0.0020614653284392903,1.4996663188634383,0.0007782255860603603,-0.0003336811365617365,0,0,FOLLOWING,1.4996841914106003,0.3528356674906863,0
32.704,13.44823674721451,-0.15648643433007514,-0.13105373431998948,14.935200000000002,-0.3513009229193183,0.35244148809864784,0.0022822605771815794,0.35245213934880243,0.002152378740565768,1.499670763900763,0.0007807298301180099,-0.00032923609923707353,0,0,FOLLOWING,1.4996887033651516,0.3528162063237129,0
32.736000000000004,13.459418188772418,-0.1579599961681196,-0.13098195692022474,14.9464,-0.3526645692315894,0.35242998553623395,0.002373776993691518,0.35244128580353623,0.0022430437438315395,1.499674890665804,0.0007832318525508865,-0.0003251093341960498,0,0,FOLLOWING,1.4996928963047038,0.3527967289568379,0
32.768,13.47059937220384,-0.159432696531954,-0.13090728619424366,14.957600000000001,-0.35402301529957875,0.3524178594746568,0.002465041597221311,0.35242977219698896,0.0023334601881671566,1.4996787186675236,0.000785731147374874,-0.00032128133247644186,0,0,FOLLOWING,1.4996967897331674,0.35277723653275433,0
32.8,13.481780281937166,-0.16090450054426567,-0.13082973010245993,14.9688,-0.3553762410922083,0.35240514509253573,0.0025560541243859884,0.3524176357451053,0.0024236278695835317,1.499682266274899,0.0007882272298244675,-0.0003177337251010215,0,0,FOLLOWING,1.4997004020145979,0.3527577301956686,0
32.832,13.49296090349564,-0.16237537357029203,-0.13074929661306772,14.979999999999999,-0.35672422665537623,0.3523918756115772,0.0026468142881146406,0.35240491158987586,0.002513546544946875,1.4996855507832263,0.0007907196373479751,-0.0003144492167737045,0,0,FOLLOWING,1.4997037504394735,0.35273821109117953,0
32.864,13.504141223435061,-0.1638452812096953,-0.13066599370287224,14.9912,-0.3580669521122515,0.35237808240906254,0.002737321788609945,0.3523916329183199,0.002603215945158961,1.499688588476618,0.0007932079301989636,-0.0003114115233819881,0,0,FOLLOWING,1.499706851287181,0.3527186803661744,0
32.896,13.515321229285089,-0.16531418928890612,-0.13057982935777096,15.002399999999998,-0.35940439766356547,0.3523637951240046,0.0028275763225868015,0.35237783107496584,0.0026926357860877345,1.4996913946868817,0.00079569169169047,-0.0003086053131182709,0,0,FOLLOWING,1.499709719884915,0.3526991391687022,0
32.928,13.526500909493892,-0.1667820638539073,-0.1304908115729354,15.013599999999999,-0.36073654358790563,0.35234904175731446,0.002917577590965337,0.3523635356678546,0.002781805777919529,1.49969398384903,0.0007981705281615293,-0.0003060161509700343,0,0,FOLLOWING,1.4997123706631528,0.3526795886478878,0
32.96,13.53768025337598,-0.1682488711634297,-0.1303989483527369,15.024799999999997,-0.3620633702420047,0.3523338487663027,0.003007325305168291,0.35234877466862186,0.002870725633158216,1.499696369553571,0.0008006440686956774,-0.00030363044642900405,0,0,FOLLOWING,1.4997148172079688,0.35266002995381407,0
32.992,13.54885925106304,-0.1697145776825359,-0.13030424771047214,15.035999999999998,-0.3633848580610323,0.3523182411538211,0.003096819192179486,0.3523335745069461,0.0029593950728924873,1.4996985645957852,0.0008031119646433604,-0.0003014354042147893,0,0,FOLLOWING,1.4997170723102795,0.35264046423744405,0
33.024,13.560037893457608,-0.17117915007656664,-0.13020671766791642,15.0472,-0.3647009875588808,0.35230224255233966,0.0031860589985037223,0.35231796015956807,0.003047813832159306,1.4997005810221375,0.0008055738889778118,-0.0002994189778624534,0,0,FOLLOWING,1.4997191480122798,0.3526208926505145,0
33.056,13.571216172189382,-0.17264255520543004,-0.13010636625475097,15.058400000000002,-0.3660117393284557,0.35228587530323197,0.0032750444931593454,0.3523019552342725,0.0031359816639006267,1.499702430174017,0.0008080295355247791,-0.00029756982598305726,0,0,FOLLOWING,1.4997210556511589,0.3526013163454548,0
33.088,13.582394079574087,-0.1741047601182092,-0.13000320150788905,15.069599999999998,-0.3673170940419586,0.35226916053153945,0.003363775469827246,0.3522855820491665,0.0032238983421144962,1.499704122728928,0.0008104786180940238,-0.0002958772710719426,0,0,FOLLOWING,1.4997228059003125,0.35258173647528696,0
33.12,13.593571608574686,-0.1755657320480735,-0.12989723147072343,15.080800000000002,-0.3686170324511755,0.3522521182164584,0.0034522517482683903,0.3522688617072953,0.0033115636643217296,1.4997056687393229,0.0008129208695316636,-0.00029433126067712756,0,0,FOLLOWING,1.4997244088081272,0.3525621541935696,0
33.152,13.604748741972202,-0.17702543843988616,-0.12978860201801437,15.092,-0.3699115353877577,0.3522347694516138,0.0035405379003374078,0.3522514796139508,0.0033946704002707356,1.4997070883679433,0.0008154948134271867,-0.0002929116320566916,0,0,FOLLOWING,1.4997258845332493,0.35254257065428246,0
33.184,13.615925484039524,-0.17848384847832924,-0.1296773731439628,15.103200000000001,-0.37120058376350634,0.3522171313506157,0.003628711090135381,0.35223410990263493,0.003475902317445706,1.499708380280796,0.0008182523444960899,-0.0002916197192039949,0,0,FOLLOWING,1.4997272317377472,0.3525229870117701,0
33.216,13.627101829704339,-0.17994093224493757,-0.12956355864876695,15.1144,-0.37248415857065265,0.3521992200740295,0.0037168378185212544,0.3522164660849823,0.0035567029784418797,1.499709552336297,0.000821200505414954,-0.00029044766370289743,0,0,FOLLOWING,1.4997284582759847,0.3525034044206458,0
33.248,13.638277773938382,-0.18139665999648857,-0.12944716823286065,15.1256,-0.37376224088214,0.3521810509974217,0.003804973966158877,0.3521985507893007,0.0036372005008959863,1.499710612367053,0.000824342296993047,-0.00028938763294705794,0,0,FOLLOWING,1.499729571976563,0.3524838240357295,0
33.28,13.649453312138084,-0.1828510021282389,-0.12932820827185687,15.1368,-0.3750348118519001,0.3521626387660091,0.003893165165629616,0.3521803780706239,0.003717498785456214,1.4997115678068602,0.0008276773959679794,-0.0002884321931397871,0,0,FOLLOWING,1.4997305802693541,0.35246424701195567,0
33.312,13.660628440144045,-0.1843039291404429,-0.12920668245866673,15.148,-0.3763018527151342,0.3521439973342085,0.003981447395569444,0.35216196243624714,0.003797681666554746,1.4997124256754457,0.0008312027731650906,-0.000287574324554285,0,0,FOLLOWING,1.499731490170211,0.3524446745043126,0
33.344,13.671803154226069,-0.1857554116098113,-0.12908259235963057,15.159199999999998,-0.37756334478858716,0.3521251400010506,0.0040698477191498175,0.3521433178186494,0.0038778155995346972,1.4997131925966871,0.0008349132318963283,-0.0002868074033128831,0,0,FOLLOWING,1.499732308299224,0.3524251076677531,0
33.376,13.682977451065069,-0.18720542016719788,-0.12895593789392495,15.1704,-0.3788192694708247,0.35210607944292854,0.004158385106784914,0.35212445750640137,0.00395795205825604,1.4997138748191412,0.0008388018740225489,-0.00028612518085879834,0,0,FOLLOWING,1.499733040901219,0.352405547657136,0
33.408,13.694151327734993,-0.18865392548068907,-0.1288267177446947,15.1816,-0.3800696082425059,0.35208682774414984,0.004247071297460616,0.352105394166689,0.0040381296687166555,1.4997144782358087,0.0008428605013133529,-0.0002855217641912766,0,0,FOLLOWING,1.499733693865553,0.352385995627133,0
33.44,13.7053247816851,-0.19010089824316373,-0.12869492970953825,15.1928,-0.3813143426666587,0.3520673964256123,0.004335911664611756,0.3520861398748422,0.004118376104242952,1.4997150084030157,0.000847079959088809,-0.000284991596984252,0,0,FOLLOWING,1.4997342727449665,0.35236645273217976,0
33.472,13.716497810722686,-0.19154630916352094,-0.12856057099729257,15.203999999999999,-0.3825534543889491,0.3520477964718427,0.00442490606167725,0.3520667061429009,0.0041987097636232255,1.4997154705583213,0.0008514504285488944,-0.00028452944167867145,0,0,FOLLOWING,1.499734782773521,0.35234692012637964,0
33.504,13.727670412996293,-0.19299012896090978,-0.12842363847740723,15.2152,-0.3837869251379545,0.35202803835660307,0.004514049629716194,0.3520471039467642,0.004279141252723949,1.4997158696375932,0.000855961673636163,-0.0002841303624068203,0,0,FOLLOWING,1.4997352288836467,0.35232739896345494,0
33.536,13.73884258697941,-0.19443232836140684,-0.12828412888759239,15.226399999999998,-0.3850147367254302,0.3520081320672264,0.0046033335551547185,0.352027343751737,0.004359674688395575,1.499716210291245,0.0008606032477510572,-0.0002837897087550889,0,0,FOLLOWING,1.4997356157224075,0.35230789039665483,0
33.568,13.750014331454729,-0.19587287809668083,-0.12814203900488455,15.237599999999999,-0.3862368710465809,0.35198808712780844,0.004692745770169143,0.35200743553701197,0.004440308841691953,1.4997164968996999,0.0008653646651510805,-0.0002835031003001198,0,0,FOLLOWING,1.4997359476669347,0.3522883955787022,0
33.6,13.761185645498914,-0.19731174890425962,-0.127997365784747,15.248799999999997,-0.38745331008032363,0.3519679126213657,0.004782271591616274,0.35198738881882013,0.004521038136775556,1.4997167335880952,0.0008702355414019203,-0.0002832664119047923,0,0,FOLLOWING,1.4997362288391651,0.3522689156617069,0
33.632,13.772356528467947,-0.1987489115290772,-0.12785010647236852,15.260000000000002,-0.388664035889558,0.3519476172110386,0.004871894297014339,0.35196721267262865,0.004601853519726205,1.4997169242403046,0.0008752057068234786,-0.0002830757596954392,0,0,FOLLOWING,1.4997364631198247,0.3522494517971133,0
33.664,13.783526979983012,-0.20018433672603278,-0.12770025868989587,15.271199999999997,-0.3898690306214268,0.3519272091604102,0.004961595638016311,0.35194691575439135,0.004682743210608058,1.499717072512227,0.0008802652964926272,-0.00028292748777292154,0,0,FOLLOWING,1.4997366541617652,0.35223000513560315,0
33.696,13.794696999916948,-0.20161799526333263,-0.1275478205029168,15.282399999999999,-0.39106827650758214,0.35190669635299704,0.005051356293222793,0.35192650632082534,0.004763693351888066,1.4997171818445094,0.0008854048199694597,-0.00028281815549058287,0,0,FOLLOWING,1.4997368054026239,0.3522105768270611,0
33.728,13.805866588381251,-0.20304985792642408,-0.12739279046917845,15.293600000000001,-0.3922617558644453,0.3518860863109503,0.0051411562631867485,0.3519059922489422,0.004844688563583774,1.4997172554745357,0.0008906152135973178,-0.00028274452546428464,0,0,FOLLOWING,1.4997369200768778,0.3521911680204725,0
33.76,13.817035745713635,-0.2044798955223614,-0.12723516767218326,15.304800000000002,-0.39344945109346874,0.3518653862130057,0.005230975211130387,0.3518853810547285,0.0049257124158499565,1.4997172964479037,0.0008958878779236623,-0.00028270355209625286,0,0,FOLLOWING,1.4997370012272708,0.3521717798638735,0
33.792,13.828204472466131,-0.20590807888446597,-0.1270749517419939,15.316,-0.39463134468139494,0.3518446029117155,0.005320792753308052,0.3518646799110651,0.005006747828671801,1.499717307629289,0.0009012147024761996,-0.00028269237071110176,0,0,FOLLOWING,1.499737051715704,0.3521524135042694,0
33.824,13.839372769393725,-0.20733437887716802,-0.1269121428653326,15.327200000000001,-0.39580741920051576,0.35182374294998353,0.005410588703182661,0.3518438956649829,0.005087777406442248,1.4997172917127644,0.0009065880799071502,-0.00028270828723564456,0,0,FOLLOWING,1.4997370742335354,0.35213307008758227,0
33.856,13.850540637443522,-0.20875876640093255,-0.12674674178678366,15.3384,-0.39697765730892753,0.3518028125769254,0.005500343273630767,0.3518230348541461,0.005168783715971101,1.4997172512315793,0.0009120009112517369,-0.0002827487684207153,0,0,FOLLOWING,1.4997370713113831,0.352113750758561,0
33.888,13.861708077744439,-0.21018121239719204,-0.12657874980270248,15.3496,-0.39814204175078893,0.3517818177630709,0.005590037241374191,0.3518021037227212,0.005249749514408607,1.4997171885674456,0.0009174466038526784,-0.00028281143255437513,0,0,FOLLOWING,1.499737045328384,0.3520944566607288,0
33.92,13.872875091597376,-0.21160168785321792,-0.12640816874923363,15.3608,-0.3993005553565736,0.3517607642149293,0.005679652077692845,0.35178110823654707,0.0053306579333499676,1.4997171059593202,0.0009229190633109063,-0.0002828940406798264,0,0,FOLLOWING,1.4997369985210003,0.35207518893630196,0
33.952,13.884041680465899,-0.213020163806879,-0.1262350009856435,15.372,-0.4004531810433242,0.3517396573889313,0.00576917004929673,0.3517600540977014,0.005411492625230488,1.4997170055117413,0.0009284126806343439,-0.0002829944882587476,0,0,FOLLOWING,1.4997369329913282,0.3520559487261328,0
33.984,13.895207845967386,-0.21443661135124323,-0.1260592493740305,15.383199999999999,-0.40159990181490424,0.35171850250476516,0.005858574293017209,0.35173894675839823,0.005492237876554973,1.499716889202692,0.0009339223156181187,-0.00028311079730802824,0,0,FOLLOWING,1.4997368507149924,0.35203673716963013,0
34.016,13.906373589864636,-0.21585100163898938,-0.12588091725631145,15.394400000000001,-0.402740700762249,0.3516973045581175,0.005947848867715896,0.35171779143432114,0.005572878692996962,1.4997167588910665,0.0009394432773380951,-0.0002832411089335185,0,0,FOLLOWING,1.49973675354858,0.352017555404701,0
34.048,13.91753891405792,-0.2172633058866029,-0.12570000842926507,15.4056,-0.4038755610636138,0.3516760683328382,0.006036978786565013,0.3516965931173949,0.005653400860122064,1.4997166163236884,0.0009449713025187351,-0.00028338367631164374,0,0,FOLLOWING,1.499736643236692,0.3519984045676655,0
34.08,13.928703820577464,-0.2186734953783379,-0.1255165271182933,15.4168,-0.4050044659848238,0.3516547984125417,0.006125950032569192,0.3516753565878462,0.005733790983455342,1.4997164631419846,0.000950502532428843,-0.0002835368580154096,0,0,FOLLOWING,1.4997365214185776,0.3519792857932112,0
34.112,13.939868311576335,-0.2200815414699319,-0.12533047795045807,15.427999999999999,-0.40612739887951815,0.3516334991916629,0.00621474955995084,0.35165408642588236,0.0058140365111193975,1.499716300888249,0.000956033488854216,-0.00028369911175096796,0,0,FOLLOWING,1.4997363896344367,0.3519602002143038,0
34.144,13.951032389323727,-0.22148741559206658,-0.12514186592725296,15.4392,-0.4072443431893986,0.35161217488597835,0.006303365283747001,0.35163278702268436,0.005894125742126889,1.499716131011575,0.0009615610496015448,-0.00028386898842502895,0,0,FOLLOWING,1.4997362493313184,0.35194114896213335,0
34.176,13.96219605619862,-0.22289108925357212,-0.1249506963975103,15.450399999999998,-0.40835528244447095,0.3515908295426135,0.0063917860597349435,0.35161146259094417,0.005974047822144903,1.4997159548734316,0.0009670824239380593,-0.00028404512656843295,0,0,FOLLOWING,1.499736101868725,0.35192213316603643,0
34.208,13.973359314683806,-0.22429253404437516,-0.12475697503073896,15.461599999999999,-0.4094602002632898,0.35156946704954706,0.0064800016565536266,0.35159011717483557,0.006053792730026325,1.4997157737529367,0.0009725951282602979,-0.0002842262470632573,0,0,FOLLOWING,1.4997359485238593,0.35190315395343785,0
34.24,13.984522167360245,-0.2256917216381938,-0.1245607077911727,15.472799999999998,-0.41055908035319855,0.3515480911446353,0.0065680027216858715,0.35156875465957077,0.006133351255623177,1.4997155888518137,0.000978096962277922,-0.0002844111481863365,0,0,FOLLOWING,1.499735790496604,0.35188421244977053,0
34.272,13.99568461690176,-0.22708862379498834,-0.1243619009127027,15.483999999999998,-0.4116519065105717,0.35152670542416553,0.00665578074274167,0.35154737878032755,0.006212714972135837,1.499715401299062,0.0009835859858905172,-0.00028459870093811013,0,0,FOLLOWING,1.4997356289141703,0.35186530977842145,0
34.304,14.00684666607004,-0.22848321236317345,-0.12416056087486245,15.4952,-0.4127386626210505,0.35150531335096163,0.006743328005311177,0.3515259931308815,0.00629187620324917,1.499715212155349,0.0009890604969355202,-0.00028478784465102436,0,0,FOLLOWING,1.4997354648355128,0.3518464470606515,0
34.336,14.018008317709926,-0.22987545928160355,-0.12395669437997957,15.506400000000003,-0.41381933265978466,0.35148391826205244,0.0068306375484789884,0.3515046011716783,0.006370827986639069,1.4997150224171436,0.0009945190099235057,-0.00028497758285639385,0,0,FOLLOWING,1.4997352992554414,0.3518276254155363,0
34.368,14.029169574745,-0.2312653365813419,-0.12375030833156346,15.517599999999998,-0.414893900691665,0.3514625233759233,0.0069177031189256635,0.3514832062374715,0.00644956403537903,1.4997148330205963,0.0009999602358470167,-0.00028516697940372815,0,0,FOLLOWING,1.4997351331085196,0.35180884595988354,0
34.4,14.040330440173399,-0.232652816387226,-0.12354140981398609,15.528800000000002,-0.4159623508715612,0.3514411317993749,0.007004519124412233,0.351461811544554,0.00652807869751539,1.4997146448452336,0.0010053830631255173,-0.00028535515476635354,0,0,FOLLOWING,1.4997349672727283,0.351790109808197,0
34.432,14.051490917063928,-0.23403787091924153,-0.12333000607347604,15.540000000000001,-0.41702466744455335,0.35141974653398705,0.0070910805873114985,0.35144042019771954,0.006606366915026259,1.49971445871732,0.0010107865397094434,-0.0002855412826801018,0,0,FOLLOWING,1.4997348025728763,0.3517714180725711,0
34.464,14.062651008552358,-0.23542047249371692,-0.12311610450043915,15.551200000000001,-0.4180808347461655,0.3513983704822245,0.0071773830987308515,0.35141903519657836,0.006684424182372372,1.4997142754131512,0.0010161698563823096,-0.0002857245868488345,0,0,FOLLOWING,1.499734639783843,0.3517527718626549,0
34.496,14.073810717837976,-0.23680059352435368,-0.12289971261307697,15.5624,-0.41913083720259586,0.35137700645318826,0.007263422773676433,0.3513976594417704,0.006762246505938213,1.4997140956620427,0.0010215323312251778,-0.00028590433795727677,0,0,FOLLOWING,1.4997344796336038,0.3517341722855604,0
34.528,14.084970048180338,-0.23817820652310331,-0.12268083804228945,15.5736,-0.42017465933094783,0.35135565716803385,0.007349196207620621,0.35137629574065227,0.006839830363899457,1.4997139201491894,0.0010268733952502607,-0.0002860798508106388,0,0,FOLLOWING,1.499734322806062,0.3517156204458179,0
34.56,14.096129002896209,-0.2395532841009036,-0.12245948851782996,15.5848,-0.4212122857394563,0.3513343252650708,0.007434700434743826,0.3513549468127263,0.006917172667085312,1.4997137495183237,0.001032192579177249,-0.00028625048167629785,0,0,FOLLOWING,1.4997341699437343,0.3516971174452877,0
34.592,14.107287585356694,-0.2409257989682883,-0.12223567185564124,15.596,-0.4222437011277164,0.3513130133045587,0.007519932888074621,0.35133361529476537,0.00699427072207963,1.4997135843742293,0.0010374895012905255,-0.00028641562577069735,0,0,FOLLOWING,1.4997340216502328,0.3516786643831149,0
34.624,14.118445798984533,-0.2422957239358797,-0.12200939594634548,15.607199999999999,-0.42326889028690806,0.3512917237732181,0.007604891361667162,0.3513123037455234,0.00707112219514885,1.4997134252850826,0.0010427638563597214,-0.00028657471491744246,0,0,FOLLOWING,1.4997338784926422,0.35166026235564135,0
34.656,14.129603647251571,-0.24366303191477737,-0.12178066874481848,15.618400000000001,-0.4242878381000204,0.35127045908846505,0.007689573974923845,0.35129101465032947,0.007147725078367929,1.499713272784663,0.0010480154055621527,-0.00028672721533706813,0,0,FOLLOWING,1.4997337410036942,0.3516419124563589,0
34.688,14.140761133676365,-0.24502769591685167,-0.12154949826079067,15.6296,-0.4253005295420749,0.35124922160238586,0.007773979139124403,0.3512697504253049,0.007224077657527337,1.499713127374403,0.0010532439673550248,-0.0002868726255969012,0,0,FOLLOWING,1.4997336096838494,0.3516236157758193,0
34.72,14.151918261821937,-0.24638968905495456,-0.1213158925504095,15.6408,-0.4263069496803474,0.35122801360547273,0.007858105526176828,0.351248513421269,0.007300178482099534,1.499712989525355,0.0010584494092463065,-0.00028701047464507745,0,0,FOLLOWING,1.4997334850032336,0.3516053734015971,0
34.752,14.163075035293662,-0.24774898454305494,-0.12107985970869961,15.652,-0.42730708367458686,0.35120683733012187,0.007941952039581047,0.351227305927564,0.007376026337169126,1.4997128596799774,0.0010636316403987156,-0.00028714032002263856,0,0,FOLLOWING,1.4997333674034523,0.3515871864181958,0
34.784,14.174231457737285,-0.2491055556963084,-0.12084140786286664,15.6632,-0.4283009167772361,0.3511856949539147,0.008025517787577307,0.3512061301754786,0.007451620217081148,1.4997127382538555,0.0010687906050262652,-0.00028726174614446265,0,0,FOLLOWING,1.4997332572992876,0.3515690559070056,0
34.816,14.185387532837032,-0.2504593759310696,-0.12060054516636559,15.674399999999999,-0.4292884343336474,0.3511645886026932,0.008108802058419488,0.3511849883415353,0.007526959301542343,1.499712625637291,0.0010739262765078472,-0.00028737436270898087,0,0,FOLLOWING,1.4997331550803075,0.351550982946218,0
34.848,14.196543264313853,-0.2518104187648542,-0.12035727979368735,15.685599999999999,-0.4302696217822999,0.35114352035344,0.008191804297701487,0.35116388255060804,0.007602042933179781,1.4997125221968055,0.0010790386521764977,-0.00028747780319449134,0,0,FOLLOWING,1.4997330611123523,0.3515329686107769,0
34.88,14.20769865592375,-0.25315865781625757,-0.12011161993579696,15.696799999999998,-0.43124446465501337,0.35112249223697384,0.008274524087659312,0.3511428148787501,0.007676870597179984,1.4997124282765344,0.0010841277487237955,-0.0002875717234656072,0,0,FOLLOWING,1.4997329757389457,0.3515150139722949,0
34.912,14.218853711456209,-0.2545040668048366,-0.11986357379616985,15.708000000000002,-0.43221294857716297,0.3511015062404742,0.008356961128350172,0.3511217873558846,0.0077514419025922045,1.499712344199555,0.0010891935981707651,-0.00028765580044498584,0,0,FOLLOWING,1.4997328992825991,0.35149712009901046,0
34.944,14.230008434732706,-0.2558466195509604,-0.1196131495873702,15.719199999999997,-0.4331750592678892,0.3510805643098404,0.008439115220613285,0.3511008019683958,0.007825756565389506,1.4997122702690953,0.0010942362443524532,-0.00028772973090473997,0,0,FOLLOWING,1.4997328320460577,0.35147928805569206,0
34.976,14.241162829605312,-0.25718628997563414,-0.11936035552811915,15.7304,-0.43413078254031084,0.3510596683519034,0.008520986250705756,0.3510798606613896,0.007899814393169608,1.4997122067697346,0.0010992557398713243,-0.0002877932302653985,0,0,FOLLOWING,1.4997327743134485,0.3514615189036119,0
35.008,14.252316899955359,-0.2585230521003026,-0.11910519984081287,15.741600000000002,-0.43508010430173116,0.35103882023648764,0.008602574176512334,0.35105896534098735,0.007973615271088268,1.4997121539684342,0.0011042521434764668,-0.00028784603156584154,0,0,FOLLOWING,1.4997327263513656,0.3514438137004453,0
35.04,14.263470649692186,-0.2598568800466353,-0.11884769074942861,15.752800000000002,-0.4360230105538491,0.3510180217983415,0.008683879015217501,0.35103811787632155,0.008047159149735751,1.4997121121155843,0.0011092255178161425,-0.000287887884415694,0,0,FOLLOWING,1.4997326884098787,0.351426173500228,0
35.072,14.274624082751942,-0.2611877480362981,-0.11858783647779507,15.764000000000001,-0.4369594873929629,0.3509972748389427,0.008764900832337434,0.3510173201014839,0.008120446033754657,1.4997120814459575,0.0011141759275419272,-0.0002879185540425322,0,0,FOLLOWING,1.4997326607235053,0.3514085993532794,0
35.104,14.285777203096464,-0.2625156303907151,-0.11832564524817661,15.775200000000002,-0.43788952101017703,0.35097658112818325,0.008845639732009285,0.3509965738173536,0.008193475972030156,1.4997120621795923,0.0011191034377122655,-0.0002879378204077021,0,0,FOLLOWING,1.499732643512082,0.3513910923061521,0
35.136,14.296930014712196,-0.2638405015308225,-0.11806112528013643,15.7864,-0.43881309769160426,0.350955942405945,0.008926095848432663,0.35097588079323916,0.008266249048972614,1.4997120545226332,0.0011240081124680862,-0.0002879454773667689,0,0,FOLLOWING,1.4997326369816213,0.35137365340155113,0
35.168,14.308082521609174,-0.2651623359768171,-0.11779428478965133,15.797600000000001,-0.4397302038185696,0.35093536038356926,0.009006269338372244,0.3509552427684919,0.008338765376660609,1.4997120586681238,0.0011288900139514444,-0.00028794133187615145,0,0,FOLLOWING,1.499732641325079,0.35135628367828686,0
35.2,14.31923472782006,-0.2664811083479029,-0.11752513198843477,15.8088,-0.4406408258678087,0.35091483674523105,0.009086160374621954,0.3509346614539339,0.00841102508831757,1.4997120747967296,0.0011337492014280998,-0.0002879252032703672,0,0,FOLLOWING,1.4997326567231106,0.3513389841711958,0
35.232,14.330386637399208,-0.2677967933620362,-0.11725367508345835,15.82,-0.44154495041167025,0.3508943731492224,0.00916576914034807,0.35091413853326126,0.008483028332131421,1.4997121030774485,0.001138585730603936,-0.00028789692255148935,0,0,FOLLOWING,1.4997326833447497,0.35132175591108994,0
35.264,14.341538254421794,-0.2691093658356715,-0.1169799222766326,15.831199999999999,-0.44244256411831134,0.3508739712291476,0.00924509582422317,0.35089367566432095,0.008554775266259106,1.4997121436682423,0.0011433996530981346,-0.00028785633175765213,0,0,FOLLOWING,1.4997327213480627,0.3513045999246809,0
35.296,14.35268958298297,-0.27041880068350943,-0.11670388176462551,15.842400000000001,-0.44333365375189593,0.35085363259504265,0.009324140616275598,0.35087327448029093,0.00862626605453054,1.499712196716663,0.0011481910160536096,-0.0002878032833371069,0,0,FOLLOWING,1.4997327708807529,0.3512875172345319,0
35.328,14.363840627197067,-0.27172507291824793,-0.11642556173880557,15.8536,-0.44421820617278873,0.3508333588344171,0.009402903704377982,0.3508529365907895,0.008697500862551485,1.4997122623604024,0.0011529598618697653,-0.0002877376395975517,0,0,FOLLOWING,1.4997328320807404,0.3512705088589787,0
35.36,14.374991391196824,-0.2730281576503372,-0.11614497038528808,15.8648,-0.44509620833774954,0.35081315151322773,0.009481385271307968,0.3508326635829701,0.008768479854490412,1.4997123407278554,0.0011577062280415246,-0.0002876592721445803,0,0,FOLLOWING,1.4997329050766874,0.3512535758120834,0
35.392,14.386141879132653,-0.2743280300877411,-0.11586211588505818,15.876,-0.44596764730012534,0.3507930121767884,0.009559585492319734,0.35081245702241376,0.008839203190659652,1.4997124319386013,0.0011624301470741505,-0.00028756806139873525,0,0,FOLLOWING,1.4997329899885212,0.35123671910355536,0
35.424,14.39729209517194,-0.2756246655357014,-0.11557700641417368,15.8872,-0.44683251021004194,0.35077294235061524,0.009637504533162183,0.35079231845410874,0.008909671025039154,1.4997125361038939,0.0011671316464801629,-0.00028746389610612155,0,0,FOLLOWING,1.4997330869278815,0.35121993973870586,0
35.456,14.408442043498363,-0.2769180393965109,-0.11528965014402119,15.898399999999999,-0.44769078431459214,0.3507529435412185,0.009715142548494803,0.3507722494032432,0.008979883503607063,1.499712653327092,0.001171810748832658,-0.00028734667290808424,0,0,FOLLOWING,1.49973319599859,0.35120323871836806,0
35.488,14.41959172831125,-0.27820812716929094,-0.11500005524161458,15.9096,-0.44854245695802525,0.35073301723683986,0.009792499680650362,0.350752251376028,0.009049840763006608,1.49971278370409,0.001176467471862716,-0.00028721629590999775,0,0,FOLLOWING,1.4997333172970468,0.35118661703885634,0
35.52,14.430741153824949,-0.2794949044497764,-0.11470822986993945,15.920799999999998,-0.44938751558193235,0.35071316490814025,0.00986957605870013,0.35073232586042036,0.009119542929123682,1.4997129273237002,0.0011811018286061736,-0.00028707267629979327,0,0,FOLLOWING,1.4997334509126437,0.3511700756918823,0
35.552,14.44189032426823,-0.28077834693010767,-0.11441418218831462,15.931999999999999,-0.4502259477254323,0.3506933880088414,0.009946371797779859,0.3507124743268059,0.009188990116545668,1.4997130842680295,0.001185713827571197,-0.0002869157319704829,0,0,FOLLOWING,1.499733596928112,0.3511536156645162,0
35.584,14.45303924388371,-0.28205843039862827,-0.11411792035277842,15.943200000000001,-0.45105774102535506,0.3506736879763247,0.010022886998640167,0.35069269822865695,0.00925818242778552,1.4997132546128225,0.001190303472932766,-0.00028674538717754494,0,0,FOLLOWING,1.4997337554198906,0.3511372379391063,0
35.616,14.464187916927285,-0.2833351307396913,-0.11381945251648692,15.954400000000003,-0.4518828832164249,0.3506540662321868,0.010099121747390744,0.350672999003107,0.009327119952916083,1.4997134384277844,0.0011948707647434637,-0.0002865615722156267,0,0,FOLLOWING,1.4997339264584277,0.35112094349323225,0
35.648,14.475336347667604,-0.2846084239334711,-0.11351878683012123,15.965599999999998,-0.4527013621314396,0.3506345241827594,0.010175076115401657,0.3506533780715296,0.0093958027692803,1.4997136357768823,0.0011994156991570887,-0.0002863642231176744,0,0,FOLLOWING,1.4997341101085093,0.351104733299628,0
35.68,14.48648454038553,-0.2858782860557823,-0.11321593144229862,15.976800000000003,-0.4535131657014519,0.35061506321959734,0.010250750159348362,0.35063383684002974,0.009464230941369322,1.4997138467186721,0.0012039382686615252,-0.0002861532813278611,0,0,FOLLOWING,1.4997343064295365,0.3510886083261521,0
35.712,14.497632499373655,-0.2871446932779059,-0.11291089449997896,15.988000000000001,-0.45431828195594504,0.35059568471992486,0.010326143921363082,0.3506143766999798,0.00953240452098175,1.4997140713065,0.0012084384623052141,-0.0002859286934999705,0,0,FOLLOWING,1.4997345154757955,0.3510725695356905,0
35.744,14.508780228935798,-0.2884076218664207,-0.11260368414886725,15.999200000000002,-0.45511669902301194,0.35057639004705793,0.010401257429276988,0.3505949990283795,0.00960032354732765,1.4997143095888217,0.0012129162659297726,-0.0002856904111783187,0,0,FOLLOWING,1.4997347372967131,0.35105661788612474,0
35.776,14.519927733386533,-0.28966704818304256,-0.11229430853381772,16.0104,-0.45590840512952796,0.35055718055079627,0.01047609069694132,0.35057570518837683,0.009667988046996551,1.4997145616094074,0.0012173716624045011,-0.000285438390592585,0,0,FOLLOWING,1.4997349719371056,0.35104075433025717,0
35.808,14.53107501705073,-0.29092294868446844,-0.11198277579921768,16.021600000000003,-0.45669338860132624,0.3505380575677863,0.010550643724601412,0.35055649652958676,0.00973539803457718,1.4997148274075836,0.0012218046318445003,-0.00028517259241644943,0,0,FOLLOWING,1.4997352194373872,0.3510249798157645,0
35.84,14.542222084263107,-0.2921752999222273,-0.11166909408936809,16.0328,-0.4574716378633684,0.3505190224218609,0.010624916499316702,0.3505373743884774,0.009802553512771298,1.4997151070184285,0.0012262151518294408,-0.0002848929815715273,0,0,FOLLOWING,1.4997354798338025,0.3510092952851226,0
35.872,14.553368939367793,-0.29342407854253616,-0.11135327154884612,16.044,-0.4582431414399168,0.3505000764243537,0.010698908995410743,0.35051834008873334,0.009869454472943672,1.4997154004729931,0.0012306031976084264,-0.00028459952700687907,0,0,FOLLOWING,1.4997357531586049,0.3509937016755657,0
35.904,14.564515586717905,-0.29466926128616167,-0.11103531632286431,16.0552,-0.45900788795470143,0.3504812208743941,0.010772621174944104,0.35049939494153426,0.009936100895240465,1.4997157077984764,0.0012349687423044015,-0.0002842922015235949,0,0,FOLLOWING,1.4997360394402695,0.3509781999190147,0
35.936,14.575662030675137,-0.29591082498828686,-0.11071523655760585,16.0664,-0.4597658661310906,0.3504624570591774,0.010846052988198532,0.3504805402458561,0.010002492749329614,1.4997160290184046,0.0012393117570963924,-0.0002839709815953828,0,0,FOLLOWING,1.4997363387036398,0.3509627909420331,0
35.968,14.586808275609354,-0.2971487465783837,-0.11039304040055788,16.0776,-0.4605170647922546,0.3504437862542194,0.010919204374170969,0.3504617772887565,0.01006862999446003,1.4997163641527909,0.0012436322114057763,-0.0002836358472091405,0,0,FOLLOWING,1.4997366509701269,0.3509474756657498,0
36.0,14.597954325898197,-0.298383003080089,-0.11006873600081568,16.0888,-0.4612614728613325,0.3504252097235896,0.010992075261059301,0.3504431073456038,0.0101345125803816,1.499716713218312,0.0012479300730550008,-0.0002832867816879858,0,0,FOLLOWING,1.4997369762578379,0.3509322550058216,0
36.032000000000004,14.6091001859267,-0.2996135716110865,-0.10974233150938827,16.099999999999998,-0.46199907936159396,0.3504067287201306,0.011064665566750048,0.35042453168035587,0.010200140447284317,1.4997170762284415,0.0012522053084312729,-0.00028292377155847426,0,0,FOLLOWING,1.4997373145817496,0.3509171298723622,0
36.064,14.620245860086918,-0.30084042938299166,-0.10941383507947997,16.1112,-0.46272987341660193,0.3503883444856599,0.011136975199292071,0.35040605154572363,0.010265513526568832,1.4997174531935908,0.0012564578826280565,-0.0002825468064091563,0,0,FOLLOWING,1.4997376659538242,0.3509021011699022,0
36.096000000000004,14.631391352777548,-0.30206355370124205,-0.10908325486676315,16.1224,-0.4634538442503726,0.3503700582511555,0.011209004057358227,0.3503876681834126,0.010330631741107356,1.4997178441212382,0.001260687759581755,-0.0002821558787617917,0,0,FOLLOWING,1.4997380303831631,0.35088716979730517,0
36.128,14.64253666840358,-0.3032829219649911,-0.10875059902963313,16.1336,-0.46417098118753525,0.350351871236928,0.011280752030687482,0.3503693828242916,0.010395495005806823,1.499718249016067,0.0012648949021934056,-0.0002817509839330157,0,0,FOLLOWING,1.4997384078761038,0.3508723366477421,0
36.160000000000004,14.653681811375932,-0.304498511667005,-0.10841587572946083,16.1448,-0.46488127365348797,0.350333784652782,0.01135221900051933,0.35035119668855236,0.010460103227680385,1.4997186678800574,0.0012690792724491529,-0.0002813321199426344,0,0,FOLLOWING,1.4997387984363664,0.3508576026086108,0
36.192,14.664826786111112,-0.3057103003935643,-0.10807909313081862,16.156000000000002,-0.4655847111745554,0.35031579969816184,0.011423404839997018,0.35033311098589676,0.010524456306683814,1.4997191007126274,0.0012732408315192648,-0.0002808992873726268,0,0,FOLLOWING,1.4997392020651361,0.3508429685615029,0
36.224000000000004,14.675971597030872,-0.30691826582436826,-0.10774025940170776,16.167199999999998,-0.4662812833781419,0.35029791756228706,0.011494309414560928,0.35031512691567035,0.010588554135662566,1.4997195475106986,0.0012773795398573345,-0.0002804524893014193,0,0,FOLLOWING,1.4997396187611858,0.35082843538212355,0
36.256,14.687116248561868,-0.3081223857324424,-0.10739938271376498,16.1784,-0.4669709799928849,0.35028013942428116,0.01156493258231449,0.3502972456669893,0.01065239660100646,1.499720008268846,0.0012814953572867773,-0.00027999173115400566,0,0,FOLLOWING,1.4997400485209706,0.3508140039402704,0
36.288000000000004,14.698260745135343,-0.30932263798404924,-0.10705647124246795,16.189600000000002,-0.4676537908488064,0.35026246645328224,0.011635274194375711,0.3502794684188831,0.01071598358268953,1.4997204829793318,0.001285588243080879,-0.0002795170206681963,0,0,FOLLOWING,1.4997404913387122,0.35079967509974314,0
36.32,14.709405091186788,-0.31051900053860254,-0.10671153316732136,16.2008,-0.46832970587746336,0.3502448998085485,0.011705334095203825,0.3502617963404071,0.010779314954865457,1.4997209716322302,0.0012896581560327136,-0.0002790283677698291,0,0,FOLLOWING,1.4997409472064873,0.35078544971831177,0
36.352000000000004,14.720549291155635,-0.3117114514485829,-0.10636457667203841,16.211999999999996,-0.468998715112095,0.35022744063955463,0.011775112122906014,0.350244230590729,0.0108423905860178,1.499721474215497,0.0012937050545189788,-0.00027852578450304755,0,0,FOLLOWING,1.4997414161143154,0.35077132864765165,0
36.384,14.731693349484933,-0.31289996885945826,-0.10601560994471654,16.223200000000002,-0.46966080868777116,0.3502100900860829,0.011844608109528526,0.3502267723192298,0.010905210339140865,1.499721990715065,0.0012977288965623918,-0.0002780092849350435,0,0,FOLLOWING,1.499741898050232,0.35075731273331556,0
36.416000000000004,14.742837270621042,-0.31408453100960443,-0.10566464117799829,16.2344,-0.47031597684153675,0.35019284927829947,0.011913821881323925,0.35020942266561417,0.010967774072198254,1.4997225211148713,0.0013017296398767503,-0.00027747888512874574,0,0,FOLLOWING,1.4997423930003666,0.3507434028146363,0
36.448,14.753981059013324,-0.3152651162302302,-0.10531167856923047,16.245600000000003,-0.47096420991255605,0.35017571933682673,0.011982753259004912,0.35019218275996966,0.011030081638180436,1.4997230653969822,0.0013057072419197374,-0.0002769346030178088,0,0,FOLLOWING,1.4997429009489942,0.3507295997247156,0
36.480000000000004,14.76512471911384,-0.31644170294530344,-0.10495673032060993,16.256800000000002,-0.47160549834225507,0.3501587013728117,0.012051402057975046,0.35017505372283136,0.011092132885526563,1.4997236235416163,0.0013096616599271166,-0.0002763764583837425,0,0,FOLLOWING,1.4997434218786287,0.3507159042903445,0
36.512,14.77626825537706,-0.31761426967148,-0.10459980463933204,16.268,-0.4722398326744631,0.3501417964879812,0.012119768088550408,0.3501580366652769,0.011153927658030275,1.4997241955272282,0.0013135928509557802,-0.0002758044727717568,0,0,FOLLOWING,1.4997439557700512,0.35070231733197077,0
36.544000000000004,14.787411672259552,-0.3187827950180353,-0.10424090973771989,16.2792,-0.472867203555551,0.35012500577469935,0.012187851156157552,0.3501411326889705,0.011215465795449407,1.4997247813305605,0.0013175007719091053,-0.0002752186694394698,0,0,FOLLOWING,1.4997445026024012,0.3506888396636336,0
36.576,14.798554974219703,-0.31994725768679666,-0.10388005383336157,16.2904,-0.47348760173457055,0.3501083303160111,0.012255651061523983,0.350124342886197,0.011276747133258679,1.4997253809266977,0.0013213853795697589,-0.00027461907330228463,0,0,FOLLOWING,1.4997450623531983,0.35067547209292677,0
36.608000000000004,14.809698165717425,-0.3211076364720791,-0.1035172451492342,16.3016,-0.4741010180633889,0.35009177118568685,0.012323167600852614,0.35010766833991325,0.011337771503041794,1.4997259942891097,0.0013252466306242217,-0.00027400571089031267,0,0,FOLLOWING,1.499745634998426,0.350662215420928,0
36.64,14.82084125121387,-0.32226391026062196,-0.10315249191382543,16.3128,-0.47470744349682586,0.3500753294482557,0.01239040056598305,0.35009111012386074,0.011398538732601169,1.4997266213897145,0.0013290844816838954,-0.0002733786102855351,0,0,FOLLOWING,1.499746220512545,0.35064907044216875,0
36.672000000000004,14.831984235171147,-0.3234160580315283,-0.1027858023612461,16.323999999999998,-0.4753068690927853,0.3500590061590412,0.012457349744540776,0.35007466930247827,0.011459048646208336,1.4997272621989202,0.0013328988893020058,-0.00027273780107983647,0,0,FOLLOWING,1.4997468188685736,0.35063603794457265,0
36.704,14.843127122052037,-0.3245640588562055,-0.1024171847313469,16.3352,-0.47589928601238823,0.35004280236418767,0.012524014920078881,0.350058346931017,0.011519301064495897,1.4997279166856674,0.0013366898099933797,-0.00027208331433259403,0,0,FOLLOWING,1.4997474300381108,0.35062311870941193,0
36.736000000000004,14.854269916319724,-0.32570789189830796,-0.1020466472698237,16.3464,-0.47648468552010226,0.35002671910068217,0.012590395872206749,0.35004214405557577,0.011579295804798356,1.499728584817457,0.0013404572002457538,-0.0002714151825429223,0,0,FOLLOWING,1.4997480539913786,0.3506103135112498,0
36.768,14.865412622437514,-0.32684753641368147,-0.10167419822832392,16.3576,-0.4770630589838713,0.35001075739637566,0.01265649237670985,0.35002606171306433,0.011639032681132352,1.4997292665604178,0.0013442010165351929,-0.00027073343958217144,0,0,FOLLOWING,1.499748690697266,0.35059762311790316,0
36.800000000000004,14.876555244868555,-0.3279829717503093,-0.10129984586454538,16.3688,-0.4776343978752416,0.3499949182699983,0.012722304205664831,0.3500101009312828,0.011698511504421163,1.4997299618793152,0.0013479212153336276,-0.00027003812068482347,0,0,FOLLOWING,1.4997493401233666,0.3505850482903827,0
36.832,14.88769778807558,-0.32911417734826004,-0.10092359844233469,16.38,-0.4781986937694892,0.3499792027311717,0.012787831127542325,0.34999426272890444,0.01175773208251733,1.4997306707376055,0.0013516177531184696,-0.00026932926239453536,0,0,FOLLOWING,1.4997500022360073,0.3505725897828538,0
36.864000000000004,14.898840256520629,-0.33024113273963673,-0.100545464231784,16.3912,-0.4787559383457425,0.34996361178041796,0.012853072907306837,0.3499785481154905,0.011816694220241513,1.4997313930974567,0.0013552905863826875,-0.0002686069025432669,0,0,FOLLOWING,1.4997506770002824,0.35056024834258614,0
36.896,14.909982654664777,-0.33136381754852773,-0.10016545150932421,16.402400000000004,-0.47930612338710615,0.3499481464091669,0.012918029306510292,0.3499629580915047,0.011875397719515663,1.4997321289197885,0.001358939671641829,-0.0002678710802115347,0,0,FOLLOWING,1.49975136438009,0.3505480247099093,0
36.928,14.921124986967882,-0.3324822114909598,-0.09978356855781147,16.4136,-0.47984924078078156,0.34993280759975537,0.01298270008337848,0.34994749364830685,0.011933842379544804,1.4997328781642827,0.0013625649654367133,-0.00026712183571730996,0,0,FOLLOWING,1.4997520643381468,0.3505359196181524,0
36.96,14.932267257888308,-0.3335962943748513,-0.09939982366661607,16.4248,-0.4803852825181866,0.34991759632543523,0.013047084992894952,0.3499321557682022,0.011992027996764222,1.4997336407894555,0.0013661664243420357,-0.00026635921054452005,0,0,FOLLOWING,1.4997527768360457,0.35052393379362273,0
36.992,14.943409471882667,-0.33470604609996835,-0.0990142251317088,16.436,-0.4809142406950741,0.3499025135503656,0.0131111837868768,0.34991694542437823,0.01204995436490922,1.4997344167526259,0.0013697440049686288,-0.00026558324737413486,0,0,FOLLOWING,1.4997535018342443,0.3505120679555407,0
37.024,14.954551633405567,-0.33581144665788176,-0.09862678125574062,16.447199999999995,-0.4814361075116478,0.34988756022961087,0.013174996214051247,0.34990186358095243,0.012107621275219263,1.4997352060099776,0.001373297663966891,-0.0002647939900224383,0,0,FOLLOWING,1.4997542392921164,0.35050032281599414,0
37.056,14.965693746909336,-0.3369124761319254,-0.09823750034812724,16.4584,-0.48195087527267794,0.34987273730913715,0.013238522020127876,0.34988691119293736,0.01216502851630159,1.4997360085165938,0.0013768273580339746,-0.0002639914834061674,0,0,FOLLOWING,1.49975498916797,0.35048869907991886,0
37.088,14.97683581684378,-0.3380091146971561,-0.09784639072512609,16.4696,-0.48245853638761427,0.34985804572580065,0.013301760947865345,0.34987208920623036,0.012222175874349426,1.4997368242264257,0.001380333043912066,-0.0002631757735742646,0,0,FOLLOWING,1.499755751419067,0.3504771974450092,0
37.12,14.987977847655914,-0.3391013426203154,-0.09745346070991187,16.480800000000002,-0.4829590833706985,0.34984348640733814,0.013364712737135935,0.34985739855764286,0.01227906313319891,1.4997376530923798,0.0013838146783934913,-0.0002623469076201701,0,0,FOLLOWING,1.4997565260016366,0.3504658186017161,0
37.152,14.99911984378972,-0.34018914025979186,-0.09705871863265572,16.492,-0.48345250884107366,0.3498290602723562,0.013427377124992843,0.3498428401748742,0.012335690074209397,1.4997384950662869,0.0013872722183245897,-0.00026150493371313033,0,0,FOLLOWING,1.4997573128709154,0.35045456323317525,0
37.184,15.010261809685876,-0.3412724880655854,-0.09666217283059501,16.5032,-0.4839388055228944,0.34981476823031726,0.013489753845729011,0.34982841497647105,0.012392056476560631,1.4997393500989569,0.001390705620605642,-0.0002606499010431307,0,0,FOLLOWING,1.4997581119811447,0.3504434320151837,0
37.216,15.021403749781522,-0.34235136657927306,-0.09626383164810742,16.5144,-0.48441796624543304,0.34980061118152583,0.013551842630938104,0.34981412387185734,0.012448162117122373,1.4997402181401744,0.0013941148421949962,-0.00025978185982555857,0,0,FOLLOWING,1.4997589232856088,0.350432425616143,0
37.248,15.032545668509993,-0.34342575643397594,-0.09586370343678248,16.5256,-0.48488998394318605,0.3497865900171112,0.013613643209575305,0.3497999677612787,0.01250400677051896,1.4997410991387319,0.0013974998401131283,-0.00025890086126811873,0,0,FOLLOWING,1.499759746736632,0.3504215446970312,0
37.28,15.043687570300577,-0.34449563835432706,-0.09546179655548441,16.5368,-0.48535485165597775,0.3497727056190118,0.013675155308011593,0.349785947535823,0.012559590209419037,1.4997419930424278,0.0014008605714380116,-0.0002580069575721655,0,0,FOLLOWING,1.4997605822856193,0.35041078991134095,0
37.312,15.054829459578261,-0.34556099315644156,-0.09505811937042562,16.548,-0.48581256252906324,0.3497589588599538,0.013736378650091773,0.34977206407738365,0.012614912204189529,1.4997428997981037,0.0014041969933151763,-0.00025710020189628757,0,0,FOLLOWING,1.499761429883044,0.3504001619050583,0
37.344,15.065971340763486,-0.34662180174788754,-0.0946526802552301,16.559199999999997,-0.4862631098132292,0.34974535060343376,0.013797312957191901,0.34975831825863307,0.012669972523219677,1.4997438193516477,0.0014075090629572797,-0.000256180648352311,0,0,FOLLOWING,1.499762289478489,0.35038966131660726,0
37.376,15.077113218271894,-0.3476780451276584,-0.0942454875909952,16.5704,-0.48670648686489393,0.34973188170369957,0.013857957948272394,0.3497447109430215,0.012724770932966426,1.4997447516480154,0.001410796737644035,-0.00025524835198464935,0,0,FOLLOWING,1.4997631610206474,0.3503792887768266,0
37.408,15.088255096514086,-0.34872970438614614,-0.09383654976635634,16.581599999999998,-0.4871426871462047,0.349718553005725,0.013918313339932691,0.3497312429847864,0.012779307197866014,1.4997456966312273,0.0014140599747262672,-0.00025430336877274584,0,0,FOLLOWING,1.4997640444573364,0.35036904490890447,0
37.44,15.099396979895378,-0.3497767607051171,-0.09342587517754855,16.5928,-0.4875717042251347,0.3497053653451886,0.01397837884646612,0.34971791522881807,0.012833581080426997,1.499746654244407,0.0014172987316299485,-0.000253345755593104,0,0,FOLLOWING,1.4997649397355108,0.3503589303283612,0
37.472,15.110538872815548,-0.3508191953576876,-0.09301347222846397,16.604,-0.4879935317755774,0.3496923195484513,0.014038154179913793,0.3497047285107658,0.012887592341368938,1.4997476244297707,0.0014205129658555332,-0.0002523755702292796,0,0,FOLLOWING,1.499765846801281,0.35034894564299657,0
37.504,15.121680779668596,-0.35185698970830154,-0.09259934933071115,16.615199999999998,-0.4884081635774401,0.3496794164325322,0.0140976390501169,0.34969168365694714,0.012941340739551428,1.499748607128661,0.0014237026349827877,-0.0002513928713390179,0,0,FOLLOWING,1.4997667655999216,0.35033909145285935,0
37.536,15.132822704842503,-0.35289012521270974,-0.09218351490367169,16.6264,-0.4888155935167355,0.3496666568050845,0.014156833164770198,0.34967878148432774,0.01299482603206624,1.4997496022815453,0.001426867696672704,-0.00025039771845469794,0,0,FOLLOWING,1.499767696075882,0.3503293683502067,0
37.568,15.143964652718983,-0.3539185834179495,-0.0917659773745563,16.637600000000003,-0.48921581558567223,0.3496540414643706,0.014215736229477865,0.34966602280053205,0.013048047974252316,1.4997506098280267,0.001430008108670694,-0.00024939017197334046,0,0,FOLLOWING,1.499768638172797,0.3503197769194692,0
37.6,15.155106627673247,-0.3549423459623264,-0.09134674517845723,16.648799999999998,-0.4896088238827429,0.3496415711992332,0.014274347947801877,0.3496534084037689,0.013101006319816595,1.49975162970685,0.0014331238288082387,-0.0002483702931499465,0,0,FOLLOWING,1.4997695918334963,0.3503103177371969,0
37.632,15.166248634073755,-0.3559613945753969,-0.0909258267584023,16.659999999999997,-0.48999461261281163,0.3496292467890736,0.014332668021320001,0.34964093908283206,0.013153700820764547,1.4997526618559405,0.001436214815008885,-0.0002473381440595279,0,0,FOLLOWING,1.4997705570000166,0.35030099137205645,0
37.664,15.177390676281979,-0.3569757110779523,-0.09050323056540323,16.6712,-0.490373176087199,0.34961706900382594,0.014390696149675168,0.34962861561711317,0.01320613122760536,1.499753706212384,0.0014392810252870092,-0.000246293787615981,0,0,FOLLOWING,1.4997715336136235,0.3502917983847669,0
37.696,15.188532758652165,-0.3579852773820041,-0.0900789650585071,16.6824,-0.49074450872376635,0.3496050386039275,0.014448432030629139,0.34961643877646725,0.013258297289231294,1.4997547627124406,0.0014423224177529113,-0.00024523728755942997,0,0,FOLLOWING,1.4997725216147917,0.3502827393280752,0
37.728,15.19967488553109,-0.35899007549077,-0.08965303870484474,16.6936,-0.4911086050469977,0.34959315634029386,0.014505875360117592,0.3496044093213151,0.013310198753025798,1.4997558312915622,0.0014453389506170061,-0.0002441687084377975,0,0,FOLLOWING,1.4997735209432503,0.35027381474671004,0
37.76,15.210817061257826,-0.359990087498662,-0.08922545997967757,16.704800000000002,-0.4914654596880812,0.3495814229542893,0.014563025832300824,0.34959252800252083,0.013361835364906965,1.4997569118844079,0.001448330582193083,-0.00024308811559214938,0,0,FOLLOWING,1.499774531537955,0.35026502517736674,0
37.792,15.221959290163502,-0.3609852955912756,-0.08879623736644007,16.716,-0.4918150673849873,0.34956983917770174,0.014619883139617448,0.349580795561411,0.013413206869464744,1.4997580044248287,0.0014512972708985161,-0.00024199557517134984,0,0,FOLLOWING,1.4997755533371286,0.3502563711486506,0
37.824,15.23310157657106,-0.3619756820453794,-0.08836537935678702,16.7272,-0.4921574229825473,0.34955840573271396,0.014676446972838481,0.3495692127297322,0.013464313009819024,1.4997591088459086,0.001454238975261937,-0.00024089115409142714,0,0,FOLLOWING,1.4997765862782477,0.3502478531810629,0
37.856,15.244243924795033,-0.3629612292289066,-0.08793289445063283,16.7384,-0.49249252143252836,0.3495471233318762,0.014732717021118447,0.34955778022963185,0.013515153527853341,1.4997602250799453,0.0014571556539228342,-0.0002397749200546695,0,0,FOLLOWING,1.4997776302980619,0.35023947178695664,0
37.888,15.255386339141294,-0.3639419196009482,-0.08749879115619555,16.7496,-0.49282035779370914,0.34953599267807917,0.01478869297205026,0.34954649877360905,0.013565728164077693,1.4997613530584737,0.001460047265638531,-0.00023864694152631039,0,0,FOLLOWING,1.4997786853325958,0.3502312274705095,0
37.92,15.26652882390683,-0.3649177357117462,-0.08706307799003284,16.7608,-0.4931409272319516,0.3495250144645246,0.01484437451171752,0.34953536906452204,0.013616036657880198,1.49976249271226,0.001462913769283966,-0.00023750728774007968,0,0,FOLLOWING,1.4997797513171611,0.3502231207276834,0
37.952,15.277671383379499,-0.3658886602026889,-0.08662576347708438,16.772,-0.4934542250202729,0.34951418937469897,0.014899761324748797,0.34952439179552286,0.013666078747323581,1.4997636439713313,0.0014657551238604072,-0.00023635602866867167,0,0,FOLLOWING,1.4997808281863636,0.35021515204620124,0
37.984,15.288814021837805,-0.36685467580630704,-0.08618685615070278,16.783199999999997,-0.4937602465389148,0.3495035180823446,0.014954853094368739,0.3495135676500723,0.013715854169502818,1.4997648067649614,0.0014685712884926205,-0.0002351932350386221,0,0,FOLLOWING,1.499781915874104,0.3502073219055128,0
38.016,15.29995674355066,-0.36781576534627164,-0.0857463645526952,16.7944,-0.4940589872754121,0.3494930012514327,0.01500964950245355,0.3495028973018612,0.013765362660210449,1.4997659810216923,0.0014713622224397233,-0.0002340189783076596,0,0,FOLLOWING,1.499783014313592,0.35019963077676736,0
38.048,15.311099552777147,-0.3687719117373922,-0.08530429723335342,16.8056,-0.4943504428246585,0.3494826395361344,0.015064150229584468,0.3494923814148228,0.013814603954306587,1.499767166669326,0.0014741278850945588,-0.00023283333067403156,0,0,FOLLOWING,1.4997841234373501,0.35019207912277517,0
38.08,15.322242453766295,-0.36972309798561653,-0.08486066275148763,16.8168,-0.49463460888897265,0.34947243358079605,0.015118354955100463,0.3494820206430853,0.01386357778558735,1.4997683636349564,0.0014768682359898033,-0.0002316363650436415,0,0,FOLLOWING,1.4997852431772274,0.35018466739798887,0
38.112,15.333385450756845,-0.37066930718803226,-0.08441546967445471,16.828,-0.4949114812781603,0.34946238401990576,0.015172263357150939,0.3494718156309725,0.01391228388696869,1.4997695718449415,0.00147958323479834,-0.0002304281550584708,0,0,FOLLOWING,1.499786373464385,0.3501773960484581,0
38.144,15.344528547977012,-0.37161052253286847,-0.0839687265781881,16.8392,-0.49518105590957723,0.34945249147807184,0.015225875112748434,0.3494617670129171,0.013960721990434632,1.4997707912249518,0.0014822728413387831,-0.00022920877504817305,0,0,FOLLOWING,1.4997875142293269,0.35017026551182867,0
38.176,15.355671749644264,-0.3725467272994995,-0.08352044204723161,16.850399999999997,-0.4954433288081885,0.34944275656999324,0.015279189897825656,0.34945187541349626,0.014008891826909065,1.4997720216999302,0.0014849370155835262,-0.0002279783000698199,0,0,FOLLOWING,1.4997886654018995,0.3501632762172814,0
38.208,15.366815059965086,-0.373477904858449,-0.08307062467475768,16.8616,-0.4956982961066276,0.34943317990043343,0.015332207387284432,0.3494421414473664,0.014056793126748528,1.4997732631941525,0.001487575717656689,-0.000226736805847505,0,0,FOLLOWING,1.4997898269112848,0.35015642858553775,0
38.24,15.377958483134753,-0.37440403867139604,-0.08261928306259793,16.8728,-0.4959459540452533,0.34942376206419357,0.015384927255051573,0.3494325657192507,0.014104425619352443,1.4997745156311808,0.0014901889078409725,-0.00022548436881919542,0,0,FOLLOWING,1.4997909986860292,0.35014972302880576,0
38.272,15.3891020233371,-0.37532511229118176,-0.08216642582126585,16.884,-0.4961862989722054,0.349414503646084,0.015437349174131556,0.3494231488239252,0.014151789033412264,1.4997757789338968,0.0014927765465819337,-0.00022422106610320292,0,0,FOLLOWING,1.499792180654022,0.35014315995076706,0
38.304,15.400245684744295,-0.37624110936181715,-0.08171206156997782,16.895199999999996,-0.49641932734345784,0.34940540522089936,0.015489472816660034,0.3494138913461543,0.01419888309696198,1.4997770530245098,0.0014953385944908304,-0.00022294697549019027,0,0,FOLLOWING,1.4997933727425283,0.350136739746543,0
38.336,15.41138947151661,-0.37715201361849265,-0.08125619893667645,16.9064,-0.4966450357228719,0.34939646735339464,0.015541297853956316,0.3494047938606858,0.014245707537307636,1.4997783378245684,0.0014978750123514906,-0.00022166217543162503,0,0,FOLLOWING,1.4997945748781765,0.35013046280269444,0
38.368,15.422533387802192,-0.37805780888758805,-0.08079884655804681,16.9176,-0.4968634207822461,0.3493876905982572,0.015592823956579042,0.3493958569322406,0.014292262081246962,1.4997796332549314,0.0015003857611192578,-0.0002203667450686453,0,0,FOLLOWING,1.4997957869869794,0.3501243294971524,0
38.4,15.433677437736842,-0.3789584790866839,-0.08034001307953866,16.928800000000003,-0.49707447930136567,0.3493790755000795,0.01564405079437571,0.34938708111547867,0.014338546454883182,1.4997809392358183,0.0015028708019316356,-0.00021906076418165554,0,0,FOLLOWING,1.4997970089943142,0.3501183401992357,0
38.432,15.444821625443783,-0.37985400822457427,-0.07987970715537825,16.94,-0.4972782081680499,0.34937062259333757,0.015694978036538743,0.34937846695493857,0.014384560383949582,1.4997822556867846,0.0015053300961059696,-0.00021774431321541776,0,0,FOLLOWING,1.499798240824964,0.3501124952695999,0
38.464,15.455965955033445,-0.38074438040127995,-0.07941793744858763,16.9512,-0.4974746043781982,0.349362332402362,0.015745605351657196,0.3493700149850796,0.014430303593578468,1.4997835825267414,0.0015077636051481769,-0.00021641747325862326,0,0,FOLLOWING,1.4997994824030831,0.35010679506023296,0
38.496,15.467110430603224,-0.38162957980806367,-0.07895471263099486,16.9624,-0.49766366503583404,0.34935420544131845,0.01579593240776885,0.34936172573016555,0.014475775808580688,1.4997849196739637,0.0015101712907537312,-0.0002150803260363432,0,0,FOLLOWING,1.4998007336522465,0.3501012399144193,0
38.528,15.478255056237273,-0.3825095907274456,-0.07849004138324983,16.9736,-0.4978453873531482,0.34934624221418004,0.015845958872415307,0.34935359970435176,0.014520976753276318,1.4997862670460884,0.0015125531148145188,-0.00021373295391158287,0,0,FOLLOWING,1.4998019944954128,0.35009583016673196,0
38.56,15.489399836006275,-0.38338439753322046,-0.0780239323948326,16.9848,-0.49801976865053915,0.3493384432147046,0.01589568441269229,0.349345637411579,0.014565906151718714,1.499787624560113,0.0015149090394202952,-0.0002123754398870581,0,0,FOLLOWING,1.4998032648549637,0.3500905661429911,0
38.592,15.500544773967214,-0.38425398469047556,-0.0775563943640646,16.996,-0.49818680635665336,0.34933080892641033,0.01594510869530414,0.3493378393455395,0.014610563727617324,1.499788992132422,0.0015172390268652083,-0.00021100786757810575,0,0,FOLLOWING,1.4998045446526826,0.3500854481602631,0
38.624,15.511689874163158,-0.38511833675560964,-0.07708743599811729,17.007199999999997,-0.4983464980084225,0.349323339822555,0.015994231386616698,0.34933020598972997,0.014654949204407745,1.49979036967878,0.0015195430396518913,-0.00020963032122001124,0,0,FOLLOWING,1.4998058338097846,0.350080476526829,0
38.656,15.522835140623043,-0.3859774383763538,-0.07661706601301731,17.0184,-0.49849884125110044,0.34931603636611214,0.01604305215270823,0.34932273781737055,0.014699062305364654,1.4997917571143395,0.0015218210404942395,-0.000208242885660459,0,0,FOLLOWING,1.4998071322469029,0.35007565154217035,0
38.688,15.533980577361437,-0.3868312742917921,-0.07614529313365133,17.0296,-0.4986438338382973,0.34930889900974904,0.016091570659422932,0.34931543529139064,0.014742902753613897,1.4997931543536416,0.0015240729923207408,-0.00020684564635842229,0,0,FOLLOWING,1.4998084398841074,0.35007097349694155,0
38.72,15.54512618837834,-0.387679829332384,-0.0756721260937716,17.040800000000004,-0.49878147363201303,0.3493019281958056,0.016139786572423397,0.3493082988644373,0.014786470272103525,1.4997945613106345,0.0015262988582805809,-0.00020543868936551135,0,0,FOLLOWING,1.4998097566408983,0.35006644267296544,0
38.752,15.55627197765895,-0.38852308841998817,-0.07519757363599891,17.052,-0.4989117586026688,0.349295124356268,0.01618769955724137,0.3493013289788012,0.01482976458369249,1.49979597789865,0.0015284986017471555,-0.00020402210134995435,0,0,FOLLOWING,1.4998110824362134,0.3500620593431899,0
38.784,15.567417949173446,-0.38936103656788673,-0.07472164451182364,17.0632,-0.4990346868291369,0.3492884879127556,0.016235309279332023,0.34929452606643807,0.014872785411206135,1.499797404030462,0.0015306721863243555,-0.00020259596953797754,0,0,FOLLOWING,1.4998124171884477,0.35005782377170397,0
38.816,15.57856410687678,-0.3901936588808107,-0.07424434748160266,17.0744,-0.499150256498769,0.34928201927649627,0.01628261540412406,0.34928789054893,0.014915532477565826,1.4997988396182425,0.0015328195758455287,-0.00020116038175754802,0,0,FOLLOWING,1.4998137608154407,0.3500537362137012,0
38.848,15.589710454708445,-0.39102094055496667,-0.07376569131456212,17.085600000000003,-0.49925846590742323,0.3492757188483084,0.016329617597073447,0.3492814228374601,0.014958005505606789,1.499800284573585,0.001534940734382595,-0.00019971542641505913,0,0,FOLLOWING,1.499815113234497,0.3500497969154638,0
38.88,15.600856996592277,-0.3918428668780645,-0.07328568478879087,17.096799999999998,-0.49935931345948886,0.34926958701857613,0.0163763155237135,0.3492751233328259,0.015000204218368247,1.4998017388075027,0.0015370356262465606,-0.00019826119249732876,0,0,FOLLOWING,1.499816474362371,0.3500460061143379,0
38.912,15.612003736436222,-0.3926594232293459,-0.07280433669123916,17.107999999999997,-0.49945279766791,0.34926362416723594,0.016422708849706032,0.3492689924253709,0.015042128338934056,1.499803202230463,0.0015391042159958734,-0.0001967977695369605,0,0,FOLLOWING,1.4998178441152898,0.3500423640387492,0
38.944,15.623150678132129,-0.39347059507961396,-0.07232165581771109,17.1192,-0.4995389171542076,0.3492578306637579,0.01646879724089582,0.3492630304949879,0.015083777590617284,1.4998046747523606,0.0015411464684370463,-0.00019532524763943293,0,0,FOLLOWING,1.499819222408963,0.35003887090816077,0
38.976,15.634297825555537,-0.39427636799126414,-0.0718376509728567,17.1304,-0.49961767064849977,0.34925220686712477,0.01651458036335897,0.3492572379111252,0.015125151696985181,1.4998061562825307,0.0015431623486283907,-0.00019384371746933304,0,0,FOLLOWING,1.4998206091585642,0.35003552693306966,0
39.008,15.64544518256546,-0.39507672761831564,-0.07135233097016573,17.141599999999997,-0.4996890569895204,0.3492467531258157,0.016560057883454604,0.34925161503270963,0.015166250381794916,1.4998076467297536,0.001545151821886137,-0.0001923532702463593,0,0,FOLLOWING,1.4998220042787604,0.3500323323149826,0
39.04,15.65659275300417,-0.39587165970644445,-0.07086570463195663,17.152800000000003,-0.49975307512463635,0.3492414697777912,0.0166052294678772,0.3492461622082009,0.015207073369150835,1.4998091460022949,0.0015471148537891525,-0.00019085399770513156,0,0,FOLLOWING,1.4998234076837091,0.35002928724642507,0
39.072,15.667740540697,-0.39666115009301667,-0.07037778078936657,17.164,-0.49980972410986296,0.34923635715047263,0.01665009478370689,0.34924087977551116,0.015247620383465285,1.4998106540078378,0.0015490514101805103,-0.00018934599216224868,0,0,FOLLOWING,1.499824819287054,0.35002639191090146,0
39.104,15.67888854945211,-0.3974451847071236,-0.06988856828233564,17.1752,-0.49985900310987796,0.3492314155607294,0.0166946534984598,0.3492357680620313,0.015287891149649716,1.4998121706535674,0.0015509614571720817,-0.00018782934643257754,0,0,FOLLOWING,1.4998262390019477,0.3500236464829025,0
39.136,15.690036783060297,-0.39822374956961704,-0.06939807595959756,17.1864,-0.49990091139803383,0.34922664531486164,0.01673890528013781,0.34923082738460226,0.015327885392900661,1.4998136958461263,0.0015528449611506565,-0.00018630415387366206,0,0,FOLLOWING,1.499827666741044,0.35002105112788584,0
39.168,15.701185245294777,-0.3989968307931464,-0.06890631267866273,17.1976,-0.4999354483563685,0.3492220467085855,0.016782849797282198,0.3492260580494755,0.015367602838947308,1.4998152294916434,0.0015547018887815125,-0.00018477050835663533,0,0,FOLLOWING,1.4998291024165011,0.35001860600227647,0
39.2,15.71233393991098,-0.39976441458219586,-0.06841328730579879,17.2088,-0.4999626134756144,0.3492176200270193,0.01682648671902065,0.34922146035233886,0.015407043214125614,1.499816771495718,0.0015565322070082988,-0.00018322850428198478,0,0,FOLLOWING,1.4998305459400043,0.3500163112534374,0
39.232,15.723482870646334,-0.400526487233123,-0.06791900871601665,17.22,-0.4999824063552061,0.3492133655446689,0.01686981571511817,0.34921703457827813,0.015446206245209178,1.4998183217634564,0.0015583358830622838,-0.00018167823654358095,0,0,FOLLOWING,1.4998319972227507,0.35001416701967947,0
39.264,15.73463204122007,-0.4012830351341988,-0.0674234857930498,17.231199999999998,-0.49999482670328593,0.3492092835254158,0.016912836456028185,0.3492127810017637,0.01548509165961617,1.4998198801994516,0.0015601128844641154,-0.00018011980054843946,0,0,FOLLOWING,1.4998334561754743,0.3500121734302387,0
39.296,15.745781455333011,-0.4020340447656475,-0.06692672742933395,17.2424,-0.4999998743367088,0.34920537422250214,0.01695554861294113,0.34920869988663344,0.015523699185400416,1.499821446707801,0.001561863179028025,-0.00017855329219895744,0,0,FOLLOWING,1.4998349227084264,0.35001033060528186,0
39.328,15.756931116667362,-0.40277950269968865,-0.06642874252598496,17.2536,-0.49999754918104433,0.34920163787852104,0.016997951857834755,0.34920479148610556,0.015562028551309219,1.499823021192105,0.0015635867348654797,-0.00017697880789491194,0,0,FOLLOWING,1.4998363967314148,0.35000863865587917,0
39.36,15.768081028886515,-0.4035193956005788,-0.06592953999277612,17.2648,-0.49998785127057827,0.349198074725402,0.017040045863524058,0.34920105604272866,0.015600079486798087,1.4998246035554847,0.001565283520390037,-0.00017539644451525227,0,0,FOLLOWING,1.4998378781537707,0.3500070976840197,0
39.392,15.77923119563484,-0.4042537102246554,-0.06542912874811194,17.276000000000003,-0.499970780748312,0.3491946849844028,0.01708183030370848,0.34919749378840553,0.015637851722139322,1.4998261937005746,0.0015669535043189298,-0.00017380629942542747,0,0,FOLLOWING,1.4998393668843923,0.35000570778258516,0
39.424,15.790381620537486,-0.40498243342038054,-0.06492751771900487,17.287200000000002,-0.49994633786596027,0.3491914688660944,0.01712330485302359,0.3491941049443496,0.015675344988335158,1.499827791529528,0.001568596655679641,-0.00017220847047205723,0,0,FOLLOWING,1.4998408628317117,0.350004469035355,0
39.456,15.801532307200173,-0.40570555212838627,-0.0644247158410465,17.298399999999997,-0.4999145229839477,0.3491884265703555,0.01716446918708788,0.3491908897210939,0.0157125590172879,1.4998293969440437,0.0015702129438126128,-0.00017060305595628655,0,0,FOLLOWING,1.499842365903742,0.3500033815169929,0
39.488,15.812683259209004,-0.40642305338152057,-0.06392073205838142,17.3096,-0.4998753365714031,0.349185558286362,0.017205322982554467,0.34918784831849425,0.015749493541716154,1.4998310098453551,0.0015718023383770735,-0.00016899015464488798,0,0,FOLLOWING,1.4998438760080453,0.35000244529306407,0
39.52,15.823834480130254,-0.4071349243048941,-0.06341557532367464,17.320800000000002,-0.499828779206153,0.34918286419257755,0.017245865917155517,0.3491849809256902,0.015786148295354564,1.49983263013423,0.001573364809351413,-0.00016736986577003954,0,0,FOLLOWING,1.4998453930517632,0.3500016604200004,0
39.552,15.834985973510175,-0.40784115211592825,-0.0629092545980804,17.332,-0.4997748515747128,0.3491803444567442,0.01728609766975432,0.3491822877211049,0.015822523012916385,1.499834257710984,0.001574900327037325,-0.00016574228901600208,0,0,FOLLOWING,1.4998469169416089,0.3500010269451111,0
39.584,15.846137742874806,-0.4085417241244034,-0.0624017788512136,17.343199999999996,-0.4997135544722769,0.34917799923587495,0.017326017920391915,0.3491797688724556,0.015858617430005606,1.4998358924754902,0.001576408862067287,-0.00016410752450979338,0,0,FOLLOWING,1.4998484475838811,0.3500005449065762,0
39.616,15.85728979172976,-0.4092366277325091,-0.061893157061113126,17.3544,-0.4996448888027066,0.34917582867624847,0.0173656263503354,0.34917742453670125,0.015894431283370845,1.4998375343271988,0.0015778903854061777,-0.00016246567280120416,0,0,FOLLOWING,1.4998499848844598,0.3500002143334617,0
39.648,15.868442123560051,-0.40992585043489327,-0.061383398214208774,17.3656,-0.49956885557851727,0.3491738329134009,0.017404922642124947,0.34917525486010087,0.015929964310798607,1.4998391831651017,0.0015793448683542877,-0.0001608168348983252,0,0,FOLLOWING,1.499851528748822,0.3500000352456945,0
39.68,15.879594741829878,-0.41060937981871476,-0.06087251130528589,17.376800000000003,-0.49948545592086296,0.3491720120721219,0.01744390647962529,0.34917325997814974,0.015965216251175453,1.4998408388877746,0.001580772282554273,-0.0001591611122253589,0,0,FOLLOWING,1.499853079082048,0.35000000765407013,0
39.712,15.890747649982446,-0.4112872035636948,-0.06036050533744606,17.388,-0.4993946910595203,0.34917036626644476,0.017482577548069343,0.3491714400156005,0.016000186844619547,1.4998425013933698,0.0015821725999917715,-0.00015749860663016868,0,0,FOLLOWING,1.499854635788814,0.3500001315602436,0
39.744,15.901900851439768,-0.4119593094421695,-0.05984738932206846,17.3992,-0.49929656233286973,0.3491688955996453,0.017520935534107177,0.34916979508647406,0.016034875832455716,1.4998441705796277,0.0015835457929994148,-0.00015582942037228875,0,0,FOLLOWING,1.4998561987734058,0.3500004069567513,0
39.776,15.913054349602474,-0.4126256853191443,-0.05933317227877132,17.4104,-0.49919107118787664,0.34916760016423826,0.017558980125853156,0.3491683252939823,0.016069282957212903,1.4998458463438804,0.001584891834261741,-0.0001541536561195933,0,0,FOLLOWING,1.499857767939737,0.35000083382698927,0
39.808,15.924208147849626,-0.4132863191523479,-0.05881786323536951,17.4216,-0.4990782191800693,0.34916648004197115,0.017596711012932552,0.3491670307306214,0.01610340796274742,1.499847528583055,0.0015862106968175871,-0.0001524714169449659,0,0,FOLLOWING,1.4998593431913245,0.3500014121452314,0
39.84,15.93536224953852,-0.41394119899228804,-0.058301471227836,17.4328,-0.4989580079735162,0.3491655353038243,0.017634127886528284,0.34916591147810194,0.0161372505941166,1.4998492171936788,0.0015875023540673425,-0.00015078280632119245,0,0,FOLLOWING,1.499860924431333,0.3500021418766109,0
39.872,15.946516658004505,-0.41459031298230736,-0.057784005300253655,17.444,-0.4988304393408015,0.34916476601000457,0.017671230439429506,0.34916496760737553,0.016170810597887525,1.4998509120718928,0.0015887667797725227,-0.0001490879281071944,0,0,FOLLOWING,1.4998625115625397,0.3500030229771427,0
39.904,15.957671376560794,-0.41523364935864043,-0.0572654745047723,17.455199999999998,-0.498695515162999,0.34916417220994767,0.01770801836607561,0.34916419917860797,0.016204087721966035,1.4998526131134553,0.001590003948060928,-0.00014738688654469811,0,0,FOLLOWING,1.4998641044873766,0.35000405539371454,0
39.936,15.968826408498282,-0.41587119645047144,-0.05674588790156433,17.4664,-0.49855323742964414,0.3491637539423151,0.017744491362604167,0.3491636062412033,0.016237081715646758,1.499854320213745,0.0015912138334319217,-0.0001456797862549042,0,0,FOLLOWING,1.4998657031079123,0.3500052390640965,0
39.968,15.979981757085355,-0.4165029426799926,-0.056225254558775944,17.4776,-0.49840360823870494,0.34916351123499295,0.01778064912689676,0.34916318883380065,0.016269792329749868,1.499856033267762,0.0015923964107582636,-0.00014396673223804335,0,0,FOLLOWING,1.4998673073258677,0.3500065739169361,0
40.0,15.99113742556771,-0.4171288765624635,-0.05570358355247862,17.488800000000005,-0.4982466297965508,0.34916344410509503,0.017816491358624537,0.3491629469842351,0.01630221931660771,1.4998577521701575,0.0015935516552906814,-0.00014224782984251227,0,0,FOLLOWING,1.499868917042625,0.3500080598717774,0
40.032000000000004,16.002293417168172,-0.4177489867062707,-0.0551808839666208,17.5,-0.49808230441792034,0.3491635525589573,0.017852017759295395,0.3491628807095881,0.01633436243006667,1.4998594768151958,0.0015946795426607376,-0.00014052318480417547,0,0,FOLLOWING,1.49987053215922,0.3500096968390377,0
40.064,16.013449735086517,-0.4183632618129889,-0.05465716489297725,17.5112,-0.49791063452588674,0.3491638365921446,0.01788722803229723,0.3491629900161794,0.01636622142555342,1.4998612070968194,0.001595780048887295,-0.00013879290318064008,0,0,FOLLOWING,1.4998721525763572,0.35001148472005555,0
40.096000000000004,16.02460638249929,-0.4189716906774418,-0.05413243543109259,17.5224,-0.4977316226518226,0.34916429618945205,0.017922121882945063,0.34916327489951193,0.016397796060258672,1.4998629429086103,0.0015968531503734035,-0.0001370570913896696,0,0,FOLLOWING,1.4998737781944218,0.3500134234070689,0
40.128,16.035763362559617,-0.41957426218776545,-0.053606704688232976,17.533600000000003,-0.4975452714353619,0.34916493132490756,0.017956699018525098,0.34916373534437606,0.01642908609288648,1.4998646841438101,0.001597898823916373,-0.00013531585618986597,0,0,FOLLOWING,1.4998754089134787,0.3500155127832251,0
40.160000000000004,16.04692067839705,-0.42017096532546955,-0.053079981779336816,17.5448,-0.4973515836243621,0.34916574196177214,0.01799095914834265,0.3491643713247557,0.016460091283676287,1.499866430695316,0.0015989170467145541,-0.0001335693046840003,0,0,FOLLOWING,1.499877044633272,0.35001775272258534,0
40.192,16.058078333117372,-0.4207617891655018,-0.05255227582694413,17.555999999999997,-0.4971505620748624,0.34916672805254595,0.018024901983763424,0.3491651828038941,0.01649081139507997,1.4998681824557187,0.0015999077963580119,-0.00013181754428126524,0,0,FOLLOWING,1.4998786852532406,0.35002014309014684,0
40.224000000000004,16.06923632980242,-0.42134672287631214,-0.052023595961157854,17.5672,-0.49694220975104275,0.34916788953897465,0.018058527238261058,0.34916616973421855,0.016521246190754294,1.499869939317285,0.0016008710508487803,-0.00013006068271503857,0,0,FOLLOWING,1.4998803306725295,0.350022683741843,0
40.256,16.080394671509925,-0.4219257557199177,-0.05149395131956698,17.578400000000002,-0.4967265297251792,0.3491692263520524,0.018091834627458978,0.3491673320574778,0.01655139543675992,1.4998717011719533,0.0016018067885853748,-0.00012829882804665793,0,0,FOLLOWING,1.4998819807899804,0.35002537452455,0
40.288000000000004,16.091553361273338,-0.4224988770519679,-0.05096335104720695,17.589599999999997,-0.4965035251775994,0.3491707384120247,0.0181248238691758,0.3491686697046246,0.016581258900396197,1.4998734679113572,0.0016027149883858299,-0.00012653208864277232,0,0,FOLLOWING,1.4998836355041447,0.3500282152760884,0
40.32,16.102712402101652,-0.42306607632181165,-0.05043180429648118,17.6008,-0.4962731993966349,0.34917242562839784,0.018157494683469524,0.349170182595878,0.01661083635141265,1.4998752394268442,0.0016035956294740972,-0.00012476057315580213,0,0,FOLLOWING,1.4998852947132846,0.3500312058252665,0
40.352000000000004,16.11387179697923,-0.42362734307256317,-0.04989932022711363,17.612000000000002,-0.4960355557785737,0.34917428789994914,0.018189846792680778,0.3491718706407037,0.016640127561041995,1.4998770156094563,0.0016044486914955775,-0.00012298439054370114,0,0,FOLLOWING,1.4998869583154049,0.35003434599185546,0
40.384,16.12503154886565,-0.4241826669411701,-0.049365908006083176,17.6232,-0.49579059782760904,0.3491763251147272,0.01822187992147681,0.3491737337378289,0.016669132302569608,1.4998787963499374,0.0016052741545184155,-0.00012120365006262901,0,0,FOLLOWING,1.4998886262082127,0.3500376355866177,0
40.416000000000004,16.136191660695527,-0.4247320376584814,-0.04883157680755387,17.6344,-0.4955383291557885,0.34917853715006586,0.018253593796895534,0.3491757717753142,0.016697850351456132,1.4998805815387661,0.0016060719990310043,-0.00011941846123386668,0,0,FOLLOWING,1.4998902982891722,0.3500410744113131,0
40.448,16.147352135378352,-0.42527544504931625,-0.04829633581281599,17.6456,-0.4952787534829603,0.34918092387259003,0.018284988148387527,0.3491779846304038,0.016726281485008383,1.499882371066141,0.001606842205950934,-0.00011762893385891537,0,0,FOLLOWING,1.4998919744554702,0.35004466225872305,0
40.480000000000004,16.15851297579832,-0.42581287903253323,-0.04776019421021873,17.6568,-0.495011874636719,0.34918348513822794,0.018316062707858904,0.3491803721697553,0.016754425482634564,1.4998841648219887,0.0016075847566265969,-0.00011583517801128096,0,0,FOLLOWING,1.49989365460406,0.3500483989126443,0
40.512,16.16967418481418,-0.4263443296211007,-0.047223161195105,17.668,-0.4947376965523482,0.34918622079221806,0.018346817209716686,0.3491829342492285,0.01678228212578081,1.4998859626959777,0.001608299632843396,-0.00011403730402226309,0,0,FOLLOWING,1.4998953386316298,0.35005228414792217,0
40.544000000000004,16.180835765259065,-0.42686978692216654,-0.04668524596973485,17.679199999999998,-0.4944562232727637,0.34918913066912255,0.018377251390906107,0.34918567071402973,0.016809851198286156,1.4998877645775215,0.001608986816817426,-0.0001122354224785127,0,0,FOLLOWING,1.499897026434639,0.350056317730454,0
40.576,16.191997719940336,-0.42738924113712956,-0.046146457743227676,17.6904,-0.4941674589484524,0.3491922145928369,0.018407364990956212,0.349188581398704,0.01683713248579566,1.499889570355784,0.0016096462912110754,-0.00011042964421603685,0,0,FOLLOWING,1.499898717909306,0.3500604994172094,0
40.608000000000004,16.203160051639415,-0.42790268256171177,-0.045606805731488766,17.7016,-0.4938714078374125,0.34919547237660353,0.018437157752023682,0.3491916661271006,0.016864125776252,1.499891379919683,0.001610278039132926,-0.00010862008031709003,0,0,FOLLOWING,1.4999004129516271,0.3500648289562381,0
40.64,16.21432276311164,-0.4284101015860295,-0.045066299157128134,17.7128,-0.4935680743050898,0.34919890382302343,0.018466629418928727,0.3491949247124399,0.016890830860128034,1.4998931931579127,0.0016108820441316438,-0.00010680684208730362,0,0,FOLLOWING,1.499902111457374,0.3500693060866964,0
40.672000000000004,16.2254858570861,-0.42891148869466633,-0.04452494724940435,17.724000000000004,-0.49325746282431376,0.34920250872406994,0.018495779739203282,0.3491983569572872,0.016917247529660825,1.4998950099589263,0.001611458290214661,-0.00010499004107367149,0,0,FOLLOWING,1.4999038133221052,0.3500739305388563,0
40.704,16.236649336265483,-0.42940683446674693,-0.043982759244134986,17.735200000000003,-0.4929395779752314,0.34920628686110006,0.018524608463127104,0.3492019626535849,0.016943375579878066,1.4998968302109597,0.0016120067618364889,-0.00010316978904034713,0,0,FOLLOWING,1.499905518441162,0.35007870203411967,0
40.736000000000004,16.247813203325926,-0.4298961295760104,-0.043439744383631046,17.746399999999998,-0.49261442444523995,0.34921023800487333,0.018553115343770205,0.3492057415826411,0.016969214807861267,1.499898653802036,0.0016125274439107787,-0.0001013461979639807,0,0,FOLLOWING,1.4999072267096976,0.3500836202850442,0
40.768,16.258977460916864,-0.43037936479088373,-0.042895911916622814,17.7576,-0.49228200702891717,0.3492143619155636,0.018581300137035506,0.3492096935152189,0.016994765013008128,1.4999004806199765,0.0016130203218148662,-9.951938002350502e-05,0,0,FOLLOWING,1.499908938022649,0.3500886849953705,0
40.800000000000004,16.270142111660867,-0.430856530974558,-0.042351271098177524,17.768800000000002,-0.49194233062795145,0.34921865834277915,0.018609162601698474,0.34921381821142455,0.017020025997287785,1.499902310552394,0.0016134853813877803,-9.76894476059087e-05,0,0,FOLLOWING,1.4999106522747874,0.35009389586001877,0
40.832,16.281307158153517,-0.4313276190850622,-0.041805831189616595,17.78,-0.49159540025106885,0.34922312702557334,0.018636702499443675,0.3492181154208765,0.017044997565256344,1.4999041434866978,0.0016139226089278704,-9.585651330223932e-05,0,0,FOLLOWING,1.4999123693606742,0.3500992525651222,0
40.864000000000004,16.292472602963233,-0.4317926201753391,-0.0412596014584515,17.791199999999996,-0.4912412210139597,0.34922776769246566,0.018663919594909945,0.3492225848825402,0.01706967952347558,1.4999059793101237,0.0016143319912114013,-9.40206898762952e-05,0,0,FOLLOWING,1.4999140891747147,0.35010475478803854,0
40.896,16.303638448631144,-0.43225152539332184,-0.040712591178290944,17.8024,-0.4908797981392029,0.34923258006146135,0.018690813655727116,0.3492272263249777,0.01709407168140708,1.4999078179097345,0.0016147135154828893,-9.21820902655135e-05,0,0,FOLLOWING,1.4999158116111362,0.3501104021973933,0
40.928000000000004,16.314804697670944,-0.43270432598201,-0.04016480962876676,17.8136,-0.49051113695618925,0.3492375638400654,0.018717384452557242,0.3492320394660973,0.017118173850826503,1.4999096591723966,0.0016150671694641003,-9.034082760339679e-05,0,0,FOLLOWING,1.4999175365639972,0.3501161944530702,0
40.96,16.325971352568736,-0.4331510132795462,-0.03961626609544678,17.824800000000003,-0.49013524290104216,0.34924271872530555,0.01874363175913195,0.3492370240134147,0.017141985846234015,1.4999115029848253,0.0016153929413532109,-8.849701517466002e-05,0,0,FOLLOWING,1.4999192639272103,0.35012213120624947,0
40.992,16.33713841578291,-0.43359157871929394,-0.039066969869753256,17.836,-0.4897521215165384,0.34924804440374557,0.01876955535229187,0.34924217966392157,0.01716550748467968,1.4999133492335623,0.0016156908198281803,-8.665076643765701e-05,0,0,FOLLOWING,1.499920993594519,0.3501282120994194,0
41.024,16.348305889743994,-0.43402601382991485,-0.038516930248879845,17.8472,-0.4893617784520255,0.3492535405515126,0.01879515501202494,0.3492475061041228,0.017188738585806797,1.499915197805016,0.0016159607940522125,-8.480219498396835e-05,0,0,FOLLOWING,1.4999227254595355,0.3501344367664212,0
41.056,16.359473776854514,-0.43445431023544695,-0.03796615653570956,17.8584,-0.48896421946333923,0.3492592068343136,0.018820430521507073,0.3492530030101479,0.017211678971821694,1.4999170485854283,0.0016162028536782017,-8.295141457170807e-05,0,0,FOLLOWING,1.4999244594157224,0.35014080483245286,0
41.088,16.370642079488857,-0.4348764596553828,-0.037414658038722716,17.8696,-0.48855945041271825,0.34926504290746224,0.018845381667138464,0.3492586700476475,0.017234328467809694,1.499918901460922,0.0016164169888469861,-8.109853907800613e-05,0,0,FOLLOWING,1.4999261953564313,0.35014731591409615,0
41.12,16.38181079999315,-0.43529245390474847,-0.036862444071910035,17.8808,-0.48814747726871754,0.34927104841589485,0.018870008238581884,0.34926450687193733,0.017256686901569618,1.4999207563174737,0.001616603190189858,-7.924368252631986e-05,0,0,FOLLOWING,1.4999279331748598,0.3501539696193521,0
41.152,16.392979940685116,-0.43570228489418267,-0.03630952395468519,17.892,-0.48772830610612106,0.34927722299419756,0.018894310028797812,0.34927051312789825,0.017278754103634324,1.4999226130409336,0.0016167614488319453,-7.738695906644999e-05,0,0,FOLLOWING,1.4999296727641098,0.3501607655476465,0
41.184,16.40414950385394,-0.4361059446300158,-0.0357559070118004,17.9032,-0.4873019431058513,0.34928356626662777,0.018918286834086275,0.3492766884501179,0.01730052990717439,1.4999244715170428,0.0016168917564003962,-7.552848295722114e-05,0,0,FOLLOWING,1.499931414017156,0.35016770328987523,0
41.216,16.41531949176015,-0.43650342521435,-0.03520160257325157,17.914399999999997,-0.4868683945548789,0.34929007784713934,0.018941938454120805,0.349283032462789,0.017322014148323947,1.4999263316314262,0.0016169941050217448,-7.366836857380932e-05,0,0,FOLLOWING,1.4999331568268752,0.350174782428419,0
41.248,16.426489906635485,-0.4368947188451387,-0.03464661997419063,17.9256,-0.4864276668461295,0.3492967573394079,0.018965264691987314,0.34928954477984553,0.01734320666595706,1.4999281932696082,0.001617068487328392,-7.180673039175467e-05,0,0,FOLLOWING,1.4999349010860425,0.3501820025371755,0
41.28,16.437660750682763,-0.43727981781626774,-0.03409096855482493,17.936799999999998,-0.4859797664783897,0.3493036043368546,0.01898826535421863,0.34929622500493823,0.01736410730209242,1.4999300563170057,0.0016171148964526441,-6.994368299428899e-05,0,0,FOLLOWING,1.4999366466873396,0.35018936318157873,0
41.312,16.448832026075763,-0.437658714517635,-0.03353465766033699,17.948,-0.4855247000562109,0.34931061842267397,0.0190109402508324,0.3493030727314607,0.017384715901255354,1.4999319206589616,0.001617133326042651,-6.807934103836288e-05,0,0,FOLLOWING,1.4999383935233657,0.35019686391863736,0
41.344,16.460003734959106,-0.43803140143523167,-0.032977696640782414,17.959200000000003,-0.4850624742898125,0.3493177991698597,0.01903328919536761,0.34931008754259524,0.017405032311160896,1.4999337861807198,0.0016171237702559474,-6.621381928018089e-05,0,0,FOLLOWING,1.4999401414866367,0.35020450429695493,0
41.376,16.471175879448122,-0.438397871151223,-0.03242009485099161,17.9704,-0.48459309599498196,0.3493251461412293,0.019055312004917526,0.3493172690112644,0.017425056382597857,1.4999356527674519,0.0016170862237596222,-6.434723254811203e-05,0,0,FOLLOWING,1.4999418904695896,0.35021228385675574,0
41.408,16.482348461628742,-0.43875811634402984,-0.03186186165048026,17.981599999999997,-0.48411657209297587,0.3493326588894559,0.019077008500165644,0.34932461670029086,0.017444787969150315,1.499937520304263,0.001617020681738572,-6.24796957369167e-05,0,0,FOLLOWING,1.4999436403646091,0.35022020212992255,0
41.44,16.493521483557373,-0.4391121297884096,-0.031303006403351666,17.9928,-0.4836329096104161,0.34934033695709615,0.019098378505422373,0.3493321301623133,0.017464226927454533,1.4999393886762094,0.0016169271398978854,-6.061132379064915e-05,0,0,FOLLOWING,1.4999453910640062,0.3502282586400348,0
41.472,16.504694947260788,-0.4394599043555384,-0.03074353847819836,18.004,-0.4831421156791877,0.34934817987661965,0.019119421848659595,0.349339808939861,0.017483373117223578,1.49994125776827,0.0016168055944636578,-5.874223172996906e-05,0,0,FOLLOWING,1.4999471424600506,0.3502364529023767,0
41.504,16.515868854736006,-0.43980143301309255,-0.03018346724800373,18.0152,-0.48264419753633236,0.3493561871704361,0.01914013836154421,0.3493476525653705,0.017502226401241185,1.4999431274653832,0.0016166560421867135,-5.687253461683639e-05,0,0,FOLLOWING,1.4999488944449535,0.3502447844239821,0
41.536,16.527043207950186,-0.4401367088253308,-0.0296228020900409,18.026399999999995,-0.48213916252394323,0.34936435835092766,0.01916052787947484,0.34935566056123396,0.01752078664545421,1.4999449976524473,0.0016164784803427215,-5.500234755273503e-05,0,0,FOLLOWING,1.4999506469108939,0.35025325270365737,0
41.568,16.538218008840513,-0.44046572495317615,-0.029061552385773216,18.037599999999998,-0.481627018089055,0.349372692920482,0.019180590241612255,0.34936383243978836,0.017539053718917216,1.4999468682143373,0.0016162729067364968,-5.3131785662685616e-05,0,0,FOLLOWING,1.4999523997500153,0.3502618572320358,0
41.6,16.549393259314083,-0.4407884746542981,-0.028499727520755934,18.0488,-0.48110777178353586,0.3493811903715222,0.019200325290917617,0.34937216770340557,0.017557027493758974,1.4999487390358908,0.001616039319705772,-5.126096410923431e-05,0,0,FOLLOWING,1.4999541528544396,0.3502705974915792,0
41.632,16.560568961247817,-0.4411049512831953,-0.027937336884528416,18.060000000000002,-0.4805814312639744,0.3493898501865375,0.019219732874182723,0.34938066584448485,0.017574707845474855,1.499950610001919,0.0016157777181195069,-4.9389998080906494e-05,0,0,FOLLOWING,1.499955906116259,0.3502794729566277,0
41.664,16.571745116488323,-0.4414151482912778,-0.027374389870514514,18.071199999999997,-0.480048004291568,0.3493986718381173,0.01923881284206392,0.34938932634547876,0.01759209465267468,1.499952480997231,0.0016154881013828205,-4.7519002768892094e-05,0,0,FOLLOWING,1.4999576594275623,0.35028848309341937,0
41.696,16.582921726851826,-0.44171905922694943,-0.02681089587591969,18.0824,-0.4795074987320076,0.3494076547889841,0.01925756504911548,0.3493981486789548,0.01760918779718361,1.4999543519066365,0.0016151704694408707,-4.564809336349285e-05,0,0,FOLLOWING,1.4999594126804172,0.35029762736015724,0
41.728,16.59409879412404,-0.4420166777356908,-0.026246864301619387,18.0936,-0.47895992255536224,0.3494167984920316,0.019275989353821566,0.3494071323076178,0.01762598716431328,1.4999562226149334,0.0016148248227736625,-4.377738506655682e-05,0,0,FOLLOWING,1.4999611657669125,0.3503069052070052,0
41.76,16.605276320060092,-0.4423079975601417,-0.025682304552060563,18.1048,-0.47840528383596137,0.3494261023903533,0.019294085618627027,0.3494162766843281,0.017642492642455914,1.499958093006936,0.0016144511624058382,-4.190699306394485e-05,0,0,FOLLOWING,1.4999629185791186,0.35031631607615044,0
41.792,16.616454306384405,-0.44259301254018374,-0.025117226035155146,18.116,-0.47784359075227567,0.349435565917282,0.01931185370997272,0.34942558125213397,0.017658704123328737,1.499959962967466,0.001614049489908585,-4.0037032533968286e-05,0,0,FOLLOWING,1.4999646710091359,0.35032585940181954,0
41.824,16.627632754790604,-0.4428717166130235,-0.02455163816216542,18.1272,-0.4772748515867962,0.34944518849642636,0.019329293498323553,0.3494350454443636,0.01767462150223421,1.4999618323813833,0.0016136198073954042,-3.816761861674678e-05,0,0,FOLLOWING,1.499966422949086,0.3503355346103258,0
41.856,16.638811666941436,-0.4431441038132745,-0.02398555034760583,18.138399999999997,-0.47669907472591333,0.3494549695417042,0.019346404858203197,0.3494446686846024,0.01769024467754229,1.499963701133565,0.0016131621175325024,-3.629886643508051e-05,0,0,FOLLOWING,1.4999681742911073,0.35034534112010257,0
41.888,16.64999104446866,-0.4434101682730406,-0.02341897200912602,18.1496,-0.47611626865979156,0.3494649084573837,0.01936318766822234,0.3494544503867229,0.017705573551277266,1.499965569108939,0.001612676423534621,-3.4430891060921454e-05,0,0,FOLLOWING,1.4999699249273808,0.3503552783417429,0
41.92,16.661170888972975,-0.44366990422199837,-0.022851912567404504,18.1608,-0.47552644198224553,0.34947500463811687,0.01937964181111222,0.3494643899549705,0.017720608028786698,1.4999674361924558,0.0016121627291693639,-3.2563807544239154e-05,0,0,FOLLOWING,1.4999716747501197,0.35036534567802624,0
41.952,16.672351202023915,-0.44392330598748,-0.022284381446037303,18.172000000000004,-0.47492960339061285,0.34948525746898157,0.01939576717375186,0.34947448678399123,0.01773534801889955,1.4999693022691434,0.0016116210387592776,-3.069773085662142e-05,0,0,FOLLOWING,1.499973423651586,0.3503755425239783,0
41.984,16.683531985159764,-0.44417036799455506,-0.021716388071422645,18.1832,-0.47432576168562596,0.3494956663255175,0.01941156364719928,0.34948474025882176,0.017749793434045296,1.4999711672240625,0.0016110513571788582,-2.8832775937459587e-05,0,0,FOLLOWING,1.4999751715240996,0.35038586826687323,0
42.016,16.694713239887488,-0.4444110847661146,-0.021147941872655913,18.194399999999998,-0.47371492577128194,0.3495062305737666,0.019427031126721457,0.34949514975499946,0.01776394418993883,1.4999730309423613,0.0016104536898653846,-2.696905763865942e-05,0,0,FOLLOWING,1.4999769182600275,0.3503963222863171,0
42.048,16.705894967682635,-0.4446454509229517,-0.020579052281412952,18.2056,-0.47309710465471205,0.34951694957031615,0.01944216951182417,0.34950571463849933,0.017777800205939817,1.499974893309252,0.0016098280428151514,-2.5106690747955795e-05,0,0,FOLLOWING,1.4999786637518178,0.3504069039542567,0
42.08,16.717077169989253,-0.44487346118384535,-0.020009728731835714,18.216800000000003,-0.4724723074460477,0.34952782266233745,0.01945697870627999,0.349516434265905,0.017791361404982723,1.4999767542100304,0.0016091744225865017,-2.324578996959481e-05,0,0,FOLLOWING,1.499980407891986,0.35041761263503024,0
42.112,16.728259848219828,-0.44509511036564176,-0.019439980660416252,18.227999999999998,-0.47184054335828784,0.3495388491876258,0.019471458618158504,0.3495273079843768,0.017804627713626692,1.4999786135300632,0.00160849283629836,-2.1386469936768293e-05,0,0,FOLLOWING,1.4999821505731248,0.3504284476853966,0
42.144,16.739443003755188,-0.44531039338333644,-0.018869817505885265,18.239199999999997,-0.47120182170716113,0.34955002847464556,0.019485609159852757,0.34953833513165583,0.017817599061913884,1.4999804711548415,0.001607783291637792,-1.952884515854514e-05,0,0,FOLLOWING,1.4999838916879222,0.3504394084545929,0
42.176,16.750626637944443,-0.44551930525015615,-0.018299248709092372,18.2504,-0.4705561519109903,0.3495613598425706,0.01949943024810846,0.3495495150362143,0.01783027538362774,1.4999823269699364,0.0016070457968561484,-1.7673030063614092e-05,0,0,FOLLOWING,1.4999856311291495,0.35045049428436714,0
42.208,16.761810752104903,-0.4457218410776413,-0.017728283712887503,18.2616,-0.46990354349055197,0.34957284260132815,0.019512921804049437,0.34956084701718304,0.017842656616258824,1.4999841808610284,0.001606280360770755,-1.581913897164e-05,0,0,FOLLOWING,1.4999873687896812,0.35046170450901715,0
42.24,16.77299534752201,-0.44591799607572613,-0.017156931962013237,18.272799999999997,-0.4692440060689372,0.34958447605164095,0.019526083753209043,0.34957233038447766,0.017854742700661546,1.4999860327139114,0.0016054869927747354,-1.3967286088600872e-05,0,0,FOLLOWING,1.4999891045625002,0.35047303845543,0
42.272,16.78418042544926,-0.4461077655528213,-0.01658520290297552,18.284,-0.4685775493714086,0.34959625948507494,0.019538916025555193,0.34958396443876677,0.01786653358173077,1.4999878824145252,0.0016046657028293762,-1.2117585474813453e-05,0,0,FOLLOWING,1.4999908383407043,0.35048449544314103,0
42.304,16.79536598710816,-0.4462911449158946,-0.016013105983927294,18.2952,-0.46790418322525873,0.34960819218408207,0.01955141855551585,0.3495957484716342,0.01787802920799771,1.4999897298489109,0.0016038165014665429,-1.0270151089120105e-05,0,0,FOLLOWING,1.499992570017508,0.35049607478436046,0
42.336,16.80655203368813,-0.446468129670551,-0.01544065065455084,18.3064,-0.46722391755966264,0.34962027342204255,0.01956359128200585,0.34960768176548135,0.017889229531669614,1.4999915749032546,0.001602939399793427,-8.425096745368066e-06,0,0,FOLLOWING,1.4999942994862459,0.35050777578401665,0
42.368,16.817738566346467,-0.4466387154211139,-0.014867846365938128,18.3176,-0.4665367624055337,0.3496325024633174,0.019575434148454345,0.34961976359365465,0.017900134508695143,1.4999934174638974,0.0016020344094940676,-6.58253610263948e-06,0,0,FOLLOWING,1.4999960266404029,0.35051959773981123,0
42.4,16.828925586208268,-0.44680289787070593,-0.01429470257046504,18.3288,-0.4658427278953743,0.34964487856329013,0.019586947102828687,0.349631993220535,0.017910744098950868,1.499995257417324,0.0016011015428270931,-4.742582675909546e-06,0,0,FOLLOWING,1.4999977513735836,0.35053153994226327,0
42.432,16.840113094366377,-0.446960672821328,-0.01372122872167211,18.34,-0.46514182426312717,0.349657400968417,0.019598130097659885,0.34964436990145387,0.01792105826604145,1.4999970946501713,0.0016001408126283968,-2.9053498287190394e-06,0,0,FOLLOWING,1.499999473579557,0.35054360167473764,0
42.464,16.851301091881332,-0.4471120361739397,-0.013147434274140911,18.3512,-0.4644340618440243,0.3496700689162704,0.019608983090067273,0.3496568928828465,0.01793107697743452,1.4999989290492453,0.0015991522323122054,-1.070950754744615e-06,0,0,FOLLOWING,1.500001193152224,0.35055578221350947,0
42.496,16.862489579781293,-0.44725698392853774,-0.01257332868337552,18.362399999999997,-0.4637194510744345,0.3496828816355935,0.019619506041784383,0.34966956140226235,0.01794080020430184,1.5000007605015335,0.0015981358158763826,7.605015335254706e-07,0,0,FOLLOWING,1.5000029099856726,0.3505680808277959,0
42.528,16.873678559062007,-0.4473955121842362,-0.011998921405674311,18.3736,-0.46299800249170914,0.34969583834634493,0.019629698919183584,0.3496823746884354,0.0179502279218213,1.5000025888941986,0.001597091577900129,2.58889419857411e-06,0,0,FOLLOWING,1.500004623974135,0.3505804967798163,0
42.56,16.884868030686757,-0.4475276171393442,-0.011424221898004513,18.3848,-0.4622697267340276,0.34970893825974736,0.019639561693298033,0.3496953319612821,0.017959360109091268,1.5000044141145719,0.0015960195335430315,4.414114571860139e-06,0,0,FOLLOWING,1.500006335012023,0.3505930293248188,0
42.592,16.896057995586297,-0.44765329509144464,-0.010849239617876524,18.396,-0.4615346345402394,0.3497221805783394,0.019649094339845324,0.34970843243203686,0.01796819674913757,1.5000062360502016,0.001594919698546849,6.23605020155793e-06,0,0,FOLLOWING,1.5000080429939235,0.35060567771115,0
42.624,16.907248454658816,-0.447772542437472,-0.010273984023223227,18.407200000000003,-0.4607927367497069,0.34973556449602655,0.01965829683925276,0.349721675303186,0.01797673782875744,1.5000080545888221,0.0015937920892407052,8.054588822137276e-06,0,0,FOLLOWING,1.5000097478146197,0.35061844118028235,0
42.656,16.918439408769892,-0.4478853556737896,-0.009698464572269055,18.418400000000002,-0.46004404430214463,0.34974908919812975,0.019667169176677116,0.34973505976859276,0.017984983338840122,1.5000098696183777,0.0015926367225380916,9.86961837767808e-06,0,0,FOLLOWING,1.5000114493690762,0.3506313189668735,0
42.688,16.929630858752443,-0.447991731396267,-0.009122690723404074,18.429599999999997,-0.45928856823745856,0.3497627538614394,0.019675711342029268,0.3497485850135995,0.017992933274209123,1.5000116810270319,0.0015914536159388794,1.1681027031862357e-05,0,0,FOLLOWING,1.5000131475524674,0.35064431029880555,0
42.72,16.9408228054067,-0.44809166630035624,-0.008546671935053192,18.4408,-0.45852631969558255,0.34977655765426735,0.019683923329995544,0.3497622502149683,0.018000587633775954,1.5000134887031724,0.0015902427875273536,1.3488703172415129e-05,0,0,FOLLOWING,1.5000148422601636,0.35065741439725623,0
42.752,16.952015249500157,-0.4481851571811677,-0.007970417665559256,18.452,-0.45775730991631525,0.34979049973649823,0.019691805140059613,0.34977605454100175,0.01800794642010461,1.5000152925354018,0.001589004255983468,1.529253540177855e-05,0,0,FOLLOWING,1.5000165333877498,0.3506706304767172,0
42.784,16.96320819178656,-0.44827224174750185,-0.007394128383537622,18.4632,-0.45698155023915293,0.34980457867364967,0.01969945739182243,0.34979000716768255,0.018009040562987563,1.5000170921565628,0.0015879562595298383,1.7092156562759087e-05,0,0,FOLLOWING,1.5000182205698023,0.3506839577450571,0
42.816,16.9744016329194,-0.4483528735856729,-0.006817600950922967,18.474399999999996,-0.45619905210312367,0.3498187938893017,0.019706851056996065,0.34980408502928884,0.018016482769590347,1.5000188878016785,0.0015868572844040623,1.888780167846882e-05,0,0,FOLLOWING,1.5000199040538682,0.3506973954035689,0
42.848,16.98559557354951,-0.4484270496556802,-0.006240846309862542,18.485599999999998,-0.4554098270466177,0.34983314464579335,0.01971396303006184,0.34981829897449473,0.018023583033867446,1.5000206793745041,0.0015857087462036266,2.067937450411783e-05,0,0,FOLLOWING,1.500021583750626,0.3507109426470363,0
42.88,16.996790014311006,-0.44849476780178277,-0.005663875500451894,18.4968,-0.454613886707218,0.34984763016939907,0.01972077532322578,0.3498326487781238,0.018030338295170683,1.5000224667593731,0.0015845126824608246,2.2466759373118705e-05,0,0,FOLLOWING,1.5000232595512466,0.35072459866375927,0
42.912,17.007984955809253,-0.44855602583801857,-0.005086699494222445,18.508000000000003,-0.4538112428215276,0.34986224965524804,0.01972727407119379,0.3498471336403843,0.018036750696128256,1.500024249838689,0.001583270976635633,2.424983868909436e-05,0,0,FOLLOWING,1.500024931344948,0.3507383626356221,0
42.944,17.01918039861855,-0.44861082155162874,-0.004509329192075898,18.519199999999998,-0.453001907224998,0.3498770022715058,0.019733448716396634,0.3498617526921187,0.018042822443911415,1.5000260284948237,0.0015819853584264731,2.6028494823693293e-05,0,0,FOLLOWING,1.500026599020936,0.35075223373812736,0
42.976,17.0303763432814,-0.4486591527310951,-0.003931775421899143,18.5304,-0.452185891851753,0.34989188716290526,0.019739291348773357,0.34987650504728784,0.018048555820226936,1.5000278026104268,0.0015806574201651697,2.780261042678589e-05,0,0,FOLLOWING,1.5000282624686525,0.3507662111404759,0
43.008,17.041572790308106,-0.44870101718893346,-0.0033540489365438,18.5416,-0.4513632087344148,0.34990690345369585,0.01974479617077643,0.34989138980818907,0.018053953169922064,1.500029572068455,0.001579288630077832,2.957206845510818e-05,0,0,FOLLOWING,1.5000299215778752,0.35078029400558786,0
43.04,17.052769740176398,-0.4487364127795067,-0.002776160412375504,18.5528,-0.45053387000392414,0.34992205025011713,0.019749959063759686,0.3499064060663235,0.018059016883179894,1.5000313367523161,0.0015778803427983193,3.133675231614674e-05,0,0,FOLLOWING,1.5000315762387888,0.35079448149018033,0
43.072,17.06396719333119,-0.44876533741290886,-0.0021981204485233942,18.564,-0.4496978878893635,0.34993732664246824,0.01975477723658534,0.3499215529027818,0.018063749373637958,1.500033096545905,0.001576433807959995,3.309654590499811e-05,0,0,FOLLOWING,1.5000332263420757,0.35080877274480066,0
43.104,17.075165150184386,-0.4487877890657754,-0.0016199395668412997,18.5752,-0.44885527471777525,0.34995273170683705,0.0197592489410147,0.34993682938862325,0.018068153056147,1.500034851333682,0.0015749501774530192,3.485133368208437e-05,0,0,FOLLOWING,1.5000348717789524,0.3508231669138907,0
43.136,17.0863636111147,-0.44880376578969566,-0.0010416282125534325,18.586399999999998,-0.44800604291398133,0.34996826450655133,0.019763373241412592,0.3499522345852791,0.018072230325380804,1.5000366010007335,0.0015734305117661995,3.660100073354933e-05,0,0,FOLLOWING,1.5000365124412471,0.35083766313583725,0
43.168,17.09756257646755,-0.44881326571774727,-0.0004631967555504143,18.5976,-0.4471502050003982,0.3499839240933906,0.019767149828693122,0.34996776754492986,0.018075983535512485,1.5000383454328168,0.001571875785729755,3.83454328167776e-05,0,0,FOLLOWING,1.5000381482214367,0.350852260543029,0
43.2,17.10876204655496,-0.44881628706956844,0.00011534450778797021,18.6088,-0.44628777359685473,0.3499997095085993,0.019770578870325888,0.3499834273109941,0.018079414983754493,1.5000400845163966,0.0015702868938083875,4.0084516396587944e-05,0,0,FOLLOWING,1.5000397790126987,0.3508669582618994,0
43.232,17.119962021655525,-0.4488128281552851,0.0006939853522893654,18.620000000000005,-0.44541876142040315,0.3500156197837278,0.019773660889758047,0.34999921291840175,0.01808252689533809,1.5000418181386797,0.0015686646551156041,4.181813867965012e-05,0,0,FOLLOWING,1.5000414047089063,0.35088175541300354,0
43.264,17.131162502014323,-0.4488028873785449,0.0012727156213210608,18.6312,-0.4445431812851341,0.35003165394133634,0.01977639666984526,0.3500151233939416,0.018085321412126452,1.50004354618762,0.0015670098181944122,4.3546187620036036e-05,0,0,FOLLOWING,1.5000430252046915,0.35089665111103663,0
43.296,17.14236348784293,-0.44878646323885285,0.0018515252238465172,18.6424,-0.4436610461019857,0.3500478109955806,0.01977878717586516,0.35003115775665106,0.018087800583999412,1.5000452685519778,0.0015653230656119007,4.526855197783952e-05,0,0,FOLLOWING,1.5000446403954317,0.3509116444649341,0
43.328,17.153564979319395,-0.4487635543333611,0.0024304041312518737,18.6536,-0.4427723688785548,0.3500640899526946,0.01978083349452299,0.35004731501808084,0.018089966361665186,1.500046985121273,0.0015636050184185835,4.698512127299104e-05,0,0,FOLLOWING,1.5000462501772678,0.3509267345778961,0
43.36,17.16476697658824,-0.44873415935823174,0.003009342374057307,18.664800000000003,-0.4418771627189041,0.35008048981138984,0.01978253678597576,0.3500635941824496,0.018091820593062278,1.5000486957858226,0.0015618562404407783,4.869578582256118e-05,0,0,FOLLOWING,1.500047854447102,0.3509419205474547,0
43.392,17.17596947976048,-0.4486982771096668,0.0035883300385564274,18.676,-0.44097544082336954,0.3500970095631834,0.019783898246465193,0.3500799942470854,0.01809336502111007,1.500050400436715,0.0015600772424231722,5.0400436715003494e-05,0,0,FOLLOWING,1.5000494531025979,0.3509572014655192,0
43.424,17.187172488913642,-0.4486559064846783,0.004167357263425733,18.687199999999997,-0.44006721648836483,0.3501136481926665,0.0197849190795668,0.350096514202382,0.01809460128277382,1.500052098965825,0.001558268486029666,5.2098965825031485e-05,0,0,FOLLOWING,1.5000510460421586,0.35097257641844865,0
43.456,17.198376004091784,-0.4486070464816552,0.004746414236376356,18.6984,-0.4391525031061866,0.3501304046777285,0.019785600474425756,0.35011315303212553,0.01809553091038561,1.5000537912657956,0.0015564303876664475,5.379126579563298e-05,0,0,FOLLOWING,1.500052633164942,0.35098804448710097,0
43.488,17.209580025305545,-0.4485516962007743,0.005325491190867208,18.709600000000002,-0.43823131416481553,0.35014727798973133,0.01978594358963193,0.35012990971364827,0.018096155333563586,1.5000554772300012,0.0015545633221420452,5.547723000121074e-05,0,0,FOLLOWING,1.5000542143708135,0.35100360474688724,0
43.52,17.220784552532155,-0.44848985484428944,0.005904578402907255,18.720799999999997,-0.4373036632477188,0.3501642670936582,0.019785949541647106,0.35014678321782405,0.018096475881996723,1.5000571567525636,0.0015526676261567625,5.715675256356967e-05,0,0,FOLLOWING,1.5000557895603641,0.35101925626782593,0
43.552,17.23198958571551,-0.44842152171672733,0.0064836661879885266,18.732,-0.4363695640336489,0.3501813709482292,0.019785619396858956,0.3501637725093621,0.018096493789531026,1.5000588297283273,0.0015507436016009516,5.882972832726985e-05,0,0,FOLLOWING,1.5000573586348596,0.35103499811461775,0
43.584,17.243195124766185,-0.4483466962250139,0.007062744898143739,18.7432,-0.43542903029644264,0.35019858850599916,0.019784954166540324,0.3501808765466975,0.018096210198062603,1.5000604960528292,0.0015487915186829654,6.049605282920645e-05,0,0,FOLLOWING,1.5000589214962545,0.35105082934668685,0
43.616,17.254401169561497,-0.4482653778785462,0.007641804919159771,18.7544,-0.4344820759048167,0.35021591871342966,0.01978395480408896,0.35019809428223503,0.01809562616240943,1.5000621556222853,0.0015468116188670099,6.215562228528704e-05,0,0,FOLLOWING,1.500060478047142,0.3510667490182392,0
43.648,17.265607719945546,-0.44817756628922656,0.008220836667947729,18.7656,-0.43352871482216504,0.35023336051095705,0.01978262220405785,0.35021542466227884,0.018094742655203288,1.500063808333586,0.0015448041176279043,6.38083335859907e-05,0,0,FOLLOWING,1.5000620281907686,0.3510827561783324,0
43.68,17.27681477570922,-0.4480833019863855,0.008800021604148578,18.7768,-0.4325689611063509,0.3502509135365952,0.019780879651765757,0.35023285478868194,0.018099529763793986,1.5000654545264382,0.0015426054001195112,6.545452643824667e-05,0,0,FOLLOWING,1.5000635722681739,0.3510988498709344,0
43.712,17.28802233664421,-0.44798253676350513,0.009379138198070154,18.788,-0.43160282890950225,0.3502685764501065,0.019778749733800893,0.35025040843789823,0.018097394067355176,1.5000670936313736,0.0015403956262137562,6.70936313735826e-05,0,0,FOLLOWING,1.5000651097220774,0.35111502913496645,0
43.744,17.299230402519974,-0.4478752709104156,0.009958178886039663,18.7992,-0.4306303324777998,0.3502863480257068,0.019776250229040098,0.3502680724429946,0.018095022005857615,1.5000687255142453,0.001538173255186558,6.872551424530471e-05,0,0,FOLLOWING,1.5000666404245377,0.3511312930043815,0
43.776,17.310438973057686,-0.44776150565213285,0.010537136073706679,18.810399999999998,-0.4296514861512697,0.35030422706299164,0.01977339523304542,0.35028584496692056,0.01809241262093782,1.5000703500676753,0.001535937337521262,7.03500676753066e-05,0,0,FOLLOWING,1.5000681642742701,0.35114764050821046,0
43.808,17.32164804794086,-0.44764124212402895,0.011116001984454572,18.8216,-0.4286663043635702,0.3503222123819859,0.019770195859714415,0.35030372478209365,0.018089560216776285,1.500071967189919,0.0015336869835108676,7.196718991897555e-05,0,0,FOLLOWING,1.5000696811755991,0.35116407067063615,0
43.84,17.33285762681751,-0.44751448137801814,0.011694768688734388,18.8328,-0.4276748016417805,0.35034030281835987,0.019766660803874063,0.3503217107305151,0.01808646001422832,1.5000735767822697,0.0015314213381685138,7.357678226971309e-05,0,0,FOLLOWING,1.5000711910359064,0.3511805825110338,0
43.872,17.34406770930088,-0.4473812244169395,0.012273428127214703,18.844,-0.42667699260618447,0.35035849721942486,0.01976279680087008,0.35033980167092765,0.018083107957583746,1.500075178748314,0.0015291395811123463,7.517874831397542e-05,0,0,FOLLOWING,1.5000726937648259,0.3511971750440543,0
43.904,17.355278294969995,-0.447241472223347,0.012851972128804618,18.855200000000004,-0.42567289197005787,0.3503767944408255,0.01975860900264021,0.35035799647059984,0.018079500554352167,1.5000767729933924,0.0015268409278467142,7.677299339237109e-05,0,0,FOLLOWING,1.5000741892737552,0.3512138472796652,0
43.936,17.366489383370087,-0.44709522578276656,0.013430392424860717,18.866400000000002,-0.4246625145394481,0.35039519334380786,0.019754101285619028,0.3503762940019639,0.018075634756012756,1.5000783594242195,0.0015245246311755662,7.835942421952069e-05,0,0,FOLLOWING,1.5000756774754331,0.3512305982232232,0
43.968,17.37770097401295,-0.4469424861024462,0.01400868066050318,18.877599999999997,-0.42364587521295877,0.3504136927929767,0.019749276502912534,0.35039469314038596,0.018071507867673045,1.5000799379485856,0.001522189982498803,7.993794858562886e-05,0,0,FOLLOWING,1.5000771582836592,0.35124742687552685,0
44.0,17.388913066377253,-0.446783254226466,0.014586828403803999,18.8888,-0.4226229889815279,0.35043229165445156,0.019744136690802785,0.35041319276216726,0.018067117481574146,1.5000815084751074,0.001519836312814717,8.150847510735026e-05,0,0,FOLLOWING,1.5000786316130212,0.3512643322329006,0
44.032000000000004,17.400125659908795,-0.44661753124791426,0.015164827153368874,18.900000000000002,-0.4215938709282086,0.3504509887943536,0.019738683237783248,0.35043179174316075,0.01806246142689162,1.5000830709130175,0.0015174629933712071,8.307091301751335e-05,0,0,FOLLOWING,1.500080097378716,0.351281313287226,0
44.064,17.411338754020708,-0.44644531831870127,0.015742668344720247,18.9112,-0.4205585362279447,0.35046978307757587,0.019732917022810683,0.3504504889575683,0.018057537732271818,1.5000846251720508,0.0015150694359439693,8.462517205076736e-05,0,0,FOLLOWING,1.5000815554964098,0.3512983690260175,0
44.096000000000004,17.422552348093646,-0.4462666166574729,0.016320343355792976,18.922399999999996,-0.4195170001473497,0.350488673366783,0.019726838528226962,0.35046928327700516,0.018052344598100414,1.5000861711623206,0.0015126550927335447,8.617116232056965e-05,0,0,FOLLOWING,1.5000830058821202,0.35131549843248233,0
44.128,17.433766441475946,-0.44608142755599695,0.01689784351176346,18.9336,-0.4184692780444785,0.35050765852160354,0.01972044793182172,0.35048817356964534,0.0180468803756741,1.5000877087942455,0.0015102194559154028,8.770879424546685e-05,0,0,FOLLOWING,1.500084448452118,0.35133270048559906,0
44.160000000000004,17.44498103348375,-0.4458897523843258,0.017475160089354298,18.9448,-0.4174153853686036,0.35052673739798607,0.019713745181723356,0.35050715869979826,0.018041143550811465,1.5000892379784685,0.0015077620568960009,8.923797846849268e-05,0,0,FOLLOWING,1.5000858831228998,0.35134997416015606,0
44.192,17.456196123401117,-0.445691592594979,0.01805228432075716,18.956000000000003,-0.41635533765998534,0.3505459088476859,0.01970673005711928,0.35052623752720297,0.01803513273191871,1.5000907586258432,0.0015052824653008744,9.075862584317917e-05,0,0,FOLLOWING,1.500087309811119,0.3513673184268306,0
44.224000000000004,17.467411710480132,-0.4454869497263365,0.018629207397246834,18.9672,-0.4152891505496441,0.35056517171786666,0.019699402217308978,0.3505454089067888,0.018028846640343658,1.50009227064739,0.0015027802877443863,9.227064739003588e-05,0,0,FOLLOWING,1.500088728433586,0.35138473225223565,0
44.256,17.478627793940976,-0.4452758254054059,0.019205920472549893,18.9784,-0.4142168397591293,0.35058452485079555,0.019691761241131468,0.3505646716883941,0.01802228410270349,1.5000937739543243,0.0015002551664289009,9.377395432430546e-05,0,0,FOLLOWING,1.5000901389072356,0.35140221459901094,0
44.288000000000004,17.48984437297203,-0.4450582213500837,0.01978241466601015,18.9896,-0.4131384211002878,0.3506039670836127,0.019683806658471942,0.35058402471649003,0.018015444044536203,1.5000952684579887,0.0014977067776119765,9.526845798868422e-05,0,0,FOLLOWING,1.5000915411491365,0.35141976442585593,0
44.32,17.501061446729906,-0.4448341393710123,0.020358681065578338,19.0008,-0.4120539104750297,0.3506234972481705,0.019675537975248385,0.35060346683005417,0.01800832548480819,1.5000967540699337,0.0014951348299791258,9.675406993370217e-05,0,0,FOLLOWING,1.5000929350764978,0.35143738068761887,0
44.352000000000004,17.51227901433956,-0.44460358137311323,0.020934710730660375,19.012,-0.41096332387509565,0.3506431141709207,0.01966695469303106,0.3506229968625077,0.018000927531493478,1.5000982307018633,0.0014925390629437797,9.823070186332217e-05,0,0,FOLLOWING,1.5000943206066728,0.351455062335341,0
44.384,17.523497074894316,-0.4443665493568594,0.021510494694822316,19.0232,-0.40986667738181926,0.35066281667284976,0.01965805632426962,0.35064261364158095,0.017993249377096086,1.500099698265698,0.0014899192449177243,9.969826569800055e-05,0,0,FOLLOWING,1.5000956976571806,0.35147280831633226,0
44.416000000000004,17.53471562745594,-0.4441230454193371,0.02208602396836963,19.034399999999998,-0.4087639871658914,0.35068260356945175,0.01964884240391444,0.3506623159893418,0.01798529029472304,1.5001011566735858,0.0014872751715670485,0.00010115667358578939,0,0,FOLLOWING,1.5000970661457365,0.35149061757423244,0
44.448,17.545934671054706,-0.4438730717551374,0.022661289540812694,19.0456,-0.40765526948712094,0.3507024736707301,0.01963931249809904,0.35068210272215666,0.017977049634526125,1.5001026058379217,0.0014846066640701282,0.00010260583792165434,0,0,FOLLOWING,1.5000984259902614,0.351508489049079,0
44.480000000000004,17.55715420468944,-0.443616630657108,0.023236282383204816,19.0568,-0.40654054069419543,0.3507224257812214,0.019629466210429197,0.3507019726508236,0.017968526819723437,1.5001040456713592,0.0014819135674106615,0.00010404567135924303,0,0,FOLLOWING,1.5000997771089135,0.3515264216773604,0
44.512,17.5683742273276,-0.4433537245169938,0.023810993450386987,19.068000000000005,-0.4054198172244391,0.35074245870004256,0.01961930318633086,0.3507219245804786,0.017959721343679503,1.500105476086862,0.0014791957486908062,0.00010547608686195531,0,0,FOLLOWING,1.500101119420098,0.35154441439210327,0
44.544000000000004,17.57959473790531,-0.4430843558259817,0.024385413683102097,19.0792,-0.40429311560357206,0.3507625712209523,0.01960882311584141,0.3507419573107931,0.017950632765827944,1.5001068969977027,0.0014764530955112506,0.00010689699770272121,0,0,FOLLOWING,1.5001024528425237,0.35156246612290165,0
44.576,17.590815735327457,-0.4428085271751699,0.024959534010010366,19.0904,-0.40316045244546467,0.35078276213242776,0.019598025735146983,0.3507620696359415,0.017941260708586603,1.500108308317523,0.0014736855144019505,0.0001083083175230648,0,0,FOLLOWING,1.5001037772951948,0.35158057579602636,0
44.608000000000004,17.602037218467718,-0.44252624125597073,0.025533345349609486,19.1016,-0.4020218444518952,0.35080303021775416,0.01958691082712684,0.3507822603447293,0.017931604854375036,1.5001097099603418,0.0014708929293028616,0.00010970996034176395,0,0,FOLLOWING,1.500105092697479,0.3515987423344601,0
44.64,17.613259186168662,-0.44223750086046,0.0261068386120265,19.112800000000004,-0.4008773084123003,0.3508233742551123,0.019575478221124796,0.35080252822078073,0.017921664941611633,1.500111101840564,0.0014680752801418324,0.00011110184056395411,0,0,FOLLOWING,1.5001063989690808,0.35161696465797415,0
44.672000000000004,17.624481637241804,-0.4419423088816797,0.0266800047007272,19.124,-0.3997268612035304,0.35084379301768054,0.01956372779211277,0.35082287204252377,0.01791144076213142,1.500112483873021,0.0014652325214605038,0.00011248387302109641,0,0,FOLLOWING,1.5001076960301059,0.351635241683183,0
44.704,17.635704570467666,-0.4416406683139012,0.027252834514115844,19.135199999999998,-0.3985705197895985,0.35086428527374225,0.019551659459401925,0.35084329058330954,0.017900932157762613,1.5001138559730245,0.00146236462112765,0.00011385597302449035,0,0,FOLLOWING,1.5001089838010797,0.3516535723236268,0
44.736000000000004,17.646927984595884,-0.44133258225285443,0.027825318947030324,19.1464,-0.3974083012214321,0.35088484978678997,0.01953927318501651,0.35086378261163514,0.01789013901705533,1.5001152180563362,0.0014594715591339166,0.00011521805633618598,0,0,FOLLOWING,1.5001102622029483,0.35167195548982916,0
44.768,17.658151878345254,-0.44101805389592624,0.02839744889216468,19.157600000000002,-0.39624022263661945,0.3509054853156375,0.01952656897182337,0.35088434689107956,0.01787906127301423,1.5001165700392214,0.0014565533264412449,0.00011657003922138642,0,0,FOLLOWING,1.5001115311571247,0.3516903900893607,0
44.800000000000004,17.669376250403847,-0.440697086542334,0.028969215241370326,19.168799999999997,-0.3950663012591601,0.35092619061452623,0.019513546861505502,0.3509049821805919,0.017867698899308438,1.5001179118384458,0.0014536099239352493,0.00011791183844578335,0,0,FOLLOWING,1.500112790585485,0.35170887502690235,0
44.832,17.680601099429058,-0.44036968359327583,0.029540608886891945,19.18,-0.39388655439920695,0.3509469644332428,0.019500206932438344,0.3509256872344976,0.01785605190822624,1.5001192433713466,0.001450641361431703,0.00011924337134661123,0,0,FOLLOWING,1.500114040410415,0.3517274092043286,0
44.864000000000004,17.691826424047722,-0.44003584855206074,0.03011162072250459,19.191200000000002,-0.3927009994528145,0.3509678055172286,0.019486549297520424,0.3509464608026498,0.017844120347593022,1.500120564555788,0.0014476476567669982,0.00012056455578801639,0,0,FOLLOWING,1.5001152805548112,0.3517459915207576,0
44.896,17.703052222856197,-0.4396955850242203,0.03068224164457027,19.2024,-0.39150965390167974,0.3509887126076856,0.01947257410200582,0.35096730163055917,0.017831904298250732,1.5001218753102068,0.0014446288349597158,0.0001218753102067982,0,0,FOLLOWING,1.5001165109420866,0.35176462087261745,0
44.928000000000004,17.71427849442046,-0.439348896717605,0.031252462553027376,19.2136,-0.39031253531288634,0.35100968444169267,0.019458281521359904,0.350988208459463,0.017819403871961098,1.5001231755536328,0.0014415849274278872,0.00012317555363283716,0,0,FOLLOWING,1.5001177314962126,0.35178329615372467,0
44.96,17.725505237276188,-0.438995787442466,0.031822274352292276,19.224800000000002,-0.38910966133864444,0.3510307197523123,0.019443671759175867,0.35100918002649806,0.017806619208661608,1.5001244652057053,0.0014385159712873366,0.00012446520570530417,0,0,FOLLOWING,1.5001189421417138,0.35180201625535074,0
44.992000000000004,17.736732449928883,-0.4386362611115233,0.03239166795209551,19.236,-0.387901049716031,0.3510518172686996,0.019428745045166253,0.3510302150647341,0.0177935504744196,1.5001257441866649,0.001435422008707027,0.00012574418666488896,0,0,FOLLOWING,1.5001201428036988,0.3518207800662726,0
45.024,17.747960130853958,-0.4382703217400239,0.03296063426826439,19.2472,-0.3866867182667272,0.35107297571620605,0.019413501633236012,0.35105131230335096,0.017780197859759844,1.5001270124173918,0.0014323030863120298,0.00012701241739176972,0,0,FOLLOWING,1.5001213334078474,0.3518395864728595,0
45.056,17.759188278496847,-0.4378979734457878,0.03352916422342358,19.258399999999998,-0.38546668489675723,0.35109419381648677,0.019397941799662713,0.35107247046772677,0.017766561577099434,1.5001282698194025,0.001429159254660993,0.00012826981940250448,0,0,FOLLOWING,1.5001225138804475,0.3518584343591289,0
45.088,17.770416891273115,-0.43751922044924624,0.03409724874765857,19.269599999999997,-0.3842409675962229,0.3511154702876027,0.019382065841374464,0.35109368827955484,0.017752641859590176,1.5001295163148645,0.0014259905677579468,0.00012951631486446402,0,0,FOLLOWING,1.500123684148394,0.35187732260681387,0
45.12,17.78164596756856,-0.43713406707347024,0.034664878779111716,19.2808,-0.38300958443903843,0.35113680384412266,0.0193658740743437,0.3511149644568971,0.01773843895900737,1.5001307518266151,0.0014227970826250214,0.00013075182661514972,0,0,FOLLOWING,1.500124844139195,0.35189625009544184,0
45.152,17.792875505739342,-0.4367425177441914,0.03523204526453539,19.291999999999998,-0.38177255358266615,0.35115819319722336,0.01934936683208398,0.35113629771431143,0.01772395314441516,1.5001319762781493,0.0014195788589133618,0.000131976278149315,0,0,FOLLOWING,1.5001259937809956,0.3519152157023826,0
45.184,17.804105504112087,-0.4363445769898171,0.03579873915979784,19.303200000000004,-0.3805298932678449,0.35117963705478616,0.01933254446426326,0.35115768676300396,0.017709184700686165,1.5001331895936545,0.0014163359585614016,0.00013318959365449246,0,0,FOLLOWING,1.5001271330025585,0.35193421830294097,0
45.216,17.815335960983997,-0.43594024944143817,0.03636495143034942,19.3144,-0.37928162181832475,0.3512011341214978,0.019315407335421537,0.35117913031088516,0.01769413392725924,1.5001343916979917,0.0014130684454853467,0.00013439169799167594,0,0,FOLLOWING,1.5001282617333174,0.3519532567703912,0
45.248,17.826566874622998,-0.43552953983283077,0.036930673051645345,19.325599999999998,-0.37802775764059404,0.3512226830989409,0.019297955823796308,0.3512006270625945,0.017678801136787305,1.500135582516734,0.0014097763853127834,0.00013558251673395638,0,0,FOLLOWING,1.500129379903327,0.35197232997608086,0
45.28,17.837798243267834,-0.4351124530004537,0.03749589500954028,19.3368,-0.3767683192236098,0.351244282685694,0.019280190320246072,0.35122217571976244,0.017663186654253395,1.5001367619761512,0.0014064598451410603,0.00013676197615120067,0,0,FOLLOWING,1.500130487443323,0.3519914367894766,0
45.312,17.8490300651282,-0.43468899388344034,0.03806060830064987,19.348000000000003,-0.3755033251385245,0.35126593157742214,0.01926211122727158,0.3512437749809748,0.017647290815938056,1.5001379300032238,0.0014031188933270045,0.00013793000322381843,0,0,FOLLOWING,1.5001315842846947,0.35201057607824016,0
45.344,17.860262338384885,-0.4342591675235866,0.038624803932672924,19.359199999999998,-0.3742327940384122,0.35128762846696676,0.019243718958133767,0.35126542354190293,0.017631113968190178,1.500139086525634,0.001399753599314539,0.0001390865256341023,0,0,FOLLOWING,1.5001326703595024,0.35202974670828574,0
45.376,17.87149506118988,-0.4338229790653347,0.03918847292470338,19.370399999999997,-0.37295674465799267,0.3513093720444397,0.019225013936051423,0.35128712009539137,0.017614656467108886,1.5001402314718082,0.0013963640334698562,0.00014023147180819429,0,0,FOLLOWING,1.500133745600483,0.3520489475438643,0
45.408,17.88272823166652,-0.433380433755752,0.039751606307513815,19.3816,-0.37167519581335723,0.35133116099731193,0.01920599659348178,0.35130886333156963,0.017597918677649274,1.5001413647708872,0.0013929502669432145,0.0001413647708872201,0,0,FOLLOWING,1.5001348099410532,0.35206817744762353,0
45.44,17.893961847909612,-0.43293153694450925,0.04031419512380654,19.3928,-0.3703881664016886,0.35135299401050274,0.019186667371481017,0.351330651937904,0.01758090097261862,1.500142486352743,0.0013895123715650171,0.0001424863527430542,0,0,FOLLOWING,1.5001358633153172,0.3520874352806734,0
45.472,17.905195907985583,-0.4324762940838526,0.0408762304284612,19.403999999999996,-0.36909567540098465,0.35137486976646515,0.019167026719131088,0.35135248459931995,0.017563603732556984,1.5001435961479737,0.001386050419740291,0.00014359614797365694,0,0,FOLLOWING,1.5001369056580622,0.35210671990265136,0
45.504,17.916430409932598,-0.43201471072857384,0.041437703288760584,19.4152,-0.36779774186977726,0.35139678694527676,0.019147075093030118,0.3513743599982864,0.01754602734506353,1.5001446940879455,0.0013825644843654462,0.000144694087945485,0,0,FOLLOWING,1.5001379369047767,0.3521260301718073,0
45.536,17.927665351760716,-0.43154679253597844,0.04199860478459308,19.4264,-0.366494384946852,0.35141874422472563,0.019126812956848878,0.35139627681491076,0.017528172204062335,1.5001457801047455,0.0013790546387692781,0.00014578010474552983,0,0,FOLLOWING,1.5001389569916463,0.35214536494505555,0
45.568,17.938900731452023,-0.43107254526584987,0.04255892600866068,19.4376,-0.36518562385096437,0.351440740280392,0.01910624078093252,0.3514182337269658,0.017510038709979577,1.5001468541312122,0.0013755209566463924,0.00014685413121218183,0,0,FOLLOWING,1.5001399658555468,0.3521647230780427,0
45.6,17.950136546960778,-0.4305919747804115,0.04311865806665592,19.4488,-0.36387147788055896,0.3514627737857386,0.019085359041959096,0.3514402294100178,0.017491627268770054,1.500147916100944,0.0013719635120189866,0.00014791610094389007,0,0,FOLLOWING,1.5001409634340739,0.3521841034252275,0
45.632,17.96137279621355,-0.43010508704428696,0.043677792077442976,19.46,-0.36255196641348214,0.3514848434121945,0.01906416822263937,0.35146226253758855,0.017472938292047626,1.5001489659483016,0.0013683823791981254,0.0001489659483016048,0,0,FOLLOWING,1.5001419496655237,0.35220350483994906,0
45.664,17.972609477109376,-0.4296118881244571,0.04423631917322231,19.4712,-0.36122710890669857,0.3515069478292392,0.019042668811459034,0.3514843317811168,0.017453972196570213,1.5001500036083901,0.0013647776327577329,0.00015000360839012572,0,0,FOLLOWING,1.5001429244889122,0.35222292617447876,0
45.696,17.983846587519913,-0.4291123841902151,0.0447942304996942,19.4824,-0.3598969248960031,0.35152908570448416,0.019020861302453913,0.35150643581004876,0.017434729404208642,1.500151029017084,0.0013611493475102557,0.00015102901708408112,0,0,FOLLOWING,1.5001438878439528,0.3522423662801079,0
45.728,17.99508412528957,-0.4286065815131199,0.045351517216206734,19.493599999999997,-0.35856143399573337,0.351551255703761,0.018998746195021277,0.35152857329203374,0.017415210341456707,1.5001520421110293,0.001357497598497709,0.00015204211102926024,0,0,FOLLOWING,1.5001448396710997,0.3522618240072025,0
45.76,18.00632208823567,-0.42809448646694653,0.045908170495910595,19.5048,-0.35722065589847907,0.3515734564912018,0.01897632399375916,0.3515507428929021,0.01739541543964614,1.500153042827642,0.001353822460975762,0.0001530428276419471,0,0,FOLLOWING,1.50014577991151,0.35228129820528564,0
45.792,18.017560474148606,-0.42757610552763536,0.046464181525896375,19.516,-0.35587461037479406,0.3515956867293253,0.018953595208330003,0.3515729432768051,0.017375345134397997,1.5001540311051054,0.0013501240104138584,0.00015403110510536777,0,0,FOLLOWING,1.5001467085070852,0.3523007877230862,0
45.824,18.028799280792,-0.4270514452732383,0.04701954150733683,19.5272,-0.3545233172729019,0.35161794507911526,0.018930560353349515,0.3515951731062832,0.017354999865781102,1.5001550068823837,0.0013464023224919047,0.0001550068823836792,0,0,FOLLOWING,1.5001476254004278,0.35232029140863014,0
45.856,18.040038505902853,-0.4265205123838642,0.047574241655625515,19.538400000000003,-0.353166796518407,0.35164023020010715,0.018907219948292326,0.3516174310423405,0.017334380078195266,1.500155970099214,0.001342657473097614,0.00015597009921397564,0,0,FOLLOWING,1.5001485305348907,0.3523398081092887,0
45.888,18.051278147191695,-0.4259833136416212,0.04812827320051167,19.5496,-0.3518050681139962,0.3516625407504695,0.01888357451741444,0.3516397157444785,0.017313486220256413,1.5001569206961227,0.0013388895383311603,0.00015692069612271986,0,0,FOLLOWING,1.500149423854552,0.3523593366718589,0
45.92,18.06251820234277,-0.4254398559305575,0.04868162738622567,19.560799999999997,-0.3504381521391478,0.3516848753870853,0.018859624589696367,0.3516620258709396,0.017292318744499758,1.5001578586144155,0.001335098594514847,0.00015785861441552917,0,0,FOLLOWING,1.5001503053042258,0.352378875942623,0
45.952,18.07375866901418,-0.42489014623660026,0.049234295471614085,19.572,-0.3490660687498326,0.35170723276563687,0.01883537069879182,0.35168436007859777,0.01727087810768043,1.5001587837961958,0.0013312847181961712,0.00015878379619582716,0,0,FOLLOWING,1.5001511748294598,0.3523984247674393,0
45.984,18.08499954483805,-0.4243341916474922,0.04978626873027064,19.5832,-0.3476888381782193,0.35172961154068705,0.018810813382992782,0.3517067170231135,0.01724916477064946,1.5001596961843473,0.0013274479861523358,0.00015969618434730215,0,0,FOLLOWING,1.50015203237655,0.35241798199178015,0
46.016,18.096240827420694,-0.4237719993527266,0.05033753845066011,19.5944,-0.3463064807323729,0.351752010365761,0.01878595318519949,0.35172909535908004,0.017227179198125993,1.500160595722549,0.0013235884754045357,0.00016059572254900623,0,0,FOLLOWING,1.5001528778925326,0.3524375464608142,0
46.048,18.107482514342788,-0.4232035766434806,0.050888095936246346,19.605599999999995,-0.3449190167959598,0.35177442789342983,0.018760790652902495,0.35175149374007736,0.01720492185883123,1.5001614823552807,0.0013197062632232875,0.00016148235528068433,0,0,FOLLOWING,1.5001537113251957,0.3524571170194719,0
46.08,18.11872460315954,-0.42262893091254533,0.05143793250561955,19.616799999999998,-0.343526466827942,0.3517968627753899,0.018735326338170013,0.35177391081864845,0.017182393225464304,1.5001623560278252,0.001315801427139829,0.00016235602782521674,0,0,FOLLOWING,1.5001545326230572,0.35247669251253055,0
46.112,18.129967091400847,-0.4220480696542557,0.051987039492625696,19.628,-0.34212885136227983,0.35181931366254804,0.0187095607976359,0.3517963452465396,0.017159593774768014,1.5001632166862513,0.0013118740449506242,0.0001632166862512996,0,0,FOLLOWING,1.5001553417354019,0.3524962717846576,0
46.144,18.141209976571478,-0.42146100046441626,0.052535408246492436,19.639200000000002,-0.3407261910076258,0.3518417792051017,0.018683494592497064,0.3518187956746537,0.01713652398741976,1.500164064277443,0.0013079241947274722,0.0001640642774429768,0,0,FOLLOWING,1.5001561386122577,0.3525158536804955,0
46.176,18.15245325615124,-0.4208677310402269,0.05308303013195085,19.650399999999998,-0.3393185064470234,0.3518642580526226,0.018657128288512306,0.3518412607531941,0.01711318434790333,1.5001648987490834,0.0013039519548301085,0.00016489874908343083,0,0,FOLLOWING,1.5001569232044216,0.3525354370447135,0
46.208,18.16369692759516,-0.4202682691802059,0.05362989652936594,19.6616,-0.33790581843760054,0.35188674885413734,0.018630462456004082,0.3518637391317515,0.017089575344776294,1.5001657200496827,0.0012999574039106593,0.00016572004968273824,0,0,FOLLOWING,1.5001576954634306,0.3525550207221034,0
46.24,18.174940988333663,-0.4196626227841097,0.05417599883486222,19.6728,-0.33648814781026437,0.35190925025821024,0.018603497669861864,0.35188622945938214,0.01706569747052682,1.5001665281285361,0.001295940620922975,0.0001665281285361253,0,0,FOLLOWING,1.5001584553415934,0.3525746035576169,0
46.272,18.186185435772728,-0.41905079985285315,0.054721328460449664,19.684,-0.33506551546939245,0.35193176091302625,0.018576234509547065,0.351908730384634,0.0170415512215734,1.5001673229357804,0.0012919016851306447,0.0001673229357803674,0,0,FOLLOWING,1.5001592027919775,0.3525941843964592,0
46.304,18.197430267294095,-0.4184328084884249,0.05526587683415666,19.6952,-0.3336379423925271,0.3519542794664722,0.018548673559094238,0.3519312405557567,0.017017137098491238,1.5001681044223472,0.0012878406761072658,0.0001681044223471595,0,0,FOLLOWING,1.5001599377684174,0.35261376208413714,0
46.336,18.208675480255426,-0.4178086568938028,0.05580963540014981,19.7064,-0.33220544963006343,0.35197680456621966,0.01852081540711955,0.35195375862063083,0.01699245560560317,1.5001688725400049,0.0012837576737507878,0.00016887254000486074,0,0,FOLLOWING,1.5001606602255182,0.35263333546653836,0
46.368,18.219921071990505,-0.41717835337286624,0.05635259561886566,19.717599999999997,-0.330768058304941,0.35199933485980495,0.018492660646824734,0.3519762832269526,0.016967507251339952,1.5001696272413285,0.0012796527582846842,0.00016962724132851825,0,0,FOLLOWING,1.500161370118643,0.35265290338999644,0
46.4,18.231167039809407,-0.41654190633030663,0.05689474896713639,19.7288,-0.3293257896123314,0.35202186899471316,0.018464209876001822,0.3519988130222627,0.016942292548070375,1.5001703684797276,0.0012755260102647395,0.0001703684797276228,0,0,FOLLOWING,1.5001620674039327,0.3526724647013615,0
46.432,18.242413380998684,-0.41589932427153525,0.057436086938317546,19.74,-0.327878664819326,0.3520444056184585,0.01843546369703791,0.35202134665406887,0.01691681201214721,1.5001710962094257,0.001271377510584093,0.0001710962094256807,0,0,FOLLOWING,1.5001627520383038,0.3526920182480566,0
46.464,18.25366009282155,-0.41525061580259004,0.05797660104242112,19.751200000000004,-0.32642670526462125,0.3520669433786698,0.018406422716916088,0.3520438827698914,0.01689106616408497,1.5001718103854993,0.0012672073404718862,0.00017181038549929362,0,0,FOLLOWING,1.5001634239794495,0.35271156287816796,0
46.496,18.264907172518082,-0.41459578963003935,0.058516282806238044,19.7624,-0.3249699323582063,0.35208948092316705,0.01837708754722023,0.3520664200173942,0.01686505552822586,1.5001725109638218,0.0012630155815031435,0.00017251096382175923,0,0,FOLLOWING,1.500164083185837,0.35273109744047615,0
46.528,18.276154617305394,-0.4139348545608835,0.05905512377347462,19.7736,-0.3235083675810444,0.3521120169000466,0.018347458804130825,0.3520889570444249,0.0168387806331749,1.5001731979011304,0.0012588023155927011,0.00017319790113035083,0,0,FOLLOWING,1.5001647296167095,0.3527506207845681,0
46.56,18.28740242437784,-0.41326781950245434,0.05959311550487479,19.7848,-0.32204203248475993,0.35213454995776344,0.018317537108428147,0.3521114924990943,0.016812242011359252,1.5001738711549797,0.0012545676250030266,0.00017387115497968786,0,0,FOLLOWING,1.5001653632320995,0.35277013176087374,0
46.592,18.298650590907194,-0.4125946934623128,0.060130249578345445,19.796000000000003,-0.32057094869131614,0.35215707874521207,0.018287323085492427,0.3521340250298512,0.016785440199121315,1.5001745306837677,0.0012503115923517341,0.0001745306837677152,0,0,FOLLOWING,1.500165983992818,0.3527896292207448,0
46.624,18.309899114042842,-0.41191548554814417,0.06066651758909907,19.807199999999998,-0.3190951378927002,0.35217960191180864,0.018256817365295597,0.352156553285639,0.016758375737260228,1.5001751764467244,0.0012460343005965616,0.00017517644672437882,0,0,FOLLOWING,1.5001665918604699,0.35280911201651055,0
46.656,18.321147990911996,-0.4112302049676509,0.061201911149771464,19.818399999999997,-0.3176146218506004,0.3522021181075724,0.0182260205823989,0.35217907591586894,0.01673104917025576,1.5001758084039354,0.001241735833048499,0.00017580840393538466,0,0,FOLLOWING,1.500167186797439,0.3528285790015618,0
46.688,18.332397218619867,-0.4105388610284434,0.06173642189055391,19.8296,-0.316129422396088,0.3522246259832077,0.018194933375948748,0.35220159157060815,0.016703461046717084,1.500176426516321,0.001237416273367542,0.0001764265163211043,0,0,FOLLOWING,1.500167768766903,0.3528480290304091,0
46.72,18.34364679424987,-0.40984146313792796,0.06227004145932291,19.8408,-0.31463956142929206,0.3522471241901865,0.018163556389667455,0.3522240989005466,0.016675611919306683,1.5001770307456497,0.0012330757055630803,0.00017703074564967558,0,0,FOLLOWING,1.500168337732835,0.35286746095874766,0
46.752,18.354896714863827,-0.40913802080319395,0.0628027615217696,19.851999999999997,-0.3131450609190809,0.35226961138082785,0.01813189027184513,0.3522465965572138,0.016647502344732397,1.5001776210545286,0.0012287142139908308,0.00017762105452856503,0,0,FOLLOWING,1.500168893659998,0.35288687364352034,0
46.784,18.36614697750216,-0.40842854363089637,0.06333457376152891,19.8632,-0.31164594290273306,0.35229208620838093,0.018099935675329627,0.35226908319292677,0.01661913288373887,1.500178197406434,0.0012243318833525393,0.00017819740643409965,0,0,FOLLOWING,1.5001694365139484,0.35290626594300173,0
46.816,18.377397579184105,-0.40771304132713865,0.06386546988030355,19.8744,-0.31014222948561676,0.3523145473271056,0.01806769325751725,0.35229155746097474,0.016590504100941806,1.500178759765671,0.0012199287986989216,0.0001787597656710549,0,0,FOLLOWING,1.5001699662610408,0.3529256367168475,0
46.848,18.38864851690789,-0.406991523697351,0.06439544159799541,19.8856,-0.3086339428408606,0.352336993392352,0.018035163680340145,0.35231401801562107,0.016561616565069413,1.5001793080974064,0.0012155050454249472,0.0001793080974064054,0,0,FOLLOWING,1.5001704828684246,0.3529449848261614,0
46.88,18.399899787650956,-0.4062640006461682,0.06492448065283611,19.8968,-0.3071211052090292,0.3523594230606449,0.01800234761025325,0.35233646351224834,0.01653247084892268,1.5001798423676644,0.0012110607092648273,0.00017984236766444006,0,0,FOLLOWING,1.5001709863040587,0.35296430913357185,0
46.912,18.41115138837016,-0.40553048217730386,0.0654525788015142,19.908,-0.3056037388977936,0.3523818349897629,0.017969245718218712,0.3523588926073963,0.016503067529282284,1.5001803625433272,0.0012065958762909473,0.00018036254332720603,0,0,FOLLOWING,1.5001714765366905,0.35298360850329874,0
46.944,18.42240331600198,-0.40479097839342276,0.06597972781929873,19.9192,-0.3040818662816034,0.3524042278388204,0.017935858679691684,0.3523813039588856,0.016473407186791033,1.5001808685921247,0.0012021106329154348,0.00018086859212473883,0,0,FOLLOWING,1.5001719535358862,0.3530028818012023,0
46.976,18.433655567462708,-0.4040454994960109,0.06650591950016944,19.9304,-0.3025555098013552,0.3524266002683473,0.017902187174604716,0.35240369622581574,0.016443490406155635,1.500181360482658,0.0011976050658846077,0.00018136048265793292,0,0,FOLLOWING,1.5001724172720032,0.35302212789486886,0
47.008,18.44490813964868,-0.40329405578524324,0.06703114565694733,19.941599999999998,-0.3010246919640642,0.35244895094037193,0.017868231887348627,0.35242606806874666,0.016413317776165334,1.5001818381843854,0.0011930792622716485,0.00018183818438544108,0,0,FOLLOWING,1.5001728677162192,0.3530413456536622,0
47.04,18.45616102943647,-0.40253665765984903,0.06755539812141301,19.9528,-0.2994894353425293,0.35247127851849785,0.017833993506757493,0.3524484181497656,0.01638288988931076,1.5001823016676274,0.0011885333094832085,0.00018230166762744915,0,0,FOLLOWING,1.5001733048405008,0.3530605339488034,0
47.072,18.467414233683108,-0.40177331561697505,0.06807866874443892,19.964,-0.2979497625750033,0.3524935816679877,0.017799472726088124,0.35247074513246746,0.016352207342209654,1.5001827509035603,0.0011839672952491942,0.00018275090356034696,0,0,FOLLOWING,1.5001737286176415,0.35307969165341646,0
47.104,18.478667749226286,-0.40100404025204567,0.0686009493961144,19.9752,-0.2964056963648568,0.3525158590558411,0.017764670243000324,0.3524930476821322,0.016321270735390477,1.500183185864241,0.0011793813076196452,0.0001831858642409312,0,0,FOLLOWING,1.5001741390212304,0.3530988176426162,0
47.136,18.48992157288457,-0.4002288422586222,0.06912223196586777,19.986400000000003,-0.29485725948024516,0.3525381093508777,0.017729586759538743,0.3525153244658008,0.016290080673198353,1.500183606522583,0.001174775434965608,0.00018360652258309074,0,0,FOLLOWING,1.5001745360256844,0.35311791079355354,0
47.168,18.501175701457615,-0.39944773242825715,0.0696425083625946,19.997600000000002,-0.2933044747537703,0.3525603312238127,0.017694222982111738,0.352537574152323,0.01625863776398199,1.5001840128523656,0.0011701497659720728,0.00018401285236557818,0,0,FOLLOWING,1.5001749196062149,0.3531369699854919,0
47.2,18.51243013172638,-0.3986607216503493,0.07016177051478306,20.008799999999997,-0.29174736508214744,0.3525825233473408,0.017658579621466924,0.35255979541242327,0.0162269426200145,1.5001844048282478,0.0011655043896316164,0.00018440482824777504,0,0,FOLLOWING,1.500175289738867,0.3531559940998633,0
47.232,18.52368486045335,-0.39786782091199435,0.07068001037063366,20.02,-0.2901859534258639,0.3526046843962139,0.01762265739267299,0.35258198691883763,0.016194995857301903,1.5001847824257544,0.0011608393952474152,0.00018478242575437065,0,0,FOLLOWING,1.5001756464004796,0.3531749820203556,0
47.264,18.534939884382737,-0.3970690412978335,0.07119721989818424,20.031200000000002,-0.28862026280884356,0.35262681304732235,0.017586457015096042,0.35260414734631923,0.01616279809576486,1.500185145621281,0.0011561548724256104,0.00018514562128091328,0,0,FOLLOWING,1.5001759895687272,0.35319393263294574,0
47.296,18.546195200240714,-0.39626439398990015,0.07171339108543558,20.0424,-0.2870503163181055,0.35264890797977033,0.017549979212376877,0.3526262753717856,0.016130349959244745,1.5001854943920865,0.0011514509110704119,0.00018549439208648266,0,0,FOLLOWING,1.5001763192220867,0.3532128448259788,0
47.328,18.55745080473562,-0.3954538902674637,0.07222851594046699,20.053599999999996,-0.28547613710342473,0.35267096787495744,0.017513224712407904,0.3526483696743637,0.0160976520751942,1.500185828716313,0.0011467276013849836,0.0001858287163130079,0,0,FOLLOWING,1.5001766353398636,0.35323171749022864,0
47.36,18.568706694558184,-0.3946375415068714,0.07274258649156833,20.064799999999998,-0.283897748376989,0.35269299141665883,0.017476194247307498,0.3526704289355057,0.016064705075194204,1.5001861485729904,0.0011419850338585391,0.00018614857299037446,0,0,FOLLOWING,1.5001769379021739,0.35325054951897866,0
47.392,18.57996286638175,-0.39381535918138755,0.07325559478735062,20.076,-0.2823151734130592,0.3527149772911035,0.01743888855340023,0.3526924518389866,0.016031509594282,1.500186453942005,0.0011372232992725162,0.00018645394200489385,0,0,FOLLOWING,1.500177226889966,0.3532693398080604,0
47.424,18.591219316862496,-0.3929873548610303,0.07376753289686891,20.087200000000003,-0.28072843554762295,0.352736924187049,0.01740130837118908,0.35271443707107775,0.01599806627133227,1.500186744804118,0.0011324424886955259,0.00018674480411795535,0,0,FOLLOWING,1.5001775022849873,0.3532880872559343,0
47.456,18.60247604263966,-0.3921535402124062,0.0742783929097492,20.098399999999998,-0.2791375581780548,0.35275883079586295,0.01736345444533289,0.35273638332057067,0.015964375749188454,1.5001870211409671,0.0011276426934697104,0.0001870211409671363,0,0,FOLLOWING,1.500177764069826,0.3533067907637355,0
47.488,18.61373304033574,-0.3913139269985425,0.07478816693630333,20.1096,-0.2775425647627663,0.3527806958116014,0.017325327524618968,0.35275828927882064,0.01593043867428234,1.500187282935093,0.0011228240052130883,0.00018728293509306937,0,0,FOLLOWING,1.500178012227883,0.35332544923536546,0
47.52,18.62499030655676,-0.390468527078716,0.07529684710764303,20.1208,-0.27594347882086406,0.35280251793108647,0.017286928361940374,0.3527801536399152,0.015896255696612852,1.5001875301698844,0.0011179865158199853,0.00018753016988437565,0,0,FOLLOWING,1.5001782467433893,0.3533440615775241,0
47.552,18.63624783789246,-0.3896173524082813,0.07580442557580783,20.132,-0.2743403239318001,0.35282429585398184,0.017248257714268078,0.3528019751007326,0.01586182747016993,1.5001877628296256,0.001113130317447475,0.00018776282962562618,0,0,FOLLOWING,1.500178467601385,0.35336262669979757,0
47.584,18.647505630916523,-0.38876041503849545,0.07631089451387202,20.1432,-0.2727331237350268,0.3528460282828733,0.01720931634262869,0.3528237523609568,0.015827154652293857,1.500187980899474,0.0011082555025207635,0.0001879808994740273,0,0,FOLLOWING,1.500178674787752,0.35338114351470123,0
47.616,18.65876368218683,-0.38789772711633985,0.07681624611607032,20.1544,-0.27112190192964514,0.3528677139233439,0.01717010501207502,0.3528454841231881,0.01579223790424852,1.5001881843654707,0.0011033621637220742,0.0001881843654707449,0,0,FOLLOWING,1.500178868289185,0.3533996109377535,0
47.648,18.67002198824566,-0.3870293008843411,0.07732047259791137,20.165599999999998,-0.2695066822740597,0.3528893514840505,0.017130624491661216,0.35286716909303123,0.01575707789084103,1.5001883732145345,0.0010984503939869966,0.0001883732145344652,0,0,FOLLOWING,1.5001790480932047,0.3534180278875346,0
47.68,18.68128054561993,-0.3861551486803881,0.07782356619629352,20.1768,-0.26788748858562306,0.3529109396768024,0.01709087555441554,0.3528888059791853,0.01572167528050054,1.500188547434472,0.001093520286502836,0.0001885474344720528,0,0,FOLLOWING,1.5001792141881602,0.3534363932857518,0
47.712,18.69253935082142,-0.38527528293754737,0.0783255191696163,20.188,-0.2662643447402891,0.3529324772166359,0.017050858977316077,0.3529103934934751,0.01568603074514194,1.500188707013957,0.0010885719347063366,0.0001887070139570124,0,0,FOLLOWING,1.5001793665632257,0.3534547060572897,0
47.744,18.703798400346997,-0.38438971618387624,0.07882632379789917,20.199200000000005,-0.26463727467225745,0.352953962821893,0.01701057554126193,0.35293193035096765,0.01565014496038526,1.5001888519425703,0.0010836054322754946,0.000188851942570345,0,0,FOLLOWING,1.500179505208402,0.35347296513029386,0
47.776,18.71505769067887,-0.3834984610422333,0.07932597238289439,20.2104,-0.2630063023736235,0.3529753952142907,0.016970026031047743,0.352953415270042,0.0156140186053844,1.5001889822107333,0.0010786208731280583,0.00018898221073326837,0,0,FOLLOWING,1.5001796301145058,0.35349116943619635,0
47.808,18.726317218284784,-0.3826015302300864,0.07982445724820005,20.2216,-0.2613714518940227,0.3529967731190041,0.016929211235335688,0.35297484697244724,0.015577652362817973,1.5001890978097923,0.0010736183514140907,0.0001890978097922602,0,0,FOLLOWING,1.5001797412731888,0.35350931790982065,0
47.84,18.737576979618286,-0.3816989365593179,0.08032177073937066,20.2328,-0.25973274734027724,0.35301809526474,0.01688813194662902,0.35299622418336524,0.01554104691882604,1.5001891987319578,0.0010685979615158436,0.0001891987319577737,0,0,FOLLOWING,1.5001798386769336,0.35352740948941225,0
47.872,18.748836971118937,-0.3807906929360282,0.08081790522403119,20.244000000000003,-0.25809021287603834,0.3530393603838099,0.016846788961244228,0.3530175456315335,0.0155042029631091,1.5001892849703187,0.001063559798042249,0.00018928497031867053,0,0,FOLLOWING,1.5001799223190364,0.35354544311671027,0
47.904,18.76009718921255,-0.3798768123603369,0.08131285309198787,20.2552,-0.25644387272143326,0.3530605672122063,0.01680518307928362,0.3530388100493419,0.015467121188834624,1.500189356518845,0.0010585039558230205,0.0001893565188451074,0,0,FOLLOWING,1.5001799921936319,0.35356341773699657,0
47.936,18.771357630311435,-0.37895730792618143,0.08180660675533927,20.266399999999997,-0.25479375115270486,0.353081714489677,0.016763315104607282,0.3530600161727556,0.015429802292636336,1.500189413372402,0.001053430529905336,0.00018941337240208078,0,0,FOLLOWING,1.5001800482956733,0.35358133229917266,0
47.968,18.782618290814618,-0.37803219282111206,0.08229915864858274,20.2776,-0.25313987250185616,0.3531028009597986,0.016721185844807234,0.35308116274155926,0.015392246974477518,1.5001894555267252,0.0010483396155520075,0.00018945552672522403,0,0,FOLLOWING,1.5001800906209384,0.35359918575581084,0
48.0,18.793879167108074,-0.37710148032608654,0.08279050122872587,20.288800000000002,-0.2514822611562902,0.35312382537005366,0.016678796111177223,0.3531022484993517,0.01535445593780195,1.5001894829784423,0.0010432313082353872,0.00018948297844234574,0,0,FOLLOWING,1.5001801191660449,0.35361697706321166,0
