t,x,y,yaw,hx,hy,v,w,actual_v,actual_w,distance,bearing,error,stale,close,state,estimate_distance,estimate_speed,rejected_measurements
0.032,-1.1117249775614982e-19,-9.054995751677783e-06,9.717913460352276e-19,1.5,0.0,4.2333285264916264e-12,2.2993498198221307e-06,-3.474412961142314e-18,3.0368479600451785e-17,1.500000000027331,6.036663834377556e-06,2.7331026331012254e-11,0,0,FOLLOWING,1.500000000027331,0.0,0
0.064,-2.7271076199052947e-11,-7.563411368055364e-06,3.302277838270245e-08,1.508,0.001919995281411479,0.0016271565500217899,0.0003569170606672095,-8.346764844727673e-10,1.03196178622512e-06,1.5080012319506784,0.0012781882258716532,0.008001231950678367,0,0,FOLLOWING,1.5024001133608007,0.006427479205786808,0
0.096,4.9805682482782373e-05,-6.060421516559239e-06,1.0870629364253354e-05,1.516,0.0038399622513753257,0.005699957166659484,0.0012419813338087338,0.0015577056532913454,0.0003386721811225617,1.5159550730617708,0.002526161547300901,0.015955073061770797,0,0,FOLLOWING,1.506571038466537,0.017193501713687925,0
0.128,0.0002268314686986672,-4.845305898684791e-06,4.907788022935673e-05,1.524,0.0057598725988613755,0.01249407107786551,0.0027146306292905225,0.0055351188110268745,0.0011939658552645232,1.5237840729934289,0.0037340904558069883,0.023784072993428884,0,0,FOLLOWING,1.5119845168674737,0.030727343646965662,0
0.16,0.0006182795338069294,-3.855032493656882e-06,0.0001328997723299492,1.532,0.007679698013674398,0.021935517836946597,0.0047522840693967495,0.012237529919733696,0.002619413552547571,1.5314009960703991,0.0048844570815833035,0.031400996070399145,0,0,FOLLOWING,1.5182036846293547,0.045860297645024924,0
0.192,0.0013094039775964625,-2.9844211017088484e-06,0.0002771540571328036,1.54,0.00959941018687154,0.03373914205204786,0.007284669413597931,0.021603752572296582,0.0045079166388742545,1.5387205582138646,0.005963392274434566,0.03872055821386455,0,0,FOLLOWING,1.524873114632993,0.06173428559316565,0
0.224,0.002376738475831146,-2.0586727133606496e-06,0.0004947015368366198,1.548,0.011518980811179766,0.0475060583173376,0.01021584336086861,0.033361161403474976,0.006798322229031766,1.5456661997065857,0.006959136925204083,0.0456661997065857,0,0,FOLLOWING,1.531708454973695,0.07773012180248791,0
0.256,0.0038839936345543063,-7.914987829674348e-07,0.0007969571998609324,1.556,0.013438381581413262,0.06279071549835166,0.013439092916082437,0.04710902260022722,0.009445449361978175,1.5521741875797639,0.00786144023184963,0.05217418757976389,0,0,FOLLOWING,1.5384870012633363,0.09341132492542595,0
0.28800000000000003,0.005880524769988794,1.2533535678272881e-06,0.0011922803336443842,1.564,0.015357584194890804,0.07914552008626528,0.016847562978803264,0.062398796390449374,0.012353807372306012,1.558195146953023,0.008663083073778319,0.05819514695302308,0,0,FOLLOWING,1.545038548951016,0.10848021868834545,0
0.32,0.00840121680895318,4.687448758571255e-06,0.0016859670875078098,1.572,0.017276560351853112,0.09614913545865598,0.020341125956130877,0.0787783812307918,0.015427672775087007,1.563694174827707,0.009359814375151527,0.0636941748277069,0,0,FOLLOWING,1.55123708472522,0.12274373227778915,0
0.352,0.011467308311784155,1.0306579072898147e-05,0.002280442401874465,1.58,0.019195281755880134,0.1134230702399426,0.023830485013735934,0.09582144538167645,0.018577319696252682,1.5686500145562152,0.009950108268397604,0.06865001455621522,0,0,FOLLOWING,1.5569933253058756,0.13608684547463065,0
0.384,0.01508776774721922,1.908272285082187e-05,0.0029755700897337,1.588,0.021113720114308305,0.1306400223645252,0.02723928456100522,0.11314467529253897,0.021722712262979747,1.5730536780723992,0.010434823955109094,0.07305367807239915,0,0,FOLLOWING,1.5622481186967674,0.14845204898342215,0
0.41600000000000004,0.0192609486269459,3.214106691432504e-05,0.0037690234371389455,1.596,0.02303184713864773,0.14752656367096845,0.03050482254809491,0.13041648481553655,0.024795395893928332,1.5769067894470443,0.010816823846554437,0.07690678944704432,0,0,FOLLOWING,1.5669666866204004,0.15982352889015414,0
0.448,0.0239763359963021,5.0725708184496566e-05,0.0046566760034452885,1.604,0.024949634544999308,0.1638620737018224,0.033577815231868674,0.14735986699527276,0.0277391285788405,1.5802198373874865,0.011100586778228925,0.0802198373874865,0,0,FOLLOWING,1.5711336618935743,0.17021505339846743,0
0.48,0.02921626020978937,7.615832007617559e-05,0.005632985442418543,1.612,0.02686705405447181,0.1794753151919806,0.036421551018608535,0.1637513692099884,0.030509662802689224,1.5830104608114681,0.01129183942833303,0.08301046081146812,0,0,FOLLOWING,1.5747488593001364,0.1796607539923838,0
0.512,0.03495750011313991,0.00010979401367575886,0.006691352962069558,1.62,0.02878407739359886,0.19423965188497014,0.039010680720256874,0.1794176344517459,0.033073984268642005,1.5853018453830612,0.011397219387994834,0.08530184538306118,0,0,FOLLOWING,1.5778237105739095,0.18820816316853264,0
0.544,0.04117273087455271,0.00015297808223284573,0.00782444819833307,1.6280000000000001,0.030700676294755848,0.2080676139255184,0.04132982247366693,0.19423054357287328,0.035409231085874536,1.5871212757398878,0.01142397666425619,0.08712127573988782,0,0,FOLLOWING,1.58037829135957,0.19591300582372628,0
0.5760000000000001,0.04783179499457605,0.00020700651308323646,0.009024494385048256,1.6360000000000001,0.03261682249657674,0.22090529525056218,0.04337210670206402,0.20810168635817758,0.03750145302662904,1.5884988648287521,0.011379715956682595,0.08849886482875213,0,0,FOLLOWING,1.582438868877927,0.20283534841658862,0
0.608,0.05490279097700261,0.0002730922611380813,0.010283512245623757,1.6440000000000001,0.03453248774437082,0.23272690396767395,0.04513774651062757,0.22097666026248974,0.0393443215695637,1.589466465800256,0.011272179212220134,0.08946646580025597,0,0,FOLLOWING,1.5840359022732011,0.20903679484198062,0
0.64,0.06235298468260447,0.0003523384271441846,0.011593523403075645,1.652,0.03644764379053933,0.24352966721856603,0.04663268905235531,0.232829526512636,0.04093786483429326,1.5900567613694738,0.01110906625232249,0.09005676136947383,0,0,FOLLOWING,1.585202432357841,0.21457848510752325,0
0.672,0.07014955498058359,0.0004457187483235795,0.012946715616468235,1.66,0.038362262394991964,0.25332920596816877,0.04786738143553275,0.24365762988631637,0.04228727463876588,1.590302518960008,0.01089789032338536,0.09030251896000796,0,0,FOLLOWING,1.5859728030302496,0.21951970600467158,0
0.704,0.07826018907243654,0.0005540652260150106,0.01433557304539411,1.668,0.04027631532556333,0.26215543435825184,0.04885566886541969,0.2534768998345147,0.0434018136069908,1.5902359961970978,0.010645864984993349,0.09023599619709777,0,0,FOLLOWING,1.5863816625453102,0.22391696490919602,0
0.736,0.08665354462781047,0.0006780622933392388,0.015752975204092898,1.676,0.04218977435842921,0.2700489963808948,0.049613831480400786,0.26231768815334855,0.04429383670290287,1.5898884795616068,0.010359818635225032,0.08988847956160684,0,0,FOLLOWING,1.5864631987340398,0.22782341092723438,0
0.768,0.09529959626759985,0.0008182466555796554,0.017192268429801604,1.684,0.044102611278522774,0.2770582247745022,0.05015975861909026,0.27022115551807924,0.044977932285242,1.5892899386330686,0.010046133051130769,0.08928993863306856,0,0,FOLLOWING,1.5862505679736685,0.23128851365458555,0
0.8,0.10416988341835738,0.0009750117957788616,0.018647313655032083,1.692,0.046014797879950574,0.28323658947657826,0.05051225414919714,0.27723619077405603,0.04547018159360654,1.5884687788729688,0.009710702511429694,0.08846877887296878,0,0,FOLLOWING,1.5857754830615087,0.23435793029629015,0
0.8320000000000001,0.1132376754816065,0.0011486161018562726,0.020112514110850178,1.7,0.04792630596640852,0.2886405928281473,0.05069046331119292,0.28341682904075777,0.0457875315839406,1.5874516769905407,0.009358910314330275,0.08745167699054068,0,0,FOLLOWING,1.5850679300635062,0.2370735079604139,0
0.864,0.12247806885468905,0.0013391936124099667,0.021582826346617942,1.708,0.0498371073515976,0.2933280638544995,0.05071340975056594,0.2888201244648164,0.04594727356279512,1.5862634843492456,0.008995619774252148,0.08626348434924558,0,0,FOLLOWING,1.5841559886529017,0.23947338051642858,0
0.896,0.13186802877789688,0.0015467664712892684,0.02305375766440392,1.716,0.05174717385963953,0.29735680272470977,0.05059963062981806,0.2935044286221208,0.04596661864314585,1.5849271854410165,0.00862517705906592,0.08492718544101652,0,0,FOLLOWING,1.5830657344176413,0.24159212922734563,0
0.928,0.1413863873841,0.0017712583045649058,0.024521352756106018,1.724,0.053656477325492224,0.30078352771279454,0.05036689762338102,0.2975280244465101,0.04586236032867361,1.5834639000589814,0.008251423504599908,0.08346390005898141,0,0,FOLLOWING,1.5818212051090075,0.24346098400767097,0
0.96,0.15101380768298908,0.0020124669710677784,0.025982363331920614,1.732,0.05556498959536509,0.30366308067824443,0.050031930987842185,0.30094803104262174,0.04565659345103665,1.58189292083139,0.007877549830545203,0.0818929208313901,0,0,FOLLOWING,1.5804444173186287,0.2451080480879816,0
0.992,0.16073272222946391,0.0022702075971954634,0.02743362508423342,1.74,0.05747268252713418,0.3060478455634995,0.04961044416786722,0.3038197514018722,0.04535194151868048,1.5802317703030622,0.007506634712623601,0.08023177030306217,0,0,FOLLOWING,1.5789554138139152,0.24655853344752107,0
1.024,0.170527252838756,0.0025441885042563994,0.028872643878336966,1.748,0.05937952799075717,0.30798735069576444,0.04911694314101527,0.3061958715004108,0.04496934791694751,1.5784962856627152,0.007141141962999229,0.07849628566271516,0,0,FOLLOWING,1.5773723464694707,0.24783499789858973,0
1.056,0.18038311758397335,0.002834070398310174,0.030297346302723186,1.756,0.061285497868688144,0.3095280151678625,0.048564681871532005,0.3081262077583454,0.044521960342773746,1.576700710194463,0.006783137007978769,0.076700710194463,0,0,FOLLOWING,1.5757115716129995,0.24895757740007998,0
1.088,0.1902875298099464,0.003139478229003688,0.031706043138983286,1.764,0.0631905640562922,0.3107130136208537,0.04796565239724377,0.3096574236888757,0.044021784827766815,1.5748577941327644,0.006434319616759374,0.07485779413276439,0,0,FOLLOWING,1.5739877586248128,0.24994420922357227,0
1.12,0.20022909286905927,0.0034600108707849193,0.03309739263053498,1.772,0.06509469846225988,0.31158223438896865,0.04733060256561395,0.31083289645378015,0.043479679544224534,1.5729788998005405,0.006096057585241718,0.07297889980054051,0,0,FOLLOWING,1.572214005332029,0.2508108431370693,0
1.1520000000000001,0.2101976936154828,0.0037952495957441373,0.034470364212234664,1.78,0.0669978730090214,0.31217231008720225,0.04666907513433967,0.3116926787941252,0.04290536921223904,1.5710741079708717,0.005769420162378504,0.07107410797087166,0,0,FOLLOWING,1.5704019561302116,0.2515716389214826,0
1.184,0.2201843969946709,0.004144765391805965,0.035824203356500814,1.788,0.06890005963316062,0.3125167030495744,0.04598946283497144,0.31227353376246686,0.04230747999203318,1.569152323122025,0.005455210591621317,0.06915232312202502,0,0,FOLLOWING,1.5685619197587528,0.2522391493821314,0
1.216,0.23018134349110478,0.004508125180303708,0.03715839802628027,1.796,0.07080123028582894,0.31264583099278825,0.04529907482487388,0.3126090243331126,0.041693589698805496,1.5672213758291627,0.005153997304170613,0.06722137582916266,0,0,FOLLOWING,1.5667029844336318,0.2528244886314634,0
1.248,0.240181650723043,0.004884897008730441,0.0384726470838393,1.804,0.07270135693315884,0.3125872208869789,0.044604210704890415,0.31272964310716656,0.041070288922987336,1.5652881210090328,0.004866143425772143,0.0652881210090328,0,0,FOLLOWING,1.5648331286702872,0.2533374858545597,0
1.28,0.25017932008407917,0.005274654308269968,0.03976683088582511,1.812,0.07460041155667725,0.31236568127838454,0.04391023895427577,0.3126629699930064,0.040443249351699025,1.5633585311217304,0.004591834364906935,0.0633585311217304,0,0,FOLLOWING,1.5629593266360728,0.2537868250684509,0
1.312,0.26016914901605853,0.005676979312463893,0.04104098419742874,1.82,0.07649836615371872,0.3120034852519543,0.04322167723112437,0.3124338480432516,0.03981729624096544,1.5614377837478528,0.004331103339131975,0.0614377837478528,0,0,FOLLOWING,1.5610876472759079,0.2541801715831197,0
1.344,0.270146649245865,0.006091465734801729,0.04229527147965966,1.828,0.07839519273783835,0.31152055787332034,0.04254227250826848,0.3120645696007174,0.03919648257559879,1.5595303432105498,0.0040838547694196994,0.05953034321054984,0,0,FOLLOWING,1.5592233467732477,0.2545242859921545,0
1.3760000000000001,0.2801079711202089,0.0065177208006244,0.0435299645414665,1.836,0.0802908633392244,0.310934663339209,0.04187507946551181,0.3115750665787644,0.03858416297065547,1.557640036109657,0.0038498855311798405,0.057640036109656956,0,0,FOLLOWING,1.55737095415602,0.2548251265843951,0
1.408,0.2900498340192741,0.006955366723725219,0.044745422500507635,1.844,0.08218535000511083,0.3102615882233494,0.0412225359441961,0.3109831001068176,0.03798306581668324,1.5557701207877863,0.0036289040968571985,0.055770120787786315,0,0,FOLLOWING,1.5555343500462184,0.2550879410899802,0
1.44,0.2999694627143428,0.007404041711380443,0.045942073960651995,1.8519999999999999,0.08407862480018935,0.30951531816030114,0.040586534595189884,0.31030444594103823,0.03739536255241528,1.5539233508635641,0.0034205476402468173,0.053923350863564146,0,0,FOLLOWING,1.5537168386931342,0.2553173486668229,0
1.472,0.30986452944970133,0.007863400573975539,0.04712040128879256,1.8599999999999999,0.0859706598070215,0.3087082060896242,0.03996849012239867,0.3095530730029892,0.036822733268139264,1.552102033051659,0.003224397198570726,0.05210203305165906,0,0,FOLLOWING,1.5519212135327511,0.2555174130057276,0
1.504,0.31973310146951983,0.008333115007468944,0.04828092685649834,1.8679999999999999,0.08786142712645012,0.30785113081249976,0.03936940174682856,0.30874131319370185,0.036266428106739496,1.5503080795486057,0.0030399910064046465,0.05030807954860572,0,0,FOLLOWING,1.5501498165872964,0.2556917073909231,0
1.536,0.32957359367109834,0.00881287360903364,0.049424201101813725,1.876,0.08975089887801091,0.3069536451149157,0.038789910696913746,0.30788002126268715,0.03572732414313061,1.5485430553025519,0.0028668361271201453,0.048543055302551874,0,0,FOLLOWING,1.548404592065651,0.2558433725028756,0
1.568,0.33938472604272746,0.00930238167861638,0.05055079226174661,1.884,0.09163904720034341,0.3060241131060221,0.038230352674846306,0.30697872401410464,0.035205977593141015,1.5468082205080682,0.002704418513838111,0.04680822050806821,0,0,FOLLOWING,1.5466871345526112,0.25597516769562706,0
1.6,0.34916548553393595,0.009801360852019532,0.05166127762549195,1.892,0.09352584425160197,0.30506983672500576,0.03769080536111711,0.3060457585264078,0.03470267133634384,1.5451045686775577,0.002552211634040333,0.045104568677557744,0,0,FOLLOWING,1.5449987321872085,0.2560895164243668,0
1.6320000000000001,0.3589150920051802,0.010309548604549404,0.05275623616118741,1.9,0.09541126220986618,0.3040971716003073,0.03717113110521473,0.30508839936525284,0.03421745783882307,1.5434328606414869,0.002409683790896289,0.04343286064148688,0,0,FOLLOWING,1.543340405231036,0.25618854644247724,0
1.6640000000000001,0.368632967910663,0.010826697658331766,0.05383624237418127,1.908,0.09729527327355113,0.30311163261459023,0.03667101501362849,0.3041129749981122,0.03375019763783467,1.5417936548229982,0.002276304270793006,0.04179365482299824,0,0,FOLLOWING,1.5417129404197099,0.25627412533228366,0
1.696,0.37831871137999634,0.011352575321084486,0.054901861261695196,1.916,0.09917784966181742,0.30211798964899467,0.036189998690836556,0.30312497378657544,0.033300593604052985,1.5401873341204633,0.002151548441182101,0.04018733412046327,0,0,FOLLOWING,1.5401169214765706,0.25634789188112905,0
1.728,0.3879720723802367,0.011886962779441198,0.055953644236847865,1.924,0.10105896361498078,0.3011203540606121,0.03572750991813046,0.3021291400501671,0.03286822123404137,1.5386141297157252,0.002034901916198005,0.0386141297157252,0,0,FOLLOWING,1.5385527561493997,0.256411283764773,0
1.76,0.3975929316581559,0.012429654365811605,0.05699212590380196,1.932,0.10293858739492139,0.30012225649596536,0.03528288857189733,0.3011295607736926,0.032452555247802606,1.5370741421074914,0.0019258639000105662,0.03707414210749138,0,0,FOLLOWING,1.5370207001097687,0.2564655619538337,0
1.792,0.4071812821824488,0.012980456814197894,0.058017821574968806,1.94,0.1048166932854929,0.29912671666743457,0.0348554090898203,0.3001297435767577,0.03205299277804477,1.5355673596495378,0.001823949809888488,0.03556735964953783,0,0,FOLLOWING,1.5355208780318612,0.25651183221619533,0
1.824,0.4167372128261273,0.013539188517319499,0.05903122543046478,1.948,0.10669325359293111,0.2981363057246956,0.03444429979255887,0.29913268658620984,0.031668873440514805,1.5340936748528782,0.0017286932727541213,0.034093674852878175,0,0,FOLLOWING,1.5340533021440474,0.256551064049034,0
1.856,0.42626089405000905,0.01410567879477919,0.06003280922915305,1.956,0.10856824064626233,0.29715320184401783,0.03404875936159593,0.29814094085543413,0.03129949657102906,1.5326528986904449,0.0016396475808192826,0.032652898690444854,0,0,FOLLOWING,1.53261788852295,0.25658410733827236,0
1.8880000000000001,0.4357525653685179,0.01467976717978529,0.061023021489474125,1.964,0.1104416267977115,0.296179239638496,0.03366797076264977,0.29715666596351126,0.030944135906351908,1.5312447731225696,0.001556386683860267,0.03124477312256957,0,0,FOLLOWING,1.531214471376582,0.2566117070107503,0
1.92,0.4452125243986373,0.015261302730079484,0.06200228706673459,1.972,0.11231338442310969,0.2952159539650656,0.03330111288957769,0.2961816794058414,0.030602051973517567,1.5298689820419695,0.001478505787960868,0.029868982041969527,0,0,FOLLOWING,1.5298428155408912,0.25663451591498887,0
1.952,0.454641117311566,0.015850143367165902,0.06297100706154116,1.98,0.11418348592230156,0.29426461867191106,0.03294737018705983,0.29521750035930544,0.030272502438100854,1.5285251608182882,0.0014056216231775468,0.028525160818288153,0,0,FOLLOWING,1.528502627392813,0.2566531061399513,0
1.984,0.4640387305242618,0.016446155246652036,0.06392955900154741,1.988,0.11605190371955236,0.29332628079459755,0.03260594049241987,0.2942653883714686,0.029954750645253304,1.5272129046046428,0.001337372435657139,0.027212904604642763,0,0,FOLLOWING,1.5271935643630257,0.2566679789574326,0
2.016,0.4734057834845274,0.017049212161460412,0.06487829724562531,1.996,0.11791861026395446,0.2924017906724303,0.03227604131832863,0.29332637748709806,0.029648072570465242,1.5259317755522117,0.0012734177532731925,0.02593177555221171,0,0,FOLLOWING,1.5259152432129837,0.25667957355242815,0
2.048,0.4827427224185502,0.017659194978819105,0.06581755356595823,2.004,0.11978357802983368,0.29149182841936017,0.03195691477941824,0.29240130628743644,0.029351762379624193,1.5246813090636595,0.0012134379678735568,0.024681309063659507,0,0,FOLLOWING,1.5246672472236287,0.25668827468682665,0
2.08,0.49205001492384937,0.018275991111258126,0.06674763786938345,2.012,0.12164677951715511,0.2905969271470748,0.03164783134735622,0.29149084427975097,0.02906513678055553,1.5234610192022136,0.0011571337717483782,0.02346101920221355,0,0,FOLLOWING,1.5234491324273594,0.2566944194248383,0
2.112,0.5013281453034225,0.018899494021301862,0.06766883902459982,2.02,0.12350818725192862,0.28971749330238367,0.03134809260105974,0.29059551503731973,0.028787538331312413,1.5222704033603758,0.0011042254809367905,0.02227040336037578,0,0,FOLLOWING,1.522260433000411,0.25669830303350116,0
2.144,0.5105776105485691,0.01952960275913423,0.06858142576662955,2.028,0.12536777378661412,0.28885382444708574,0.031057033121626196,0.28971571645392374,0.028518337854375696,1.5211089462806182,0.0010544522734616535,0.021108946280618213,0,0,FOLLOWING,1.521100665919681,0.2567001841582286,0
2.176,0.519798916888444,0.020166221532199383,0.06948564765419186,2.036,0.12722551170052604,0.28800612477648657,0.030774021665417987,0.2888517384425378,0.02825693609014359,1.5199761235098403,0.001007571366519494,0.01997612350984035,0,0,FOLLOWING,1.519969334976144,0.2567002893614927,0
2.208,0.5289925768339366,0.02080925930547259,0.07038173605946134,2.044,0.1290813736002379,0.28717451864281135,0.030498461733641236,0.28800377837547214,0.028002764708965896,1.5188714043598734,0.0009633571530046348,0.018871404359873445,0,0,FOLLOWING,1.5188659342263295,0.25669881710224146,0
2.24,0.5381591066520348,0.021458629430976935,0.07126990517305803,2.052,0.13093533211998604,0.28635906232201214,0.030229791642762988,0.28717195453303584,0.027755286787125463,1.5177942544377427,0.0009216003145094132,0.01779425443774274,0,0,FOLLOWING,1.5177899509537016,0.25669594122433737,0
2.2720000000000002,0.5472990242145049,0.022114249305018922,0.07215035301008703,2.06,0.13278735992207336,0.28555975423693564,0.02996748418724238,0.28635631779973497,0.02751399683964742,1.5167441378017732,0.0008821069250806585,0.016744137801773196,0,0,FOLLOWING,1.5167408682032122,0.25669181401410174,0
2.3040000000000003,0.5564128471715624,0.022776040051558494,0.07302326240566048,2.068,0.13463742969727222,0.28477654382644807,0.029711045974294022,0.2855568618212987,0.027278420491622775,1.5157205187927796,0.0008446975574839116,0.01572051879277958,0,0,FOLLOWING,1.5157181669446125,0.2566865688797935,0
2.336,0.565501091407288,0.023443926230109796,0.07388880199059605,2.076,0.1364855141652273,0.28400933922885946,0.02946001649973429,0.2847735318122999,0.02704811385872105,1.5147228635835228,0.0008092064015315786,0.014722863583522816,0,0,FOLLOWING,1.5147213279133087,0.2566803226994533,0
2.368,0.5745642697389574,0.0241178355665763,0.07474712713996146,2.084,0.1383315860748577,0.2832580139287293,0.029213967024348978,0.2840062321827473,0.02682266269863208,1.5137506414842092,0.0007754804021054412,0.013750641484209236,0,0,FOLLOWING,1.5137498331714683,0.25667317787790583,0
2.4,0.5836028908272181,0.02479769870545524,0.07559838088882044,2.092,0.140175618204759,0.2825224124987832,0.028972499301590737,0.283254833132671,0.0266016813861181,1.5128033260370606,0.00074337842285363,0.01280332603706058,0,0,FOLLOWING,1.5128031674267592,0.2566652241487495,0
2.432,0.5926174582682788,0.025483448981891865,0.07644269481098771,2.1,0.1420175833636044,0.2818023555530712,0.02873524419973587,0.282519176346279,0.026384811757031657,1.511880395928752,0.0007127704401142381,0.011880395928751897,0,0,FOLLOWING,1.5118808191413515,0.2566565401527829,0
2.464,0.6016084698429879,0.026175022212125348,0.07728018985782258,2.108,0.1438574543905458,0.2810976440135463,0.028501860254807474,0.2817990799016658,0.02617172185953699,1.5109813357458173,0.0006835367704093043,0.010981335745817278,0,0,FOLLOWING,1.510982281459647,0.256647194820479,0
2.496,0.6105764169009472,0.026872356500934468,0.07811097715512899,2.116,0.14569520415561438,0.28040806277978897,0.028272032184562278,0.2810943424979781,0.025962104644931618,1.510105636594857,0.0006555673338217856,0.010105636594857081,0,0,FOLLOWING,1.5101070529795408,0.2566372485827246,0
2.528,0.6195217838606809,0.027575392064764895,0.07893515875708976,2.124,0.14753080556012044,0.2797333838805319,0.028045469388572802,0.2804047470895528,0.025755676624961078,1.509252796606516,0.00062876095470836,0.0092527966065159,0,0,FOLLOWING,1.5092546383887895,0.25662675443108385,0
2.56,0.6284450478093835,0.028284071069297107,0.07975282835687526,2.132,0.14936423153705322,0.2790733691758109,0.02782190445482217,0.2797300640054035,0.02555217651789963,1.5084223213396921,0.0006030247004827906,0.008422321339692118,0,0,FOLLOWING,1.5084245489852348,0.2566157588462119,0
2.592,0.6373466781879766,0.028998337480290695,0.08056407195414755,2.14,0.1511954550514798,0.2784277726698781,0.027601091689259803,0.2790700536226257,0.02535136390152972,1.5076137241002472,0.0005782732586160773,0.007613724100247188,0,0,FOLLOWING,1.507616303097171,0.2566043026107701,0
2.624,0.6462271365517274,0.0297181353313955,0.08136896795932802,2.148,0.15302444910094398,0.27779634252054664,0.027382806408288236,0.27842446468024074,0.025153001612250786,1.506826526314512,0.0005544299275955511,0.0068265263145119714,0,0,FOLLOWING,1.5068294265459723,0.2565924215211621,0
2.656,0.6550868763854778,0.030443410458793924,0.08216758835035176,2.156,0.1548511867158642,0.2771788227132965,0.027166843298856373,0.2777930446681693,0.02495688863443675,1.506060257569906,0.0005314242669534341,0.006060257569906025,0,0,FOLLOWING,1.5060634527646721,0.25658014701065507,0
2.688,0.6639263429792155,0.03117411164515471,0.08295999965499375,2.164,0.1566756409599314,0.27657495445839214,0.02695301429492562,0.27717554038719106,0.02476285465036708,1.505314455636449,0.0005091903126658998,0.005314455636449056,0,0,FOLLOWING,1.5053179228877782,0.2565675066948881,0
2.72,0.6727459733513995,0.03191018901531211,0.08374626300760957,2.172,0.1584977849305061,0.2759844774089331,0.026741147335474245,0.27657169238881496,0.024570731115922964,1.5045886666666182,0.0004876675390148161,0.004588666666618169,0,0,FOLLOWING,1.504592386011044,0.2565545248494125,0
2.7520000000000002,0.681546196200531,0.03265159470528148,0.08452643440304698,2.18,0.16031759175901522,0.2754071306764799,0.02653108505294001,0.2759812416663171,0.024380357421305374,1.503882445181412,0.00046680012157053474,0.0038824451814118977,0,0,FOLLOWING,1.5038863992299347,0.25654122282771796,0
2.7840000000000003,0.6903274318953966,0.033398282373793275,0.08530056520243896,2.188,0.16213503461134818,0.27484265369687616,0.02632268363088268,0.27540392785111184,0.024191588762956826,1.503195354113933,0.0004465367168387247,0.0031953541139329023,0,0,FOLLOWING,1.5031995277291443,0.25652761942714586,0
2.816,0.6990900924933782,0.03415020533860889,0.0860687029747159,2.196,0.16395008668825253,0.2742907869971672,0.02611581204620923,0.2748394863320475,0.02400430663477861,1.502526964946009,0.00042683082080662016,0.0025269649460089028,0,0,FOLLOWING,1.5025313449594948,0.2565137312091697,0
2.848,0.7078345817725635,0.03490731785725437,0.08683089153889123,2.2039999999999997,0.16576272122572924,0.27375127280865286,0.0259103510633272,0.27428765699527163,0.02381839385157131,1.5018768575653614,0.0004076398450031382,0.0018768575653613784,0,0,FOLLOWING,1.5018814325302667,0.2564995727797323,0
2.88,0.7165612952925544,0.035669575087343156,0.08758717129984324,2.2119999999999997,0.1675729114954274,0.2732238555765256,0.025706192283641217,0.27374818165148695,0.02363374372156136,1.5012446202044043,0.0003889247753560837,0.0012446202044043009,0,0,FOLLOWING,1.5012493801788298,0.25648515703460734,0
2.912,0.7252706204690427,0.03643693302316387,0.08833757955779831,2.2199999999999998,0.16938063080503818,0.2727082823820611,0.025503237258905957,0.2732208043968992,0.02345025922434278,1.5006298493675643,0.00037064987450599607,0.0006298493675642725,0,0,FOLLOWING,1.5006347857249598,0.25647049537414407,0
2.944,0.7339629366611682,0.03720934843619611,0.08908215079270108,2.2279999999999998,0.1711858524986884,0.2722043032900011,0.025301396666395824,0.2727052720146047,0.023267852226078065,1.5000321497457736,0.0003527824080502978,3.2149745773590865e-05,0,0,FOLLOWING,1.500037255008969,0.2564555978912124,0
2.976,0.7426386152696131,0.03798677882014097,0.0898209169251695,2.2359999999999998,0.17298854995733381,0.2717116716319245,0.02510058954323934,0.27220133431419075,0.023086442747776933,1.4994511341200945,0.00033529239253997367,-0.0005488658799055468,0,0,FOLLOWING,1.4994564018160228,0.2564404735356852,0
3.008,0.7512980198434546,0.03876918234011632,0.09055390755567695,2.2439999999999998,0.1747886965991514,0.27123014423489816,0.024900742577075977,0.27170874440933096,0.02290595828489703,1.498886423256457,0.0003181523637239697,-0.0011135767435430655,0,0,FOLLOWING,1.498891847788996,0.2564251302583854,0
3.04,0.7599415061940608,0.03955651778566501,0.09128115018353809,2.252,0.17658626587993148,0.2707594816034035,0.024701789450092472,0.2712272589414787,0.022726333176203206,1.4983376457932387,0.000301337163612192,-0.0016623542067613073,0,0,FOLLOWING,1.4983432223319137,0.2564095751370579,0
3.072,0.7685694225145606,0.0403487445272538,0.09200267040719481,2.26,0.17838123129346906,0.2702994480614159,0.024503670233438597,0.27075663825748103,0.022547508019395444,1.4978044381231537,0.000284823744996221,-0.0021955618768463303,0,0,FOLLOWING,1.497810162505723,0.2563938144866096,0
3.104,0.7771821095036411,0.04114582247597155,0.09271849210722234,2.268,0.18017356637195459,0.26984981186054796,0.024306330829024485,0.2702966465478948,0.022369429131122456,1.497286444270708,0.00026859099213158433,-0.0027135557292921053,0,0,FOLLOWING,1.4972923129179074,0.25637785395557516,0
3.136,0.7857799004926064,0.04194771204615855,0.09342863761339244,2.276,0.1819632446863645,0.2694103452593332,0.024109722455725725,0.2698470519518502,0.02219204804875592,1.4967833157662955,0.0002526195563600509,-0.00321668423370447,0,0,FOLLOWING,1.4967893256072184,0.2563616986105345,0
3.168,0.7943631215747958,0.04275437412072526,0.09413312785705338,2.284,0.1837502398468506,0.268980824578011,0.02391380117708951,0.26940762663348455,0.022015321071540892,1.4962947115178367,0.00023689170551578762,-0.003705288482163338,0,0,FOLLOWING,1.4963008599246308,0.2563453530099807,0
3.2,0.8029320917365961,0.0435657700189415,0.09483198251000292,2.292,0.18553452550312946,0.26856103023255,0.02371852746771699,0.26897814683423743,0.02183920883851247,1.4958202976807333,0.00022139118603389796,-0.004179702319266676,0,0,FOLLOWING,1.4958265824114498,0.25632882126895423,0
3.232,0.8114871229893974,0.04438186146649257,0.09552522011095368,2.3,0.18731607534487085,0.26815074675111816,0.023523865815602184,0.26855839290471967,0.021663675940740344,1.4953597475267986,0.000206103096750343,-0.004640252473201434,0,0,FOLLOWING,1.4953661666753764,0.25631210711559993,0
3.2640000000000002,0.8200285205019495,0.04520261056762289,0.09621285818061545,2.308,0.18909486310208568,0.2677497627757466,0.02332978435782381,0.2681481493193127,0.021488690565622384,1.4949127413127021,0.00019101377344651893,-0.005087258687297869,0,0,FOLLOWING,1.4949192932652013,0.2562952139406514,0
3.2960000000000003,0.8285565827326535,0.046027979779199986,0.09689491332634514,2.316,0.19087086254551344,0.26735787105154146,0.02313625454710206,0.2677472046762086,0.021314224170871143,1.4944789661484088,0.00017611068326038593,-0.005521033851591195,0,0,FOLLOWING,1.494485649544709,0.2562781448407281,0
3.3280000000000003,0.8370716015614049,0.046857931886548375,0.09757140133724355,2.324,0.19264404748700892,0.26697486840545814,0.022943250846881744,0.2673553516852108,0.02114025118596441,1.4940581158659911,0.0001613823281497173,-0.005941884134008868,0,0,FOLLOWING,1.4940649295662758,0.2562609026562166,0
3.36,0.8455738624206631,0.047692429980915246,0.09824233727051516,2.332,0.1944143917799283,0.26660055571636293,0.022750750452712982,0.2669723871452998,0.020966748739139153,1.493649890889152,0.00014681815665197606,-0.00635010911084799,0,0,FOLLOWING,1.4936568339445835,0.2562434900044125,0
3.392,0.8540636444254782,0.04853143743844453,0.09890773552984196,2.34,0.19618186931951495,0.2662347378778557,0.02255873303785351,0.26659811191362787,0.020793696407800256,1.4932539981037245,0.00013240848324191923,-0.0067460018962755,0,0,FOLLOWING,1.4932610697307838,0.25622590930851524,0
3.424,0.8625412205022517,0.04937491790054349,0.09956760993646438,2.348,0.1979464540432841,0.26587722375511325,0.022367180521141866,0.26623233086744397,0.020621075990641637,1.4928701507293771,0.00011814441464395863,-0.007129849270622879,0,0,FOLLOWING,1.4928773502874142,0.25620816282299214,0
3.456,0.8710068575160466,0.05022283525553978,0.10022197379360508,2.356,0.19970811993140714,0.2655278261368301,0.022176076855317445,0.26587485286014456,0.020448871299596726,1.492498068192717,0.00010401778250662685,-0.007501931807283091,0,0,FOLLOWING,1.492505395164306,0.25619025265576706,0
3.488,0.8794608163962979,0.0510751536215326,0.10087083994482376,2.364,0.20146684100709553,0.2651863616831759,0.021985407834095798,0.265525490672538,0.020277067970192318,1.4921374760019341,9.002108189214153e-05,-0.007862523998065862,0,0,FOLLOWING,1.4921449299756913,0.2561721807876312,0
3.52,0.8879033522593207,0.05193183792560107,0.1015142206437204,2.372,0.20322259133698362,0.26485265085625675,0.021795160825965887,0.2651840628008558,0.02010564756611991,1.491788105564227,7.614720113831297e-05,-0.00821189443577297,0,0,FOLLOWING,1.491795686219748,0.25615394908921807,0
3.552,0.8963347145316316,0.052792853913272236,0.10215212757770951,2.38,0.20497534503151113,0.26452651784989567,0.021605324546381866,0.2648503917199088,0.019934592394086858,1.4914496940583974,6.238937794836306e-05,-0.008550305941602554,0,0,FOLLOWING,1.4914574011530757,0.25613555933585214,0
3.584,0.9047551470739673,0.05365816645775163,0.10278457241315313,2.388,0.206725076245305,0.26420779056046406,0.02141588911984095,0.26452429844913644,0.01976390179635275,1.4911219844813095,4.874176902840144e-05,-0.008878015518690496,0,0,FOLLOWING,1.4911298178388865,0.2561170132205343,0
3.616,0.9131648882925362,0.05452774057679913,0.10341156653763202,2.396,0.20847175917756033,0.2638963005262918,0.021226845946479007,0.2642056107355457,0.019593567060885476,1.4908047254336962,3.5199016831827246e-05,-0.009195274566303757,0,0,FOLLOWING,1.4908126849342045,0.2560983123652977,0
3.648,0.9215641712576751,0.05540154144319871,0.10403312109550691,2.404,0.21021536807242086,0.2635918828648126,0.021038187573822933,0.26389416010714506,0.01942358058704941,1.4904976709993634,2.1756195000874338e-05,-0.009502329000636633,0,0,FOLLOWING,1.490505756570328,0.2560794583311362,0
3.68,0.9299532238186121,0.05627953437408279,0.10464924702033852,2.412,0.21195587721935893,0.26329437620897894,0.02084990758041795,0.26358978168541863,0.019253935787334323,1.4902005806304481,8.408771353204947e-06,-0.009799419369551865,0,0,FOLLOWING,1.490208792239199,0.25606045262668564,0
3.712,0.9383322687203598,0.0571616827657911,0.10525995419382747,2.42,0.21369326095355443,0.2630036226939761,0.02066200150516452,0.2632923074996809,0.01908459979125383,1.489913219246446,-4.845183654400564e-06,-0.01008678075355407,0,0,FOLLOWING,1.4899215568935003,0.2560412967158118,0
3.744,0.9467015237029264,0.05804795161528583,0.10586525291985015,2.428,0.21542749365627317,0.26271946784750827,0.02047446582116002,0.2630015842088277,0.018915585791505804,1.4896353567679115,-1.8008832529933794e-05,-0.010364643232088522,0,0,FOLLOWING,1.4896438204810212,0.2560219920242427,0
3.7760000000000002,0.9550612016207328,0.058938306466539206,0.10646515355961506,2.436,0.21715854975524487,0.26244176051303264,0.0202872976065418,0.2627174588412025,0.018746895579823154,1.489366768103601,-3.1085512898237904e-05,-0.010633231896399087,0,0,FOLLOWING,1.4893753579325943,0.25600253994536587,0
3.8080000000000003,0.9634115105473776,0.059832712980113945,0.10705966639842504,2.444,0.2188864037250401,0.2621703527867649,0.020100494473429247,0.26243978033333837,0.018578526784186835,1.489107233089404,-4.407832730689287e-05,-0.010892766910596041,0,0,FOLLOWING,1.4891159491016994,0.2559829418452911,0
3.84,0.9717526538779848,0.06073113691534716,0.10764880165974969,2.452,0.22061103008744662,0.26190509995557754,0.01991405450826722,0.2621684007992596,0.018410477472305804,1.4888565363868982,-5.6990155328714986e-05,-0.011143463613101812,0,0,FOLLOWING,1.4888653786635793,0.25596319906727355,0
3.872,0.9800848304307948,0.06163354412244265,0.10823256951786829,2.46,0.22233240341184518,0.26164586043529403,0.019727976218978444,0.26190317553667386,0.01824274610697304,1.4886144673816537,-6.982367040667126e-05,-0.011385532618346295,0,0,FOLLOWING,1.48862343601405,0.2559433129355778,0
3.904,0.988408234546943,0.06253990053535123,0.1088109801091887,2.468,0.22405049831558455,0.2613924957094495,0.019542258487911766,0.26164396297180076,0.01807533150470455,1.4883808200832953,-8.258135554545244e-05,-0.011619179916704692,0,0,FOLLOWING,1.4883899151699904,0.2559232847588491,0
3.936,0.9967230561882874,0.06345017216508386,0.10938404354237553,2.476,0.22576528946435562,0.26114487026861577,0.019356900529838014,0.26139062459870493,0.01790823279851382,1.488155393027488,-9.526551776893598e-05,-0.011844606972511995,0,0,FOLLOWING,1.4881646146717133,0.25590311583305586,0
3.968,1.0050294810332785,0.06436432509342467,0.109951769907399,2.484,0.2274767515725651,0.2609028515503799,0.01917190185434197,0.2611430249186228,0.01774144940419827,1.4879379891798603,-0.00010787830144420862,-0.01206201082013969,0,0,FOLLOWING,1.487947337487219,0.25588280744405684,0
4.0,1.0133276905708988,0.06528232546702366,0.1105141692836086,2.492,0.22918485940370834,0.2606663098800478,0.018987262232081966,0.26090103137989934,0.017574980989855396,1.4877284158418356,-0.0001204217005732061,-0.012271584158164428,0,0,FOLLOWING,1.487737890918318,0.2558623608698399,0
4.032,1.02161786219269,0.06620413949185086,0.11107125174692131,2.5,0.23088958777074142,0.2604351184121321,0.018802981664436044,0.26066451431865645,0.017408827448212726,1.487526484558353,-0.00013289757013976164,-0.012473515441647098,0,0,FOLLOWING,1.4875360865086096,0.2558417773824716,0
4.064,1.0299001692828975,0.06712973342799346,0.11162302737620533,2.508,0.23259091153645267,0.260209153072672,0.018619060356153426,0.260433346900238,0.017242988871492445,1.4873320110274526,-0.00014530763658955614,-0.012667988972547395,0,0,FOLLOWING,1.4873417399532887,0.25582105824979556,0
4.096,1.0381747813067566,0.06805907358478008,0.112169506258933,2.516,0.23428880561383317,0.25998829250242184,0.018435498690658848,0.2602074050615083,0.017077465528568425,1.4871448150117001,-0.00015765350751613394,-0.01285518498829985,0,0,FOLLOWING,1.4871546710107664,0.2558002047369112,0
4.128,1.0464418638969488,0.06899212631621536,0.11271069849616834,2.524,0.23598324496644676,0.2597724180009393,0.018252297207725775,0.25998656745400817,0.016912257844174914,1.4869647202514182,-0.00016993668061479617,-0.013035279748581763,0,0,FOLLOWING,1.486974703416072,0.2557792181074575,0
4.16,1.0547015789382608,0.06992885801670988,0.11324661420694729,2.532,0.23767420460879926,0.25956141347159406,0.018069456583260844,0.2597707153880253,0.01674736637993468,1.4867915543797012,-0.0001821585519622554,-0.01320844562029877,0,0,FOLLOWING,1.4868016647960187,0.25575809962473,0
4.192,1.0629540846504715,0.07086923511709083,0.11377726353210704,2.54,0.23936165960670677,0.25935516536751396,0.017886977610983814,0.2595597327775817,0.016582791817126893,1.4866251488391804,-0.0001943204236759255,-0.0133748511608196,0,0,FOLLOWING,1.4866353865860995,0.2557368505526488,0
4.224,1.0711995356694994,0.07181322408087995,0.11430265663760993,2.548,0.24104558507766352,0.2591535626384792,0.01770486118581231,0.2593535060863661,0.01641853494090895,1.4864653388005142,-0.0002064235109979495,-0.013534661199485765,0,0,FOLLOWING,1.4864757039490926,0.25571547215659635,0
4.256,1.0794380831268442,0.07276079140082498,0.11482280371740909,2.556,0.2427259561912085,0.25895649667877096,0.017523108288785474,0.25915192427461287,0.016254596625994155,1.4863119630825659,-0.0002184689488496233,-0.013688036917434143,0,0,FOLLOWING,1.4863224556953383,0.2556939657041439,0
4.288,1.0876698747273472,0.07371190359567249,0.11533771499589592,2.564,0.24440274816929194,0.2587638612759776,0.017341719973382495,0.25895487874693723,0.016090977823568546,1.486164864074246,-0.0002304577978950867,-0.013835135925754027,0,0,FOLLOWING,1.486175484204672,0.2556723324656771,0
4.32,1.095895054825308,0.07466652720717076,0.11584740072996487,2.572,0.24607593628664035,0.2585755525607583,0.017160697353104562,0.2587622633011356,0.01592767954934989,1.4860238876579857,-0.0002423910501505727,-0.013976112342014346,0,0,FOLLOWING,1.4860346353499714,0.25565057371493616,0
4.352,1.104113764498983,0.0756246287972906,0.11635187121073007,2.58,0.24774549587112144,0.25839146895756027,0.016980041590211593,0.2585739740779339,0.015764702872701753,1.4858888831348094,-0.0002542696341715639,-0.01411111686519062,0,0,FOLLOWING,1.4858997584223004,0.2556286907294781,0
4.384,1.1123261416235013,0.07658617494565392,0.1168511367649277,2.588,0.2494114023041076,0.2582115111362848,0.01679975388550877,0.25838990951170304,0.015602048906806162,1.4857597031509786,-0.00026609441985275817,-0.014240296849021394,0,0,FOLLOWING,1.485770706057609,0.255606684791074,0
4.416,1.1205323209422255,0.07755113224715991,0.1173452077560272,2.596,0.2510736310208391,0.2580355819648953,0.016619835469095574,0.25820997028211956,0.01543971879957342,1.4856362036261763,-0.0002778662228630907,-0.014363796373823678,0,0,FOLLOWING,1.4856473341649712,0.25558455718604695,0
4.448,1.128732434136589,0.07851946730979914,0.11783409458508477,2.604,0.25273215751078637,0.2578635864629573,0.01644028759199618,0.2580340592667607,0.015277713725588464,1.4855182436832,-0.00028958580874949297,-0.014481756316800043,0,0,FOLLOWING,1.485529501856323,0.2555623092055591,0
4.48,1.1369266098944402,0.07949114675264603,0.11831780769135644,2.612,0.25438695731801114,0.25769543175610204,0.016261111518594443,0.25786208149465234,0.015116034878592087,1.4854056855791369,-0.0003012538967269301,-0.01459431442086312,0,0,FOLLOWING,1.4854170713776766,0.2555399421458544,0
4.5120000000000005,1.1451149739769226,0.08046613720402175,0.11879635755269835,2.62,0.2560380060415275,0.25753102703140107,0.016082308519814664,0.25769394410072266,0.014954683464830896,1.4852983946379892,-0.0003128711631823905,-0.014701605362010817,0,0,FOLLOWING,1.485309908041782,0.2555174573084618,0
4.5440000000000005,1.1532976492839226,0.08144440529981868,0.11926975468577197,2.628,0.25768527933566115,0.25737028349364055,0.015903879866980337,0.2575295562811761,0.014793660696971873,1.4851962391847222,-0.00032443824491119877,-0.014803760815277789,0,0,FOLLOWING,1.4852078801622028,0.25549485600036387,0
4.5760000000000005,1.1614747559181096,0.08242591768197838,0.1197380096460752,2.636,0.25932875291040897,0.2572131143224826,0.015725826826301612,0.2573688292497667,0.01463296778864399,1.4850990904807047,-0.00033595574210655565,-0.014900909519295347,0,0,FOLLOWING,1.485110858988788,0.2554721395341354,0
4.6080000000000005,1.169646411247601,0.08341064099711618,0.120201133027815,2.644,0.2609684025317967,0.25705943463050007,0.015548150653939195,0.2572116761949579,0.01447260594950766,1.4850068226605173,-0.00034742422111926075,-0.014993177339482688,0,0,FOLLOWING,1.4850187186444994,0.2554493092280555,0
4.64,1.1778127299672811,0.08439854189528469,0.12065913546363924,2.652,0.26260420402223666,0.2569091614220705,0.015370852591596713,0.2570580122379574,0.01431257638083607,1.4849193126700946,-0.0003588442170050915,-0.015080687329905418,0,0,FOLLOWING,1.4849313360635756,0.2554263664061972,0
4.672,1.1859738241587958,0.08538958702886955,0.12111202762424254,2.66,0.264236133260884,0.256762213553117,0.015193933862604937,0.25690775439161473,0.014152880271584388,1.4848364402061816,-0.0003702162358760891,-0.015163559793818449,0,0,FOLLOWING,1.4848485909310085,0.25540331239849545,0
4.704,1.1941298033492576,0.08638374305161108,0.12155982021785948,2.668,0.26586416618399256,0.2566185116916792,0.015017395668450976,0.2567608215201562,0.013993518794876546,1.4847580876570692,-0.00038154075706919865,-0.015241912342930819,0,0,FOLLOWING,1.4847703656232916,0.2553801485407982,0
4.736,1.202280774568682,0.0873809766177453,0.12200252398965805,2.676,0.2674882787852696,0.25647797827930163,0.01484123918572343,0.25661713429976535,0.01383449310487259,1.4846841400445914,-0.00039281823514679404,-0.015315859955408628,0,0,FOLLOWING,1.4846965451504326,0.25535687617490155,0
4.768,1.210426842406187,0.08838125438125892,0.12244014972104465,2.684,0.2691084471162296,0.2563405374932244,0.014665465563434546,0.2564766151799639,0.013675804334026457,1.4846144849673482,-0.00040404910174042513,-0.015385515032651842,0,0,FOLLOWING,1.4846270170991884,0.2553334966485713,0
4.8,1.2185681090649754,0.08938454299525181,0.1228727082288936,2.692,0.27072464728654794,0.25620611520936115,0.014490075920692885,0.25633918834581215,0.013517453590701119,1.4845490125451368,-0.00041523376725190186,-0.015450987454863174,0,0,FOLLOWING,1.4845616715775067,0.25531001131555214,0
4.832,1.226704674416131,0.09039080911140253,0.12330021036470701,2.7,0.27233685546441255,0.25607463896605026,0.014315071344694355,0.25620477968088434,0.01335944195701624,1.4844876153645643,-0.00042637262241924934,-0.015512384635435694,0,0,FOLLOWING,1.4845004011601481,0.25528642153556663,0
4.864,1.2348366360512504,0.09140001937953099,0.12372266701371853,2.708,0.27394504787687585,0.25594603792856435,0.014140452889006365,0.25607331673101835,0.013201770487073139,1.4844301884258124,-0.00043746603976084486,-0.015569811574187575,0,0,FOLLOWING,1.484443100835459,0.255262728674304,0
4.896,1.2429640893339355,0.09241214044725382,0.12414008909394578,2.716,0.2755492008102049,0.25582024285436344,0.013966221572122548,0.25594472866883944,0.013044440205375834,1.484376629090537,-0.0004485143749045767,-0.015623370909463086,0,0,FOLLOWING,1.4843896679532793,0.2552389341034015,0
4.928,1.2510871274501725,0.09342713895972755,0.12455248755520199,2.724,0.27714929061023125,0.25569718605907743,0.01379237837625919,0.25581894625900037,0.012887452105526394,1.484326837030873,-0.00045951796781316945,-0.015673162969126908,0,0,FOLLOWING,1.484340002173953,0.25521503920041816,0
4.96,1.2592058414576173,0.09444498155947473,0.12495987337807218,2.732,0.2787452936826998,0.2555768013832034,0.013618924246379217,0.2556959018241783,0.012730807149144409,1.484280714179526,-0.00047047714391175444,-0.015719285820473994,0,0,FOLLOWING,1.4842940054184235,0.25519104534880177,0
4.992,1.2673203203338137,0.09546563488628997,0.1253622575728592,2.74,0.28033718649361644,0.25545902415950483,0.013445860089418974,0.2555755292117678,0.012574506264906457,1.4842381646809255,-0.0004813922151251648,-0.01576183531907449,0,0,FOLLOWING,1.484251581819395,0.2551669539378523,0
5.024,1.2754306510233657,0.09648906557721998,0.12575965117850982,2.748,0.2819249455695955,0.25534379118109674,0.013273186773701758,0.25545776376128526,0.012418550347933613,1.484199094843416,-0.0004922634808347814,-0.015800905156583944,0,0,FOLLOWING,1.4842126376735274,0.25514276636267663,0
5.056,1.2835369184840868,0.09751524026661522,0.12615206526151984,2.7560000000000002,0.2835085474982054,0.255231040670204,0.013100905128519162,0.25534254227245984,0.012262940259127992,1.4841634130924681,-0.0005030912287563583,-0.01583658690753187,0,0,FOLLOWING,1.4841770813946475,0.2551184840241418,0
5.088,1.2916392057321449,0.09854412558624848,0.12653951091483004,2.7640000000000002,0.28508796892831445,0.2551207122475799,0.012929015943868492,0.25522980297398257,0.012107676824894577,1.4841310299248849,-0.0005138757357506518,-0.01586897007511512,0,0,FOLLOWING,1.4841448234679642,0.2550941083288238,0
5.12,1.2997375938862306,0.09957568816549736,0.12692199925671094,2.7720000000000002,0.2866631865704344,0.25501274690257014,0.01275751997032663,0.2551194854929422,0.011952760836784338,1.4841018578639822,-0.000524617268567118,-0.015898142136017812,0,0,FOLLOWING,1.4841157764052486,0.2550696406889521,0
5.152,1.3078321622107616,0.10060989463158689,0.12729954142964567,2.7800000000000002,0.28823417719706457,0.2549070869638099,0.012586417919049945,0.25501153082488,0.01179819305143297,1.4840758114157284,-0.00053531608452978,-0.01592418858427158,0,0,FOLLOWING,1.484089854700976,0.25504508252235114,0
5.184,1.3159229881581511,0.10164671160988904,0.12767214859921017,2.7880000000000003,0.28980091764303423,0.25480367607054066,0.012415710461887091,0.25490588130450137,0.011643974190496311,1.4840528070258117,-0.0005459724321666137,-0.01594719297418834,0,0,FOLLOWING,1.4840669747893975,0.2550204352523799,0
5.216,1.3240101474101547,0.10268610572427606,0.12803983195295787,2.7960000000000003,0.29136338480584356,0.2547024591445344,0.01224539823159364,0.25480248057697885,0.011490104940757813,1.4840327630376289,-0.0005565865517906665,-0.015967236962371123,0,0,FOLLOWING,1.4840470550025298,0.2549957003078686,0
5.248,1.3320937139183173,0.10372804359752473,0.1284026026993077,2.8040000000000003,0.29292155564600536,0.2546033823626122,0.012075481822137038,0.25470127356989547,0.01133658595427547,1.4840155996511666,-0.0005671586760317704,-0.015984400348833416,0,0,FOLLOWING,1.4840300155290373,0.2549708791230534,0
5.28,1.3401737599435424,0.1047724918517682,0.12876047206644248,2.8120000000000003,0.2944754071873837,0.2545063931297449,0.01190596178908295,0.2546022064657541,0.011183417848654087,1.4840012388827584,-0.0005776890303289262,-0.015998761117241633,0,0,FOLLOWING,1.4840157783739927,0.2549459731375079,0
5.312,1.3482503560947958,0.10581941710899341,0.1291134513012158,2.8200000000000003,0.29602491651753354,0.25441144005272387,0.011736838650052287,0.25450522667508935,0.011030601207359431,1.4839896045257015,-0.0005881778333804433,-0.0160103954742985,0,0,FOLLOWING,1.4840042673194949,0.2549209837960747,0
5.344,1.3563235713669684,0.1068687859915806,0.12946155166807266,2.8280000000000003,0.29757006078803816,0.2543184729143902,0.011568112885243446,0.25441028281013217,0.010878136580119411,1.483980622111714,-0.0005986252975602457,-0.016019377888286,0,0,FOLLOWING,1.4839954078861246,0.2548959125487944,0
5.376,1.3643934731779122,0.10792056512288295,0.12980478444798416,2.8360000000000003,0.29911081721484617,0.2542274426484102,0.011399784938010133,0.2543173246590496,0.010726024483367153,1.4839742188732112,-0.0006090316292996778,-0.016025781126788763,0,0,FOLLOWING,1.4839891272952268,0.2548707608508336,0
5.408,1.3724601274046693,0.10897472112784366,0.1301431609373971,2.8440000000000003,0.30064716307860767,0.25413830131458603,0.011231855215487802,0.2542263031607134,0.010574265400726606,1.4839703237063913,-0.0006193970294386397,-0.01602967629360874,0,0,FOLLOWING,1.4839853544319934,0.25484553016240996,0
5.44,1.3805235984189104,0.11003122063364847,0.13047669244720345,2.8520000000000003,0.30217907572500874,0.2540510020746899,0.011064324089262279,0.2541371703800253,0.010422859783589474,1.483968867135104,-0.0006297216935509664,-0.016031132864896103,0,0,FOLLOWING,1.4839840198093335,0.25482022194871917,0
5.472,1.3885839491215992,0.11109003027041078,0.13080539030172517,2.8600000000000003,0.30370653256510616,0.2539654991688116,0.010897191896076642,0.2540498794837432,0.010271808051658282,1.483969781275492,-0.0006400058122404961,-0.01603021872450805,0,0,FOLLOWING,1.4839850555325182,0.2547948376798585,0
5.5040000000000004,1.3966412409769005,0.11215111667188807,0.13112926583772117,2.8680000000000003,0.3052295110756599,0.2538817478922076,0.010730458938568414,0.25396438471683425,0.010121110593572442,1.4839729998013895,-0.0006502495714165725,-0.016027000198610475,0,0,FOLLOWING,1.4839883952645765,0.2547693788307494,0
5.5360000000000005,1.404695534045345,0.11321444647622671,0.13144833040341367,2.8760000000000003,0.30674798879946574,0.2537997045726415,0.010564125486032892,0.2538806413793225,0.009970767767562774,1.4839784579104558,-0.0006604531525461753,-0.016021542089544205,0,0,FOLLOWING,1.4839939741924313,0.2547438468810597,0
5.5680000000000005,1.4127468870162734,0.1142799863267338,0.13176259535753607,2.8840000000000003,0.30826194334568596,0.2537193265482062,0.010398191775209991,0.25379860580364516,0.009820779902100394,1.4839860922910328,-0.0006706167328868196,-0.016013907708967157,0,0,FOLLOWING,1.4840017289937588,0.2547182433151258,0
5.6000000000000005,1.4207953572395666,0.11534770287267407,0.13207207206840355,2.8920000000000003,0.30977135239018,0.2536405721456158,0.010232658011086847,0.25371823533245863,0.009671147296611728,1.4839958410897118,-0.000680740485701159,-0.01600415891028817,0,0,FOLLOWING,1.484011597804552,0.2546925696218725,0
5.632,1.4288410007566843,0.11641756277008967,0.13237677191300493,2.9000000000000004,0.311276193675833,0.25356340065895977,0.010067524367717124,0.25363948829694355,0.00952187022214734,1.4840076438795913,-0.0006908245804547186,-0.015992356120408724,0,0,FOLLOWING,1.4840235201873828,0.25466682729473356,0
5.664,1.4368838723310229,0.1174895326826419,0.13267670627611775,2.908,0.31277644501288465,0.2534877723289071,0.009902790989049177,0.25356232399556083,0.009372948922104279,1.4840214416292126,-0.0007008691829972213,-0.015978558370787432,0,0,FOLLOWING,1.4840374371003364,0.2546410178315704,0
5.696,1.444924025477609,0.11856357928247231,0.13297188654944805,2.916,0.3142720842792561,0.25341364832235314,0.009738457989762634,0.2534867026732532,0.00922438361298819,1.484037176672161,-0.0007108744557324798,-0.01596282332783905,0,0,FOLLOWING,1.4840532908666129,0.25461514273459085,0
5.728,1.452961512492142,0.1196396692510822,0.13326232413079075,2.924,0.315763089420876,0.2533409907124978,0.009574525456112148,0.2534125855010985,0.009076174485081596,1.4840547926773133,-0.0007208405577715516,-0.015945207322686672,0,0,FOLLOWING,1.484071025144776,0.2545892035102679,0
5.76,1.4609963844793996,0.12071776928022895,0.1335480304232171,2.932,0.317249438452006,0.2532697624593474,0.009410993446768816,0.2533399345563821,0.008928321703260314,1.484074234619725,-0.0007307676450777623,-0.015925765380274903,0,0,FOLLOWING,1.484090584899639,0.2545632016692561,0
5.792,1.469028691381022,0.1217978460728374,0.13382901683428233,2.94,0.3187311094555647,0.25319992739063024,0.00924786199366798,0.2532687128031159,0.008780825407656834,1.4840954487521345,-0.0007406558705973787,-0.015904551247865495,0,0,FOLLOWING,1.4841119163737713,0.2545371387263089,0
5.824,1.4770584820026835,0.12287986634392546,0.13410529477526048,2.948,0.320208080583451,0.2531314501831174,0.009085131102851819,0.2531988840729398,0.008633685714468969,1.4841183825770805,-0.0007505053843837872,-0.015881617422919492,0,0,FOLLOWING,1.484134967059615,0.2545110162001941,0
5.856,1.4850858040406691,0.12396379682154192,0.13437687566039977,2.956,0.32168033005686625,0.25306429634434124,0.008922800755308775,0.2531304130464501,0.008486902716647546,1.4841429848196164,-0.0007603163337088215,-0.015857015180383627,0,0,FOLLOWING,1.4841596856721988,0.2544848356136129,0
5.888,1.4931107041078682,0.12504960424771608,0.13464377090620389,2.964,0.32314783616663534,0.2529984321947006,0.008760870907808737,0.25306326523492567,0.008340476484665378,1.4841692054006015,-0.000770088863168622,-0.015830794599398512,0,0,FOLLOWING,1.4841860221224314,0.2544585984931107,0
5.92,1.5011332277591942,0.1261372553794169,0.13490599193073483,2.972,0.32461057727352655,0.25293382484994775,0.008599341493733191,0.2529974069624255,0.008194407067223911,1.484196995410572,-0.0007798231147796431,-0.01580300458942796,0,0,FOLLOWING,1.4842139274909716,0.2544323063689976,0
5.952,1.5091534195164482,0.12722671698952157,0.13516355015294146,2.98,0.3260685318085713,0.2528704422040455,0.00843821242389373,0.25293280534828133,0.008048694492033371,1.4842263070841626,-0.000789519228069413,-0.01577369291583741,0,0,FOLLOWING,1.48424335400265,0.2544059607752575,0
5.984,1.5171713228926331,0.12831795586779157,0.13541645699200885,2.988,0.32752167827338163,0.25280825291238984,0.008277483587346209,0.25286942828996195,0.007903338766469838,1.4842570937750812,-0.0007991773401593294,-0.015742906224918807,0,0,FOLLOWING,1.4842742550014443,0.25437956324946664,0
6.016,1.5251869804157339,0.12941093882185595,0.13566472386673115,2.996,0.3289699952404673,0.252747226375388,0.008117154852193172,0.2528072444462903,0.0077583398783173645,1.4842893099316161,-0.000808797585841653,-0.01571069006838388,0,0,FOLLOWING,1.4843065849259869,0.25435311533270566,0
6.048,1.5332004336519722,0.1305056326782,0.1359083621949082,3.004,0.3304134613535519,0.25268733272238547,0.007957226066374033,0.2527462232210194,0.007613697796501396,1.4843229110726683,-0.0008183800976525046,-0.01567708892733166,0,0,FOLLOWING,1.4843402992855956,0.25432661856947314,0
6.08,1.541211723228551,0.1316020042831587,0.13614738339276206,3.012,0.33185205532788753,0.25262854279593466,0.007797697058447758,0.25268633474677493,0.00746941247171678,1.4843578537642952,-0.0008279250059369525,-0.015642146235704812,0,0,FOLLOWING,1.4843753546368217,0.25430007450759906,0
6.112,1.5492208888558954,0.13270002050391447,0.13638179887437787,3.02,0.3332857559505692,0.252570828136397,0.007638567638360942,0.2526275498693131,0.007325483837177019,1.4843940955967583,-0.0008374324389122667,-0.015605904403241722,0,0,FOLLOWING,1.4844117085604929,0.25427348469815847,0
6.144,1.5572279693494033,0.13379964822949741,0.13661162005116517,3.028,0.3347145420808468,0.25251416096687174,0.007479837598201971,0.25256984013213135,0.007181911809271105,1.4844315951620601,-0.0008469025227259007,-0.015568404837939864,0,0,FOLLOWING,1.4844493196392534,0.25424685069538144,0
6.176,1.5652330026507164,0.13490085437178828,0.13683685833134068,3.036,0.3361383926504375,0.2524585141784461,0.007321506712945909,0.2525131777613921,0.007038696288219193,1.4844703120319647,-0.00085633538150931,-0.015529687968035333,0,0,FOLLOWING,1.4844881474355838,0.25422017405656877,0
6.208,1.5732360258485196,0.13600360586652216,0.1370575251194311,3.044,0.3375572866638362,0.2524038613157571,0.007163574741184774,0.2524575356511809,0.0068958371587081865,1.4845102067364853,-0.0008657311374274945,-0.01548979326351474,0,0,FOLLOWING,1.48452815247029,0.2541934563420001,0
6.24,1.581237075198882,0.13710786967429342,0.13727363181579824,3.052,0.33897120319862495,0.25235017656285985,0.007006041425840753,0.25240288734906946,0.006753334290582696,1.4845512407428363,-0.0008750899107274889,-0.015448759257163713,0,0,FOLLOWING,1.484569296201453,0.2541666991148475,0
6.272,1.589236186145148,0.13821361278155977,0.13748518981618302,3.06,0.34038012140578183,0.2522974347293971,0.006848906494870515,0.2523492070419754,0.006611187539436332,1.484593376434833,-0.0008844118197813833,-0.015406623565167088,0,0,FOLLOWING,1.48461154100383,0.2541399039410866,0
6.304,1.5972333933373866,0.13932080220164653,0.13769221051126876,3.068,0.3417840205099879,0.252245611237061,0.006692169661952581,0.25229646954235,0.006469396747218344,1.484636577092734,-0.000893696981127845,-0.015363422907265889,0,0,FOLLOWING,1.484654850148699,0.2541130723894073,0
6.336,1.6052287306514104,0.14042940497574824,0.13789470528626607,3.076,0.34318287980993417,0.25219468210634277,0.006535830627160345,0.2522446502746211,0.006327961742903768,1.4846808068735173,-0.0009029455095116157,-0.015319193126482666,0,0,FOLLOWING,1.48469918778413,0.25408620603112364,0
6.368,1.6132222312073736,0.14153938817392914,0.1380926855205137,3.084,0.34457667867862607,0.2521446239435637,0.006379889077621216,0.2521937252619671,0.00618688234299752,1.484726030791575,-0.0009121575179190101,-0.015273969208424942,0,0,FOLLOWING,1.4847445189156858,0.25405930644008556,0
6.4,1.621213927387958,0.14265071889612038,0.1382861625871001,3.092,0.3459653965636884,0.2520954139281807,0.006224344688161725,0.25214367111332886,0.006046158352169689,1.4847722146998248,-0.0009213331176123052,-0.015227785300175212,0,0,FOLLOWING,1.4847908093875297,0.25403237519258826,0
6.432,1.6292038508561524,0.14376336427311415,0.138475147852502,3.1,0.34734901298766785,0.2520470298003614,0.006069197121937246,0.25209446501072846,0.00590578956380643,1.4848193252712254,-0.0009304724181620483,-0.015180674728774601,0,0,FOLLOWING,1.4848380258639418,0.254005413867281,0
6.464,1.6371920325726401,0.14487729146755385,0.13865965267624122,3.108,0.34872750754833515,0.25199944984882333,0.005914446031048589,0.2520460846968383,0.005765775760568878,1.48486732998069,-0.0009395755274772821,-0.015132670019309957,0,0,FOLLOWING,1.4848861358112322,0.25397842404507814,0
6.496,1.645178502812798,0.1459924676749202,0.13883968841055877,3.116,0.3501008599189859,0.25195265289893054,0.005760091057142406,0.25199850846282945,0.005626116714922373,1.4849161970873845,-0.0009486425518345221,-0.015083802912615463,0,0,FOLLOWING,1.4849351074800416,0.2539514073090684,0
6.5280000000000005,1.6531632911833196,0.14710886012451235,0.13901526640010592,3.124,0.35146904984874017,0.2519066183010427,0.005606131831998973,0.25195171513646103,0.005486812189687912,1.4849658956174068,-0.0009576735959049842,-0.015034104382593227,0,0,FOLLOWING,1.4849849098880192,0.2539243652444218,0
6.5600000000000005,1.6611464266384635,0.1482264360804237,0.13918639798165083,3.132,0.35283205716284144,0.2518613259191115,0.005452567978104266,0.25190568407043645,0.005347861938517556,1.4850163953468403,-0.0009666687627795656,-0.014983604653159732,0,0,FOLLOWING,1.4850355128028747,0.25389729943830086,0
6.5920000000000005,1.6691279374959458,0.1493451628425122,0.1393530944838028,3.14,0.3541898617629537,0.2518167561195186,0.005299399109208933,0.2518603951310039,0.005209265706445156,1.485067666785166,-0.0009756281539939903,-0.014932333214833893,0,0,FOLLOWING,1.4850868867257934,0.2538702114797691,0
6.6240000000000006,1.6771078514524733,0.15046500774736415,0.1395153672267513,3.148,0.355542443627458,0.25177288976015066,0.005146624830873137,0.2518158286867813,0.005071023230350744,1.485119681159035,-0.0009845518695517919,-0.014880318840964968,0,0,FOLLOWING,1.485139002875207,0.2538431029596971,0
6.656000000000001,1.6850861955989325,0.15158593816925195,0.1396732275220198,3.156,0.3568897828117478,0.25172970817970514,0.004994244740997091,0.2517719655978499,0.004933134239416629,1.4851724103963864,-0.000993440007945573,-0.014827589603613633,0,0,FOLLOWING,1.4851918331709117,0.2538159754706724,0
6.688,1.6930629964352377,0.1527079215210848,0.13982668667223674,3.164,0.3582318594485228,0.2516871931872242,0.004842258430337884,0.25172878720504804,0.004795598455670096,1.485225827110909,-0.0010022926661799048,-0.014774172889091108,0,0,FOLLOWING,1.4852453502185319,0.25378883060690727,0
6.72,1.7010382798848491,0.15383092525535205,0.13997575597091735,3.1719999999999997,0.359568653748082,0.2516453270518485,0.004690665483013865,0.2516862753195115,0.004658415594327096,1.4852799045868326,-0.0010111099397889234,-0.014720095413167433,0,0,FOLLOWING,1.4852995272943095,0.25376166996414473,0
6.752,1.7090120713089643,0.15495491686505905,0.14012044670226306,3.1799999999999997,0.3609001459986157,0.25160409249279025,0.004539465476994329,0.2516444122124296,0.004521585364326703,1.4853346167640529,-0.0010198919228569803,-0.014665383235947127,0,0,FOLLOWING,1.4853543383302277,0.253734495139569,0
6.784,1.7169843955203927,0.15607986388465542,0.14026077014097268,3.1879999999999997,0.3622263165664959,0.2515634726695168,0.004388657984576661,0.25160318060501824,0.004385107468710024,1.4853899382235662,-0.0010286387080362114,-0.014610061776433758,0,0,FOLLOWING,1.4854097578994498,0.25370730773171,0
6.816,1.7249552767971195,0.15720573389095463,0.14039673755206858,3.1959999999999997,0.3635471458965658,0.2515234511721437,0.004238242572851251,0.2515625636586991,0.0042489816050871815,1.485445844173226,-0.0010373503865651057,-0.014554155826774107,0,0,FOLLOWING,1.4854657612020734,0.25368010934035123,0
6.848,1.7329247388955638,0.158332494504046,0.1405283601907337,3.2039999999999997,0.36486261451242846,0.25148401201203013,0.004088218804152197,0.25152254496550397,0.004113207465974307,1.4855023104338012,-0.0010460270482841594,-0.01449768956619879,0,0,FOLLOWING,1.4855223240511886,0.25365290156643716,0
6.88,1.7408928050635406,0.15946011338819707,0.14065564930216365,3.2119999999999997,0.36617270301673355,0.25144513961257453,0.003938586236497541,0.2514831085386623,0.003977784739267441,1.485559313425335,-0.0010546687816532507,-0.014440686574664907,0,0,FOLLOWING,1.485579422859237,0.2536256860119791,0
6.912,1.7488594980529313,0.16058855825274795,0.14077861612142883,3.2199999999999998,0.36747739209146396,0.2514068188002042,0.003789344424014611,0.2514442388034038,0.0038427131085483194,1.485616830153797,-0.0010632756737657123,-0.014383169846202914,0,0,FOLLOWING,1.4856370346246655,0.25359846427996174,0
6.944,1.7568248401320674,0.16171779685299587,0.14089727187335044,3.2279999999999998,0.36877666249822,0.2513690347955566,0.00364049291735618,0.2514059205879372,0.0037079922535294654,1.4856748381980234,-0.0010718478103647622,-0.014325161801976627,0,0,FOLLOWING,1.485695136918864,0.2535712379742501,0
6.976,1.7647888530978377,0.16284779699107094,0.14101162777238654,3.2359999999999998,0.3700704950785035,0.25133177320484634,0.0034920312641024197,0.2513681391146564,0.003573621850362543,1.4857333156969357,-0.0010803852758568544,-0.014266684303064325,0,0,FOLLOWING,1.485753707873387,0.25354400869949506,0
7.008,1.772751558287521,0.16397852651680198,0.1411216950225312,3.2439999999999998,0.3713588707540002,0.25129502001141596,0.003343959009153667,0.25133087999147846,0.0034396015720481407,1.4857922413370368,-0.0010888881533264725,-0.014207758662963199,0,0,FOLLOWING,1.4858127261674479,0.2535167780610388,0
7.04,1.7807129873703242,0.1651099532908742,0.1412274195922218,3.252,0.3726417705268611,0.2512587593889025,0.003196307444027941,0.2512944628289264,0.003303892807435629,1.4858515836711372,-0.001097290261093925,-0.014148416328862767,0,0,FOLLOWING,1.485872160346796,0.2534895476648215,0
7.072,1.7886731505199802,0.1662420447654731,0.1413285805675625,3.26,0.3739191754799826,0.2512229784936986,0.003049212440243526,0.2512582196166403,0.0031612804835736284,1.4859113326920323,-0.0011053602176173682,-0.01408866730796765,0,0,FOLLOWING,1.4859320003970031,0.2534623191172867,0
7.104,1.7966320675978795,0.1673747663459288,0.14142517484513678,3.268,0.37519106677728525,0.2511876648131234,0.002902789897794714,0.25122244154108586,0.0030185711780082985,1.4859714691831287,-0.0011130821145801664,-0.014028530816871276,0,0,FOLLOWING,1.4859922270946724,0.2534350940252863,0
7.136,1.804589758519313,0.1685080834058966,0.14151720708418633,3.276,0.376457425663992,0.25115280610786994,0.0027571359634517537,0.2511871295352691,0.002876007473774589,1.4860319739762762,-0.001120447716949663,-0.013968026023723823,0,0,FOLLOWING,1.4860528212649462,0.25340787399598635,0
7.168,1.8125462428493109,0.16964196136391968,0.14160468816133362,3.284,0.3777182334669039,0.2511183904077088,0.0026123279451568176,0.251152272608617,0.0027337836640229482,1.4860928283405292,-0.0011274550071908307,-0.013907171659470752,0,0,FOLLOWING,1.4861137641702573,0.2533806606367727,0
7.2,1.8205015397658464,0.17077636572789787,0.14168763396658843,3.292,0.37897347159467654,0.25108440601521914,0.0024684256379791476,0.25111785886734417,0.0025920564171015535,1.4861540140115987,-0.0011341070148458143,-0.013845985988401255,0,0,FOLLOWING,1.486175037539772,0.2533534555551547,0
7.232,1.8284556680593702,0.17191126213163282,0.1417660643593857,3.3,0.3802231215380931,0.2510508415086209,0.0023254729000795,0.25108387658382647,0.0024509497775506515,1.486215513186419,-0.0011404107974216093,-0.01378448681358102,0,0,FOLLOWING,1.4862366235639566,0.2533262603586706,0
7.264,1.8364086461369944,0.17304661636307578,0.1418400022692357,3.308,0.38146716487033816,0.25101768574312167,0.0021834993562338907,0.251050314302114,0.0023105596852182235,1.4862773085142698,-0.0011463765598944686,-0.013722691485730243,0,0,FOLLOWING,1.4862985048856925,0.25329907665479273,0
7.296,1.8443604920280419,0.17418239438536448,0.14190947292642025,3.316,0.3827055832472689,0.2509849278509743,0.002042522138170355,0.2510171608481762,0.0021709580392158595,1.4863393830875518,-0.0011520168993012225,-0.013660616912448242,0,0,FOLLOWING,1.4863606645910539,0.2532719060508319,0
7.328,1.852311223390459,0.17531856235184423,0.141974503208984,3.324,0.38393835840768564,0.25095255724047066,0.0019025475960462324,0.25098440532993854,0.0020321963321314027,1.4864017204325577,-0.001157346161510947,-0.013598279567442306,0,0,FOLLOWING,1.4864230862000747,0.25324475015384224,0
7.36,1.8602608575178845,0.17645508661612602,0.14203512109314756,3.332,0.38516547217360136,0.25092056359406767,0.001763572935041344,0.250952037135534,0.0018943088819623041,1.4864643045002939,-0.0011623798980267275,-0.013535695499706124,0,0,FOLLOWING,1.486485753657569,0.2532176105705254,0
7.392,1.8682094113472258,0.1775919337380845,0.1420913551951779,3.34,0.3863869064505096,0.2508889368658135,0.001625587746353574,0.2509200459307687,0.0017573156901552597,1.4865271196573782,-0.0011671344114698448,-0.01347288034262184,0,0,FOLLOWING,1.4865486513240305,0.25319048890713425,0
7.424,1.8761569014666133,0.1787290704865672,0.142143234393676,3.348,0.38760264322765114,0.25085766727821057,0.001488575413657224,0.2508884216559853,0.0016212249546401145,1.4865901506770403,-0.0011716263792345971,-0.013409849322959744,0,0,FOLLOWING,1.4866117639666276,0.25316338676937844,0
7.456,1.8841033441236248,0.17986646383946994,0.14219078752216233,3.356,0.38881266457827984,0.2508267453186326,0.001352514385046059,0.25085715452246604,0.0014860352666620203,1.486653382730231,-0.001175872545640694,-0.013346617269768934,0,0,FOLLOWING,1.4866750767503185,0.2531363057623273,0
7.488,1.892048755233692,0.18100408098173382,0.1422340431227401,3.364,0.3900169526599268,0.2507961617353906,0.0012173793071905692,0.25082623500845846,0.001351737519422628,1.486716801376862,-0.0011798894737438115,-0.013283198623138093,0,0,FOLLOWING,1.4867385752290854,0.25310924749031455,0
7.5200000000000005,1.899993150388608,0.1821418893017326,0.14227302925248642,3.372,0.39121548971466347,0.2507659075335303,0.0010831420233377762,0.25079565385491187,0.0012183165558556867,1.4867803925571794,-0.0011836933487747447,-0.01321960744282058,0,0,FOLLOWING,1.486802245337313,0.25308221355684213,0
7.5520000000000005,1.9079365448650785,0.18327985638644417,0.14230777333505668,3.38,0.3924082580693636,0.25073597397042463,0.0009497724402906096,0.25076540206100106,0.0010857525815319061,1.4868441425832821,-0.0011872998259610246,-0.013155857416717875,0,0,FOLLOWING,1.486866073381304,0.2530552055644841,0
7.5840000000000005,1.915878953633258,0.1844179500157355,0.14233830205077333,3.388,0.3935952401359637,0.2507063525512193,0.0008172392718722598,0.2507354708794789,0.0009540223672939101,1.4869080381307893,-0.001190723916228431,-0.013091961869210689,0,0,FOLLOWING,1.4869300460309476,0.25302822511479045,0
7.6160000000000005,1.9238203913652347,0.18555613815603456,0.1423646412592098,3.396,0.39477641841172256,0.25067703502417515,0.0006855106679078836,0.25070585181191785,0.000823100264736179,1.4869720662306602,-0.0011939799039789036,-0.01302793376933975,0,0,FOLLOWING,1.486994150311542,0.25300127380819143,0
7.648000000000001,1.9317608724434212,0.1866943889536151,0.14238681594896951,3.404,0.39595177547947924,0.2506480133759449,0.000554554738604354,0.25067653660388806,0.000692959056042342,1.4870362142611695,-0.0011970812918001283,-0.012963785738830502,0,0,FOLLOWING,1.487058373595767,0.2529743532439003,0
7.68,1.9397004109688303,0.1878326707276786,0.14240485020999386,3.412,0.3971212940079098,0.2506192798268153,0.00042433998456865087,0.25064751724007717,0.00056357065802437,1.4871004699400392,-0.0012000407675665792,-0.012899530059960806,0,0,FOLLOWING,1.4871227035958199,0.2529474650198175,0
7.712,1.9476390207692076,0.1889709519633829,0.14241876722431748,3.42,0.398284956751783,0.2505908268259395,0.0002948356426757886,0.2506187859394141,0.0004349066985942454,1.4871648213167283,-0.0012028701899522154,-0.012835178683271664,0,0,FOLLOWING,1.4871871283557028,0.2529206107324343,0
7.744,1.955576715407008,0.19010920130493641,0.14242858927172014,3.428,0.39944274655221457,0.2505626470465794,0.00016601195771532358,0.2505903351501925,0.00030693898228847114,1.4872292567648773,-0.0012055805888857296,-0.012770743235122728,0,0,FOLLOWING,1.4872516362436705,0.25289379197673595,0
7.776,1.9635135081872,0.19124738754885187,0.14243433774720615,3.436,0.40059464633692027,0.2505347333813748,3.784038925136458e-05,0.2505621575452218,0.00017963985986763894,1.487293764974911,-0.0012081821779439117,-0.012706235025089052,0,0,FOLLOWING,1.4873162159448314,0.25286701034610604,0
7.808,1.971449412164889,0.19238547963743133,0.14243603318767545,3.444,0.40174063912046754,0.2505070789376527,-8.970623746051842e-05,0.25053424601701857,5.29825155750897e-05,1.4873583349467938,-0.0012106843760958108,-0.012641665053206186,0,0,FOLLOWING,1.4873808564539055,0.25284026743222954,0
7.84,1.9793844401527547,0.19352344665253648,0.1424336953055401,3.452,0.4028807080045258,0.2504796770327855,-0.0002166536283546942,0.2505065936730529,-7.305881584279673e-05,1.4874229559829377,-0.00121309583658899,-0.012577044017062278,0,0,FOLLOWING,1.487445547068131,0.25281356482499656,0
7.872,1.9873186047282967,0.19466125780968205,0.1424273430273836,3.46,0.4040148361781161,0.25045252118960903,-0.00034302595779974376,0.25047919383105155,-0.00019850869152313941,1.4874876176812628,-0.001215424481100652,-0.012512382318737192,0,0,FOLLOWING,1.487510277380328,0.25278690411240595,0
7.904,1.9952519182408852,0.1957988824524783,0.14241699453606982,3.468,0.40514300691785854,0.25042560513190354,-0.0004688458395099262,0.2504520400143659,-0.00032339035270978326,1.4875523099284034,-0.0012176775375791482,-0.012447690071596629,0,0,FOLLOWING,1.4875750372721033,0.2527602868804683,0
7.936,2.0031843928186217,0.19693629004743812,0.1424026673149736,3.476,0.40626520358821916,0.2503989227799445,-0.0005941343251418572,0.25042512594742344,-0.00044772565843344465,1.4876170228930616,-0.0012198615804576707,-0.012382977106938364,0,0,FOLLOWING,1.4876398169072054,0.25273371471310957,0
7.968,2.011116040375004,0.19807345017915426,0.1423843781932461,3.484,0.40738140964175495,0.2503724682461264,-0.0007189109252902565,0.25039844555124163,-0.0005715350531884221,1.4876817470195043,-0.0012219825721582478,-0.012318252980495714,0,0,FOLLOWING,1.4877046067250213,0.2527071891920748,0
8.0,2.019046872615405,0.1992103325458473,0.14236214339122774,3.492,0.4084916086193583,0.25034623583066073,-0.0008431936482487462,0.25037199293902646,-0.0006948375623051844,1.4877464730211984,-0.001224045904998,-0.012253526978801554,0,0,FOLLOWING,1.4877693974342128,0.2526807118968316,0
8.032,2.026976901043359,0.20034690695527807,0.14233597856530392,3.5,0.40959578415049913,0.25032022001735266,-0.0009669990525136285,0.2503457624118474,-0.0008176508093859009,1.4878111918745895,-0.0012260564427905574,-0.012188808125410455,0,0,FOLLOWING,1.4878341800064954,0.25265428440447363,0
8.064,2.0349061369666703,0.20148314332101422,0.1423058988516488,3.508,0.4106939199534668,0.25029441546945413,-0.0010903423095709958,0.250319748454402,-0.0009399910510285025,1.487875894813009,-0.0012280185615787809,-0.012124105186990919,0,0,FOLLOWING,1.4878989456705454,0.252627908289624,0
8.096,2.042834591503341,0.20261901165903765,0.14227191890843305,3.516,0.41178599983561004,0.2502688170255967,-0.0012132372740183172,0.25029394573084973,-0.0010618732248445762,1.4879405733207178,-0.0012299361890679428,-0.01205942667928217,0,0,FOLLOWING,1.4879636859060454,0.2526015851243393,0
8.128,2.0507622755873243,0.20375448208467684,0.14223405295618316,3.524,0.41287200769357535,0.25024341969580194,-0.001335696558532224,0.2502683490807383,-0.0011833110072150001,1.4880052191270794,-0.0012318128424346762,-0.011994780872920607,0,0,FOLLOWING,1.4880283924378566,0.2525753164780126,0
8.16,2.0586891999741077,0.20488952480984673,0.14219231481606887,3.532,0.413951927513545,0.25021821865757093,-0.001457731611612445,0.2502429535150013,-0.0013043168780406884,1.4880698242008599,-0.00123365166427708,-0.01193017579914013,0,0,FOLLOWING,1.4880930572303186,0.252549103917278,0
8.192,2.0666153752461347,0.20602411014057728,0.1421467179459784,3.54,0.41502574337147285,0.2501932092520516,-0.0015793527963883966,0.25021775421204406,-0.001424902189864971,1.4881343807446525,-0.0012354554565529865,-0.01186561925534746,0,0,FOLLOWING,1.488157672481676,0.2525229490059132,0
8.224,2.074540811818067,0.2071582084748119,0.14209727547429915,3.548,0.4160934394333193,0.25016838698028226,-0.0017005694691090887,0.25019274651390566,-0.0015450772395978068,1.4881988811894218,-0.0012372267124108605,-0.011801118810578215,0,0,FOLLOWING,1.4882222306186215,0.25249685330474453,0
8.256,2.0824655199418904,0.2082917903004558,0.14204400023137626,3.556,0.4171549999552845,0.2501437474995126,-0.001821390056205235,0.2501679259224965,-0.0016648513410499844,1.4882633181891705,-0.001238967645873168,-0.011736681810829541,0,0,FOLLOWING,1.4882867242909636,0.25247081837154967,0
8.288,2.0903895097118776,0.20942482619365616,0.14198690477866294,3.564,0.4182104092840411,0.2501192866195981,-0.0019418221290641057,0.2501432880959203,-0.0017842328971043847,1.4883276846157207,-0.0012406802193722921,-0.011672315384279264,0,0,FOLLOWING,1.4883511463664072,0.2524448457609625,0
8.32,2.098312791069399,0.210557286817294,0.1419260014356083,3.572,0.4192596518569641,0.2500950002994702,-0.002061872475861747,0.2501188288448634,-0.001903229470385448,1.4883919735536126,-0.0012423661691733368,-0.011608026446387365,0,0,FOLLOWING,1.4884154899254538,0.25241893702437634,0
8.352,2.106235373807605,0.21168914291967078,0.14186130230435343,3.58,0.4203027122023615,0.250070884643678,-0.0021815471699756137,0.2500945441290654,-0.002021847851768431,1.4884561782951062,-0.0012440270287402133,-0.011543821704893764,0,0,FOLLOWING,1.4884797482564032,0.2523930937098485,0
8.384,2.114157267575968,0.21282036533337184,0.14179281929232684,3.588,0.4213395749397015,0.25004693589900157,-0.0023008516346486965,0.2500704300538623,-0.0021400941260292187,1.488520292335306,-0.0012456641501269181,-0.011479707664693972,0,0,FOLLOWING,1.4885439148504767,0.25236731736200446,0
8.416,2.122078481884696,0.21395092497429022,0.14172056413284376,3.596,0.42237022477983965,0.2500231504511361,-0.002419790703701944,0.25004648286679043,-0.002257973734200404,1.4885843093673796,-0.0012472787234852345,-0.011415690632620379,0,0,FOLLOWING,1.488607983397038,0.25234160952194173,0
8.448,2.1299990261090236,0.2150807928407954,0.1416445484038204,3.604,0.42339464652524433,0.24999952482144402,-0.0025383686781949148,0.25002269895428353,-0.0023754915325033326,1.4886482232778881,-0.0012488717947905237,-0.01135177672211185,0,0,FOLLOWING,1.4886719477789225,0.25231597172713444,0
8.48,2.1379189094933824,0.21620994001303237,0.1415647835447234,3.612,0.42441282507022093,0.24997605566377523,-0.0026565893790136347,0.24999907483841843,-0.0024926518474930343,1.488712028142218,-0.001250444281895302,-0.011287971857782075,0,0,FOLLOWING,1.4887358020678698,0.252290405511338,0
8.512,2.1458381411554526,0.21733833765233737,0.14148128087187442,3.62,0.4254247454011343,0.24995273976135388,-0.002774456195437382,0.24997560717373662,-0.0026094585274449096,1.488775718220112,-0.0012519969890223415,-0.01122428177988799,0,0,FOLLOWING,1.4887995405200545,0.2522649124044936,0
8.544,2.1537567300901057,0.21846595700075802,0.1413940515922299,3.628,0.42643039259663024,0.24992957402372892,-0.0028919721297826742,0.2499522927441295,-0.0027259149900295838,1.4888392879512977,-0.001253530619807569,-0.011160712048702282,0,0,FOLLOWING,1.4888631575717146,0.2522394939326325,0
8.576,2.161674685173236,0.21959276938066577,0.1413031068157576,3.636,0.42742975182785575,0.24990655548378946,-0.003009139838266882,0.24992912845979756,-0.002842024266133033,1.4889027319512147,-0.0012550457890072586,-0.011097268048785303,0,0,FOLLOWING,1.4889266478348793,0.25221415161778155,0
8.608,2.1695920151654904,0.22071874619445062,0.14120845756652253,3.644,0.4284228083586775,0.24988368129484123,-0.0031259616682616847,0.2499061113542574,-0.002957789040226262,1.4889660450068298,-0.0012565430329748437,-0.01103395499317017,0,0,FOLLOWING,1.4889900060931835,0.2521888869778677,0
8.64,2.1775087287158907,0.22184385892428793,0.14111011479259572,3.652,0.42940954754589916,0.24986094872774497,-0.003242439692126848,0.24988323858141606,-0.0030732116871218895,1.4890292220725532,-0.0012580228190145204,-0.010970777927446829,0,0,FOLLOWING,1.4890532272977854,0.25216370152662326,0
8.672,2.1854248343653646,0.22296807913196895,0.1410080893748878,3.66,0.430389954839477,0.2498383551681143,-0.0033585757378279033,0.24986050741272972,-0.0031882943055770293,1.4890922582662345,-0.0012594855537068905,-0.01090774173376552,0,0,FOLLOWING,1.4891163065633615,0.25213859677349126,0
8.704,2.1933403405501757,0.22409137845878652,0.1409023921350127,3.668,0.4313640157827353,0.2498158981135714,-0.003474371416551393,0.2498379152343821,-0.0033030387486162657,1.4891551488652541,-0.0012609315903066298,-0.01084485113474587,0,0,FOLLOWING,1.4891792391641971,0.2521135742235308,0
8.736,2.201255244603103,0.22521372866128858,0.14079320580005722,3.676,0.43233171601257847,0.24979357736397642,-0.0035899110320216153,0.24981511903033332,-0.0034120729702035867,1.4892179001929515,-0.001262534244397123,-0.010782099807048473,0,0,FOLLOWING,1.4892420314204362,0.2520886353773226,0
8.768,2.2091695650813876,0.22633510293745945,0.14068061598305734,3.684,0.43329304125970364,0.24977139022901873,-0.0037052978437451937,0.2497927829402902,-0.003518431784423544,1.4892804974204215,-0.0012643686352030725,-0.010719502579578544,0,0,FOLLOWING,1.4893046685002436,0.2520637817308745,0
8.8,2.2170833103794747,0.22745547531730376,0.1405646408713666,3.692,0.4342479773488105,0.24974933410783437,-0.0038206184895780305,0.24977059560027748,-0.0036242222438714307,1.4893429357329426,-0.0012664439032308017,-0.01065706426705737,0,0,FOLLOWING,1.489367145585796,0.2520390147755281,0
8.832,2.224996488334055,0.22857481991797624,0.14044529331393127,3.7,0.43519651019881095,0.24972740657280176,-0.003935943720226259,0.2497485406760476,-0.003729611173765729,1.4894052109219236,-0.0012687639034635325,-0.010594789078076428,0,0,FOLLOWING,1.4894294584654697,0.25201433599786477,0
8.864,2.2329091066418916,0.22969311091673264,0.14032258189364868,3.708,0.43613862582303614,0.2497056053642777,-0.004051329503418109,0.24972661442074803,-0.0038347318881398183,1.4894673189744554,-0.0012713282205796816,-0.01053268102554461,0,0,FOLLOWING,1.489491603123402,0.25198974687961145,0
8.896,2.2408211729082526,0.23081032252458467,0.14019651180239653,3.716,0.43707431032944283,0.249683928377151,-0.004166818339375588,0.2497048144556168,-0.003939690356353545,1.4895292560285436,-0.0012741330218566105,-0.01047074397145642,0,0,FOLLOWING,1.489553575694727,0.2519652488975474,0
8.928,2.248732694658651,0.23192642896375162,0.1400670855884748,3.724,0.43800354992081875,0.24966237364837643,-0.004282440681851599,0.24968313867229225,-0.004044569190214434,1.4895910183641277,-0.0012771717884424716,-0.010408981635872339,0,0,FOLLOWING,1.4896153724565964,0.25194084352341095,0
8.96,2.256643679345901,0.2330414044506591,0.1399343037912477,3.732,0.4389263308949853,0.24964093934612025,-0.004398216387010656,0.24966158511442604,-0.004149431168967009,1.4896526023979508,-0.0012804359379557373,-0.010347397602049169,0,0,FOLLOWING,1.489676989823054,0.2519165322238065,0
8.992,2.264554134355789,0.23415522318380588,0.13979816547645396,3.74,0.4398426396450001,0.249619623760355,-0.004514156134707391,0.24964015195660552,-0.004254322343404613,1.4897140046791117,-0.0012839153511184365,-0.010285995320888253,0,0,FOLLOWING,1.4897384243405876,0.2518923164601115,0
9.024000000000001,2.272464067011842,0.23526785933564298,0.1396586686844236,3.748,0.44075246265935736,0.24959842529469237,-0.004630262783971458,0.2496188374941185,-0.004359274757554668,1.4897752218849456,-0.001287598814048524,-0.0102247781150544,0,0,FOLLOWING,1.4897996726840113,0.25186819768838414,0
9.056000000000001,2.2803734845793664,0.23637928704771222,0.13951581080228775,3.7560000000000002,0.4416557865221874,0.24957734245926802,-0.004746532637785252,0.24959764013486316,-0.004464308823879393,1.4898362508171614,-0.0012914743867788459,-0.010163749182838577,0,0,FOLLOWING,1.4898607316526034,0.25184417735927045,0
9.088000000000001,2.288282394268891,0.23748948042840862,0.13936958887015619,3.7640000000000002,0.4425525979134543,0.24955637386451776,-0.0048629566022953975,0.2495765583923876,-0.004569435386801188,1.4898970883982032,-0.0012955297075429306,-0.010102911601796771,0,0,FOLLOWING,1.4899215981664677,0.25182025691791277,0
9.120000000000001,2.2961908032391185,0.2385984135528335,0.13921999983021552,3.7720000000000002,0.44344288360915207,0.24953551821570835,-0.004979521233149992,0.249555590879806,-0.004674657506415825,1.489957731667799,-0.0012997522414161244,-0.01004226833220101,0,0,FOLLOWING,1.4899822692630857,0.25179643780385735,0
9.152000000000001,2.3040987185994726,0.23970606046429146,0.13906704072673376,3.7800000000000002,0.44432663048150034,0.24951477430810592,-0.005096209667188095,0.24953473630447298,-0.004779971992682866,1.490018177779683,-0.0013041294809908732,-0.00998182222031696,0,0,FOLLOWING,1.4900427420940336,0.25177272145096313,0
9.184000000000001,2.312006147412313,0.24081239517705924,0.13891070886407242,3.7880000000000003,0.44520382549913706,0.24949414102268516,-0.00521300244169313,0.24951399346326514,-0.004885370717680509,1.4900784239984648,-0.0013086491059355054,-0.009921576001535204,0,0,FOLLOWING,1.4901030139218556,0.2517491092873099,0
9.216000000000001,2.3199130966948833,0.2419173916801172,0.1387510019289846,3.7960000000000003,0.4460744557273113,0.249473617322294,-0.005329878206173157,0.24949336123838314,-0.004990841731668991,1.4901384676966298,-0.001313299107500554,-0.009861532303370169,0,0,FOLLOWING,1.4901630821170622,0.2517256027351076,0
9.248,2.327819573421041,0.24302102394158784,0.13858791808273127,3.8040000000000003,0.44693850832807375,0.24945320224820414,-0.005446814333452387,0.24947283859359964,-0.005096370206283307,1.490198306351658,-0.0013180678833327464,-0.009801693648342047,0,0,FOLLOWING,1.4902229441552484,0.2517022032106053,0
9.28,2.33572558452281,0.24412326591367065,0.13842145602786915,3.812,0.447795970560466,0.24943289491698775,-0.005563787437955468,0.24945242457087688,-0.005201939226027515,1.4902579375432492,-0.001322944307304147,-0.0097420624567508,0,0,FOLLOWING,1.4902825976143206,0.25167891212400006,0
9.312,2.343631136891795,0.24522409153790092,0.1382516150539401,3.82,0.44864682978070863,0.2494126945176699,-0.0056807738096284295,0.2494321182873056,-0.005307530447620423,1.4903173589506413,-0.0013279177784698837,-0.009682641049358676,0,0,FOLLOWING,1.4903420401718106,0.25165573087934784,0
9.344,2.35153623738048,0.24632347475059266,0.13807839506574324,3.828,0.44949107344238726,0.24939260030911498,-0.0057977497720868645,0.249411918932285,-0.005413124644270137,1.4903765683500194,-0.0013329782527392586,-0.009623431649980585,0,0,FOLLOWING,1.4904012696022868,0.2516326608744729,0
9.376,2.359440892803442,0.24742138948835352,0.137901796597372,3.836,0.45032868909663776,0.24937261161761184,-0.005914691973463566,0.249391825764965,-0.005518702150530061,1.4904355636120006,-0.00133811626036634,-0.00956443638799942,0,0,FOLLOWING,1.4904602837748393,0.25160970350087775,0
9.408,2.36734510993849,0.2485178096935811,0.13772182081474643,3.844,0.4511596643923301,0.24935272783462745,-0.00603157761807586,0.2493718381118428,-0.005624243221821841,1.4904943426991992,-0.0013433229119280965,-0.009505657300800774,0,0,FOLLOWING,1.490519080650641,0.25158686014365456,0
9.44,2.3752488955277555,0.2496127093198712,0.13753846950899057,3.852,0.4519839870762498,0.24933294841470502,-0.006148384646569009,0.24935195536454738,-0.005729728320516529,1.4905529036638527,-0.001348589895092761,-0.009447096336147265,0,0,FOLLOWING,1.4905776582805768,0.2515641321813954,0
9.472,2.3831522562787355,0.25070606233728293,0.13735174508264075,3.86,0.4528016449932794,0.24931327287348468,-0.006265091871633131,0.24933217697774582,-0.005835138339981017,1.4906112446455166,-0.0013539094641261962,-0.009388755354483358,0,0,FOLLOWING,1.4906360148029343,0.251541520986104,0
9.504,2.391055198865303,0.2517978427374204,0.1371616505303737,3.868,0.45361262608657704,0.24929370078583166,-0.006381679075783551,0.24931250246718356,-0.005940454775834107,1.4906693638688213,-0.0013592744237982957,-0.009330636131178682,0,0,FOLLOWING,1.4906941484411638,0.2515190279231074,0
9.536,2.398957729928696,0.25288802453830084,0.1369681894156697,3.876,0.4544169183977547,0.24927423178405433,-0.006498127077077717,0.24929293140781858,-0.006045659852961386,1.4907272596412817,-0.001364678109083195,-0.009272740358718279,0,0,FOLLOWING,1.490752057501684,0.2514966543509664,0
9.568,2.4068598560784813,0.253976581788989,0.1367713658445921,3.884,0.45521451006705416,0.24925486555620416,-0.006614417768029747,0.24927346343203757,-0.0061507366156403785,1.4907849303511667,-0.0013701143618217448,-0.00921506964883334,0,0,FOLLOWING,1.490809740371753,0.25147440162139156,0
9.6,2.4147615838935095,0.25506348857398475,0.13657118443765973,3.892,0.45600538933352214,0.24923560184444257,-0.006730534132381512,0.2492540982279773,-0.006255668987138658,1.4908423744654122,-0.0013755775053126142,-0.009157625534587766,0,0,FOLLOWING,1.4908671955173805,0.2514522710791513,0
9.632,2.42266291992285,0.2561487190173564,0.13636765030061646,3.9,0.4567895445351838,0.24921644044347177,-0.0068464602438413165,0.24923483553787643,-0.006360441804176172,1.4908995905275964,-0.0013810623176325476,-0.009100409472403648,0,0,FOLLOWING,1.4909244214813007,0.251430264061988,0
9.664,2.4305638706867234,0.2572322472866191,0.1361607689947414,3.908,0.4575669641092142,0.24919738119901813,-0.0069621812503550574,0.2492156751565246,-0.006465040831271281,1.4909565771559499,-0.001386564004327684,-0.00904342284405013,0,0,FOLLOWING,1.4909814168809854,0.2514083819005293,0
9.696,2.4384644426774176,0.2583140475963584,0.13595054650722763,3.916,0.4583376365921095,0.24917842400636558,-0.0070776833470163805,0.24919661692973438,-0.006569452758622484,1.4910133330414235,-0.0013920781710044239,-0.008986666958576528,0,0,FOLLOWING,1.4910381804067074,0.25138662591820365,0
9.728,2.4463646423602037,0.25939409421160636,0.13573698922203098,3.924,0.45910155061985547,0.2491595688089322,-0.007192953740256611,0.2491776607528795,-0.006673665187384013,1.4910698569457908,-0.0013976007962256396,-0.00893014305420925,0,0,FOLLOWING,1.491094710819646,0.2513649974311541,0
9.76,2.4542644761742367,0.26047236145097497,0.1355201038915097,3.932,0.4598586949280953,0.2491408155968872,-0.0073079806055804915,0.24915880656947137,-0.006777666604989342,1.4911261476998021,-0.001403128205037546,-0.008873852300197882,0,0,FOLLOWING,1.4911510069500382,0.2513434977481522,0
9.792,2.462163950533454,0.2615488236895585,0.13529989760909136,3.94,0.4606090583522955,0.24912216440580395,-0.007422753040740521,0.24914005436977754,-0.006881446353013511,1.491182204201375,-0.0014086570433702594,-0.008817795798625072,0,0,FOLLOWING,1.4912070676953704,0.25132212817051247,0
9.824,2.4700630718274605,0.26262345536161286,0.13507637778313947,3.948,0.4613526298279108,0.24910361531534772,-0.007537261015942715,0.24912140418947126,-0.006984994589717405,1.4912380254138298,-0.0014141842534903248,-0.00876197458617023,0,0,FOLLOWING,1.4912628920186122,0.2513008899920088,0
9.856,2.477961846422409,0.26369623096302497,0.13484955211213742,3.956,0.4620893983905472,0.24908516844799444,-0.007651495322390388,0.24910285610831837,-0.007088302248845632,1.4912936103641625,-0.0014197070506320186,-0.008706389635837475,0,0,FOLLOWING,1.4913184789464902,0.25127978449878896,0
9.888,2.4858602806618695,0.26476712505358313,0.13461942856126333,3.964,0.46281935317612344,0.24906682396777943,-0.0077654475202341275,0.24908441024890277,-0.007191360996196588,1.4913489581413566,-0.001425222900887868,-0.008651041858643405,0,0,FOLLOWING,1.4913738275677983,0.2512588129692928,0
9.92,2.493758380867685,0.2658361122590603,0.13438601534039243,3.972,0.46354248342103144,0.2490485820790737,-0.007879109886788725,0.2490660667753616,-0.00729416318497951,1.491404067894735,-0.0014307295004037657,-0.008595932105265103,0,0,FOLLOWING,1.4914289370317497,0.2512379766741662,0
9.952,2.501656153340822,0.2669031672731218,0.13414932088353854,3.98,0.4642587784622951,0.24903044302538768,-0.007992475365695424,0.2490478258921769,-0.007396701810870446,1.491458938832346,-0.0014362247558970256,-0.008541061167653963,0,0,FOLLOWING,1.4914838065463636,0.2512172768761799,0
9.984,2.509553604362203,0.26796826485907105,0.13390935382971295,3.988,0.46496822773772706,0.2490124070881995,-0.008105537517551435,0.24902968784296337,-0.007498970467690199,1.491513570219388,-0.001441706766486306,-0.008486429780611981,0,0,FOLLOWING,1.4915384353768875,0.25119671483014533,0
10.016,2.517450740193527,0.26903137985144204,0.13366612300517702,3.996,0.46567082078608507,0.2489944745858086,-0.008218290472404731,0.24901165290930705,-0.007600963303881097,1.491567961376671,-0.001447173806814278,-0.008432038623328975,0,0,FOLLOWING,1.4915928228442603,0.25117629178283457,0
10.048,2.5253475670780823,0.2700924871574523,0.13341963740703663,4.004,0.46636654724722576,0.24897664587221208,-0.008330728884400094,0.2489937214096131,-0.0077026749805512084,1.491622111679104,-0.001452624311421069,-0.008377888320896032,0,0,FOLLOWING,1.4916469683235984,0.25115600897289614,0
10.08,2.5332440912415333,0.27115156175832583,0.13316990618812405,4.0120000000000005,0.4670553968622576,0.24895892133600456,-0.008442847888763656,0.24897589369798886,-0.007804100631243463,1.4916760205542317,-0.0014580568603209665,-0.008323979445768348,0,0,FOLLOWING,1.491700871242732,0.2511358676307769,0
10.112,2.541140318892701,0.27220857871049553,0.13291693864310658,4.02,0.4677373594736923,0.2489413013992998,-0.008554643061254098,0.24895817016313065,-0.00790523582362515,1.4917296874807857,-0.0014634701657265659,-0.008270312519214285,0,0,FOLLOWING,1.4917545310807594,0.2511158689786368,0
10.144,2.5490362562243245,0.2732635131466962,0.13266074419574986,4.0280000000000005,0.4684124250255942,0.24892378651667393,-0.008666110380128779,0.24894055122725248,-0.00800607652336468,1.4917831119872893,-0.0014688630598587438,-0.008216888012710699,0,0,FOLLOWING,1.4918079473666428,0.251096014230274,0
10.176,2.556931909413803,0.2743163402769561,0.132401332387273,4.036,0.469080583563729,0.24890637717412922,-0.008777246190636826,0.24892303734503943,-0.00810661906004193,1.4918362936506695,-0.0014742344837803123,-0.008163706349330502,0,0,FOLLOWING,1.4918611196778326,0.25107630459103936,0
10.208,2.5648272846239237,0.2753670353894956,0.1321387128657199,4.0440000000000005,0.4697418252357103,0.24888907388807988,-0.008888047172010874,0.2489056290025863,-0.008206860095387352,1.4918892320949286,-0.0014795834771895167,-0.00811076790507137,0,0,FOLLOWING,1.4919140476389259,0.25105674125776273,0
10.24,2.5727223880035717,0.27641557385154064,0.13187289537627728,4.052,0.4703961402911448,0.2488718772043555,-0.008998510306888068,0.24888832671641511,-0.00830679659368246,1.4919419269898155,-0.0014849091691027938,-0.008058073010184463,0,0,FOLLOWING,1.491966730920349,0.2510373254186686,0
10.272,2.58061722568842,0.2774619311100598,0.13160388975247364,4.0600000000000005,0.4710435190817763,0.24885478769722605,-0.009108632853083758,0.24887113103244518,-0.00840642579425088,1.4919943780495555,-0.0014902107693726407,-0.00800562195044452,0,0,FOLLOWING,1.4920191692370768,0.25101805825330276,0
10.304,2.5885118038015995,0.2785060826924287,0.1313317059081878,4.068,0.47168395206162783,0.24883780596844524,-0.009218412317611483,0.2488540425250409,-0.008505745186141398,1.4920465850315865,-0.0014954875609669571,-0.007953414968413508,0,0,FOLLOWING,1.492071362347379,0.2509989409324498,0
10.336,2.5964061284543556,0.2795480042070317,0.13105635383040778,4.0760000000000005,0.47231742978714253,0.24882093264631283,-0.009327846432838053,0.24883706179605292,-0.008604752484691126,1.492098547735342,-0.0015007388929614007,-0.007901452264658104,0,0,FOLLOWING,1.4921233100515914,0.25097997461806026,0
10.368,2.604300205746678,0.2805876713438032,0.13077784357267658,4.084,0.4729439429173226,0.24880416838475505,-0.009436933134654978,0.24882018947386758,-0.008703445610063603,1.4921502660010442,-0.0015059641741793917,-0.007849733998955832,0,0,FOLLOWING,1.492175012190922,0.2509611604631691,0
10.4,2.6121940417679186,0.2816250598747161,0.13049618524916615,4.0920000000000005,0.47356348221386746,0.24878751386242406,-0.009545670542537386,0.24880342621249718,-0.00880182266759834,1.4922017397085463,-0.0015111628674293054,-0.007798260291453696,0,0,FOLLOWING,1.4922264686462785,0.2509424996118242,0
10.432,2.620087642597383,0.28266014565422154,0.13021138902932813,4.1,0.4741760385413097,0.24877096978181357,-0.009654056941370016,0.24878677269068028,-0.00889988192980537,1.4922529687761752,-0.0015163344842867574,-0.007747031223824807,0,0,FOLLOWING,1.492277679337125,0.25092399319900577,0
10.464,2.6279810143049107,0.2836929046196438,0.12992346513306977,4.1080000000000005,0.47478160286714977,0.2487545368683935,-0.009762090764912796,0.24877022961099823,-0.008997621819949323,1.4923039531596267,-0.0015214785803769892,-0.007696046840373283,0,0,FOLLOWING,1.4923286442203647,0.2509056423505558,0
10.496,2.635874162951425,0.28472331279153534,0.12963242382640597,4.116,0.4753801662619893,0.24873821586976028,-0.009869770580783607,0.24875379769899753,-0.009095040897165707,1.4923546928508644,-0.001526594751107585,-0.007645307149135583,0,0,FOLLOWING,1.4923793632892504,0.2508874481830986,0
10.528,2.643767094589474,0.28575134627399457,0.12933827541754822,4.1240000000000006,0.47597171989966286,0.2487220075548052,-0.009977095076844696,0.24873747770235238,-0.009192137842806243,1.492405187877065,-0.0015316826278176376,-0.007594812122935002,0,0,FOLLOWING,1.4924298365723159,0.25086941180397154,0
10.56,2.6516598152637436,0.28677698125495127,0.1290410302533833,4.132,0.4765562550573678,0.24870591271289827,-0.010084063048873266,0.24872127039003086,-0.00928891144827612,1.4924554382995645,-0.0015367418742962269,-0.007544561700435493,0,0,FOLLOWING,1.492480064132337,0.25085153431114626,0
10.592,2.659552331011559,0.2878001940064203,0.128740698716314,4.140000000000001,0.47713376311579303,0.2486899321530885,-0.01019067338941494,0.24870517655147975,-0.009385360603695818,1.4925054442128523,-0.0015417721836463727,-0.00749455578714775,0,0,FOLLOWING,1.4925300460653113,0.25083381679316097,0
10.624,2.6674446478633596,0.2888209608847291,0.12843729122141664,4.148,0.47770423555924624,0.24867406670331982,-0.010296925077715081,0.24868919699581576,-0.00948148428801447,1.4925552057435663,-0.001546773275448693,-0.00744479425643374,0,0,FOLLOWING,1.4925797824994662,0.2508162603290426,0
10.656,2.6753367718431575,0.28983925833071894,0.12813081821389544,4.156000000000001,0.4782676639757793,0.24865831720966317,-0.010402817170635084,0.2486733325510489,-0.009577281559743241,1.4926047230495363,-0.0015517448932100275,-0.007395276950463714,0,0,FOLLOWING,1.4926292735942885,0.2507988659882402,0
10.688,2.68322870896898,0.29085506286992463,0.1278212901667967,4.164,0.47882404005731233,0.24864268453556282,-0.010508348794463865,0.24865758406332372,-0.009672751548807314,1.4926539963188206,-0.001556686802057311,-0.007346003681179436,0,0,FOLLOWING,1.492678519539575,0.2507816348305483,0
10.72,2.691120465253289,0.29186835111273196,0.12750871757896226,4.172000000000001,0.4793733555997563,0.24862716956109857,-0.010613519137542445,0.248641952396146,-0.00976789344910386,1.492703025768795,-0.001561598786661178,-0.007296974231205011,0,0,FOLLOWING,1.4927275205545083,0.2507645679060414,0
10.752,2.6990120467033836,0.2928790997545173,0.12719311097319597,4.18,0.4799156025031339,0.2486117731822617,-0.010718327443626071,0.24862643842965707,-0.009862706511817355,1.4927518116452356,-0.0015664806493609629,-0.007248188354764373,0,0,FOLLOWING,1.4927762768867499,0.2507476662549989,0
10.784,2.7069034593217847,0.2938872855757698,0.1268744808946226,4.188000000000001,0.480450772771699,0.24859649631024647,-0.010822773005913316,0.2486110430599106,-0.009957190039417951,1.492800354221449,-0.0015713322084759673,-0.007199645778551034,0,0,FOLLOWING,1.4928247888115604,0.25073093090784015,0
10.816,2.7147947091066014,0.29489288544219755,0.12655283790922112,4.196,0.48097885851405464,0.2485813398707541,-0.010926855161678104,0.24859576719815574,-0.010051343380214016,1.4928486537973957,-0.0015761532967798891,-0.0071513462026042696,0,0,FOLLOWING,1.4928730566309347,0.2507143628850508,0
10.848,2.722685802051878,0.2958958763048193,0.12622819260251247,4.204000000000001,0.4814998519432691,0.24856630480331224,-0.011030573287445637,0.24858061177014917,-0.010145165923515618,1.4928967106988642,-0.001580943760126352,-0.007103289301135796,0,0,FOLLOWING,1.4929210806727613,0.2506979631971195,0
10.88,2.730576744147925,0.29689623520004343,0.12590055557838997,4.212,0.4820137453769913,0.248551392060607,-0.01113392679465787,0.2485655777154746,-0.0102386570951901,1.492944525276634,-0.0015857034562075795,-0.007055474723365984,0,0,FOLLOWING,1.4929688612900007,0.25068173284446504,0
10.912,2.7384675413816346,0.2978939392497347,0.12556993745807218,4.220000000000001,0.4825205312375635,0.24853660260782845,-0.011236915125782215,0.24855066598686718,-0.010331816353817875,1.4929920979056857,-0.0015904322534331106,-0.007007902094314344,0,0,FOLLOWING,1.4930163988598801,0.2506656728173744,0
10.944,2.7463581997367728,0.29888896566127016,0.12523634887917173,4.228,0.4830202020521332,0.24852193742202905,-0.011339537750814286,0.24853587754956646,-0.010424643187091218,1.4930394289844071,-0.0015951300299176796,-0.006960571015592887,0,0,FOLLOWING,1.493063693783113,0.25064978409593097,0
10.976,2.7542487251942624,0.29988129172758465,0.12489980049486522,4.236000000000001,0.48351275045276354,0.24850739749149536,-0.011441794164140264,0.24852121338067468,-0.010517137108631383,1.4930865189338385,-0.0015997966725672388,-0.00691348106616152,0,0,FOLLOWING,1.4931107464831317,0.25063406764995416,0
11.008000000000001,2.7621391237324446,0.30087089482720775,0.12456030297315471,4.244,0.4839981691765418,0.24849298381513152,-0.011543683881718399,0.24850667446851865,-0.01060929765514232,1.4931333681969146,-0.001604432076252077,-0.006866631803085443,0,0,FOLLOWING,1.4931575574053417,0.25061852443892896,0
11.040000000000001,2.7700294013273257,0.301857752424291,0.12421786699621042,4.252000000000001,0.4844764510656864,0.24847869740185607,-0.011645206438548014,0.24849226181205275,-0.01070112438387095,1.4931799772377488,-0.0016090361430591003,-0.006820022762251243,0,0,FOLLOWING,1.493204127016393,0.2506031554119464,0
11.072000000000001,2.777919563952809,0.3028418420686291,0.12387250325978855,4.26,0.4849475890676525,0.2484645392700089,-0.011746361386396844,0.24847797642023084,-0.01079261687025561,1.4932263465409064,-0.001613608781615053,-0.006773653459093643,0,0,FOLLOWING,1.4932504558034654,0.2505879615076347,0
11.104000000000001,2.7858096175809086,0.3038231413956723,0.12352422247271394,4.268000000000001,0.4854115762352363,0.24845051044677255,-0.011847148291760689,0.2484638193114343,-0.010883774705898483,1.493272476610728,-0.0016181499064743807,-0.006727523389272072,0,0,FOLLOWING,1.4932965442735784,0.25057294365410115,0
11.136000000000001,2.79369956818195,0.30480162812653316,0.12317303535642384,4.276,0.4858684057266769,0.24843661196760308,-0.011947566734028648,0.2484497915128773,-0.010974597496666004,1.4933183679706334,-0.0016226594375636646,-0.006681632029366558,0,0,FOLLOWING,1.4933423929529106,0.25055810276886425,0
11.168000000000001,2.8015894217247554,0.305777280067987,0.12281895264456438,4.284000000000001,0.4863180708057576,0.24842284487567312,-0.01204761630383692,0.24843589406005961,-0.011065084861024276,1.4933640211624781,-0.0016271372996799344,-0.006635978837521872,0,0,FOLLOWING,1.4933880023861386,0.2505434397587974,0
11.200000000000001,2.809479184176814,0.3067500751124666,0.12246198508263564,4.292,0.4867605648419052,0.24840921022132548,-0.012147296601587816,0.24842212799618393,-0.011155236428542431,1.4934094367458903,-0.0016315834220335251,-0.0065905632541096715,0,0,FOLLOWING,1.4934333731357907,0.2505289555200619,0
11.232000000000001,2.8173688615044368,0.307719991238052,0.1221021434276796,4.300000000000001,0.48719588131028774,0.24839570906153893,-0.01224660723611986,0.24840849437162782,-0.01124505183853405,1.493454615297657,-0.0016359977378351681,-0.0065453847023428935,0,0,FOLLOWING,1.4934785057816178,0.2505146509380521,0
11.264,2.825258459672899,0.30868700650845526,0.1217394384480076,4.308,0.4876240137919105,0.2483823424594025,-0.012345547823510532,0.2483949942433936,-0.01133453073883331,1.493499557411097,-0.0016403801839198068,-0.006500442588903033,0,0,FOLLOWING,1.4935234009199785,0.2505005268873301,0
11.296,2.8331479846465686,0.309651099073001,0.12137388092296242,4.316,0.4880449559737109,0.24836911148360266,-0.012444117986001462,0.24838162867460348,-0.011423672784703427,1.49354426369547,-0.0016447307004060635,-0.006455736304529891,0,0,FOLLOWING,1.4935680591632388,0.25048658423157133,0
11.328,2.841037442389018,0.3106122471666028,0.12100548164271248,4.324,0.4884587016486516,0.24835601720791878,-0.01254231735103052,0.24836839873396982,-0.011512477637845776,1.4935887347753867,-0.0016490492303858628,-0.006411265224613327,0,0,FOLLOWING,1.4936124811391867,0.25047282382350333,0
11.36,2.848926838863127,0.3115704291097359,0.12063425140807403,4.332,0.48886524471581183,0.24834306071073,-0.0126401455503617,0.24835530549529256,-0.011600944965517088,1.4936329712902394,-0.0016533357196431564,-0.0063670287097605804,0,0,FOLLOWING,1.4936566674904619,0.2504592465048488,0
11.392,2.8568161800311707,0.31252562330840616,0.12026020103035913,4.34,0.48926457918047755,0.24833024307453117,-0.012737602219302424,0.248342350036977,-0.011689074439718922,1.4936769738936455,-0.001657590116397184,-0.00632302610635449,0,0,FOLLOWING,1.4937006188739985,0.2504458531062684,0
11.424,2.8647054718548923,0.3134778082541163,0.1198833413312466,4.348,0.48965669915422966,0.24831756538545857,-0.012834686995998842,0.24832953344154057,-0.011776865736493685,1.4937207432529052,-0.0016618123710700622,-0.006279256747094841,0,0,FOLLOWING,1.4937443359604825,0.25043264444730445,0
11.456,2.872594720295569,0.3144269625238286,0.11950368314267373,4.356,0.49004159885503096,0.24830502873282534,-0.012931399520802344,0.24831685679513762,-0.011864318535263377,1.4937642800484694,-0.0016660024360739267,-0.006235719951530605,0,0,FOLLOWING,1.4937878194338192,0.2504196213363256,0
11.488,2.8804839313140587,0.3153730647799254,0.1191212373067471,4.364,0.4904192726073115,0.24829263420866632,-0.013027739435700347,0.24830432118709767,-0.011951432518233641,1.4938075849734258,-0.0016701602656185865,-0.006192415026574194,0,0,FOLLOWING,1.4938310699906197,0.2504067845704716,0
11.52,2.8883731108708424,0.31631609377016623,0.1187360146756702,4.372,0.4907897148420519,0.24828038290729104,-0.013123706383803028,0.24829192770947556,-0.012038207369879804,1.493850658732993,-0.0016742858155358727,-0.006149341267007058,0,0,FOLLOWING,1.4938740883396944,0.2503941349355992,0
11.552,2.8962622649260465,0.3172560283276437,0.11834802611168505,4.38,0.491152920096866,0.24826827592484726,-0.013219300008883139,0.24827967745659477,-0.012124642776497456,1.4938935020440318,-0.0016783790431187245,-0.006106497955968182,0,0,FOLLOWING,1.493916875201563,0.250381673206229,0
11.584,2.904151399439463,0.31819284737073644,0.11795728248702923,4.388,0.49150888301608087,0.24825631435889148,-0.013314519954962417,0.24826757152461437,-0.012210738425722302,1.4939361156345616,-0.0016824399069762658,-0.006063884365438366,0,0,FOLLOWING,1.4939594313079736,0.25036940014549247,0
11.616,2.9120405203705477,0.31912652990306006,0.11756379468390449,4.396,0.4918575983508162,0.24824449930796946,-0.013409365865939845,0.24825561101110447,-0.01229649400617879,1.4939785002432993,-0.0016864683669011312,-0.006021499756700743,0,0,FOLLOWING,1.4940017574014375,0.2503573165050801,0
11.648,2.9199296336784197,0.32005705501341647,0.11716757359445493,4.404,0.49219906095906146,0.2482328318712041,-0.013503837385258363,0.24824379701462287,-0.01238190920716222,1.494020656619198,-0.0016904643837470507,-0.005979343380801971,0,0,FOLLOWING,1.4940438542347705,0.2503454230251903,0
11.68,2.9278187453218383,0.3209844018757418,0.11676863012075923,4.412,0.49253326580575174,0.24822131314789248,-0.013597934155606752,0.24823213063429816,-0.012466983718220288,1.494062585521008,-0.0016944279193219641,-0.005937414478992098,0,0,FOLLOWING,1.494085722570652,0.25033372043447905,0
11.712,2.9357078612591785,0.3219085497490518,0.1163669751748272,4.42,0.4928602079628422,0.24820994423711004,-0.013691655818652197,0.24822061296943823,-0.012551717229005332,1.49410428771684,-0.001698358936285116,-0.005895712283159993,0,0,FOLLOWING,1.4941273631811895,0.2503222094500098,0
11.744,2.9435969874483923,0.3228294779773871,0.11596261967860706,4.428,0.4931798826093804,0.24819872623732345,-0.013785002014803224,0.24820924511912396,-0.012636109428939696,1.4941457639837459,-0.0017022573980573633,-0.005854236016254122,0,0,FOLLOWING,1.4941687768474967,0.2503108907772053,0
11.776,2.9514861298469577,0.32374716598975617,0.11555557456399881,4.436,0.4934922850315777,0.24818766024601097,-0.013877972382995376,0.24819802818182687,-0.012720160007030329,1.4941870151073078,-0.001706123268737772,-0.005812984892692219,0,0,FOLLOWING,1.494209964359285,0.2502997651097986,0
11.808,2.959375294411824,0.3246615933000774,0.11514585077287527,4.444,0.4937974106228787,0.24817674735929057,-0.013970566560503687,0.2481869632550279,-0.012803868651627671,1.4942280418812353,-0.0017099565130288539,-0.005771958118764742,0,0,FOLLOWING,1.4942509265144581,0.2502888331297864,0
11.84,2.9672644870993428,0.32557273950712007,0.11473345925710635,4.452,0.4940952548840289,0.2481659886715548,-0.014062784182774835,0.24817605143484608,-0.01288723505032232,1.4942688451069768,-0.0017137570961666126,-0.005731154893023227,0,0,FOLLOWING,1.494291664118725,0.2502780955073821,0
11.872,2.975153713865192,0.3264805842944449,0.114318410978592,4.46,0.4943858134231413,0.24815538527511422,-0.014154624883279395,0.24816529381567867,-0.012970258889675285,1.494309425593338,-0.0017175249838605328,-0.005690574406661986,0,0,FOLLOWING,1.4943321779852168,0.25026755290097,0
11.904,2.983042980664288,0.3273851074303423,0.11390071690929683,4.468,0.4946690819557613,0.24814493825984685,-0.014246088293382166,0.2481546914898355,-0.013052939855163839,1.4943497841561133,-0.0017212601422356701,-0.005650215843886697,0,0,FOLLOWING,1.4943724689341178,0.25025720595706064,0
11.936,2.9909322934506926,0.3282862887677718,0.11348038803128979,4.476,0.4949450563049296,0.24813464871285587,-0.014337174042228106,0.24814424554718695,-0.013135277631025795,1.494389921617723,-0.0017249625377822183,-0.005610078382277006,0,0,FOLLOWING,1.4944125377923034,0.2502470553102459,0
11.968,2.9988216581775085,0.32918410824429883,0.11305743533678736,4.484,0.49521373240124367,0.2481245177181328,-0.014427881756644508,0.24813395707484073,-0.013217271900158017,1.4944298388068615,-0.0017286321373089497,-0.005570161193138468,0,0,FOLLOWING,1.4944523853929879,0.25023710158315626,0
12.0,3.0067110807967676,0.3300785458820327,0.11263186982819934,4.492,0.4954751062829182,0.24811454635622873,-0.014518211061054862,0.24812382715678194,-0.013298922344010294,1.4944695365581562,-0.0017322689079012493,-0.005530463441843825,0,0,FOLLOWING,1.4944920125753813,0.2502273453864177,0
12.032,3.014600567259311,0.33096958178756236,0.11220370251817864,4.5,0.4957291740958432,0.2481047357039316,-0.014608161577406915,0.24811385687355822,-0.013380228642490007,1.4945090157118333,-0.0017358728168837406,-0.005490984288166745,0,0,FOLLOWING,1.4945314201843574,0.2502177873186102,0
12.064,3.02249012351466,0.3318571961518932,0.11177294442967166,4.5176,0.49597593209364105,0.25003629282405754,-0.014890481859016981,0.24810404730195323,-0.013461190473924375,1.504090589775471,-0.0024403267725524036,0.004090589775471054,0,0,FOLLOWING,1.4974331827446596,0.2577023620872157,0
12.096,3.0304388299493983,0.3327480021692544,0.11133404798219716,4.5352,0.4962153766377213,0.25488547752528995,-0.015459758996300168,0.24995359566167158,-0.013715514207892033,1.513614138876771,-0.0031249483995616223,0.013614138876770987,0,0,FOLLOWING,1.502446607287235,0.2702469751278691,0
12.128,3.0385384207520096,0.33365213500126595,0.11087872997081133,4.5528,0.496447504197335,0.26298054610591703,-0.016343478626162602,0.25468792991311284,-0.014228688127937258,1.5229873481478118,-0.0037819842087701977,0.02298734814781178,0,0,FOLLOWING,1.5089413455783798,0.28602113982930194,0
12.16,3.0468922931121476,0.3345808237111828,0.11039790836062868,4.5704,0.4966723113496261,0.2742323411225188,-0.017525549257052297,0.2626723762128277,-0.015025675743527103,1.532106191917364,-0.004403036234364097,0.03210619191736397,0,0,FOLLOWING,1.5163959765754984,0.30366240788980425,0
12.192,3.0556016731951883,0.33554481207609166,0.10988296054460503,4.588,0.49688979477968237,0.2882996670989027,-0.018963681474387924,0.2738374746599277,-0.016092120088792367,1.5408688573132396,-0.0049802724050842795,0.04086885731323964,0,0,FOLLOWING,1.5243861509586767,0.3221700569049412,0
12.224,3.0647572160638856,0.3365534145095342,0.10932647986349488,4.6056,0.49709995128058404,0.30470575984880477,-0.020601891297953756,0.2878498432626465,-0.017390022990973395,1.549184196691011,-0.005507122830126915,0.04918419669101093,0,0,FOLLOWING,1.532572638943331,0.34082169896110726,0
12.256,3.074427393129054,0.337614038972846,0.10868611254079741,4.6232,0.4973027777534513,0.3229198746565465,-0.022361278833750536,0.30401370041053494,-0.020011480816659065,1.5569833271705786,-0.005942534901770811,0.056983327170578635,0,0,FOLLOWING,1.5406967911149416,0.3591079319372892,0
12.288,3.08467335283121,0.33873153342681606,0.10797315802944366,4.6408000000000005,0.49749827120748974,0.342408163719722,-0.024174580706834686,0.32209339335036336,-0.022279834248273424,1.5642049159410985,-0.006298104667893212,0.06420491594109845,0,0,FOLLOWING,1.5485530756775456,0.37668123868411146,0
12.32,3.0955397936917044,0.3399087827478822,0.10720216317182166,4.6584,0.49768642876003455,0.36266750834918654,-0.02598870432471026,0.34157118264857916,-0.024093599778384434,1.5708041921395377,-0.006588629735881882,0.0708041921395377,0,0,FOLLOWING,1.5559880250864464,0.3933161440884521,0
12.352,3.107052150284525,0.3411469055311558,0.10637313231099642,4.676,0.4978672476365933,0.38324612663193514,-0.027757135577914878,0.3618427184987505,-0.025907228836713595,1.5767557264067438,-0.006814564810673413,0.07675572640674377,0,0,FOLLOWING,1.5628950839201585,0.40887825814675066,0
12.384,3.119221185963107,0.3424452940654449,0.10548753502891964,4.6936,0.4980407251708863,0.4037535030867923,-0.029441033861427317,0.38244666531861493,-0.02767493383293135,1.582048857737681,-0.006977700717876262,0.082048857737681,0,0,FOLLOWING,1.569203795306348,0.4233003200202811,0
12.416,3.1320450893081104,0.3438018766487968,0.10454808868832893,4.7112,0.4982068588048864,0.42386354989390135,-0.031009536318892673,0.4029876280895138,-0.0293577214388613,1.5866855802196387,-0.007080937105884033,0.08668558021963868,0,0,FOLLOWING,1.5748727854898354,0.4365637458235281,0
12.448,3.145511551884355,0.3452134351102462,0.10355850039660543,4.728800000000001,0.49836564608885653,0.4433132932505723,-0.03243953253037566,0.42313581566463876,-0.03092466169217425,1.5906784432009147,-0.007128058750668895,0.09067844320091467,0,0,FOLLOWING,1.5798838214559034,0.4486844926403141,0
12.48,3.159599911990908,0.346675875454099,0.10252381336916129,4.7464,0.4985170846813858,0.4618987261560918,-0.033715394615087116,0.4426289400492073,-0.03233400098589391,1.5940483907727732,-0.007124090616856497,0.09404839077277316,0,0,FOLLOWING,1.5842366457508532,0.45970229853010797,0
12.512,3.1742868044347867,0.34818445850478164,0.10146960249250084,4.764,0.498661172349424,0.47946822433871583,-0.03483830760193109,0.4613811813824827,-0.032944125784253965,1.596819114854167,-0.007094278464767539,0.09681911485416705,0,0,FOLLOWING,1.5879409867660252,0.46967255536734626,0
12.544,3.189541049302771,0.3497343972999914,0.10040558528222802,4.7816,0.4987979069683146,0.4959169167692145,-0.03581528423619752,0.4791494318905733,-0.03325057419491482,1.5990220862795488,-0.007048363858929124,0.09902208627954878,0,0,FOLLOWING,1.591019767802869,0.4786602281699636,0
12.576,3.205327263841252,0.35132080027267715,0.09933782723740643,4.7992,0.4989272865218261,0.5111801353680677,-0.03665630879870069,0.49580286119322114,-0.03336747412583915,1.6006929667656424,-0.006992519437949318,0.10069296676564243,0,0,FOLLOWING,1.5935041089880972,0.48673535915184585,0
12.608,3.221607497117176,0.3529387693065098,0.09826991073503971,4.816800000000001,0.49904930910218176,0.5252269686215649,-0.03737253216084094,0.5112616854733512,-0.03337242376909658,1.6018699732166009,-0.006930473540917789,0.10186997321660085,0,0,FOLLOWING,1.5954306040184942,0.4939697935621749,0
12.64,3.238338225163796,0.3545834930599005,0.097181524721933,4.8344000000000005,0.4991639729100876,0.5380551404808283,-0.03796379680018941,0.5253527886554371,-0.03401209185087633,1.6025968626722706,-0.006842320697898613,0.10259686267227064,0,0,FOLLOWING,1.5968434705319514,0.5004348426688922,0
12.672,3.2554802830360567,0.3562498688588877,0.09607625764944541,4.852,0.49927127625475903,0.5496841758028925,-0.0384329144418568,0.5382111302991871,-0.03453962433307111,1.6029130761298713,-0.006731511164061746,0.10291307612987133,0,0,FOLLOWING,1.5977840582442846,0.5061996611866307,0
12.704,3.2729953320345007,0.3579330225361714,0.09495763872922253,4.8696,0.4993712175539458,0.5601505358267631,-0.038784993075163345,0.549863052819173,-0.03495686832891463,1.602857207856991,-0.006601425520019355,0.10285720785699093,0,0,FOLLOWING,1.5982938360818704,0.5113301653878746,0
12.736,3.2908462132673804,0.3596283652573341,0.0938290494433716,4.8872,0.4994637953339553,0.5695033714254222,-0.039026842559353035,0.5603461592409195,-0.03526844043221293,1.602466648614032,-0.006455305935519337,0.10246664861403199,0,0,FOLLOWING,1.5984136740150217,0.515888356742457,0
12.768,3.3089973371669466,0.3613316299073391,0.09269367293844202,4.904800000000001,0.49954900822967435,0.577800904272687,-0.039166464453593224,0.5697102720085245,-0.03548053881428414,1.6017771949854218,-0.00629621201299288,0.10177719498542181,0,0,FOLLOWING,1.598183184261833,0.5199319463365437,0
12.8,3.327414973211404,0.3630388928269854,0.09155445855214937,4.9224000000000006,0.4996268549845891,0.5851073924454445,-0.0392126216647143,0.5780142761045043,-0.03560047017440098,1.6008227594228497,-0.006126989431625554,0.10082275942284968,0,0,FOLLOWING,1.5976402351929013,0.5235141992264964,0
12.832,3.3460674437209694,0.3647465830078399,0.09041409922278823,4.94,0.49969733445080394,0.5914906288662369,-0.03917448195358237,0.5853230979686191,-0.03563624714360834,1.599635176932924,-0.0059502497906075,0.09963517693292401,0,0,FOLLOWING,1.5968206171831836,0.5266839366377638,0
12.864,3.364925237438719,0.3664514812958787,0.08927501964862494,4.9576,0.49976044558905813,0.5970199155668924,-0.039061328385120615,0.5917051819062402,-0.03559625234351325,1.5982440925154562,-0.005768359844462459,0.09824409251545618,0,0,FOLLOWING,1.5957578314530965,0.5294856485997504,0
12.896,3.3839610580766957,0.36815071193292964,0.08813937320839174,4.9752,0.4998161874687412,0.601764455335659,-0.03888232938085285,0.5972304459294103,-0.03548896460068142,1.5966769140127468,-0.005583438437123139,0.0966769140127468,0,0,FOLLOWING,1.5944829763572577,0.5319596810695393,0
12.928,3.40314982124553,0.3698417284380658,0.08700904582834998,4.992800000000001,0.4998645592679067,0.6057921037797821,-0.038646360984025054,0.6019686610484993,-0.03532274186757868,1.594958816819772,-0.0053973595816409065,0.09495881681977192,0,0,FOLLOWING,1.5930247096276016,0.53414247051939,0
12.96,3.4224686113577643,0.37152229550534704,0.08588566517677305,5.010400000000001,0.49990556027328426,0.6091684281641108,-0.0383618741630798,0.6059881960785439,-0.03510565474361369,1.5931127887590808,-0.005211760288913889,0.0931127887590808,0,0,FOLLOWING,1.591409268711413,0.5360668058839749,0
12.992,3.441896608365145,0.37319046829263786,0.08477061377382263,5.0280000000000005,0.49993918988029024,0.6119560238078137,-0.03803680037612208,0.6093550731804042,-0.03484536412311513,1.5911597051772317,-0.005028051917153276,0.09115970517723171,0,0,FOLLOWING,1.5896605344979882,0.5377621031106362,0
13.024000000000001,3.461414992603238,0.37484457020691303,0.0836650448144283,5.0456,0.4999654475930365,0.6142140437870073,-0.037678489134432565,0.612132283923863,-0.03454903641841937,1.5891184259263227,-0.004847433987727634,0.08911842592632269,0,0,FOLLOWING,1.58780012643368,0.5392546816679543,0
13.056000000000001,3.481006834590881,0.37648317005741694,0.08256989970529481,5.0632,0.4999843330243378,0.6159979028181869,-0.03729367188893089,0.6143793207933466,-0.034223289997868146,1.5870059073366771,-0.004670909585387906,0.08700590733667712,0,0,FOLLOWING,1.585847519328758,0.5405680355124366,0
13.088000000000001,3.5006569753722054,0.3781050592489351,0.0814859265073471,5.080800000000001,0.4999958458957175,0.6173591212269312,-0.03688844718241314,0.6161518843401952,-0.033874166894997546,1.5848373235601343,-0.0044993016248782575,0.08483732356013429,0,0,FOLLOWING,1.5838201741058682,0.541723093401767,0
13.120000000000001,3.5203519018918272,0.37970922952098557,0.08041369864646436,5.098400000000001,0.4999999860374116,0.6183452796711115,-0.03646828263331554,0.6175017313535917,-0.03350712442807362,1.5826261927714067,-0.0043332694160075624,0.0826261927714067,0,0,FOLLOWING,1.5817336763722902,0.5427384652428859,0
13.152000000000001,3.540079620950679,0.3812948516015554,0.07935363340506171,5.1160000000000005,0.4999967533883712,0.6190000596873763,-0.036038029921628204,0.6184766343067298,-0.03312704205147213,1.5803845046667486,-0.00417332509157603,0.08038450466674862,0,0,FOLLOWING,1.5796018780571595,0.54363067250584,0
13.184000000000001,3.5598295344888737,0.38286125503235613,0.07830600983382605,5.1336,0.49998614799626373,0.6193633491115246,-0.035601949518087636,0.6191204268353603,-0.03273823947804914,1.5781228465068602,-0.004019849575266576,0.07812284650686019,0,0,FOLLOWING,1.577437038477626,0.5444143617234057,0
13.216000000000001,3.579592318269403,0.3844079093327124,0.0772709858271937,5.1512,0.4999681700174718,0.6194713949689027,-0.035163742423046825,0.6194731140709553,-0.03234450281373187,1.5758505256286686,-0.003873107859518013,0.07585052562866856,0,0,FOLLOWING,1.5752499621182086,0.5451025008133593,0
13.248000000000001,3.5993598054781653,0.38593440659772904,0.07624861418980673,5.168800000000001,0.49994281971709115,0.619356989544543,-0.03472658665484494,0.6195710302635427,-0.031949116090389265,1.5735756869126865,-0.003733263437757026,0.07357568691268646,0,0,FOLLOWING,1.5730501311556035,0.5457065584686271,0
13.280000000000001,3.619124876297865,0.3874404455702778,0.07523885758670695,5.186400000000001,0.49991009746892673,0.6190496780439995,-0.03429317664638276,0.6194470292963754,-0.03155489614952502,1.5713054241533526,-0.0036003917932543312,0.07130542415335261,0,0,FOLLOWING,1.5708458313633809,0.5462366672102791,0
13.312000000000001,3.638881354142221,0.3889258171830288,0.07424160232030383,5.204000000000001,0.4998700037554871,0.618575978573635,-0.03386576407308282,0.6191306964367916,-0.0311642293057433,1.5690458846528084,-0.0034744928908690964,0.06904588465280836,0,0,FOLLOWING,1.568644270510944,0.5467017709282695,0
13.344,3.658623908940389,0.39039039153404026,0.07325667091505154,5.2216000000000005,0.49982253916797753,0.617959607137501,-0.03344619894793096,0.6186485720171719,-0.03077910860572935,1.566802366656292,-0.003355502650722181,0.06680236665629202,0,0,FOLLOWING,1.566451688748864,0.5471097578751424,0
13.376,3.678347967628139,0.39183410623547527,0.07228383351886736,5.2392,0.4997677044062908,0.6172217020031044,-0.03303597008369587,0.6180243797310959,-0.03040117080482855,1.5645794094814967,-0.0032433034068498207,0.06457940948149665,0,0,FOLLOWING,1.5642734607659954,0.5474675801520346,0
13.408,3.6980496318220437,0.39325695605827293,0.07132281815088462,5.256799999999999,0.4997055002789975,0.6163810431665139,-0.03263624424347671,0.6172792539018536,-0.030031732418732592,1.5623808763747793,-0.0031377333712903073,0.06238087637477929,0,0,FOLLOWING,1.5621141897274207,0.5477813607521961,0
13.44,3.71772560251684,0.3946589837847468,0.07037331983994706,5.2744,0.49963592770333365,0.6154542637833168,-0.032247903483531855,0.616431961470057,-0.029671824387430098,1.560210030263248,-0.0030385951365736324,0.060210030263248004,0,0,FOLLOWING,1.5599777931691907,0.5480564892187286,0
13.472,3.7373731115463364,0.39604027217496973,0.06943500870871637,5.291999999999999,0.49955898770518736,0.614456051358675,-0.0318715803419997,0.6154991155907866,-0.029322225024406064,1.5580696026712486,-0.002945663258515571,0.05806960267124861,0,0,FOLLOWING,1.5578675811466796,0.5482977069408711,0
13.504,3.756989859478127,0.39740093695045764,0.06850753706546177,5.3096000000000005,0.49947468141908363,0.613399337237143,-0.03150769064844066,0.6144953786620359,-0.028983491026215488,1.5559618561395387,-0.002858690967568911,0.055961856139538746,0,0,FOLLOWING,1.5557863270173857,0.5485091830649117,0
13.536,3.7765739595661,0.39874112069923545,0.06759054557024381,5.3271999999999995,0.49938301008816777,0.6122954735281488,-0.031156463826484862,0.6134336533559197,-0.028655986397341446,1.553888640531067,-0.002777416061352192,0.05388864053106701,0,0,FOLLOWING,1.553736331293598,0.5486945819375741,0
13.568,3.796123887357475,0.40006098760914055,0.06668366854488467,5.3448,0.49928397506418687,0.6111543970702472,-0.030817970639150854,0.6123252608201754,-0.02833990920659136,1.5518514436340443,-0.0027015660338669256,0.05185144363404426,0,0,FOLLOWING,1.5517194790320097,0.5488571229361103,0
13.6,3.81563843555133,0.40136070969241755,0.06578654037133475,5.362399999999999,0.49917757780746996,0.6099847804833436,-0.030492146646105667,0.6111800870652371,-0.02803525757314922,1.5498514370556722,-0.0026308584169556647,0.04985143705567219,0,0,FOLLOWING,1.5497372918134762,0.5489996334733237,0
13.632,3.8351166736107167,0.4026404895666579,0.06489880075927394,5.38,0.4990638198869065,0.6087941701779613,-0.030178822102059678,0.6100068067351588,-0.02774186500995179,1.5478895150448122,-0.0025650231617699443,0.0478895150448122,0,0,FOLLOWING,1.5477909720033858,0.5491245958999699,0
13.664,3.854557911927731,0.4039005331233433,0.06402008987149686,5.3976,0.49894270297992327,0.607589112343228,-0.029877736779979874,0.608812921137168,-0.027459717353084407,1.5459663319792818,-0.0025037823361919037,0.045966331979281794,0,0,FOLLOWING,1.5458814450973877,0.5492341889627524,0
13.696,3.8739616698767847,0.40514105204987566,0.06315005508436047,5.4152000000000005,0.4988142288724595,0.6063752670785152,-0.029588557338561274,0.607604941879467,-0.02718858918008605,1.5440823340408483,-0.0024468603560620153,0.04408233404084827,0,0,FOLLOWING,1.5440093957189513,0.5493303244148185,0
13.728,3.8933276475616374,0.40636226277874526,0.06228835338772424,5.432799999999999,0.4986783994589407,0.605157511439635,-0.0293108932292648,0.6063884983591737,-0.02692818006992395,1.5422377874418915,-0.0023939873173725035,0.04223778744189155,0,0,FOLLOWING,1.5421752996888907,0.549414679317743,0
13.76,3.912655700851766,0.4075643845599431,0.06143465303941823,5.4504,0.4985352167422506,0.6039400321324435,-0.029044310630741817,0.6051684385110958,-0.026678137899206023,1.5404328034259838,-0.002344900799417883,0.040432803425983765,0,0,FOLLOWING,1.5403794524367278,0.5494887245200247,0
13.792,3.931945819373758,0.40874763783872486,0.06058863481600205,5.467999999999999,0.49838468283370163,0.602726408607436,-0.02878834454720488,0.6039489215537865,-0.026438071458320184,1.5386673603007195,-0.0022993472672193024,0.03866736030071949,0,0,FOLLOWING,1.5386219940565071,0.5495537497471726,0
13.824,3.951198107153005,0.4099122429206177,0.05974999291262077,5.485600000000001,0.4982267999530039,0.6015196873145554,-0.028542509221034372,0.6027335011848299,-0.02620756141712292,1.5369413228084767,-0.0022570831380580095,0.03694132280847673,0,0,FOLLOWING,1.5369029313534917,0.549610885692682,0
13.856,3.9704127656235477,0.4110584188836747,0.05891843554085695,5.5032,0.4980615704282323,0.6003224478652809,-0.028306307010128547,0.6015251998898727,-0.025986169762550616,1.5352544591194313,-0.0022178755565168684,0.03525445911943126,0,0,FOLLOWING,1.5352221572033478,0.5496611234573373,0
13.888,3.9895900787476037,0.41218638270193997,0.05809368526922585,5.5208,0.4978889966957924,0.5991368618245817,-0.028079235877608178,0.6003265751142609,-0.025773447840993925,1.5336064557073141,-0.0021815029184144505,0.03360645570731413,0,0,FOLLOWING,1.5335794675180325,0.5497053316463982,0
13.92,4.008730400009424,0.41329634854852354,0.057275479146754446,5.538399999999999,0.49770908130038427,0.5979647448220848,-0.02786079563641527,0.599139778029368,-0.025568943136939984,1.5319969303448244,-0.002147755180530564,0.031996930344824426,0,0,FOLLOWING,1.5319745760859411,0.5497442713998456,0
13.952,4.027834141070208,0.4143885272507276,0.056463568645939606,5.556,0.4975218268949651,0.5968076026327215,-0.027650493084649754,0.5979666055916243,-0.025372204917354722,1.5304254434334155,-0.0021164339895373765,0.030425443433415467,0,0,FOLLOWING,1.530407127528472,0.5497786096000473,0
13.984,4.046901761891633,0.4154631258732773,0.055657719457429033,5.5736,0.49732723624071007,0.5956666718345223,-0.027447846159679462,0.5968085465518269,-0.025182788865364045,1.5288915078609868,-0.002087352660161128,0.02889150786098682,0,0,FOLLOWING,1.5288767085913262,0.549808930473403,0
14.016,4.065933762154966,0.41652034740892274,0.05485771116500051,5.591200000000001,0.49712531220697154,0.594542955606889,-0.027252387230469844,0.5956668220282483,-0.02500026082092612,1.5273945975614946,-0.002060336029317683,0.02739459756149465,0,0,FOLLOWING,1.5273828579666364,0.5498357457777573,0
14.048,4.084930673820764,0.41756039055853134,0.05406333682590746,5.6088,0.496916057771237,0.5934372551879677,-0.027063665638578194,0.5945424212116527,-0.024824199738147725,1.5259341549322278,-0.0020352202098693553,0.025934154932227838,0,0,FOLLOWING,1.5259250748214621,0.5498595037451484,0
14.08,4.103893054690744,0.4185834495852936,0.05327440247839189,5.6264,0.49669947601908476,0.5923501974657402,-0.026881249589089627,0.5934361327246467,-0.024654199961300166,1.5245095972478258,-0.002011852264731835,0.024509597247825754,0,0,FOLLOWING,1.5245028261893259,0.5498805969297439,0
14.112,4.12282148284855,0.4195897142298748,0.052490726595200245,5.643999999999999,0.49647557014413884,0.5912822591348458,-0.026704727483638876,0.5923485721129607,-0.024489872912244515,1.523120322194787,-0.0019900898193849284,0.023120322194787102,0,0,FOLLOWING,1.523115553364241,0.5498993690931903,0
14.144,4.141716551869953,0.420579369675273,0.05171213949921363,5.661600000000001,0.4962443434480216,0.5902337878105365,-0.02653370877875933,0.5912802059029173,-0.024330848274358424,1.5217657126363817,-0.001969800628364833,0.021765712636381718,0,0,FOLLOWING,1.5217626774210293,0.5499161212440382,0
14.176,4.160578866705523,0.4215525965518275,0.050938482754875385,5.6792,0.4960057993403053,0.5892050204528388,-0.026367824444225762,0.5902313726182968,-0.02417677474887847,1.5204451407052029,-0.0019508621090848985,0.02044514070520287,0,0,FOLLOWING,1.5204436039715488,0.5499311169340193,0
14.208,4.179409040150052,0.42250957097428726,0.05016960854691018,5.6968000000000005,0.4957599413384615,0.5881960994182277,-0.02620672708793887,0.589202301110864,-0.024027320452037988,1.5191579713093821,-0.0019331608543163778,0.019157971309382127,0,0,FOLLOWING,1.5191577272537522,0.5499445869017303,0
14.24,4.198207689823171,0.42345046460411917,0.049405379055901935,5.7143999999999995,0.49550677306780966,0.587207086422947,-0.02605009080623688,0.5881931265228464,-0.023882173013244957,1.517903565128155,-0.0019165921328644366,0.01790356512815494,0,0,FOLLOWING,1.517904433638978,0.5499567331433924,0
14.272,4.216975435594634,0.42437544473133415,0.048645665838576095,5.732,0.4952462982614631,0.586237974671624,-0.025897610811445388,0.5872039041660619,-0.02374103942806535,1.516681281163501,-0.0019010593863715217,0.016681281163501094,0,0,FOLLOWING,1.516683104632713,0.5499677324808142,0
14.304,4.235712897395831,0.4252846743710551,0.04789034921915459,5.7496,0.49497852076027443,0.5852886993769179,-0.025749002881911745,0.586234621571665,-0.023603645712210197,1.5154904789063408,-0.0018864737287850458,0.01549047890634081,0,0,FOLLOWING,1.5154931194348902,0.5499777396881799,0
14.336,4.254420693366317,0.42617831237086584,0.047139317696826624,5.767200000000001,0.49470344451277876,0.5843591468705844,-0.02560400267380815,0.5852852089365422,-0.023469736397921454,1.5143305201686177,-0.001872753453778207,0.014330520168617689,0,0,FOLLOWING,1.514333857117679,0.549986890231859,0
14.368,4.273099438290494,0.4270565135256741,0.04639246737327413,5.7848,0.49442107357513543,0.5834491624833607,-0.025462364928527097,0.5843555481666517,-0.023339073907256303,1.513200770626123,-0.0018598235543576189,0.013200770626123015,0,0,FOLLOWING,1.5132046984715282,0.5499953026708305,0
14.4,4.291749742285265,0.42791942869741556,0.04564970140320242,5.8024000000000004,0.4941314121110682,0.5825585573503858,-0.025323862604625366,0.5834454806946983,-0.023211437833192527,1.5121006011113043,-0.001847615257946279,0.012100601111304288,0,0,FOLLOWING,1.5121050275638432,0.5500030807595327,0
14.432,4.310372209704439,0.42876720493743264,0.04491092947000816,5.819999999999999,0.49383446439180384,0.5816871142802789,-0.02518828595886152,0.5825548142286845,-0.023086624154072494,1.5110293886902264,-0.0018360655794402783,0.011029388690226405,0,0,FOLLOWING,1.511034233049061,0.5500103152898265,0
14.464,4.328967438230116,0.4295999856097844,0.0441760672880189,5.837600000000001,0.4935302347960094,0.5808345928093678,-0.025055441596972372,0.5816833285692088,-0.02296444440325769,1.509986517553511,-0.0018251168940582804,0.009986517553510987,0,0,FOLLOWING,1.509991709263901,0.5500170857043106,0
14.496,4.3475360181250835,0.43041791051410616,0.043445036132141256,5.8552,0.49321872780972714,0.5800007335477322,-0.02492515151136981,0.5808307806167732,-0.022844724812598676,1.5089713797471198,-0.0018147165312163984,0.008971379747119812,0,0,FOLLOWING,1.5089768571372464,0.5500234615092259,0
14.528,4.366078531623714,0.43122111600693724,0.04271776239527579,5.872800000000001,0.492899948026309,0.5791852619105385,-0.024797252119904516,0.5799969086754458,-0.022727305444734343,1.5079833757655514,-0.0018048163901865644,0.007983375765551415,0,0,FOLLOWING,1.507989084940254,0.5500295035117746,0
14.56,4.384595552441787,0.4320097351206859,0.0419941771734495,5.8904,0.4925739001463482,0.5783878913164405,-0.02467159331716238,0.5791814361460274,-0.022612039326913358,1.507021915026902,-0.0017953725778855137,0.00702191502690197,0,0,FOLLOWING,1.5070278088989355,0.5500352649035746,0
14.592,4.403087645388276,0.4327838976796093,0.04127421587828109,5.908,0.4922405889776106,0.5776083259244841,-0.02454803754746276,0.5783840746902551,-0.022498791596844342,1.5060864162467933,-0.001786345068802049,0.006086416246793291,0,0,FOLLOWING,1.506092453688537,0.5500407922093437,0
14.624,4.421555366064434,0.4335437304123555,0.040557817876154936,5.9256,0.4919000194349632,0.5768462629718158,-0.024426458906701143,0.577604526937065,-0.022387438668055242,1.5051763077257303,-0.0017776973868168164,0.0051763077257303,0,0,FOLLOWING,1.505182452826443,0.5500461261175046,0
14.656,4.4399992606374346,0.4342893570607583,0.039844926153256244,5.943200000000001,0.4915521965403022,0.5761013947664587,-0.02430674227848605,0.5768424887929823,-0.022277867421723944,1.5042910275626278,-0.0017693963084376013,0.0042910275626277805,0,0,FOLLOWING,1.5042972489781248,0.5500513022073927,0
14.688,4.458419865677636,0.43502089848468345,0.039135487005474555,5.9608,0.4911971254224785,0.5753734103823533,-0.02418878250853219,0.5760976514106104,-0.022169974429547726,1.5034300238053815,-0.0017614115868067604,0.003430023805381488,0,0,FOLLOWING,1.503436294188688,0.5500563515858886,0
14.72,4.476817708049966,0.43573847276282246,0.03842944975207076,5.978400000000001,0.49083481131722234,0.5746619970976616,-0.024072483620054937,0.5753697028620628,-0.022063665211132642,1.5025927545479583,-0.0017537156957138506,0.0025927545479582648,0,0,FOLLOWING,1.5025990500508508,0.5500613014447437,0
14.752,4.495193304851251,0.4364421952893971,0.03772676647191937,5.9959999999999996,0.4904652595670661,0.5739668416119071,-0.02395775807184069,0.5746583295581582,-0.02195885352851353,1.5017786879821065,-0.001746283592741718,0.0017786879821064527,0,0,FOLLOWING,1.5017849878187612,0.5500661755484506,0
14.784,4.513547163386475,0.4371321788667979,0.03702739176109697,6.013600000000001,0.4900884756212653,0.5732876310727834,-0.02384452605984322,0.5739632174486375,-0.021855460719091977,1.5009873024107279,-0.0017390925006181973,0.0009873024107278638,0,0,FOLLOWING,1.500993588475727,0.5500709946613055,0
14.816,4.531879781177883,0.43780853379422263,0.036331282510558324,6.0312,0.4897044650357184,0.5726240539393135,-0.023732714862411602,0.573284053034101,-0.021753415067892082,1.500218086228873,-0.0017321217057940722,0.00021808622887298235,0,0,FOLLOWING,1.5002243427628348,0.5500757769212165,0
14.848,4.5501916460017355,0.4384713679524135,0.03563839770264612,6.048800000000001,0.48931323347288513,0.5719758007044533,-0.023622258228707737,0.5726205242159816,-0.021652651219009344,1.4994705378776174,-0.001725352373258396,-0.0005294621223825846,0,0,FOLLOWING,1.4994767511744913,0.5500805381669097,0
14.88,4.568483235948219,0.43912078688461603,0.03494869822518386,6.0664,0.48891478670170235,0.5713425644970728,-0.02351309580939523,0.5719723210076223,-0.021553109626140255,1.4987441657751808,-0.001718767376583302,-0.00125583422481923,0,0,FOLLOWING,1.4987503239260531,0.5500852922243086,0
14.912,4.586755019500696,0.43975689387390154,0.03426214670193937,6.0840000000000005,0.4885091305974996,0.5707240415805378,-0.02340517262833804,0.5713391361261114,-0.021454736040998398,1.4980384882291629,-0.0017123511422138873,-0.0019615117708371432,0,0,FOLLOWING,1.4980445808979987,0.5500900511572018,0
14.944,4.605007455630974,0.4403797900170027,0.03357870733827281,6.1016,0.48809627114191223,0.570119931762735,-0.02329843859376071,0.570720665481959,-0.021357481038799597,1.497353033333121,-0.0017060895070264495,-0.002646966666878914,0,0,FOLLOWING,1.4973590515604884,0.5500948254866223,0
14.976,4.623240993907783,0.4409895742948223,0.03289834578083731,6.119200000000001,0.48767621442279313,0.569529938730342,-0.023192848047146462,0.5701166085813746,-0.021261299579114466,1.4966873388503212,-0.0016999695882171685,-0.003312661149678764,0,0,FOLLOWING,1.4966932748815907,0.5500996243828599,0
15.008000000000001,4.641456074616049,0.4415863436397747,0.032221028990243615,6.1368,0.487248966634123,0.5689537703183514,-0.02308835934798559,0.5695266688537035,-0.021166150600746975,1.4960409520870097,-0.001693979664610084,-0.003959047912990288,0,0,FOLLOWING,1.4960467992219952,0.5501044558335019,0
15.040000000000001,4.659653128884892,0.44217019300012295,0.03154672512565504,6.154400000000001,0.4868145340759191,0.5683911387243376,-0.022984934492419267,0.568950553915034,-0.021071996648909706,1.4954134297573032,-0.0016881090685144581,-0.004586570242696819,0,0,FOLLOWING,1.495419182218653,0.5501093267905082,0
15.072000000000001,4.67783257882258,0.44274121540146727,0.030875403440339812,6.172,0.4863729231541424,0.5678417606756128,-0.0228825387637749,0.5683879757772655,-0.020978803532806636,1.494804337841377,-0.001682348087307245,-0.005195662158623104,0,0,FOLLOWING,1.4948099906594023,0.5501142432989177,0
15.104000000000001,4.695994837656955,0.4432995020055435,0.030207034187263705,6.1896,0.4859241403806027,0.5673053575562771,-0.022781140412980763,0.5678386510107749,-0.020886540011872082,1.4942132514384951,-0.001676687873961073,-0.005786748561504851,0,0,FOLLOWING,1.4942188003503605,0.5501192106094955,0
15.136000000000001,4.714140309880027,0.4438451421664787,0.029541588533863468,6.2072,0.4854681923728633,0.5667816555001776,-0.022680710366867515,0.5673023008675381,-0.02079517750887251,1.4936397546160967,-0.001671120365781483,-0.00636024538390334,0,0,FOLLOWING,1.4936451959775994,0.5501242332773055,0
15.168000000000001,4.732269391395648,0.4443782234846474,0.028879038485195713,6.224800000000001,0.48500508585414287,0.5662703854549376,-0.02258122196240997,0.566778651370655,-0.02070468984817312,1.4930834402560595,-0.0016656382106615688,-0.006916559743940454,0,0,FOLLOWING,1.4930887709644138,0.5501293152479869,0
15.200000000000001,4.750382469669371,0.444898831858267,0.028219356814718686,6.2424,0.4845348276532164,0.5657712832214818,-0.02248265070500742,0.5662674333754714,-0.020615053017209457,1.4925439098989906,-0.0016602347002133144,-0.007456090101009449,0,0,FOLLOWING,1.492549127325261,0.550134459933248,0
15.232000000000001,4.768479923879661,0.4454070515328615,0.02756251700201728,6.260000000000001,0.48405742470431484,0.5652840894728549,-0.022384974048995768,0.565768382606463,-0.02052624494951092,1.492020773587391,-0.0016549037091800022,-0.007979226412609064,0,0,FOLLOWING,1.492025875517349,0.5501396702769417,0
15.264000000000001,4.786562125069834,0.4459029651487154,0.02690849317682703,6.2776,0.4835728840470223,0.5648085497555787,-0.02228817119864838,0.5652812396738842,-0.02043824532785835,1.4915136497082655,-0.001649639640567406,-0.008486350291734501,0,0,FOLLOWING,1.491518634290641,0.5501449488128782,0
15.296000000000001,4.804629436300148,0.4463866537864356,0.02625726006877499,6.295200000000001,0.4830812128261729,0.5643444144763355,-0.022192222928013667,0.5648057500731906,-0.0203510354056319,1.4910221648357942,-0.0016444373759888428,-0.008977835164205805,0,0,FOLLOWING,1.4910270305369744,0.5501502977154347,0
15.328000000000001,4.822682212799569,0.4468581970107274,0.025608792962291214,6.3128,0.4825824182917447,0.5638914388763598,-0.022097111418038336,0.5643416641700315,-0.0202645978452268,1.4905459535744756,-0.0016392922307450486,-0.009454046425524387,0,0,FOLLOWING,1.4905506991388764,0.5501557188438257,0
15.36,4.840720802116833,0.4473176729124884,0.024963067656194105,6.330400000000001,0.48207650779875344,0.5634493829955705,-0.02200282010951169,0.5638887371732241,-0.020178916571997645,1.4900846584031695,-0.001634199913203422,-0.009915341596830496,0,0,FOLLOWING,1.4900892828185364,0.5501612137808665,0
15.392,4.858745544270454,0.44776515814931483,0.02432006042750041,6.348,0.4815634888071437,0.5630180116281905,-0.021909333570455262,0.563446729097613,-0.020093976642238002,1.4896379295203117,-0.0016291564880823969,-0.01036207047968829,0,0,FOLLOWING,1.4896424319873722,0.5501667838668739,0
15.424,4.8767567718974245,0.44820072798450766,0.02367974799904076,6.3656,0.4810433688816791,0.5625970942713382,-0.021816637376695012,0.5630154047186497,-0.02000976412425494,1.4892054246906292,-0.0016241583432706833,-0.01079457530937078,0,0,FOLLOWING,1.4892098045965196,0.5501724302293534,0
15.456,4.894754810400354,0.4486244563246632,0.02304210751050023,6.3831999999999995,0.4805161556918305,0.5621864050678599,-0.02172471800441953,0.5625945335200283,-0.019926265991339523,1.4887868090935152,-0.0016192021598445579,-0.01121319090648476,0,0,FOLLOWING,1.4887910659885304,0.5501781538089677,0
15.488,4.912739978092891,0.4490364157559246,0.022407116492546966,6.400799999999999,0.4799818570116632,0.5617857227444916,-0.021633562733638614,0.5621838896357414,-0.01984347002526376,1.4883817551732805,-0.0016142848849860813,-0.01161824482671947,0,0,FOLLOWING,1.4883858887505306,0.5501839553822678,0
15.52,4.930712586343251,0.44943667757896477,0.0217747528437273,6.4184,0.4794404807197221,0.5613948305462675,-0.021543159561519372,0.5617832517875267,-0.01976136472982707,1.487989942491419,-0.0016094037075140566,-0.012010057508581085,0,0,FOLLOWING,1.4879939525690207,0.5501898355815856,0
15.552,4.948672939715733,0.44982531184276914,0.021144994809851242,6.436,0.4788920347989157,0.5610135161679669,-0.021453497124681833,0.561392403218717,-0.01967993925303265,1.487611057580996,-0.001604556035784046,-0.012388942419004012,0,0,FOLLOWING,1.487614944086494,0.5501957949124417,0
15.584,4.9666213361101335,0.45020238737727947,0.020517820965607142,6.4536,0.4783365273363981,0.5606415716832691,-0.021364564629590257,0.561011131625142,-0.01959918331742645,1.48724479380327,-0.0015997394777225137,-0.012755206196729985,0,0,FOLLOWING,1.4872485567599976,0.5502018337687845,0
15.616,4.984558066898987,0.4505679718249557,0.019893210198171647,6.4712,0.4777739665234502,0.5602787934721826,-0.02127635179025885,0.560639229083881,-0.01951908715774321,1.486890851206588,-0.0015949518227851742,-0.013109148793412073,0,0,FOLLOWING,1.486894490721733,0.5502079524463237,0
15.648,5.002483417062551,0.45092213167131134,0.019271141692611987,6.4887999999999995,0.4772043606553586,0.5599249821472366,-0.021188848772563777,0.5602764919802863,-0.019439641464896597,1.4865489363876394,-0.0015901910256593474,-0.013451063612360592,0,0,FOLLOWING,1.4865524526418028,0.5502141511542059,0
15.68,5.020397665321525,0.45126493227446973,0.01865159491888106,6.506399999999999,0.4766277181312931,0.5595799424788421,-0.021102046144502593,0.5599227209338619,-0.019360837336204372,1.48621876235509,-0.001585455191527467,-0.013781237644910016,0,0,FOLLOWING,1.4862221555931452,0.5502204300252265,0
15.712,5.038301084267447,0.45159643789379056,0.018034549620244124,6.524,0.47604404745418333,0.5592434833201716,-0.021015934831809625,0.5595777207233554,-0.019282666230649607,1.4859000483956184,-0.0015807425627485557,-0.0140999516043816,0,0,FOLLOWING,1.4859033189187136,0.5502267891247749,0
15.744,5.056193940490766,0.4519167117176077,0.017419985802977295,6.5416,0.475453357230593,0.5589154175318498,-0.020930506078389557,0.5592413002113947,-0.01920511992913842,1.4855925199423812,-0.0015760515068113515,-0.014407480057618827,0,0,FOLLOWING,1.4855956681009423,0.5502332284586615,0
15.776,5.074076494706583,0.4522258158901193,0.016807883727202207,6.5592,0.47485565617059333,0.5585955619067042,-0.020845751411083434,0.5589132722689781,-0.019128190498993815,1.4852959084458979,-0.0015713805054356472,-0.014704091554102128,0,0,FOLLOWING,1.485298934633501,0.5502397479799702,0
15.808,5.091949001878044,0.45252381153746885,0.01619822389873183,6.5767999999999995,0.47425095308763404,0.558283737094783,-0.020761662608315135,0.5585934537000354,-0.01905187026235678,1.4850099512473676,-0.001566728144709189,-0.014990048752632434,0,0,FOLLOWING,1.485012855895381,0.5502463475950585,0
15.84,5.1098117113374135,0.45281075879305127,0.01559098706181561,6.5944,0.473639256898414,0.5579797675288155,-0.0206782316722257,0.5582816651663228,-0.018976151768083066,1.4847343914543882,-0.0015620931061550263,-0.015265608545611764,0,0,FOLLOWING,1.4847371750272804,0.5502530271688116,0
15.872,5.1276648669048175,0.45308671682207685,0.014986154192684235,6.612,0.4730205766227496,0.5576834813502604,-0.020595450803937335,0.5579777311127251,-0.01890102776675524,1.4844689778190876,-0.001557474158639537,-0.015531022180912402,0,0,FOLLOWING,1.484471640810323,0.5502597865292373,0
15.904,5.145508707004692,0.45335174384542526,0.014383706493807394,6.6296,0.4723949213834413,0.5573947103360639,-0.020513312381604958,0.5576814796932292,-0.018826491188400064,1.4842134646186278,-0.0015528701510411635,-0.015786535381372202,0,0,FOLLOWING,1.4842160075470774,0.550266625471499,0
15.936,5.163343464779949,0.45360589716281713,0.013783625388776598,6.6472,0.4717623004061398,0.5571132898262272,-0.020431808940983644,0.5573927426975628,-0.018752535122956836,1.4839676115380647,-0.0015482800055961474,-0.016032388461935332,0,0,FOLLOWING,1.4839700349448601,0.5502735437614394,0
15.968,5.1811693682038875,0.4538492331753305,0.013185892517751256,6.6648,0.47112272301920943,0.5568390586522645,-0.020350933158228363,0.557111355478698,-0.01867915280267536,1.483731183555538,-0.0015437027118656995,-0.016268816444461986,0,0,FOLLOWING,1.483733488001322,0.5502805411386732,0
16.0,5.198986640189861,0.45408180740728915,0.012590489733394388,6.6823999999999995,0.470476198653591,0.5565718590666224,-0.02027067783469584,0.5568371568812378,-0.018606337586813543,1.4835039508297716,-0.0015391373212545433,-0.0164960491702284,0,0,FOLLOWING,1.483506136892291,0.5502876173192935,0
16.032,5.216795498698761,0.4543036745275449,0.011997399097248358,6.7,0.46982273684266246,0.5563115366731102,-0.02019103588354021,0.5565699891707787,-0.018534082947889434,1.4832856885898276,-0.0015345829420341552,-0.016714311410172433,0,0,FOLLOWING,1.4832877568618283,0.5502947719982451,0
16.064,5.234596156844319,0.4545148883701773,0.011406602876491916,6.7176,0.46916234722209843,0.5560579403583834,-0.020112000317901786,0.5563096979642965,-0.01846238245976181,1.483076177027107,-0.0015300387348142121,-0.016923822972892966,0,0,FOLLOWING,1.483078128114494,0.5503020048513987,0
16.096,5.252388822996265,0.4547155019546323,0.010818083541038857,6.7352,0.4684950395297281,0.555810922224519,-0.020033564240517363,0.5560561321615739,-0.018391229786957456,1.4828752011895627,-0.0015255039084253932,-0.01712479881043727,0,0,FOLLOWING,1.4828770357097825,0.55030931553738,0
16.128,5.2701737008813945,0.4549055675053205,0.01023182376093551,6.7528,0.46782082360539173,0.5555703375227,-0.019955720834606717,0.5558091438777767,-0.01832061867533197,1.482682550878057,-0.0015209777161716963,-0.017317449121942996,0,0,FOLLOWING,1.482684269458691,0.5503167036991645,0
16.16,5.287950989682549,0.45508513647069304,0.009647806404020734,6.7704,0.4671397093907954,0.5553360445880333,-0.01987846335588925,0.5555685883770649,-0.01825054294386537,1.4824980205448768,-0.0015164594524169227,-0.017501979455123218,0,0,FOLLOWING,1.4824996238224066,0.5503241689654815,0
16.192,5.305720884135566,0.45525425954181364,0.009066014533810554,6.788,0.4664517069293646,0.5551079047755082,-0.019801785125606684,0.555334324007419,-0.018180996477643194,1.4823214091943242,-0.0015119484494679116,-0.017678590805675798,0,0,FOLLOWING,1.4823228978130525,0.550331710952041,0
16.224,5.323483574624228,0.45541298667044466,0.00848643140758996,6.8056,0.46575682636609594,0.5548857823971051,-0.01972567952444789,0.5551062121365677,-0.01811197322138315,1.4821525202853811,-0.0015074440747377936,-0.017847479714618864,0,0,FOLLOWING,1.4821538948964867,0.5503393292626181,0
16.256,5.341239247273238,0.4555613670866623,0.007909040474674675,6.8232,0.46505507794740764,0.5546695446600579,-0.019650139987268195,0.5548841170890784,-0.018043467174121145,1.4819911616363906,-0.0015029457281513251,-0.018008838363609447,0,0,FOLLOWING,1.4819924228971022,0.5503470234899992,0
16.288,5.358988084039274,0.4556994493160182,0.007333825374827453,6.8408,0.46434647202098844,0.5544590616062657,-0.019575159998521763,0.554667906084605,-0.01797547238438536,1.4818371453317185,-0.0014984528397775391,-0.018162854668281492,0,0,FOLLOWING,1.4818382939045944,0.5503547932168186,0
16.32,5.376730262800139,0.4558272811962608,0.006760769936805163,6.8584,0.4636310190356451,0.5542542060528519,-0.019500733088325797,0.5544574491773091,-0.017907982946107008,1.4816902876303701,-0.0014939648676644815,-0.01830971236962986,0,0,FOLLOWING,1.4816913241826628,0.5503626380162889,0
16.352,5.394465957442056,0.4559449098936308,0.006189858177018378,6.876,0.46290872954114815,0.5540548535338657,-0.019426852829080903,0.5542526191963867,-0.01784099299510523,1.481550408876515,-0.0014894812958572059,-0.018449591123484987,0,0,FOLLOWING,1.4815513340796227,0.5503705574528487,0
16.384,5.412195337945128,0.45605238191874464,0.005621074298288316,6.8936,0.4621796141880765,0.5538608822431142,-0.019353512832594,0.554053291687748,-0.017774496706045004,1.4814173334118887,-0.001485001632583454,-0.018582666588111252,0,0,FOLLOWING,1.481418147940873,0.5503785510827276,0
16.416,5.429918570467031,0.4561497431420797,0.0050544026886873,6.9112,0.4614436837276603,0.5536721729781148,-0.019280706747636798,0.553859344856907,-0.017708488289826848,1.4812908894900287,-0.0014805254085919564,-0.01870911050997126,0,0,FOLLOWING,1.481291594023189,0.5503866184544506,0
16.448,5.447635817415492,0.4562370796276584,0.00449001895626641,6.9288,0.46070094901162245,0.5534886090106448,-0.01920853930926114,0.5536706649822268,-0.017636992107560714,1.48117090907873,-0.0014762707696628265,-0.018829090921270053,0,0,FOLLOWING,1.4811715042919018,0.5503947591092807,0
16.48,5.465347237542328,0.4563143939428667,0.003927695204494536,6.946400000000001,0.4599514209920184,0.5533100763560048,-0.019136970377974117,0.5534871232003612,-0.017572617707605938,1.4810572281816992,-0.0014719962379468867,-0.01894277181830084,0,0,FOLLOWING,1.481057714758779,0.5504029725816083,0
16.512,5.483052986024882,0.45638172983899533,0.0033674175584257706,6.964,0.459195110721075,0.553136463289226,-0.019065967068209056,0.5533086122027745,-0.0175086769016486,1.4809496862870821,-0.001467702395688627,-0.019050313712917877,0,0,FOLLOWING,1.4809500649142717,0.550411258399297,0
16.544,5.500753214541151,0.45643913124211627,0.0028091725521755466,6.9816,0.45843202935102734,0.5529676604751886,-0.018995502690775448,0.5531350205343407,-0.0174451569041061,1.4808481264622246,-0.00146339058111128,-0.019151873537775366,0,0,FOLLOWING,1.480848397827686,0.550419616083991,0
16.576,5.518448071339168,0.4564866413923161,0.0022529469368908948,6.9992,0.45766218813395415,0.5528035609186863,-0.018925555529955278,0.5529662388381167,-0.017382050932794976,1.4807523952852202,-0.0014590621058664381,-0.01924760471477982,0,0,FOLLOWING,1.4807525600788753,0.5504280451513874,0
16.608,5.536137701309753,0.45652430286568974,0.00169872765083706,7.0168,0.4568855984216122,0.5526440599150502,-0.018856107843556836,0.5528021600778864,-0.0173193531403809,1.480662342770007,-0.0014547182308150427,-0.019337657229993033,0,0,FOLLOWING,1.4806624016833678,0.5504365451114784,0
16.64,5.553822246058619,0.4565521576169439,0.0011465017922157649,7.0344,0.4561022716652686,0.5524890550017273,-0.018787145051482393,0.5526426795164229,-0.017257058528936168,1.4805778222921864,-0.0014503601587430744,-0.019422177707813626,0,0,FOLLOWING,1.4805777760182,0.5504451154687667,0
16.672,5.5715018439770825,0.45657024701457855,0.000596256595949565,7.0520000000000005,0.4553122194155323,0.5523384459107988,-0.01871865507681214,0.5524876946679816,-0.017195162826002527,1.4804986905163746,-0.0014459890263103215,-0.019501309483625384,0,0,FOLLOWING,1.480498539749287,0.5504537557224598,0
16.704,5.589176630311291,0.45657861186961385,4.797941485408769e-05,7.0696,0.45451545332218324,0.5521921345224337,-0.018650627810725833,0.5523371052492985,-0.01713366234747393,1.4804248073251352,-0.0014416058962970373,-0.01957519267486485,0,0,FOLLOWING,1.4804245527603774,0.5504624653666411,0
16.736,5.60684673723,0.45657729245945006,-0.0004983422947784046,7.0872,0.45371198513400135,0.5520500248192627,-0.018583054678481366,0.5521908131315119,-0.017072553859745956,1.4803560357494596,-0.0014372117512333588,-0.01964396425054038,0,0,FOLLOWING,1.4803556780835396,0.5504712438904251,0
16.768,5.624512293890886,0.4565663285481151,-0.0010427209834214539,7.1048,0.4529018266985924,0.5519120228416758,-0.01851592828822509,0.5520487222931664,-0.017011834449281078,1.4802922419007634,-0.0014328074890139323,-0.01970775809923664,0,0,FOLLOWING,1.4802917818311765,0.5504800907780992,0
16.8,5.642173426505453,0.4565457594038505,-0.0015851690148155429,7.122400000000001,0.4520849899622139,0.5517780366440268,-0.01844924214790606,0.5519107387743258,-0.016951501405695,1.4802332949043613,-0.0014283939206972754,-0.019766705095638715,0,0,FOLLOWING,1.4802327331295086,0.5504890055092514,0
16.832,5.659830258402543,0.45651562381474076,-0.0021256986692612194,7.140000000000001,0.45126148696959906,0.551647976251738,-0.018382990438310525,0.5517767706318201,-0.016891552121507867,1.4801790668343717,-0.001423971770425881,-0.019820933165628274,0,0,FOLLOWING,1.480178404053494,0.5504979875588806,0
16.864,5.677482910090478,0.4564759601028927,-0.002664322144289981,7.1576,0.45043132986377854,0.5515217536192967,-0.01831716783232255,0.5516467278955237,-0.016831984010200626,1.4801294326500505,-0.0014195416772170995,-0.01987056734994952,0,0,FOLLOWING,1.4801286695631641,0.5505070363975063,0
16.896,5.695131499317876,0.4564268061375282,-0.0032010515532753343,7.1752,0.4495945308859018,0.5513992825891266,-0.018251769352247434,0.5515205225257473,-0.01677279444184632,1.4800842701334764,-0.001415104198299085,-0.019915729866523568,0,0,FOLLOWING,1.480083407441322,0.5505161514912625,0
16.928,5.712776141133161,0.4563681993472384,-0.0037358989225317867,7.1928,0.4487511023750569,0.5512804788513237,-0.018186790258354003,0.5513980683716113,-0.016713980695859033,1.4800434598285865,-0.0014106598136062786,-0.01995654017141346,0,0,FOLLOWING,1.4800424982325826,0.5505253323019857,0
16.96,5.730416947942802,0.45630017673157247,-0.004268876187362303,7.2104,0.4479010567680879,0.5511652599042395,-0.018122225962939196,0.5512792811304393,-0.016655539928133584,1.4800068849815189,-0.0014062089310846824,-0.01999311501848111,0,0,FOLLOWING,1.4800058251837223,0.5505345782872977,0
16.992,5.748054029568309,0.4562227748720749,-0.004799995187457308,7.228000000000001,0.4470444065994118,0.5510535450158979,-0.01805807196511269,0.5511640783080705,-0.016597469150782203,1.4799744314822296,-0.0014017518924737604,-0.020025568517770376,0,0,FOLLOWING,1.4799732741853016,0.5505438889006804,0
17.024,5.7656874933107645,0.45613607075439505,-0.005329458667788493,7.2456000000000005,0.446181164500834,0.5509452554594279,-0.017994237565675815,0.551052372624451,-0.01654573414597718,1.479945988073124,-0.001397125549260113,-0.020054011926875948,0,0,FOLLOWING,1.4799447339751106,0.5505532635915458,0
17.056,5.783317443963056,0.4560400508210009,-0.005857066240273528,7.2632,0.4453113432013614,0.5508403137502469,-0.01793074383422619,0.5509440985502181,-0.016487737021879317,1.4799214454928435,-0.0013925088164446974,-0.020078554507156454,0,0,FOLLOWING,1.4799200952986291,0.5505627018053019,0
17.088,5.800943983927438,0.4559347509918899,-0.006382831075712417,7.2808,0.4444349555270154,0.5507386441978748,-0.017867606099163897,0.5508391722325424,-0.016430151486691257,1.4799006972097444,-0.0013879005833997184,-0.020099302790255624,0,0,FOLLOWING,1.4798992516246674,0.550572202983417,0
17.12,5.818567213232289,0.455820207657433,-0.006906766310867244,7.298400000000001,0.443552014400642,0.5506401727466889,-0.017804835257581354,0.5507375176711525,-0.016372976475027307,1.4798836391279135,-0.0013833001888825464,-0.02011636087208646,0,0,FOLLOWING,1.4798820988576376,0.5505817665634781,0
17.152,5.83618722958737,0.45569645662544356,-0.0074288848588224795,7.316000000000001,0.44266253284172186,0.5505448269392539,-0.017742438608740783,0.550639060802191,-0.01631620499699319,1.4798701695234973,-0.0013787068938599769,-0.02012983047650274,0,0,FOLLOWING,1.479868535274028,0.5505913919792431,0
17.184,5.853804128434617,0.455563533135054,-0.00794919940847377,7.333600000000001,0.4417665239661783,0.5504525358802078,-0.01768042053105883,0.5505437291850944,-0.016259830046758895,1.479860188992176,-0.0013741198861819091,-0.020139811007823916,0,0,FOLLOWING,1.4798584614698715,0.5506010786606998,0
17.216,5.871418002997304,0.45542147190123206,-0.0084677224221711,7.3512,0.44086400098618356,0.5503632302012774,-0.017618783042397133,0.5504514519426522,-0.016203844544828372,1.4798536003986107,-0.0013695383079733552,-0.02014639960138931,0,0,FOLLOWING,1.4798517803101918,0.5506108260341122,0
17.248,5.889028944328065,0.45527030715434297,-0.008984466132726882,7.3688,0.4399549772099639,0.5502768420273745,-0.01755752626442428,0.5503621597232107,-0.01614824131819548,1.4798503088271253,-0.0013649612804773528,-0.020149691172874684,0,0,FOLLOWING,1.4798483968796856,0.5506206335220736,0
17.28,5.906637041355871,0.4551100726742823,-0.00949944254098761,7.3864,0.43903946604160415,0.5501933049436872,-0.017496648807209348,0.5502757846664355,-0.01609301311795754,1.479850221533507,-0.0013603879248243363,-0.020149778466493018,0,0,FOLLOWING,1.4798482184345167,0.5506305005435526,0
17.312,5.924242380932001,0.4549408018198699,-0.010012663414624014,7.404000000000001,0.438117480980849,0.5501125539636954,-0.017436148087084925,0.5501922603704761,-0.016038152657397647,1.479853247897861,-0.0013558173785348463,-0.02014675210213901,0,0,FOLLOWING,1.4798511543551744,0.5506404265139394,0
17.344,5.941845047875033,0.4547625275541629,-0.010524140288390126,7.421600000000001,0.4371890356229047,0.5500345254980421,-0.017376020588480756,0.5501115218602247,-0.015983652657887853,1.4798592993784998,-0.0013512488079422819,-0.020140700621500196,0,0,FOLLOWING,1.4798571161003595,0.55065041084509,0
17.376,5.959445125014866,0.4545752824662864,-0.011033884465841524,7.4392000000000005,0.43625414365823834,0.5499591573242091,-0.017316262078642057,0.5500335055564681,-0.015929505894490763,1.4798682894668347,-0.0013466814169470123,-0.020131710533165315,0,0,FOLLOWING,1.4798660171618714,0.5506604529453712,0
17.408,5.9770426932358145,0.4543790987903231,-0.011541907022336866,7.4568,0.43531281887237594,0.549886388556948,-0.017256867782724804,0.5499581492458295,-0.01587570523606385,1.4798801336432308,-0.001342114452638262,-0.02011986635676921,0,0,FOLLOWING,1.4798777730204673,0.5506705522197045,0
17.44,5.994637831518774,0.4541740084217432,-0.012048218809071077,7.474400000000001,0.43436507514569905,0.5498161596194242,-0.017197832525666635,0.5498853920514596,-0.01582224367749841,1.4798947493338162,-0.0013375472083558236,-0.02010525066618385,0,0,FOLLOWING,1.4798923011026683,0.5506807080696081,0
17.472,6.01223061698249,0.45396004293179854,-0.012552830457864563,7.492000000000001,0.43341092645324064,0.5497484122150418,-0.017139150846280496,0.5498151744043496,-0.015769114363347218,1.479912055868211,-0.0013329790247497211,-0.020087944131788937,0,0,FOLLOWING,1.479909520738491,0.5506909198932383,0
17.504,6.029821124923947,0.4537372335802484,-0.013055752386438005,7.509600000000001,0.4324503868644782,0.5496830892999173,-0.017080817088249687,0.5497474380153236,-0.01571631060299836,1.4799319744381672,-0.0013284092893535715,-0.020068025561832847,0,0,FOLLOWING,1.479929353120082,0.5507011870854303,0
17.536,6.047409428857886,0.4535056113267295,-0.01355699480394974,7.527200000000001,0.43148347054312697,0.5496201350559793,-0.01702282547203065,0.5496821258475858,-0.015663825878881318,1.479954428057093,-0.0013238374350999036,-0.020045571942906903,0,0,FOLLOWING,1.479951721261247,0.5507115090377415,0
17.568,6.064995600555486,0.45326520684102933,-0.014056567716604417,7.5448,0.4305101917469308,0.5495594948646672,-0.016965170151079196,0.5496191820899132,-0.01561165384869657,1.4799793415204392,-0.0013192629381427177,-0.020020658479560804,0,0,FOLLOWING,1.4799765499578335,0.5507218851384886,0
17.6,6.082579710082209,0.45301605051247823,-0.014554480933187607,7.5624,0.4295305648274516,0.5495011152812146,-0.016907845255293492,0.5495585521303668,-0.01555978834309864,1.4800066413669355,-0.001314685315272587,-0.019993358633064506,0,0,FOLLOWING,1.4800037657489697,0.5507323147727896,0
17.632,6.100161825834845,0.4527581724586303,-0.015050744070426666,7.580000000000001,0.42854460422985863,0.5494449440094952,-0.016850844924128697,0.5495001825305955,-0.015508223360269736,1.4800362558406575,-0.001310104121136111,-0.019963744159342545,0,0,FOLLOWING,1.4800332968791288,0.5507427973226054,0
17.664,6.117742014577756,0.4524916025333708,-0.015545366558116535,7.597600000000001,0.4275523244927145,0.5493909298774167,-0.016794163331420957,0.5494440210006983,-0.01545695305857244,1.4800681148538992,-0.0013055189454116208,-0.01993188514610078,0,0,FOLLOWING,1.4800650732610046,0.5507533321667755,0
17.696,6.135320341478351,0.4522163703345542,-0.016038357643968017,7.615200000000001,0.42655374024776127,0.5493390228128492,-0.01673779470362587,0.5493900163746195,-0.015405971747877252,1.4801021499508495,-0.0013009294100496116,-0.019897850049150456,0,0,FOLLOWING,1.4800990264391838,0.5507639186810606,0
17.728,6.152896870141801,0.45193250521125483,-0.01652972639817444,7.6328000000000005,0.4255488662197048,0.5492891738200726,-0.016681733332850415,0.5493381185860449,-0.015355273880763671,1.4801382942720351,-0.0012963351666343235,-0.019861705727964862,0,0,FOLLOWING,1.4801350895545922,0.5507745562381816,0
17.76,6.170471662645019,0.4516400362706908,-0.01701948171768916,7.650400000000001,0.42453771722599726,0.5492413349567303,-0.016625973585841912,0.5492882786448844,-0.015304854043482233,1.480176482519528,-0.0012917358939132026,-0.019823517480471953,0,0,FOLLOWING,1.4801731973096985,0.5507852442078601,0
17.792,6.188044779569899,0.45133899238486697,-0.0175076323302382,7.668000000000001,0.42352030817661884,0.5491954593112784,-0.016570509909830063,0.5492404486142024,-0.015254706947677893,1.4802166509228945,-0.0012871312954964888,-0.01978334907710555,0,0,FOLLOWING,1.4802132859344697,0.5507959819568545,0
17.824,6.205616280035865,0.45102940219697113,-0.017994186798076565,7.685600000000001,0.4224966540738582,0.549151500980917,-0.016515336835967374,0.5491945815876913,-0.015204827422381306,1.4802587372058775,-0.0012825210977392004,-0.01974126279412247,0,0,FOLLOWING,1.4802552931530455,0.5508067688490021,0
17.856,6.223186221731716,0.45071129412754785,-0.01847915352151471,7.703200000000001,0.4214667700120906,0.5491094150499931,-0.016460448980964375,0.5491506316675914,-0.01515521040682498,1.4803026805537791,-0.0012779050477935774,-0.019697319446220884,0,0,FOLLOWING,1.4802991581511247,0.5508176042452583,0
17.888,6.240754660946788,0.4503846963804706,-0.018962540742237972,7.7208000000000006,0.4204306711775559,0.5490691575688657,-0.016405841047359638,0.5491085539431101,-0.015105850943973084,1.4803484215815534,-0.0012732829118186628,-0.019651578418446558,0,0,FOLLOWING,1.4803448215440584,0.550828487503734,0
17.92,6.258321652601462,0.4500496369487258,-0.019444356546434293,7.7384,0.4193883728481342,0.5490306855332195,-0.0163515078228106,0.5490683044693002,-0.015056744174531273,1.480395902302568,-0.0012686544733405102,-0.0196040976974321,0,0,FOLLOWING,1.4803922253456092,0.5508394179797378,0
17.952,6.2758872502770116,0.4497061436200205,-0.0199246088677512,7.756000000000001,0.41833989039312075,0.5489939568638227,-0.01629744417866578,0.5490298402463807,-0.015007885331611277,1.4804450660980444,-0.001264019531745264,-0.019554933901955618,0,0,FOLLOWING,1.4804413129373915,0.5508503950258145,0
17.984,6.293451506244818,0.4493542439822249,-0.020403305490102067,7.773600000000001,0.41728523927299976,0.5489589303867112,-0.016243645068053623,0.5489931191995108,-0.014959269736020362,1.4804958576871392,-0.0012593779008918012,-0.019504142312860795,0,0,FOLLOWING,1.4804920290389552,0.5508614179917828,0
18.016000000000002,6.311014471494965,0.44899396542865655,-0.020880454050329,7.791200000000001,0.41622443503921547,0.5489255658137977,-0.016190105523641505,0.5489581001589833,-0.01491089279178005,1.480548223097673,-0.0012547294078385542,-0.019451776902327023,0,0,FOLLOWING,1.4805443196785109,0.550872486224777,0
18.048000000000002,6.328576195764214,0.4486253351632156,-0.021356062040735237,7.808800000000001,0.4151574933339435,0.5488938237238938,-0.016136820655202933,0.5489247428408413,-0.0148627499820505,1.4806021096374862,-0.0012500738916747488,-0.019397890362513825,0,0,FOLLOWING,1.4805981321642872,0.5508835990692873,0
18.080000000000002,6.346136727563391,0.4482483802053772,-0.021830136811506175,7.826400000000001,0.41408442988986033,0.548863665544132,-0.01608378564708188,0.5488930078279066,-0.014814836865648452,1.4806574658663978,-0.001245411202439567,-0.019342534133602207,0,0,FOLLOWING,1.4806534150564898,0.5508947558671975,0
18.112000000000002,6.3636961142041875,0.4478631273950487,-0.02230268557301101,7.844000000000001,0.4130052605299107,0.5488350535317873,-0.016030995755636823,0.5488628565512337,-0.014767149073317283,1.4807142415687684,-0.00124074120014106,-0.019285758431231592,0,0,FOLLOWING,1.4807101181398652,0.5509059559578238,0
18.144000000000002,6.381254401825381,0.447469603397297,-0.022773715398011,7.861600000000001,0.4119200011670747,0.5488079507564806,-0.01597844630670744,0.5488342512718892,-0.014719682304807778,1.4807723877266554,-0.001236063753848226,-0.019227612273344574,0,0,FOLLOWING,1.4807681923968492,0.5509171986779585,0
18.176000000000002,6.3988116354185065,0.4470678347069542,-0.02324323322376634,7.879200000000001,0.41082866780413335,0.5487823210827645,-0.015926132693153388,0.5488071550632244,-0.014672432325711306,1.4808318564935326,-0.001231378740869208,-0.01916814350646745,0,0,FOLLOWING,1.4808275899812953,0.5509284833619075,0
18.208000000000002,6.416367858852971,0.4466578476531043,-0.023711245854059024,7.896800000000001,0.409731276533432,0.5487581291530775,-0.015874050372489755,0.5487815317934193,-0.014625394964833414,1.4808926011685772,-0.0012266860459985568,-0.01910739883142276,0,0,FOLLOWING,1.480888264192754,0.5509398093415319,0
18.240000000000002,6.433923114900636,0.44623966840345974,-0.024177759961129305,7.9144000000000005,0.4086278435366434,0.5487353403710621,-0.015822194864636627,0.5487573461084523,-0.014578566111495063,1.4809545761715077,-0.0012219855608384227,-0.01904542382849228,0,0,FOLLOWING,1.480950169451317,0.5509511759462873,0
18.272000000000002,6.45147744525987,0.4458133229686306,-0.024642782087538135,7.932000000000001,0.40751838508452926,0.5487139208852345,-0.015770561749802268,0.5487345634154351,-0.014531941713215524,1.4810177370179571,-0.0012172771831820417,-0.018982262982042863,0,0,FOLLOWING,1.4810132612729834,0.5509625825032644,0
18.304000000000002,6.469030890579095,0.4453788372062916,-0.025106318647958897,7.949600000000001,0.40640291753669994,0.548693837573006,-0.01571914666649911,0.5487131498662648,-0.014485517773509664,1.4810820402953733,-0.0012125608164588635,-0.01891795970462673,0,0,FOLLOWING,1.481077496245566,0.5509740283372274,0
18.336000000000002,6.486583490479816,0.44493623682525235,-0.025568375930900507,7.967200000000001,0.40528145734137366,0.548675058025041,-0.015667945309701083,0.5486930723416679,-0.014439290349735802,1.4811474436394405,-0.001207836369238855,-0.01885255636055949,0,0,FOLLOWING,1.4811428320051085,0.5509855127706581,0
18.368000000000002,6.504135283579172,0.44448554738943313,-0.026028960100373318,7.984800000000001,0.4041540210351335,0.5486575505299504,-0.015616953429135962,0.5486742984355445,-0.01439325555131455,1.4812139057110014,-0.0012031037547872577,-0.018786094288998578,0,0,FOLLOWING,1.481209227212806,0.5509970351237948,0
18.400000000000002,6.521686307511995,0.4440267943217516,-0.026488077197497833,8.002400000000002,0.40302062524268356,0.54864128405931,-0.015566166827723531,0.5486567964396754,-0.014347409537936997,1.4812813861734735,-0.0011983628906691787,-0.01871861382652651,0,0,FOLLOWING,1.481276641532426,0.5510085947146737,0
18.432000000000002,6.539236598952404,0.4435600029079228,-0.02694573314206459,8.020000000000001,0.4018812866766047,0.548626228252997,-0.015515581360132204,0.5486405353287339,-0.014301748518040915,1.4813498456707446,-0.0011936136983969649,-0.01865015432925543,0,0,FOLLOWING,1.4813450356082043,0.5510201908591683,0
18.464,6.5567861936349265,0.4430851983001754,-0.027401933734045848,8.037600000000001,0.4007360221371069,0.5486123534048402,-0.015465192931470443,0.5486254847456185,-0.01425626874730507,1.481419245805559,-0.001188856103120365,-0.01858075419444094,0,0,FOLLOWING,1.4814143710432184,0.5510318228710332,0
18.496,6.574335126375182,0.4426024055208884,-0.02785668465506927,8.0552,0.39958484851178216,0.5485996304485755,-0.015414997496091272,0.5486116149871308,-0.01421096652746008,1.4814895491183453,-0.0011840900333498598,-0.018510450881654705,0,0,FOLLOWING,1.4814846103782366,0.5510434900619393,0
18.528,6.5918834310901095,0.4421116494661491,-0.02830999146984943,8.072799999999999,0.39842778277535545,0.5485880309441017,-0.015364991056505732,0.5485988969899039,-0.01416583820497148,1.481560719066518,-0.0011793154207164654,-0.018439280933481905,0,0,FOLLOWING,1.4815557170709954,0.5510551917415228,0
18.56,6.609431140817773,0.4416129549092358,-0.02876185962759015,8.090399999999999,0.3972648419894343,0.5485775270640268,-0.015315169662402343,0.5485873023166664,-0.014120880170127843,1.481632720004202,-0.0011745321997569148,-0.018367279995797903,0,0,FOLLOWING,1.4816276554759429,0.5510669272174233,0
18.592,6.6269782877367325,0.4411063465040275,-0.029212294463353414,8.107999999999999,0.3960960433022571,0.5485680915805045,-0.015265529409751209,0.548576803142803,-0.01407608885599649,1.4817055171624125,-0.0011697403077272075,-0.0182944828375875,0,0,FOLLOWING,1.4817003908244086,0.5510786957953219,0
18.624,6.644524903185009,0.4405918487883428,-0.029661301199401226,8.125599999999999,0.39492140394844105,0.5485596978523483,-0.01521606644000172,0.5485673722431779,-0.014031460737576416,1.4817790766296457,-0.0011649396844387837,-0.018220923370354303,0,0,FOLLOWING,1.481773889205194,0.5510904967789874,0
18.656,6.662071017678639,0.440069486187209,-0.0301088849465157,8.1432,0.39374094124872644,0.5485523198124231,-0.015166776939346724,0.5485589829792633,-0.013986992331122732,1.4818533653328956,-0.0011601302721130566,-0.018146634667104422,0,0,FOLLOWING,1.481848117545593,0.5511023294703175,0
18.688,6.679616660929832,0.43953928301606443,-0.03055505070529153,8.160799999999998,0.3925546726097231,0.548545931955304,-0.015117657138063519,0.5485516092865101,-0.01394268019327666,1.4819283510190644,-0.0011553120152573045,-0.018071648980935606,0,0,FOLLOWING,1.4819230435928057,0.5511141931693742,0
18.72,6.697161861864738,0.4390012634838958,-0.030999803367414817,8.1784,0.39136261552365215,0.5485405093252007,-0.015068703309909875,0.5485452256620358,-0.013898520920643817,1.4820040022368013,-0.0011504848605518002,-0.017995997763198712,0,0,FOLLOWING,1.4819986358957606,0.551126087174437,0
18.752,6.714706648640838,0.43845545169631034,-0.03144314771692006,8.196,0.3901647875680888,0.5485360275041355,-0.015019911771576133,0.5485398071525371,-0.013854511149113078,1.4820802883186863,-0.0011456487567528817,-0.017919711681313677,0,0,FOLLOWING,1.482074863787316,0.551138010782032,0
18.784,6.732251048663959,0.43790187165854766,-0.031885088431429745,8.2136,0.38896120640570364,0.5485324626003795,-0.014971278882185265,0.5485353293424636,-0.013810647553306337,1.4821571793638415,-0.0011408036546091335,-0.017842820636158496,0,0,FOLLOWING,1.4821516973668656,0.5511499632869823,0
18.816,6.749795088604921,0.4373405472784292,-0.03232563008338264,8.2312,0.387751889784001,0.5485297912371304,-0.014922801042831403,0.5485317683424645,-0.013766926846234035,1.4822346462208873,-0.0011359495067847572,-0.017765353779112703,0,0,FOLLOWING,1.4822291074832863,0.5511619439824471,0
18.848,6.767338794415838,0.43677150236924966,-0.032764777141247085,8.2488,0.38653685553505807,0.5485279905414354,-0.014874474696157672,0.5485291007780587,-0.013723345778818246,1.4823126604712764,-0.0011310862677925484,-0.01768733952872359,0,0,FOLLOWING,1.4823070657182813,0.5511739521599657,0
18.88,6.784882191346053,0.4361947606526102,-0.03320253397072056,8.266399999999999,0.38531612157526207,0.5485270381333509,-0.014826296325963207,0.5485273037785652,-0.013679901139470615,1.4823911944129837,-0.0011262138939356903,-0.017608805587016274,0,0,FOLLOWING,1.4823855443700669,0.5511859871095004,0
18.912,6.80242530395775,0.4356103457611953,-0.033638904835917964,8.283999999999999,0.38408970590504554,0.5485269121153326,-0.014778262456837629,0.5485263549662752,-0.01363658975373444,1.4824702210445475,-0.0011213323432564884,-0.01752977895545249,0,0,FOLLOWING,1.4824645164374153,0.5511980481194739,0
18.944,6.819968156141217,0.4350182812414944,-0.03407389390055298,8.301599999999999,0.3828576266086209,0.5485275910618519,-0.014730369653818009,0.5485262324458171,-0.013593408484071577,1.4825497140494495,-0.0011164415754865362,-0.017450285950550537,0,0,FOLLOWING,1.482543955604032,0.5512101344768154,0
18.976,6.837510771129786,0.4344185905564701,-0.03450750522910336,8.319199999999999,0.3816199018537146,0.5485290540092347,-0.014682614522062603,0.5485269147937851,-0.013550354229358266,1.4826296477808394,-0.001111541552007135,-0.017370352219160612,0,0,FOLLOWING,1.4826238362232755,0.551222245467002,0
19.008,6.855053171514456,0.4338112970881731,-0.034939742787969345,8.3368,0.38037654989129827,0.5485312804457197,-0.014634993706547701,0.5485283810486,-0.013507423924672645,1.4827099972465834,-0.0011066322358124147,-0.017290002753416633,0,0,FOLLOWING,1.4827041333032132,0.5512343803741032,0
19.04,6.872595379258198,0.43319642414030635,-0.0353706104466268,8.3544,0.3791275890553199,0.548534250301726,-0.014587503891768983,0.5485306107005343,-0.013464614541127516,1.4827907380946255,-0.001101713591471723,-0.01720926190537453,0,0,FOLLOWING,1.482784822491982,0.551246538480821,0
19.072,6.890137415709955,0.43257399494073784,-0.03580011197876543,8.372,0.3778730377624341,0.5485379439403311,-0.014540141801459289,0.5485335836820013,-0.013421923085405137,1.482871846598685,-0.0010967855851003877,-0.017128153401315016,0,0,FOLLOWING,1.4828658800634833,0.5512587190685331,0
19.104,6.907679301618338,0.43194403264396564,-0.03622825106342246,8.3896,0.3766129145117293,0.5485423421479523,-0.014492904198315653,0.5485372803580373,-0.013379346599613973,1.4829532996442454,-0.0010918481843314731,-0.017046700355754618,0,0,FOLLOWING,1.4829472829033654,0.5512709214173366,0
19.136,6.92522105714504,0.43130656033353365,-0.03665503128610973,8.4072,0.37534723788445645,0.5485474261252267,-0.014445787883727905,0.5485416815169623,-0.013336882161086833,1.4830350747148437,-0.0010869013582861728,-0.01696492528515625,0,0,FOLLOWING,1.483029008495325,0.5512831448060914,0
19.168,6.942762701877941,0.4306616010244,-0.03708045613992831,8.4248,0.37407602654375366,0.5485531774780879,-0.014398789697521706,0.5485467683612736,-0.013294526881987108,1.4831171498786724,-0.0010819450775519032,-0.01688285012132762,0,0,FOLLOWING,1.4831110349076992,0.5512953885124608,0
19.2,6.960304254843951,0.4300091776652607,-0.03750452902668005,8.4424,0.3727992992343718,0.5485595782090321,-0.014351906517698588,0.5485525224987496,-0.013252277909212759,1.4831995037754493,-0.0010769793141575043,-0.01680049622455071,0,0,FOLLOWING,1.4831933407803395,0.5513076518129542,0
19.232,6.977845734521572,0.42934931314082664,-0.037927253257968044,8.459999999999999,0.37151707478239815,0.548566610708573,-0.014305135260181168,0.5485589259336703,-0.013210132424052754,1.4832821156035834,-0.0010720040415523949,-0.016717884396416638,0,0,FOLLOWING,1.4832759053117757,0.5513199339829743,0
19.264,6.995387158853184,0.42868203027405705,-0.03834863205629502,8.477599999999999,0.37022937209497825,0.5485742577468772,-0.01425847287856266,0.5485659610582938,-0.013168087642120253,1.4833649651076142,-0.0010670192345829596,-0.016635034892385825,0,0,FOLLOWING,1.4833587082466542,0.5513322342968557,0
19.296,7.012928545257073,0.4280073518283497,-0.038768668556147065,8.4952,0.3689362101600374,0.5485825024655833,-0.014211916363855635,0.5485736106444989,-0.013126140812895452,1.4834480325659247,-0.001062024869476083,-0.016551967434075276,0,0,FOLLOWING,1.4834417298634546,0.551344552027913,0
19.328,7.030469910639201,0.4273253005096886,-0.03918736580507674,8.512799999999999,0.36763760804600104,0.54859132836979,-0.01416546274424234,0.5485818578356053,-0.01308428921970503,1.483531298778705,-0.0010570209238176254,-0.016468701221294957,0,0,FOLLOWING,1.483524950962451,0.5513568864484732,0
19.36,7.048011271404716,0.42663589896875,-0.039604726764775416,8.5304,0.36633358490151285,0.548600719320223,-0.014119109084825807,0.5485906861383434,-0.013042530179386532,1.483614745056211,-0.0010520073765346166,-0.016385254943789063,0,0,FOLLOWING,1.4836083528539628,0.5513692368299344,0
19.392,7.065552643469229,0.42593916980296753,-0.04002075431213938,8.548,0.36502415995515275,0.5486106595255643,-0.014072852487381956,0.5486000794150456,-0.013000861042093156,1.4836983532072243,-0.0010469842078777297,-0.01630164679277568,0,0,FOLLOWING,1.4836919173468335,0.551381602442796,0
19.424,7.083094042269833,0.4252351355585581,-0.04043545124032918,8.5656,0.36370935251515374,0.5486211335349477,-0.01402669009010755,0.5486100218759731,-0.012959279191082862,1.4837821055278109,-0.0010419513994029059,-0.01621789447218913,0,0,FOLLOWING,1.483775626737166,0.551393982556705,0
19.456,7.100635482775892,0.42452381873250816,-0.040848820259819486,8.5832,0.36238918196911635,0.5486321262306167,-0.013980619067371297,0.5486204980717859,-0.012917782042423075,1.4838659847902946,-0.0010369089339570467,-0.016134015209705366,0,0,FOLLOWING,1.4838594637973117,0.5514063764405054,0
19.488,7.118176979499602,0.4238052417745215,-0.04126086399944382,8.6008,0.36106366778372373,0.5486436228207384,-0.013934636629465185,0.5486314928862266,-0.012876367044825048,1.4839499742324753,-0.0010318567956602784,-0.016050025767524678,0,0,FOLLOWING,1.4839434117650794,0.5514187833622758,0
19.52,7.135718546506321,0.42307942708893054,-0.04167158500743432,8.6184,0.3597328295044537,0.548655608832373,-0.013888740022350436,0.5486429915289402,-0.01283503167949705,1.4840340575470823,-0.0010267949698884796,-0.015965942452917714,0,0,FOLLOWING,1.4840274543331982,0.5514312025893761,0
19.552,7.153260197424672,0.4223463970365693,-0.04208098575244648,8.636,0.35839668675529085,0.5486680701045927,-0.01384292652740646,0.5486549795284155,-0.012793773459669292,1.4841182188714552,-0.00102172344326186,-0.01588178112854477,0,0,FOLLOWING,1.4841115756389895,0.5514436333884872,0
19.584,7.170801945456437,0.4216061739366115,-0.042489068624586235,8.653599999999999,0.3570552592384379,0.5486809927817498,-0.013797193461176645,0.5486674427251369,-0.012752589930666287,1.484202442777448,-0.0010166422036249486,-0.01579755722255194,0,0,FOLLOWING,1.484195760254274,0.5514560750256567,0
19.616,7.188343803386238,0.42085878006837274,-0.042895835936421836,8.671199999999999,0.355708566734024,0.5486943633068875,-0.013751538175115109,0.5486803672648368,-0.012711478669435403,1.484286714261547,-0.0010115512400355117,-0.015713285738452987,0,0,FOLLOWING,1.4842799931754884,0.5514685267663421,0
19.648,7.205885783591003,0.4201042376730783,-0.04330128992399186,8.6888,0.35435662909981347,0.5487081684152955,-0.013705958055332307,0.5486937395918917,-0.012670437284425025,1.484371018735213,-0.0010064505427493584,-0.015628981264786956,0,0,FOLLOWING,1.4843642598140299,0.551480987875455,0
19.68,7.223427898049233,0.4193425689555967,-0.04370543274780555,8.7064,0.3529994662709138,0.5487223951281989,-0.013660450522337246,0.548707546442923,-0.012629463415342471,1.4844553420154165,-0.0010013401032055586,-0.015544657984583488,0,0,FOLLOWING,1.4844485459867873,0.5514934576174001,0
19.712,7.24097015835007,0.41857379608613965,-0.04410826649383624,8.724,0.35163709825948036,0.5487370307465886,-0.01361501303078288,0.5487217748404315,-0.012588554732941215,1.4845396703153995,-0.0009962199140120948,-0.015460329684600538,0,0,FOLLOWING,1.4845328379069058,0.5515059352561266,0
19.744,7.258512575702169,0.4177979412019306,-0.04450979317450412,8.7416,0.35026954515442216,0.5487520628451813,-0.013569643069207951,0.5487364120866793,-0.012547708938685053,1.4846239902356164,-0.0009910899689351202,-0.01537600976438358,0,0,FOLLOWING,1.4846171221747255,0.5515184200551659,0
19.776,7.276055160942377,0.4170150264088389,-0.044910014729655695,8.7592,0.34889682712110576,0.5487674792665089,-0.013524338159780986,0.5487514457576089,-0.012506923764645359,1.484708288754887,-0.0009859502628824929,-0.015291711245112971,0,0,FOLLOWING,1.4847013857689357,0.5515309112776771,0
19.808,7.29359792454423,0.4162250737829849,-0.0453089330275331,8.7768,0.3475189644010572,0.5487832681151378,-0.01347909585803839,0.5487668636969522,-0.012466196973185633,1.4847925532217303,-0.0009808007918929579,-0.015207446778269684,0,0,FOLLOWING,1.4847856160379078,0.55154340818649,0
19.84,7.311140876626261,0.4154281053723125,-0.04570654986573798,8.7944,0.34613597731166373,0.5487994177520088,-0.013433913752629442,0.5487826540104624,-0.012425526356791155,1.4848767713458932,-0.0009756415531214576,-0.015123228654106757,0,0,FOLLOWING,1.4848698006912224,0.5515559100441492,0
19.872,7.328684026960138,0.41462414319813246,-0.04610286697218526,8.812,0.3447478862458752,0.5488159167889025,-0.013388789465054373,0.5487988050602385,-0.012384909737751503,1.4849609311900593,-0.0009704725448275164,-0.015039068809940659,0,0,FOLLOWING,1.4849539277913817,0.5515684161129574,0
19.904,7.346227384978614,0.41381320925663506,-0.04649788600605126,8.8296,0.34335471167190174,0.5488327540830217,-0.013343720649406404,0.5488153054591902,-0.012344344967983775,1.4850450211617425,-0.0009652937663630347,-0.014954978838257471,0,0,FOLLOWING,1.485037985745698,0.5515809256550186,0
19.936,7.363770959783321,0.41299532552037455,-0.046891608558714236,8.8472,0.3419564741329133,0.5488499187316916,-0.013298704992109438,0.5488321440656178,-0.01230382992879942,1.4851290300053492,-0.0009601052181589244,-0.014870969994650762,0,0,FOLLOWING,1.4851219632983592,0.5515934379322842,0
19.968,7.381314760152381,0.4121705139397242,-0.04728403615468524,8.864799999999999,0.340553194246736,0.5488674000671725,-0.013253740211663652,0.5488493099779259,-0.012263362530598702,1.485212946794416,-0.0009549069017153536,-0.014787053205584044,0,0,FOLLOWING,1.4852058495226665,0.5516059522065883,0
20.0,7.398858794547867,0.4113387964443034,-0.04767517025253644,8.8824,0.33914489270554804,0.548885187651587,-0.013208824058376855,0.5488667925294364,-0.012222940712790504,1.485296760924028,-0.0009496988195859883,-0.014703239075972041,0,0,FOLLOWING,1.485289633813445,0.5516184677397059,0
20.032,7.416403071123093,0.41050019494437784,-0.048065012245815934,8.9,0.3377315902755755,0.5489032712719548,-0.013163954314111671,0.5488845812833056,-0.012182562443373693,1.485380462103375,-0.0009444809753693384,-0.014619537896624957,0,0,FOLLOWING,1.4853733058796144,0.5516309837933826,0
20.064,7.43394759772975,0.4096547313322318,-0.04845356346395937,8.9176,0.33631330779678487,0.548921640935335,-0.013119128792023028,0.5489026660275599,-0.012142225718831317,1.4854640403485,-0.0009392533736955547,-0.014535959651500008,0,0,FOLLOWING,1.4854568557369237,0.5516434996293847,0
20.096,7.4514923819248935,0.408802427483514,-0.04884082517319262,8.9352,0.3348900661825764,0.5489402868640733,-0.013074345336295244,0.5489210367702545,-0.012101928563860801,1.485547485975183,-0.0009340160202148881,-0.014452514024817065,0,0,FOLLOWING,1.4855402737008399,0.551656014509542,0
20.128,7.469037430977773,0.40794330525855776,-0.04922679857742665,8.9528,0.33346188641947616,0.5489591994911504,-0.013029601821886259,0.5489396837347135,-0.012061669031118721,1.4856307895919907,-0.000928768921586047,-0.014369210408009314,0,0,FOLLOWING,1.4856235503795978,0.5516685276957904,0
20.16,7.486582751876515,0.40707738650367553,-0.04961148481914525,8.9704,0.3320287895668257,0.5489783694556344,-0.01298489615426589,0.5489585973548492,-0.012021445201007857,1.4857139420934773,-0.0009235120854656291,-0.014286057906522709,0,0,FOLLOWING,1.4857066766674003,0.5516810384502163,0
20.192,7.504128351334672,0.40620469305242735,-0.04999488498028608,8.988,0.3305907967564718,0.5489977875982277,-0.012940226269154722,0.5489777682706644,-0.011981255181459352,1.4857969346535254,-0.00091824552049561,-0.014203065346474641,0,0,FOLLOWING,1.485789643737759,0.5516935460350993,0
20.224,7.521674235797616,0.4053252467268658,-0.050377000083114604,9.0056,0.32914792919245545,0.5490174449569112,-0.012895590132268119,0.5489971873237764,-0.01194109710771916,1.4858797587188426,-0.0009129692362909864,-0.014120241281157409,0,0,FOLLOWING,1.4858724430369896,0.5517060497129567,0
20.256,7.539220411448802,0.40443906933875595,-0.050757831091087086,9.0232,0.3277002081506983,0.5490373327626846,-0.012850985739054487,0.5490168455530411,-0.011900969141997281,1.4859624060025944,-0.0009076832434315452,-0.014037593997405562,0,0,FOLLOWING,1.4859550662778465,0.5517185487465854,0
20.288,7.556766884215899,0.4035461826907717,-0.05113737890970985,9.0408,0.3262476549786896,0.5490574424353963,-0.012806411114439106,0.5490367341903301,-0.011860869473360095,1.4860448684781775,-0.0009023875534492562,-0.013955131521822484,0,0,FOLLOWING,1.486037505433294,0.5517310423991085,0
20.32,7.574313659776781,0.40264660857766865,-0.05151564438739056,9.0584,0.32479029109517116,0.5490777655796637,-0.01276186431256596,0.5490568446563562,-0.011820796317473084,1.4861271383731225,-0.0008970821788172878,-0.013872861626877508,0,0,FOLLOWING,1.48611975273041,0.5517435299340115,0
20.352,7.5918607435653955,0.4017403687874338,-0.051892628316280616,9.076,0.3233281379898212,0.549098293980884,-0.012717343416538778,0.5490771685565525,-0.011780747916328172,1.4862092081631442,-0.0008917671329395361,-0.013790791836855831,0,0,FOLLOWING,1.486201800644436,0.5517560106151952,0
20.384,7.609408140777504,0.4008274851024127,-0.052268331433111485,9.0936,0.32186121722293826,0.5491190196013291,-0.012672846538169186,0.5490976976771436,-0.01174072253805292,1.4862910705663088,-0.0008864424301393906,-0.013708929433691175,0,0,FOLLOWING,1.4862836418929433,0.5517684837070127,0
20.416,7.626955856376296,0.39990797930041483,-0.05264275442002288,9.1112,0.3203895504251226,0.5491399345763266,-0.012628371817715789,0.5491184239811929,-0.011700718476653587,1.4863727185373319,-0.0008811080856502285,-0.013627281462668117,0,0,FOLLOWING,1.4863652694301317,0.5517809484743142,0
20.448,7.644503895097884,0.3989818731557966,-0.05301589790538328,9.1288,0.31891315929695735,0.5491610312105217,-0.012583917423633297,0.5491393396048025,-0.011660734051781429,1.4864541452620064,-0.0008757641156051932,-0.013545854737993634,0,0,FOLLOWING,1.4864466764412567,0.5517934041824908,0
20.48,7.662052261456681,0.39804918844052295,-0.05338776246460396,9.1464,0.31743206560868903,0.5491823019742226,-0.012539481552319308,0.5491604368533807,-0.011620767608519253,1.486535344151745,-0.0008704105370264809,-0.013464655848254958,0,0,FOLLOWING,1.4865278563371727,0.5518058500975165,0
20.512,7.67960095975066,0.3971099469252082,-0.05375834862094576,9.164,0.3159462911999057,0.5492037394998228,-0.012495062427859102,0.5491817081979904,-0.011580817517171538,1.4866163088382476,-0.0008650473678155912,-0.01338369116175242,0,0,FOLLOWING,1.4866088027489996,0.5518182854859912,0
20.544,7.697149994066502,0.39616417038013574,-0.054127656846317235,9.1816,0.31445585797921544,0.5492253365783019,-0.012450658301775757,0.5492031462717495,-0.011540882172974257,1.486697033168281,-0.0008596746267440642,-0.013302966831719054,0,0,FOLLOWING,1.4866895095229007,0.5518307096151861,0
20.576,7.714699368284628,0.3952118805762578,-0.0544956875620665,9.199200000000001,0.31296078792392373,0.549247086155803,-0.012406267452779495,0.5492247438663481,-0.011500959995917194,1.4867775111985801,-0.0008542923334432864,-0.013222488801419852,0,0,FOLLOWING,1.4867699707149822,0.5518431217530875,0
20.608,7.732249086084132,0.3942530992861748,-0.054862441139765926,9.2168,0.3114611030797082,0.5492689813302837,-0.012361888186520373,0.5492464939286277,-0.01146104943050619,1.4868577371908476,-0.0008489005083961443,-0.013142262809152427,0,0,FOLLOWING,1.4868501805863061,0.5518555211684323,0
20.64,7.749799150947597,0.3932878482850951,-0.055227917901988006,9.2344,0.30995682556029447,0.5492910153482405,-0.012317518835338407,0.5492683895572289,-0.01142114894549505,1.486937705606889,-0.0008434991729274962,-0.013062294393110907,0,0,FOLLOWING,1.4869301335980023,0.551867907130762,0
20.672,7.767349566165814,0.3923161493517758,-0.05559211812307825,9.252,0.3084479775471301,0.5493131816015029,-0.01227315775801685,0.5492904239993165,-0.011381257033791923,1.4870174111038148,-0.0008380883491935705,-0.012982588896185199,0,0,FOLLOWING,1.4870098244064929,0.5518802789104551,0
20.704,7.784900334842397,0.39133802426944386,-0.05595504202991444,9.2696,0.30693458128905676,0.5493354736240987,-0.012228803339539834,0.5493125906473758,-0.011341372212027525,1.48709684852939,-0.0008326680601762268,-0.012903151470609941,0,0,FOLLOWING,1.487089247858827,0.5518926357787766,0
20.736,7.802451459898298,0.390353494826699,-0.05631668980266487,9.2872,0.30541665910198323,0.5493578850891869,-0.012184453990845827,0.5493348830360688,-0.011301493020533375,1.4871760129174572,-0.0008272383296713468,-0.012823987082542843,0,0,FOLLOWING,1.4871683989881082,0.5519049770079181,0
20.768,7.820002944076225,0.38936258281839775,-0.05667706157553576,9.3048,0.30389423336855514,0.5493804098060571,-0.012140108148585288,0.5493572948391764,-0.011261618022993277,1.4872548994834716,-0.0008217991822822221,-0.01274510051652844,0,0,FOLLOWING,1.487247273009031,0.5519173018710414,0
20.8,7.837554789944965,0.38836531004652003,-0.057036157437514876,9.3224,0.3023673265378257,0.5494030417171947,-0.012095764274881817,0.5493798198666074,-0.011221745806330018,1.4873335036201334,-0.0008163506434088337,-0.01266649637986661,0,0,FOLLOWING,1.4873258653135104,0.5519296096423209,0
20.832,7.855106999903616,0.387361698321017,-0.05739397743310231,9.34,0.300835961124925,0.5494257748954093,-0.01205142085709178,0.5494024520614408,-0.011181874980303628,1.487411820893113,-0.0008108927392429799,-0.012588179106886921,0,0,FOLLOWING,1.4874041714664092,0.5519418995969858,0
20.864,7.8726595761857165,0.3863517694606426,-0.05775052156304339,9.3576,0.2993001597107269,0.5494486035410276,-0.01200707640756329,0.5494251854970702,-0.011142004177578562,1.487489847036878,-0.0008054254967557184,-0.012510152963121968,0,0,FOLLOWING,1.4874821872013624,0.551954171011363,0
20.896,7.8902125208633045,0.38533554529376646,-0.05810578978504671,9.3752,0.2977599449415167,0.549471521979144,-0.01196272946340255,0.5494480143743944,-0.011102132053255815,1.4875675779505997,-0.0007999489436917029,-0.012432422049400316,0,0,FOLLOWING,1.4875599084166866,0.5519664231629193,0
20.928,7.907765835850874,0.3843130476591711,-0.058459782014498245,9.392800000000001,0.29621533952865775,0.5494945246569347,-0.01191837858623737,0.5494709330190688,-0.011062257284753926,1.4876450096941625,-0.0007944631085608153,-0.012354990305837532,0,0,FOLLOWING,1.4876373311713849,0.5519786553303051,0
20.96,7.925319522909249,0.38328429840683187,-0.05881249812517092,9.410400000000001,0.29466636624825554,0.5495176061410285,-0.011874022361981318,0.549493935878821,-0.011022378571665286,1.4877221384842523,-0.000788968020628604,-0.012277861515747723,0,0,FOLLOWING,1.4877144516812426,0.5519908667933924,0
20.992,7.942873583649378,0.38224931939867984,-0.059163937949923015,9.428,0.29311304794082216,0.5495407611149355,-0.011829659400604185,0.5495170175208094,-0.010982494635407585,1.4877989606905402,-0.0007834637099098652,-0.012201039309459816,0,0,FOLLOWING,1.4877912663150037,0.55200305683332,0
21.024,7.960428019536048,0.38120813250935015,-0.059514101281394234,9.4456,0.2915554075109402,0.5495639843765308,-0.011785288335896501,0.5495401726290775,-0.010942604219147958,1.4878754728319372,-0.0007779502071589561,-0.012124527168062782,0,0,FOLLOWING,1.4878677715906254,0.5520152247325366,0
21.056,7.977982831891505,0.38016075962691254,-0.05986298787269227,9.4632,0.289993467926924,0.5495872708355952,-0.011740907825244151,0.5495633960020122,-0.010902706087513769,1.487951671572948,-0.0007724275438625375,-0.012048328427052057,0,0,FOLLOWING,1.4879439641716339,0.552027369774843,0
21.088,7.995538021899014,0.37910722265358787,-0.06021059743807419,9.4808,0.2884272522204817,0.5496106155114093,-0.01169651654939447,0.5495866825498925,-0.010862799026421281,1.4880275537200929,-0.0007668957522310309,-0.011972446279907123,0,0,FOLLOWING,1.4880198408635503,0.5520394912454313,0
21.12,8.01309359060633,0.3780475435064483,-0.06055692965362296,9.4984,0.2868567834863753,0.5496340135303995,-0.011652113212231658,0.5496100272925025,-0.010822881842930038,1.4881031162184146,-0.0007613548651888222,-0.011896883781585377,0,0,FOLLOWING,1.4880953986103922,0.5520515884309276,0
21.152,8.030649538929103,0.3769817441181022,-0.06090198415791085,9.516,0.2852820848820797,0.549657460123834,-0.01160769654055116,0.5496334253567373,-0.010782953364831828,1.488178356148056,-0.0007558049163707212,-0.011821643851944064,0,0,FOLLOWING,1.4881706344912509,0.5520636606194343,0
21.184,8.048205867654195,0.37590984643736486,-0.06124576055266358,9.5336,0.2837031796274426,0.5496809506255729,-0.011563265283834667,0.5496568719743401,-0.010743012440669589,1.488253270720929,-0.0007502459401105693,-0.011746729279070944,0,0,FOLLOWING,1.4882455457169637,0.5520757071005715,0
21.216,8.065762577442944,0.3748318724299137,-0.06158825840341834,9.551200000000001,0.28212009100434055,0.5497044804698651,-0.01151881821402492,0.5496803624796347,-0.010703057939553907,1.48832785727744,-0.0007446779714314136,-0.011672142722559897,0,0,FOLLOWING,1.4883201296268345,0.5520877271655196,0
21.248,8.083319668834346,0.3737478440789293,-0.06192947724016672,9.5688,0.28053284235633624,0.5497280451891928,-0.011474354125306422,0.5497038923073335,-0.010663088750683926,1.48840211328329,-0.0007391010460429184,-0.011597886716709915,0,0,FOLLOWING,1.4883943836854434,0.5520997201070555,0
21.28,8.100877142248162,0.3726577833857228,-0.06226941655800159,9.586400000000001,0.27894145708833495,0.549751640412167,-0.011429871833885762,0.5497274569903321,-0.010623103783474459,1.4884760363263725,-0.0007335152003284454,-0.011523963673627513,0,0,FOLLOWING,1.4884683054795262,0.5521116852196035,0
21.312,8.118434997987983,0.37156171237034785,-0.06260807581774995,9.604000000000001,0.27734595866623823,0.5497752618614639,-0.011385370177768786,0.5497510521576983,-0.0105831019671166,1.488549624113688,-0.0007279204713416254,-0.011450375886312036,0,0,FOLLOWING,1.4885418927149126,0.552123621799267,0
21.344,8.135993236244198,0.3704596530721999,-0.06294545444660524,9.6216,0.27574637061659857,0.5497989053518108,-0.011340848016549209,0.5497746735325313,-0.010543082250562753,1.4886228744683803,-0.0007223168967952498,-0.011377125531619736,0,0,FOLLOWING,1.488615143213542,0.5521355291438744,0
21.376,8.15355185709692,0.36935162755060136,-0.06328155183874896,9.6392,0.2741427165262729,0.5498225667880147,-0.011296304231189129,0.5497983169299618,-0.010503043602188494,1.4886957853268112,-0.000716704515055136,-0.011304214673188762,0,0,FOLLOWING,1.4886880549105497,0.5521474065530197,0
21.408,8.171110860518832,0.3682376578853739,-0.06361636735596944,9.6568,0.2725350200420737,0.5498462421630348,-0.011251737723803503,0.5498219782552048,-0.01046298500970752,1.4887683547357062,-0.0007110833651324117,-0.011231645264293766,0,0,FOLLOWING,1.488760625851407,0.5521592533281026,0
21.44,8.188670246377992,0.3671177661773962,-0.06394990032826978,9.6744,0.270923304870421,0.5498699275560968,-0.011207147417453692,0.5498456535016027,-0.010422905479831992,1.4888405808493577,-0.0007054534866781648,-0.011159419150642336,0,0,FOLLOWING,1.4888328541891283,0.5521710687723694,0
21.472,8.206230014440557,0.3659919745491505,-0.06428215005447616,9.692,0.26930759477699306,0.5498936191308483,-0.011162532255931544,0.5498693387487947,-0.010382804038283244,1.4889124619269043,-0.0006998149199730352,-0.011087538073095704,0,0,FOLLOWING,1.4889047381815468,0.5521828521909539,0
21.504,8.223790164373462,0.3648603051452548,-0.06461311580283483,9.7096,0.26768791358637517,0.5499173131335564,-0.011117891203553517,0.5498930301607882,-0.01034267972943741,1.488983996329656,-0.0006941677059223855,-0.011016003670343943,0,0,FOLLOWING,1.4889762761886423,0.5521946028909175,0
21.536,8.241350695747034,0.3637227801329834,-0.06494279681160428,9.7272,0.26606428518170916,0.549941005891343,-0.011073223244951278,0.5499167239842377,-0.010302531616176499,1.4890551825184892,-0.0006885118860493618,-0.010944817481510771,0,0,FOLLOWING,1.4890474666699336,0.55220632018129,0
21.568,8.258911608037549,0.36257942170277413,-0.0652711922896426,9.744800000000001,0.26443673350434055,0.5499646938104616,-0.01102852738486663,0.5499404165466114,-0.010262358779739779,1.489126019051302,-0.0006828475024872604,-0.010873980948697959,0,0,FOLLOWING,1.4891183081819348,0.552218003373111,0
21.6,8.276472900629743,0.36143025206872403,-0.06559830141698814,9.762400000000001,0.2628052825534656,0.5499883733746088,-0.010983802647948812,0.549964104254519,-0.010222160319509684,1.4891965045805051,-0.0006771745979738814,-0.01080349541949488,0,0,FOLLOWING,1.4891887993756512,0.5522296517794658,0
21.632,8.294034572819255,0.3602752934690729,-0.06592412334543411,9.780000000000001,0.2611699563857783,0.5500120411432764,-0.010939048078553568,0.5499877835920005,-0.010181935352825544,1.489266637850607,-0.0006714932158434911,-0.010733362149393022,0,0,FOLLOWING,1.4892589389941533,0.5522412647155296,0
21.664,8.311596623815031,0.3591145681666741,-0.06624865719909744,9.797600000000001,0.2595307791151143,0.550035693750137,-0.010894262740536299,0.5500114511188972,-0.010141683014800602,1.489336417695812,-0.0006658034000219942,-0.010663582304188068,0,0,FOLLOWING,1.4893287258701844,0.5522528414986063,0
21.696,8.329159052741662,0.357948098449455,-0.06657190207498263,9.8152,0.2578877749120962,0.550059327901468,-0.010849445717061814,0.5500351034692055,-0.010101402458178171,1.4894058430377064,-0.0006601051950189812,-0.0105941569622936,0,0,FOLLOWING,1.4893981589238423,0.5522643814481676,0
21.728,8.346721858641684,0.35677590663086456,-0.06689385704353944,9.8328,0.25624096800377727,0.5500829403746089,-0.010804596110400608,0.5500587373495391,-0.010061092853113912,1.489474912882973,-0.0006543986459210255,-0.010525087117027043,0,0,FOLLOWING,1.4894672371602955,0.5522758838858933,0
21.76,8.364285040477824,0.35559801505030963,-0.06721452114921114,9.8504,0.2545903826732835,0.5501065280164519,-0.010759713041736459,0.5500823495375455,-0.01002075338691388,1.4895436263211668,-0.0006486837983892545,-0.01045637367883323,0,0,FOLLOWING,1.4895359596675575,0.5522873481357102,0
21.792,8.381848597135194,0.35441444607358163,-0.06753389341098595,9.868,0.25293604325945573,0.5501300877419685,-0.010714795650971592,0.5501059368804212,-0.009980383264099875,1.4896119825225416,-0.0006429606986482206,-0.010388017477458433,0,0,FOLLOWING,1.4896043256143163,0.5522987735238305,0
21.824,8.39941252742344,0.35322522209326973,-0.06785197282293445,9.8856,0.25127797415649183,0.5501536165327657,-0.010669843096535441,0.550129496293456,-0.009939981706002092,1.4896799807359253,-0.0006372293934814033,-0.010320019264074665,0,0,FOLLOWING,1.4896723342478035,0.5523101593787931,0
21.856,8.416976830078845,0.3520303655291645,-0.0681687583547469,9.903200000000002,0.24961619981358493,0.5501771114356777,-0.010624854555190627,0.5501530247585327,-0.009899547950730631,1.489747620286641,-0.0006314899302242855,-0.010252379713358906,0,0,FOLLOWING,1.4897399848917179,0.5523215050315047,0
21.888,8.434541503766388,0.35082989882865095,-0.06848424895225878,9.9208,0.2479507447345652,0.5502005695613855,-0.01057982922184802,0.5501765193227901,-0.009859081252826724,1.4898149005744679,-0.0006257423567612996,-0.01018509942553214,0,0,FOLLOWING,1.489807276944197,0.5523328098152699,0
21.92,8.452106547081758,0.34962384446709033,-0.06879844353797937,9.938400000000001,0.2462816334775366,0.5502239880830693,-0.010534766309376664,0.5501999770972055,-0.009818580883343874,1.4898818210716727,-0.0006199867215156418,-0.010118178928327337,0,0,FOLLOWING,1.4898742098758264,0.5523440730658412,0
21.952,8.46967195855332,0.3484122249481913,-0.06911134101161212,9.956000000000001,0.24460889065451566,0.5502473642350904,-0.010489665048416284,0.5502233952552342,-0.009778046129602024,1.4899483813210481,-0.0006142230734418053,-0.010051618678951879,0,0,FOLLOWING,1.489940783227703,0.5523552941214481,0
21.984,8.487237736644046,0.34719506280437173,-0.06942294025056155,9.973600000000001,0.24293254093106909,0.550270695311701,-0.010444524687194503,0.5502467710315011,-0.009737476294759479,1.4900145809340324,-0.0006084514620253167,-0.009985419065967616,0,0,FOLLOWING,1.490006996609534,0.5523664723228408,0
22.016000000000002,8.504803879753391,0.34597238059710905,-0.06973324011044794,9.991200000000001,0.2412526090259487,0.5502939786657858,-0.01039934449134192,0.5502701017205403,-0.00969687069805808,1.4900804195888526,-0.0006026719372706489,-0.009919580411147377,0,0,FOLLOWING,1.4900728496977913,0.5523776070133267,0
22.048000000000002,8.522370386219155,0.3447442009172814,-0.07004223942560844,10.0088,0.23956911971072783,0.5503172117076278,-0.010354123743711696,0.5502933846754909,-0.009656228674398163,1.4901458970287036,-0.0005968845496972242,-0.009854102971296408,0,0,FOLLOWING,1.4901383422338879,0.5523886975388095,0
22.080000000000002,8.539937254319268,0.34351054638549916,-0.07034993700959415,10.0264,0.2378820978094364,0.5503403919037051,-0.010308861744197194,0.5503166173068933,-0.009615549574219194,1.4902110130599922,-0.0005910893503332793,-0.009788986940007849,0,0,FOLLOWING,1.4902034740224206,0.5523997432478263,0
22.112000000000002,8.55750448227357,0.34227143965242535,-0.07065633165566385,10.044,0.23619156819819379,0.5503635167755122,-0.010263557809555322,0.5503397970814746,-0.009574832763384592,1.4902757675505949,-0.0005852863907094968,-0.009724232449405124,0,0,FOLLOWING,1.49026824492943,0.5524107434915856,0
22.144000000000002,8.575072068245532,0.3410269033990874,-0.07096142213727333,10.0616,0.2344975558048426,0.5503865838984087,-0.010218211273225544,0.5503629215209769,-0.009534077623050564,1.4903401604281727,-0.0005794757228506919,-0.009659839571827256,0,0,FOLLOWING,1.4903326548807134,0.5524216976240054,0
22.176000000000002,8.592640010343949,0.3397769603371798,-0.07126520720855425,10.0792,0.23280008560858167,0.5504095909004935,-0.010172821485157179,0.5503859882010144,-0.009493283549336854,1.490404191678518,-0.0005736573992733142,-0.009595808321481991,0,0,FOLLOWING,1.4903967038601733,0.5524326050017498,0
22.208000000000002,8.610208306624594,0.3385216332093558,-0.0715676856047981,10.096800000000002,0.2310991826395966,0.5504325354615035,-0.01012738781163098,0.5504089947499033,-0.009452449953492271,1.4904678613439386,-0.000567831472973318,-0.009532138656061395,0,0,FOLLOWING,1.4904603919081973,0.5524434649842684,0
22.240000000000002,8.627776955091829,0.3372609447895114,-0.07186885604292206,10.114400000000002,0.22939487197869118,0.5504554153117396,-0.010081909635087805,0.550431938847629,-0.009411576261313939,1.4905311695216832,-0.0005619979974264555,-0.009468830478316814,0,0,FOLLOWING,1.4905237191200937,0.5524542769338293,0
22.272000000000002,8.6453459537002,0.33599491788305963,-0.07216871722193852,10.132000000000001,0.2276871787569182,0.5504782282310118,-0.01003638635395908,0.5504548182247178,-0.009370661913280122,1.4905941163623944,-0.0005561570265802396,-0.009405883637605639,0,0,FOLLOWING,1.4905866856445327,0.552465040215558,0
22.304000000000002,8.66291530035598,0.3347235753271956,-0.07246726782342021,10.149600000000001,0.2259761281552075,0.5505009720476125,-0.009990817382492327,0.5504776306611896,-0.009329706364404796,1.490656702068608,-0.0005503086148461039,-0.009343297931392103,0,0,FOLLOWING,1.4906492916820497,0.5524757541974764,0
22.336000000000002,8.680484992918682,0.3334469399911526,-0.0727645065119552,10.167200000000001,0.2242617454039962,0.5505236446373106,-0.009945202150586537,0.5505003739855573,-0.009288709083909991,1.4907189268932763,-0.0005444528170951701,-0.009281073106723658,0,0,FOLLOWING,1.4907115374835693,0.5524864182505391,0
22.368000000000002,8.698055029202546,0.3321650347764502,-0.07306043193560142,10.184800000000001,0.22254405578285538,0.5505462439223697,-0.009899540103621854,0.550523046073808,-0.009247669555233203,1.4907807911383346,-0.000538589688651947,-0.009219208861665384,0,0,FOLLOWING,1.490773423348975,0.5524970317486669,0
22.400000000000002,8.715625406977985,0.33087788261713286,-0.07335504272633311,10.2024,0.22082308462011777,0.5505687678705877,-0.009853830702296347,0.5505456448484072,-0.009206587275760727,1.4908422951532951,-0.000532719285289654,-0.009157704846704862,0,0,FOLLOWING,1.4908349496256987,0.5525075940687849,0
22.432000000000002,8.733196123973013,0.3295855064799999,-0.07364833750048413,10.22,0.21909885729250494,0.5505912144943559,-0.009808073422461977,0.5505681682773687,-0.00916546175672743,1.4909034393338676,-0.0005268416632242395,-0.009096560666132403,0,0,FOLLOWING,1.490896116707343,0.5525181045908579,0
22.464000000000002,8.750767177874625,0.32828792936482815,-0.07394031485918887,10.2376,0.217371399224752,0.5506135818497424,-0.00976226775495961,0.5505906143732512,-0.009124292523149011,1.490964224120627,-0.0005209568791072068,-0.009035775879373098,0,0,FOLLOWING,1.4909569250323471,0.5525285626979268,0
22.496000000000002,8.76833856633016,0.32698517430458507,-0.07423097338881152,10.255200000000002,0.21564073588923305,0.5506358680355952,-0.009716413205462892,0.55061298119234,-0.009083079113461592,1.4910246499977018,-0.0005150649900241833,-0.00897535000229821,0,0,FOLLOWING,1.4910173750826772,0.5525389677761453,0
22.528,8.785910286948626,0.3256772643656342,-0.07452031166138033,10.2728,0.21390689280558645,0.5506580711926641,-0.009670509294314617,0.5506352668336723,-0.009041821079661984,1.4910847174914874,-0.000509166053484389,-0.00891528250851259,0,0,FOLLOWING,1.4910774673825424,0.5525493192148118,0
22.56,8.803482337302015,0.32436422264793263,-0.07480832823500605,10.290399999999998,0.21216989554033736,0.5506801895027438,-0.009624555556372589,0.5506574694381905,-0.009000517986830242,1.4911444271694008,-0.0005032601274219535,-0.008855572830599234,0,0,FOLLOWING,1.491137202497144,0.5525596164064067,0
22.592,8.821054714926555,0.32304607228521987,-0.07509502165430612,10.308,0.21042976970652058,0.5507022211878366,-0.009578551540851521,0.5506795871878503,-0.008959169413302178,1.4912037796386661,-0.000497347270186077,-0.008796220361333873,0,0,FOLLOWING,1.4911965810314576,0.5525698587466324,0
22.624,8.838627417323973,0.32172283644519983,-0.07538039045081946,10.3256,0.20868654096330466,0.5507241645093324,-0.009532496811169683,0.5507016183048364,-0.008917774950371313,1.4912627755451022,-0.0004914275405367291,-0.008737224454897774,0,0,FOLLOWING,1.4912556036290368,0.5525800456344396,0
22.656,8.856200441962704,0.3203945383297141,-0.07566443314341621,10.3432,0.2069402350156114,0.5507460177672089,-0.009486390944794348,0.5507235610507283,-0.008876334202139248,1.4913214155719754,-0.0004855009976410946,-0.008678584428024605,0,0,FOLLOWING,1.491314270970849,0.5525901764720674,0
22.688,8.873773786279084,0.31906120117490766,-0.07594714823870692,10.3608,0.20519087761373853,0.550767779299249,-0.009440233533091598,0.5507454137256641,-0.008834846785493537,1.4913797004388538,-0.00047956770106509505,-0.008620299561146183,0,0,FOLLOWING,1.491372583774138,0.5526002506650767,0
22.72,8.891347447678518,0.31772284825138764,-0.07622853423143981,10.3784,0.20343849455297863,0.5507894474802772,-0.009394024181175336,0.5507671746675749,-0.008793312329737187,1.4914376309004995,-0.0004736277107743325,-0.008562369099500478,0,0,FOLLOWING,1.4914305427913146,0.5526102676223843,0
22.752,8.908921423536622,0.31637950286437383,-0.07650858960490414,10.395999999999999,0.20168311167323943,0.5508110207214111,-0.009347762507757868,0.5507888422514746,-0.0087517304767766,1.4914952077457753,-0.0004676810871234588,-0.008504792254224736,0,0,FOLLOWING,1.4914881488088627,0.5526202267562976,0
22.784,8.926495711200342,0.31503118835384236,-0.07678731283131872,10.413599999999999,0.19992475485866334,0.5508324974693309,-0.00930144814500543,0.5508104148886234,-0.008710100880661221,1.4915524317965871,-0.0004617278908559397,-0.008447568203412859,0,0,FOLLOWING,1.4915454026462835,0.5526301274825478,0
22.816,8.944070307989037,0.31367792809466166,-0.07706470237222654,10.431199999999999,0.1981634500372445,0.5508538762055676,-0.00925508073838878,0.5508318910258752,-0.008668423207770956,1.4916093039068559,-0.0004557681830943128,-0.008390696093144134,0,0,FOLLOWING,1.4916023051550655,0.5526399692203238,0
22.848,8.961645211195561,0.31231974549672104,-0.07734075667887647,10.448799999999999,0.1963992231804472,0.5508751554458027,-0.0092086599465393,0.5508532691449152,-0.008626697136414408,1.4916658249614918,-0.0004498020253389384,-0.008334175038508196,0,0,FOLLOWING,1.4916588572176595,0.5526497513923062,0
22.88,8.979220418087298,0.3109566640050532,-0.07761547419260618,10.4664,0.1946321003028234,0.5508963337391898,-0.00916218544110592,0.5508745477615558,-0.008584922356867223,1.4917219958754224,-0.00044382947946038087,-0.008278004124577576,0,0,FOLLOWING,1.4917150597465054,0.5526594734247013,0
22.912,8.996795925907193,0.3095887070999484,-0.07788885334521994,10.484,0.192862107461628,0.550917409667685,-0.009115656906612597,0.5508957254251226,-0.008543098571210129,1.491777817592609,-0.00043785060769549466,-0.008222182407390921,0,0,FOLLOWING,1.4917709136830555,0.5526691347472708,0
22.944,9.01437173187475,0.30821589829706264,-0.07816089255936058,10.5016,0.19108927075643514,0.5509383818453986,-0.009069074040316219,0.5509168007176979,-0.008501225493148568,1.4918332910851237,-0.00043186547264191527,-0.008166708914876253,0,0,FOLLOWING,1.4918264199968403,0.5526787347933679,0
22.976,9.031947833187008,0.3068382611475183,-0.07843159024887844,10.5192,0.18931361632875404,0.550959248917958,-0.009022436552066656,0.5509377722535446,-0.008459302847916064,1.4918884173522213,-0.00042587413725340967,-0.00811158264777867,0,0,FOLLOWING,1.4918815796845486,0.5526882729999697,0
23.008,9.04952422701951,0.30545581923799847,-0.07870094481919894,10.5368,0.18753517036164224,0.5509800095618862,-0.008975744164169797,0.5509586386784314,-0.008417330372235781,1.4919431974194366,-0.00041987666483332686,-0.008056802580563405,0,0,FOLLOWING,1.491936393769122,0.5526977488077085,0
23.04,9.06710091052723,0.30406859619083415,-0.07896895466768084,10.5544,0.18575395907932019,0.5510006624839944,-0.008928996611247205,0.5509793986690084,-0.008375307814023023,1.491997632337718,-0.00041387311903130775,-0.008002367662282017,0,0,FOLLOWING,1.4919908632988899,0.5527071616609049,0
23.072,9.084677880845499,0.3026766156640856,-0.07923561818397304,10.572,0.1839700087467851,0.5510212064207888,-0.008882193640103689,0.5510000509322396,-0.008333234932344382,1.4920517231825619,-0.00040786356383930295,-0.007948276817438149,0,0,FOLLOWING,1.4920449893467018,0.5527165110075994,0
23.104,9.102255135090896,0.30127990135161664,-0.07950093375037291,10.589599999999999,0.18218334566942224,0.5510416401378906,-0.008835335009588146,0.5510205942047447,-0.008291111497467342,1.4921054710531825,-0.0004018480635820665,-0.007894528946817525,0,0,FOLLOWING,1.492098773009102,0.5527257962995832,0
23.136,9.119832670362133,0.29987847698316183,-0.07976489974216913,10.607199999999999,0.1803939961926187,0.5510619624294693,-0.008788420490462518,0.5510410272522748,-0.00824893729036558,1.4921588770716951,-0.0003958266829173912,-0.007841122928304856,0,0,FOLLOWING,1.492152215405505,0.552735016992432,0
23.168,9.13741048374091,0.298472366324389,-0.08002751452799227,10.6248,0.17860198670137356,0.551082172117689,-0.008741449865269542,0.5510613488691448,-0.008206712102978424,1.4922119423823206,-0.0003897994868278243,-0.0077880576176794225,0,0,FOLLOWING,1.4922053176774022,0.5527441725455388,0
23.2,9.154988572292755,0.2970615931769539,-0.08028877647015573,10.642399999999999,0.17680734361990927,0.5511022680521686,-0.008694422928199132,0.5510815578776305,-0.00816443573788976,1.4922646681506029,-0.0003837665406161428,-0.00773533184939712,0,0,FOLLOWING,1.4922580809875934,0.5527532624221374,0
23.232,9.17256693306786,0.29564618137854975,-0.08054868392499367,10.66,0.17501009341128274,0.5511222491094518,-0.008647339484959302,0.5511016531274716,-0.008122108008251454,1.492317055562658,-0.00037772790990019123,-0.007682944437342076,0,0,FOLLOWING,1.4923105065194098,0.5527622860893435,0
23.264,9.190145563101865,0.2942261548029493,-0.0808072352431927,10.6776,0.1732102625769939,0.5511421141924924,-0.008600199352646679,0.5511216334953267,-0.008079728737574593,1.4923691058244244,-0.0003716836606115076,-0.007630894175575609,0,0,FOLLOWING,1.4923625954759914,0.5527712430181765,0
23.296,9.207724459416664,0.29280153736004294,-0.08106442877012346,10.6952,0.17140787765659543,0.5511618622301482,-0.00855300235962374,0.551141497884271,-0.008037297759739239,1.4924208201609508,-0.0003656338589895641,-0.0075791798390492104,0,0,FOLLOWING,1.492414349079554,0.5527801326835946,0
23.328,9.225303619021165,0.2913723529958684,-0.08132026284617014,10.7128,0.16960296522730223,0.5511814921766899,-0.00850574834538678,0.5511612452232701,-0.0079948149189159,1.492472199815682,-0.0003595785715735794,-0.007527800184317979,0,0,FOLLOWING,1.492465768570688,0.5527889545645241,0
23.36,9.242883038912055,0.2899386256926368,-0.08157473580705002,10.7304,0.16779555190359804,0.5512010030113179,-0.008458437160446291,0.5511808744667195,-0.00795228006926266,1.492523246049772,-0.0003535178652034898,-0.0074767539502280655,0,0,FOLLOWING,1.4925168552076638,0.5527977081438898,0
23.392,9.260462716074523,0.2885003794687512,-0.08182784598413573,10.748,0.16598566433684386,0.5512203937376942,-0.008411068666198082,0.5512003845939131,-0.007909693075010507,1.4925739601414183,-0.0003474518070114285,-0.007426039858581701,0,0,FOLLOWING,1.492567610265772,0.5528063929086438,0
23.424,9.278042647482996,0.2870576383788205,-0.08207959170476979,10.7656,0.1641733292148854,0.5512396633834812,-0.00836364273480624,0.5512197746086245,-0.00786705381022161,1.4926243433851976,-0.0003413804644194357,-0.007375656614802439,0,0,FOLLOWING,1.4926180350366554,0.5528150083497956,0
23.456,9.295622830101841,0.28561042651366686,-0.08232997129257769,10.783199999999999,0.16235857326165817,0.5512588109998936,-0.008316159249079568,0.5512390435386136,-0.007824362158732221,1.492674397091431,-0.0003353039051349898,-0.0073256029085690955,0,0,FOLLOWING,1.492668130827676,0.5528235539624412,0
23.488,9.313203260886056,0.2841587680003279,-0.08257898306777273,10.800799999999999,0.16054142323679513,0.5512778356612597,-0.008268618102353366,0.5512581904352111,-0.007781618013918095,1.4927241225855579,-0.0003292221971499254,-0.007275877414442133,0,0,FOLLOWING,1.4927178989612884,0.5528320292457921,0
23.52,9.330783936781943,0.2827026870020538,-0.082826625347468,10.8184,0.1587219059352305,0.5512967364645937,-0.008221019198371595,0.5512772143728268,-0.007738821278892911,1.492773521207531,-0.0003231354087311067,-0.00722647879246896,0,0,FOLLOWING,1.492767340774433,0.5528404337032057,0
23.552,9.348364854727775,0.2812422077182974,-0.08307289644597429,10.836,0.15690004818680545,0.5513155125291774,-0.008173362451168053,0.5512961144485804,-0.0076959718660872594,1.4928225943112161,-0.0003170436084196371,-0.007177405688783889,0,0,FOLLOWING,1.492816457617944,0.5528487668422092,0
23.584,9.365946011654444,0.27977735438470136,-0.0833177946750988,10.8536,0.15507587685587298,0.5513341629961508,-0.008125647784952308,0.5513148897818546,-0.007653069697261356,1.492871343263817,-0.0003109468650271813,-0.007128656736183014,0,0,FOLLOWING,1.4928652508559634,0.5528570281745313,0
23.616,9.383527404486092,0.2783081512730776,-0.08356131834444135,10.8712,0.15324941884090065,0.5513526870281131,-0.008077875133994421,0.5513335395138741,-0.007610114703437683,1.492919769445308,-0.00030484524763131626,-0.00708023055469198,0,0,FOLLOWING,1.4929137218653776,0.5528652172161308,0
23.648,9.40110903014073,0.27683462269138265,-0.08380346576168676,10.8888,0.15142070107407443,0.5513710838087335,-0.008030044442512246,0.5513520628073321,-0.0075671068247719075,1.4929678742478838,-0.00029873882557103493,-0.007032125752116203,0,0,FOLLOWING,1.4929618720352693,0.5528733334872251,0
23.68,9.418690885530854,0.2753567929836874,-0.08404423523289246,10.9064,0.14958975052090231,0.5513893525423694,-0.007982155664557351,0.5513704588459938,-0.007524046010405212,1.4930156590754184,-0.0002926276684437345,-0.006984340924581556,0,0,FOLLOWING,1.4930097027663767,0.5528813765123147,0
23.712,9.43627296756402,0.2738746865301423,-0.08428362506277397,10.924,0.14775659417981538,0.5514074924536968,-0.007934208763905678,0.5513887268342862,-0.0074809322184064345,1.4930631253429474,-0.0002865118461019417,-0.006936874657052616,0,0,FOLLOWING,1.4930572154705748,0.5528893458202119,0
23.744,9.453855273143446,0.27238832774693716,-0.08452163355498805,10.9416,0.14592125908177037,0.5514255027873448,-0.007886203713947796,0.5514068659969968,-0.007437765415687941,1.4931102744761484,-0.00028039142864887123,-0.006889725523851586,0,0,FOLLOWING,1.4931044115703553,0.5528972409440678,0
23.776,9.471437799168566,0.27089774108625514,-0.08475825901241534,10.9592,0.14408377228985164,0.5514433828075417,-0.007838140497576005,0.5514248755788237,-0.007394545577994838,1.4931571079108472,-0.0002742664864300165,-0.006842892089152786,0,0,FOLLOWING,1.4931512924983334,0.5529050614213992,0
23.808,9.489020542535592,0.26940295103622325,-0.08499349973742959,10.9768,0.14224416089887096,0.5514611317977687,-0.007790019107080129,0.5514427548440956,-0.00735127268948834,1.49320362709253,-0.0002681370900374236,-0.0067963729074700385,0,0,FOLLOWING,1.4931978596967581,0.5529128067941161,0
23.84,9.506603500138056,0.26790398212085637,-0.08522735403217721,10.994399999999999,0.14040245203496848,0.551478749060421,-0.007741839544037967,0.5514605030763681,-0.007307946743063733,1.4932498334758628,-0.0002620033102988667,-0.00675016652413718,0,0,FOLLOWING,1.4932441146170417,0.5529204766085435,0
23.872,9.524186668867346,0.26640085889999804,-0.08545982019884327,11.012,0.1385586728552135,0.5514962339164775,-0.007693601819208517,0.5514781195781084,-0.007264567739927804,1.493295728524245,-0.0002558652182771126,-0.00670427147575503,0,0,FOLLOWING,1.4932900587192917,0.5529280704154557,0
23.904,9.541770045613223,0.26489360596925515,-0.08569089653992185,11.0296,0.13671285054720245,0.5515135857051785,-0.007645305952430133,0.5514956036703945,-0.007221135689739042,1.4933413137093368,-0.00024972288526446673,-0.0066586862906632405,0,0,FOLLOWING,1.493335693471866,0.5529355877700932,0
23.936,9.559353627264333,0.2633822479599281,-0.08592058135847862,11.0472,0.13486501232865972,0.55153080378371,-0.0075969519725094005,0.5515129546925273,-0.007177650610359955,1.4933865905106372,-0.00024357638277795746,-0.0066134094893628426,0,0,FOLLOWING,1.4933810203509301,0.552943028232194,0
23.968,9.576937410708698,0.2618668095389376,-0.08614887295841207,11.0648,0.1330151854470349,0.5515478875268967,-0.007548539917125021,0.5515301720017831,-0.007134112527812523,1.4934315604150523,-0.0002374257825571019,-0.006568439584947683,0,0,FOLLOWING,1.493426040840033,0.5529503913660164,0
24.0,9.594521392834222,0.26034731540874506,-0.08637576964471032,11.0824,0.13116339717910147,0.5515648363269005,-0.007500069832721619,0.5515472549730485,-0.0070905214761523725,1.4934762249164655,-0.0002312711565610609,-0.006523775083534522,0,0,FOLLOWING,1.4934707564296787,0.5529576767403652,0
24.032,9.61210557052915,0.25882379030726915,-0.08660126972370996,11.1,0.12930967483055542,0.5515816495929274,-0.0074515417744065214,0.5515642029985884,-0.007046877497514836,1.4935205855153448,-0.00022511257695964626,-0.006479414484655166,0,0,FOLLOWING,1.4935151686169315,0.5529648839286154,0
24.064,9.629689940682542,0.25729625900779834,-0.08682537150334406,11.1176,0.12745404573561117,0.5515983267509418,-0.00740295580585383,0.5515810154876453,-0.007003180641794256,1.4935646437183423,-0.0002189501161351803,-0.0064353562816577,0,0,FOLLOWING,1.493559278905016,0.5529720125087372,0
24.096,9.64727450018473,0.25576474631889884,-0.08704807329339653,11.1352,0.12559653725659933,0.5516148672433859,-0.007354311999199423,0.551597691866275,-0.006959430966825547,1.493608401037904,-0.0002127838466734755,-0.006391598962095957,0,0,FOLLOWING,1.493603088802928,0.5529790620633201,0
24.128,9.664859245927772,0.2542292770843168,-0.08726937340574449,11.1528,0.12373717678356365,0.5516312705289057,-0.007305610434947794,0.5516142315770057,-0.006915628538023014,1.4936518589918901,-0.0002066138413634455,-0.0063481410081098755,0,0,FOLLOWING,1.493646599825053,0.5529860321795967,0
24.16,9.682444174805873,0.25268987618287825,-0.08748927015460288,11.1704,0.12187599173385605,0.5516475360820862,-0.007256851201869413,0.5516306340785254,-0.006871773428444445,1.4936950191032234,-0.00020044017319280352,-0.0063049808967765575,0,0,FOLLOWING,1.4936898134908159,0.5529929224494677,0
24.192,9.700029283715827,0.2511465685283837,-0.08770776185676618,11.187999999999999,0.12001300955173282,0.5516636633931892,-0.0072080343969091526,0.5516468988454976,-0.006827865718699579,1.4937378828995116,-0.00019426291534442586,-0.006262117100488407,0,0,FOLLOWING,1.4937327313243087,0.5529997324695198,0
24.224,9.717614569557435,0.24959937906949792,-0.0879248468318456,11.2056,0.11814825770795073,0.5516796519678991,-0.007159160125087006,0.5516630253682531,-0.006783905496810192,1.493780451912715,-0.0001880821411916339,-0.006219548087285087,0,0,FOLLOWING,1.4937753548539414,0.5530064618410585,0
24.256,9.735200029233908,0.248048332789637,-0.08814052340250599,11.2232,0.11628176369936034,0.5516955013270751,-0.007110228499404928,0.5516790131525365,-0.006739892858203547,1.493822727678794,-0.00018189792429530727,-0.006177272321205907,0,0,FOLLOWING,1.4938176856121153,0.5530131101701211,0
24.288,9.75278565965227,0.24649345470685027,-0.08835478989469596,11.2408,0.11441355504850231,0.5517112110065091,-0.0070612396407542626,0.5516948617192604,-0.006695827905498685,1.4938647117373949,-0.00017571033840071973,-0.006135288262605121,0,0,FOLLOWING,1.493859725134885,0.5530196770675052,0
24.32,9.770371457723755,0.244934769873698,-0.0885676446378772,11.2584,0.11254365930320007,0.5517267805566879,-0.00701219367782318,0.5517105706043137,-0.006651710748475352,1.4939064056315097,-0.0001695194574363318,-0.006093594368490329,0,0,FOLLOWING,1.4939014749616328,0.553026162148789,0
24.352,9.787957420364185,0.2433723033771258,-0.0887790859652542,11.276,0.11067210403615421,0.5517422095425621,-0.006963090747005494,0.5517261393582077,-0.0066075415041001685,1.4939478109071762,-0.00016332535550689364,-0.00605218909282379,0,0,FOLLOWING,1.4939429366347632,0.5530325650343535,0
24.384,9.805543544494347,0.2418060803383348,-0.08898911221399632,11.2936,0.1087989168445366,0.5517574975433216,-0.006913930992309662,0.5517415675459596,-0.006563320296273329,1.493988929113169,-0.0001571281068924596,-0.00601107088683106,0,0,FOLLOWING,1.4939841116993948,0.5530388853494045,0
24.416,9.82312982704036,0.24023612591264767,-0.08919772172545869,11.3112,0.10692412534958214,0.5517726441521746,-0.006864714565271947,0.5517568547468193,-0.006519047255799292,1.494029761800701,-0.0001509277860467645,-0.005970238199298983,0,0,FOLLOWING,1.4940250017030658,0.5530451227239922,0
24.448,9.840716264934036,0.23866246528937102,-0.08940491284540447,11.328800000000001,0.1050477571961821,0.5517876489761321,-0.006815441624866421,0.5517720005540554,-0.006474722520432181,1.4940703105231365,-0.000144724467590826,-0.005929689476863453,0,0,FOLLOWING,1.494065608195438,0.5530512767930372,0
24.48,9.858302855113235,0.23708512369165394,-0.08961068392421963,11.3464,0.10316984005247717,0.5518025116357967,-0.0067661123374179125,0.5517870045747326,-0.006430346234629389,1.494110576835697,-0.00013851822631186228,-0.005889423164302965,0,0,FOLLOWING,1.4941059327280153,0.5530573471963434,0
24.512,9.875889594522198,0.23550412637634227,-0.08981503331712738,11.364,0.10129040160944813,0.5518172317651614,-0.006716726876515565,0.5518018664295041,-0.006385918549561359,1.4941505622952178,-0.0001323091371587537,-0.00584943770478219,0,0,FOLLOWING,1.4941459768538854,0.5530633335786318,0
24.544,9.89347648011189,0.23391949863383038,-0.09001795938439858,11.3816,0.09940946958050823,0.5518318090114066,-0.00666728542292895,0.5518165857524158,-0.006341439622961673,1.494190268459846,-0.00012609727524245942,-0.005809731540153962,0,0,FOLLOWING,1.4941857421274376,0.5530692355895445,0
24.576,9.911063508840334,0.23233126578790772,-0.09021946049156217,11.3992,0.09752707170109513,0.5518462430347036,-0.006617788164521423,0.5518311621907085,-0.006296909619147767,1.4942296968888014,-0.00011988271582960563,-0.005770303111198638,0,0,FOLLOWING,1.494225230104105,0.5530750528836748,0
24.608,9.928650677672923,0.23073945319560288,-0.09041953500961086,11.4168,0.0956432357282607,0.5518605335080267,-0.006568235296170184,0.5518455954045958,-0.0062523287088616,1.494268849142122,-0.00011366553434172255,-0.005731150857877898,0,0,FOLLOWING,1.4942644423401192,0.5530807851205849,0
24.64,9.946237983582742,0.22914408624702348,-0.09061818131520695,11.4344,0.09375798944026228,0.5518746801169649,-0.006518627019679239,0.5518598850671053,-0.006207697069279707,1.4943077267804141,-0.00010744580635062284,-0.005692273219585875,0,0,FOLLOWING,1.4943033803922605,0.5530864319648252,0
24.672,9.963825423550874,0.2275451903651929,-0.09081539779088224,11.452,0.09187136063615384,0.5518886825595404,-0.006468963543700647,0.5518740308638821,-0.0061630148838196525,1.4943463313646135,-0.00010122360757700011,-0.005653668635386522,0,0,FOLLOWING,1.4943420458176169,0.5530919930859536,0
24.704,9.981412994566696,0.22594279100588324,-0.0910111828252402,11.4696,0.08998337713537442,0.5519025405460322,-0.006419245083651623,0.5518880324929976,-0.0061182823422258675,1.4943846644557603,-9.499901388553e-05,-0.005615335544239652,0,0,FOLLOWING,1.4943804401733614,0.553097468158554,0
24.736,9.999000693628188,0.22433691365744474,-0.09120553481315356,11.4872,0.08809406677733977,0.5519162537988005,-0.0063694718616342065,0.55190188966479,-0.006073499640410716,1.494422727614759,-8.877210128134529e-05,-0.005577272385240972,0,0,FOLLOWING,1.4944185650165092,0.553102856862255,0
24.768,10.016588517742205,0.22272758384063218,-0.0913984521559561,11.5048,0.08620345742103028,0.5519298220521196,-0.006319644106355524,0.5519156021016465,-0.006028666980280172,1.4944605224021732,-8.25429459101884e-05,-0.005539477597826803,0,0,FOLLOWING,1.4944564219037162,0.5531081588817486,0
24.8,10.03417646392477,0.22111482710842734,-0.0915899332616392,11.522400000000001,0.08431157694458077,0.5519432450520118,-0.006269762053048646,0.5519291695379065,-0.00598378456988808,1.4944980503780052,-7.631162405177805e-05,-0.005501949621994795,0,0,FOLLOWING,1.4944940123910544,0.5531133739068089,0
24.832,10.05176452920134,0.21949866904585874,-0.09177997654504157,11.54,0.08241845324487015,0.551956522556086,-0.0062198259433950106,0.5519425917196338,-0.005938852623211719,1.4945353131014854,-7.007821211731102e-05,-0.005464686898514648,0,0,FOLLOWING,1.494531338033811,0.5531185016323052,0
24.864,10.069352710607086,0.21787913526981736,-0.09196858042803653,11.5576,0.08052411423710874,0.5519696543333806,-0.0061698360254442974,0.5519558684045,-0.005893871360081085,1.4945723121308827,-6.384278664729737e-05,-0.0054276878691172925,0,0,FOLLOWING,1.4945684003862807,0.5531235417582282,0
24.896,10.086941005187157,0.21625625142887017,-0.0921557433397185,11.5752,0.07862858785442726,0.5519826401642098,-0.006119792553541991,0.5519689993615817,-0.005848841006158475,1.4946090490232875,-5.760542430942317e-05,-0.005390950976712494,0,0,FOLLOWING,1.4946052010015731,0.5531284939896964,0
24.928,10.104529409996923,0.21463004320306914,-0.09234146371658833,11.5928,0.07673190204746565,0.5519954798400128,-0.0060696957882484534,0.5519819843712197,-0.00580376179289012,1.494645525334445,-5.1366201891847596e-05,-0.0053544746655549424,0,0,FOLLOWING,1.4946417414314233,0.5531333580369816,0
24.96,10.122117922102246,0.21300053630375815,-0.09252574000273413,11.6104,0.07483408478395953,0.5520081731632076,-0.006019545996265111,0.5519948232249261,-0.005758633957382588,1.494681742618551,-4.512519630311962e-05,-0.005318257381448976,0,0,FOLLOWING,1.494678023226,0.5531381336155234,0
24.992,10.139706538579718,0.21136775647337627,-0.09270857065001097,11.628,0.07293516404832855,0.5520207199470482,-0.005969343450361425,0.5520075157251543,-0.005713457742352328,1.4947177024280818,-3.8882484568264486e-05,-0.005282297571918226,0,0,FOLLOWING,1.4947140479337364,0.5531428204459431,0
25.024,10.157295256516896,0.20973172948525842,-0.0928899541182192,11.6456,0.07103516784126433,0.5520331200154857,-0.005919088429298312,0.5520200616852029,-0.00566823339608615,1.4947534063136212,-3.263814382425956e-05,-0.005246593686378809,0,0,FOLLOWING,1.494749817101153,0.5531474182540609,0
25.056,10.174884073012553,0.20809248114343162,-0.09306988887527795,11.6632,0.0691341241793161,0.5520453732030303,-0.005868781217755508,0.5520324609290529,-0.005622961172301208,1.494788855823681,-2.6392251320186966e-05,-0.00521114417631896,0,0,FOLLOWING,1.49478533227268,0.5531519267709115,0
25.088,10.192472985176895,0.20645003728241057,-0.09324837339739969,11.680800000000001,0.06723206109447925,0.5520574793546199,-0.005818422106261108,0.5520447132912782,-0.005577641330160258,1.4948240525045486,-2.0144884411696373e-05,-0.005175947495451361,0,0,FOLLOWING,1.494820594990503,0.553156345732761,0
25.12,10.210061990131793,0.20480442376698788,-0.0934254061692627,11.6984,0.06532900663378054,0.5520694383254889,-0.005768011391116959,0.5520568186168326,-0.00553227413422048,1.4948589979001148,-1.3896120557937985e-05,-0.005141002099885217,0,0,FOLLOWING,1.4948556067943992,0.5531606748811163,0
25.152,10.227651085011008,0.20315566649202277,-0.09360098568417502,11.716000000000001,0.06342498885886509,0.5520812499810409,-0.005717549374329581,0.5520687767610062,-0.005486859854163605,1.4948936935517305,-7.646037322797672e-06,-0.005106306448269482,0,0,FOLLOWING,1.4948903692215767,0.5531649139627496,0
25.184,10.245240266960389,0.20150379138222693,-0.09377511044424372,11.733600000000001,0.06152003584558338,0.5520929141967269,-0.0056670363635416745,0.5520805875892368,-0.005441398764958369,1.4949281409980508,-1.3947123700119859e-06,-0.005071859001949175,0,0,FOLLOWING,1.494924883806542,0.5531690627297028,0
25.216,10.262829533138108,0.19984882439194657,-0.09394777896054263,11.7512,0.059614175683575805,0.552104430857922,-0.005616472671962254,0.5520922509770196,-0.005395891146814063,1.4949623417748854,4.857776541619674e-06,-0.005037658225114594,0,0,FOLLOWING,1.4949591520809313,0.5531731209393077,0
25.248,10.280418880714851,0.19819079150494273,-0.09411898975326949,11.7688,0.05770743647585923,0.552115799859808,-0.0055658586182967765,0.5521037668097734,-0.005350337284856555,1.4949962974150608,1.111135155554277e-05,-0.005003702584939207,0,0,FOLLOWING,1.4949931755733825,0.5531770883541983,0
25.28,10.29800830687402,0.19652971873416783,-0.09428874135191345,11.7864,0.055799846338413193,0.5521270211072582,-0.005515194526680232,0.5521151349827017,-0.005304737469439214,1.4950300094482873,1.7365934727633925e-05,-0.004969990551712655,0,0,FOLLOWING,1.4950269558093994,0.553180964742324,0
25.312,10.315597808811935,0.1948656321215402,-0.09445703229540393,11.804,0.053891433399764044,0.5521380945147252,-0.005464480726614184,0.5521263554007032,-0.005259091995570554,1.495063479401019,2.362144801729138e-05,-0.004936520598981087,0,0,FOLLOWING,1.495060494311213,0.5531847498769632,0
25.344,10.33318738373802,0.19319855773771616,-0.09462386113227532,11.8216,0.051982225800570825,0.5521490200061304,-0.005413717552896497,0.5521374279782864,-0.005213401163408338,1.4950967087963292,2.9877813298162526e-05,-0.004903291203670834,0,0,FOLLOWING,1.4950937925976575,0.5531884435367361,0
25.376,10.350777028875,0.19152852168185833,-0.09478922642081912,11.839200000000002,0.05007225169321094,0.5521597975147565,-0.005362905345561744,0.5521483526394094,-0.005167665277860878,1.4951296991537828,3.613495235817166e-05,-0.0048703008462172015,0,0,FOLLOWING,1.4951268521840395,0.5531920455056187,0
25.408,10.368366741459079,0.18985555008140192,-0.09495312672923951,11.8568,0.048161539241363766,0.552170426983142,-0.005312044449808559,0.5521591293173704,-0.005121884648698555,1.4951624519893083,4.239278690330861e-05,-0.004837548010691695,0,0,FOLLOWING,1.4951596745820197,0.5531955555729497,0
25.44,10.38595651874012,0.188179669091819,-0.09511556063580072,11.874400000000001,0.04625011661959599,0.5521809083629796,-0.005261135215943588,0.5521697579547536,-0.005076059590299361,1.4951949688151047,4.865123855771203e-05,-0.004805031184895281,0,0,FOLLOWING,1.495192261299502,0.5531989735334519,0
25.472,10.403546357981819,0.1865009048963794,-0.09527652672897573,11.892,0.04433801201294684,0.5521912416150158,-0.005210177999315767,0.5521802385032928,-0.005030190421684627,1.4952272511394957,5.491022886380814e-05,-0.004772748860504272,0,0,FOLLOWING,1.4952246138405119,0.5532022991872331,0
25.504,10.421136256461882,0.18481928370590953,-0.09543602360759697,11.909600000000001,0.04242525361651091,0.5522014267089537,-0.00515917316025553,0.5521905709237463,-0.004984277466591438,1.4952593004668497,6.116967928873618e-05,-0.004740699533150261,0,0,FOLLOWING,1.4952567337050906,0.5532055323398085,0
25.536,10.438726211472192,0.18313483175854797,-0.09559404988099932,11.927200000000001,0.040511869635024185,0.5522114636233554,-0.005108121064011842,0.5522007551858656,-0.004938321053214534,1.4952911182974429,6.742951122327978e-05,-0.004708881702557122,0,0,FOLLOWING,1.4952886223891835,0.553208672802102,0
25.568,10.456316220318962,0.18144757531950026,-0.09575060416916673,11.9448,0.03859788828244662,0.5522213523455513,-0.005057022080690625,0.5522107912682376,-0.004892321514344412,1.495322706127388,7.368964598740424e-05,-0.004677293872612065,0,0,FOLLOWING,1.4953202813845508,0.5532117203904624,0
25.6,10.473906280322913,0.17975754068078917,-0.09590568510287133,11.9624,0.03668333778154675,0.5522310928715468,-0.005005876585198108,0.5522206791582205,-0.004846279187105439,1.49535406544851,7.99500048287577e-05,-0.004645934551489983,0,0,FOLLOWING,1.4953517121786506,0.5532146749266732,0
25.632,10.491496388819415,0.17806475416100426,-0.09605929132381676,11.98,0.03476824636348618,0.5522406852059344,-0.004954684957175894,0.552230418851854,-0.004800194413113664,1.495385197748261,8.621050892863857e-05,-0.0046148022517389364,0,0,FOLLOWING,1.4953829162545564,0.5532175362379604,0
25.664,10.509086543158645,0.17636924210504812,-0.09621142148477564,11.9976,0.032852642267402025,0.5522501293618061,-0.004903447580945692,0.5522400103537694,-0.0047540675382676655,1.495416104509631,9.247107940257848e-05,-0.004583895490368972,0,0,FOLLOWING,1.4954138950908602,0.5532203041570056,0
25.696,10.526676740705737,0.17467103088388086,-0.09636207424972813,12.0152,0.03093655373999109,0.5522594253606686,-0.004852164845447938,0.5522494536770884,-0.004707898912810536,1.4954467872110475,9.873163730374224e-05,-0.004553212788952488,0,0,FOLLOWING,1.4954446501615772,0.5532229785219553,0
25.728,10.544266978840929,0.17297014689426168,-0.09651124829399396,12.032800000000002,0.029020009035094108,0.5522685732323604,-0.004800837144183963,0.5522587488433579,-0.004661688891095812,1.4954772473262945,0.00010499210362298339,-0.004522752673705499,0,0,FOLLOWING,1.4954751829360677,0.5532255591764293,0
25.76,10.561857254959701,0.17126661655848863,-0.09665894230437092,12.0504,0.027103036413277718,0.5522775730149694,-0.0047494648751601354,0.552267895882433,-0.004615437831820302,1.4955074863244222,0.00011125239929453412,-0.004492513675577792,0,0,FOLLOWING,1.495505494878949,0.5532280459695248,0
25.792,10.579447566472917,0.16956046632413668,-0.09680515497926231,12.068000000000001,0.02518566414141846,0.5522864247547551,-0.004698048440827268,0.5522768948324441,-0.0045691460976517925,1.4955375056696856,0.00011751244519500603,-0.004462494330314426,0,0,FOLLOWING,1.4955355874500162,0.5532304387558347,0
25.824,10.597037910806957,0.16785172266379214,-0.09694988502881306,12.0856,0.023267920492286612,0.5522951285060694,-0.004646588248026341,0.5522857457396663,-0.0045228140555151775,1.4955673068214361,0.0001237721621504123,-0.0044326931785638735,0,0,FOLLOWING,1.4955654621041623,0.5532327373954454,0
25.856,10.614628285403853,0.16614041207478633,-0.09709313117503393,12.103200000000001,0.021349833744127727,0.5523036843312822,-0.004595084707930673,0.5522944486584925,-0.004476442076221104,1.4955968912340791,0.00013003147093458567,-0.004403108765920871,0,0,FOLLOWING,1.4955951202913071,0.5532349417539556,0
25.888,10.632218687721418,0.1644265610789259,-0.09723489215192817,12.120800000000001,0.019431432180247454,0.5523120923007054,-0.004543538235993615,0.5523030036513319,-0.004430030534534935,1.4956262603569694,0.00013629029227055223,-0.004373739643030561,0,0,FOLLOWING,1.4956245634563183,0.5532370517024737,0
25.92,10.649809115233365,0.1627101962222226,-0.09737516670562435,12.1384,0.01751274408859291,0.552320352492522,-0.004491949251887956,0.552311410788517,-0.004383579809369379,1.4956554156343673,0.00014254854683989906,-0.0043445843656326755,0,0,FOLLOWING,1.4956537930389493,0.5532390671176315,0
25.952,10.667399565429442,0.16099134407461926,-0.09751395359448956,12.156,0.015593797761336235,0.5523284649927138,-0.004440318179456189,0.5523196701482516,-0.004337090283180098,1.4956843585053565,0.00014880615527446128,-0.004315641494643474,0,0,FOLLOWING,1.4956828104737667,0.5532409878815894,0
25.984,10.68499003581554,0.1592700312297149,-0.09765125158926276,12.1736,0.01367462149445806,0.5523364298949925,-0.004388645446653862,0.5523277818165541,-0.004290562342587949,1.495713090403784,0.0001550630381697421,-0.004286909596215915,0,0,FOLLOWING,1.495711617190087,0.5532428138820428,0
26.016000000000002,10.702580523913815,0.1575462843044873,-0.0977870594731671,12.191200000000002,0.01175524358732895,0.552344247300733,-0.004336931485497865,0.5523357458871657,-0.004243996377724778,1.4957416127582017,0.00016131911607823735,-0.004258387241798278,0,0,FOLLOWING,1.4957402146119192,0.5532445450122307,0
26.048000000000002,10.720171027262806,0.15582012993901398,-0.0979213760420333,12.208800000000002,0.009835692342292776,0.5523519173189041,-0.004285176732013144,0.5523435624614771,-0.004197392782574159,1.495769926991792,0.00016757430951484797,-0.004230073008208102,0,0,FOLLOWING,1.4957686041578937,0.5532461811709372,0
26.080000000000002,10.737761543417536,0.15409159479619086,-0.0980542001044148,12.226400000000002,0.007915996064250039,0.5523594400660063,-0.004233381626182364,0.5523512316484999,-0.0041507519547261465,1.4957980345223307,0.0001738285389584343,-0.004201965477669267,0,0,FOLLOWING,1.4957967872412203,0.5532477222625009,0
26.112000000000002,10.755352069949632,0.15236070556144882,-0.09818553048170568,12.244,0.005996183060239168,0.5523668156660063,-0.0041815466118910495,0.5523587535647545,-0.004104074295446997,1.4958259367621125,0.00018008172485341203,-0.004174063237887493,0,0,FOLLOWING,1.4958247652696173,0.5532491681968186,0
26.144000000000002,10.772942604447422,0.15062748894246927,-0.09831536600825394,12.261600000000001,0.00407628163901979,0.5523740442502758,-0.004129672136882768,0.5523661283342333,-0.004057360209543302,1.495853635117917,0.00018633378761180594,-0.004146364882082976,0,0,FOLLOWING,1.4958525396452704,0.5532505188893552,0
26.176000000000002,10.79053314451604,0.14889197166889725,-0.0984437055314785,12.279200000000003,0.002156320110655958,0.5523811259575307,-0.004077758652701707,0.5523733560883219,-0.004010610105490303,1.4958811309909394,0.00019258464761821859,-0.004118869009060555,0,0,FOLLOWING,1.495880111764781,0.5532517742611405,0
26.208000000000002,10.808123687777531,0.14715418049205206,-0.09857054791197298,12.296800000000001,0.00023632678609737315,0.5523880609337699,-0.004025806614649241,0.5523804369657677,-0.00396382439498927,1.4959084257767443,0.00019883422522345984,-0.004091574223255678,0,0,FOLLOWING,1.4959074830191053,0.5532529342387762,0
26.240000000000002,10.82571423187094,0.14541414218463763,-0.0986958920236217,12.3144,-0.001683670023237409,0.5523948493322175,-0.0039738164817344,0.5523873711125926,-0.003917003493378679,1.4959355208652378,0.00020508244075335968,-0.004064479134762156,0,0,FOLLOWING,1.4959346547935228,0.5532539987544449,0
26.272000000000002,10.843304774452415,0.14367188354044946,-0.09881973675370517,12.332,-0.003603642005877781,0.5524014913132675,-0.0039217887166229405,0.5523941586820414,-0.003870147819288293,1.495962417640605,0.00021132921450697786,-0.004037582359394998,0,0,FOLLOWING,1.4959616284675858,0.5532549677459156,0
26.304000000000002,10.860895313195295,0.14192743137408131,-0.09894208100300887,12.349600000000002,-0.005523560850720109,0.5524079870444265,-0.0038697237855935328,0.5524007998345357,-0.0038232577947473045,1.4959891174812674,0.00021757446675829684,-0.004010882518732606,0,0,FOLLOWING,1.4959884054150783,0.553255841156536,0
26.336000000000002,10.878485845790207,0.140180812520629,-0.0990629236859291,12.3672,-0.0074433982474434186,0.5524143367002561,-0.003817622158487429,0.5524072947376046,-0.0037763338450963998,1.4960156217598386,0.00022381811775919191,-0.003984378240161401,0,0,FOLLOWING,1.4960149870039663,0.5532566189352406,0
26.368000000000002,10.896076369945142,0.13843205383539348,-0.09918226373057729,12.3848,-0.0093631258869284,0.5524205404623234,-0.0037654843086666213,0.5524136435658241,-0.00372937639893055,1.496041931843111,0.00023006008774109632,-0.0039580681568889275,0,0,FOLLOWING,1.496041374596377,0.5532573010365589,0
26.400000000000002,10.91366688338555,0.13668118219358086,-0.09930010007887909,12.4024,-0.01128271546167418,0.5524265985191451,-0.0037133107129625233,0.5524198465007878,-0.003682385887946028,1.496068049091988,0.0002363002969116013,-0.003931950908012016,0,0,FOLLOWING,1.4960675695485441,0.5532578874206133,0
26.432000000000002,10.931257383854422,0.13492822449000233,-0.0994164316866809,12.420000000000002,-0.013202138666215061,0.5524325110661378,-0.003661101851635509,0.552425903731038,-0.0036353627471671715,1.4960939748614646,0.00024253866546197766,-0.0039060251385354405,0,0,FOLLOWING,1.4960935732107832,0.5532583780531233,0
26.464000000000002,10.948847869112369,0.1331732076387723,-0.09953125752385275,12.4376,-0.015121367197539242,0.5524382783055651,-0.0036088582083277426,0.5524318154520076,-0.0035883074148285754,1.496119710500582,0.0002487751135691052,-0.003880289499418099,0,0,FOLLOWING,1.4961193869274525,0.5532587729054023,0
26.496000000000002,10.966438336937697,0.13141615857300337,-0.09964457657437979,12.455200000000001,-0.017040372755505486,0.5524439004464899,-0.0035565802700167934,0.5524375818659923,-0.003541220332029004,1.4961452573524168,0.00025500956139198894,-0.0038547426475832314,0,0,FOLLOWING,1.496145012036925,0.5532590719543691,0
26.528000000000002,10.984028785126494,0.12965710424450153,-0.09975638783646724,12.472800000000001,-0.018959127043259763,0.5524493777047239,-0.003504268526974583,0.5524432031820676,-0.0034941019431477044,1.4961706167540239,0.000261241929078726,-0.003829383245976148,0,0,FOLLOWING,1.496170449871556,0.553259275182539,0
26.560000000000002,11.00161921149269,0.12789607162345884,-0.09986669032263186,12.490400000000001,-0.020877601767653842,0.5524547103027808,-0.0034519234727212007,0.5524486796160619,-0.0034469526954210568,1.49619579003643,0.0002674721367636884,-0.0038042099635700044,0,0,FOLLOWING,1.4961957017576575,0.5532593825780309,0
26.592000000000002,11.019209613868142,0.12613308769814555,-0.09997548305979942,12.508000000000001,-0.022795768639661807,0.5524598984698289,-0.0033995456039838485,0.5524540113905297,-0.0033997730391252803,1.496220778524592,0.000273700104570479,-0.00377922147540799,0,0,FOLLOWING,1.4962207690154659,0.553259394134566,0
26.624000000000002,11.036799990102697,0.12436817947459922,-0.10008276508940156,12.5256,-0.02471359937479654,0.5524649424416448,-0.003347135420653026,0.5524591987346512,-0.003352563427575441,1.4962455835373791,0.00027992575261764907,-0.0037544164626208687,0,0,FOLLOWING,1.496245652959121,0.5532593098514689,0
26.656,11.054390341929636,0.12260137398587549,-0.10018852346714958,12.543200000000002,-0.02663106569352813,0.5524698416711187,-0.003294699735661963,0.5524643621386658,-0.003304949307001531,1.4962702025423975,0.0002861367366887719,-0.0037297974576024906,0,0,FOLLOWING,1.4962703510514928,0.5532591297336698,0
26.688,11.071980669640938,0.12083269849841281,-0.10029268510647511,12.5608,-0.028548139321699965,0.5524745953093003,-0.003242281458828779,0.5524694556482427,-0.003255051231163894,1.4962946344749903,0.00029226050818352556,-0.003705365525009663,0,0,FOLLOWING,1.4962948622231877,0.5532588537916929,0
26.72,11.08957096527616,0.1190621816470895,-0.10039522214800317,12.5784,-0.030464791990945893,0.5524792039808483,-0.0031899291820711223,0.5524742179479855,-0.003204282549858619,1.496318886628807,0.00029826938391909474,-0.0036811133711929234,0,0,FOLLOWING,1.496319193763103,0.5532584820416737,0
26.752,11.10716122663528,0.11728985262210184,-0.10049613029578876,12.596,-0.03238099543910727,0.5524836683079446,-0.003137684189852842,0.5524788265132594,-0.0031533796202726366,1.4963429606321952,0.00030415848875860185,-0.003657039367804815,0,0,FOLLOWING,1.4963433472948402,0.5532580145053454,0
26.784,11.124751451814491,0.11551574064580108,-0.10059540781095253,12.613599999999998,-0.034296721410648795,0.552487988856948,-0.003085580588406442,0.5524832900262766,-0.0031024223507126157,1.4963668578331673,0.00030992546064428916,-0.003633142166832748,0,0,FOLLOWING,1.4963673241616635,0.5532574512100404,0
26.816,11.142341638960856,0.11373987493059333,-0.10069305502831935,12.6312,-0.03621194165707652,0.5524921661436333,-0.0030336456508683637,0.5524876098134501,-0.0030514755444343376,1.4963905795393488,0.0003155700112775772,-0.003609420460651158,0,0,FOLLOWING,1.4963911256664413,0.5532567921886931,0
26.848,11.159931786244368,0.11196228464823905,-0.1007890739465205,12.648800000000001,-0.03812662793735372,0.5524962006426295,-0.002981900305343288,0.5524917864463399,-0.0030005911953883213,1.4964141270427171,0.00032109353819956277,-0.003585872957282854,0,0,FOLLOWING,1.4964147530964012,0.5532560374798319,0
26.88,11.177521891851935,0.11018299890649977,-0.10088346787115307,12.6664,-0.040040752018316604,0.5525000927957795,-0.002930359710946462,0.5524958203892114,-0.0029498101462590277,1.4964375016232654,0.00032649878358190226,-0.003562498376734613,0,0,FOLLOWING,1.4964382077267844,0.5532551871275772,0
26.912,11.19511195398432,0.10840204673236578,-0.10097624110672342,12.683999999999997,-0.041954285675092046,0.5525038430191379,-0.002879033879401681,0.5524997120693326,-0.002899163612954414,1.496460704550375,0.0003317895372263874,-0.0035392954496249462,0,0,FOLLOWING,1.4964614908222122,0.5532542411816436,0
26.944,11.21270197085402,0.10661945706048867,-0.10106739869301423,12.7016,-0.04386720069151304,0.5525074517087779,-0.0028279283101869546,0.5525034618895963,-0.0028486745728656597,1.4964837370837505,0.0003369703804647905,-0.003516262916249513,0,0,FOLLOWING,1.4964846036376274,0.5532531996973373,0
26.976,11.23029194068374,0.10483525872562648,-0.10115694618150846,12.7192,-0.04577946886053415,0.5525109192455956,-0.002777044615698227,0.5525070702346678,-0.0027983590166261803,1.4965066004741732,0.0003420464674084161,-0.0034933995258268347,0,0,FOLLOWING,1.496507547419054,0.5532520627355481,0
27.008,11.247881861705325,0.10304948045816856,-0.10124488944763388,12.736799999999999,-0.04769106198464872,0.552514245999274,-0.0027263811196882102,0.5525105374756217,-0.0027482270675054416,1.4965292959641088,0.0003470233399391759,-0.0034707040358912256,0,0,FOLLOWING,1.496530323404199,0.5532508303627451,0
27.04,11.265471732159055,0.10126215088203465,-0.10133123453480133,12.754399999999999,-0.04960195187630404,0.552517432331546,-0.0026759334176315657,0.5525138639737005,-0.0026982839749795586,1.4965518247882068,0.0003519067728938869,-0.003448175211793192,0,0,FOLLOWING,1.496552932822942,0.5532495026509805,0
27.072,11.283061550293233,0.09947329851441103,-0.10141598752641891,12.771999999999998,-0.051512110358316314,0.5525204785988692,-0.002625694891917342,0.5525170500834861,-0.0026485309889610047,1.4965741881736603,0.00035670264598185175,-0.0034258118263397197,0,0,FOLLOWING,1.496575376897712,0.5532480796778793,0
27.104,11.300651314364,0.0976829517669246,-0.10149915444237397,12.7896,-0.053421509264287674,0.5525233851546117,-0.0025756571780402027,0.5525200961554069,-0.002598966124427028,1.4965963873405232,0.00036141683920032364,-0.0034036126594767513,0,0,FOLLOWING,1.4965976568437922,0.5532465615266381,0
27.136,11.318241022635329,0.09589113894795079,-0.1015807411567509,12.807199999999998,-0.055330120439019775,0.5525261523508355,-0.0025258105804293824,0.5525230025377329,-0.0025495848250326903,1.496618423501937,0.0003660551487207758,-0.0033815764980629215,0,0,FOLLOWING,1.4966197738695588,0.5532449482860149,0
27.168,11.33583067337917,0.09409788826581944,-0.1016607533338736,12.8248,-0.05723791573893047,0.5525287805397413,-0.0024761444384076015,0.5525257695783442,-0.0025003805357652707,1.4966402978643363,0.0003706232204935128,-0.0033597021356637224,0,0,FOLLOWING,1.496641729176666,0.5532432400503331,0
27.2,11.353420264875714,0.09230322783273216,-0.10173919638001791,12.8424,-0.05914486703246819,0.5525312700748394,-0.0024266474440649928,0.5525283976260074,-0.0024513451926213336,1.4966620116275706,0.0003751264990407288,-0.003337988372429379,0,0,FOLLOWING,1.4966635239601942,0.5532414369194675,0
27.232,11.371009795413752,0.09050718566923623,-0.10181607540846149,12.86,-0.06105094620052604,0.5525336213118881,-0.002377307914759541,0.5525308870313934,-0.002402469639407114,1.4966835659850242,0.0003795701892132658,-0.003316434014975833,0,0,FOLLOWING,1.4966851594087485,0.5532395389988431,0
27.264,11.388599263291102,0.08870978970912291,-0.10189139521577117,12.8776,-0.0629561251368578,0.5525358346096485,-0.0023281140235001077,0.5525332381479996,-0.0023537439789094216,1.4967049621237003,0.0003839592288965854,-0.0032950378762997,0,0,FOLLOWING,1.4967066367045525,0.5532375463994285,0
27.296,11.406188666815098,0.08691106780463348,-0.10196516026748677,12.895199999999999,-0.0648603757484917,0.5525379103304847,-0.0022790539908223747,0.5525354513327596,-0.0023051578665335575,1.4967262012242843,0.00038829827090693103,-0.003273798775715653,0,0,FOLLOWING,1.4967279570235108,0.5532354592377288,0
27.328,11.423778004303118,0.0851110477318692,-0.10203737469158515,12.9128,-0.06676366995614397,0.5525398488408383,-0.0022301162418890564,0.552537526946602,-0.0022567007534395876,1.496747284461188,0.0003925916725297656,-0.003252715538812012,0,0,FOLLOWING,1.4967491215352509,0.5532332776357797,0
27.36,11.441367274083142,0.08330975719630981,-0.10210804227829955,12.9304,-0.06866597969463424,0.5525416505116003,-0.002181289532539192,0.5525394653548333,-0.002208362085136053,1.4967682130025801,0.0003968434913390051,-0.003231786997419883,0,0,FOLLOWING,1.4967701314031587,0.5532310017211391,0
27.392,11.458956474494311,0.08150722383835846,-0.10217716648507172,12.948,-0.07056727691329873,0.5525433157184034,-0.00213256304792786,0.5525412669274314,-0.0021601314618892404,1.496788988010427,0.00040105748613339376,-0.003211011989572965,0,0,FOLLOWING,1.4967909877844117,0.553228631626882,0
27.424,11.476545603887523,0.07970347523883577,-0.10224475044556239,12.965599999999998,-0.07246753357640319,0.5525448448418436,-0.0020839264771921823,0.5525429320393647,-0.0021119987655430655,1.4968096106404907,0.00040523712196315065,-0.003190389359509327,0,0,FOLLOWING,1.4968116918299827,0.5532261674915906,0
27.456,11.494134660625988,0.0778985389243614,-0.10231079698181869,12.9832,-0.07436672166355783,0.5525462382676533,-0.0020353700673842764,0.5525444610706801,-0.0020639542581733323,1.4968300820423632,0.0004093855783906669,-0.0031699179576367698,0,0,FOLLOWING,1.4968322446846711,0.5532236094593547,0
27.488,11.511723643085807,0.07609244237256417,-0.10237530861878581,13.000800000000002,-0.07626481317012877,0.5525474963868251,-0.0019868846596518986,0.5525458544067171,-0.002015988655341523,1.4968504033594512,0.0004135057602095288,-0.003149596640548813,0,0,FOLLOWING,1.4968526474870953,0.5532209576797497,0
27.52,11.529312549656506,0.07428521301707926,-0.10243828760052572,13.0184,-0.0781617801076525,0.5525486195957044,-0.0019384617103922845,0.5525471124381464,-0.001968093179450533,1.4968705757289968,0.0004176003100144627,-0.003129424271003156,0,0,FOLLOWING,1.4968729013697084,0.5532182123078333,0
27.552,11.54690137874157,0.07247687825229492,-0.10249973590755963,13.035999999999998,-0.08005759450424793,0.5525496082960548,-0.0018900932998451797,0.552548235561099,-0.001920259594848936,1.4968906002820874,0.00042167162206453723,-0.0031093997179125754,0,0,FOLLOWING,1.4968930074587985,0.5532153735041413,0
27.584,11.564490128758944,0.07066746543782226,-0.10255965527486677,13.0536,-0.08195222840502822,0.5525504628951009,-0.0018417721303194412,0.5525492241771698,-0.0018724802283488471,1.4969104781436455,0.0004257218569874988,-0.0030895218563544713,0,0,FOLLOWING,1.496912966874495,0.5532124414346794,0
27.616,11.582078798141506,0.06885700190267152,-0.10261804721015666,13.071200000000001,-0.08384565387251426,0.5525511838055523,-0.001793491516016685,0.5525500786934456,-0.0018247479777749153,1.4969302104324316,0.0004297529569547432,-0.003069789567568426,0,0,FOLLOWING,1.496932780730765,0.5532094162709043,0
27.648,11.599667385337506,0.06704551494912295,-0.10267491301208709,13.088799999999999,-0.08573784298704601,0.5525517714456166,-0.0017452453661679357,0.5525507995225657,-0.0017770563102601602,1.496949798261052,0.00043376666100937433,-0.0030502017389479885,0,0,FOLLOWING,1.496952450135424,0.553206298189718,0
27.68,11.61725588881099,0.06523303185628948,-0.10273025378818365,13.106399999999999,-0.0876287678471935,0.5525522262389998,-0.0016970281629872612,0.5525513870826917,-0.0017293992529194635,1.4969692427359664,0.0004377645203030161,-0.003030757264033568,0,0,FOLLOWING,1.4969719761901314,0.5532030873734636,0
27.712,11.634844307042174,0.06341957988337166,-0.10278407047224024,13.123999999999999,-0.08951840057016962,0.5525525486149003,-0.0016488349357375556,0.5525518417974784,-0.001681771376640239,1.4969885449574778,0.0004417479130182367,-0.003011455042522204,0,0,FOLLOWING,1.4969913599903977,0.5531997840099084,0
27.744,11.652432638527813,0.06160518627261164,-0.10283636384106813,13.1416,-0.09140671329224052,0.5525527390079938,-0.0016006612320244153,0.5525521640961332,-0.001634167775718603,1.4970077060197389,0.0004457180588444965,-0.0029922939802611292,0,0,FOLLOWING,1.497010602625579,0.5531963882922373,0
27.776,11.670020881781507,0.059789878251957286,-0.10288713453045818,13.159199999999998,-0.09329367816913592,0.5525527978584162,-0.0015525030872617486,0.5525523544133176,-0.0015865840432578127,1.4970267270107547,0.00044967603286208413,-0.0029732729892453236,0,0,FOLLOWING,1.4970297051788934,0.5531929004190351,0
27.808,11.687609035334011,0.057973683037446606,-0.10293638305028868,13.1768,-0.09517926737646093,0.5525527256117404,-0.0015043569931027575,0.5525524131891771,-0.0015390162444996246,1.4970456090123982,0.00045362277875944657,-0.0029543909876017516,0,0,FOLLOWING,1.4970486687274143,0.5531893205942856,0
27.84,11.705197097733498,0.05615662783532933,-0.1029841097987139,13.1944,-0.09706345311010571,0.5525525227189519,-0.0014562198654970932,0.5525523408692834,-0.0014914608880624012,1.497064353100393,0.00045755912130728,-0.002935646899606903,0,0,FOLLOWING,1.4970674943420792,0.5531856490273499,0
27.872,11.722785067545793,0.054338739843940054,-0.1030303150754205,13.212,-0.09894620758665483,0.5525521896364226,-0.0014080890129116361,0.55255213790465,-0.001443914896834823,1.497082960344345,0.0004614857780710774,-0.0029170396556550404,0,0,FOLLOWING,1.4970861830877031,0.5531818859329605,0
27.904,11.740372943354613,0.05252004625534074,-0.1030749990939313,13.2296,-0.10082750304379842,0.552551726825881,-0.0013599621051455638,0.5525518047516887,-0.0013963755781974197,1.497101431807723,0.0004654033703213323,-0.0028985681922770734,0,0,FOLLOWING,1.497104736022967,0.5531780315312066,0
27.936,11.757960723761741,0.05070057425674848,-0.10311816199296608,13.2472,-0.10270731174073985,0.5525511347543838,-0.0013118371430876784,0.5525513418721324,-0.0013488405945557267,1.4971197685478843,0.0004693124331507647,-0.002880231452115689,0,0,FOLLOWING,1.4971231542004437,0.5531740860475232,0
27.968,11.775548407387214,0.048880351031765724,-0.10315980384687949,13.264800000000001,-0.10458560595860626,0.5525504138942848,-0.0012637124296698153,0.5525507497330858,-0.0013013079344953355,1.497137971616074,0.00047321342479750284,-0.0028620283839260185,0,0,FOLLOWING,1.4971414386665947,0.5531700497126765,0
28.0,11.793135992869477,0.0470594037614307,-0.10319992467521473,13.2824,-0.1064623580008567,0.5525495647232039,-0.0012155865422160714,0.5525500288069218,-0.001253775885164862,1.4971560420574277,0.0004771067352072056,-0.002843957942572306,0,0,FOLLOWING,1.4971595904617765,0.5531659227627508,0
28.032,11.810723478865508,0.04523775962510163,-0.10323852445139321,13.3,-0.10833754019368981,0.5525485877239974,-0.0011674583063189124,0.5525491795712819,-0.001206243005252833,1.4971739809109987,0.00048099269384460635,-0.0028260190890012638,0,0,FOLLOWING,1.4971776106202637,0.5531617054391368,0
28.064,11.828310864050962,0.04341544580119166,-0.10327560311060416,13.3112,-0.11021112488645325,0.5512528315556414,-0.0012413560412222562,0.5525482025090612,-0.0011587081000056744,1.4908257150776973,4.437553302921726e-05,-0.009174284922302656,0,0,FOLLOWING,1.4952856522577769,0.5481861973357461,0
28.096,11.845858699073768,0.041596578025145506,-0.10331492283569957,13.3224,-0.11208308445205074,0.5480115760231979,-0.001499891116245501,0.5513067288588447,-0.0012287414142385922,1.4845173127990243,-0.0003925138863351829,-0.015482687200975676,0,0,FOLLOWING,1.4919850030990036,0.5398561222838152,0
28.128,11.86330575735555,0.039787462599238065,-0.10336219981225103,13.333600000000002,-0.1139533912873488,0.5426065133607109,-0.001964864711688503,0.5481413994917111,-0.001477405531208806,1.4783103226681475,-0.0008238700875791567,-0.021689677331852453,0,0,FOLLOWING,1.487696593546631,0.5293875707973438,0
28.16,11.88058305665488,0.037995110668308324,-0.10342385003939074,13.3448,-0.11582201781358505,0.5350978270563448,-0.0026309889777821464,0.5428093313682171,-0.0019265695798934084,1.472274079848362,-0.001243031215606108,-0.027725920151637995,0,0,FOLLOWING,1.4827685698909536,0.5176854064393778,0
28.192,11.89762309713593,0.036226275964572174,-0.1035061499935644,13.355999999999998,-0.11768893647677427,0.525713779824111,-0.0034759475515936267,0.5353576770747601,-0.0025718733897637167,1.4664764176174994,-0.0016433101616347286,-0.03352358238250064,0,0,FOLLOWING,1.4774841983099385,0.5054138199889282,0
28.224,11.914365525810954,0.0344868882491738,-0.10361449234322756,13.3672,-0.11955411974811402,0.5147729414201913,-0.004467805278408103,0.5260113395077836,-0.00338569787776318,1.460977974350395,-0.0020187607741422586,-0.039022025649605,0,0,FOLLOWING,1.4720697948381012,0.49305182978059403,0
28.256,11.9307600499308,0.03278176777750082,-0.10375182080155687,13.378400000000001,-0.12141754012439207,0.5026307438972444,-0.005570938656116909,0.515086606873206,-0.004291513142006482,1.4558292659490606,-0.002365769437771975,-0.04417073405093941,0,0,FOLLOWING,1.4667025799643427,0.48093681345081213,0
28.288,11.946767733676658,0.031114549279279716,-0.10392120930302234,13.3896,-0.12327917012839025,0.48964393637532466,-0.006748871742635387,0.5029402731603569,-0.0052933886630124535,1.4510693881879955,-0.002680534742063173,-0.04893061181200453,0,0,FOLLOWING,1.461517904049115,0.46929855141017973,0
28.32,11.962361143499098,0.029487677206584444,-0.10412477544204207,13.400799999999998,-0.12513898230929113,0.4761480593266097,-0.007966620978337287,0.4899336439039174,-0.006361438885096927,1.4467258716580191,-0.002960181392100053,-0.053274128341980864,0,0,FOLLOWING,1.4566158304153767,0.4582857652684577,0
28.352,11.977523658329151,0.0279024928007153,-0.10436362980616182,13.411999999999999,-0.12699694924308214,0.46244427373958347,-0.009192222158483353,0.47640629475587565,-0.007464194949925753,1.4428153769484369,-0.0032028406433126377,-0.05718462305156313,0,0,FOLLOWING,1.4520671336798603,0.44798673188880855,0
28.384,11.99224837095392,0.026359363331162226,-0.10463796317493645,13.423200000000001,-0.12885304353295926,0.44879276563427417,-0.010397613388117104,0.46266324034813994,-0.008572912976040337,1.439344800912619,-0.003407590659761192,-0.06065519908738093,0,0,FOLLOWING,1.4479185789057138,0.43844523021228277,0
28.416,12.006536770629562,0.024857828315502498,-0.10494715982849623,13.434399999999998,-0.13070723780973242,0.4354106594227766,-0.011559051205254259,0.44896808392578674,-0.009662389954370873,1.4363126023212074,-0.003574364097308824,-0.06368739767879261,0,0,FOLLOWING,1.4441975245310645,0.429672819060204,0
28.448,12.020397354556756,0.023396747855925916,-0.10528992294413975,13.4456,-0.13255950473222827,0.42247291547372406,-0.01265719570114025,0.4355408012157474,-0.010711341483571177,1.4337101985058773,-0.003703836927352072,-0.06628980149412267,0,0,FOLLOWING,1.4409158873638928,0.42165823741357117,0
28.48,12.033844266457844,0.021974443899283005,-0.10566440224282886,13.4568,-0.13440981698769283,0.41011510051792754,-0.013676968243878405,0.4225586057771541,-0.011702472075076138,1.4315233343098734,-0.0037973090122676444,-0.06847666569012656,0,0,FOLLOWING,1.4380735193906733,0.4143745539145325,0
28.512,12.046896023927259,0.020588829178505533,-0.10606831719939783,13.468,-0.13625814729219543,0.39843723298039024,-0.014607260229143137,0.4101587471948898,-0.012622336523492513,1.4297333614481251,-0.0038565841143079066,-0.07026663855187487,0,0,FOLLOWING,1.4356610524320619,0.4077845611639168,0
28.544,12.059574369950818,0.019237521282776178,-0.1064990715101022,13.4792,-0.13810446839103047,0.38750814139376644,-0.015440551588231582,0.3984424172233327,-0.013461066707872796,1.4283183927986962,-0.0038838547515358673,-0.07168160720130379,0,0,FOLLOWING,1.4336622687931029,0.4018448060441971,0
28.576,12.071903265507423,0.01791794107227155,-0.10695385627389328,13.4904,-0.13994875305911852,0.37736995037027316,-0.016172482409977224,0.3874791840258591,-0.014212018906834488,1.4272543147183252,-0.0038815955211367603,-0.0727456852816748,0,0,FOLLOWING,1.432056055268187,0.39650856435941384,0
28.608,12.083908027502288,0.01662739576594631,-0.10742974062302744,13.501600000000002,-0.14179097410140926,0.3680424390041682,-0.016801409077187697,0.3773115574666251,-0.014871381600560384,1.4265156531899288,-0.0038524671142751987,-0.07348434681007121,0,0,FOLLOWING,1.430817995166481,0.39172800221858434,0
28.64,12.095614607912875,0.015363147687554979,-0.10792374944584048,13.5128,-0.1436311043532817,0.35952711185185166,-0.017327967072683137,0.36795942333702036,-0.015437772109041388,1.4260762980034287,-0.003799232179072007,-0.07392370199657128,0,0,FOLLOWING,1.4299216491570619,0.3874557143375548,0
28.672,12.107049004795387,0.014122470002821973,-0.1084329284700337,13.524000000000001,-0.14546911668094403,0.3518108912152609,-0.017754655513531108,0.3594241827727638,-0.015911841613281272,1.4259100944139456,-0.003724683389862663,-0.07408990558605444,0,0,FOLLOWING,1.429339571227771,0.3836457880358145,0
28.704,12.11823679281928,0.012902690924981633,-0.10895439738961339,13.5352,-0.14730498398183547,0.3448693878799643,-0.018085453076434277,0.35169250376373873,-0.01629590152210229,1.4259913147010819,-0.003631583501000263,-0.07400868529891813,0,0,FOLLOWING,1.4290441012861512,0.38025450895563606,0
28.736,12.12920275960486,0.011701227881203806,-0.10948539197757265,13.5464,-0.149138679185024,0.3386697407951438,-0.018325470923543148,0.3447396414206109,-0.016593579277118617,1.4262950234396365,-0.0035226167589874624,-0.07370497656036346,0,0,FOLLOWING,1.429007971167486,0.37724079867138943,0
28.768,12.139970633837983,0.01051561306992698,-0.11002329627123787,13.557600000000003,-0.15097017525160703,0.33317303832815326,-0.018480645238824422,0.3385323178218174,-0.01680950812260293,1.4267973505844327,-0.003400350781531669,-0.07320264941556731,0,0,FOLLOWING,1.4292047562284615,0.3745664539797475,0
28.8,12.15056289155789,0.009343511733359336,-0.11056566597945322,13.5688,-0.15279944517510954,0.3283363476701491,-0.01855746981039867,0.33303117487977196,-0.016949052786217233,1.427475686040662,-0.003267207855726456,-0.0725243139593379,0,0,FOLLOWING,1.429609200406321,0.3721962416421658,0
28.832,12.161000627890184,0.008182734342963826,-0.11111024426430688,13.579999999999998,-0.1546264619818817,0.3241143869883334,-0.018562767560327487,0.3281928278412195,-0.017018071181404273,1.428308808506056,-0.003125444534512536,-0.07169119149394398,0,0,FOLLOWING,1.4301974386759135,0.37009788978997255,0
28.864,12.171303482632654,0.007031243762949137,-0.111654971012782,13.5912,-0.15645119873149782,0.32046087873778967,-0.018503498883688567,0.32397155513207193,-0.017022710965538326,1.4292769602270479,-0.002977138399767029,-0.07072303977295213,0,0,FOLLOWING,1.4309471372706362,0.3682420073809492,0
28.896,12.181489609359643,0.005887158326324517,-0.11219798664909245,13.602400000000001,-0.15827362851715293,0.3173296234556376,-0.018386603997043557,0.3203206640518954,-0.01696923893455517,1.430361878045834,-0.0028241808943727377,-0.06963812195416597,0,0,FOLLOWING,1.431837568854253,0.366601955440933,0
28.928,12.191575678995974,0.004748751634887554,-0.11273763145664065,13.6136,-0.160093724466059,0.31467533232484474,-0.01821887612026352,0.3171935726543558,-0.0168639006972047,1.431546789823529,-0.002668275190454511,-0.06845321017647099,0,0,FOLLOWING,1.4328496370290422,0.36515368787745306,0
28.96,12.201576910061018,0.003614449781112309,-0.11327244128717089,13.624799999999999,-0.16191145973984236,0.3124542545226,-0.018006862152178726,0.31454464700415413,-0.016712807773835627,1.4328163840695707,-0.0025109381453724683,-0.06718361593042932,0,0,FOLLOWING,1.4339658621214295,0.36387557505087176,0
28.992,12.211507118956956,0.00248282658729989,-0.11380114043934114,13.636,-0.16372680753493893,0.31062463237248744,-0.017756787492253463,0.3123298306075119,-0.016521849139958834,1.4341567594295122,-0.0023535054923761733,-0.06584324057048785,0,0,FOLLOWING,1.435170338072886,0.36274821974325,0
29.024,12.22137878474969,0.0013525973656378315,-0.11432263239378031,13.647200000000002,-0.16553974108298875,0.3091470139671231,-0.01747450176244117,0.3105070996955054,-0.016296624240946904,1.4355553596050292,-0.0021971395124180393,-0.06444464039497078,0,0,FOLLOWING,1.436448668451567,0.36175427244717256,0
29.056,12.231203123854666,0.00022261162157834064,-0.11483598899957606,13.658399999999999,-0.1673502336512321,0.3079844494736823,-0.01716544236060506,0.3090367745725915,-0.016042394598952566,1.4370008983128095,-0.002042838532708785,-0.06299910168719047,0,0,FOLLOWING,1.4377878880581296,0.36087825082503566,0
29.088,12.240990170890218,-0.0009081549484926018,-0.11534043862017324,13.6696,-0.16915825854290226,0.3071025939512174,-0.016834613002331408,0.30788171368390377,-0.015764051294392345,1.4384832780357977,-0.001891447692649206,-0.061516721964202326,0,0,FOLLOWING,1.439176375296935,0.36010636662101464,0
29.12,12.25074886270054,-0.0020406088767514455,-0.1158353536660152,13.6808,-0.17096378909762025,0.3064697363068954,-0.016486574661039498,0.30700741358061306,-0.015466095801641804,1.4399935055782058,-0.0017436705066893043,-0.060006494421794176,0,0,FOLLOWING,1.4406037593921242,0.3594263621304113,0
29.152,12.260487123185085,-0.0031755475262924522,-0.11632023786779475,13.692,-0.17276679869178768,0.30605677106475365,-0.016125446581491412,0.30638203468177005,-0.015152631883159441,1.4415236067989985,-0.001600080834896725,-0.05847639320100151,0,0,FOLLOWING,1.4420608256196707,0.35882735745627103,0
29.184,12.270211947109557,-0.004313667688877756,-0.11679471357814532,13.7032,-0.17456726073897857,0.3058371269495603,-0.01575491530766726,0.30597636971255276,-0.014827366478328696,1.443066542358049,-0.0014611349450477235,-0.0569334576419509,0,0,FOLLOWING,1.4435394209762487,0.35829970914118714,0
29.216,12.279929481525013,-0.005455574030823257,-0.11725850933108345,13.7144,-0.17636514869033254,0.30578666391180503,-0.015378249924297767,0.3057637689725241,-0.01449361775831326,1.4446161258563437,-0.0013271834145433259,-0.05538387414365631,0,0,FOLLOWING,1.4450323620911625,0.35783488029935584,0
29.248,12.289645103795564,-0.006601787274031251,-0.1177114478372641,13.725600000000002,-0.17816043603494583,0.30588354813418955,-0.014998321956404444,0.30572003416788723,-0.014154328745317643,1.446166945376006,-0.0011984826766739398,-0.053833054623994014,0,0,FOLLOWING,1.4465333466883208,0.3574253220474153,0
29.28,12.299363495541561,-0.00775275202816892,-0.11815343454874219,13.7368,-0.17995309630026146,0.3061081127516598,-0.014617628599337844,0.30582329042020895,-0.013812085109773142,1.4477142891182377,-0.0010752060641334993,-0.05228571088176226,0,0,FOLLOWING,1.4480368695034138,0.3570643658095963,0
29.312,12.309088712052837,-0.008908844214301768,-0.11858444688909599,13.748000000000001,-0.18174310305246094,0.3064427104663389,-0.014238318160759909,0.306053844228874,-0.013469135962999517,1.4492540755885084,-0.00095745424364993,-0.050745924411491616,0,0,FOLLOWING,1.4495381432415322,0.35674612592765303,0
29.344,12.318824246924164,-0.010070378040470626,-0.119004524212753,13.7592,-0.18353042989685334,0.3068715629225441,-0.01386221678483087,0.30639403359266093,-0.013127416644871747,1.4507827885796,-0.000845264970020229,-0.04921721142039992,0,0,FOLLOWING,1.4510330249087449,0.3564654119188386,0
29.376,12.328573091820193,-0.011237612506262892,-0.11941375853077782,13.7704,-0.18531505047826388,0.3073806106009907,-0.013490855697328108,0.3068280751637014,-0.01278857267583763,1.452297417047293,-0.0007386221161986423,-0.04770258295270691,0,0,FOLLOWING,1.452517947655905,0.35621764968086794,0
29.408,12.338337791396526,-0.012410757426834904,-0.11981228601853675,13.781600000000003,-0.1870969384814239,0.30795736607085256,-0.013125498359042533,0.307341912190054,-0.012453984190623579,1.4537953998532331,-0.0006374639592343911,-0.04620460014676686,0,0,FOLLOWING,1.4539898581242565,0.3559988109293086,0
29.44,12.348120493493507,-0.01358997897751962,-0.1202002793030753,13.7928,-0.1888760676313581,0.3085907726800395,-0.01276716704445629,0.30792306607430525,-0.012124790304330607,1.4552745752590488,-0.0005416907203469185,-0.0447254247409512,0,0,FOLLOWING,1.4554461591715142,0.35580535016137077,0
29.472,12.357922994784733,-0.014775404768485632,-0.12057794051410732,13.803999999999998,-0.1906524116937716,0.3092710701458865,-0.01241666847465734,0.3085604936119524,-0.011801912975329787,1.456733134989847,-0.00045117137199751634,-0.04326686501015309,0,0,FOLLOWING,1.456884657777009,0.35563414846373265,0
29.504,12.367746782108101,-0.015967128465245582,-0.12094549507186005,13.8152,-0.1924259444754379,0.30998966801019223,-0.012074618229031763,0.3092444513523321,-0.011486080032058091,1.4581695826389103,-0.0003657497359127737,-0.04183041736108972,0,0,FOLLOWING,1.4583035178688524,0.35548246351561763,0
29.536,12.377593069736948,-0.01716521397546384,-0.12130318617701726,13.826400000000001,-0.19419663982458377,0.310739027526069,-0.011741463740999653,0.30996636802449495,-0.011177847113598633,1.459582696155454,-0.000285249904283566,-0.04041730384454589,0,0,FOLLOWING,1.4597012177801938,0.35534788517817645,0
29.568,12.387462832866088,-0.018369699225756268,-0.12165126996234164,13.8376,-0.1959644716312762,0.31151255223311547,-0.011417505750465197,0.3107187255738665,-0.010877618347195174,1.4609714941397507,-0.00020948102223310172,-0.03902850586024931,0,0,FOLLOWING,1.461076512020875,0.35522829610426665,0
29.6,12.397356837594835,-0.01958059955425585,-0.12199001126186942,13.848799999999999,-0.19772941382780668,0.3123044872377981,-0.011102918141152805,0.31149494904478964,-0.010585665647393144,1.4623352056624284,-0.00013824147346069848,-0.03766479433757164,0,0,FOLLOWING,1.4624283970420062,0.3551218368470251,0
29.632,12.407275667688825,-0.020797910745857903,-0.12231967995140025,13.86,-0.19949144038907515,0.3131098270352431,-0.010797766136084224,0.31228930530529514,-0.0103021465690342,1.4636732433249224,-7.132251324068473e-05,-0.036326756675077565,0,0,FOLLOWING,1.4637560806712226,0.35502687498966223,0
29.664,12.41721974839656,-0.02202161173743868,-0.12264054781321639,13.871200000000002,-0.20125052533297488,0.31392423157618726,-0.010502022860443699,0.3130968104315343,-0.010027120689432687,1.4649851792838875,-8.511393833288139e-06,-0.035014820716112505,0,0,FOLLOWING,1.4650589549031838,0.354941977861699,0
29.696,12.42718936758643,-0.023251667020125155,-0.12295288587816523,13.882399999999999,-0.203006642720775,0.3147439501895281,-0.010215584309182013,0.313913145437787,-0.009760564525988709,1.4662707239724329,5.040597275497716e-05,-0.033729276027567145,0,0,FOLLOWING,1.4663365717417045,0.35486588844764366,0
29.728,12.437184694457022,-0.02448802876502514,-0.12325696219926512,13.893600000000001,-0.2047597666575024,0.3155657529089779,-0.009938282778158917,0.3147345799470043,-0.009502385021286901,1.4675297072640892,0.00010564277066602012,-0.032470292735910844,0,0,FOLLOWING,1.46758862180491,0.3547975041325653,0
29.76,12.447205796058604,-0.02573063869780844,-0.12355304001266569,13.9048,-0.20650987129232468,0.3163868687152479,-0.009669898833325401,0.3155579033360908,-0.009252431647952811,1.4687620618401789,0.00015740941230747707,-0.03123793815982112,0,0,FOLLOWING,1.4688149154220767,0.3547358579646928,0
29.792,12.457252651847698,-0.02697942974627575,-0.12384137624386878,13.916,-0.20825693081893085,0.31720493018755935,-0.009410171903453859,0.3163803628551227,-0.009010507198014498,1.4699678085374934,0.0002059120062546521,-0.030032191462506574,0,0,FOLLOWING,1.4700153659692352,0.35468010214833456,0
29.824,12.467325166480114,-0.028234327483628134,-0.12412222031959652,13.927200000000001,-0.21000091947591124,0.3180179240555717,-0.009158809588935569,0.31719960820332543,-0.008776377334412413,1.471147043469553,0.0002513511228500742,-0.02885295653044695,0,0,FOLLOWING,1.4711899752096926,0.35462949351058215,0
29.856,12.477423181031325,-0.029495251388630295,-0.12439581324831156,13.9384,-0.2117418115471387,0.3188241471513323,-0.008915495782979616,0.3180136420435976,-0.008549778986352612,1.4722999267314512,0.0002939208219292916,-0.02770007326854884,0,0,FOLLOWING,1.4723388204245242,0.3545833807129495,0
29.888,12.48754648281684,-0.03076211594229462,-0.1246623869351393,13.949600000000002,-0.2134795813621462,0.3196221672775971,-0.008679897702764252,0.3188207759472399,-0.008330427674384758,1.473426672514485,0.00033380790972641067,-0.026573327485515108,0,0,FOLLOWING,1.473462043136724,0.3545411930041261,0
29.92,12.497694813969623,-0.03203483157913872,-0.12492216369978063,13.9608,-0.21521420329650692,0.32041078853138066,-0.008451671927234826,0.31961959127841316,-0.008118023853845814,1.4745275404724576,0.0003711913947206519,-0.0254724595275424,0,0,FOLLOWING,1.4745598392505084,0.3545024303326195,0
29.952,12.507867878916722,-0.033313305509527734,-0.12517535596873017,13.972000000000001,-0.21694565177221126,0.32118902064796556,-0.008230469535801435,0.32040890455148285,-0.007912258361916526,1.4756028281965854,0.00040624211481202205,-0.024397171803414608,0,0,FOLLOWING,1.4756324504442961,0.3544666546585041,0
29.984,12.518065350883294,-0.03459744242811525,-0.12542216611588625,13.9832,-0.21867390125804353,0.32195605195927074,-0.008015940438535077,0.32118773682178375,-0.007712817054851289,1.4766528646698585,0.00043912251084829435,-0.023347135330141544,0,0,FOLLOWING,1.4766801566718202,0.3544334823216812,0
30.016000000000002,12.528286877539191,-0.03588714512197194,-0.12566278642817658,13.9944,-0.22039892626995966,0.3227112255902555,-0.007807736983946336,0.3219552866998032,-0.007519384714715989,1.4776780045849593,0.00046998652396343377,-0.022321995415040652,0,0,FOLLOWING,1.4777032696406194,0.35440257734048647,0
30.048000000000002,12.538532085891143,-0.03718231499064208,-0.1258973991753748,14.005600000000003,-0.22212070137146228,0.32345401854703765,-0.007605516925284661,0.3227109066093428,-0.007331648305371301,1.4786786234218925,0.0004989795966262311,-0.02132137657810751,0,0,FOLLOWING,1.478702127150989,0.35437364552903805,0
30.080000000000002,12.548800586512534,-0.03848285248911076,-0.12612617676556023,14.0168,-0.22383920117397524,0.3241840233798969,-0.00740894582082478,0.32345408194066194,-0.00714929964879278,1.4796551131927087,0.0005262387594772433,-0.020344886807291296,0,0,FOLLOWING,1.479677088190959,0.3543464293347419,0
30.112000000000002,12.55909197719261,-0.03978865750349387,-0.1263492819698883,14.027999999999999,-0.2255544003372192,0.324900932132875,-0.007217698937879726,0.3241844127799448,-0.006972037591048965,1.4806078787709047,0.0005518927881524027,-0.019392121229095283,0,0,FOLLOWING,1.4806285286944518,0.35432070330898624,0
30.144000000000002,12.569405846077755,-0.04109962966818615,-0.12656686820233454,14.039200000000001,-0.22726627356958465,0.32560452231885634,-0.00703146272457289,0.32490159792511547,-0.006799569720223353,1.4815373347322438,0.0005760624161959827,-0.018462665267756195,0,0,FOLLOWING,1.4815568378801451,0.354296270134242,0
30.176000000000002,12.579741774369081,-0.042415668632217886,-0.12677907984192296,14.050400000000002,-0.22897479562850429,0.32629464468466246,-0.0068499359077122,0.32560542092566874,-0.006631613694028809,1.4824439026423575,0.0005988605919488577,-0.01755609735764252,0,0,FOLLOWING,1.4824624150981185,0.35427295713997337,0
30.208000000000002,12.590099338633186,-0.04373667428167307,-0.12698605258664442,14.0616,-0.2306799413208264,0.3269712125546002,-0.006672830269621165,0.3262957379103564,-0.0064678982301513656,1.4833280087338216,0.0006203927689055756,-0.016671991266178354,0,0,FOLLOWING,1.4833456671197007,0.35425061324781637,0
30.240000000000002,12.600478112776043,-0.04506254692420919,-0.12718791382980008,14.072799999999999,-0.23238168550318572,0.3276341925630804,-0.0064998711514786655,0.32697246699023585,-0.006308163807009866,1.4841900819223528,0.0006407572205145984,-0.0158099180776472,0,0,FOLLOWING,1.4842070058137584,0.35422910629359433,0
30.272000000000002,12.610877669724097,-0.046393187440985896,-0.12738478305085002,14.084,-0.2340800030823737,0.3282835966072821,-0.006330797725738672,0.32763557904762,-0.006152163117039229,1.4850305521177367,0.0006600453716740229,-0.014969447882263287,0,0,FOLLOWING,1.4850468461593187,0.3542083206800579,0
30.304000000000002,12.621297582851152,-0.047728497410654463,-0.1275767722141339,14.095200000000002,-0.23577486901570982,0.3289194748694786,-0.006165363075468259,0.32828508974134735,-0.005999661312716628,1.4858498487905996,0.0006783421404204237,-0.014150151209400441,0,0,FOLLOWING,1.4858656045506222,0.35418815531980935,0
30.336000000000002,12.631737427184937,-0.04906837920947032,-0.12776398616985682,14.106399999999999,-0.23746625831140927,0.32954190977556963,-0.006003334114095951,0.3289210525780789,-0.005850436077316683,1.4866483997609001,0.0006957262842915424,-0.01335160023909987,0,0,FOLLOWING,1.4866636973560536,0.35416852183276476,0
30.368000000000002,12.642196780422966,-0.05041273609106782,-0.12794652305275178,14.117600000000001,-0.23915414602895294,0.3301510107716952,-0.005844491374998897,0.3295435529159835,-0.005704277552327439,1.4874266301783168,0.0007122707468203981,-0.012573369821683222,0,0,FOLLOWING,1.4874415396971845,0.35414934296688394,0
30.400000000000002,12.652675223783524,-0.05176147224897452,-0.12812447467466603,14.1288,-0.2408385072794544,0.33074690981461,-0.005688628696654874,0.33015270278286146,-0.0055609881475563875,1.4881849616684277,0.0007280430004270311,-0.01181503833157227,0,0,FOLLOWING,1.4881995444184708,0.3541305512146075,0
30.432000000000002,12.663172342714393,-0.05311449286452845,-0.12829792690804886,14.14,-0.2425193172260266,0.3313297574839038,-0.0055355528257155446,0.330748636404422,-0.005420382256812831,1.4889238116220405,0.0007431053826822409,-0.01107618837795954,0,0,FOLLOWING,1.4889381212218225,0.3541120876009279,0
30.464000000000002,12.673687727478917,-0.054471704142501125,-0.12846696005797742,14.151200000000001,-0.244196551084149,0.33189971963522774,-0.0053850829572882715,0.3313315063510055,-0.00528228589971418,1.489643592607792,0.0007575154235421044,-0.010356407392208,0,0,FOLLOWING,1.4896576759435967,0.3540939006218614,0
30.496000000000002,12.684220973636517,-0.055833013336411386,-0.12863164922091921,14.1624,-0.24587018412203265,0.33245697452357875,-0.005237050228964553,0.33190148022206406,-0.005146536307201151,1.4903447118908757,0.0007713261617127432,-0.009655288109124305,0,0,FOLLOWING,1.4903586099544617,0.3540759453147476,0
30.528000000000002,12.694771682432489,-0.05719832876523405,-0.12879206462888365,14.173600000000002,-0.2475401916609841,0.33300171033448933,-0.00509129718267075,0.33245873779757024,-0.005012981464961715,1.4910275710429326,0.0007845864487325273,-0.008972428957067402,0,0,FOLLOWING,1.491041319665151,0.3540581824440736,0
30.560000000000002,12.705339461109952,-0.05856755982296573,-0.12894827197806033,14.184800000000001,-0.2492065490757707,0.3335341230687429,-0.004947677206219581,0.33300346859467733,-0.004881479628623341,1.491692565630118,0.0007973412397941081,-0.008307434369881905,0,0,FOLLOWING,1.4917061961232996,0.35404057778849063,0
30.592000000000002,12.715923923155117,-0.05994061698229541,-0.12910033274133378,14.196000000000002,-0.2508692317949829,0.33405441473314845,-0.004806053964499155,0.33353586977512845,-0.004751898819899682,1.4923400849681807,0.0008096318706226348,-0.007659915031819287,0,0,FOLLOWING,1.4923536246885738,0.3540231015165264,0
30.624000000000002,12.726524688485501,-0.061317411793444666,-0.12924830446440003,14.2072,-0.25252821530139613,0.33456279179596704,-0.004666300828526815,0.3340561443563468,-0.004624116314152195,1.4929705119347523,0.0008214963200393055,-0.007029488065247724,0,0,FOLLOWING,1.4929839847749717,0.354005727639944,0
30.656000000000002,12.737141383589474,-0.06269785687907944,-0.1293922410454185,14.2184,-0.25418347513233347,0.3350594638709481,-0.004528300309100391,0.3345644996851059,-0.0044980181258616235,1.4935842228305234,0.0008329694580580527,-0.006415777169476611,0,0,FOLLOWING,1.4935976496506629,0.3539884335351576,0
30.688000000000002,12.747773641624299,-0.06408186592605915,-0.1295321929983312,14.229600000000003,-0.2558349868800257,0.33554464259863076,-0.004391943500462187,0.3350611461375699,-0.004373498498238805,1.49418158728201,0.0008440832795510166,-0.005818412717990107,0,0,FOLLOWING,1.4941949862870665,0.35397119952421735,0
30.72,12.75842110247891,-0.06546935367466832,-0.12966820770014004,14.2408,-0.2574827261919708,0.33601854069768927,-0.004257129538283759,0.33554629601503855,-0.004250459401896449,1.4947629681796755,0.0008548671236799088,-0.005237031820324534,0,0,FOLLOWING,1.4947763552499493,0.35395400850797726,0
30.752,12.769083412806797,-0.06686023590587112,-0.12980032962257138,14.251999999999999,-0.25912666877129403,0.3364813711627113,-0.004123765075279451,0.3360201626079135,-0.00412881004698854,1.4953287216460225,0.0008653478794254098,-0.004671278353977515,0,0,FOLLOWING,1.4953421106263247,0.3539368456449752,0
30.784,12.779760226033586,-0.06825442942704538,-0.1299286005486116,14.263199999999998,-0.26076679037710543,0.3369333465879501,-0.003991763776954155,0.33648295940469874,-0.0040084664103818245,1.4958791970289862,0.0008755501776051833,-0.004120802971013804,0,0,FOLLOWING,1.4958925999818031,0.353919698070309,0
30.816,12.790451202343299,-0.06965185205657201,-0.13005305977452195,14.2744,-0.2624030668248576,0.3373746785993505,-0.0038610458392647953,0.3369348994256485,-0.0038893507819233106,1.496414736916681,0.0008854965698972261,-0.003585263083319079,0,0,FOLLOWING,1.4964281643437742,0.35390255464955694,0
30.848,12.801156008646698,-0.0710524226075944,-0.13017374429794568,14.2856,-0.2640354739867023,0.33780557737953304,-0.003731537529389842,0.3373761946635282,-0.003771391329798455,1.4969356771700362,0.0008952076953901433,-0.003064322829963828,0,0,FOLLOWING,1.496949138206407,0.3538854057633579,0
30.88,12.811874318534656,-0.07245606087120726,-0.1302906889927933,14.2968,-0.2656639877918458,0.33822625127252237,-0.0036031707502982694,0.337807055616211,-0.003654521687362119,1.4974423469704217,0.0009047024352629719,-0.002557653029578333,0,0,FOLLOWING,1.4974558495540737,0.35386824311886583,0
30.912,12.82260581221905,-0.07386268759928588,-0.13040392677157178,14.307999999999998,-0.2672885842269046,0.338636906456807,-0.0034758826294102444,0.3382276908981633,-0.0035386805607502355,1.497935068879696,0.0009139980561710115,-0.0020649311203040366,0,0,FOLLOWING,1.497948619900224,0.35385105958470947,0
30.944,12.833350176463357,-0.07527222448712953,-0.13051348873587215,14.319199999999999,-0.2689092393362591,0.33903774667688963,-0.0033496151312927148,0.3386383069193926,-0.0034238113588513095,1.49841415891053,0.0009231103429762079,-0.0015858410894700192,0,0,FOLLOWING,1.4984277643391681,0.3538338490465274,0
30.976,12.844107117223878,-0.07668459411529267,-0.13061936500645024,14.330400000000001,-0.2705259292224063,0.33942897044252995,-0.0032243344715886402,0.3390395018608975,-0.0033086334303657327,1.4988799139981384,0.0009320132877988496,-0.001120086001861642,0,0,FOLLOWING,1.498893579001706,0.3538166062805222,0
31.008,12.854876324299,-0.07809971962089259,-0.13072137946204315,14.341599999999998,-0.27213863004631333,0.3398107760566426,-0.003100106743421094,0.3394307760567155,-0.00318795171268933,1.4993326470963582,0.0009405166490988881,-0.000667352903641838,0,0,FOLLOWING,1.4993463761367058,0.3537993268427773,0
31.04,12.865657501025764,-0.07951752256546146,-0.13081953876780147,14.3528,-0.27374731802776836,0.34018335941771116,-0.0029769890161676455,0.33981254297070645,-0.00306747828057696,1.499772658005428,0.0009486109994486235,-0.00022734199457197235,0,0,FOLLOWING,1.4997864549268465,0.3537820069724076,0
31.072,12.8764503597242,-0.08093792516478908,-0.130913863237494,14.363999999999999,-0.2753519694457306,0.3405469132656606,-0.002855024355998973,0.340185083093767,-0.0029476396537197885,1.5002002376010772,0.000956300445441982,0.00020023760107723554,0,0,FOLLOWING,1.5002141057066614,0.3537646435067485,0
31.104,12.8872546189867,-0.08236085048958837,-0.13100437742086926,14.3752,-0.27695256063868157,0.3409016270840051,-0.002734242335074121,0.3405485937909123,-0.002828568206555946,1.5006156704958002,0.0009635935711067578,0.0006156704958002468,0,0,FOLLOWING,1.5006296126142282,0.35374723380716694,0
31.136,12.898070003431519,-0.08378622249871237,-0.1310911091172644,14.3864,-0.27854906800497237,0.3412476870548535,-0.002614659939993263,0.34090326501947593,-0.0027103654887230665,1.5010192352782261,0.000970502484568786,0.001019235278226116,0,0,FOLLOWING,1.501033253822216,0.35372977569409497,0
31.168,12.90889624357893,-0.08521396606469793,-0.13117408853208357,14.397599999999999,-0.2801414680031732,0.3415852760334353,-0.002496282731006142,0.3412492830280148,-0.0025931066898162262,1.5014112046318875,0.0009770419922382478,0.001411204631887486,0,0,FOLLOWING,1.5014253016493477,0.3537122673901803,0
31.2,12.919733075739689,-0.08664400699025619,-0.1312533475564113,14.408800000000001,-0.2817297371524196,0.3419145735365304,-0.0023791061393886935,0.34158683069453444,-0.0024768444873336836,1.5017918454429597,0.0009832288893940888,0.0017918454429597386,0,0,FOLLOWING,1.5018060226617511,0.3536947074705318,0
31.232,12.930580241905403,-0.08807627201654862,-0.13132891915718534,14.42,-0.2833138520327584,0.3422357557423848,-0.0022631168189730906,0.3419160875508257,-0.0023616125016927354,1.5021614189071535,0.0009890813560410883,0.0021614189071534895,0,0,FOLLOWING,1.5021756777742727,0.35367709481915593,0
31.264,12.941437489639917,-0.08951068882469139,-0.13140083686604814,14.4312,-0.2848937892854942,0.3425489955002958,-0.0021482939905352635,0.3422372297862383,-0.0022474283798978793,1.502520180636538,0.000994618447195339,0.0025201806365380275,0,0,FOLLOWING,1.5025345223524,0.35365942859084243,0
31.296,12.952304571971752,-0.09094718603179454,-0.13146913435570345,14.4424,-0.28646952561353295,0.34285446234831235,-0.002034610735661049,0.3425504302579318,-0.0021342965301236467,1.5028683807659948,0.0009998596672766424,0.002868380765994827,0,0,FOLLOWING,1.5028828063144442,0.3536417081777854,0
31.328,12.963181247287729,-0.09238569318263996,-0.13153384509340582,14.4536,-0.2880410377817253,0.34315232253773437,-0.001922035210675688,0.3428558585090791,-0.0020222105320683395,1.5032062640591242,0.001004824618954625,0.0032062640591241642,0,0,FOLLOWING,1.5032207742336905,0.3536239331803833,0
31.36,12.974067279227853,-0.09382614073792415,-0.13159500206199845,14.464800000000002,-0.28960830261721004,0.34344273906327355,-0.0018105317620380232,0.3431536807936959,-0.0019111552478767264,1.503534070013334,0.0010095327174569346,0.0035340700133339453,0,0,FOLLOWING,1.5035486654402217,0.35360610338166265,0
31.392,12.984962436581547,-0.09526846005983852,-0.13165263753971285,14.475999999999999,-0.2911712970097554,0.3437258716979031,-0.0017000619328388922,0.34344406010713174,-0.0018011086584262931,1.503852032963968,0.001014002962053756,0.0038520329639679662,0,0,FOLLOWING,1.503866714122178,0.35358821872489055,0
31.424,12.995866493185293,-0.0967125833956294,-0.13170678293073754,14.487199999999998,-0.29272999791209925,0.34400187703157215,-0.0015905853562588766,0.34372715622124983,-0.0016920434498735755,1.5041603821873408,0.0010182537571372106,0.0041603821873408275,0,0,FOLLOWING,1.5041751494262647,0.3535702792939961,0
31.456,13.006779227821752,-0.09815844385967404,-0.13175746863931478,14.4984,-0.2942843823402902,0.3442709085130659,-0.0014820605364103618,0.34400312572335356,-0.0015839283738975079,1.5044593420024797,0.0010223027759873324,0.00445934200247966,0,0,FOLLOWING,1.5044741955573238,0.35355228529640514,0
31.488,13.017700424120386,-0.09960597541451217,-0.13180472398087634,14.5096,-0.29583442737402493,0.34453311649440066,-0.0013744455202612865,0.3442721220582969,-0.0014767294051576437,1.5047491318715553,0.0010261668610241637,0.0047491318715553454,0,0,FOLLOWING,1.5047640718768334,0.3535342370480156,0
31.52,13.028629870459618,-0.10105511285119936,-0.13184857712439518,14.5208,-0.29738011015698773,0.34478864827724154,-0.0012676984666073724,0.3445342955730703,-0.001370410716825889,1.505029966498899,0.0010298619549468924,0.0050299664988990855,0,0,FOLLOWING,1.5050449930002403,0.3535161349600517,0
31.552,13.039567359870565,-0.1025057917692816,-0.13188905506081897,14.531999999999998,-0.29892140789718674,0.34503764816089216,-0.0011617781195067463,0.3447897935633741,-0.0012649354955985002,1.505302055928515,0.0010334030578133258,0.00530205592851507,0,0,FOLLOWING,1.505317168893002,0.3534979795275522,0
31.584,13.050512689942344,-0.10395794855663489,-0.13192618359300856,14.543199999999999,-0.3004582978672895,0.3452802574914799,-0.0010566441944680112,0.34503876032177566,-0.001160266613772374,1.5055656056400748,0.001036804205635733,0.0055656056400748,0,0,FOLLOWING,1.5055808049652974,0.35347977131927966,0
31.616,13.061465662728988,-0.10541152036936838,-0.1319599873432094,14.554400000000001,-0.3019907574049594,0.3455166147120089,-0.0009522576860552493,0.3452813371870087,-0.0010563671771067315,1.505820816643313,0.0010400784666367568,0.005820816643312909,0,0,FOLLOWING,1.5058361021652986,0.3534615109688906,0
31.648,13.072426084657936,-0.10686644511195013,-0.13199048977457004,14.565599999999998,-0.303518763913189,0.3457468554130091,-0.0008485811056143038,0.3455176625940947,-0.0009532009638239153,1.5060678855708491,0.0010432379517829604,0.006067885570849141,0,0,FOLLOWING,1.5060832570710099,0.35344319916719114,0
31.68,13.083393766440148,-0.10832266141768053,-0.13201771322369732,14.5768,-0.3050422948606328,0.3459711123835472,-0.0007455786576243561,0.3457478721251469,-0.0008507327694988462,1.5063070047693976,0.0010462938366565255,0.006307004769397606,0,0,FOLLOWING,1.5063224619805933,0.3534248366553739,0
31.712,13.09436852298181,-0.10978010862961284,-0.1320416789416486,14.588,-0.3065613277819407,0.3461895156623953,-0.0006432163627767552,0.3459720985604098,-0.0007489286707030302,1.5065383623892934,0.0010492563921163656,0.006538362389293395,0,0,FOLLOWING,1.5065539050011805,0.3534064242190605,0
31.744,13.105350173297623,-0.11123872678199354,-0.13206240714117498,14.5992,-0.3080758402780885,0.34640219258919513,-0.0005414621353770047,0.3461904719295094,-0.0006477562203678048,1.5067621424724593,0.0010521350216180503,0.00676214247245932,0,0,FOLLOWING,1.5067777701361402,0.35338796268310946,0
31.776,13.116338540425687,-0.11269845658227794,-0.13207991704831026,14.6104,-0.3095858100167079,0.3466092678554712,-0.00044028582208493426,0.3464031195627116,-0.0005471845835790996,1.5069785250386754,0.0010549383033020554,0.006978525038675354,0,0,FOLLOWING,1.5069942373707985,0.3533694529070482,0
31.808,13.12733345134396,-0.11415923939375863,-0.1320942269567675,14.621599999999999,-0.3110912147324166,0.34681086355537105,-0.0003396592083786645,0.34661016614191476,-0.00044718462531330867,1.5071876861702451,0.0010576740353392122,0.007187686170245122,0,0,FOLLOWING,1.5072034827565832,0.35335089578107126,0
31.84,13.138334736888273,-0.11562101721883036,-0.1321053542838234,14.632800000000001,-0.31259203222714627,0.3470070992360371,-0.00023955599849815695,0.3468117337515379,-0.0003477289569313364,1.5073897980950421,0.0010603492832217398,0.007389798095042144,0,0,FOLLOWING,1.507405678493635,0.35333229222253876,0
31.872,13.14934223167189,-0.11708373268290362,-0.13211331562661766,14.644,-0.31408824037046934,0.34719809194752077,-0.00013995177399254524,0.3470079419288093,-0.00024879194915334603,1.507585029267931,0.0010629704279281893,0.007585029267930921,0,0,FOLLOWING,1.5076009930118492,0.35331364317288605,0
31.904,13.1603557740066,-0.11854732901897003,-0.1321181268180131,14.6552,-0.3155798170999265,0.34738395629217084,-4.082393539701141e-05,0.34719890771383566,-0.00015034971832705762,1.5077735444506184,0.0010655432141067622,0.007773544450618397,0,0,FOLLOWING,1.507789591050369,0.3532949495949353,0
31.936,13.17137520582534,-0.12001175005281332,-0.1321198029813266,14.6664,-0.3170667404213506,0.3475648044734355,5.784836901984787e-05,0.34738474569895494,-5.238009114346349e-05,1.5079555047898883,0.0010680727975762028,0.007955504789888268,0,0,FOLLOWING,1.507971633735549,0.35327621247051216,0
31.968,13.182400372606281,-0.12147694018885596,-0.1321183585833783,14.6776,-0.3185489884091921,0.34774074634403507,0.00015608432402262432,0.3475655680775786,4.513744792727967e-05,1.5081310678943238,0.001070563791584489,0.008131067894323829,0,0,FOLLOWING,1.508147278657396,0.35325743279837185,0
32.0,13.193431123298433,-0.12294284439662298,-0.13211380748547144,14.688800000000002,-0.32002653920684226,0.34791188945346035,0.0002539015347659854,0.34774148469238386,0.00014222182127712605,1.5083003879094377,0.001073020311416012,0.008300387909437656,0,0,FOLLOWING,1.5083166799444903,0.3532386115923612,0
32.032000000000004,13.204467310248667,-0.12440940819780451,-0.13210616299200717,14.7,-0.3214993710269544,0.3480783390947695,0.0003513161182837621,0.34791260308286204,0.0002388904321080111,1.5084636155913242,0.0010754460170427083,0.008463615591324247,0,0,FOLLOWING,1.5084799883374342,0.35321974987980215,0
32.064,13.215508789130212,-0.12587657765389293,-0.13209543789651415,14.711200000000002,-0.32296746215176664,0.3482401983506613,0.0004483427970299264,0.3480790285321031,0.00033515924517724474,1.5086208983788116,0.0010778441535743146,0.008620898378811637,0,0,FOLLOWING,1.5086373512608147,0.35320084870009566,0
32.096000000000004,13.22655541887255,-0.12734429935437008,-0.13208164452499108,14.7224,-0.3244307909334208,0.3483975681387979,0.000544994992782735,0.3482408641129009,0.00043104287080123014,1.5087723804640965,0.0010802175893860622,0.008772380464096452,0,0,FOLLOWING,1.5087889128937209,0.3531819091034463,0
32.128,13.237607061592708,-0.12881252040541685,-0.13206479477647756,14.733600000000001,-0.3258893357942828,0.3485505472563755,0.00064128491950852,0.3483982107330706,0.0005265546514464505,1.508918202862005,0.0010825688518259768,0.008918202862004954,0,0,FOLLOWING,1.5089348142388377,0.35316293214978534,0
32.160000000000004,13.248663582527946,-0.1302811884191198,-0.13204490016087586,14.7448,-0.32734307522725953,0.3486992324239175,0.0007372236741015492,0.3485511671800893,0.0006217067476594959,1.509058503477746,0.0010849001604929522,0.00905850347774595,0,0,FOLLOWING,1.5090751931901092,0.3531439189077801,0
32.192,13.259724849969768,-0.13175025150314518,-0.1320219718340234,14.756,-0.32879198779611796,0.3488437183283003,0.0008328213241271717,0.34869983016481965,0.000716510223965044,1.5091934171733403,0.0010872134580751924,0.009193417173340324,0,0,FOLLOWING,1.5092101845990442,0.35312487045399055,0
32.224000000000004,13.270790735199295,-0.13321965825085583,-0.13199602063011182,14.767199999999999,-0.3302360521357981,0.3489840976649957,0.0009280869919236305,0.34884429436461517,0.000810975131792103,1.5093230758326097,0.0010895104388188581,0.009323075832609717,0,0,FOLLOWING,1.5093399203396385,0.35310578787209745,0
32.256,13.281861112423943,-0.1346893577318407,-0.1319670570915207,14.7784,-0.3316752469527319,0.3491204611795368,0.001023028934589634,0.348984652465516,0.0009051105902679133,1.5094476084248587,0.001091792574674566,0.0094476084248587,0,0,FOLLOWING,1.5094645293719549,0.35308667225224516,0
32.288000000000004,13.292935858715381,-0.13615929948283467,-0.1319350914962009,14.789599999999998,-0.3331095510251538,0.3492528977082067,0.001117654619549787,0.3491209952037681,0.0009989248627961342,1.509567141067201,0.0010940611392433186,0.009567141067200913,0,0,FOLLOWING,1.5095841378044108,0.35306752469042885,0
32.32,13.304014853948763,-0.13762943349900095,-0.13190013388270647,14.8008,-0.33453894320341604,0.3493814942179536,0.001211970795494387,0.3492534114064984,0.0010924254305167828,1.5096817970856171,0.0010963172295980206,0.009681797085617116,0,0,FOLLOWING,1.5096988689547464,0.35304834628797827,0
32.352000000000004,13.315097980743216,-0.13909971022555337,-0.13186219407303018,14.812,-0.3359634024102988,0.34950633584553376,0.0013059835586195748,0.3493819880316237,0.0011856190609771816,1.509791697074681,0.0010985617861167807,0.009791697074680972,0,0,FOLLOWING,1.5098088434097257,0.35302913815106923,0
32.384,13.326185124403533,-0.14057008054969616,-0.13182128169336843,14.823200000000002,-0.33738290764132267,0.3496275059358982,0.0013996984141650712,0.34950681020699254,0.001278511872812565,1.5098969589561098,0.0011007956104458485,0.009896958956109758,0,0,FOLLOWING,1.5099141790836128,0.3530099013903228,0
32.416000000000004,13.337276172863087,-0.14204049579285857,-0.13177740619295678,14.8344,-0.3387974379650564,0.3497450860798209,0.0014931203333189795,0.34962796126882195,0.0013711093960503482,1.5099976980360048,0.001103019381706427,0.00999769803600481,0,0,FOLLOWING,1.5100149912754088,0.3529906371204069,0
32.448,13.348371016627913,-0.14351090770320574,-0.13173057686112646,14.845600000000003,-0.3402069725234282,0.349859156150782,0.001586253805616759,0.34974552279928406,0.001463416627695682,1.510094027060958,0.0011052336710912214,0.010094027060957966,0,0,FOLLOWING,1.510111392724885,0.35297134645971734,0
32.480000000000004,13.359469548721957,-0.14498126844840611,-0.13168080284270062,14.856800000000002,-0.3416114905320298,0.3499697943411137,0.0016791028869977964,0.34985957466338274,0.0015554380836341794,1.5101860562729237,0.0011074389549509123,0.010186056272923683,0,0,FOLLOWING,1.5102034936674613,0.35295203053005353,0
32.512,13.370571664633465,-0.14645153060863836,-0.13162809315187524,14.868000000000002,-0.34301097128042674,0.3500770771974174,0.0017716712437163553,0.3499701950451501,0.0016471778459559616,1.5102738934629723,0.0011096356265032081,0.01027389346297225,0,0,FOLLOWING,1.5102914018878957,0.35293269045636205,0
32.544000000000004,13.38167726226247,-0.14792164716982195,-0.1315724566847178,14.8792,-0.3444053941324605,0.35018107965526796,0.0018639621923267748,0.3500774604830171,0.0017386396061869248,1.5103576440238882,0.0011118240062895082,0.010357644023888168,0,0,FOLLOWING,1.5103752227728953,0.3529133273664728,0
32.576,13.3927862418694,-0.14939157151705523,-0.1315139022303886,14.890400000000001,-0.3457947385265552,0.35028187507320824,0.0019559787359756265,0.3501814459045395,0.0018298267051671015,1.510437411001669,0.001114004351468606,0.01043741100166895,0,0,FOLLOWING,1.5104550593625623,0.35289394239088884,0
32.608000000000004,13.403898506024746,-0.15086125742824996,-0.13145243848121435,14.9016,-0.3471789839760187,0.35037953526605164,0.002047723597237471,0.3502822246604143,0.0019207421689522912,1.510513295145923,0.001116176864071644,0.01051329514592303,0,0,FOLLOWING,1.5105310124008076,0.35287453666256335,0
32.64,13.415013959559781,-0.1523306590679468,-0.13138807404171518,14.9128,-0.3485581100693472,0.3504741305374979,0.0021391992477397537,0.35037986855771214,0.002011388741498183,1.5105853949592185,0.0011183416983075734,0.010585394959218508,0,0,FOLLOWING,1.510603180384651,0.35285511131672365,0
32.672000000000004,13.42613250951832,-0.15379973098130176,-0.131320817436683,14.924,-0.3499320964705231,0.3505657297120787,0.0022304079348142774,0.35047444789254645,0.0021017689143045318,1.5106538067453714,0.001120498967011524,0.01065380674537142,0,0,FOLLOWING,1.5106716596125207,0.35283566749068646,0
32.704,13.437254065109482,-0.155268428088234,-0.13125067711841737,14.935200000000002,-0.3513009229193183,0.3506544001664456,0.00232135170541703,0.35056603148202814,0.002191884952768558,1.510718624656734,0.0011226487473321443,0.0107186246567339,0,0,FOLLOWING,1.510736544231514,0.3528162063237131,0
32.736000000000004,13.448378537661462,-0.15673670567772363,-0.13117766147318569,14.9464,-0.3526645692315894,0.35074020786000154,0.0024120324275326904,0.3506546866955286,0.0022817389203876903,1.510779940740436,0.0011247910857195564,0.01077994074043609,0,0,FOLLOWING,1.510797926283644,0.35279672895683806,0
32.768,13.459505840576256,-0.158204519402252,-0.13110177882700175,14.957600000000001,-0.35402301529957875,0.3508232173649035,0.002502451809292378,0.35074047948530207,0.0023713327000901997,1.5108378449837128,0.0011269260023025751,0.010837844983712763,0,0,FOLLOWING,1.5108558957511338,0.3527772365327545,0
32.8,13.470635889285349,-0.15967182527237644,-0.1310230374507943,14.9688,-0.3553762410922083,0.350903491895437,0.0025926114160083184,0.3508234744165001,0.002460668013280265,1.5108924253582061,0.0011290534947192565,0.010892425358206115,0,0,FOLLOWING,1.5109105406007404,0.35275773019566875,0
32.832,13.481768601206342,-0.16113857965143227,-0.1309414455650277,14.979999999999999,-0.35672422665537623,0.3509810933367752,0.0026825126853230095,0.35090373469654546,0.0025497464369776653,1.510943767863367,0.0011311735414594737,0.010943767863367038,0,0,FOLLOWING,1.5109619468271303,0.3527382110911797,0
32.864,13.492903895700477,-0.1626047392503557,-0.13085701134382513,14.9912,-0.3580669521122515,0.3510560822731392,0.002772156940647364,0.3509813222038865,0.0026385694193382884,1.5109919565689265,0.0011332861047652631,0.010991956568926486,0,0,FOLLOWING,1.51101019849534,0.3527186803661745,0
32.896,13.504041694031082,-0.16407026112262144,-0.13076974291867052,15.002399999999998,-0.35940439766356547,0.3511285180153654,0.002861545403069599,0.35105629751614886,0.0027271382928370476,1.5110370736564458,0.001135391133159386,0.011037073656445795,0,0,FOLLOWING,1.5110553777823443,0.3526991391687024,0
32.928,13.515181919322869,-0.16553510265929053,-0.13067964838172394,15.013599999999999,-0.36073654358790563,0.3511984586278969,0.002950679201884496,0.35112871993770967,0.0028154542863530253,1.5110791994600221,0.0011374885636368792,0.011079199460022116,0,0,FOLLOWING,1.511097565017731,0.35267958864788795,0
32.96,13.52632449652211,-0.16699922158416283,-0.13058673578879057,15.024799999999997,-0.3620633702420047,0.3512659609552047,0.0030395593838924303,0.35119864752667845,0.0029035185359689354,1.5111184125060875,0.0011395783235516876,0.011118412506087472,0,0,FOLLOWING,1.5111368387235193,0.35266002995381424,0
32.992,13.537469352357645,-0.16846257594902977,-0.1304910131619936,15.035999999999998,-0.3633848580610323,0.3513310806476552,0.003128186921596468,0.3512661371213371,0.002991332094251813,1.5111547895524007,0.0011416603322493557,0.011154789552400679,0,0,FOLLOWING,1.5111732756531235,0.3526404642374442,0
33.024,13.54861641530273,-0.16992512412902447,-0.13039248849218543,15.0472,-0.3647009875588808,0.35139387218683044,0.0032165627204272023,0.35133124436598534,0.003078895938409223,1.5111884056261702,0.0011437345024760404,0.011188405626170184,0,0,FOLLOWING,1.5112069508294996,0.35262089265051466,0
33.056,13.55976561553766,-0.17138682481806425,-0.13029116974111657,15.058400000000002,-0.3660117393284557,0.3514543889103154,0.0033046876250952075,0.351394023736237,0.0031662109778834097,1.5112193340614062,0.001145800741580244,0.011219334061406183,0,0,FOLLOWING,1.5112379375824718,0.35260131634545494,0
33.088,13.57091688491323,-0.17284763702438374,-0.13018706484340223,15.069599999999998,-0.3673170940419586,0.35151268303595984,0.003392562425178072,0.35145452856389037,0.0032532780606421975,1.5112476465354348,0.0011478589525465985,0.011247646535434752,0,0,FOLLOWING,1.511266307585269,0.3525817364752871,0
33.12,13.582070149473836,-0.17430752008934777,-0.13008020910601478,15.080800000000002,-0.3686170324511755,0.3515688071941513,0.003480201604532675,0.3515125804056774,0.0033392418005060843,1.5112734204810443,0.0011499370808670528,0.011273420481044294,0,0,FOLLOWING,1.5112921382665305,0.35256215419356973,0
33.152,13.593225347254753,-0.17576643393489716,-0.12997075267841302,15.092,-0.3699115353877577,0.351622811964194,0.0035676866676512577,0.351568553948548,0.003420513369818666,1.5112967214050912,0.001152177230439505,0.011296721405091192,0,0,FOLLOWING,1.5113154951291685,0.3525425706542826,0
33.184,13.604382418994383,-0.17722434052919245,-0.12985872402423482,15.103200000000001,-0.37120058376350634,0.3516747459045442,0.0036550933392172327,0.3516225412828348,0.003500895450422086,1.511317611910491,0.0011546008886360593,0.011317611910490966,0,0,FOLLOWING,1.5113364407720484,0.35252298701177026,0
33.216,13.6155413028461,-0.17868120240041524,-0.12974413508788799,15.1144,-0.37248415857065265,0.3517246565879624,0.003742484778843055,0.3516744647283773,0.0035809042682874524,1.5113361571318962,0.0011572135658907134,0.011336157131896174,0,0,FOLLOWING,1.5113550403257732,0.352503404420646,0
33.248,13.626701938249719,-0.18013698236938125,-0.12962699400428662,15.1256,-0.37376224088214,0.3517725906561359,0.003829912194232874,0.35172436575151655,0.003660658870112275,1.5113524209306328,0.0011600169993442322,0.011352420930632823,0,0,FOLLOWING,1.5113713576476686,0.35248382403572964,0
33.28,13.637864266087432,-0.1815916435131201,-0.1295073058528681,15.1368,-0.3750348118519001,0.3518185938322712,0.0039174157051547415,0.3517722904068774,0.003740254739535854,1.5113664657444776,0.0011630098688187873,0.011366465744477638,0,0,FOLLOWING,1.51138545517159,0.35246424701195583,0
33.312,13.649028228675757,-0.1830451491325402,-0.12938507329718418,15.148,-0.3763018527151342,0.35186271093076976,0.004005025355481233,0.35181828436467383,0.0038197673729899596,1.511378352599556,0.0011661884150390711,0.011378352599556107,0,0,FOLLOWING,1.5113973939197924,0.35244467450431277,0
33.344,13.66019376974107,-0.18449746272628864,-0.12926029713169646,15.159199999999998,-0.37756334478858716,0.3519049858679042,0.004092762197079165,0.3518623924373224,0.0038992551795386087,1.5113881411376682,0.0011695469705509665,0.011388141137668173,0,0,FOLLOWING,1.511407233530289,0.35242510766775326,0
33.376,13.671360834393147,-0.1859485479706859,-0.12913297674613414,15.1704,-0.3788192694708247,0.3519454616736287,0.00418063938948205,0.35190465854292247,0.003978762057070103,1.511395889644827,0.0011730784123869242,0.011395889644826962,0,0,FOLLOWING,1.511415032285364,0.3524055476571362,0
33.408,13.682529369098251,-0.1873983687047154,-0.1290031105169697,15.1816,-0.3800696082425059,0.3519841805043248,0.004268663275223104,0.3519451257125034,0.004058319669856193,1.511401655079547,0.0011767745452315737,0.011401655079547046,0,0,FOLLOWING,1.511420847139885,0.3523859956271332,0
33.44,13.69369932165211,-0.18884688891910284,-0.1288706961348161,15.1928,-0.3813143426666587,0.3520211836562882,0.004356834403180996,0.35198383610249595,0.004137949451008478,1.5114054931007668,0.0011806264232303298,0.011405493100766773,0,0,FOLLOWING,1.511424733749202,0.3523664527321799,0
33.472,13.704870641152866,-0.1902940727486796,-0.12873573087579582,15.203999999999999,-0.3825534543889491,0.35205651157977913,0.004445148481888792,0.3520208310082784,0.004217664353349808,1.5114074580953065,0.001184624617950436,0.011407458095306522,0,0,FOLLOWING,1.5114267464966327,0.3523469201263798,0
33.504,13.716043277974174,-0.19173988446736426,-0.1285982118241455,15.2152,-0.3837869251379545,0.35209020389349077,0.004533597252095826,0.35205615087845876,0.0042974703733151,1.5114076032048893,0.0011887594393081846,0.011407603204889316,0,0,FOLLOWING,1.5114269385204537,0.3523273989634551,0
33.536,13.727217183738494,-0.1931842884852143,-0.12845813605265713,15.226399999999998,-0.3850147367254302,0.35212229939931233,0.004622169273392787,0.3520898353294475,0.004377367868547841,1.5114059803526705,0.0011930211156986337,0.011405980352670486,0,0,FOLLOWING,1.511425361740461,0.352307890396655,0
33.568,13.73839231129063,-0.1946272493471018,-0.12831550076684062,15.237599999999999,-0.3862368710465809,0.3521528360972836,0.004710850623790779,0.3521219231603756,0.0044573526916173185,1.5114026402693312,0.001197399938912047,0.011402640269331243,0,0,FOLLOWING,1.5114220668840317,0.35228839557870234,0
33.6,13.749568614671636,-0.1960687317326429,-0.1281703034180737,15.248799999999997,-0.38745331008032363,0.3521818512006512,0.004799625514062298,0.3521524523681835,0.004537417159150235,1.511397632518629,0.0012018863788540446,0.011397632518628908,0,0,FOLLOWING,1.5114171035117074,0.3522689156617071,0
33.632,13.760746049093054,-0.1975087004570838,-0.1280225417903924,15.260000000000002,-0.388664035889558,0.3522093811509586,0.004888476820713016,0.35218146016277624,0.004617550875573829,1.5113910055225264,0.001206471172523871,0.011391005522526365,0,0,FOLLOWING,1.5114105200422856,0.3522494517971135,0
33.664,13.771924570911574,-0.19894712047289642,-0.12787221406504531,15.271199999999997,-0.3898690306214268,0.3522354616331033,0.004977386542781028,0.3522089829822171,0.004697741427995216,1.5113828065857562,0.001211145391207813,0.011382806585756189,0,0,FOLLOWING,1.511402363777431,0.3522300051356033,0
33.696,13.7831041376041,-0.20038395687188335,-0.12771931886641893,15.282399999999999,-0.39106827650758214,0.35226012759032366,0.0050663361884851895,0.35223505650779563,0.004777974968360812,1.5113730819200106,0.001215900489366345,0.01137308192001063,0,0,FOLLOWING,1.5113926809258054,0.35221057682706125,0
33.728,13.794284707743293,-0.2018191748876314,-0.1275638552924816,15.293600000000001,-0.3922617558644453,0.35228341323905954,0.005155307098144885,0.3522597156791511,0.0048582366972330085,1.5113618766675077,0.0012207283382418,0.011361876667507653,0,0,FOLLOWING,1.5113815166266933,0.35219116802047273,0
33.76,13.805466240973528,-0.20325273989818085,-0.12740582293248887,15.304800000000002,-0.39344945109346874,0.3523053520836659,0.005244280709912354,0.35228299470909263,0.004938511261885217,1.5113492349241984,0.0012256212468567675,0.01134923492419837,0,0,FOLLOWING,1.5113689149731648,0.35217177986387366,0
33.792,13.816648697987354,-0.20468461742880398,-0.1272452218743131,15.316,-0.39463134468139494,0.35232597693095147,0.005333238774748969,0.35230492709838823,0.005018783080545181,1.511335199762445,0.0012305719726835584,0.011335199762444903,0,0,FOLLOWING,1.5113549190347793,0.35215241350426957,0
33.824,13.827832040502404,-0.20611477315480878,-0.12708205270343048,15.327200000000001,-0.39580741920051576,0.35234531990451784,0.005422163526811808,0.3523255456503174,0.005099036603092077,1.5113198132532406,0.001235573723964739,0.011319813253240607,0,0,FOLLOWING,1.5113395708797819,0.35213307008758243,0
33.856,13.839016231238789,-0.20754317290430033,-0.12691631649529544,15.3384,-0.39697765730892753,0.35236341245888564,0.005511037815058808,0.3523448824850067,0.005179256517705068,1.5113031164879598,0.001240620155371852,0.011303116487959786,0,0,FOLLOWING,1.5113229115968827,0.35211375075856116,0
33.888,13.850201233896955,-0.20896978266084576,-0.12674801480259185,15.3496,-0.39814204175078893,0.3523802853933943,0.005599845201453057,0.3523629690535802,0.005259427910968859,1.51128514959968,0.0012457053584530031,0.011285149599679967,0,0,FOLLOWING,1.511304981316548,0.35209445666072897,0
33.92,13.86138701313602,-0.21039456856600489,-0.12657714963859149,15.3608,-0.3993005553565736,0.352395968865867,0.00568857003068758,0.3523798361520581,0.0053395363895039115,1.5112659517840252,0.0012508238480760105,0.01126595178402523,0,0,FOLLOWING,1.5112858192318703,0.35207518893630213,0
33.952,13.872573534552577,-0.21181749692169397,-0.12640372345767092,15.372,-0.4004531810433242,0.3524104924060329,0.005777197475873427,0.3523955139350129,0.005419568168790674,1.5112455613195979,0.001255970545896684,0.011245561319597863,0,0,FOLLOWING,1.51126546361897,0.352055948726133,0
33.984,13.883760764659954,-0.21323853419236186,-0.1262277391338629,15.383199999999999,-0.40159990181490424,0.3524238849287037,0.005865713564178224,0.35241003192902964,0.005499510134574928,1.5112240155879515,0.0012611407617128256,0.011224015587951497,0,0,FOLLOWING,1.5112439518570022,0.3520367371696303,0
34.016,13.894948670867928,-0.21465764700696444,-0.1260491999381388,15.394400000000001,-0.402740700762249,0.3524361747467019,0.005954105185934151,0.35242341904581104,0.005579349882517925,1.5112013510931805,0.0012663301733954052,0.011201351093180545,0,0,FOLLOWING,1.5112213204477114,0.35201755540470114,0
34.048,13.906137221462904,-0.21607480216072708,-0.12586810951503388,15.4056,-0.4038755610636138,0.3524473895835358,0.006042360090318235,0.3524357035951891,0.005659075738754744,1.5111776034810358,0.0012715348059962467,0.011177603481035803,0,0,FOLLOWING,1.511197605034583,0.3519984045676657,0
34.08,13.917326385588513,-0.21748996661669295,-0.12568447185906667,15.4168,-0.4050044659848238,0.3524575565858269,0.006130466870311343,0.35244691329772104,0.005738676766307201,1.5111528075577036,0.0012767510104886443,0.011152807557703648,0,0,FOLLOWING,1.5111728404215803,0.35197928579321136,0
34.112,13.928516133226658,-0.21890310750705563,-0.12549829129133697,15.427999999999999,-0.40612739887951815,0.35246670233548805,0.006218414939256197,0.35245707529715725,0.005818142759506104,1.5111269973081187,0.0012819754425196506,0.011126997308118725,0,0,FOLLOWING,1.5111470605914992,0.35196020021430396,0
34.144,13.939706435178978,-0.22031419213428072,-0.12530957243660734,15.4392,-0.4072443431893986,0.35247485286165187,0.006306194501026221,0.3524662161725975,0.005897464228898929,1.5111002059139373,0.0012872050414837327,0.011100205913937344,0,0,FOLLOWING,1.5111202987239047,0.3519411489621335,0
34.176,13.950897263048725,-0.22172318797202126,-0.12511832020107608,15.450399999999998,-0.40835528244447095,0.352482033652357,0.006393796515495333,0.3524743619504448,0.005976632379611614,1.5110724657710934,0.001292437010131403,0.011072465771093443,0,0,FOLLOWING,1.5110925872127172,0.3519221331660366,0
34.208,13.962088589223061,-0.22313006266583402,-0.12492453975102732,15.461599999999999,-0.4094602002632898,0.35248826966598856,0.006481212660743394,0.3524815381160628,0.006055639083960893,1.5110438085069968,0.001297668794899523,0.011043808506996822,0,0,FOLLOWING,1.5110639576833838,0.351903153953438,0
34.24,13.97328038685573,-0.22453478403370777,-0.12472823649246716,15.472799999999998,-0.41055908035319855,0.3524935853424829,0.0065684352931823205,0.3524877696252053,0.006134476850642944,1.5110142649973541,0.0013028980670838491,0.01101426499735414,0,0,FOLLOWING,1.5110344410097216,0.3518842124497707,0
34.272,13.98447262985014,-0.22593732006641137,-0.12452941605183292,15.483999999999998,-0.4116519065105717,0.3524980046142951,0.006655457406593493,0.3524930809152437,0.00621313879117524,1.5109838653826435,0.0013081227049430851,0.01098386538264351,0,0,FOLLOWING,1.5110040673303724,0.35186530977842156,0
34.304,13.99566529284281,-0.2273376389276749,-0.1243280842578179,15.4952,-0.4127386626210505,0.3525015509171358,0.006742272590866547,0.35249749591614815,0.006291618585063171,1.5109526390842143,0.0013133407767890876,0.010952639084214288,0,0,FOLLOWING,1.5109728660649235,0.35184644706065166,0
34.336,14.006858351187189,-0.22873570895421297,-0.12412424712433938,15.506400000000003,-0.41381933265978466,0.35250424720047946,0.006828874991090059,0.3525010380611593,0.006369910444052537,1.5109206148200633,0.001318550525092485,0.010920614820063346,0,0,FOLLOWING,1.5109408659296633,0.3518276254155365,0
34.368,14.018051780937844,-0.23013149865560367,-0.12391791083464442,15.517599999999998,-0.414893900691665,0.3525061159378474,0.006915259267489778,0.3525037302973654,0.006448009076593331,1.5108878206202514,0.001323750351613709,0.010887820620251398,0,0,FOLLOWING,1.5109080949530174,0.3518088459598837,0
34.4,14.029245558834992,-0.23152497671403366,-0.12370908172654017,15.528800000000002,-0.4159623508715612,0.35250717913687774,0.007001420556612853,0.35250559509592616,0.006525909652678232,1.5108542838420356,0.0013289388035502556,0.010854283842035573,0,0,FOLLOWING,1.510874580490646,0.3517901098081972,0
34.432,14.040439662289371,-0.23291611198392068,-0.12349776627871979,15.540000000000001,-0.41702466744455335,0.35250745834917413,0.007087354434043687,0.3525066544621875,0.006603607769620927,1.5108200311845945,0.0013341145606752258,0.010820031184594514,0,0,FOLLOWING,1.510840349240225,0.3517714180725713,0
34.464,14.051634069367465,-0.2343048734914249,-0.12328397109814088,15.551200000000001,-0.4180808347461655,0.3525069746799463,0.00717305687886179,0.3525069299455027,0.00668109941915894,1.510785088703529,0.0013392764234410187,0.010785088703529011,0,0,FOLLOWING,1.510805427255888,0.3517527718626551,0
34.496,14.06282875877703,-0.23569123043385992,-0.12306770290841472,15.5624,-0.41913083720259586,0.35250574879744356,0.00725852423998082,0.3525064426488871,0.006758380955860617,1.5107494818249874,0.0013444233020049046,0.010749481824987361,0,0,FOLLOWING,1.510769839962395,0.3517341722855606,0
34.528,14.07402370985297,-0.23707515217901304,-0.12284896853915636,15.5736,-0.42017465933094783,0.3525038009421857,0.00734375320445007,0.3525052132384453,0.006835449067114891,1.5107132353595154,0.0013495542061379567,0.010713235359515405,0,0,FOLLOWING,1.5107336121689512,0.35171562044581806,0
34.56,14.085218902543488,-0.23845660826438464,-0.12262777491623403,15.5848,-0.4212122857394563,0.35250115093599604,0.007428740767761097,0.35250326195258574,0.006912300745006583,1.510676373515601,0.0013546682359627804,0.010676373515601023,0,0,FOLLOWING,1.5106967680827799,0.35169711744528787,0
34.592,14.09641431739657,-0.2398355683963567,-0.12240412905286976,15.596,-0.4222437011277164,0.3524978181908413,0.007513484206153326,0.35250060861107746,0.006988933259727308,1.5106389199129404,0.001359764573476599,0.010638919912940414,0,0,FOLLOWING,1.510659331322358,0.35167866438311507,0
34.624,14.107609935546753,-0.241212002449297,-0.122178038041536,15.607199999999999,-0.42326889028690806,0.35249382171747967,0.007597981050891415,0.3524972726238568,0.007065344134702535,1.5106008975953928,0.001364842474809863,0.010600897595392844,0,0,FOLLOWING,1.5106213249304048,0.3516602623556415,0
34.656,14.118805738702173,-0.24258588046460886,-0.12194950904658391,15.618400000000001,-0.4242878381000204,0.35248918013392583,0.0076822290644660285,0.35249327299971556,0.007141531123725579,1.5105623290436974,0.00136990126316551,0.01056232904369736,0,0,FOLLOWING,1.5105827713865638,0.35164191245635906,0
34.688,14.130001709131918,-0.24395717264973307,-0.12171854929755603,15.6296,-0.4253005295420749,0.3524839116737286,0.007766226218639637,0.35248862835474226,0.0072174921895611695,1.5105232361878638,0.001374940322389953,0.010523236187863771,0,0,FOLLOWING,1.5105436926198257,0.35162361577581946,0
34.72,14.14119782965363,-0.24532584937710852,-0.12148516608313387,15.6408,-0.4263069496803474,0.35247803419407747,0.007849970674266122,0.3524833569205947,0.007293225484120266,1.5104836404193585,0.0013799590911394294,0.010483640419358453,0,0,FOLLOWING,1.510504110020684,0.35160537340159725,0
34.752,14.152394083621395,-0.24669188118309812,-0.12124936674566103,15.652,-0.42730708367458686,0.3524715651837289,0.007933460762788041,0.3524774765526079,0.007368729330460626,1.5104435626029706,0.0013849570575791698,0.010443562602970635,0,0,FOLLOWING,1.5104640444530284,0.351587186418196,0
34.784,14.163590454913882,-0.24805523876688568,-0.12101115867619598,15.6632,-0.4283009167772361,0.3524645217707674,0.008016694969312886,0.3524710047377259,0.007444002206241727,1.510403023088475,0.0013899337545789509,0.010403023088475072,0,0,FOLLOWING,1.5104235162657846,0.35156905590700577,0
34.816,14.17478692792274,-0.24941589298934883,-0.1207705493100601,15.674399999999999,-0.4292884343336474,0.3524569207301957,0.00809967191717694,0.35246395860227697,0.007519042728251738,1.5103620417219998,0.001394888755370638,0.010362041721999837,0,0,FOLLOWING,1.5103825453043007,0.35155098294621817,0
34.848,14.185983487541263,-0.2507738148719129,-0.12052754612282594,15.685599999999999,-0.4302696217822999,0.352448778491363,0.008182390353894084,0.35245635491953087,0.0075938496386380285,1.5103206378571785,0.0013998216696184118,0.010320637857178516,0,0,FOLLOWING,1.5103411509214848,0.351532968610777,0
34.88,14.197180119153264,-0.25212897559539005,-0.12028215662670745,15.696799999999998,-0.43124446465501337,0.35244011114523316,0.008264849138388345,0.3524482101171138,0.00766842179235727,1.5102788303660482,0.0014047321398655832,0.010278830366048153,0,0,FOLLOWING,1.5102993519887176,0.351515013972295,0
34.912,14.208376808622216,-0.2534813464988071,-0.12003438836732179,15.708000000000002,-0.43221294857716297,0.3524309344514988,0.008347047229418357,0.35243954028436136,0.0077427581455576915,1.51023663764974,0.0014096198383314884,0.010236637649740032,0,0,FOLLOWING,1.5102571669065201,0.35149712009901063,0
34.944,14.219573542280614,-0.25483089907822654,-0.11978424892078791,15.719199999999997,-0.4331750592678892,0.35242126384553724,0.008428983675098244,0.3524303611793316,0.00781685774506175,1.510194077648877,0.0014144844640224807,0.01019407764887692,0,0,FOLLOWING,1.510214613614989,0.3514792880556922,0
34.976,14.230770306919574,-0.256177604985562,-0.11953174589112044,15.7304,-0.43413078254031084,0.3524111144452225,0.008510657603427656,0.352420688235812,0.007890719719128187,1.5101511678538422,0.001419325740124766,0.01015116785384218,0,0,FOLLOWING,1.5101717096040115,0.35146151890361205,0
35.008,14.241967089778635,-0.25752143602739375,-0.11927688690790186,15.741600000000002,-0.43508010430173116,0.3524005010575876,0.008592068213744735,0.3524105365701211,0.007964343268759163,1.5101079253147314,0.001424143411657003,0.01010792531473137,0,0,FOLLOWING,1.510128471923274,0.3514438137004455,0
35.04,14.253163878535794,-0.2588623641637832,-0.1190196796242014,15.752800000000002,-0.4360230105538491,0.35238943818534424,0.008673214769022646,0.3523999209877555,0.008037727659998288,1.5100643666511568,0.001428937243355813,0.010064366651156842,0,0,FOLLOWING,1.510084917192026,0.35142617350022815,0
35.072,14.264360661297747,-0.2602003615070923,-0.1187601317147132,15.764000000000001,-0.4369594873929629,0.3523779400332623,0.008754096588936654,0.3523888559899462,0.008110872217062567,1.5100205080618179,0.0014337070177719569,0.010020508061817868,0,0,FOLLOWING,1.5100410616086697,0.35140859935327956,0
35.104,14.275557426590348,-0.26153540032080685,-0.11849825087410253,15.775200000000002,-0.43788952101017703,0.3523660205144128,0.008834713043629903,0.35237735578000867,0.008183776315856425,1.5099763653338583,0.0014384525335599393,0.009976365333858261,0,0,FOLLOWING,1.509996920960106,0.3513910923061523,0
35.136,14.286754163349249,-0.262867453018367,-0.11823404481552155,15.7864,-0.43881309769160426,0.3523536932562753,0.008915063548113543,0.35236543426958195,0.008256439378664179,1.5099319538520315,0.0014431736039311888,0.009931953852031494,0,0,FOLLOWING,1.5099525106309148,0.3513736534015513,0
35.168,14.297950860910758,-0.264196492162006,-0.11796752126929344,15.797600000000001,-0.4397302038185696,0.35234097160671485,0.00899514755724044,0.35235310508474343,0.00832886086889215,1.5098872886076753,0.0014478700552662538,0.009887288607675293,0,0,FOLLOWING,1.509907845612307,0.35135628367828703,0
35.2,14.309147509002882,-0.2655224904615985,-0.11769868798174274,15.8088,-0.4406408258678087,0.3523278686398304,0.009074964561200322,0.3523403815719939,0.008401040286494937,1.5098423842074717,0.001452541725867354,0.009842384207471744,0,0,FOLLOWING,1.5098629405109139,0.35133898417119597,0
35.232,14.320344097736562,-0.2668454207735197,-0.11742755271415468,15.82,-0.44154495041167025,0.35231439716167645,0.009154514081481541,0.3523272768040826,0.00847297716395599,1.5097972548820444,0.0014571884648331005,0.009797254882044415,0,0,FOLLOWING,1.5098178095573556,0.3513217559110901,0
35.264,14.33154061759709,-0.26816525609951586,-0.11715412324184882,15.831199999999999,-0.44244256411831134,0.3523005697158624,0.009233795667256375,0.35231380358576103,0.008544671062697417,1.509751914494349,0.0014618101310434754,0.009751914494348979,0,0,FOLLOWING,1.5097724666146535,0.35130459992468105,0
35.296,14.34273705943571,-0.2694819695855881,-0.11687840735336358,15.842400000000001,-0.44333365375189593,0.3522863985890307,0.009312808892146683,0.3522999744593478,0.008616121569631164,1.5097063765479037,0.0014664065922518343,0.009706376547903739,0,0,FOLLOWING,1.509726925186438,0.35128751723453205,0
35.328,14.353933414461393,-0.2707955345208892,-0.11660041284972521,15.8536,-0.44421820617278873,0.3522718958162183,0.009391553351328439,0.3522858017102336,0.008687328294514332,1.509660654194812,0.0014709777242563893,0.009660654194812102,0,0,FOLLOWING,1.5096811984250036,0.35127050885897887,0
35.36,14.365129674232792,-0.27210592433663416,-0.11632014754381331,15.8648,-0.44509620833774954,0.3522570731861012,0.009470028658946738,0.35227129737222196,0.008758290866927478,1.5096147602436565,0.0014755234101682252,0.009614760243656484,0,0,FOLLOWING,1.5096352991391624,0.3512535758120836,0
35.392,14.376325830650362,-0.2734131126050252,-0.11603761925979189,15.876,-0.44596764730012534,0.35224194224612715,0.009548234445805746,0.35225647323279063,0.008829008934236117,1.5095687071671717,0.001480043539738671,0.00956870716717173,0,0,FOLLOWING,1.509589239801959,0.35123671910355553,0
35.424,14.387521875948638,-0.2747170730381925,-0.11575283583260745,15.8872,-0.44683251021004194,0.35222651430753826,0.009626170357298848,0.3522413408381812,0.008899482159481989,1.5095225071098046,0.0014845380087560311,0.009522507109804623,0,0,FOLLOWING,1.50954303255819,0.351219939738706,0
35.456,14.398717802688692,-0.2760177794871487,-0.11546580510755365,15.898399999999999,-0.44769078431459214,0.3522108004502826,0.009703836051568143,0.3522259114985097,0.008969710219320758,1.5094761718950562,0.0014890067185038408,0.009476171895056229,0,0,FOLLOWING,1.5094966892317827,0.3512032387183682,0
35.488,14.409913603750734,-0.2773152059407607,-0.11517653493988234,15.9096,-0.44854245695802525,0.35219481152782367,0.009781231197853223,0.3522101962925733,0.00903969280255611,1.5094297130327192,0.0014934495752676469,0.009429713032719222,0,0,FOLLOWING,1.5094502213329999,0.3511866170388565,0
35.52,14.421109272326872,-0.2786093265247359,-0.11488503319446941,15.920799999999998,-0.44938751558193235,0.35217855817184474,0.009858355475023315,0.3521942060727311,0.009109429608440474,1.5093831417259194,0.0014978664898939176,0.009383141725919364,0,0,FOLLOWING,1.5094036400655113,0.35117007569188247,0
35.552,14.432304801914032,-0.27990011550062505,-0.11459130774551608,15.931999999999999,-0.4502259477254323,0.35216205079685076,0.009935208570262767,0.3521779514695857,0.009178920345552063,1.509336468878023,0.001502257377384686,0.009336468878023085,0,0,FOLLOWING,1.5093569563332718,0.35115361566451636,0
35.584,14.443500186307013,-0.28118754726484074,-0.11429536647629845,15.943200000000001,-0.45105774102535506,0.35214529960467333,0.01001179017789945,0.35216144289656515,0.009248164730303316,1.5092897050993948,0.0015066221565406684,0.009289705099394752,0,0,FOLLOWING,1.5093101807473068,0.35113723793910645,0
35.616,14.454695419591696,-0.2824715963476923,-0.11399721727893757,15.954400000000003,-0.4518828832164249,0.3521283145888752,0.010088099998358087,0.3521446905544724,0.009317162486291677,1.5092428607139998,0.0015109607496235217,0.009242860713999823,0,0,FOLLOWING,1.5092633236322894,0.3511209434932324,0
35.648,14.46589049613839,-0.2837522374124369,-0.11369686805421411,15.965599999999998,-0.4527013621314396,0.35211110553906305,0.010164137737228253,0.35212770443585006,0.009385913342899344,1.5091959457658726,0.0015152730820657265,0.00919594576587257,0,0,FOLLOWING,1.509216395033039,0.3511047332996281,0
35.68,14.477085410595333,-0.28502944525434637,-0.1133943267114006,15.976800000000003,-0.4535131657014519,0.3520936820451064,0.010239903104429696,0.35211049432931424,0.00945441703476042,1.5091489700254632,0.0015195590821968502,0.009148970025463221,0,0,FOLLOWING,1.5091694047208175,0.35108860832615224,0
35.712,14.488280157882294,-0.28630319479979094,-0.11308960116812136,15.988000000000001,-0.45431828195594504,0.35207605350126464,0.010315395813470789,0.3520930698237487,0.009522673300876777,1.5091019429957846,0.0015238186809971715,0.009101942995784595,0,0,FOLLOWING,1.509122362199546,0.35107256953569066,0
35.744,14.499474733184348,-0.28757346110533816,-0.1127826993502357,15.999200000000002,-0.45511669902301194,0.3520582291102251,0.010390615580784789,0.3520754403124527,0.009590681883907898,1.509054873918514,0.0015280518118778313,0.009054873918513895,0,0,FOLLOWING,1.5090752767118387,0.3510566178861249,0
35.776,14.510669131945756,-0.28884021935686843,-0.11247362919173638,16.0104,-0.45590840512952796,0.3520402178870549,0.010465562125138285,0.35205761499718075,0.00965844252968358,1.5090077717798895,0.0015322584104755371,0.00900777177988954,0,0,FOLLOWING,1.509028157244948,0.35104075433025733,0
35.808,14.521863349863983,-0.2901034448687062,-0.11216239863467024,16.021600000000003,-0.45669338860132624,0.3520220286630661,0.010540235167105018,0.3520396028920769,0.009725954986511267,1.50896064531652,0.0015364384144704866,0.008960645316520077,0,0,FOLLOWING,1.5089810125365384,0.35102497981576464,0
35.84,14.53305738288383,-0.2913631130827676,-0.11184901562906958,16.0328,-0.4574716378633684,0.3520036700895991,0.010614634428595733,0.35202141282755883,0.009793219004846759,1.5089135030210477,0.0015405917634172817,0.008913503021047653,0,0,FOLLOWING,1.508933851080388,0.3510092952851227,0
35.872,14.544251227191703,-0.2926191995677221,-0.1115334881329027,16.044,-0.4582431414399168,0.35198515064172314,0.010688759632439156,0.35200305345408844,0.009860234336691174,1.5088663531477131,0.001544718398594963,0.008866353147713113,0,0,FOLLOWING,1.508886681131908,0.3509937016755658,0
35.904,14.555444879209993,-0.2938716800181715,-0.11121582411203305,16.0552,-0.45900788795470143,0.35196647862185615,0.010762610502011131,0.35198453324586026,0.009927000735318627,1.5088192037177623,0.0015488182628676935,0.008819203717762347,0,0,FOLLOWING,1.5088395107135903,0.35097819991901485,0
35.936,14.566638335591568,-0.2951205302538437,-0.11089603154018769,16.0664,-0.4597658661310906,0.35194766216330875,0.010836186760902639,0.3519658605044727,0.009993517954991338,1.5087720625247825,0.0015528913005558864,0.008772062524782465,0,0,FOLLOWING,1.5087923476203087,0.3509627909420332,0
35.968,14.577831593214391,-0.29636572621880114,-0.1105741183989412,16.0776,-0.4605170647922546,0.3519287092337497,0.010909488132624726,0.351947043362372,0.01005978575047654,1.5087249371398688,0.0015569374573233125,0.008724937139868771,0,0,FOLLOWING,1.508745199424527,0.3509474756657499,0
36.0,14.589024649176235,-0.29760724398066457,-0.11025009267770532,16.0888,-0.4612614728613325,0.3519096276385959,0.010982514340349544,0.3519280897864476,0.010125803876860039,1.5086778349167431,0.0015609566800734581,0.008677834916743121,0,0,FOLLOWING,1.5086980734813684,0.35093225500582176,0
36.032000000000004,14.600217500789528,-0.2988450597298526,-0.10992396237371979,16.099999999999998,-0.46199907936159396,0.35189042502433104,0.011055265106675293,0.35190900758130933,0.010191572089518828,1.5086307629966977,0.0015649489168464148,0.008630762996697738,0,0,FOLLOWING,1.5086509769335983,0.35091712987236234,0
36.064,14.611410145576283,-0.30007914977883415,-0.10959573549206536,16.1112,-0.46272987341660193,0.3518711088817528,0.011127740153423698,0.3518898043926632,0.01025709014342035,1.5085837283134818,0.0015689141167406634,0.008583728313481753,0,0,FOLLOWING,1.508603916716489,0.35090210116990234,0
36.096000000000004,14.622602581263147,-0.3013094905613972,-0.10926542004566725,16.1224,-0.4634538442503726,0.3518516865491463,0.011199939201459428,0.3518704877105511,0.01032235779342441,1.508536737598041,0.0015728522298256858,0.008536737598040967,0,0,FOLLOWING,1.5085568995625815,0.35088716979730533,0
36.128,14.633794805776548,-0.3025360586319309,-0.10893302405531326,16.1336,-0.46417098118753525,0.35183216521539024,0.011271861970528244,0.3518510648724965,0.010387374793825666,1.5084897973831999,0.0015767632070725762,0.008489797383199882,0,0,FOLLOWING,1.5085099320063264,0.35087233664774226,0
36.160000000000004,14.644986817237939,-0.30375883066472154,-0.10859855554967437,16.1448,-0.46488127365348797,0.35181255192299965,0.011343508179120223,0.3518315430666545,0.010452140898274197,1.508442914008194,0.0015806470002868583,0.00844291400819408,0,0,FOLLOWING,1.5084630203886717,0.350857602608611,0
36.192,14.656178613959153,-0.3049777834532636,-0.10826202256532816,16.156000000000002,-0.4655847111745554,0.35179285357109613,0.011414877544344807,0.3518119293348353,0.010516655859690908,1.5083960936231466,0.0015845035620469516,0.008396093623146639,0,0,FOLLOWING,1.5084161708614807,0.35084296856150304,0
36.224000000000004,14.667370194437831,-0.30619289390958293,-0.10792343314679034,16.167199999999998,-0.4662812833781419,0.351773076918319,0.011485969781828389,0.3517922305754418,0.01058091943000543,1.5083493421934069,0.0015883328456507972,0.008349342193406883,0,0,FOLLOWING,1.5083693893919283,0.3508284353821237,0
36.256,14.678561557352976,-0.3074041390635751,-0.10758279534654076,16.1784,-0.4669709799928849,0.35175322858567254,0.01155678460561739,0.3517724535464258,0.010644931360340202,1.5083026655038465,0.0015921348050617207,0.008302665503846507,0,0,FOLLOWING,1.50832268176674,0.35081400394027057,0
36.288000000000004,14.689752701560563,-0.30861149606235616,-0.10724011722505995,16.189600000000002,-0.4676537908488064,0.3517333150593096,0.011627321728101672,0.351752604868122,0.010708691400673966,1.508256069163,0.0015959093948620384,0.008256069163000035,0,0,FOLLOWING,1.5082760535963837,0.35079967509974336,0
36.32,14.700943626089265,-0.30981494216962613,-0.1068954068508677,16.2008,-0.46832970587746336,0.3517133426932539,0.011697580859946854,0.35173269102602694,0.010772199299779982,1.5082095586071633,0.0015996565702130483,0.008209558607163325,0,0,FOLLOWING,1.5082295103191325,0.35078544971831194,0
36.352000000000004,14.712134330136264,-0.3110144547650469,-0.10654867230055928,16.211999999999996,-0.468998715112095,0.3516933177120656,0.011767561710036074,0.3517127183735171,0.010835454805297112,1.5081631391043828,0.001603376286814756,0.008163139104382822,0,0,FOLLOWING,1.5081830572050725,0.3507713286476518,0
36.384,14.723324813063131,-0.3122100113436312,-0.10619992165884838,16.223200000000002,-0.46966080868777116,0.35167324621345364,0.01183726398542362,0.3516926931345052,0.010898457663528188,1.5081168157583877,0.0016070685008732074,0.008116815758387741,0,0,FOLLOWING,1.5081366993600105,0.3507573127333158,0
36.416000000000004,14.73451507439182,-0.3134015895151451,-0.10584916301860775,16.2344,-0.47031597684153675,0.35165313417081906,0.011906687391296425,0.35167262140609673,0.010961207619499444,1.508070593512344,0.0016107331690631138,0.00807059351234396,0,0,FOLLOWING,1.508090441729281,0.3507434028146365,0
36.448,14.745705113800707,-0.3145891670035227,-0.10549640448091137,16.245600000000003,-0.47096420991255605,0.3516329874357541,0.011975831630942105,0.3516525091610642,0.011023704416923144,1.5080244771526763,0.0016143702485028333,0.00802447715267629,0,0,FOLLOWING,1.5080442891014945,0.3507295997247158,0
36.480000000000004,14.756894931120746,-0.31577272164629283,-0.1051416541550802,16.256800000000002,-0.47160549834225507,0.3516128117404826,0.012044696405724292,0.35163236225042666,0.011085947798082427,1.5079784713126576,0.0016179796967242394,0.007978471312657609,0,0,FOLLOWING,1.5079982461121961,0.35071590429034466,0
36.512,14.768084526331679,-0.31695223139401757,-0.10478492015872888,16.268,-0.4722398326744631,0.3515926127002467,0.012113281415069191,0.3516121864057959,0.011147937503795705,1.5079325804760308,0.0016215614716525162,0.007932580476030848,0,0,FOLLOWING,1.5079523172474314,0.3507023173319709,0
36.544000000000004,14.779273899558337,-0.3181276743097431,-0.10442621061780778,16.2792,-0.472867203555551,0.351572395815646,0.012181586356447642,0.35159198724185814,0.011209673273576953,1.507886808980484,0.0016251155315795546,0.007886808980483995,0,0,FOLLOWING,1.5079065068472641,0.3506888396636338,0
36.576,14.790463051067015,-0.31929902856846126,-0.10406553366664979,16.2904,-0.47348760173457055,0.35155216647491955,0.012249610925374122,0.3515717702586536,0.011271154845468045,1.5078411610210802,0.0016286418351434684,0.007841161021080234,0,0,FOLLOWING,1.5078608191091702,0.35067547209292693,0
36.608000000000004,14.801651981261907,-0.32046627245658343,-0.10370289744802294,16.3016,-0.4741010180633889,0.35153192995618443,0.012317354815404179,0.3515515408438547,0.011332381955871452,1.5077956406536,0.0016321403413174923,0.0077956406535999445,0,0,FOLLOWING,1.5078152580914224,0.3506622154209282,0
36.64,14.81284069068164,-0.3216293843714246,-0.10333831011316838,16.3128,-0.47470744349682586,0.3515116914296191,0.01238481771813523,0.3515313042750555,0.011393354340002023,1.507750251797827,0.0016356110093834612,0.007750251797826957,0,0,FOLLOWING,1.5077698277163256,0.3506490704421689,0
36.672000000000004,14.824029179995852,-0.3227883428206993,-0.1029717798218517,16.323999999999998,-0.4753068690927853,0.35149145595960607,0.01245199932321681,0.3515110657218949,0.011454071731472322,1.5077049982407429,0.001639053798922291,0.0077049982407428885,0,0,FOLLOWING,1.5077245317734518,0.3506360379445728,0
36.704,14.835217450001856,-0.3239431264220279,-0.10260331474241065,16.3352,-0.47589928601238823,0.3514712285068242,0.012518899318357887,0.35149083024823613,0.01151453386240102,1.5076598836396709,0.0016424686698009866,0.00765988363967085,0,0,FOLLOWING,1.5076793739227616,0.3506231187094121,0
36.736000000000004,14.846405501621367,-0.32509371390245384,-0.10223292305179611,16.3464,-0.47648468552010226,0.3514510139302952,0.012585517389343043,0.35147060281425135,0.011574740463626361,1.50761491152532,0.0016458555821543541,0.007614911525319901,0,0,FOLLOWING,1.5076343576976659,0.35061031351125,0
36.768,14.857593335897299,-0.3262400840979708,-0.10186061293562655,16.3576,-0.4770630589838713,0.35143081698938566,0.012651853220048062,0.3514503882784816,0.011634691264288812,1.5075700853048097,0.0016492144963828614,0.007570085304809737,0,0,FOLLOWING,1.5075894865080248,0.3505976231179033,0
36.800000000000004,14.868780953990616,-0.3273822159530607,-0.10148639258822406,16.3688,-0.4776343978752416,0.3514106423457672,0.012717906492459088,0.35143019139978293,0.01169438599239943,1.5075254082645773,0.0016525453731325301,0.00752540826457726,0,0,FOLLOWING,1.5075447636430854,0.35058504829038284,0
36.832,14.879968357177262,-0.3285200885202421,-0.10111027021266919,16.38,-0.4781986937694892,0.3513904945653317,0.012783676886697274,0.3514100168393548,0.011753824374251928,1.5074808835732678,0.0016558481732956154,0.007480883573267816,0,0,FOLLOWING,1.5075001922743436,0.350572589782854,0
36.864000000000004,14.891155546845143,-0.329653680959627,-0.10073225402084002,16.3912,-0.4787559383457425,0.3513703781200681,0.012849164081039732,0.35138986916261594,0.011813006134930292,1.5074365142845298,0.0016591228579971862,0.007436514284529849,0,0,FOLLOWING,1.507455775458357,0.3505602483425863,0
36.896,14.902342524491177,-0.3307829725384894,-0.10035235223345523,16.402400000000004,-0.47930612338710615,0.3513502973898935,0.012914367751947728,0.35136975284110133,0.011871930998159547,1.5073923033397496,0.0016623693885854662,0.007392303339749606,0,0,FOLLOWING,1.5074115161394723,0.3505480247099095,0
36.928,14.91352929171839,-0.33190794263084217,-0.09997057308012068,16.4136,-0.47984924078078156,0.35133025666444584,0.012979287574092368,0.3513496722542806,0.0119305986862199,1.5073482535707452,0.001665587726629822,0.0073482535707452,0,0,FOLLOWING,1.5073674171525253,0.35053591961815256,0
36.96,14.924715850233094,-0.33302857071702374,-0.09958692479937348,16.4248,-0.4803852825181866,0.3513102601448435,0.013043923220387535,0.35132963169134435,0.011989008920003921,1.5073043677024083,0.001668777833917112,0.0073043677024082765,0,0,FOLLOWING,1.5073234812254672,0.3505239337936229,0
36.992,14.935902201842094,-0.334144836383294,-0.09920141563871862,16.436,-0.4809142406950741,0.3512903119453972,0.013108274362018928,0.35130963535297804,0.012047161419271937,1.5072606483552318,0.0016719396724385327,0.007260648355231769,0,0,FOLLOWING,1.507279710981913,0.35051206795554085,0
37.024,14.947088348449979,-0.3352567193214395,-0.09881405385467772,16.447199999999995,-0.4814361075116478,0.3512704160952896,0.013172340668477587,0.351289687353062,0.012105055902249863,1.5072170980478494,0.0016750732043952221,0.007217098047849424,0,0,FOLLOWING,1.5072361089436708,0.3505003228159943,0
37.056,14.958274292056444,-0.3363641993283875,-0.0984248477128212,16.4584,-0.48195087527267794,0.35125057654022146,0.013236121807592484,0.3512697917203835,0.012162692086160281,1.5071737191995038,0.001678178392186383,0.007173719199503825,0,0,FOLLOWING,1.5071926775331919,0.35048869907991903,0
37.088,14.969460034753684,-0.33746725630582863,-0.09803380548781547,16.4696,-0.48245853638761427,0.3512307971440122,0.013299617445567808,0.35124995240020873,0.012220069686760194,1.5071305141323932,0.0016812551984106002,0.007130514132393184,0,0,FOLLOWING,1.5071494190759698,0.3504771974450094,0
37.12,14.980645578723824,-0.3385658702598486,-0.09764093546345631,16.480800000000002,-0.4829590833706985,0.35121108169017334,0.01336282724701575,0.35123017325597583,0.012277188418751061,1.5070874850740887,0.0016843035858619404,0.00708748507408874,0,0,FOLLOWING,1.5071063358028838,0.3504658186017163,0
37.152,14.991830926236414,-0.33966002130056816,-0.097246245932708,16.492,-0.48345250884107366,0.351191433883446,0.013425750874995757,0.351210458070789,0.01233404799561892,1.5070446341597799,0.0016873235175263318,0.00704463415977985,0,0,FOLLOWING,1.5070634298525143,0.3504545632331754,0
37.184,15.003016079645969,-0.3407496896417914,-0.09684974519774221,16.5032,-0.4839388055228944,0.3511718573513029,0.01348838799105106,0.35119081054901297,0.012390648129632366,1.5070019634345542,0.0016903149565830333,0.00700196343455417,0,0,FOLLOWING,1.5070207032733665,0.35044343201518385,0
37.216,15.014201041389555,-0.3418348556006624,-0.09645144156997205,16.5144,-0.48441796624543304,0.3511523556454212,0.013550738255247946,0.3511712343177422,0.01244698853199663,1.5069594748555777,0.0016932778664011522,0.006959474855577685,0,0,FOLLOWING,1.506978158026092,0.3504324256161432,0
37.248,15.025385813984435,-0.3429154995973298,-0.09605134337008453,16.5256,-0.48488998394318605,0.3511329322431169,0.013612801326211886,0.35115173292829227,0.012503068912901892,1.5069171702942457,0.0016962122105358551,0.006917170294245656,0,0,FOLLOWING,1.5069357959856047,0.35042154469703135,0
37.28,15.036570400025742,-0.3439916021546196,-0.0956494589280768,16.5368,-0.48535485165597775,0.35111359054875557,0.013674576861170353,0.35113230985760713,0.012558888981405088,1.5068750515382836,0.0016991179527304917,0.006875051538283605,0,0,FOLLOWING,1.5068936189432236,0.3504107899113411,0
37.312,15.047754802184214,-0.3450631438977153,-0.09524579658329069,16.548,-0.48581256252906324,0.35109433389512545,0.013736064515990916,0.3511129685096852,0.012614448445486268,1.506833120293812,0.001701995056918204,0.00683312029381189,0,0,FOLLOWING,1.506851628608688,0.3504001619050584,0
37.344,15.058939023203974,-0.34613010555384593,-0.09484036468444174,16.559199999999997,-0.4862631098132292,0.3510751655447846,0.013797263945222701,0.3510937122169821,0.012669747012214884,1.5067913781873443,0.0017048434872185547,0.006791378187344321,0,0,FOLLOWING,1.5068098266121948,0.3503896613166074,0
37.376,15.070123065900344,-0.3471924679519819,-0.09443317158965225,16.5704,-0.48670648686489393,0.35105608869137966,0.013858174802137826,0.3510745442417168,0.01272478438763321,1.5067498267677668,0.0017076632079406767,0.006749826767766809,0,0,FOLLOWING,1.5067682145063552,0.3503792887768268,0
37.408,15.081306933157714,-0.3482502120225379,-0.09402422566647736,16.581599999999998,-0.4871426871462047,0.3510371064609288,0.013918796738772266,0.3510554677771898,0.012779560276959565,1.5067084675082316,0.0017104541835789857,0.006708467508231619,0,0,FOLLOWING,1.5067267937681068,0.3503690449089046,0
37.44,15.092490627927443,-0.34930331879708315,-0.09361353529193424,16.5928,-0.4875717042251347,0.3510182219130848,0.013979129405966106,0.3510364859490891,0.0128340743845098,1.5066673018080772,0.0017132163788162874,0.006667301808077175,0,0,FOLLOWING,1.506685565800608,0.3503589303283613,0
37.472,15.103674153225807,-0.35035176940805834,-0.09320110885253158,16.604,-0.4879935317755774,0.3509994380423649,0.014039172453406383,0.35101760181676295,0.012888326413671852,1.5066263309946277,0.0017159497585247097,0.006626330994627727,0,0,FOLLOWING,1.5066445319350665,0.3503489456429967,0
37.504,15.11485751213199,-0.3513955450885007,-0.09278695474429663,16.615199999999998,-0.4884081635774401,0.3509807577793556,0.014098925529670504,0.35099881837438485,0.012942316066990077,1.5065855563250157,0.0017186542877690864,0.0065855563250156735,0,0,FOLLOWING,1.5066036934325362,0.3503390914528595,0
37.536,15.126040707786105,-0.3524346271717751,-0.09237108137279436,16.6264,-0.4888155935167355,0.35096218399189427,0.0141583882822669,0.3509801385522471,0.01299604304641068,1.506544978987938,0.0017213299318019906,0.006544978987937933,0,0,FOLLOWING,1.5065630514856863,0.3503293683502069,0
37.568,15.13722374338727,-0.35346899709131174,-0.09195349715315602,16.637600000000003,-0.48921581558567223,0.3509437194862167,0.014217560357676087,0.35096156521787936,0.013049507052988636,1.5065046001053484,0.0017239766560675635,0.006504600105348368,0,0,FOLLOWING,1.5065226072204925,0.35031977691946936,0
37.6,15.1484066221917,-0.3544986363803515,-0.09153421051010457,16.648799999999998,-0.4896088238827429,0.35092536700808696,0.01427644140139665,0.3509431011772116,0.01310270778698111,1.506464420734165,0.0017265944262078586,0.006464420734165088,0,0,FOLLOWING,1.5064823616979481,0.35031031773719706,0
37.632,15.159589347510858,-0.35552352667169673,-0.09111322987797131,16.659999999999997,-0.48999461261281163,0.35090712924390105,0.014335031057987084,0.3509247491757272,0.013155644948128207,1.5064244418679171,0.0017291832080589403,0.00642444186791713,0,0,FOLLOWING,1.5064423159156854,0.3503009913720566,0
37.664,15.170771922709628,-0.3565436496974691,-0.09069056370071768,16.6712,-0.490373176087199,0.35088900882176616,0.01439332897110626,0.35090651189952365,0.013208318235486434,1.5063846644383294,0.0017317429676527857,0.006384664438329413,0,0,FOLLOWING,1.5064024708095998,0.35029179838476704,0
37.696,15.181954351204533,-0.35755898728887403,-0.09026622043195648,16.6824,-0.49074450872376635,0.35087100831255297,0.014451334783559805,0.3508883919764276,0.013260727347452332,1.5063450893168993,0.001734273671221212,0.006345089316899255,0,0,FOLLOWING,1.5063628272553953,0.35028273932807535,0
37.728,15.193136636461977,-0.3585695213759705,-0.08984020853496814,16.6936,-0.4911086050469977,0.3508531302309295,0.014509048137340566,0.35087039197703657,0.01331287198191168,1.506305717316439,0.0017367752851962098,0.006305717316438919,0,0,FOLLOWING,1.506323386070153,0.3502738147467102,0
37.76,15.204318781996536,-0.35957523398744734,-0.08941253648271902,16.704800000000002,-0.4914654596880812,0.35083537703636836,0.014566468673672419,0.3508525144157365,0.013364751836178369,1.5062665491925826,0.00173924777621276,0.006266549192582627,0,0,FOLLOWING,1.5062841480137965,0.3502650251773669,0
37.792,15.215500791369267,-0.36057610725040595,-0.08898321275788079,16.716,-0.4918150673849873,0.35081775113413516,0.014623596033055679,0.3508347617517448,0.013416366606961532,1.5062275856452316,0.0017416911111138578,0.006227585645231626,0,0,FOLLOWING,1.5062451137905914,0.3502563711486507,0
37.824,15.22668266818606,-0.36157212339014844,-0.0885522458528381,16.7272,-0.4921574229825473,0.3508002548762532,0.014680429855306168,0.35081713639004247,0.013467715990730484,1.506188827320022,0.0017441052569467097,0.006188827320021906,0,0,FOLLOWING,1.5062062840505595,0.350247853181063,0
37.856,15.23786441609602,-0.3625632647299715,-0.08811964426970754,16.7384,-0.49249252143252836,0.350782890562448,0.014736969779601792,0.35079964068242964,0.013518799683362524,1.5061502748096993,0.0017464901809691458,0.006150274809699319,0,0,FOLLOWING,1.5061676593908915,0.35023947178695675,0
37.888,15.24904603878988,-0.36354951369096644,-0.08768541652034803,16.7496,-0.49282035779370914,0.3507656604410714,0.014793215444524006,0.35078227692834413,0.013569617380408523,1.5061119286555105,0.0017488458506501325,0.006111928655510468,0,0,FOLLOWING,1.5061292403573177,0.35023122747050967,0
37.92,15.260227539998434,-0.36453085279182396,-0.08724957112637442,16.7608,-0.4931409272319516,0.3507485667100045,0.01484916648810063,0.35076504737590564,0.013620168776994972,1.5060737893485319,0.0017511722336741864,0.006073789348531866,0,0,FOLLOWING,1.5060910274454538,0.3502231207276836,0
37.952,15.27140892349103,-0.3655072646486459,-0.08681211661916648,16.772,-0.4934542250202729,0.35073161151754,0.014904822547851639,0.3507479542227738,0.013670453567970113,1.5060358573309873,0.0017534692979428723,0.0060358573309873265,0,0,FOLLOWING,1.5060530211020973,0.3502151520462014,0
37.984,15.28259019307406,-0.36647873197476066,-0.086373061539877,16.783199999999997,-0.4937602465389148,0.35071479696324653,0.01496018326082904,0.3507309996169701,0.013720471447924421,1.5059981329975285,0.0017557370115759974,0.005998132997528494,0,0,FOLLOWING,1.5060152217265208,0.35020732190551296,0
38.016,15.293771352589488,-0.36744523758054515,-0.08593241443944274,16.7944,-0.4940589872754121,0.3506981250988156,0.015015248263662075,0.35071418565783385,0.013770222111108657,1.5059606166964978,0.001757975342917703,0.0059606166964978335,0,0,FOLLOWING,1.5059776296717293,0.3501996307767675,0
38.048,15.304952405913417,-0.3684067643732515,-0.08549018387858688,16.8056,-0.4943504428246585,0.3506815979288862,0.015070017192599632,0.3506975143968377,0.013819705251700605,1.505923308731131,0.00176018426053369,0.005923308731131005,0,0,FOLLOWING,1.5059402452456745,0.35019207912277533,0
38.08,15.316133356954676,-0.369363295356839,-0.08504637842782996,16.8168,-0.49463460888897265,0.3506652174118557,0.015124489683553103,0.3506809878383793,0.013868920563527704,1.5058862093607834,0.0017623637332204178,0.005886209360783434,0,0,FOLLOWING,1.5059030687124622,0.35018466739798904,0
38.112,15.327314209653435,-0.37031481363181085,-0.08460100666749155,16.828,-0.4949114812781603,0.3506489854606656,0.015178665372139794,0.3506646079406406,0.013917867740372306,1.5058493188020725,0.001764513730003553,0.005849318802072512,0,0,FOLLOWING,1.5058661002935094,0.35017739604845827,0
38.144,15.338494967979841,-0.3712613023950564,-0.08415407718769322,16.8392,-0.49518105590957723,0.3506329039435804,0.015232543893726143,0.35064837661634674,0.013966546475922761,1.5058126372300542,0.0017666342201418106,0.005812637230054207,0,0,FOLLOWING,1.5058293401687006,0.35017026551182884,0
38.176,15.349675635932691,-0.3722027449396978,-0.08370559858836264,16.850399999999997,-0.4954433288081885,0.35061697468494174,0.015286124883470958,0.35063229573355625,0.014014956463735885,1.505776164779303,0.0017687251731299675,0.005776164779303095,0,0,FOLLOWING,1.5057927884775109,0.35016327621728155,0
38.208,15.360856217538121,-0.3731391246549416,-0.08325557947923508,16.8616,-0.4956982961066276,0.3506011994659087,0.015339407976367644,0.3506163671163903,0.014063097397325629,1.5057399015450543,0.0017707865587042182,0.005739901545054327,0,0,FOLLOWING,1.5057564453200782,0.3501564285855379,0
38.24,15.372036716848324,-0.3740704250259348,-0.08280402847985198,16.8728,-0.4959459540452533,0.350585580025183,0.015392392807287438,0.3506005925457864,0.014110968970248456,1.5057038475842255,0.001772818346841204,0.0057038475842254854,0,0,FOLLOWING,1.5057203107583015,0.3501497230288059,0
38.272,15.383217137940294,-0.37499662963362623,-0.082350954219559,16.884,-0.4961862989722054,0.35057011805971394,0.015445079011022423,0.35058497376026654,0.01415857087612143,1.5056680029164855,0.0017748205077614404,0.005668002916485504,0,0,FOLLOWING,1.505684384816854,0.3501431599507672,0
38.304,15.394397484914586,-0.37591772215463154,-0.08189636533750837,16.895199999999996,-0.49641932734345784,0.3505548152253924,0.015497466222328567,0.3505695124565722,0.014205902808489632,1.5056323675252778,0.0017767930119370196,0.005632367525277848,0,0,FOLLOWING,1.5056486674842335,0.3501367397465432,0
38.336,15.405577761894115,-0.3768336863611037,-0.08144027048265151,16.9064,-0.4966450357228719,0.3505396731377305,0.015549554075968945,0.3505542102903984,0.014252964461129449,1.505596941358825,0.0017787358300908884,0.005596941358825047,0,0,FOLLOWING,1.5056131587137385,0.35013046280269455,0
38.368,15.416757973022955,-0.37774450612060695,-0.08098267831373439,16.9176,-0.4968634207822461,0.3505246933725208,0.015601342206754588,0.35053906887706215,0.014299755527958686,1.505561724331066,0.0017806489331977096,0.0055617243310659426,0,0,FOLLOWING,1.5055778584244612,0.3501243294971525,0
38.4,15.427938122465182,-0.37865016539599533,-0.08052359749929662,16.928800000000003,-0.49707447930136567,0.3505098774664846,0.015652830249590684,0.350524089792176,0.014346275702926561,1.5055267163226642,0.0017825322924944903,0.005526716322664216,0,0,FOLLOWING,1.5055427665022205,0.35011834019923593,0
38.432,15.439118214403733,-0.37955064824529605,-0.08006303671765862,16.94,-0.4972782081680499,0.3504952269179066,0.015704017839515437,0.3505092745722747,0.0143925246803835,1.5054919171818921,0.001784385879475103,0.005491917181892125,0,0,FOLLOWING,1.505507882800515,0.3501124952696001,0
38.464,15.450298253039271,-0.3804459388215963,-0.07960100465692026,16.9512,-0.4974746043781982,0.35048074318725425,0.015754904611746078,0.35049462471544485,0.014438502154720857,1.5054573267255789,0.0017862096659018029,0.005457326725578859,0,0,FOLLOWING,1.5054732071414156,0.3501067950602331,0
38.496,15.461478242589099,-0.3813360213729346,-0.07913751001494543,16.9624,-0.49766366503583404,0.35046642769778585,0.01580549020171872,0.35048014168199493,0.014484207820813513,1.5054229447399783,0.0017880036238009517,0.005422944739978286,0,0,FOLLOWING,1.5054387393164756,0.3501012399144195,0
38.528,15.472658187286067,-0.382220880242196,-0.07867256149935753,16.9736,-0.4978453873531482,0.35045228183614213,0.01585577424513218,0.3504658268949921,0.014529641373673175,1.5053887709816498,0.0017897677254720135,0.005388770981649804,0,0,FOLLOWING,1.505404479087575,0.3500958301667321,0
38.56,15.483838091377518,-0.3831004998670113,-0.07820616782752539,16.9848,-0.49801976865053915,0.35043830695292805,0.015905756377992398,0.35045168174091973,0.014574802508759456,1.5053548051782961,0.0017915019434875806,0.005354805178296118,0,0,FOLLOWING,1.5053704261878003,0.3500905661429912,0
38.592,15.495017959124247,-0.3839748647796599,-0.07773833772655188,16.996,-0.49818680635665336,0.35042450436327843,0.015955436236649904,0.3504377075701956,0.014619690921880703,1.5053210470296101,0.0017932062506979402,0.005321047029610115,0,0,FOLLOWING,1.505336580322243,0.35008544816026327,0
38.624,15.506197794799478,-0.3848439596069771,-0.07726907993326146,17.007199999999997,-0.4983464980084225,0.35041087534741566,0.016004813457848027,0.3504239056977927,0.014664306309238989,1.505287496208081,0.0017948806202352507,0.0052874962080811105,0,0,FOLLOWING,1.505302941168842,0.35008047652682917,0
38.656,15.517377602687866,-0.38570776907026494,-0.07679840319418504,17.0184,-0.49849884125110044,0.3503974211511921,0.016053887678761924,0.35041027740377156,0.014708648367503923,1.5052541523597829,0.001796525025516027,0.005254152359782882,0,0,FOLLOWING,1.5052695083791527,0.3500756515421705,0
38.688,15.5285573870845,-0.3865662779852063,-0.07632631626554615,17.0296,-0.4986438338382973,0.35038414298662157,0.01610265853704244,0.35039682393383154,0.014752716793784055,1.5052210151051533,0.0017981394402462464,0.0052210151051532705,0,0,FOLLOWING,1.5052362815791425,0.3500709734969417,0
38.72,15.53973715229396,-0.38741947126178317,-0.0758528279132409,17.040800000000004,-0.49878147363201303,0.3503710420324005,0.016151125670858316,0.35038354649981507,0.0147965112858102,1.5051880840397616,0.0017997238384219044,0.005188084039761565,0,0,FOLLOWING,1.5052032603699323,0.3500664426729656,0
38.752,15.55091690262935,-0.3882673339041984,-0.0753779469128224,17.052,-0.4989117586026688,0.3503581194344109,0.01619928871893745,0.35037044628028324,0.014840031541800688,1.5051553587350106,0.001801278194332803,0.005155358735010607,0,0,FOLLOWING,1.5051704443285325,0.35006205934319007,0
38.784,15.562096642411378,-0.3891098510108005,-0.07490168204948265,17.0632,-0.4990346868291369,0.3503453763062247,0.016247147320609934,0.3503575244209377,0.014883277260538546,1.5051228387389244,0.0018028024825695735,0.005122838738924385,0,0,FOLLOWING,1.5051378330085887,0.35005782377170414,0
38.816,15.573276375967437,-0.38994700777401287,-0.07442404211803,17.0744,-0.499150256498769,0.35033281372958885,0.016294701115849877,0.350344782035212,0.014926248141517147,1.5050905235768044,0.0018042966780225378,0.0050905235768043955,0,0,FOLLOWING,1.5051054259410717,0.3500537362137014,0
38.848,15.584456107630713,-0.3907787894802656,-0.07394503592287173,17.085600000000003,-0.49925846590742323,0.35032043275490177,0.01634194974531806,0.35033222020470955,0.014968943884763967,1.505058412751932,0.001805760755888855,0.005058412751931973,0,0,FOLLOWING,1.505073222634974,0.35004979691546395,0
38.88,15.595635841739304,-0.3916051815099309,-0.07346467227798935,17.096799999999998,-0.49935931345948886,0.35030823440167624,0.016388892850403756,0.350319839979674,0.015011364191086793,1.5050265057462415,0.0018071946916738274,0.0050265057462415275,0,0,FOLLOWING,1.5050412225779741,0.350046006114338,0
38.912,15.606815582635358,-0.3924261693372619,-0.07298296000691665,17.107999999999997,-0.49945279766791,0.3502962196589984,0.016435530073265998,0.35030764237948414,0.015053508761978612,1.5049948020210029,0.0018085984611965478,0.0049948020210028865,0,0,FOLLOWING,1.5050094252371025,0.3500423640387494,0
38.944,15.617995334664222,-0.3932417385303343,-0.07249990794271541,17.1192,-0.4995389171542076,0.35028438948597523,0.016481861056877597,0.3502956283930768,0.015095377299683847,1.5049633010174361,0.0018099720405919395,0.004963301017436139,0,0,FOLLOWING,1.5049778300593966,0.35003887090816094,0
38.976,15.629175102173615,-0.3940518747509921,-0.07201552492794895,17.1304,-0.49961767064849977,0.35027274481216836,0.01652788544506498,0.35028379897943046,0.01513696950728679,1.504932002157346,0.0018113154063137125,0.004932002157346016,0,0,FOLLOWING,1.5049464364725011,0.35003552693306983,0
39.008,15.640354889512802,-0.39485656375479544,-0.0715298198146571,17.141599999999997,-0.4996890569895204,0.3502612865380225,0.016573602882551264,0.35027215506796244,0.015178285088639611,1.504900904843744,0.0018126285351395127,0.004900904843744058,0,0,FOLLOWING,1.5049152438853177,0.3500323323149827,0
39.04,15.6515347010318,-0.3956557913909721,-0.07104280146432722,17.152800000000003,-0.49975307512463635,0.3502500155352847,0.01661901301499786,0.35026069755898614,0.015219323748509206,1.504870008461467,0.001813911404174029,0.0048700084614670125,0,0,FOLLOWING,1.504884251688576,0.35002928724642524,0
39.072,15.662714541080588,-0.39644954360237206,-0.07055447874786434,17.164,-0.49980972410986296,0.35023893264741107,0.016664115489044562,0.3502494273241156,0.015260085192594046,1.5048393123777088,0.0018151639908489392,0.004839312377708849,0,0,FOLLOWING,1.504853459255434,0.3500263919109016,0
39.104,15.673894414008332,-0.39723780642542433,-0.07006486054556774,17.1752,-0.49985900310987796,0.3502280386899683,0.01670890995235317,0.35023834520668395,0.01530056912732142,1.504808815942655,0.0018163862729350944,0.00480881594265492,0,0,FOLLOWING,1.504822865942047,0.35002364648290263,0
39.136,15.685074324162626,-0.39802056599009783,-0.06957395574709396,17.1864,-0.49990091139803383,0.35021733445102643,0.016753396053649894,0.3502274520221222,0.015340775260280048,1.5047785184900087,0.0018175782285389658,0.004778518490008654,0,0,FOLLOWING,1.5047924710881333,0.350021051127886,0
39.168,15.696254275888752,-0.39879780851986435,-0.0690817732514262,17.1976,-0.4999354483563685,0.35020682069153963,0.016797573442764682,0.3502167485583782,0.015380703300008116,1.504748419337542,0.001818739836107336,0.004748419337541998,0,0,FOLLOWING,1.5047622740174966,0.35001860600227663,0
39.2,15.707434273528937,-0.3995695203316644,-0.06858832196684217,17.2088,-0.4999626134756144,0.3501964981457247,0.01684144177067282,0.3502062355762802,0.015420352956053554,1.5047185177876266,0.0018198710744317115,0.004718517787626553,0,0,FOLLOWING,1.504732274038597,0.3500163112534376,0
39.232,15.718614321421644,-0.4003356878358762,-0.06809361081087921,17.22,-0.4999824063552061,0.3501863675214261,0.016885000689537775,0.35019591380992277,0.015459723939052431,1.5046888131277705,0.0018209719226517235,0.004688813127770475,0,0,FOLLOWING,1.504702470445039,0.35001416701967963,0
39.264,15.729794423900858,-0.40109629753628717,-0.06759764871030223,17.231199999999998,-0.49999482670328593,0.3501764295004777,0.016928249852751678,0.3501857839670305,0.015498815960641675,1.5046593046311136,0.0018220423602612057,0.004659304631113637,0,0,FOLLOWING,1.5046728625161054,0.3500121734302389,0
39.296,15.740974585295403,-0.40185133603006806,-0.06710044460106183,17.2424,-0.4999998743367088,0.3501666847390528,0.016971188914976152,0.35017584672933166,0.015537628733772433,1.5046299915569281,0.0018230823671060992,0.004629991556928115,0,0,FOLLOWING,1.5046434495172258,0.35001033060528197,0
39.328,15.752154809928248,-0.4026007900077494,-0.06660200742826312,17.2536,-0.49999754918104433,0.35015713386801073,0.01701381753218417,0.35016610275287324,0.015576161972360367,1.5046008731511014,0.0018240919233937641,0.004600873151101359,0,0,FOLLOWING,1.5046142307004997,0.35000863865587933,0
39.36,15.763335102115848,-0.4033446462532019,-0.06610234614612111,17.2648,-0.49998785127057827,0.3501477774932328,0.017056135361700107,0.35015655266839324,0.015614415391725575,1.5045719486466245,0.00182507100969162,0.0045719486466244685,0,0,FOLLOWING,1.5045852053051323,0.3500070976840199,0
39.392,15.774515466167488,-0.4040828916436175,-0.06560146971792913,17.276000000000003,-0.499970780748312,0.35013861619595316,0.0170981420622422,0.35014719708167125,0.01565238870816656,1.5045432172640307,0.0018260196069366517,0.00454321726403073,0,0,FOLLOWING,1.504556372557924,0.35000570778258533,0
39.424,15.78569590638463,-0.4048155131494943,-0.06509938711601176,17.287200000000002,-0.49994633786596027,0.3501296505330808,0.017139837293963192,0.35013803657382797,0.01569008163945912,1.5045146782118661,0.0018269376964336614,0.00451467821186613,0,0,FOLLOWING,1.5045277316737045,0.35000446903535515,0
39.456,15.796876427060283,-0.4055424978346236,-0.064596107321685,17.298399999999997,-0.4999145229839477,0.35012088103751765,0.017181220718489206,0.3501290717016561,0.01572749390462084,1.504486330687132,0.001827825259860208,0.00448633068713189,0,0,FOLLOWING,1.504499281855793,0.35000338151699306,0
39.488,15.80805703247839,-0.40626383285607875,-0.0640916393252141,17.3096,-0.4998753365714031,0.3501123082184698,0.01722229199896239,0.3501203029979541,0.015764625223986313,1.5044581738757137,0.0018286822792707574,0.004458173875713678,0,0,FOLLOWING,1.504471022296409,0.35000244529306423,0
39.52,15.819237726913197,-0.4069795054642078,-0.0635859921257721,17.320800000000002,-0.499828779206153,0.35010393256174993,0.017263050800081184,0.3501117309718306,0.015801475319187543,1.5044302069527913,0.0018295087371019354,0.004430206952791282,0,0,FOLLOWING,1.5044429521771099,0.3500016604200006,0
39.552,15.830418514628676,-0.4076895030026267,-0.06307917473139091,17.332,-0.4997748515747128,0.3500957545300736,0.017303496788140176,0.3501033561089857,0.015838043913384003,1.504402429083255,0.0018303046161717575,0.004402429083254944,0,0,FOLLOWING,1.5044150706691892,0.3500010269451112,0
39.584,15.841599399877921,-0.40839381290821625,-0.06257119615891873,17.343199999999996,-0.4997135544722769,0.35008777456335,0.017343629631071958,0.35009517887204816,0.01587433073106682,1.5043748394221106,0.0018310698996867952,0.004374839422110588,0,0,FOLLOWING,1.5043873769340825,0.3500005449065764,0
39.616,15.85278038690257,-0.4090924227111206,-0.062062065433972385,17.3544,-0.4996448888027066,0.3500799930789701,0.01738344899848501,0.3500871997007933,0.01591033549821701,1.5043474371148904,0.0018318045712455155,0.0043474371148903845,0,0,FOLLOWING,1.504359870123757,0.35000021433346185,0
39.648,15.863961479932238,-0.4097853200347484,-0.06155179159088951,17.3656,-0.49956885557851727,0.35007241047208487,0.017422954561707133,0.3500794190125365,0.015946057942307117,1.5043202212979923,0.0018325086148400782,0.004320221297992255,0,0,FOLLOWING,1.5043325493811006,0.3500000352456946,0
39.68,15.875142683183965,-0.41047249259577506,-0.0610403836726803,17.376800000000003,-0.49948545592086296,0.3500650271158791,0.01746214599382433,0.3500718372023245,0.01598149779232161,1.504293191099081,0.0018331820148614825,0.004293191099081106,0,0,FOLLOWING,1.5043054138402874,0.3500000076540703,0
39.712,15.886324000861654,-0.4111539282041492,-0.06052785073097634,17.388,-0.4993946910595203,0.35005784336183754,0.017501022969720066,0.3500644546432456,0.01601665477884049,1.5042663456374517,0.0018338247561020748,0.004266345637451652,0,0,FOLLOWING,1.5042784626271426,0.3500001315602438,0
39.744,15.897505437155544,-0.41182961476309893,-0.06001420182598133,17.3992,-0.49929656233286973,0.3500508595400092,0.017539585166116547,0.35005727168669565,0.016051528633984593,1.5042396840243828,0.0018344368237604713,0.004239684024382795,0,0,FOLLOWING,1.5042516948594946,0.35000040695675144,0
39.776,15.908686996241677,-0.41249954026914154,-0.05949944602641632,17.4104,-0.49919107118787664,0.35004407595926607,0.017577832261613975,0.3500502886626299,0.016086119091587487,1.5042132053634807,0.0018350182034419238,0.004213205363480688,0,0,FOLLOWING,1.5042251096475368,0.35000083382698943,0
39.808,15.919868682281374,-0.41316369281209525,-0.058983592409468474,17.4216,-0.4990782191800693,0.3500374929075538,0.017615763936730627,0.3500435058798242,0.016120425887082488,1.5041869087510233,0.0018355688811643178,0.004186908751023344,0,0,FOLLOWING,1.5041987060941422,0.35000141214523156,0
39.84,15.931050499420728,-0.41382206057509224,-0.05846665006073967,17.4328,-0.4989580079735162,0.35003111065214,0.01765337987394232,0.3500369236261222,0.016154448757509255,1.504160793276278,0.0018360888433634065,0.004160793276277941,0,0,FOLLOWING,1.5041724832952212,0.35000214187661105,0
39.872,15.942232451790103,-0.41447463183459415,-0.05794862807418638,17.444,-0.4988304393408015,0.3500249294398545,0.017690679757722292,0.3500305421687167,0.016188187441787252,1.504134858021842,0.00183657807689213,0.004134858021842103,0,0,FOLLOWING,1.5041464403400133,0.35000302297714286,0
39.904,15.953414543503634,-0.4151213949604094,-0.05742953555206821,17.455199999999998,-0.498695515162999,0.35001894949733037,0.017727663274581654,0.35002436175433954,0.016221641680442597,1.5041091020639525,0.0018370365690283871,0.004109102063952541,0,0,FOLLOWING,1.5041205763114345,0.3500040553937147,0
39.936,15.964596778658754,-0.41576233841571225,-0.05690938160488679,17.4664,-0.49855323742964414,0.3500131710312347,0.017764330113107286,0.3500183826095566,0.016254811215910454,1.5040835244727868,0.0018374643074742653,0.004083524472786815,0,0,FOLLOWING,1.5040948902863573,0.35000523906409664,0
39.968,15.975779161335709,-0.4163974507570642,-0.05638817535133152,17.4776,-0.49840360823870494,0.3500075942284964,0.0178006799640023,0.3500126049409296,0.0162876957923263,1.5040581243127595,0.0018378612803634925,0.004058124312759537,0,0,FOLLOWING,1.5040693813359247,0.3500065739169363,0
40.0,15.986961695597097,-0.4170267206344364,-0.0558659259182176,17.488800000000005,-0.4982466297965508,0.3500022192565326,0.01783671252012553,0.35000702893531105,0.016320295155755504,1.504032900642836,0.0018382274762625969,0.0040329006428359016,0,0,FOLLOWING,1.5040440485258368,0.3500080598717775,0
40.032000000000004,15.998144385487402,-0.41765013679123447,-0.05534264244042716,17.5,-0.49808230441792034,0.34999704626346306,0.017872427476529396,0.35000165476002393,0.01635260905410884,1.5040078525167815,0.0018385628841741525,0.004007852516781485,0,0,FOLLOWING,1.5040188909166379,0.3500096968390379,0
40.064,16.00932723503255,-0.41826768806432546,-0.054818334060848274,17.5112,-0.49791063452588674,0.34999207537832955,0.01790782453050039,0.3499964825631207,0.016384637237197457,1.503982978983488,0.0018388674935428883,0.003982978983487984,0,0,FOLLOWING,1.503993907563987,0.3500114847200557,0
40.096000000000004,16.020510248239464,-0.4188793633840647,-0.05429300993031019,17.5224,-0.4977316226518226,0.3499873067113079,0.017942903381596174,0.3499915124735376,0.016416379456861533,1.5039582790872081,0.0018391412942538946,0.003958279087208139,0,0,FOLLOWING,1.503969097518946,0.3500134234070691,0
40.128,16.031693429095625,-0.41948515177432677,-0.05376667920752437,17.533600000000003,-0.4975452714353619,0.3499827403539134,0.01797766373168644,0.3499867446014201,0.016447835466781278,1.5039337518678284,0.0018393842766417853,0.003933751867828406,0,0,FOLLOWING,1.5039444598282312,0.3500155127832253,0
40.160000000000004,16.042876781568655,-0.4200850423525369,-0.053239351059023166,17.5448,-0.4973515836243621,0.3499783763792027,0.018012105284991975,0.34998217903814927,0.01647900502255245,1.5039093963611228,0.0018395964314960672,0.003909396361122752,0,0,FOLLOWING,1.5039199935344694,0.3500177527225855,0
40.192,16.054060309605884,-0.4206790243297034,-0.05271103465908138,17.555999999999997,-0.4971505620748624,0.3499742148419751,0.01804622774812101,0.3499778158567339,0.016509887882225578,1.5038852115990353,0.001839777750052507,0.003885211599035321,0,0,FOLLOWING,1.5038956976764593,0.350020143090147,0
40.224000000000004,16.065244017133942,-0.4212670870104524,-0.052181739189665816,17.5672,-0.49694220975104275,0.3499702557789696,0.018080030830109648,0.34997365511188355,0.016540483805422432,1.503861196609896,0.001839928224010717,0.0038611966098960337,0,0,FOLLOWING,1.503871571289415,0.35002268374184314,0
40.256,16.076427908058367,-0.4218492197930651,-0.051651473840360264,17.578400000000002,-0.4967265297251792,0.3499664992090544,0.018113514242460958,0.3499696968402829,0.016570792554114467,1.5038373504186553,0.0018400478455304556,0.0038373504186552942,0,0,FOLLOWING,1.5038476134051966,0.3500253745245502,0
40.288000000000004,16.08761198626318,-0.42242541216951457,-0.05112024780829479,17.589599999999997,-0.4965035251775994,0.34996294513341497,0.018146677699179315,0.34996594106070017,0.016600813892478833,1.5038136720471411,0.0018401366072322567,0.0038136720471411145,0,0,FOLLOWING,1.5038238230525565,0.3500282152760886,0
40.32,16.098796255610534,-0.42299565372550535,-0.05058807029808177,17.6008,-0.4962731993966349,0.34995959353573985,0.01817952091681205,0.349962387774289,0.01663054758669456,1.5037901605142787,0.0018401945022061062,0.0037901605142787176,0,0,FOLLOWING,1.50380019925734,0.35003120582526664,0
40.352000000000004,16.109980719940282,-0.42355993414051424,-0.05005495052174418,17.612000000000002,-0.4960355557785737,0.34995644438240575,0.01821204361448518,0.3499590369646,0.016659993405178392,1.5037668148363106,0.0018402215240125796,0.0037668148363105836,0,0,FOLLOWING,1.50377674104276,0.3500343459918556,0
40.384,16.12116538306964,-0.4241182431878323,-0.04952089769864403,17.6232,-0.49579059782760904,0.3499534976226512,0.018244245513942856,0.3499558885979861,0.01668915111858711,1.5037436340270043,0.001840217666685941,0.0037436340270042834,0,0,FOLLOWING,1.5037534474295526,0.3500376355866179,0
40.416000000000004,16.132350248792804,-0.42467057073460895,-0.048985921055413884,17.6344,-0.4955383291557885,0.3499507531887546,0.018276126339584704,0.3499529426236141,0.016718020499714308,1.5037206170978838,0.0018401829247412444,0.0037206170978838493,0,0,FOLLOWING,1.5037303174362342,0.3500410744113132,0
40.448,16.143535320880574,-0.42521690674189616,-0.04845002982587855,17.6456,-0.4952787534829603,0.3499482109962061,0.018307685818502704,0.3499501989736905,0.016746601323802006,1.5036977630584274,0.0018401172931720305,0.0036977630584273946,0,0,FOLLOWING,1.5037073500792772,0.3500446622587232,0
40.480000000000004,16.15472060308002,-0.4257572412646954,-0.04791323325098524,17.6568,-0.495011874636719,0.34994587094387536,0.01833892368052048,0.34994765756362345,0.016774893368276627,1.5036750709162499,0.0018400207674569985,0.0036750709162498563,0,0,FOLLOWING,1.5036845443733307,0.35004839891264444,0
40.512,16.165906099114107,-0.4262915644520055,-0.047375540578725214,17.668,-0.4947376965523482,0.34994373291417946,0.01836983965822804,0.3499453182922096,0.016802896413009492,1.5036525396773335,0.0018398933435616327,0.0036525396773334773,0,0,FOLLOWING,1.5036618993314017,0.35005228414792233,0
40.544000000000004,16.17709181268138,-0.4268198665468709,-0.046836961064061496,17.679199999999998,-0.4944562232727637,0.34994179677324483,0.018400433487020647,0.34994318104180633,0.016830610240133714,1.5036301683461861,0.0018397350179428088,0.0036301683461861245,0,0,FOLLOWING,1.5036394139650513,0.35005631773045415,0
40.576,16.188277747455587,-0.4273421378864321,-0.046297503968847964,17.6904,-0.4941674589484524,0.3499400623710715,0.01843070490513436,0.3499412456784837,0.016858034634309828,1.5036079559260604,0.0018395457875498983,0.0036079559260604466,0,0,FOLLOWING,1.5036170872845933,0.35006049941720957,0
40.608000000000004,16.199463907085395,-0.4278583689019779,-0.04575717856175692,17.7016,-0.4938714078374125,0.34993852954168503,0.018460653653684312,0.34993951205218043,0.016885169382461963,1.5035859014190855,0.0018393256498314692,0.0035859014190855465,0,0,FOLLOWING,1.5035949182992407,0.3500648289562382,0
40.64,16.21065029519402,-0.4283685501189967,-0.0452159941181944,17.7128,-0.4935680743050898,0.34993719810329654,0.018490279476700445,0.3499379799968364,0.01691201427416018,1.5035640038265035,0.0018390746027340393,0.003564003826503459,0,0,FOLLOWING,1.5035729060173209,0.35006930608669656,0
40.672000000000004,16.22183691537894,-0.4288726721572316,-0.044673959920221114,17.724000000000004,-0.49325746282431376,0.34993606785845416,0.01851958212116145,0.34993664933062346,0.0169385691014468,1.5035422621487937,0.0018387926447047953,0.003542262148793718,0,0,FOLLOWING,1.503551049446424,0.3500739305388565,0
40.704,16.23302377121156,-0.4293707257307346,-0.04413108525648023,17.735200000000003,-0.4929395779752314,0.34993513859418973,0.018548561337035828,0.34993551985600446,0.016964833658618176,1.5035206753858594,0.0018384797747032222,0.0035206753858594286,0,0,FOLLOWING,1.5035293475935658,0.35007870203411984,0
40.736000000000004,16.244210866236912,-0.4298627016479232,-0.04358737942210411,17.746399999999998,-0.49261442444523995,0.34993441008217074,0.018577216877314246,0.3499345913599645,0.01699080774288843,1.5034992425371954,0.0018381359921929089,0.0034992425371953573,0,0,FOLLOWING,1.5035077994653772,0.3500836202850443,0
40.768,16.25539820397335,-0.4303485908116374,-0.04304285171863902,17.7576,-0.49228200702891717,0.34993388207884635,0.018605548498046867,0.349933863614107,0.0170164911538216,1.5034779626020585,0.0018377612971521365,0.0034779626020584598,0,0,FOLLOWING,1.503486404068237,0.35008868499537066,0
40.800000000000004,16.26658578791227,-0.43082838421919833,-0.04249751145396025,17.768800000000002,-0.49194233062795145,0.3499335543255866,0.018633555958378248,0.349933336374816,0.01704188369363606,1.5034568345795696,0.0018373556900736637,0.0034568345795695787,0,0,FOLLOWING,1.5034651604084317,0.35009389586001893,0
40.832,16.277773621517788,-0.43130207296246703,-0.041951367942186825,17.78,-0.49159540025106885,0.3499334265488254,0.018661239020583885,0.3499330093834074,0.01706698516721526,1.5034358574689228,0.0018369191719685082,0.0034358574689228316,0,0,FOLLOWING,1.5034440674923137,0.3500992525651223,0
40.864000000000004,16.28896170822648,-0.4317696482279054,-0.04140443050360049,17.791199999999996,-0.4912412210139597,0.3499334984601984,0.01868859745010671,0.3499328823662313,0.01709179538197323,1.5034150302695053,0.0018364517443724762,0.0034150302695052925,0,0,FOLLOWING,1.5034231243264455,0.3501047547880387,0
40.896,16.300150051447087,-0.43223110129663705,-0.04085670846455103,17.8024,-0.4908797981392029,0.3499337697566831,0.018715631015589474,0.3499329550348911,0.017116314148283802,1.5033943519810617,0.0018359534093408125,0.0033943519810617495,0,0,FOLLOWING,1.5034023299177437,0.3501104021973935,0
40.928000000000004,16.311338654560252,-0.43268642354451053,-0.04030821115737251,17.8136,-0.49051113695618925,0.3499342401207292,0.018742339488908875,0.34993322708633434,0.01714054127913855,1.5033738216037908,0.0018354241694539181,0.0033738216037908497,0,0,FOLLOWING,1.5033816832736044,0.35011619445307035,0
40.96,16.32252752091824,-0.4331356064421615,-0.039758947920300956,17.824800000000003,-0.49013524290104216,0.34993490922039255,0.018768722645213665,0.34993369820291037,0.017164476590100005,1.5033534381385216,0.001834864027826448,0.003353438138521625,0,0,FOLLOWING,1.503361183402061,0.35012213120624963,0
40.992,16.333716653844675,-0.4335786415550777,-0.03920892809737834,17.836,-0.4897521215165384,0.3499357767094631,0.01879478026295642,0.3499343680526297,0.017188119899733123,1.5033332005868212,0.00183427298810241,0.0033332005868211834,0,0,FOLLOWING,1.5033408293118888,0.3501282120994196,0
41.024,16.344906056634287,-0.434015520543664,-0.038658161038367105,17.8472,-0.4893617784520255,0.3499368422275985,0.018820512123929864,0.3499352362892028,0.017211471029272694,1.503313107951157,0.0018336510544636475,0.003313107951157024,0,0,FOLLOWING,1.5033206200127647,0.35013443676642136,0
41.056,16.356095732552646,-0.43444623516330777,-0.038106656098657606,17.8584,-0.48896421946333923,0.34993810540044806,0.018845918013300416,0.3499363025522802,0.01723452980284592,1.5032931592349739,0.001832998231628587,0.0032931592349738636,0,0,FOLLOWING,1.5033005545153615,0.350140804832453,0
41.088,16.367285684835934,-0.4348707772644463,-0.037554422639178145,17.8696,-0.48855945041271825,0.3499395658397769,0.018870997719641736,0.34993756646744345,0.017257296047391894,1.5032733534428435,0.0018323145248580475,0.0032733534428435185,0,0,FOLLOWING,1.503280631831485,0.3501473159140963,0
41.12,16.378475916690668,-0.4352891387926344,-0.037001470026298576,17.8808,-0.48814747726871754,0.3499412231435927,0.018895751034968693,0.3499390276463865,0.01727976959286256,1.5032536895805972,0.0018315999399544298,0.003253689580597241,0,0,FOLLOWING,1.5032608509741945,0.35015396961935225,0
41.152,16.38966643129349,-0.4357013117886127,-0.036447807631739916,17.892,-0.48772830610612106,0.3499430768962644,0.01892017775476952,0.3499406856870585,0.017301950272033,1.5032341666553968,0.0018308544832656148,0.003234166655396775,0,0,FOLLOWING,1.5032412109579094,0.3501607655476467,0
41.184,16.400857231790916,-0.4361072883883761,-0.0358934448324813,17.9032,-0.4873019431058513,0.3499451266686435,0.018944277678042337,0.34994254017381404,0.01732383792058714,1.503214783675896,0.0018300781616901879,0.0032147836758960047,0,0,FOLLOWING,1.5032217107985226,0.3501677032898754,0
41.216,16.41204832129911,-0.43650706082324503,-0.03533839101066438,17.914399999999997,-0.4868683945548789,0.349947372018182,0.018968050607324947,0.3499445906774173,0.01734543237719699,1.5031955396523105,0.0018292709826788765,0.003195539652310453,0,0,FOLLOWING,1.5032023495135087,0.35017478242841915,0
41.248,16.423239702903658,-0.43690062141993524,-0.03478265555349644,17.9256,-0.4864276668461295,0.3499498124890512,0.018991496348731554,0.3499468367553039,0.017366733483559774,1.5031764335965543,0.0018284329542366598,0.0031764335965542845,0,0,FOLLOWING,1.5031831261220383,0.3501820025371757,0
41.28,16.434431379659348,-0.43728796260062924,-0.034226247853149414,17.936799999999998,-0.4859797664783897,0.3499524476122545,0.019014614711980196,0.3499492779515596,0.01738774108453122,1.5031574645223102,0.001827564084920186,0.0031574645223102493,0,0,FOLLOWING,1.5031640396450652,0.3501893631815789,0
41.312,16.445623354589944,-0.4376690768830482,-0.03366917730667447,17.948,-0.4855247000562109,0.3499552769057446,0.019037405510431427,0.34995191379716173,0.017408455027635113,1.503138631445172,0.0018266643838536975,0.003138631445172013,0,0,FOLLOWING,1.5031450891054448,0.3501968639186375,0
41.344,16.456815630688002,-0.438043956880525,-0.033111453315891354,17.959200000000003,-0.4850624742898125,0.34995829987453264,0.019059868561116942,0.34995474380999964,0.017428875163852293,1.503119933382691,0.0018257338607180834,0.003119933382691009,0,0,FOLLOWING,1.5031262735280067,0.3502045042969551,0
41.376,16.468008210914626,-0.4384125953020771,-0.03255308528729166,17.9704,-0.48459309599498196,0.3499615160107996,0.019082003684769967,0.3499577674950513,0.017449001347188315,1.5031013693545103,0.0018247725257569888,0.0031013693545103305,0,0,FOLLOWING,1.503107591939666,0.3502122838567559,0
41.408,16.47920109819928,-0.4387749849524807,-0.031994082631942374,17.981599999999997,-0.48411657209297587,0.34996492479401026,0.019103810705861375,0.3499609843444335,0.01746883343466144,1.50308293838245,0.0018237803897821515,0.0030829383824499956,0,0,FOLLOWING,1.5030890433695268,0.35022020212992266,0
41.44,16.490394295439604,-0.4391311187323448,-0.031434454765385055,17.9928,-0.4836329096104161,0.3499685256910179,0.019125289452628123,0.3499643938375758,0.01748837128644067,1.5030646394905887,0.0018227574641765595,0.003064639490588661,0,0,FOLLOWING,1.5030706268489298,0.35022825864003493,0
41.472,16.501587805501195,-0.43948098963818644,-0.030874211107527444,18.004,-0.4831421156791877,0.34997231815617563,0.019146439757105012,0.34996799544129337,0.017507614766084208,1.5030464717053449,0.0018217037608892728,0.0030464717053448886,0,0,FOLLOWING,1.503052341411589,0.35023645290237687,0
41.504,16.512781631217432,-0.439824590762506,-0.03031336108255116,18.0152,-0.48264419753633236,0.34997630163143867,0.019167261455157854,0.3499717886098859,0.017526563740031857,1.5030284340555693,0.001820619292448932,0.0030284340555692957,0,0,FOLLOWING,1.5030341860936336,0.35024478442398227,0
41.536,16.523975775389285,-0.4401619152938636,-0.029751914118798233,18.026399999999995,-0.48213916252394323,0.34998047554647166,0.019187754386511893,0.34997577278524594,0.017545218078271134,1.5030105255726283,0.0018195040719553408,0.0030105255726282643,0,0,FOLLOWING,1.5030161599337175,0.35025325270365754,0
41.568,16.535170240785135,-0.4404929565169549,-0.02918987964867479,18.037599999999998,-0.481627018089055,0.34998483931875407,0.01920791839478516,0.349979947397007,0.017563577653798453,1.5029927452904914,0.0018183581130903313,0.0029927452904914276,0,0,FOLLOWING,1.5029982619730828,0.35026185723203596,0
41.6,16.546365030140592,-0.44081770781268914,-0.0286272671085423,18.0488,-0.48110777178353586,0.34998939235368115,0.019227753327516105,0.3499843118626087,0.017581642343009296,1.5029750922457814,0.0018171814301152743,0.0029750922457814077,0,0,FOLLOWING,1.5029804912556428,0.35027059749157935,0
41.632,16.55756014615832,-0.44113616265826505,-0.02806408593861306,18.060000000000002,-0.4805814312639744,0.34999413404466834,0.019247259036198335,0.3499888655873966,0.01759941202556625,1.502957565477879,0.001815974037875305,0.002957565477879065,0,0,FOLLOWING,1.502962846828065,0.35027947295662787,0
41.664,16.568755591507877,-0.4414483146272497,-0.027500345582842433,18.071199999999997,-0.480048004291568,0.3499990637732465,0.019266435376305877,0.3499936079647574,0.017616886584496737,1.5029401640289677,0.001814735951799571,0.0029401640289676845,0,0,FOLLOWING,1.5029453277398177,0.35028848309341953,0
41.696,16.57995136882554,-0.4417541573896562,-0.026936055488818365,18.0824,-0.4795074987320076,0.3500041809091677,0.01928528220732299,0.3499985383761615,0.01763406590628303,1.5029228869441438,0.0018134671879012146,0.0029228869441437766,0,0,FOLLOWING,1.5029279330432601,0.3502976273601574,0
41.728,16.591147480714152,-0.4420536847120227,-0.02637122510766161,18.0936,-0.47895992255536224,0.3500094848105018,0.0193037993927775,0.35000365619135315,0.017650949880525305,1.5029057332714302,0.001812167762786764,0.0029057332714301776,0,0,FOLLOWING,1.502910661793712,0.35030690520700536,0
41.76,16.602343929742947,-0.4423468904574904,-0.025805863893911096,18.1048,-0.47840528383596137,0.3500149748237361,0.019321986800266484,0.35000896076832466,0.017667538400404508,1.5028887020619013,0.0018108376936528876,0.0028887020619012826,0,0,FOLLOWING,1.5028935130495087,0.35031631607615055,0
41.792,16.61354071844741,-0.4426337685858834,-0.025239981305416232,18.116,-0.47784359075227567,0.3500206502838718,0.01933984430148803,0.35001445145352245,0.017683831362468275,1.5028717923696988,0.0018094769982902048,0.0028717923696988112,0,0,FOLLOWING,1.5028764858720765,0.3503258594018197,0
41.824,16.624737849329133,-0.442914313153788,-0.02467358680322344,18.1272,-0.4772748515867962,0.35002651051451944,0.019357371772267682,0.3500201275819116,0.01769982866681082,1.5028550032521197,0.001808085695082673,0.0028550032521197366,0,0,FOLLOWING,1.502859579325978,0.35033553461032596,0
41.856,16.635935324855637,-0.44318851831463235,-0.02410668985147054,18.138399999999997,-0.47669907472591333,0.35003255482799744,0.019374569092588664,0.35002598847706506,0.01771553021682431,1.502838333769684,0.001806663803014301,0.0028383337696840094,0,0,FOLLOWING,1.5028427924789998,0.3503453411201027,0
41.888,16.647133147460274,-0.4434563783187664,-0.023539299917270017,18.1496,-0.47611626865979156,0.35003878252542436,0.01939143614661888,0.3500320334512555,0.0177309359195513,1.5028217829861659,0.001805211341666696,0.002821782986165866,0,0,FOLLOWING,1.5028261244021743,0.350355278341743,0
41.92,16.658331319542054,-0.44371788751354213,-0.022971426470598688,18.1608,-0.47552644198224553,0.3500451928968121,0.019407972822740364,0.3500382618055967,0.017746045685480483,1.5028053499686596,0.0018037283312228173,0.002805349968659554,0,0,FOLLOWING,1.5028095741698642,0.3503653456780264,0
41.952,16.66952984346552,-0.443973040343394,-0.022403078984181198,18.172000000000004,-0.47492960339061285,0.350051785221163,0.019424179013573333,0.350044672829989,0.017760859428743205,1.502789033787663,0.0018022147924661412,0.0027890337876630422,0,0,FOLLOWING,1.5027931408598048,0.35037554252397846,0
41.984,16.680728721560605,-0.4442218313499194,-0.021834266933383133,18.1832,-0.47432576168562596,0.3500585587665588,0.019440054616008163,0.3500512658034544,0.017775377066809265,1.5027728335170836,0.0018006707467888607,0.0027728335170835727,0,0,FOLLOWING,1.502776823553168,0.3503858682668734,0
42.016,16.691927956122537,-0.4444642551719595,-0.02126499979608791,18.194399999999998,-0.47371492577128194,0.35006551279025394,0.019455599531229873,0.3500580399940287,0.017789598520996177,1.5027567482343323,0.0017990962161863573,0.0027567482343322514,0,0,FOLLOWING,1.502760621334588,0.3503963222863173,0
42.048,16.703127549411676,-0.44470030654568005,-0.0206952870525858,18.2056,-0.47309710465471205,0.35007264653876974,0.019470813664744964,0.35006499465894186,0.01780352371609004,1.5027407770203522,0.0017974912232623375,0.0027407770203522475,0,0,FOLLOWING,1.5027445332922489,0.3504069039542569,0
42.08,16.714327503653415,-0.4449299803046526,-0.020125138185458923,18.216800000000003,-0.4724723074460477,0.35007995924798047,0.01948569692640866,0.3500721290446402,0.01781715258047037,1.502724918959658,0.0017958557912326444,0.002724918959658096,0,0,FOLLOWING,1.5027285585178893,0.3504176126350304,0
42.112,16.72552782103806,-0.4451532713799347,-0.01955456267945812,18.227999999999998,-0.47184054335828784,0.35008745014320525,0.01950024923045114,0.350079442387005,0.017830485046364013,1.5027091731403917,0.001794189943919,0.002709173140391652,0,0,FOLLOWING,1.5027126961068815,0.35042844768539677,0
42.144,16.736728503720702,-0.4453701748001525,-0.018983570021390093,18.239199999999997,-0.47120182170716113,0.3500951184392999,0.01951447049550047,0.3500869339112918,0.017843521049525992,1.5026935386543963,0.0017924937057579686,0.0026935386543962547,0,0,FOLLOWING,1.50269694515827,0.3504394084545931,0
42.176,16.747929553821123,-0.44558068569158044,-0.01841216970000178,18.2504,-0.4705561519109903,0.350102963340744,0.019528360644613153,0.35009460283232147,0.017856260529323178,1.5026780145972147,0.001790767101802395,0.0026780145972147285,0,0,FOLLOWING,1.5026813047748013,0.3504504942843673,0
42.208,16.759130973423684,-0.44578479927822334,-0.017840371205857766,18.2616,-0.46990354349055197,0.3501109840417293,0.01954191960529745,0.3501024483545414,0.017868703428954587,1.5026626000681482,0.0017890101577209894,0.0026626000681482243,0,0,FOLLOWING,1.5026657740629754,0.3504617045090173,0
42.24,16.770332764577216,-0.4459825108818972,-0.01726818403121797,18.272799999999997,-0.4692440060689372,0.3501191797262467,0.019555147309538435,0.3501104696721336,0.017880849695440144,1.5026472941702957,0.0017872228997960517,0.002647294170295744,0,0,FOLLOWING,1.5026503521330847,0.3504730384554301,0
42.272,16.781534929294924,-0.44617381592231026,-0.016695617669921104,18.284,-0.4685775493714086,0.35012754956817643,0.019568043693820297,0.3501186659690136,0.017892699279443303,1.502632096010618,0.0017854053549294403,0.00263209601061809,0,0,FOLLOWING,1.502635038099252,0.3504844954431412,0
42.304,16.79273746955429,-0.4463587099171448,-0.016122681617264645,18.2952,-0.46790418322525873,0.3501360927313745,0.019580608699154567,0.35012703641905124,0.017904252135377257,1.502617004699934,0.0017835575506438793,0.002617004699934089,0,0,FOLLOWING,1.5026198310794727,0.3504960747843606,0
42.336,16.80394038729698,-0.44653718848213747,-0.015549385369879896,18.3064,-0.46722391755966264,0.35014480836975465,0.019592842271103018,0.3501355801860705,0.017915508221559392,1.502602019352975,0.0017816795150819055,0.0026020193529749935,0,0,FOLLOWING,1.5026047301956302,0.3505077757840168,0
42.368,16.815143684428744,-0.44670924733115996,-0.01497573842561274,18.3176,-0.4665367624055337,0.3501536956273816,0.01960474435979995,0.350144296423923,0.01792646750003471,1.5025871390884373,0.001779771277008936,0.002587139088437329,0,0,FOLLOWING,1.50258973457357,0.35051959773981134,0
42.4,16.82634736281935,-0.44687488227630134,-0.014401750283394252,18.3288,-0.4658427278953743,0.35016275363855104,0.019616314919976497,0.35015318427667713,0.017937129936890246,1.502572363028988,0.0017778328658093982,0.0025723630289880006,0,0,FOLLOWING,1.502574843343081,0.35053153994226344,0
42.432,16.83755142430247,-0.44703408922794696,-0.013827430443126872,18.34,-0.46514182426312717,0.3501719815278807,0.019627553910983687,0.3501622428785742,0.017947495501771375,1.5025576903013191,0.0017758643114960272,0.0025576903013191377,0,0,FOLLOWING,1.5025600556379917,0.3505436016747378,0
42.464,16.848755870675635,-0.44718686419486026,-0.013252788405556154,18.3512,-0.4644340618440243,0.3501813784103891,0.01963846129681694,0.35017147135423543,0.017957564168329873,1.5025431200361585,0.0017738656447077346,0.0025431200361585304,0,0,FOLLOWING,1.5025453705961282,0.35055578221350964,0
42.496,16.85996070370012,-0.4473332032842625,-0.012677833672141424,18.362399999999997,-0.4637194510744345,0.35019094339158535,0.019649037046136977,0.3501808688186077,0.017967335914261334,1.5025286513683218,0.0017718368967057276,0.0025286513683218104,0,0,FOLLOWING,1.50253078735941,0.3505680808277961,0
42.528,16.871165925100904,-0.44747310270191337,-0.012102575744937404,18.3736,-0.46299800249170914,0.35020067556755047,0.01965928113229154,0.3501904343772024,0.017976810720958504,1.5025142834367282,0.0017697780993818962,0.002514283436728215,0,0,FOLLOWING,1.5025163050738293,0.35058049677981645,0
42.56,16.882371536566566,-0.4476065587521905,-0.011527024126463758,18.3848,-0.4622697267340276,0.3502105740250241,0.019669193533339267,0.35020016712603097,0.017985988573892726,1.5025000153844283,0.0017676892852543959,0.0025000153844283446,0,0,FOLLOWING,1.50250192288952,0.35059302932481895,0
42.592,16.893577539749256,-0.44773356783816953,-0.01095118831958148,18.396,-0.4615346345402394,0.3502206378414837,0.019678774232070616,0.3502100661518336,0.017994869462396687,1.5024858463586328,0.0017655704874723936,0.002485846358632804,0,0,FOLLOWING,1.5024876399607348,0.3506056777111501,0
42.624,16.904783936264586,-0.4478541264617034,-0.010375077827361771,18.407200000000003,-0.4607927367497069,0.3502308660852341,0.019688023216027795,0.35022013053204076,0.018003453379901845,1.5024717755107446,0.001763421739812197,0.0024717755107446227,0,0,FOLLOWING,1.5024734554459285,0.3506184411802825,0
42.656,16.915990727691604,-0.4479682312235016,-0.009798702152965752,18.418400000000002,-0.46004404430214463,0.35024125781548504,0.019696940477528457,0.3502303593349394,0.01801174032359775,1.5024578019963692,0.001761243076685794,0.0024578019963692466,0,0,FOLLOWING,1.5024593685077288,0.35063131896687366,0
42.688,16.927197915572716,-0.44807587882320865,-0.009222070799506158,18.429599999999997,-0.45928856823745856,0.3502518120824364,0.019705526013684842,0.35024075161972246,0.01801973029499673,1.5024439249753516,0.001759034533131254,0.002443924975351619,0,0,FOLLOWING,1.5024453783129958,0.3506443102988057,0
42.72,16.938405501413637,-0.448177066059483,-0.008645193269928875,18.4408,-0.45852631969558255,0.3502625279273633,0.019713779826424294,0.35025130643652175,0.018027423299312676,1.5024301436118057,0.001756796144824346,0.002430143611805713,0,0,FOLLOWING,1.502431484032828,0.3506574143972564,0
42.752,16.949613486683337,-0.44827178983007554,-0.008068079066878809,18.452,-0.45775730991631525,0.35027340438269605,0.019721701922511967,0.3502620228266274,0.018034819345950817,1.5024164570741072,0.0017545279480738552,0.0024164570741072033,0,0,FOLLOWING,1.5024176848425865,0.35067063047671737,0
42.784,16.96082187283362,-0.4483600879459424,-0.007490928703193964,18.4632,-0.45698155023915293,0.35028444041253337,0.019729398322799224,0.35027290997994576,0.018035949366970092,1.5024028642810938,0.0017524481557642984,0.0024028642810938194,0,0,FOLLOWING,1.5024039796628534,0.3506839577450573,0
42.816,16.972030661226725,-0.44844191409810863,-0.006913538929821935,18.474399999999996,-0.45619905210312367,0.35029563516761336,0.019736836202721264,0.35028394491018905,0.018043430920281392,1.502389364737405,0.0017503151655353186,0.00238936473740492,0,0,FOLLOWING,1.5023903680107848,0.3506973954035691,0
42.848,16.983239853215238,-0.4485172653453381,-0.00633592068629572,18.485599999999998,-0.4554098270466177,0.35030698765106294,0.019743989928712305,0.35029513837491255,0.018050570612993342,1.5023759576264295,0.001748130363074524,0.0023759576264295035,0,0,FOLLOWING,1.5023768490766958,0.35071094264703645,0
42.88,16.994449450126957,-0.44858613962944766,-0.0057580850830205145,18.4968,-0.454613886707218,0.3503184968559039,0.01975083997475322,0.35030648989754665,0.01805736310554724,1.5023626421202931,0.0017458958279681254,0.0023626421202931347,0,0,FOLLOWING,1.502363422039552,0.35072459866375943,0
42.912,17.005659453253458,-0.4486485348618417,-0.005180043206309315,18.508000000000003,-0.4538112428215276,0.3503301617658899,0.019757371674689692,0.3503179984423493,0.018063809150823767,1.5023494173966938,0.0017436135308761434,0.0023494173966938092,0,0,FOLLOWING,1.5023500860838686,0.35073836263562225,0
42.944,17.016869863848445,-0.44870444892750144,-0.004601806095061192,18.519199999999998,-0.453001907224998,0.3503419813560683,0.01976357420536109,0.3503296629259309,0.01806991023050224,1.5023362826401292,0.001741285312946119,0.0023362826401291947,0,0,FOLLOWING,1.5023368404009796,0.35075223373812753,0
42.976,17.028080683127648,-0.44875387971330494,-0.004023384722942877,18.5304,-0.452185891851753,0.3503539545932095,0.019769439766645174,0.3503414822669029,0.018075668383088196,1.5023232370415927,0.0017389128869223797,0.0023232370415926518,0,0,FOLLOWING,1.5023236841886725,0.35076621114047607,0
43.008,17.039291912268887,-0.44879682513090396,-0.0034447899855019793,18.5416,-0.4513632087344148,0.35036608043611595,0.019774962921573547,0.35035345538803325,0.018081086049799983,1.502310279798122,0.0017364978395638373,0.002310279798122039,0,0,FOLLOWING,1.5023106166508076,0.35078029400558797,0
43.04,17.050503552412163,-0.4488332831344853,-0.002866032691451182,18.5528,-0.45053387000392414,0.35037835783584065,0.01978014006637352,0.35036558121422,0.01808616594422604,1.5022974101125046,0.001734041634832579,0.0022974101125046165,0,0,FOLLOWING,1.5022976369969512,0.3507944814901805,0
43.072,17.061715604659735,-0.4488632517345133,-0.0022871235574428075,18.564,-0.4496978878893635,0.35039078573584576,0.01978496900596226,0.35037785867056886,0.01809091094325024,1.5022846271929884,0.0017315456178967432,0.0022846271929883866,0,0,FOLLOWING,1.5022847444421397,0.3508087727448008,0
43.104,17.07292807007618,-0.4488867290083511,-0.001708073205656828,18.5752,-0.44885527471777525,0.3504033630721177,0.019789448615025212,0.35039028668074923,0.018095323999131423,1.5022719302531105,0.0017290110198732106,0.0022719302531104546,0,0,FOLLOWING,1.5022719382066674,0.35082316691389087,0
43.136,17.084140949688493,-0.44890371310845695,-0.0011288921636629743,18.586399999999998,-0.44800604291398133,0.3504160887732455,0.019793578568507424,0.35040286416578176,0.01809940806843821,1.5022593185114885,0.001726438963230013,0.0022593185114885284,0,0,FOLLOWING,1.5022592175158949,0.3508376631358374,0
43.168,17.095354244486103,-0.4489142022687002,-0.0005495908660597975,18.5976,-0.4471502050003982,0.35042896176048943,0.019797359128363508,0.3504155900429085,0.01810316605651872,1.5022467911917408,0.0017238304677171376,0.00224679119174076,0,0,FOLLOWING,1.5022465816001604,0.35085226054302915,0
43.2,17.106567955420953,-0.44891819480922446,2.9820342570474923e-05,18.6088,-0.44628777359685473,0.3504419809478298,0.01980079097581506,0.3504284632249118,0.018106600776382195,1.5022343475223479,0.0017211864566447808,0.002234347522347857,0,0,FOLLOWING,1.502234029694658,0.35086695826189956,0
43.232,17.11778208340754,-0.44891568914018226,0.0006093312037085227,18.620000000000005,-0.44541876142040315,0.3504551452420134,0.019803875080365865,0.3504414826194403,0.01810971491749371,1.5022219867366078,0.0017185077634135804,0.002221986736607784,0,0,FOLLOWING,1.5022215610393528,0.35088175541300365,0
43.264,17.128996629322945,-0.4489066837646024,0.0011889315402719212,18.6312,-0.4445431812851341,0.3504684535425927,0.01980661259843528,0.3504546471285172,0.018112511024755792,1.5022097080725427,0.0017157951381375099,0.0022097080725427265,0,0,FOLLOWING,1.5022091748789448,0.3508966511110368,0
43.296,17.140211594006868,-0.44889117728058286,0.0017686112515653022,18.6424,-0.4436610461019857,0.35048190474197344,0.019809004795766763,0.35046795564822236,0.018114991485263514,1.5021975107729106,0.0017130492542456006,0.002197510772910638,0,0,FOLLOWING,1.5021968704628101,0.3509116444649343,0
43.328,17.151426978261664,-0.4488691683829669,0.002348360308005632,18.6536,-0.4427723688785548,0.350495497725458,0.019811052988863962,0.35048140706837677,0.018117158521277005,1.5021853940851249,0.0017102707149633679,0.0021853940851248588,0,0,FOLLOWING,1.5021846470449833,0.35092673457789625,0
43.36,17.16264278285238,-0.448840655864617,0.0029281687457818626,18.664800000000003,-0.4418771627189041,0.35050923137128764,0.019812758501571024,0.3504950002724232,0.018119014188170628,1.5021733572612321,0.001707460059594654,0.002173357261232134,0,0,FOLLOWING,1.502172503884096,0.3509419205474549,0
43.392,17.173859008506756,-0.4488056386173819,0.003508026661579891,18.676,-0.44097544082336954,0.350523104550695,0.01981412263364588,0.3505087341372085,0.018120560376473742,1.5021613995579148,0.0017046177695336886,0.0021613995579148337,0,0,FOLLOWING,1.5021604402434066,0.3509572014655193,0
43.424,17.18507565591527,-0.4487641156328253,0.0040879242074571545,18.687199999999997,-0.44006721648836483,0.3505371161279568,0.019815146638766577,0.3505226075329413,0.018121798816546877,1.5021495202364845,0.0017017442739709603,0.0021495202364845145,0,0,FOLLOWING,1.502148455390755,0.35097257641844876,0
43.456,17.19629272573116,-0.4487160860027734,0.00466785158594334,18.6984,-0.4391525031061866,0.35055126496044847,0.0198158317098947,0.35053661932322056,0.0181227310856478,1.5021377185628444,0.0016988399552515293,0.002137718562844393,0,0,FOLLOWING,1.5021365485985592,0.35098804448710114,0
43.488,17.207510218570444,-0.44866154891972193,0.005247799045415664,18.709600000000002,-0.43823131416481553,0.3505655498987018,0.019816178970314822,0.35055076836482874,0.018123358616511657,1.5021259938074893,0.0016959051538683089,0.002125993807489346,0,0,FOLLOWING,1.5021247191438054,0.3510036047468874,0
43.52,17.21872813501196,-0.4486005036771373,0.005827756875771102,18.720799999999997,-0.4373036632477188,0.35057996978646494,0.01981618946901323,0.3505650535079269,0.01812368270663102,1.5021143452455024,0.0016929401730867606,0.002114345245502358,0,0,FOLLOWING,1.502112966308046,0.3510192562678261,0
43.552,17.229946475597366,-0.44853294966967616,0.006407715404429351,18.732,-0.4363695640336489,0.3505945234607707,0.019815864179298655,0.3505794735959592,0.018123704528590776,1.5021027721565867,0.0016899452831867275,0.0021027721565867186,0,0,FOLLOWING,1.5021012893774055,0.3510349981146179,0
43.584,17.241165240831187,-0.4484588863933465,0.006987664992646116,18.7432,-0.43542903029644264,0.35060920975200005,0.01981520399982332,0.3505940274657904,0.018123425139766444,1.502091273825005,0.0016869207253552825,0.002091273825004958,0,0,FOLLOWING,1.5020896876425642,0.351050829346687,0
43.616,17.25238443118085,-0.4483783134456198,0.007567596032173758,18.7544,-0.4344820759048167,0.3506240274839459,0.01981420975730587,0.3506087139476157,0.018122845493178222,1.5020798495395995,0.001683866715201647,0.0020798495395994987,0,0,FOLLOWING,1.502078160398742,0.35106674901823937,0
43.648,17.263604047076697,-0.4482912305255131,0.008147498942219814,18.7656,-0.43352871482216504,0.3506389754738889,0.01981288221043028,0.3506235318650866,0.01812196644680072,1.5020684985938122,0.0016807834459529013,0.002068498593812196,0,0,FOLLOWING,1.5020667069457365,0.35108275617833257,0
43.68,17.274824088892565,-0.4481976782484953,0.008727555180677424,18.7768,-0.4325689611063509,0.350654052831429,0.019811140425915735,0.35063846830709366,0.018126757961427504,1.5020572207297973,0.0016775072483917915,0.0020572207297973044,0,0,FOLLOWING,1.5020553270270411,0.3510988498709346,0
43.712,17.286044556985818,-0.44809760849093055,0.00930754309528046,18.788,-0.43160282890950225,0.35066925819783945,0.019809009680709384,0.35065354630737333,0.018124622840765856,1.5020460147922796,0.0016742184261410162,0.0020460147922796157,0,0,FOLLOWING,1.5020440194995615,0.3511150291349666,0
43.744,17.297265451690546,-0.44799102162905574,0.009887455076270976,18.7992,-0.4306303324777998,0.35068459031627397,0.019806509495508193,0.3506687527746592,0.018122249914913152,1.5020348800654824,0.0016709154653138606,0.0020348800654823584,0,0,FOLLOWING,1.5020327836537255,0.3511312930043817,0
43.776,17.30848677329178,-0.4478779189739878,0.010467283533497877,18.810399999999998,-0.4296514861512697,0.35070004793766585,0.019803655001140303,0.3506840858468714,0.01811963979686141,1.5020238158612977,0.0016675973926057446,0.0020238158612977397,0,0,FOLLOWING,1.5020216188075182,0.3511476405082106,0
43.808,17.31970852203549,-0.4477583017461976,0.011047020724489936,18.8216,-0.4286663043635702,0.3507156298183463,0.019800457817862476,0.35069954424967514,0.01811678772660578,1.502012821498697,0.0016642632646754994,0.0020128214986969706,0,0,FOLLOWING,1.5020105242859803,0.35116407067063626,0
43.84,17.330930698130196,-0.44763217108133413,0.011626658768543916,18.8328,-0.4276748016417805,0.35073133471748436,0.019796926760403604,0.3507151267624656,0.01811368938438772,1.502001896301678,0.00166091215804705,0.002001896301677908,0,0,FOLLOWING,1.5019994994191967,0.35118058251103396,0
43.872,17.342153301747313,-0.44749952806444715,0.012206189658712481,18.844,-0.42667699260618447,0.35074716139502543,0.019793068411426598,0.3507308321683367,0.018110340825072044,1.5019910395989091,0.0016575431800116486,0.0019910395989091167,0,0,FOLLOWING,1.5019885435418838,0.35119717504405445,0
43.904,17.353376333021313,-0.44736037375875715,0.012785605271952518,18.855200000000004,-0.42567289197005787,0.35076310861009086,0.01978888758763928,0.3507466592477591,0.018106738420660164,1.5019802507235762,0.001654155477738048,0.0019802507235762157,0,0,FOLLOWING,1.5019776559932836,0.35121384727966537,0
43.936,17.364599792049862,-0.4472147092289916,0.013364897378041448,18.866400000000002,-0.4246625145394481,0.35077917511973783,0.019784387717977404,0.35076260677699234,0.018102878821788824,1.5019695290132882,0.0016507482450021493,0.0019695290132881738,0,0,FOLLOWING,1.5019668361170289,0.3512305982232234,0
43.968,17.375823678893923,-0.4470625355602754,0.013944057647632381,18.877599999999997,-0.42364587521295877,0.35079535967801945,0.019779571149733697,0.35077867352737907,0.018098758930819747,1.501958873810038,0.0016473207268151505,0.0019588738100380088,0,0,FOLLOWING,1.5019560832611212,0.351247426875527,0
44.0,17.387047993577855,-0.4469038538734183,0.014523077659742398,18.8888,-0.4226229889815279,0.35081166103527756,0.01977443939564378,0.35079485826475,0.018094375884124016,1.5019482844601655,0.0016438722222245628,0.0019482844601654836,0,0,FOLLOWING,1.5019453967778722,0.35126433223290077,0
44.032000000000004,17.398272736089496,-0.446738665337284,0.01510194890880605,18.900000000000002,-0.4215938709282086,0.35082807793761767,0.01976899333261686,0.35081115974923194,0.01808972703849496,1.501937760314325,0.0016404020856060613,0.00193776031432491,0,0,FOLLOWING,1.5019347760238984,0.35128131328722617,0
44.064,17.40949790638023,-0.4465669711787996,0.015680662811405538,18.9112,-0.4205585362279447,0.35084460912653287,0.01976323336090206,0.3508275767349548,0.018084809961044845,1.5019273007274994,0.0016369097267106558,0.0019273007274993592,0,0,FOLLOWING,1.5019242203601149,0.3512983690260177,0
44.096000000000004,17.420723504365103,-0.44638877269105404,0.016259210712707996,18.922399999999996,-0.4195170001473497,0.3508612533386362,0.019757159530929158,0.3508441079700542,0.018079622420051306,1.501916905058976,0.0016333946097310953,0.001916905058976015,0,0,FOLLOWING,1.5019137291517117,0.35131549843248244,0
44.128,17.431949529922843,-0.4462040712398591,0.01683758389263961,18.9336,-0.4184692780444785,0.3508780093054905,0.019750771643781525,0.35086075219656676,0.01807416237673271,1.5019065726723926,0.00162985625161223,0.0019065726723925813,0,0,FOLLOWING,1.5019033017681784,0.3513327004855992,0
44.160000000000004,17.443175982895948,-0.44601286826906295,0.01741577357179107,18.9448,-0.4174153853686036,0.35089487575350575,0.01974406933021279,0.3508775081505721,0.018068427976854613,1.5018963029357102,0.0016262942197970177,0.0018963029357101924,0,0,FOLLOWING,1.501892937583329,0.35134997416015623,0
44.192,17.454402863090774,-0.4458151653048644,0.01799377091705236,18.956000000000003,-0.41635533765998534,0.3509118514038812,0.0197370521122604,0.35089437456220696,0.01806241754226884,1.5018860952212254,0.0016227081295824529,0.0018860952212254034,0,0,FOLLOWING,1.501882635975259,0.3513673184268308,0
44.224000000000004,17.465630170277574,-0.4456109639593171,0.018571567046975598,18.9672,-0.4152891505496441,0.35092893497259897,0.019729719450769463,0.3509113501557249,0.018056129562416038,1.5018759489055948,0.0016190976412057134,0.0018759489055948375,0,0,FOLLOWING,1.5018723963264127,0.3513847322522358,0
44.256,17.47685790419059,-0.44540026593318277,0.019149153036829274,18.9784,-0.4142168397591293,0.35094612517044155,0.019722070781588386,0.35092843364967563,0.018049562684682777,1.50186586336985,0.0016154624568088666,0.0018658633698500626,0,0,FOLLOWING,1.5018622180235413,0.3514022145990111,0
44.288000000000004,17.488086064528108,-0.4451830730182607,0.019726519923376262,18.9896,-0.4131384211002878,0.3509634207030383,0.01971410554266701,0.3509456237569353,0.018042715705768125,1.5018558379993836,0.0016118023173312887,0.0018558379993836027,0,0,FOLLOWING,1.5018521004577612,0.3514197644258561,0
44.32,17.499314650952538,-0.44495938709929267,0.02030365870933952,19.0008,-0.4120539104750297,0.3509808202709223,0.019705823193907394,0.35096291918489114,0.018035587561923618,1.501845872183978,0.0016081169994332375,0.0018458721839780257,0,0,FOLLOWING,1.501842043024512,0.35143738068761904,0
44.352000000000004,17.51054366309049,-0.4447292101555284,0.02088056036757583,19.012,-0.41096332387509565,0.3509983225696046,0.0196972232312748,0.3509803186355315,0.018028177319831935,1.5018359653177922,0.0016044063124851515,0.0018359653177921764,0,0,FOLLOWING,1.5018320451236,0.3514550623353412,0
44.384,17.521773100532844,-0.4444925442620136,0.021457215844948755,19.0232,-0.40986667738181926,0.3510159262896578,0.019688305196396725,0.3509978208055543,0.01802048416720421,1.5018261167993985,0.0016006700956754695,0.0018261167993984806,0,0,FOLLOWING,1.501822106159194,0.35147280831633243,0
44.416000000000004,17.533002962834832,-0.44424939159065463,0.02203361606592112,19.034399999999998,-0.4087639871658914,0.3510336301168022,0.019679068682641798,0.35101542438661293,0.01801250740401734,1.5018163260317579,0.0015969082152499856,0.0018163260317578533,0,0,FOLLOWING,1.5018122255398207,0.3514906175742326,0
44.448,17.54423324951613,-0.4439997544111024,0.02260975193584748,19.0456,-0.40765526948712094,0.3510514327319991,0.019669513338503346,0.3510331280652607,0.018004246433138006,1.5018065924222364,0.0015931205619329862,0.0018065924222363527,0,0,FOLLOWING,1.5018024026783696,0.35150848904907916,0
44.480000000000004,17.555463960060916,-0.4437436350914886,0.023185614344022963,19.0568,-0.40654054069419543,0.3510693328115467,0.019659638868919024,0.35105093052314595,0.017995700752708482,1.5017969153826036,0.0015893070484936551,0.0017969153826036255,0,0,FOLLOWING,1.5017926369921117,0.35152642167736053,0
44.512,17.566695093917982,-0.4434810360990413,0.02376119416645618,19.068000000000005,-0.4054198172244391,0.351087329027177,0.019649445035066927,0.35106883043714554,0.017986869947525613,1.5017872943290511,0.0015854676075100355,0.0017872943290511145,0,0,FOLLOWING,1.5017829279026784,0.35154441439210343,0
44.544000000000004,17.57792665050082,-0.4432119600006013,0.024336482268410002,19.0792,-0.40429311560357206,0.3511054200461483,0.019638931653040044,0.3510868264795384,0.017977753681784468,1.5017777286821392,0.0015816021892994317,0.0017777286821392124,0,0,FOLLOWING,1.5017732748360628,0.35156246612290176,0
44.576,17.589158629187704,-0.4429364094630569,0.024911469506715165,19.0904,-0.40316045244546467,0.3511236045313481,0.01962809859173811,0.3511049173179528,0.017968351691981445,1.501768217866873,0.0015777107600228948,0.0017682178668729787,0,0,FOLLOWING,1.5017636772226297,0.35158057579602653,0
44.608000000000004,17.60039102932178,-0.4426543872537115,0.025486146731865576,19.1016,-0.4020218444518952,0.3511418811413913,0.019616945770232676,0.3511231016155933,0.017958663780090426,1.5017587613126497,0.0015737932999632179,0.001758761312649737,0,0,FOLLOWING,1.5017541344971224,0.35159874233446026,0
44.64,17.611623850211192,-0.4423658962405956,0.0260605047899215,19.112800000000004,-0.4008773084123003,0.35116024853071104,0.0196054731548081,0.35114137803140133,0.01794868980755983,1.5017493584532497,0.0015698498019625293,0.0017493584532497497,0,0,FOLLOWING,1.501744646098617,0.3516169646579743,0
44.672000000000004,17.62285709112914,-0.44207093939273,0.02663453452423867,19.124,-0.3997268612035304,0.35117870534965895,0.01959368075582625,0.3511597452200526,0.017938429689873893,1.501740008726861,0.0015658802699973946,0.0017400087268610864,0,0,FOLLOWING,1.5017352114705733,0.35163524168318316,0
44.704,17.634090751314034,-0.4417695197803524,0.02720822677701614,19.135199999999998,-0.3985705197895985,0.3511972502445961,0.019581568624542536,0.3511782018320633,0.01792788339088515,1.50173071157606,0.0015618847179163647,0.0017307115760600844,0,0,FOLLOWING,1.5017258300607776,0.351653572323627,0
44.736000000000004,17.645324829969546,-0.44146164057510734,0.027781572390699474,19.1464,-0.3974083012214321,0.35121588185799013,0.019569136849953418,0.35119674651397137,0.017917050918297917,1.5017214664478118,0.0015578631682955507,0.0017214664478117925,0,0,FOLLOWING,1.5017165013213751,0.3516719554898293,0
44.768,17.656559326264755,-0.44114730505021094,0.02835456220924176,19.157600000000002,-0.39624022263661945,0.35123459882850555,0.019556385555740304,0.35121537790835483,0.017905932319222523,1.5017122727934487,0.0015538156514236202,0.0017122727934486548,0,0,FOLLOWING,1.5017072247088428,0.35169039008936087,0
44.800000000000004,17.667794239334242,-0.44082651658058936,0.02892718707924459,19.168799999999997,-0.3950663012591601,0.3512533997910957,0.019543314897353763,0.3512340946539841,0.01789452767642467,1.5017031300686718,0.0015497422043865526,0.0017031300686718431,0,0,FOLLOWING,1.5016979996839888,0.35170887502690246,0
44.832,17.679029568278203,-0.44049927864299837,0.02949943785097887,19.18,-0.39388655439920695,0.3512722833770945,0.019529925059263716,0.35125289538591337,0.017882837104569966,1.501694037733567,0.0015456428702653353,0.001694037733567022,0,0,FOLLOWING,1.501688825711943,0.35172740920432877,0
44.864000000000004,17.69026531216257,-0.44016559481612266,0.030071305379298936,19.191200000000002,-0.3927009994528145,0.3512912482143065,0.01951621625240148,0.35127177873553445,0.017870860746891787,1.5016849952525506,0.001541517697424364,0.001684995252550614,0,0,FOLLOWING,1.5016797022621502,0.3517459915207577,0
44.896,17.701501470019114,-0.4398254687806621,0.03064278052447063,19.2024,-0.39150965390167974,0.3513102929270936,0.019502188711794866,0.351290743330743,0.017858598772498863,1.5016760020943958,0.0015373667388806252,0.0016760020943957787,0,0,FOLLOWING,1.5016706288083554,0.3517646208726176,0
44.928000000000004,17.712738040845586,-0.4394789043194046,0.031213854152921897,19.2136,-0.39031253531288634,0.35132941613646607,0.01948784269439684,0.3513097877959606,0.017846051373957013,1.5016670577322087,0.0015331900517405947,0.0016670577322086544,0,0,FOLLOWING,1.5016616048286033,0.35178329615372483,0
44.96,17.723975023605817,-0.43912590531728496,0.031784517137895714,19.224800000000002,-0.38910966133864444,0.3513486164601702,0.019473178477115383,0.3513289107521834,0.01783321876423673,1.5016581616434335,0.0015289876967276431,0.0016581616434334645,0,0,FOLLOWING,1.501652629805218,0.3518020162553509,0
44.992000000000004,17.73521241722986,-0.4387664757614363,0.03235476036006633,19.236,-0.387901049716031,0.3513678925127738,0.019458196355024094,0.351348110817251,0.017820101175564908,1.5016493133098092,0.0015247597377425828,0.0016493133098092194,0,0,FOLLOWING,1.5016437032248022,0.35182078006627276,0
45.024,17.746450220614097,-0.4384006197412307,0.03292457470807643,19.2472,-0.3866867182667272,0.3513872429057545,0.019442896639755763,0.35136738660572814,0.017806698856955672,1.5016405122174048,0.001520506241496106,0.0016405122174047992,0,0,FOLLOWING,1.5016348245782203,0.3518395864728597,0
45.056,17.757688432621386,-0.43802834144831304,0.03349395107902564,19.258399999999998,-0.38546668489675723,0.3514066662475853,0.019427279658062544,0.3513867367291033,0.01779301207268824,1.5016317578565708,0.0015162272771866298,0.0016317578565707702,0,0,FOLLOWING,1.5016259933605902,0.35185843435912906,0
45.088,17.768927052081175,-0.4376496451766274,0.03406288037892518,19.269599999999997,-0.3842409675962229,0.3514261611438214,0.01941134575053067,0.35140615979588624,0.017779041101249764,1.501623049721952,0.0015119229162088507,0.0016230497219520412,0,0,FOLLOWING,1.5016172090712794,0.351877322606814,0
45.12,17.78016607778964,-0.4372645353224373,0.03463135352309189,19.2808,-0.38300958443903843,0.351445726197185,0.0193950952704408,0.3514256544116689,0.017764786233441958,1.5016143873124699,0.001507593231919284,0.0016143873124698782,0,0,FOLLOWING,1.5016084712138746,0.351896250095442,0
45.152,17.79140550850983,-0.4368730163843403,0.03519936143651996,19.291999999999998,-0.38177255358266615,0.35146536000765044,0.019378528582761036,0.35144521917914806,0.017750247771681094,1.5016057701312944,0.001503238299420527,0.0016057701312943706,0,0,FOLLOWING,1.5015997792961928,0.35191521570238277,0
45.184,17.80264534297178,-0.4364750929632775,0.035766895054227046,19.303200000000004,-0.3805298932678449,0.3514850611725295,0.019361646063255796,0.35146485269833666,0.017735426029201643,1.501597197685869,0.0014988581953713914,0.0015971976858690784,0,0,FOLLOWING,1.5015911328302467,0.35193421830294114,0
45.216,17.813885579872668,-0.4360707697625393,0.03633394532155508,19.3144,-0.37928162181832475,0.3515048282865557,0.01934444809770734,0.35148455356654823,0.01772032132863635,1.5015886694878495,0.0014944529978379306,0.0015886694878495256,0,0,FOLLOWING,1.5015825313322602,0.35195325677039135,0
45.248,17.825126217876953,-0.4356600515877661,0.03690050319445602,19.325599999999998,-0.37802775764059404,0.3515246599419686,0.019326935081233485,0.3515043203785351,0.01770493400154875,1.5015801850531487,0.0014900227861591592,0.0015801850531487194,0,0,FOLLOWING,1.501573974322623,0.351972329976081,0
45.28,17.83636725561651,-0.4352429433469451,0.037466559639767034,19.3368,-0.3767683192236098,0.35154455472860036,0.019309107417691134,0.35152415172654417,0.017689264388102942,1.501571743901883,0.0014855676408206885,0.0015717439018829715,0,0,FOLLOWING,1.5015654613259122,0.3519914367894767,0
45.312,17.847608691690777,-0.43481945005040484,0.03803210563544777,19.348000000000003,-0.3755033251385245,0.3515645112339568,0.01929096551915915,0.3515440462004271,0.01767331283587546,1.5015633455583657,0.0014810876433670047,0.0015633455583656808,0,0,FOLLOWING,1.5015569918708453,0.3520105760782403,0
45.344,17.858850524666906,-0.4343895768108052,0.03859713217081724,19.359199999999998,-0.3742327940384122,0.3515845280433035,0.01927250980549052,0.3515640023876988,0.017657079699847117,1.5015549895511018,0.0014765828763109792,0.001554989551101782,0,0,FOLLOWING,1.5015485654903002,0.35202974670828585,0
45.376,17.870092753079902,-0.4339533288431248,0.039161630246772446,19.370399999999997,-0.37295674465799267,0.3516046037397497,0.019253740703921572,0.351584018873608,0.017640565341829333,1.5015466754127915,0.001472053423061781,0.0015466754127915205,0,0,FOLLOWING,1.5015401817212828,0.35204894754386445,0
45.408,17.881335375432784,-0.43351071146464637,0.039725590875999556,19.3816,-0.37167519581335723,0.3516247369043326,0.019234658648737205,0.3516040942413147,0.01762377013023528,1.5015384026802874,0.001467499367859025,0.0015384026802873763,0,0,FOLLOWING,1.5015318401049156,0.3520681774476237,0
45.44,17.89257839019672,-0.43306173009493737,0.04028900508316388,19.3928,-0.3703881664016886,0.3516449261161009,0.01921526408098353,0.3516242270718316,0.017606694439411853,1.5015301708945963,0.0014629207957281218,0.0015301708945962833,0,0,FOLLOWING,1.501523540186433,0.35208743528067354,0
45.472,17.903821795811204,-0.43260639025583014,0.04085186390510093,19.403999999999996,-0.36909567540098465,0.35166516995219765,0.019195557448220178,0.3516444159442345,0.017589338649679445,1.5015219796008592,0.0014583177924323981,0.0015219796008592024,0,0,FOLLOWING,1.5015152815151598,0.35210671990265147,0
45.504,17.915065590684186,-0.43214469757139895,0.04141415839099931,19.4152,-0.36779774186977726,0.3516854669879467,0.019175539204308676,0.3516646594356842,0.017571703147070194,1.5015138283483667,0.001453690444433886,0.0015138283483666637,0,0,FOLLOWING,1.501507063644503,0.3521260301718075,0
45.536,17.92630977319226,-0.4316766577679334,0.04197587960258031,19.4264,-0.366494384946852,0.35170581579693305,0.019155209809227754,0.35168495612150324,0.017553788323233118,1.5015057166904915,0.0014490388388571224,0.0015057166904914876,0,0,FOLLOWING,1.5014988861319285,0.35214536494505566,0
45.568,17.93755434168078,-0.4312022766739111,0.04253701861425363,19.4376,-0.36518562385096437,0.3517262149510883,0.0191345697289239,0.3517053045752711,0.017535594574680072,1.5014976441847276,0.0014443630634757912,0.0014976441847276423,0,0,FOLLOWING,1.5014907485389628,0.35216472307804286,0
45.6,17.948799294464063,-0.43072156021996727,0.043097566513299594,19.4488,-0.36387147788055896,0.3517466630207763,0.01911361943517361,0.3517257033689364,0.017517122303617846,1.5014896103926558,0.0014396632066713613,0.0014896103926558268,0,0,FOLLOWING,1.501482650431178,0.35218410342522766,0
45.632,17.960044629825536,-0.43023451443886185,0.04365751440002376,19.46,-0.36255196641348214,0.3517671585748732,0.01909235940547265,0.3517461510728939,0.01749837191708511,1.5014816148799242,0.0014349393574217065,0.0014816148799241535,0,0,FOLLOWING,1.501474591378151,0.3522035048399492,0
45.664,17.97129034601789,-0.42974114546544495,0.0442168533879141,19.4712,-0.36122710890669857,0.3517877001808544,0.019070790122937196,0.35176664625601733,0.01747934382703394,1.5014736572162366,0.0014301916052837232,0.0014736572162366013,0,0,FOLLOWING,1.5014665709534927,0.3522229261744789,0
45.696,17.98253644126327,-0.42924145953661996,0.044775574603794104,19.4824,-0.3598969248960031,0.35180828640487544,0.019048912076226228,0.35178718748578924,0.017460038450197626,1.501465736975348,0.001425420040381542,0.0014657369753479088,0,0,FOLLOWING,1.5014585887347907,0.3522423662801081,0
45.728,17.993782913753414,-0.42873546299130416,0.04533366918798304,19.493599999999997,-0.35856143399573337,0.3518289158118587,0.01902672575946696,0.3518077733283729,0.01744045620832082,1.50145785373505,0.001420624753386071,0.0014578537350500298,0,0,FOLLOWING,1.5014506443036388,0.3522618240072027,0
45.76,18.00502976164985,-0.4282231622703872,0.045891128294443535,19.5048,-0.35722065589847907,0.3518495869655737,0.019004231672194415,0.351828402348742,0.017420597527757604,1.5014500070771433,0.0014158058355086547,0.0014500070771432672,0,0,FOLLOWING,1.501442737245573,0.3522812982052858,0
45.792,18.01627698308405,-0.42770456391668776,0.04644794309093136,19.516,-0.35587461037479406,0.35187029842872397,0.01898143031930033,0.351849073110633,0.017400462839544436,1.501442196587435,0.0014109633784891373,0.0014421965874349407,0,0,FOLLOWING,1.5014348671501119,0.3523007877230864,0
45.824,18.027524576157614,-0.42717967457490813,0.04700410475914561,19.5272,-0.3545233172729019,0.3518910487630278,0.018958322210986565,0.35186978417674736,0.017380052579410117,1.5014344218557265,0.0014060974745868926,0.0014344218557265087,0,0,FOLLOWING,1.501427033610691,0.3523202914086303,0
45.856,18.038772538942432,-0.426648500991586,0.04755960449487583,19.538400000000003,-0.353166796518407,0.35191183652930474,0.01893490786272424,0.35189053410886345,0.017359367187682242,1.5014266824757911,0.0014012082165702768,0.0014266824757911412,0,0,FOLLOWING,1.5014192362246928,0.3523398081092889,0
45.888,18.050020869480882,-0.4261110500150441,0.0481144335081428,19.5496,-0.3518050681139962,0.3519326602875546,0.01891118779521999,0.35191132146779164,0.01733840710908546,1.5014189780453548,0.0013962956977170914,0.0014189780453548462,0,0,FOLLOWING,1.5014114745933882,0.3523593366718591,0
45.92,18.061269565785985,-0.42556732859533886,0.04866858302334629,19.560799999999997,-0.3504381521391478,0.3519535185970446,0.018887162534385975,0.3519321448135506,0.017317172792965838,1.5014113081661034,0.0013913600118024907,0.0014113081661033533,0,0,FOLLOWING,1.5014037483219655,0.3523788759426232,0
45.952,18.0725186258416,-0.4250173437842055,0.04922204427941469,19.572,-0.3490660687498326,0.3519744100163936,0.018862832611309662,0.351953002705396,0.017295664693339662,1.5014036724436601,0.0013864012530889478,0.001403672443660131,0,0,FOLLOWING,1.5013960570194869,0.3523984247674395,0
45.984,18.0837680476026,-0.424461102735002,0.04977480852993676,19.5832,-0.3476888381782193,0.35199533310365383,0.01883819856222936,0.35197389370201104,0.01727388326834629,1.501396070487551,0.0013814195163309934,0.001396070487551082,0,0,FOLLOWING,1.501388400298884,0.3524179819917803,0
46.016,18.09501782899507,-0.42389861270264967,0.05032686704332158,19.5944,-0.3463064807323729,0.3520162864163913,0.018813260928508373,0.35199481636141544,0.017251828981119828,1.5013885019111992,0.0013764148967540593,0.0013885019111992136,0,0,FOLLOWING,1.5013807777769315,0.3524375464608144,0
46.048,18.10626796791646,-0.4233298810435734,0.05087821110292316,19.605599999999995,-0.3449190167959598,0.3520372685117733,0.018788020256614857,0.3520157692412062,0.01722950229869072,1.5013809663319315,0.0013713874900634498,0.0013809663319315213,0,0,FOLLOWING,1.5013731890742572,0.3524571170194721,0
46.08,18.117518462235797,-0.4227549152156373,0.0514288320071912,19.616799999999998,-0.343526466827942,0.35205827794665084,0.018762477098099518,0.3520367508985614,0.017206903692797332,1.5013734633709592,0.0013663373924327135,0.001373463370959227,0,0,FOLLOWING,1.5013656338153016,0.3524766925125308,0
46.112,18.128769309793874,-0.4221737227780804,0.051978721069814195,19.628,-0.34212885136227983,0.3520793132776419,0.01873663200957528,0.3520577598903755,0.017184033639654206,1.5013659926533267,0.0013612647004954542,0.0013659926533267086,0,0,FOLLOWING,1.501358111628319,0.35249627178465776,0
46.144,18.14002050840343,-0.42158631139144914,0.05252786961985498,19.639200000000002,-0.3407261910076258,0.3521003730612122,0.018710485552697956,0.3520787947732258,0.01716089261970809,1.5013585538079304,0.001356169511346414,0.0013585538079303738,0,0,FOLLOWING,1.5013506221453434,0.35251585368049565,0
46.176,18.15127205584934,-0.42099268881752716,0.05307626900189503,19.650399999999998,-0.3393185064470234,0.35212145585376176,0.01868403829414511,0.35209985410361944,0.017137481117917904,1.5013511464674971,0.0013510519225306133,0.0013511464674971219,0,0,FOLLOWING,1.5013431650022087,0.3525354370447137,0
46.208,18.16252394988882,-0.42039286291926403,0.053623910576167264,19.6616,-0.33790581843760054,0.35214256021170426,0.018657290805601474,0.3521209364379898,0.017113799623391074,1.5013437702685755,0.0013459120320463772,0.0013437702685754616,0,0,FOLLOWING,1.5013357398384835,0.35255502072210354,0
46.24,18.1737761882516,-0.4197868416607007,0.05417078571870549,19.6728,-0.33648814781026437,0.35216368469155407,0.018630243663735436,0.3521420403327307,0.017089848629905265,1.5013364248515002,0.0013407499383303392,0.0013364248515002064,0,0,FOLLOWING,1.5013283462975102,0.35257460355761705,0
46.272,18.185028768640148,-0.4191746331068933,0.05471688582147279,19.684,-0.33506551546939245,0.35218482785000654,0.018602897450184643,0.3521631643443914,0.01706562863525157,1.501329109860404,0.001335565740263174,0.0013291098604040208,0,0,FOLLOWING,1.5013209840263453,0.3525941843964594,0
46.304,18.196281688729847,-0.4185562454238346,0.05526220229251053,19.6952,-0.3336379423925271,0.3522059882440208,0.018575252751532528,0.35218430702971104,0.017041140141874352,1.5013218249431675,0.0013303595371538524,0.00132182494316746,0,0,FOLLOWING,1.5013136526757656,0.35261376208413725,0
46.336,18.2075349461692,-0.4179316868783732,0.055806726556072224,19.7064,-0.33220544963006343,0.3522271644309029,0.018547310159290713,0.35220546694562055,0.017016383656406016,1.501314569751441,0.0013251314287391763,0.0013145697514409527,0,0,FOLLOWING,1.5013063519002514,0.3526333354665385,0
46.368,18.218788538580032,-0.4173009658381299,0.05635045005275845,19.717599999999997,-0.330768058304941,0.352248354968389,0.01851907026988147,0.3522266426494474,0.01699135968969073,1.5013073439406066,0.0013198815151811497,0.001307343940606609,0,0,FOLLOWING,1.501299081357966,0.3526529033899966,0
46.4,18.230042463557687,-0.41666409077141303,0.05689336423965423,19.7288,-0.3293257896123314,0.35226955841472746,0.018490533684616593,0.35224783269898435,0.016966068756868367,1.5013001471697733,0.0013146098970620926,0.0013001471697733358,0,0,FOLLOWING,1.5012918407107432,0.35267246470136165,0
46.432,18.241296718671233,-0.41602107024713014,0.057435460590472304,19.74,-0.327878664819326,0.35229077332876185,0.01846170100967765,0.3522690356524653,0.016940511377554823,1.5012929791017502,0.001309316675373505,0.0012929791017501913,0,0,FOLLOWING,1.5012846296240785,0.3526920182480568,0
46.464,18.252551301463676,-0.4153719129346986,0.05797673059568047,19.751200000000004,-0.32642670526462125,0.352311998270012,0.018432572856098044,0.35229025006874226,0.016914688075346025,1.5012858394030448,0.0013040019515204518,0.0012858394030448306,0,0,FOLLOWING,1.5012774477670885,0.35271156287816813,0
46.496,18.263806209452145,-0.41471662760395256,0.05851716576264053,19.7624,-0.3249699323582063,0.35233323179875553,0.01840314983974325,0.35231147450738454,0.016888599378181015,1.5012787277438255,0.0012986658273125493,0.0012787277438255362,0,0,FOLLOWING,1.501270294812529,0.3527310974404763,0
46.528,18.275061440128127,-0.41405522312504933,0.059056757615751576,19.7736,-0.3235083675810444,0.3523544724761116,0.01837343258128716,0.3523327075286845,0.016862245818473308,1.50127164379794,0.0012933084049524188,0.0012716437979400919,0,0,FOLLOWING,1.501263170436747,0.35275062078456826,0
46.56,18.286316990957648,-0.41338770846837153,0.05959549769657549,19.7848,-0.32204203248475993,0.35237571886412494,0.0183434217061929,0.35235394769374284,0.016835627932562047,1.5012645872428776,0.0012879297870378378,0.0012645872428775906,0,0,FOLLOWING,1.5012560743197019,0.3527701317608739,0
46.592,18.297572859381507,-0.4127140927044283,0.06013337756397157,19.796000000000003,-0.32057094869131614,0.35239696952584326,0.018313117844694127,0.3523751935646626,0.01680874626098992,1.5012575577597411,0.0012825300765605119,0.0012575577597411236,0,0,FOLLOWING,1.5012490061449035,0.35278962922074497,0
46.624,18.30882904281547,-0.4120343850037541,0.06067038879423719,19.807199999999998,-0.3190951378927002,0.3524182230254012,0.01828252163177169,0.35239644370448603,0.016781601348698376,1.5012505550332509,0.001277109376891343,0.0012505550332508886,0,0,FOLLOWING,1.5012419655994391,0.3528091120165107,0
46.656,18.32008553865049,-0.4113485946368041,0.061206522981234565,19.818399999999997,-0.3176146218506004,0.3524394779281045,0.01825163370713353,0.3524176966773741,0.016754193744588426,1.5012435787517469,0.0012716677917830946,0.0012435787517468544,0,0,FOLLOWING,1.5012349523739408,0.35282857900156195,0
46.688,18.331342344252917,-0.4106567309738488,0.06174177173652388,19.8296,-0.316129422396088,0.35246073280050755,0.01822045471519355,0.35243895104865874,0.016726524001722316,1.5012366286071286,0.0012662054253657284,0.001236628607128587,0,0,FOLLOWING,1.5012279661625572,0.3528480290304093,0
46.72,18.342599456964724,-0.40995880348486474,0.06227612668950579,19.8408,-0.31463956142929206,0.35248198621049737,0.018188985305049126,0.3524602053849221,0.016698592677613887,1.5012297042948657,0.00126072238213229,0.0012297042948656856,0,0,FOLLOWING,1.5012210066629565,0.3528674609587478,0
46.752,18.353856874103716,-0.40925482173942396,0.06280957948753846,19.851999999999997,-0.3131450609190809,0.3525032367273716,0.018157226130459964,0.3524814582540773,0.01667040033343745,1.501222805513966,0.0012552187669469805,0.0012228055139660299,0,0,FOLLOWING,1.5012140735762947,0.3528868736435205,0
46.784,18.365114592963742,-0.4085447954065802,0.06334212179608334,19.8632,-0.31164594290273306,0.35252448292192334,0.018125177849823457,0.3525027082254086,0.01664194753491969,1.5012159319670004,0.0012496946850272667,0.0012159319670004276,0,0,FOLLOWING,1.5012071666072149,0.3529062659430019,0
46.816,18.376372610814926,-0.407828734254754,0.06387374529882267,19.8744,-0.31014222948561676,0.352545723366521,0.018092841126156896,0.3525239538697239,0.01661323485145777,1.5012090833600311,0.0012441502419524991,0.0012090833600311157,0,0,FOLLOWING,1.5012002854638233,0.3529256367168477,0
46.848,18.38763092490387,-0.4071066481516147,0.06440444169780159,19.8856,-0.3086339428408606,0.35256695663518756,0.01806021662707084,0.35254519375947213,0.01658426285689878,1.5012022594026337,0.0012385855436477938,0.001202259402633743,0,0,FOLLOWING,1.5011934298576697,0.35294498482616155,0
46.88,18.398889532453904,-0.4063785470639589,0.06493420271355195,19.8968,-0.3071211052090292,0.3525881813036819,0.018027305024748586,0.3525664264686439,0.016555032128946826,1.5011954598078647,0.0012330006963838236,0.0011954598078647294,0,0,FOLLOWING,1.5011865995037377,0.352964309133572,0
46.912,18.410148430665277,-0.40564444105758934,0.06546302008522009,19.908,-0.3056037388977936,0.3526093959495808,0.017994106995922486,0.3525876505730769,0.016525543249308366,1.501188684292258,0.0012273958067750281,0.0011886842922579355,0,0,FOLLOWING,1.5011797941204197,0.3529836085032989,0
46.944,18.4214076167154,-0.4049043402971883,0.06599088557070183,19.9192,-0.3040818662816034,0.3526305991523587,0.01796062322185144,0.3526088646502938,0.016495796803903097,1.5011819325757916,0.0012217709817676366,0.0011819325757915777,0,0,FOLLOWING,1.5011730134295227,0.3530028818012025,0
46.976,18.432667087759068,-0.4041582550461904,0.06651779094676676,19.9304,-0.3025555098013552,0.35265178949346565,0.017926854388296023,0.3526300672798592,0.01646579338253641,1.5011752043818825,0.0012161263286399188,0.0011752043818824554,0,0,FOLLOWING,1.5011662571562123,0.35302212789486903,0
47.008,18.443926840928686,-0.4034061956666538,0.06704372800917963,19.941599999999998,-0.3010246919640642,0.3526729655564095,0.017892801185499962,0.3526512570432116,0.016435533578810013,1.50116849943737,0.0012104619550027534,0.001168499437369963,0,0,FOLLOWING,1.50115952502904,0.35304134565366235,0
47.04,18.455186873334487,-0.40264817261912617,0.06756868857284602,19.9528,-0.2994894353425293,0.352694125926836,0.017858464308159704,0.35267243252386504,0.016405017990872302,1.5011618174725057,0.0012047779687768129,0.0011618174725056551,0,0,FOLLOWING,1.501152816779896,0.3530605339488035,0
47.072,18.46644718206477,-0.401884196462511,0.06809266447192028,19.964,-0.2979497625750033,0.3527152691926081,0.017823844455403897,0.35269359230752784,0.01637424722024767,1.501155158220916,0.001199074478206344,0.0011551582209159417,0,0,FOLLOWING,1.5011461321440163,0.3530796916534166,0
47.104,18.477707764186132,-0.4011142778539302,0.06861564755993683,19.9752,-0.2964056963648568,0.3527363939438833,0.017788942330772096,0.3527147349820704,0.01634322187256565,1.5011485214196076,0.0011933515918492732,0.0011485214196076399,0,0,FOLLOWING,1.501139470859933,0.35309881764261636,0
47.136,18.488968616743684,-0.40033842754858423,0.06913762970993928,19.986400000000003,-0.29485725948024516,0.35275749877319684,0.0177537586421873,0.35273585913767064,0.016311942557485335,1.5011419068089453,0.0011876094185679226,0.0011419068089453255,0,0,FOLLOWING,1.5011328326695057,0.3531179107935537,0
47.168,18.5002297367613,-0.39955665639961047,0.0696586028146059,19.997600000000002,-0.2933044747537703,0.3527785822755362,0.017718294101932486,0.3527569633668828,0.016280409888592424,1.501135314132622,0.0011818480675260395,0.0011353141326220229,0,0,FOLLOWING,1.501126217317853,0.3531369699854921,0
47.2,18.51149112124183,-0.3987689753579388,0.07017855878636634,20.008799999999997,-0.29174736508214744,0.35279964304842315,0.01768254942662711,0.3527780462647439,0.01624862448311877,1.5011287431376656,0.0011760676481883808,0.0011287431376656443,0,0,FOLLOWING,1.5011196245533809,0.35315599409986353,0
47.232,18.522752767167358,-0.3979753954721448,0.07069748955753133,20.02,-0.2901859534258639,0.3528206796919919,0.017646525337202828,0.35279910642877876,0.016216586962346003,1.501122193574411,0.0011702682703128575,0.0011221935744110123,0,0,FOLLOWING,1.5011130541277313,0.35317498202035574,0
47.264,18.534014671499413,-0.39717592788829986,0.07121538708041847,20.031200000000002,-0.28862026280884356,0.3528416908090676,0.01761022255887765,0.3528201424591162,0.016184297951489325,1.5011156651964759,0.0011644500439412647,0.001115665196475879,0,0,FOLLOWING,1.5011065057957922,0.3531939326329459,0
47.296,18.54527683117922,-0.3963705838498205,0.0717322433274678,20.0424,-0.2870503163181055,0.3528626750052429,0.017573641821131858,0.35284115295868673,0.01615175807937626,1.5011091577607487,0.0011586130794030147,0.0011091577607487135,0,0,FOLLOWING,1.5010999793156636,0.353212844825979,0
47.328,18.556539243127922,-0.3955593746973137,0.07224805029136647,20.053599999999996,-0.28547613710342473,0.3528836308889571,0.017536783857682536,0.3528621365330219,0.016118967978728756,1.5011026710273814,0.0011527574873063662,0.0011026710273813745,0,0,FOLLOWING,1.5010934744486526,0.3532317174902288,0
47.36,18.56780190424683,-0.3947423118684203,0.07276279998517264,20.064799999999998,-0.283897748376989,0.3529045570715744,0.017499649406459702,0.35288309179063054,0.016085928286142533,1.5010962047597793,0.0011468833785317073,0.00109620475977934,0,0,FOLLOWING,1.5010869909592433,0.35325054951897883,0
47.392,18.57906481141766,-0.39391940689765625,0.07327648444243028,20.076,-0.2823151734130592,0.35292545216746235,0.017462239209580826,0.3529040173429014,0.016052639641795024,1.5010897587245522,0.0011409908642331797,0.0010897587245521922,0,0,FOLLOWING,1.5010805286151,0.3532693398080606,0
47.424,18.590327961502762,-0.3930906714162512,0.0737890957172939,20.087200000000003,-0.28072843554762295,0.35294631479406563,0.01742455401332658,0.35292491180422014,0.01601910268977107,1.5010833326915205,0.001135080055830004,0.0010833326915205,0,0,FOLLOWING,1.5010740871870216,0.35328808725593447,0
47.456,18.60159135134537,-0.39225611715198444,0.07430062588465,20.098399999999998,-0.2791375581780548,0.35296714357198655,0.017386594568113187,0.35294577379205444,0.01598531807794329,1.5010769264336965,0.001129151064997336,0.0010769264336965012,0,0,FOLLOWING,1.5010676664489633,0.35330679076373567,0
47.488,18.612854977769835,-0.3914157559290188,0.07481106704023216,20.1096,-0.2775425647627663,0.3529879371250609,0.01734836162846736,0.3529666019270265,0.015951286457781773,1.501070539727285,0.00112320400366768,0.0010705397272849915,0,0,FOLLOWING,1.5010612661779825,0.35332544923536563,0
47.52,18.62411883758188,-0.3905695996677321,0.07532041130073928,20.1208,-0.27594347882086406,0.3530086940804344,0.01730985595300045,0.35298739483300595,0.015917008484456086,1.501064172351621,0.0011172389840261449,0.001064172351620929,0,0,FOLLOWING,1.501054886154249,0.35334406157752424,0
47.552,18.63538292756882,-0.38971766038454514,0.07582865080395358,20.132,-0.2743403239318001,0.3530294130686394,0.01727107830438415,0.35300815113720135,0.01588248481681717,1.5010578240892023,0.001111256118504364,0.0010578240892022972,0,0,FOLLOWING,1.501048526161009,0.35336262669979773,0
47.584,18.64664724449983,-0.3888599501917495,0.076335777708859,20.1432,-0.2727331237350268,0.3530500927236699,0.017232029449324476,0.35302886947011664,0.015847716117420998,1.501051494725633,0.0011052555197754443,0.0010514947256330398,0,0,FOLLOWING,1.5010421859845824,0.3533811435147014,0
47.616,18.657911785126178,-0.38799648129732983,0.07684178419576006,20.1544,-0.27112190192964514,0.35307073168305847,0.017192710158531927,0.35304954846579695,0.015812703052534696,1.5010451840496373,0.0010992373007465278,0.001045184049637271,0,0,FOLLOWING,1.50103586541434,0.3533996109377537,0
47.648,18.669176546181454,-0.38712726600478703,0.07734666246638763,20.165599999999998,-0.2695066822740597,0.35309132858795267,0.017153121206700206,0.35307018676179863,0.01577744629173375,1.5010388918530313,0.001093201574562816,0.0010388918530312985,0,0,FOLLOWING,1.501029564242693,0.3534180278875348,0
47.68,18.68044152438185,-0.3862523167129557,0.07785040474402471,20.1768,-0.26788748858562306,0.3531118820831884,0.017113263372477962,0.35309078299931346,0.015741946508519594,1.5010326179307003,0.001087148454594969,0.001032617930700308,0,0,FOLLOWING,1.5010232822650602,0.353436393285752,0
47.712,18.691706716426363,-0.3853716459158222,0.07835300327361501,20.188,-0.2662643447402891,0.3531323908173674,0.01707313743844235,0.35311133582314524,0.015706204379792445,1.5010263620805901,0.001081078054437995,0.0010263620805901486,0,0,FOLLOWING,1.5010170192798804,0.3534547060572898,0
47.744,18.702972118997092,-0.3844852662023375,0.07885445032188301,20.199200000000005,-0.26463727467225745,0.3531528534429302,0.017032744191070235,0.35313184388199614,0.015670220586199466,1.501020124103691,0.0010749904879016198,0.0010201241036909003,0,0,FOLLOWING,1.501010775088557,0.35347296513029397,0
47.776,18.714237728759446,-0.38359319025623007,0.07935473817743836,20.2104,-0.2630063023736235,0.3531732686162276,0.016992084420715477,0.35315230582830637,0.015633995811653794,1.5010139038039936,0.0010688858690149766,0.0010139038039935766,0,0,FOLLOWING,1.5010045494954674,0.35349116943619646,0
47.808,18.725503542362407,-0.38269543085581437,0.07985385915089395,20.2216,-0.2613714518940227,0.3531936349976006,0.01695115892157912,0.3531727203184636,0.015597530743756933,1.5010077009885294,0.0010627643120138114,0.0010077009885294252,0,0,FOLLOWING,1.5009983423079414,0.3535093179098208,0
47.84,18.736769556438773,-0.38179200087379805,0.08035180557497852,20.2328,-0.25973274734027724,0.3532139512514539,0.016909968491683358,0.3531930860128099,0.015560826073628742,1.501001515467311,0.0010566259313371656,0.001001515467311087,0,0,FOLLOWING,1.5009921533362558,0.3535274094894124,0
47.872,18.74803576760542,-0.3808829132770863,0.08084856980464598,20.244000000000003,-0.25809021287603834,0.35323421604632643,0.01686851393284271,0.3532134015757731,0.015523882495807141,1.5009953470533144,0.0010504708416258085,0.0009953470533143882,0,0,FOLLOWING,1.5009859823935858,0.35354544311671043,0
47.904,18.759302172463542,-0.37996818112658365,0.08134414421718623,20.2552,-0.25644387272143326,0.3532544280549651,0.016826796050638946,0.3532336656759704,0.015486700708288944,1.5009891955624668,0.0010442991577149785,0.0009891955624667936,0,0,FOLLOWING,1.5009798292960166,0.3535634177369967,0
47.936,18.770568767598906,-0.3790478175769936,0.08183852121233297,20.266399999999997,-0.25479375115270486,0.3532745859544001,0.016784815654393864,0.3532538769861643,0.015449281412446923,1.5009830608136585,0.0010381109946325101,0.0009830608136585095,0,0,FOLLOWING,1.500973693862518,0.35358133229917277,0
47.968,18.781835549582098,-0.37812183587661563,0.08233169321237337,20.2776,-0.25313987250185616,0.3532946884260166,0.016742573557142038,0.35327403418337555,0.015411625313075359,1.5009769426286923,0.0010319064675939071,0.000976942628692301,0,0,FOLLOWING,1.5009675759149277,0.353599185755811,0
48.0,18.793102514968776,-0.37719024936714035,0.08282365266226352,20.288800000000002,-0.2514822611562902,0.35331473415562853,0.01670007057560024,0.35329413594904796,0.015373733118580148,1.500970840832277,0.0010256856919913515,0.0009708408322770534,0,0,FOLLOWING,1.5009614752779372,0.3536169770632118,0
