t,x,y,yaw,hx,hy,v,w,actual_v,actual_w,distance,bearing,error,stale,close,state,estimate_distance,estimate_speed,rejected_measurements
0.032,-1.1117249775614982e-19,-9.054995751677783e-06,9.717913460352276e-19,1.5,0.0,0.0,2.5594823962338975e-06,-3.474412961142314e-18,3.0368479600451785e-17,1.500000000027331,6.036663834377556e-06,2.7331026331012254e-11,0,0,FOLLOWING,1.500000000027331,0.0,0
0.064,-3.04071622897065e-11,-7.5634113680572925e-06,3.6758747715771296e-08,1.5144,0.0,0.0030812950062061007,1.1586452047515321e-05,-9.30699763904979e-10,1.1487108235742992e-06,1.5144000000492943,4.9575699420904515e-06,0.014400000049294315,0,0,FOLLOWING,1.5043200000494208,0.011249999999999975,0
0.096,9.43505700346375e-05,-6.060408570837122e-06,2.2676794000753624e-07,1.5288,0.0,0.010857436780441484,3.3547890008749854e-05,0.002950872224009639,5.932063895064966e-06,1.5287056494419784,3.737637223972345e-06,0.028705649441978398,0,0,FOLLOWING,1.5118216494421124,0.030093750000000086,0
0.128,0.0004315604363548773,-4.8471024554317105e-06,1.1154660772108327e-06,1.5432,0.0,0.023951575843139318,7.470167843219115e-05,0.010543651893120674,2.775140878180929e-05,1.5427684395712593,2.0263550354810442e-06,0.04276843957125931,0,0,FOLLOWING,1.5215437395713656,0.053782031250000126,0
0.16,0.001181902418665733,-3.8754216999482485e-06,3.294840034717689e-06,1.5576,0.0,0.042332905853089055,0.00014069252769292423,0.02345739780513627,6.806607975786384e-05,1.5564180975861592,-8.048781755214841e-07,0.05641809758615923,0,0,FOLLOWING,1.532685525086234,0.0802692773437504,0
0.192,0.0025156813107647625,-3.0943085554428423e-06,7.533775388710657e-06,1.572,0.0,0.06555392203002779,0.00023575905659894362,0.04169252397551448,0.00013240938245287384,1.5694843186922856,-5.562230647172197e-06,0.06948431869228555,0,0,FOLLOWING,1.5445895497548348,0.10805361767578169,0
0.224,0.004589326313473606,-2.4569319187527405e-06,1.4734878419981034e-05,1.5864,0.0,0.0911539220300278,0.000361983142805321,0.06481516379765734,0.00022496346654591145,1.5818106736884348,-1.3181638225296608e-05,0.08181067368843475,0,0,FOLLOWING,1.556724736468153,0.13605131546630922,0
0.256,0.0074830258158461735,-1.91575595399737e-06,2.58683313330979e-05,1.6008,0.0,0.1167539220300278,0.0005191055287217713,0.09044135917430922,0.0003478424994091179,1.5933169741853055,-2.46659616947669e-05,0.09331697418530549,0,0,FOLLOWING,1.5687243675975502,0.16349842103302056,0
0.28800000000000003,0.011200185057979078,-1.4182026684022792e-06,4.189885012694378e-05,1.6152,0.0,0.1423539220300278,0.0007048013073684226,0.1161720147160717,0.0005008764236107305,1.603999814942648,-4.1014683772814144e-05,0.10399981494264798,0,0,FOLLOWING,1.5803673549623556,0.18987393440389294,0
0.32,0.015740288890103826,-9.019052464171684e-07,6.372139181583079e-05,1.6296,0.0,0.16795392203002785,0.0009148726753077775,0.1418868687885678,0.000681883024833686,1.613859711110148,-6.316254197268253e-05,0.11385971111014803,0,0,FOLLOWING,1.5914901652545876,0.21483994540340628,0
0.352,0.021102612430176096,-2.9084635548198276e-07,9.210329516622768e-05,1.6440000000000001,0.0,0.19355392203002786,0.0011435670622108104,0.16757948936942724,0.0008868713797211649,1.62289738756985,-9.192408090554204e-05,0.12289738756985003,0,0,FOLLOWING,1.6019711202479918,0.23819515446798054,0
0.384,0.02728654699919631,5.07536050800075e-07,0.00012763536674145567,1.6583999999999999,0.0,0.2191539220300279,0.0013839771418142632,0.19325344084069743,0.0011103231255452743,1.6311134530008824,-0.00012794652599887356,0.1311134530008824,0,0,FOLLOWING,1.6117206373356654,0.2598389219514826,0
0.41600000000000004,0.03429160427003642,1.604163600374879e-06,0.0001706952082462923,1.6728,0.0,0.2447539220300279,0.0016284719503798014,0.21891241486040236,0.0013455746700672528,1.638508395730749,-0.00017167424723355345,0.1385083957307489,0,0,FOLLOWING,1.6206738166168178,0.27974358614114725,0
0.448,0.04211739457941346,3.128913499891684e-06,0.00022142385612522233,1.6872,0.0,0.2703539220300279,0.0018691175864162801,0.24455943798809768,0.0015852328846896109,1.6450826054235619,-0.00022332583569121983,0.14508260542356188,0,0,FOLLOWING,1.6287846563733959,0.2979332614203837,0
0.48,0.05076360718994925,5.22996065936064e-06,0.0002797154691427058,1.7016,0.0,0.2959539220300279,0.0020980579185774476,0.27019693152350177,0.00182158265227023,1.6508363928183352,-0.0002828835363613117,0.15083639281833516,0,0,FOLLOWING,1.6360215335390895,0.3144677025803396,0
0.512,0.06022999431147392,8.071909830076036e-06,0.00034521887571895433,1.716,0.0,0.3215539220300279,0.002307837170902537,0.29582682681719047,0.002046957361608711,1.6557700057082014,-0.00035009389447293615,0.15577000570820143,0,0,FOLLOWING,1.6423636807506372,0.3294301188278002,0
0.544,0.07051635833575084,1.1832826300907617e-05,0.0004173492226051671,1.7304,0.0,0.34715392203002793,0.0024916559390912125,0.3214506638220825,0.002254054501008505,1.6598836417064255,-0.00042447793090958974,0.15988364170642555,0,0,FOLLOWING,1.6477984488980704,0.3429180572303278,0
0.5760000000000001,0.0816225416553705,1.670032316474939e-05,0.0004953076944977948,1.7448000000000001,0.0,0.37275392203002794,0.002643559660758478,0.34706967032443764,0.0024361878324261543,1.6631774584284755,-0.000505348909931781,0.16317745842847553,0,0,FOLLOWING,1.6523191879449208,0.3550366626813389,0
0.608,0.09354841854634881,2.2866896733568898e-05,0.000578107233211423,1.7592,0.0,0.398353922030028,0.002758563818876267,0.37268482519088,0.0025874748536221953,1.6656515816106152,-0.0005918357326087435,0.16565158161061522,0,0,FOLLOWING,1.6559236135167252,0.36589376993001316,0
0.64,0.10629388869773099,3.0524720100691e-05,0.0006646023075588852,1.7736,0.0,0.423953922030028,0.002832723461279348,0.39829690881651786,0.0027029633698830444,1.6673061115816896,-0.0006829101155194996,0.16730611158168962,0,0,FOLLOWING,1.658612554363218,0.3755964007558347,0
0.672,0.11985887205576151,3.9860109901678606e-05,0.0007535210111860259,1.788,0.0,0.44955392203002803,0.002863156344426996,0.42390654336344674,0.002778704236292574,1.6681411284204657,-0.0007774159378360358,0.1681411284204657,0,0,FOLLOWING,1.6603889977456645,0.3842483323150136,0
0.704,0.13424330471736692,5.104787533015837e-05,0.0008434980465607451,1.8024,0.0,0.47515392203002804,0.002848029549115536,0.44951422485712306,0.0028117790475049565,1.6681566960637004,-0.0008740994136017322,0.16815669606370043,0,0,FOLLOWING,1.6612573672368833,0.3919484760985637,0
0.736,0.14944713566113704,6.424574392212261e-05,0.0009331074523046672,1.8168,0.0,0.500753922030028,0.002786519125543347,0.4751203487875386,0.002800292116740827,1.6673528655766081,-0.0009716390344696713,0.1673528655766081,0,0,FOLLOWING,1.6612229812647406,0.3987898648445848,0
0.768,0.16547032414431276,7.954764684677299e-05,0.0010210672808927779,1.8312,0.0,0.526353922030028,0.0026786766609932203,0.5007252291369185,0.0027487456380106295,1.6657296777551034,-0.0010688227168073345,0.1657296777551034,0,0,FOLLOWING,1.6602916517123392,0.4048590903456844,0
0.8,0.182312837637094,9.711105859907524e-05,0.0011057261051559764,1.8456000000000001,0.0,0.5519539220300279,0.0025255330556726266,0.5263291202565632,0.0026455899600801983,1.6632871651978218,-0.0011641111277102133,0.16328716519782183,0,0,FOLLOWING,1.6584693905955106,0.4102360709378124,0
0.8320000000000001,0.1999746501809983,0.0001170119507208346,0.0011856610788706862,1.86,0.0,0.5775539220300279,0.0023289214772571004,0.5519322214431482,0.002497969709443755,1.6600253539429741,-0.0012561491292729279,0.16002535394297412,0,0,FOLLOWING,1.6557621997152165,0.41499405557885666,0
0.864,0.21845574107826582,0.00013928989132009072,0.0012595036582366305,1.8744,0.0,0.6031539220300278,0.002091405651398759,0.5775346927557344,0.002307582218642999,1.6559442647799247,-0.0013436187425706172,0.15594426477992474,0,0,FOLLOWING,1.6521759236713898,0.41919979343811614,0
0.896,0.23775609385364052,0.00016394602255806302,0.00132596294969496,1.8888,0.0,0.6232344356636415,0.0018162120101966731,0.6031366620140152,0.002076854081126085,1.6510439142861486,-0.0014252613520020665,0.1510439142861486,0,0,FOLLOWING,1.6477161508902742,0.42291381510364484,0
0.928,0.25770661586199345,0.00019071661109906388,0.0013838453331783387,1.9032,0.0,0.6271754660497382,0.001508704355849686,0.6234501662142091,0.0018088251380904913,1.6454933951902617,-0.0014997477197108634,0.14549339519026172,0,0,FOLLOWING,1.6425572302797204,0.42619078489192347,0
0.96,0.2778045648932908,0.0002188048552812198,0.0014321209361398515,1.9176,0.0,0.6292900902948816,0.0011788049627821096,0.6280450971429979,0.0015086124536075637,1.639795449704739,-0.0015655551739101234,0.1397954497047389,0,0,FOLLOWING,1.6372068078581907,0.42907989412142084,0
0.992,0.2979691310482519,0.00024790883743007355,0.001470074378437688,1.932,0.0,0.6298217185585883,0.0008359299915809971,0.6301275398381798,0.001186043948288948,1.6340308877576324,-0.001621790505861282,0.1340308877576324,0,0,FOLLOWING,1.6317502281034963,0.4316252732290333,0
1.024,0.3181477885508808,0.0002777424618971625,0.0014972857726560586,1.9464000000000001,0.0,0.6289950471010409,0.000488615825817915,0.6305696257052966,0.0008503543406258166,1.6282522351373643,-0.0016678628228516147,0.12825223513736428,0,0,FOLLOWING,1.6262441795106497,0.4338664067736362,0
1.056,0.3382971567850955,0.00030802174125418077,0.001513601668881226,1.9608,0.0,0.6270155234691475,0.00014441151653501707,0.6296560061909159,0.0005098697830603737,1.6225028724528787,-0.0017034452422480524,0.12250287245287872,0,0,FOLLOWING,1.6207358410373103,0.4358385400855174,0
1.088,0.3583805921563272,0.0003384701350076284,0.0015191052964415202,1.9752,0.0,0.6240697119963019,-0.00019016684342234826,0.627597118526183,0.00017198642603575626,1.6168194432718817,-0.0017284484849393652,0.11681944327188165,0,0,FOLLOWING,1.6152653045906729,0.4375730699016963,0
1.12,0.37836741394132195,0.00036882451260236883,0.0015140846041380852,1.9896,0.0,0.6203259062055326,-0.0005096440762451712,0.6245793068335352,-0.00015689832854501383,1.6112326282721736,-0.0017429929004024731,0.11123262827217362,0,0,FOLLOWING,1.6098663679730902,0.43909791402547893,0
1.1520000000000001,0.3982323068821853,0.00039883990048248367,0.0014989999254013157,2.004,0.0,0.6159348976920281,-0.0008095640381099321,0.62077025415386,-0.0004713975381394008,1.6057677426496568,-0.0017473794973593762,0.10576774264965683,0,0,FOLLOWING,1.6045671537264523,0.44043785706148986,0
1.184,0.41795476274686255,0.00042829293116493616,0.0014744522983430406,2.0184,0.0,0.6110308662222995,-0.0010864440255343845,0.6163201917258675,-0.000767114248368338,1.6004452945605754,-0.0017420609056053825,0.10044529456057538,0,0,FOLLOWING,1.5993906903243538,0.4416148707601603,0
1.216,0.43751855103006443,0.0004569841188094083,0.0014411531986349465,2.0328,0.0,0.6057323618718864,-0.0013377111130722992,0.6113628091450628,-0.001040597339017808,1.59528151442374,-0.0017276130622562247,0.09528151442374,0,0,FOLLOWING,1.5943554645749791,0.44264840858022547,0
1.248,0.4569112205916406,0.00048473911716788464,0.001399896244008558,2.0472,0.0,0.600143351810409,-0.0015616255708827966,0.6060162213450135,-0.001289279909845527,1.5902888532855097,-0.0017047082432077197,0.09028885328550973,0,0,FOLLOWING,1.5894759427547451,0.44355567483976555,0
1.28,0.47612363433874927,0.0005114091193283211,0.0013515312603282915,2.0616,0.0,0.5943543062160915,-0.0017571959299973216,0.6003840013864787,-0.0015114054820739528,1.5854764481409664,-0.0016740899011684943,0.08547644814096644,0,0,FOLLOWING,1.5847630578965226,0.4443518693504493,0
1.312,0.4951495383244653,0.0005368705532191737,0.0012969409564654933,2.076,0.0,0.5884433001342656,-0.0019240896320166852,0.5945562560824693,-0.0017059464751256095,1.5808505528384846,-0.001636549632677871,0.08085055283848464,0,0,FOLLOWING,1.5802246615509414,0.4450504087741668,0
1.344,0.5139851658747243,0.0005610242168267937,0.0012370203366803255,2.0904,0.0,0.5824771108151674,-0.002062542556635528,0.5886107206997508,-0.0018725186618601176,1.5764149339556486,-0.0015929064784474438,0.07641493395564858,0,0,FOLLOWING,1.575865939220413,0.4456631261514145,0
1.3760000000000001,0.5326288766768478,0.000583793984472036,0.001172658882555616,2.1048,0.0,0.5765122930361021,-0.0021732700953963993,0.5826138515440431,-0.0020112946225952456,1.5721712317131995,-0.0015439886627424883,0.0721712317131995,0,0,FOLLOWING,1.5716897894331834,0.4462004501617027,0
1.408,0.5510808301829158,0.0006051252014408141,0.001104725459203698,2.1192,0.0,0.5705962179820305,-0.002257381855640814,0.5766218983163626,-0.0021229186139532295,1.568119286573675,-0.001490617796374997,0.06811928657367505,0,0,FOLLOWING,1.567697167069482,0.4466715657148622,0
1.44,0.5693426922033216,0.0006249828695084557,0.0010340558400869294,2.1336,0.0,0.5647680642886491,-0.0023163015494986894,0.5706819413137728,-0.0022084247392294286,1.5642574326494023,-0.0014335955022241175,0.06425743264940231,0,0,FOLLOWING,1.5638873920760157,0.44708455745920234,0
1.472,0.5874173731882103,0.0006433497109905617,0.0009614426991805555,2.148,0.0,0.559059752727859,-0.002351693156961253,0.5648328816794247,-0.0022691598455736465,1.5605827594221449,-0.0013736923702275692,0.06058275942214486,0,0,FOLLOWING,1.5602584251147469,0.44744653774376014,0
1.504,0.6053087964117375,0.0006602241843516302,0.0008876278864108576,2.1624,0.0,0.5534968186505548,-0.002365394052825999,0.5591063758693647,-0.0023067121728374607,1.5570913435594964,-0.0013116391089159475,0.05709134355949641,0,0,FOLLOWING,1.556807111996037,0.4477637604993571,0
1.536,0.6230216940780401,0.00067561851050056,0.000813296780567731,2.1768,0.0,0.5480992186384287,-0.00235935545370225,0.553527708212054,-0.0023228464333055073,1.5537784528091796,-0.0012481197314002917,0.05377845280917959,0,0,FOLLOWING,1.5535293989556034,0.4480417224157907,0
1.568,0.6405614292485564,0.000689556756031634,0.0007390745015698415,2.1912000000000003,0.0,0.5428820698243992,-0.0023355902699258024,0.5481165978349273,-0.0023194457074040436,1.5506387240716646,-0.0011837665939662962,0.05063872407166459,0,0,FOLLOWING,1.5504205209613693,0.44828525269689945,0
1.6,0.6579338414369751,0.0007020730080781323,0.0006655237595387661,2.2056,0.0,0.5378563220123532,-0.0022961282328895927,0.5428879382909174,-0.0022984602936379035,1.5476663178048875,-0.0011191570938566234,0.047666317804887504,0,0,FOLLOWING,1.5474751652926573,0.44849859257625285,0
1.6320000000000001,0.6751451137211306,0.0007132506016716678,0.0005933152887574519,2.22,0.0,0.5330293645217763,-0.0022430723261251334,0.5378524707407399,-0.0022565140839895547,1.5448550509307077,-0.001055009495331438,0.04485505093070774,0,0,FOLLOWING,1.5446876126499334,0.4486854656773938,0
1.6640000000000001,0.6922016592691242,0.0007230959684265054,0.0005226902404278268,2.2344,0.0,0.5284055684211791,-0.002178349234929458,0.533017387508246,-0.0022070322571278284,1.5421985102511435,-0.000991563728577722,0.04219851025114352,0,0,FOLLOWING,1.5420518578894031,0.4488491402062574,0
1.696,0.7091100252333954,0.0007316631673347776,0.00045402633075196765,2.2488,0.0,0.5239867701669207,-0.0021038142873877064,0.5283868797653487,-0.002145746839500988,1.5396901486103556,-0.0009292279130521991,0.03969014861035558,0,0,FOLLOWING,1.5395617127009749,0.44899248387130625,0
1.728,0.7258768121034269,0.0007390110603496847,0.0003876424045193472,2.2632,0.0,0.5197726988634899,-0.002021230847478961,0.523962617251902,-0.002074497498855246,1.537323365522631,-0.0008683552495757452,0.03732336552263105,0,0,FOLLOWING,1.5372108920276264,0.44911801234005705,0
1.76,0.7425086067229191,0.0007452012699102534,0.0003238012082801994,2.2776,0.0,0.5157613513786589,-0.001932254512867123,0.5197441761689834,-0.001995037304367368,1.5350915741539013,-0.0008092454070013874,0.035091574153901295,0,0,FOLLOWING,1.534993086186323,0.44922793195968147,0
1.792,0.7590119272979491,0.0007502971690595314,0.00026271278821397875,2.292,0.0,0.5119493197437053,-0.001838421890367512,0.5157294139373088,-0.001909013144551637,1.5329882563126795,-0.0007521471957673367,0.03298825631267954,0,0,FOLLOWING,1.5329020204134773,0.4493241773944263,0
1.824,0.7753931788647076,0.0007543630245652997,0.00020453823460050866,2.3064,0.0,0.5083320751459202,-0.0017411433591450907,0.5119147960832015,-0.0018179548935491486,1.531007006981472,-0.0006972616850151411,0.031007006981472074,0,0,FOLLOWING,1.530931503427601,0.44940844476388675,0
1.856,0.7916586178247413,0.0007574632560853669,0.00014939365228696194,2.3208,0.0,0.5049042127387273,-0.0016416992520479963,0.5082956796213906,-0.0017232683485127942,1.5291415697807202,-0.0006447456210199152,0.029141569780720245,0,0,FOLLOWING,1.5290754664574158,0.44948222080341216,0
1.8880000000000001,0.807814324291656,0.0007596618027976836,9.73542526379264e-05,2.3352,0.0,0.5016596613357395,-0.0015412389226321624,0.5048665571854098,-0.0016262314331376712,1.5273858646213434,-0.0005947150386141138,0.027385864621343403,0,0,FOLLOWING,1.527327994042508,0.4495468085109944,0
1.92,0.8238661811240386,0.0007610215891161506,4.8458477974670113e-05,2.3496,0.0,0.4985918618409524,-0.0014407822072875437,0.5016212659930892,-0.0015279931822906071,1.5257340086711328,-0.000547248972482285,0.025734008671132846,0,0,FOLLOWING,1.525683347777886,0.44960334969352755,0
1.952,0.8398198586432538,0.0007616040807529132,2.7120840807391956e-06,2.364,0.0,0.4956939180166633,-0.0013412228360716071,0.49855316551861123,-0.001429575052383391,1.5241803316363345,-0.0005023931891559545,0.024180331636334484,0,0,FOLLOWING,1.524135984045322,0.4496528447789619,0
1.984,0.855680804150568,0.0007614689223438545,-3.990788020562348e-05,2.3784,0.0,0.49295872291876813,-0.0012433333908741734,0.4956552874898682,-0.001331874137377593,1.5227193862439858,-0.0004601638736315105,0.02271938624398584,0,0,FOLLOWING,1.5226805666543042,0.44969617021929204,0
2.016,0.8714542354650799,0.0007606736480591581,-7.944924506454326e-05,2.3928000000000003,0.0,0.4903790640478215,-0.0011477714540977977,0.4929204615555051,-0.001235667908315167,1.521345954703512,-0.0004205512166333334,0.02134595470351197,0,0,FOLLOWING,1.5213119752044966,0.4497340937720408,0
2.048,0.8871451378018756,0.0007592734570026422,-0.00011598108121935145,2.4072,0.0,0.48794770998294257,-0.0010550866342607813,0.49034141968231815,-0.0011416201336826542,1.5200550518281704,-0.0003835228595511594,0.020055051828170356,0,0,FOLLOWING,1.5200253098800904,0.44976728791466397,0
2.08,0.9027582633986855,0.0007573210456939299,-0.00014959027898954762,2.4216,0.0,0.4856574809912036,-0.0009657281960553378,0.48791088205993477,-0.001050287677169759,1.5188419254080603,-0.00034902716394892216,0.01884192540806029,0,0,FOLLOWING,1.5188158932943319,0.44979634161663357,0
2.112,0.9182981333793283,0.0007548664904826433,-0.00018037836445730366,2.436,0.0,0.48350130584254913,-0.0008800530610118232,0.4856216270130081,-0.0009621279074782266,1.5177020543464022,-0.0003169962812738482,0.017702054346402152,0,0,FOLLOWING,1.517679269919558,0.44982177066759604,0
2.144,0.9337690414137622,0.0007519571733227483,-0.0002084585650102373,2.4504,0.0,0.4814722668129177,-0.0007983339806521489,0.4834665471565393,-0.000877506491344363,1.5166311449992718,-0.0002873490060069336,0.016631144999271763,0,0,FOLLOWING,1.5166112035639134,0.44984402673657997,0
2.176,0.9491750587981269,0.0007486377449188079,-0.00023395313028635393,2.4648000000000003,0.0,0.4795636346281833,-0.0007207677167312533,0.4814386937807574,-0.0007967053748732751,1.5156251260953861,-0.0002599934020530655,0.015625126095386133,0,0,FOLLOWING,1.5156076732899477,0.44986350531645436,0
2.208,0.9645200406343011,0.0007449573650397505,-0.0002570212138409324,2.4792,0.0,0.4777688948282844,-0.000647470578893324,0.4795313111617499,-0.0007208777756670989,1.5146801425599898,-0.0002348036765374776,0.01468014255998984,0,0,FOLLOWING,1.5146648681156285,0.4498805526894551,0
2.24,0.9798076328355346,0.0007409801452108911,-0.0002779017847802862,2.4936000000000003,0.0,0.4760817668778614,-0.0005784573017124157,0.4777378623332611,-0.0006525178602791532,1.5137925485141521,-0.00021158415933244384,0.013792548514152125,0,0,FOLLOWING,1.513779180783651,0.4498954720333196,0
2.2720000000000002,0.9950412797287136,0.0007367028638784054,-0.00029657130012307627,2.508,0.0,0.4744962179977156,-0.0005137650997926673,0.47605204857272987,-0.0005834223745466801,1.512958899632121,-0.00019035725634300302,0.012958899632121046,0,0,FOLLOWING,1.5129472007945828,0.4499085287731915,0
2.3040000000000003,1.010224232084623,0.0007321601227801572,-0.0003131688792367443,2.5224,0.0,0.47300647107114707,-0.00045338078910204003,0.4744678211740717,-0.0005186743876496322,1.5121759451627663,-0.00017100768350291335,0.012175945162766322,0,0,FOLLOWING,1.512165707021238,0.44991995527177214,0
2.336,1.0253595553874122,0.000727384629905275,-0.00032783284403140587,2.5368000000000004,0.0,0.4716070088105638,-0.00039724858674953606,0.4729793901304752,-0.00045824895303950167,1.5114406196404468,-0.00015341970967847507,0.011440619640446847,0,0,FOLLOWING,1.5114316599396622,0.44992995493898447,0
2.368,1.0404501382265539,0.0007224064399767534,-0.0003406993719677663,2.5511999999999997,0.0,0.47029257459073764,-0.0003452770426846601,0.47158122765731064,-0.00040207905805570934,1.5107500344926523,-0.00013747799094025043,0.010750034492652327,0,0,FOLLOWING,1.510742193692907,0.4499387058325578,0
2.4,1.0554987007047334,0.0007172530693227115,-0.0003519014671958574,2.5656,0.0,0.469058170577812,-0.00029734534265241704,0.47026806868689985,-0.000350065538487864,1.5101014696321626,-0.0001230686660798463,0.01010146963216263,0,0,FOLLOWING,1.5100946080831368,0.44994636381224534,0
2.432,1.0705078027765143,0.0007119496404712511,-0.00036156810780701564,2.58,0.0,0.46789905370277224,-0.00025330900993402063,0.4690349087087383,-0.000302082581329218,1.509492365118445,-0.0001100802975237284,0.00949236511844509,0,0,FOLLOWING,1.5094863605836473,0.4499530653027204,0
2.464,1.0854798524498854,0.0007065190259597537,-0.00036982355489742323,2.5944000000000003,0.0,0.4668107299441509,-0.0002130050277641497,0.46787699948802175,-0.000257982781464953,1.508920312956186,-9.840465152887474e-05,0.008920312956185894,0,0,FOLLOWING,1.508915058444717,0.449958929713485,0
2.496,1.1004171137975616,0.000700981989605635,-0.00037678680909846915,2.6088,0.0,0.46578894731178383,-0.00017625640769855822,0.4667898431233214,-0.00021760175009235812,1.5083830490840673,-8.793733061058297e-05,0.008383049084067284,0,0,FOLLOWING,1.5083784509517149,0.44996406155818247,0
2.528,1.1153217147373475,0.0006953573245835359,-0.00038257120021489805,2.6231999999999998,0.0,0.46482968786021517,-0.0001428762322033508,0.4657691848324651,-0.00018076227440287504,1.5078784455944865,-7.857827191979765e-05,0.007878445594486472,0,0,FOLLOWING,1.5078744218808235,0.449968552310516,0
2.56,1.1301956545513065,0.0006896619877700031,-0.0003872840958638895,2.6376,0.0,0.46392915900576126,-0.00011267120201630122,0.4648110047926644,-0.0001472780364099699,1.5074045032144694,-7.023212513682081e-05,0.007404503214469393,0,0,FOLLOWING,1.5074009821867298,0.44997248202938683,0
2.592,1.1450408111221801,0.0006839112298934415,-0.0003910267154580987,2.652,0.0,0.46308378437430237,-8.54447204119424e-05,0.46391150930649505,-0.00011695690498521023,1.5069593440693307,-6.280852307180179e-05,0.006959344069330742,0,0,FOLLOWING,1.50695626294743,0.44997592078186194,0
2.624,1.1598589478726715,0.000678118721100451,-0.00039389403648783396,2.6664000000000003,0.0,0.4622901943666486,-6.099954745448284e-05,0.4630671215184661,-8.96038202347757e-05,1.506541204743474,-5.6222257619273114e-05,0.006541204743474083,0,0,FOLLOWING,1.5065385085837086,0.44997892988904825,0
2.656,1.1746517203991447,0.0006722966716169158,-0.0003959747807784299,2.6808,0.0,0.4615452165939914,-3.914005771004586e-05,0.4622744718669167,-6.50232927460064e-05,1.50614842964677,-5.039337305606692e-05,0.006148429646769982,0,0,FOLLOWING,1.5061460703644927,0.4499815630168522,0
2.688,1.1894206827960794,0.0006664559472454722,-0.0003973514691943553,2.6952,0.0,0.46084586630676283,-1.9674134770121378e-05,0.4615303884217544,-4.302154256426128e-05,1.5057794646901765,-4.5247187934809854e-05,0.005779464690176539,0,0,FOLLOWING,1.5057774002041975,0.44998386713089344,0
2.72,1.204167293671533,0.0006606061795010258,-0.00039810053410984644,2.7096,0.0,0.4601893369154907,-2.4147354042251363e-06,0.46083188722953794,-2.340830440939397e-05,1.5054328512703503,-4.0714256031379817e-05,0.005432851270350314,0,0,FOLLOWING,1.5054310447539292,0.4499858833324502,0
2.7520000000000002,1.2188929218569442,0.0006547558702410969,-0.00039829247983104866,2.724,0.0,0.4595729906813888,1.2818844720522787e-05,0.4601761627628339,-5.998326169751512e-06,1.5051072205599096,-3.673027598899691e-05,0.005107220559909642,0,0,FOLLOWING,1.5051056397850897,0.44998764759022897,0
2.7840000000000003,1.2335988518170606,0.000648912490699144,-0.0003979920820282765,2.7384000000000004,0.0,0.4589943496369024,2.6199973008110713e-05,0.4595605785500811,9.387412024566483e-06,1.5048012880975727,-3.3235958473488677e-05,0.004801288097572742,0,0,FOLLOWING,1.5047999048612435,0.44998919138091836,0
2.816,1.2482862887676582,0.0006430825748785962,-0.0003972586180988107,2.7528,0.0,0.45845108678178614,3.7893920227658226e-05,0.45898265804481614,2.292073121707527e-05,1.5045138486704974,-3.017685883538576e-05,0.004513848670497422,0,0,FOLLOWING,1.5045126382920202,0.4499905422498778,0
2.848,1.2629563635101277,0.0006372718073084828,-0.00039614612121533724,2.7672,0.0,0.45794101758812217,4.805731135289667e-05,0.4584400757786328,3.476551344480516e-05,1.504243771479753,-2.7503182477225995e-05,0.004243771479752967,0,0,FOLLOWING,1.5042427123612336,0.44999172430190243,0
2.88,1.2776101369930533,0.0006314851052033719,-0.0003947036516243869,2.7816,0.0,0.45746209183761066,5.6837760852227845e-05,0.4579306488301945,4.50771626727781e-05,1.5039899955787914,-2.5169569350602975e-05,0.003989995578791428,0,0,FOLLOWING,1.503989068820206,0.4499927586307722,0
2.912,1.2922486046116082,0.0006257266951072356,-0.00039297557952391117,2.7960000000000003,0.0,0.4570123858061963,6.437366810570685e-05,0.4574523286326558,5.400224294400244e-05,1.5037515255740999,-2.3134863273849282e-05,0.0037515255740998565,0,0,FOLLOWING,1.5037507146364324,0.44999366369521154,0
2.944,1.3068727002560598,0.0006200001841340472,-0.00039100187457018047,2.8104,0.0,0.4565900948043503,7.079415043106015e-05,0.4570031931337119,6.167827121165243e-05,1.5035274275767412,-2.1361871067978992e-05,0.0035274275767411822,0,0,FOLLOWING,1.503526717987158,0.4499944556479389,0
2.976,1.3214833001209068,0.0006143086259470548,-0.0003888183977394746,2.8247999999999998,0.0,0.45619352607586466,7.621909302003694e-05,0.45658143931584866,6.823364375074559e-05,1.5033168253932552,-1.9817115857515574e-05,0.003316825393255174,0,0,FOLLOWING,1.503316204487071,0.44999514862364903,0
3.008,1.3360812262862525,0.0006086545816441692,-0.00038645719189570987,2.8392,0.0,0.4558210920536554,8.075929688347275e-05,0.45618537607897713,7.378767659697131e-05,1.5031188969443234,-1.847058827833943e-05,0.003118896944323435,0,0,FOLLOWING,1.5031183536391726,0.449995754991055,0
3.04,1.3506672500829415,0.0006030401757383083,-0.0003839467679875836,2.8536,0.0,0.45547130396761615,8.451670766361651e-05,0.45581341748337045,7.845074212381354e-05,1.5029328708996637,-1.7295498780084417e-05,0.0029328708996636532,0,0,FOLLOWING,1.5029323954978646,0.44999628557346283,0
3.072,1.3652420952528204,0.0005974671474388826,-0.00038131238432770803,2.8680000000000003,0.0,0.45514276579688046,8.758470986671954e-05,0.4554640763474604,8.232448523009274e-05,1.5027580235178009,-1.626803369632286e-05,0.002758023517800856,0,0,FOLLOWING,1.5027576075333928,0.4499967498418119,0
3.104,1.3798064409152138,0.0005919368974538987,-0.0003785763168752232,2.8824,0.0,0.4548341685568022,9.004847271458043e-05,0.45513595819239056,8.550210448118833e-05,1.5025936756796148,-1.5367117298195642e-05,0.002593675679614771,0,0,FOLLOWING,1.5025933116869916,0.4499971560836108,0
3.136,1.3943609243503996,0.0005864505305438397,-0.00037575811887651287,2.8968,0.0,0.45454428490945176,9.198533533351219e-05,0.4548277555232626,8.806868466821348e-05,1.5024391901048941,-1.4574181623956868e-05,0.002439190104894129,0,0,FOLLOWING,1.5024388716063353,0.4499975115507793,0
3.168,1.408906143610483,0.0005810088940637979,-0.000372874868597493,2.9112,0.0,0.4542719640853375,9.346522049192965e-05,0.4545382424355589,9.010156894647688e-05,1.5022939687414782,-1.3872945503422904e-05,0.0022939687414782473,0,0,FOLLOWING,1.5022936900512283,0.44999782258902793,0
3.2,1.423442659967676,0.0005756126127353216,-0.00036994140421691237,2.9256,0.0,0.45401612710334915,9.455106742410162e-05,0.4542662695341553,9.167076005386823e-05,1.5021574503169992,-1.3249203865172744e-05,0.00215745031699921,0,0,FOLLOWING,1.5021572064598216,0.4499980947510764,0
3.232,1.4379710002095625,0.0005702621198902517,-0.0003669705452497165,2.9400000000000004,0.0,0.45377576227548555,9.529927557810286e-05,0.4540107591516824,9.283934124656106e-05,1.502029108043632,-1.2690628116526445e-05,0.0020291080436320996,0,0,FOLLOWING,1.5020288946660345,0.4499983328957335,0
3.2640000000000002,1.4524916587904912,0.0005649576854280571,-0.0003639733001245808,2.9544,0.0,0.45354992098273644,9.576015226582987e-05,0.45377070085259025,9.366390898127366e-05,1.5019084474667173,-1.2186578131786552e-05,0.0019084474667172557,0,0,FOLLOWING,1.5019082607592658,0.4499985412746001,0
3.2960000000000003,1.4670050998477984,0.0005596994407238024,-0.0003609590597627213,2.9688,0.0,0.4533377137084871,9.597835827928552e-05,0.4535451472091209,9.419501037553855e-05,1.5017950044485515,-1.1727926159136204e-05,0.0017950044485515182,0,0,FOLLOWING,1.501794841077889,0.4499987236079416,0
3.3280000000000003,1.4815117590911202,0.0005544874007198977,-0.0003579357771938878,2.9832,0.0,0.45313830631595375,9.599334650624137e-05,0.4533332098353895,9.447757954584213e-05,1.5016883432790853,-1.1306892765802735e-05,0.0016883432790852915,0,0,FOLLOWING,1.5016882003284409,0.44999888315108205,0
3.36,1.4960120455726198,0.0005493214834269955,-0.0003549101334026796,2.9976000000000003,0.0,0.4529509165564239,9.583978945215678e-05,0.45313405566597953,9.455136791019743e-05,1.5015880549057046,-1.0916894779196566e-05,0.0015880549057045723,0,0,FOLLOWING,1.501587929822839,0.4499990227525038,0
3.392,1.5105063433455264,0.0005442015270516888,-0.0003518876897322348,3.012,0.0,0.4527748107954242,9.554799237755498e-05,0.45294690346569344,9.445136427033557e-05,1.5014937552747012,-1.0552405043096167e-05,0.0014937552747011917,0,0,FOLLOWING,1.5014936458263528,0.4499991449046863,0
3.424,1.5249950130179675,0.0005391273049594477,-0.00034887302727606404,3.0263999999999998,0.0,0.45260930094435625,9.514428945540173e-05,0.45277102055751667,9.420820143231511e-05,1.5014050837774486,-1.0208823698398004e-05,0.0014050837774486347,0,0,FOLLOWING,1.5014049880094709,0.4499992517885967,0
3.456,1.5394783932086822,0.0005340985386717281,-0.000345869873774585,3.0408,0.0,0.4524537415856028,9.465142097732205e-05,0.45260571975625136,9.384854668469948e-05,1.501321701794693,-9.882360606060865e-06,0.001321701794692931,0,0,FOLLOWING,1.5013216179971742,0.4499993453126192,0
3.488,1.5539568019108,0.0005291149090845636,-0.0003428812185970566,3.0552,0.0,0.45230752727960644,9.40888901952677e-05,0.45245035649574655,9.339547412997375e-05,1.5012432913327791,-9.56992845814605e-06,0.0012432913327791173,0,0,FOLLOWING,1.5012432180095194,0.44999942714661956,0
3.52,1.568430537769525,0.0005241760660863805,-0.00033990941643695263,3.0696000000000003,0.0,0.45217009004293857,9.34732988502576e-05,0.45230432613821714,9.286881738958623e-05,1.5011695537459726,-9.269046069240933e-06,0.0011695537459726069,0,0,FOLLOWING,1.5011694895877756,0.44999949875175455,0
3.552,1.582899881279186,0.0005192816367407286,-0.00033695628038118324,3.084,0.0,0.45204089698690264,9.281866085923222e-05,0.4521670614545735,9.22855016713242e-05,1.50110020853941,-8.977751300218888e-06,0.0011002085394100636,0,0,FOLLOWING,1.5011001524007124,0.4499995614065546,0
3.584,1.5973650959047994,0.0005144312321886523,-0.00033402316503085137,3.0984,0.0,0.45191944810674517,9.213669398534642e-05,0.45203803026531764,9.165985465889185e-05,1.5010349922475426,-8.694523041720024e-06,0.0010349922475425544,0,0,FOLLOWING,1.5010349431259613,0.44999961622975093,0
3.616,1.6118264291329598,0.0005096244534146399,-0.0003311110403613772,3.1128,0.0,0.451805274212072,9.143708960815092e-05,0.45191673323203246,9.100389590675035e-05,1.5009736573832457,-8.418211667401705e-06,0.0009736573832457296,0,0,FOLLOWING,1.5009736144016859,0.44999966420024484,0
3.648,1.6262841134565764,0.0005048608960085991,-0.0003282205570066138,3.1272,0.0,0.4516979349895815,9.072776095959197e-05,0.45180270179004023,9.032760484040659e-05,1.5009159714530844,-8.147977362528815e-06,0.0009159714530844187,0,0,FOLLOWING,1.500915933844078,0.44999970617458446,0
3.68,1.6407383672976876,0.0005001401540460091,-0.0003253521036401855,3.1416000000000004,0.0,0.45159701718972967,9.001507040373725e-05,0.4516954962133248,8.963916771830763e-05,1.5008617160345006,-7.883235737957616e-06,0.0008617160345005814,0,0,FOLLOWING,1.500861683126507,0.4499997429022578,0
3.712,1.6551893958723192,0.0004954618231979092,-0.00032250585711414203,3.156,0.0,0.451502132929426,8.930403648360002e-05,0.45159470380333894,8.894520396569684e-05,1.5008106859109556,-7.623610145658015e-06,0.0008106859109555664,0,0,FOLLOWING,1.5008106571163713,0.4499997750390725,0
3.744,1.6696373920010947,0.000490825503172634,-0.00031968182598972686,3.1704,0.0,0.45141291810332823,8.859852160725268e-05,0.45149993719375137,8.825097267112907e-05,1.500762688261322,-7.368890130641343e-06,0.0007626882613220864,0,0,FOLLOWING,1.5007626630659885,0.4499998031588658,0
3.7760000000000002,1.684082536869073,0.0004862307995813236,-0.0003168798880708955,3.1848,0.0,0.45132903089675214,8.790140131647522e-05,0.45141083276372257,8.756056000055765e-05,1.5007175419000458,-7.1189954716706664e-06,0.0007175419000458039,0,0,FOLLOWING,1.5007175198540712,0.4499998277637495,0
3.8080000000000003,1.6985250007380588,0.00048167732531080256,-0.0003140998225224268,3.1992000000000003,0.0,0.4512501503936393,8.721471617651528e-05,0.4513270491527209,8.687704842882657e-05,1.5006750765648351,-6.87394528621439e-06,0.0006750765648351198,0,0,FOLLOWING,1.500675057274561,0.44999984929307435,0
3.84,1.7129649436144283,0.00047716470147863497,-0.00031134133712039776,3.2136000000000005,0.0,0.4511759752734355,8.653980734685264e-05,0.4512482658702933,8.620266885331017e-05,1.500635132248836,-6.633831703244932e-06,0.0006351322488360456,0,0,FOLLOWING,1.500635115369809,0.4499998681312751,0
3.872,1.7274025158753115,0.00047269255803713807,-0.0003086040911538539,3.2279999999999998,0.0,0.4511062225911161,8.587743692641445e-05,0.4511741819946796,8.553893649410902e-05,1.5005975585744495,-6.3987976309893765e-06,0.0005975585744495415,0,0,FOLLOWING,1.500597543805272,0.4499998846147331,0
3.904,1.7418378588557866,0.00046826053408596655,-0.0003058877144580751,3.2424,0.0,0.4510406266349651,8.522789418070115e-05,0.45110451495446857,8.488677178168985e-05,1.50056221420614,-6.169018180310002e-06,0.0005622142061401103,0,0,FOLLOWING,1.5005622012830857,0.4499998990377854,0
3.936,1.7562711053995779,0.0004638682779459923,-0.00030319182302945364,3.2568,0.0,0.4509789378570535,8.459108872907152e-05,0.45103899938794045,8.424660718150465e-05,1.5005289662997328,-5.944685330109417e-06,0.0005289662997327582,0,0,FOLLOWING,1.5005289549920406,0.4499999116579778,0
3.968,1.7707023803755721,0.0004595154470405832,-0.00030051603163505007,3.2712000000000003,0.0,0.45092092187169497,8.396663177556718e-05,0.45097738607500265,8.36184811103539e-05,1.5004976899858997,-5.725995453607339e-06,0.0004976899858997186,0,0,FOLLOWING,1.5004976800916539,0.4499999227006633,0
4.0,1.7851318011623332,0.0004552017076249344,-0.00029785996379822307,3.2856,0.0,0.4508663585174591,8.335390641080033e-05,0.4509194409370398,8.30021199340495e-05,1.500468267885645,-5.513139352306129e-06,0.00046826788564491295,0,0,FOLLOWING,1.5004682592281677,0.44999993236302693,0
4.032,1.7995594781026445,0.0004509267343985889,-0.0002952232595081014,3.3,0.0,0.45081504097861214,8.275212799407288e-05,0.4508649441002377,8.239700909737568e-05,1.500440589655761,-5.306294474335222e-06,0.0004405896557611033,0,0,FOLLOWING,1.5004405820804594,0.4499999408176053,0
4.064,1.8139855149299764,0.00044669021003102867,-0.0002926055809705348,3.3144,0.0,0.45076677496212614,8.216039557120937e-05,0.4508136890182473,8.180245432787908e-05,1.5004145515623635,-5.105619020427948e-06,0.00041455156236347435,0,0,FOLLOWING,1.5004145449339663,0.44999994821537,0
4.096,1.8284100091686546,0.00044249182462728084,-0.00029000661668503365,3.3288,0.0,0.4507213779266499,8.1577735229901e-05,0.45076548165035735,8.12176339487133e-05,1.500390056080718,-4.911247671884975e-06,0.00039005608071795983,0,0,FOLLOWING,1.5003900502808643,0.44999995468842124,0
4.128,1.8428330525093943,0.00043833127515399787,-0.0002874260841083558,3.3432000000000004,0.0,0.45067867836007225,8.100313625310682e-05,0.45072013969155567,8.06416430459354e-05,1.50036701151971,-4.723288694349177e-06,0.00036701151971008095,0,0,FOLLOWING,1.500367006444833,0.4499999603523468,0
4.16,1.8572547311617458,0.00043420826484580284,-0.0002848637311334278,3.3576,0.0,0.4506385151025316,8.04355808712545e-05,0.4506774918511056,8.00735304892957e-05,1.5003453316693964,-4.541822202681477e-06,0.00034533166939643145,0,0,FOLLOWING,1.5003453272288754,0.4499999653082859,0
4.192,1.8716751261849116,0.0004301225026062971,-0.0002823193365897714,3.372,0.0,0.450600736711934,7.987406835141543e-05,0.45063737717652225,7.951232951021055e-05,1.5003249354701893,-4.3668993910962175e-06,0.0003249354701893026,0,0,FOLLOWING,1.5003249315847305,0.4499999696447358,0
4.224,1.886094313798286,0.0004260737024164136,-0.000279792709947956,3.3864,0.0,0.45056520086923385,7.931763412373352e-05,0.4505996444199821,7.895708257595456e-05,1.5003057467023166,-4.198542555169319e-06,0.0003057467023166449,0,0,FOLLOWING,1.5003057433025373,0.44999997343913256,0
4.256,1.9005123656729928,0.0004220615827602677,-0.00027728369038759894,3.4008000000000003,0.0,0.45053177382091664,7.87653645688064e-05,0.4505641514444512,7.84068612787633e-05,1.5002876936942822,-4.036745753596422e-06,0.00028769369428216507,0,0,FOLLOWING,1.500287690719473,0.4499999767592323,0
4.288,1.9149293492056085,0.0004180858660759744,-0.00027479214536918267,3.4152000000000005,0.0,0.45050032985628735,7.821640805715112e-05,0.45053076466695124,7.786078184162e-05,1.5002707090491434,-3.881475974999445e-06,0.00027070904914339167,0,0,FOLLOWING,1.500270706446184,0.4499999796643213,0
4.32,1.9293453277751815,0.0004141462782375926,-0.0002723179688301072,3.4296,0.0,0.4504707508173336,7.766998276339779e-05,0.450499358536586,7.731801686084137e-05,1.5002547293874922,-3.73267469401398e-06,0.00025472938749215857,0,0,FOLLOWING,1.5002547271099018,0.44999998220627474,0
4.352,1.9437603609845906,0.0004102425480723955,-0.0002698610791105405,3.444,0.0,0.45044292563907334,7.71253817342357e-05,0.4504698150450966,7.67778037499146e-05,1.5002396951060966,-3.5902597144026917e-06,0.0002396951060965602,0,0,FOLLOWING,1.5002396931132043,0.4499999844304851,0
4.384,1.958174504887215,0.0004063744069165372,-0.00026742141669827777,3.4584,0.0,0.45041674991843833,7.658197565084556e-05,0.45044202326785515,7.623945039549141e-05,1.5002255501512296,-3.454127212499931e-06,0.0002255501512296032,0,0,FOLLOWING,1.5002255484074478,0.4499999863766703,0
4.416,1.9725878121998286,0.0004025415882105774,-0.0002649989418671358,3.4728000000000003,0.0,0.45039212550987345,7.603921365786607e-05,0.4504158789333485,7.570233848438562e-05,1.5002122418057746,-3.3241539078748047e-06,0.0002122418057746156,0,0,FOLLOWING,1.5002122402799645,0.44999998807958347,0
4.448,1.987000332502572,0.0003987438271357602,-0.0002625936322720664,3.4872000000000005,0.0,0.45036896014594974,7.549662261732396e-05,0.45039128401934303,7.516592485612456e-05,1.5001997204892537,-3.200199299030265e-06,0.00019972048925365193,0,0,FOLLOWING,1.5001997191541694,0.4499999895696332,0
4.48,2.0014121124268005,0.000394980860291227,-0.00026020548055417643,3.5016000000000003,0.0,0.45034716708140254,7.495380508398202e-05,0.4503681463740306,7.462974119334298e-05,1.5001879395699793,-3.0821079114494244e-06,0.00018793956997931183,0,0,FOLLOWING,1.5001879384017798,0.44999999087342707,0
4.5120000000000005,2.0158231958315582,0.00039125242541060147,-0.00025783449199601616,3.5160000000000005,0.0,0.45032666475910993,7.441043627072949e-05,0.45034637936055,7.409339245094908e-05,1.5001768551885812,-2.9697115169362623e-06,0.0001768551885812375,0,0,FOLLOWING,1.5001768541664064,0.4499999920142475,0
4.5440000000000005,2.03023362396938,0.00038755826111779864,-0.00025548068226279757,3.5304,0.0,0.45030737649662317,7.386626024540198e-05,0.4503259015234421,7.355655417073759e-05,1.5001664260922019,-2.862831288816335e-06,0.00016642609220185456,0,0,FOLLOWING,1.5001664251977986,0.44999999301246535,0
4.5760000000000005,2.044643435642073,0.00038389810671935685,-0.00025314407525165654,3.5448000000000004,0.0,0.4502892301919534,7.332108555146988e-05,0.45030663627558926,7.301896910508402e-05,1.5001566134787185,-2.761279869383361e-06,0.00015661347871853692,0,0,FOLLOWING,1.5001566126961157,0.4499999938859062,0
4.6080000000000005,2.0590526673470984,0.000380271702031958,-0.0002508247010745157,3.5592,0.0,0.45027215804739995,7.27747804365464e-05,0.4502885116044254,7.24804430419121e-05,1.500147380850356,-2.6648633234295505e-06,0.0001473808503560381,0,0,FOLLOWING,1.5001473801655785,0.44999999465016677,0
4.64,2.0734613534151287,0.00037667878724230187,-0.0002485225941831001,3.5736000000000003,0.0,0.45025609631029023,7.222726783200844e-05,0.4502714597961269,7.194084036236453e-05,1.5001386938761359,-2.5733829676759267e-06,0.0001386938761358536,0,0,FOLLOWING,1.5001386932769551,0.4499999953188954,0
4.672,2.087869526139319,0.00037311910279745055,-0.00024623779164568787,3.588,0.0,0.4502409850295666,7.167852021518052e-05,0.45025541717671413,7.14000792991838e-05,1.500130520262599,-2.4866370655103197e-06,0.00013052026259896543,0,0,FOLLOWING,1.5001305197383157,0.4499999959040329,0
4.704,2.102277215896801,0.00036959238932290824,-0.00024397033158366887,3.6024,0.0,0.4502267678272331,7.112855444941287e-05,0.45024032386896495,7.085812694259563e-05,1.5001228296323161,-2.404422377359284e-06,0.00012282963231613486,0,0,FOLLOWING,1.5001228291735684,0.44999999641602817,0
4.736,2.1166844512628704,0.00036609838756586024,-0.00024172025176589826,3.6168,0.0,0.4502133916837315,7.057742669916126e-05,0.45022612356416236,7.031499430932771e-05,1.5001155934096975,-2.3265355672032477e-06,0.00011559340969746756,0,0,FOLLOWING,1.5001155930082928,0.4499999968640243,0
4.768,2.1310912591183206,0.0003626368383612016,-0.00023948758836052106,3.6311999999999998,0.0,0.4502008067363816,7.002522748362278e-05,0.4502127633077664,6.977073142155725e-05,1.5001087847136598,-2.25277446417094e-06,0.00010878471365982634,0,0,FOLLOWING,1.500108784362431,0.4499999972560208,0
4.8,2.14549766475033,0.00035920748261774883,-0.000237272374841532,3.6456,0.0,0.4501889660900714,6.94720769224154e-05,0.45020019329811906,6.922542247148176e-05,1.5001023782567404,-2.1829391803941678e-06,0.00010237825674042078,0,0,FOLLOWING,1.500102377949415,0.44999999759901793,0
4.832,2.1599036919473042,0.0003558100613223963,-0.00023507464104296653,3.66,0.0,0.45017782563943876,6.89181202220526e-05,0.45018836669738155,6.867918120782217e-05,1.5000963502502525,-2.116833090904101e-06,9.63502502524527e-05,0,0,FOLLOWING,1.5000963499813427,0.44999999789914036,0
4.864,2.174309363088032,0.0003524443155596933,-0.00023289441235483808,3.6744,0.0,0.4501673439018329,6.836352342709517e-05,0.45017723945396954,6.813214650627138e-05,1.5000906783151307,-2.054263679927045e-06,9.06783151306545e-05,0,0,FOLLOWING,1.5000906780798349,0.4499999981617473,0
4.896,2.188714699225505,0.0003491099865449499,-0.00023073170905162915,3.6888,0.0,0.4501574818603903,6.780846946104666e-05,0.4501667701357014,6.75844782271637e-05,1.500085341398112,-1.995043261657708e-06,8.534139811189334e-05,0,0,FOLLOWING,1.5000853411922281,0.44999999839152843,0
4.928,2.203119720165723,0.0003458068156687598,-0.000228586545747736,3.7032,0.0,0.4501482028165987,6.725315447317668e-05,0.4501569197731207,6.70363532481919e-05,1.5000803196929275,-1.9389895798390734e-06,8.031969292754404e-05,0,0,FOLLOWING,1.5000803195127792,0.4499999985925867,0
4.96,2.217524444541787,0.0003425345445506296,-0.00022645893096456208,3.7176,0.0,0.45013947225176987,6.66977844904832e-05,0.4501476517122156,6.648796197538944e-05,1.500075594566214,-1.8859263000386799e-06,7.559456621408778e-05,0,0,FOLLOWING,1.5000755944085842,0.449999998768513,0
4.992,2.231928889883564,0.0003392929151007872,-0.00022434886680653085,3.732,0.0,0.4501312576968682,6.614257238229331e-05,0.45013893147609235,6.59395049393693e-05,1.500071148487844,-1.8356833968512058e-06,7.114848784395278e-05,0,0,FOLLOWING,1.5000711483499178,0.4499999989224485,0
5.024,2.246333072683195,0.0003360816695877185,-0.0002222563487315425,3.7464,0.0,0.45012352861018673,6.558773512941072e-05,0.4501307266349738,6.539118984398503e-05,1.500066964965421,-1.7880974489786455e-06,6.696496542102359e-05,0,0,FOLLOWING,1.5000669648447356,0.44999999905714183,0
5.056,2.2607370084566885,0.00033290055071044124,-0.00022018136540910443,3.7608,0.0,0.45011625626238994,6.503349139070421e-05,0.450123006684015,6.484322882651381e-05,1.5000630284826855,-1.7430118483984154e-06,6.302848268546768e-05,0,0,FOLLOWING,1.500063028377086,0.4499999991749986,0
5.088,2.275140711801847,0.00032974930167405076,-0.00021812389865584787,3.7752,0.0,0.45010941362846923,6.448005935825545e-05,0.45011574292851797,6.429583603933055e-05,1.500059324441587,-1.7002769330283355e-06,5.932444158696093e-05,0,0,FOLLOWING,1.5000593243491875,0.44999999927812306,0
5.12,2.2895441964527357,0.0003266276662674923,-0.00021608392343854468,3.7896,0.0,0.4501029752861939,6.392765488113146e-05,0.45010890837600526,6.374922554054477e-05,1.5000558391078185,-1.6597500521620002e-06,5.583910781847834e-05,0,0,FOLLOWING,1.500055839026969,0.4499999993683571,0
5.152,2.3039474753309057,0.0003235353889422471,-0.00021406140793819845,3.8040000000000003,0.0,0.45009691732065904,6.337648985403159e-05,0.45010247763481387,6.320360938540665e-05,1.5000525595595884,-1.6212955703116783e-06,5.255955958838321e-05,0,0,FOLLOWING,1.5000525594888452,0.449999999447312,0
5.184,2.31835056059357,0.00032047221489128237,-0.00021205631366565401,3.8184,0.0,0.4500912172345592,6.282677083982139e-05,0.45009642681874623,6.265919601638394e-05,1.5000494736394483,-1.5847848186556512e-06,4.947363944829419e-05,0,0,FOLLOWING,1.5000494735775478,0.44999999951639735,0
5.216,2.3327534636789102,0.00031743789012730265,-0.00021006859562088757,3.8328,0.0,0.4500858538638422,6.227869792141405e-05,0.45009073345748896,6.211618889812186e-05,1.5000465699089855,-1.5500960013588641e-06,4.65699089855498e-05,0,0,FOLLOWING,1.5000465698548222,0.4499999995768473,0
5.248,2.3471561953486857,0.0003144321615597732,-0.00020809820249094628,3.8472,0.0,0.4500808072984141,6.173246375872231e-05,0.45008537641234314,6.157478530964367e-05,1.5000438376062128,-1.5171140615118422e-06,4.383760621284871e-05,0,0,FOLLOWING,1.50004383755882,0.4499999996297411,0
5.28,2.3615587657283115,0.0003114547770698751,-0.00020614507687571844,3.8616,0.0,0.4500760588075907,6.118825283429886e-05,0.4500803357970386,6.103517547467205e-05,1.5000412666054923,-1.4857305170079863e-06,4.126660549230721e-05,0,0,FOLLOWING,1.5000412665640235,0.44999999967602317,0
5.312,2.3759611843445545,0.0003085054855832184,-0.00020420915554196959,3.8760000000000003,0.0,0.45007159077000664,6.064624086871757e-05,0.4500755929032916,6.049754167828537e-05,1.500038847379836,-1.4558432658679462e-06,3.8847379836060014e-05,0,0,FOLLOWING,1.5000388473435509,0.44999999971651994,0
5.344,2.390363460160985,0.0003055840371396205,-0.00020229036969341492,3.8904,0.0,0.45006738660771606,6.010659439464266e-05,0.4500711301307745,5.9962057765811556e-05,1.5000365709654577,-1.4273563728296006e-06,3.657096545772731e-05,0,0,FOLLOWING,1.5000365709337082,0.4499999997519544,0
5.376,2.4047656016113255,0.00030269018295995637,-0.00020038864525655502,3.9048000000000003,0.0,0.45006343072422783,5.95694704627429e-05,0.45006693092132477,5.9428888650206414e-05,1.500034428928423,-1.4001798375342753e-06,3.442892842309142e-05,0,0,FOLLOWING,1.5000344289006422,0.44999999978295985,0
5.408,2.4191676166308183,0.0002998236755095087,-0.00019850390317682767,3.9192,0.0,0.45005970844624016,5.9035016475700923e-05,0.4500629796970485,5.8898189989677003e-05,1.50003241333328,-1.3742293494210236e-06,3.2413333280079115e-05,0,0,FOLLOWING,1.500032413308972,0.44999999981008953,0
5.44,2.4335695126857337,0.00029698426855786223,-0.0001966360597189113,3.9336,0.0,0.4500562059688522,5.850337012327758e-05,0.4500592618021185,5.8370108057961415e-05,1.500030516713554,-1.3494260355662719e-06,3.0516713553918606e-05,0,0,FOLLOWING,1.5000305166922843,0.44999999983382816,0
5.472,2.447971296801121,0.0002941717172351733,-0.00019478502677222528,3.9480000000000004,0.0,0.45005291030404065,5.7974659415667894e-05,0.45005576344806636,5.784477958189626e-05,1.5000287320439936,-1.325696200351592e-06,2.873204399356233e-05,0,0,FOLLOWING,1.500028732025383,0.4499999998545994,0
5.5040000000000004,2.462372975586919,0.00029138577808461596,-0.00019295071215374957,3.9624,0.0,0.45004980923220844,5.7449002792845746e-05,0.45005247166231477,5.7322331825216045e-05,1.5000270527144615,-1.3029710647436798e-06,2.7052714461461846e-05,0,0,FOLLOWING,1.5000270526981772,0.44999999987277406,0
5.5360000000000005,2.476774555262514,0.0002886262091112291,-0.0001911330199087482,3.9768000000000003,0.0,0.45004689125661934,5.692650930397589e-05,0.4500493742397866,5.68028826540458e-05,1.5000254725053779,-1.2811865047853874e-06,2.547250537787704e-05,0,0,FOLLOWING,1.5000254724911288,0.44999999988867695,0
5.5680000000000005,2.491176041679844,0.0002858927698269237,-0.00018933185060642895,3.9912,0.0,0.45004414556054473,5.6407278841300964e-05,0.45004645969740487,5.6286540695134204e-05,1.500023985564613,-1.2602827921397739e-06,2.398556461291612e-05,0,0,FOLLOWING,1.500023985552145,0.4499999999025919,0
5.6000000000000005,2.505577440345132,0.0002831852212918403,-0.00018754710162759158,4.0056,0.0,0.4500415619669607,5.589140242416117e-05,0.45004371723127673,5.577340558624532e-05,1.500022586385756,-1.2402043397902142e-06,2.2586385755918315e-05,0,0,FOLLOWING,1.5000225863748462,0.4499999999147675,0
5.632,2.519978756439332,0.0002805033261521396,-0.00018577866744644978,4.0200000000000005,0.0,0.45003913090064274,5.537896251479108e-05,0.4500411366764441,5.526356815817934e-05,1.5000212697876687,-1.2208994507969834e-06,2.126978766869847e-05,0,0,FOLLOWING,1.5000212697781226,0.4499999999254215,0
5.664,2.5343799948373613,0.0002778468486741115,-0.00018402643989925106,4.0344,0.0,0.4500368433525138,5.487003336845931e-05,0.45003870846903826,5.475711084739156e-05,1.500020030895252,-1.2023200774352388e-06,2.003089525204338e-05,0,0,FOLLOWING,1.5000200308868996,0.4499999999347432,0
5.696,2.5487811601261976,0.0002752155547751931,-0.00018229030844390992,4.0488,0.0,0.4500346908461122,5.4364681401371705e-05,0.450036423610654,5.4254107976776865e-05,1.5000188651213522,-1.1844215869179578e-06,1.88651213521851e-05,0,0,FOLLOWING,1.5000188651140443,0.44999999994289985,0
5.728,2.5631822566219,0.00027260921205127817,-0.00018057016040871072,4.0632,0.0,0.45003266540605086,5.386296557554874e-05,0.4500342736348635,5.3754626097284146e-05,1.5000177681497342,-1.167162535259473e-06,1.77681497341986e-05,0,0,FOLLOWING,1.5000177681433395,0.4499999999500365,0
5.76,2.5775832883856244,0.0002700275898012128,-0.00017886588122804965,4.0776,0.0,0.4500307595283505,5.3364937790216046e-05,0.45003225057572127,5.325872439291458e-05,1.5000167359190713,-1.1505044519270354e-06,1.673591907125349e-05,0,0,FOLLOWING,1.500016735913476,0.4499999999562815,0
5.792,2.591984259238691,0.0002674704590483017,-0.00017717735466645895,4.0920000000000005,0.0,0.45002896615253385,5.287064328306378e-05,0.45003034693812477,5.276645504692054e-05,1.5000157646078747,-1.1344116339416879e-06,1.5764607874668712e-05,0,0,FOLLOWING,1.500015764602979,0.44999999996174583,0
5.824,2.6063851727767586,0.00026493759255867967,-0.00017550446303025343,4.1064,0.0,0.450027278635376,5.238012102282141e-05,0.4500285556699422,5.227786362859128e-05,1.500014850620319,-1.1188509500092809e-06,1.4850620319029062e-05,0,0,FOLLOWING,1.5000148506160362,0.449999999966526,0
5.856,2.620786032383159,0.0002624287648574537,-0.00017384708736595803,4.1208,0.0,0.45002569072621335,5.1893404105385343e-05,0.45002687013579834,5.179298950636447e-05,1.5000139905729126,-1.103791656143898e-06,1.399057291262551e-05,0,0,FOLLOWING,1.5000139905691645,0.4499999999707088,0
5.888,2.6351868412414463,0.00025994375224172133,-0.0001722051076471088,4.1352,0.0,0.4500241965437164,5.141052013909094e-05,0.45002528409241666,5.131186621113951e-05,1.500013181281941,-1.08920522061317e-06,1.3181281941054834e-05,0,0,FOLLOWING,1.500013181278661,0.44999999997436974,0
5.92,2.6495876023471996,0.00025748233279195075,-0.00017057840294990037,4.1495999999999995,0.0,0.45002279055403954,5.093149162070809e-05,0.45002379166541423,5.0834521784833515e-05,1.5000124197516678,-1.075065158735001e-06,1.2419751667769319e-05,0,0,FOLLOWING,1.500012419748798,0.44999999997757273,0
5.952,2.663988318519129,0.00025504428638043185,-0.00016896685161443752,4.164,0.0,0.45002146755026756,5.0456336301568034e-05,0.4500223873274733,5.0360979230260625e-05,1.500011703163231,-1.0613468799237468e-06,1.1703163230958324e-05,0,0,FOLLOWING,1.50001170316072,0.4499999999803753,0
5.984,2.6783889924095257,0.0002526293946782489,-0.00016737033139740406,4.1784,0.0,0.4500202226330793,4.9985067538689996e-05,0.4500210658778261,4.989125677932087e-05,1.5000110288641884,-1.0480275421532851e-06,1.1028864188356025e-05,0,0,FOLLOWING,1.500011028861991,0.4499999999828275,0
6.016,2.6927896265140916,0.0002502374411599706,-0.00016578871961121328,4.1928,0.0,0.4500190511925578,4.951769462992041e-05,0.4500198224229289,4.9425368315471264e-05,1.5000103943586895,-1.0350859182468614e-06,1.039435868954719e-05,0,0,FOLLOWING,1.5000103943567666,0.4499999999849737,0
6.048,2.7071902231811906,0.00024786821110675756,-0.00016422189325337295,4.2072,0.0,0.45001794889107793,4.9054223137229913e-05,0.4500186523583009,4.896332367950542e-05,1.500009797298226,-1.022502270740832e-06,9.797298226033035e-06,0,0,FOLLOWING,1.500009797296543,0.44999999998685203,0
6.08,2.721590784620551,0.0002455214916076882,-0.000162669729126399,4.2216000000000005,0.0,0.4500169116472078,4.85946551908651e-05,0.4500175513514306,4.850512896491979e-05,1.5000092354729266,-1.0102582348652052e-06,9.235472926638622e-06,0,0,FOLLOWING,1.500009235471454,0.4499999999884958,0
6.112,2.735991312911452,0.0002431970715597985,-0.0001611321039472121,4.236000000000001,0.0,0.4500159356205634,4.813898977711833e-05,0.45001651532569753,4.805078684656379e-05,1.5000087068033727,-9.983367110469766e-07,8.706803372726668e-06,0,0,FOLLOWING,1.500008706802084,0.44999999998993423,0
6.144,2.7503918100104316,0.00024089474166654666,-0.00015960889444780485,4.2504,0.0,0.4500150171975598,4.7687223010110344e-05,0.45001554044524067,4.76002968534435e-05,1.5000082093328881,-9.86721764966418e-07,8.20933288814274e-06,0,0,FOLLOWING,1.500008209331761,0.4499999999911922,0
6.176,2.7647922777585308,0.00023861429443510537,-0.00015809997746661376,4.2648,0.0,0.4500141529780069,4.723934838758561e-05,0.45001462310073015,4.7153655659187e-05,1.5000077412202988,-9.75398536006534e-07,7.741220298784768e-06,0,0,FOLLOWING,1.500007741219312,0.4499999999922934,0
6.208,2.7791927178881175,0.00023635552417254486,-0.00015660523003365918,4.2792,0.0,0.45001333976249785,4.679535702795729e-05,0.4500137598959824,4.671085727679202e-05,1.5000073007331036,-9.643531510866883e-07,7.300733103621226e-06,0,0,FOLLOWING,1.5000073007322403,0.4499999999932572,0
6.24,2.793593132029303,0.00023411822698085404,-0.00015512452944526966,4.2936,0.0,0.45001257454054255,4.6355237893338755e-05,0.450012947635358,4.627189338413713e-05,1.500006886241061,-9.535726480325247e-07,6.8862410609327185e-06,0,0,FOLLOWING,1.500006886240306,0.44999999999409956,0
6.272,2.807993521715978,0.000231902200751147,-0.00015365775333387856,4.308,0.0,0.45001185447940717,4.59189779956009e-05,0.4500121833119027,4.583675347793839e-05,1.5000064962101545,-9.430449032346079e-07,6.496210154471882e-06,0,0,FOLLOWING,1.5000064962094937,0.44999999999483714,0
6.304,2.8223938883914985,0.0002297072451570241,-0.00015220477973111197,4.3224,0.0,0.45001117691360903,4.548656258841611e-05,0.45001146409622494,4.540542508342609e-05,1.5000061291969025,-9.327585653637186e-07,6.1291969024601656e-06,0,0,FOLLOWING,1.5000061291963243,0.44999999999548246,0
6.336,2.8367942334140253,0.0002275331616469792,-0.00015076548712297637,4.3368,0.0,0.4500105393350369,4.505797534292021e-05,0.45001078732597216,4.497789400121195e-05,1.5000057838430216,-9.227029962654371e-07,5.783843021633928e-06,0,0,FOLLOWING,1.5000057838425154,0.4499999999960473,0
6.368,2.8511945580615583,0.00022537975343640387,-0.0001493397545026002,4.3512,0.0,0.4500099393836534,4.463319851172938e-05,0.4500101504959871,4.4554144383737456e-05,1.5000054588703915,-9.128682139556115e-07,5.458870391494841e-06,0,0,FOLLOWING,1.5000054588699483,0.449999999996542,0
6.4,2.8655948635366686,0.00022324682549857937,-0.0001479274614143937,4.365600000000001,0.0,0.4500093748387486,4.421221307835153e-05,0.45000955124900965,4.4134159003443395e-05,1.5000051530763234,-9.032448434497561e-07,5.153076323427541e-06,0,0,FOLLOWING,1.5000051530759353,0.449999999996975,0
6.432,2.8799951509709505,0.0002211341845556725,-0.000146528487995531,4.380000000000001,0.0,0.4500088436107091,4.379499889495264e-05,0.45000898736693706,4.3717919336461086e-05,1.5000048653291067,-8.938240702049982e-07,4.865329106706895e-06,0,0,FOLLOWING,1.5000048653287674,0.44999999999735385,0
6.464,2.8943954214292105,0.00021904163906869456,-0.00014514271501242618,4.3944,0.0,0.4500083437332756,4.338153480729388e-05,0.450008456762614,4.330540571903738e-05,1.5000045945638205,-8.845975978140483e-07,4.594563820514708e-06,0,0,FOLLOWING,1.5000045945635239,0.4499999999976848,0
6.496,2.9087956759134133,0.00021696899922735743,-0.0001437700238924871,4.4088,0.0,0.45000787335625786,4.297179876979998e-05,0.45000795747209155,4.2896597495118185e-05,1.5000043397783906,-8.755576102941548e-07,4.339778390649585e-06,0,0,FOLLOWING,1.5000043397781304,0.44999999999797485,0
6.5280000000000005,2.923195915366388,0.00021491607693939615,-0.00014241029675485635,4.4232000000000005,0.0,0.45000743073867966,4.2565767950759126e-05,0.45000748764735393,4.24914730479979e-05,1.5000041000298774,-8.666967349784966e-07,4.100029877385225e-06,0,0,FOLLOWING,1.50000410002965,0.4499999999982288,0
6.5600000000000005,2.9375961406753204,0.00021288268581961904,-0.00014106341643345237,4.4376,0.0,0.4500070142423285,4.216341882666718e-05,0.450007045549473,4.2090010040926415e-05,1.5000038744309863,-8.580080128747986e-07,3.874430986261501e-06,0,0,FOLLOWING,1.5000038744307884,0.44999999999845014,0
6.5920000000000005,2.9519963526750375,0.0002108686411787734,-0.00013972926650113448,4.452,0.0,0.450006622325688,4.1764727267690205e-05,0.45000662954216075,4.169218538199952e-05,1.5000036621467876,-8.494848677290069e-07,3.6621467875974645e-06,0,0,FOLLOWING,1.5000036621466144,0.4499999999986437,0
6.6240000000000006,2.966396552151099,0.0002088737600119205,-0.00013840773128864857,4.4664,0.0,0.45000625353822815,4.136966861700842e-05,0.4500062380857102,4.129797538726558e-05,1.5000034623916167,-8.411210799382451e-07,3.4623916167486612e-06,0,0,FOLLOWING,1.5000034623914649,0.449999999998813,0
6.656000000000001,2.9807967398427015,0.00020689786098674945,-0.00013709869590227555,4.4808,0.0,0.4500059065150326,4.0978217761870425e-05,0.450005869731293,4.090735582125226e-05,1.500003274426176,-8.329107616772109e-07,3.274426175980949e-06,0,0,FOLLOWING,1.5000032744260428,0.4499999999989615,0
6.688,2.9951969164454195,0.00020494076443165667,-0.00013580204623788098,4.4952000000000005,0.0,0.45000557997174434,4.059034919497625e-05,0.450005523115604,4.0520302009444076e-05,1.5000030975547913,-8.24848335430052e-07,3.097554791331447e-06,0,0,FOLLOWING,1.500003097554674,0.44999999999909196,0
6.72,3.0095970826137783,0.00020300229232366097,-0.0001345176689940959,4.5096,0.0,0.45000527269980845,4.020603707388659e-05,0.45000519695578844,4.013678886541483e-05,1.5000029311228382,-8.169285132449427e-07,2.931122838223388e-06,0,0,FOLLOWING,1.500002931122736,0.44999999999920576,0
6.752,3.0239972389636756,0.00020108226827629484,-0.00013324545168402212,4.524,0.0,0.4500049835619976,3.982525527194506e-05,0.45000489004471106,3.975679093695427e-05,1.5000027745143258,-8.091462774145774e-07,2.7745143258428584e-06,0,0,FOLLOWING,1.5000027745142361,0.4499999999993057,0
6.784,3.0383973860746627,0.00019918051752720593,-0.00013198528264359648,4.538399999999999,0.0,0.4500047114882007,3.944797742525295e-05,0.4500046012464788,3.9380282510466415e-05,1.5000026271496065,-8.014968642745042e-07,2.6271496065266575e-06,0,0,FOLLOWING,1.5000026271495284,0.4499999999993924,0
6.816,3.0527975244920893,0.0001972968669257865,-0.0001307370510400502,4.5527999999999995,0.0,0.45000445547146123,3.907417697332803e-05,0.45000432949223845,3.900723760800743e-05,1.50000248848324,-7.93975747894447e-07,2.48848323991524e-06,0,0,FOLLOWING,1.5000024884831715,0.4499999999994687,0
6.848,3.0671976547291213,0.00019543114492070982,-0.0001295006468788022,4.5672,0.0,0.45000421456424894,3.870382719778971e-05,0.4500040737762166,3.8637630036204986e-05,1.5000023580019692,-7.865786252478021e-07,2.358001969238188e-06,0,0,FOLLOWING,1.5000023580019097,0.4499999999995353,0
6.88,3.0815977772686423,0.00019358318154729696,-0.00012827596100680152,4.5816,0.0,0.45000398787495133,3.833690125512293e-05,0.4500038331519966,3.827143349724532e-05,1.5000022352228217,-7.793014047932818e-07,2.2352228217226155e-06,0,0,FOLLOWING,1.5000022352227693,0.4499999999995936,0
6.912,3.095997892565037,0.0001917528084151439,-0.0001270628851188455,4.596,0.0,0.45000377456457374,3.797337220648148e-05,0.4500036067290065,3.790862149586797e-05,1.5000021196913256,-7.721401922303412e-07,2.1196913255749905e-06,0,0,FOLLOWING,1.5000021196912794,0.44999999999964496,0
6.944,3.1103980010458776,0.00018993985869532616,-0.00012586131176036506,4.6104,0.0,0.45000357384363315,3.761321304610969e-05,0.4500033936692424,3.754916744977763e-05,1.500002010979823,-7.650912794849034e-07,2.010979823108272e-06,0,0,FOLLOWING,1.5000020109797823,0.44999999999969004,0
6.976,3.124798103113502,0.0001881441671078899,-0.00012467113432842563,4.6248000000000005,0.0,0.4500033849692354,3.725639672285613e-05,0.4500031931841436,3.7193044745391e-05,1.5000019086858927,-7.58151135649062e-07,1.9086858926709027e-06,0,0,FOLLOWING,1.5000019086858571,0.44999999999972956,0
7.008,3.139198199146506,0.0001863655699091605,-0.00012349224707511116,4.639200000000001,0.0,0.4500032072423262,3.6902896164845186e-05,0.45000300453168784,3.684022666338053e-05,1.500001812430856,-7.513163953976812e-07,1.8124308560629743e-06,0,0,FOLLOWING,1.500001812430825,0.44999999999976426,0
7.04,3.153598289501141,0.0001846039048792638,-0.00012232454510674974,4.6536,0.0,0.45000304000510255,3.655268429506957e-05,0.45000282701364436,3.6490686508618736e-05,1.5000017218583799,-7.445838516868645e-07,1.7218583798772613e-06,0,0,FOLLOWING,1.5000017218583532,0.44999999999979406,0
7.072,3.167998374512638,0.00018285901130936442,-0.0001211679243859442,4.668,0.0,0.4500028826385787,3.6205734053101286e-05,0.45000265997298233,3.614439752251775e-05,1.500001636633156,-7.379504454427027e-07,1.6366331561101788e-06,0,0,FOLLOWING,1.5000016366331321,0.44999999999982043,0
7.104,3.1823984544964423,0.00018113072998913066,-0.00012002228172943566,4.6823999999999995,0.0,0.4500027345602956,3.58620184061446e-05,0.45000250279144044,3.580133301325785e-05,1.5000015564396596,-7.314132595525588e-07,1.5564396596001728e-06,0,0,FOLLOWING,1.5000015564396392,0.4499999999998433,0
7.136,3.1967985297493846,0.0001794189031942343,-0.000118887514808156,4.6968,0.0,0.4500025952221641,3.5521510366207406e-05,0.45000235488724016,3.546146628737459e-05,1.5000014809809854,-7.249695106761157e-07,1.4809809854021694e-06,0,0,FOLLOWING,1.5000014809809676,0.4499999999998634,0
7.168,3.211198600550778,0.00017772337467372623,-0.00011776352214585806,4.7112,0.0,0.4500024641084373,3.518418300075944e-05,0.4500022157129399,3.512477069421883e-05,1.5000014099777446,-7.186165423829456e-07,1.4099777445597539e-06,0,0,FOLLOWING,1.5000014099777286,0.4499999999998807,0
7.2,3.2255986671634522,0.0001760439896375856,-0.00011665020311761485,4.7256,0.0,0.4500023407338021,3.4850009444574605e-05,0.450002084753398,3.479121963002857e-05,1.500001343167034,-7.123518185239556e-07,1.343167034040249e-06,0,0,FOLLOWING,1.5000013431670207,0.449999999999896,0
7.232,3.2399987298347264,0.0001743805947442765,-0.00011554745794700255,4.74,0.0,0.45000222464158185,3.4518962909994386e-05,0.45000196152386535,3.44607865790837e-05,1.5000012803014624,-7.061729179124137e-07,1.2803014624029885e-06,0,0,FOLLOWING,1.5000012803014509,0.44999999999990914,0
7.264,3.2543987887973236,0.0001727330380882909,-0.00011445518770464518,4.7544,0.0,0.4500021154020479,3.419101669561226e-05,0.4500018455682053,3.413344507113907e-05,1.500001221148236,-7.000775276235253e-07,1.2211482360857673e-06,0,0,FOLLOWING,1.5000012211482263,0.44999999999992024,0
7.296,3.2687988442702336,0.00017110116918793322,-0.0001133732943052916,4.768800000000001,0.0,0.45000201261082823,3.386614419535287e-05,0.4500017364571948,3.380916872729006e-05,1.500001165488296,-6.940634379123977e-07,1.1654882960954183e-06,0,0,FOLLOWING,1.5000011654882872,0.44999999999992996,0
7.328,3.283198896459522,0.00016948483897277777,-0.00011230168050433735,4.783200000000001,0.0,0.4500019158874119,3.354431890419581e-05,0.450001633786932,3.34879312773336e-05,1.5000011131155089,-6.881285374599362e-07,1.1131155088772715e-06,0,0,FOLLOWING,1.5000011131155009,0.44999999999993895,0
7.36,3.297598945559093,0.00016788389977166087,-0.00011124024989495617,4.7976,0.0,0.4500018248737404,3.322551442784693e-05,0.4500015371773522,3.316970654069434e-05,1.5000010638359016,-6.822708083564842e-07,1.063835901593535e-06,0,0,FOLLOWING,1.5000010638358954,0.4499999999999459,0
7.392,3.311998991751407,0.00016629820530017378,-0.00011018890690482559,4.812,0.0,0.450001739232883,3.290970448510678e-05,0.45000144627082,3.2854468439136284e-05,1.5000010174669511,-6.764883211502311e-07,1.0174669511364698e-06,0,0,FOLLOWING,1.5000010174669458,0.4499999999999521,0
7.424,3.326399035208157,0.00016472761064895687,-0.00010914755679217586,4.8264,0.0,0.45000165864778996,3.2596862916949793e-05,0.450001360730799,3.254219101787982e-05,1.5000009738368985,-6.707792310997764e-07,9.738368984546497e-07,0,0,FOLLOWING,1.500000973836894,0.44999999999995693,0
7.456,3.340799076090903,0.00016317197227121063,-0.0001081161056426955,4.8408,0.0,0.45000158282011915,3.2286963690274386e-05,0.45000128024061253,3.223284841885863e-05,1.500000932784122,-6.651417730394154e-07,9.327841219430866e-07,0,0,FOLLOWING,1.5000009327841175,0.44999999999996176,0
7.488,3.355199114551669,0.00016163114797094235,-0.00010709446036414661,4.8552,0.0,0.4500015114691332,3.197998090224512e-05,0.45000120450226266,3.192641495226905e-05,1.500000894156535,-6.595742590196989e-07,8.941565350362168e-07,0,0,FOLLOWING,1.5000008941565306,0.4499999999999666,0
7.5200000000000005,3.3695991507335075,0.00016010499689092126,-0.00010608252868430133,4.8696,0.0,0.4500014443306591,3.167588878562179e-05,0.450001133235347,3.162286499280399e-05,1.5000008578110244,-6.540750724257447e-07,8.578110244350512e-07,0,0,FOLLOWING,1.5000008578110209,0.44999999999997076,0
7.5520000000000005,3.3839991847710285,0.00015859337950082248,-0.00010508021914472386,4.884,0.0,0.4500013811561114,3.13746617121148e-05,0.4500010661759989,3.132217310945511e-05,1.5000008236129208,-6.486426663700971e-07,8.236129207528364e-07,0,0,FOLLOWING,1.5000008236129172,0.4499999999999742,0
7.5840000000000005,3.3983992167908963,0.00015709615758537573,-0.00010408744109703532,4.8984000000000005,0.0,0.45000132171157264,3.1076274195543066e-05,0.45000100307592666,3.10243139879475e-05,1.5000007914355007,-6.432755596006914e-07,7.914355006910512e-07,0,0,FOLLOWING,1.5000007914354971,0.44999999999997764,0
7.6160000000000005,3.412799246912301,0.0001556131942326458,-0.00010310410469945217,4.912800000000001,0.0,0.45000126577692795,3.078070089716315e-05,0.4500009437014877,3.072926242217329e-05,1.5000007611595176,-6.379723322181869e-07,7.611595176371111e-07,0,0,FOLLOWING,1.500000761159514,0.4499999999999811,0
7.648000000000001,3.427199275247396,0.0001541443538224674,-0.0001021301209106956,4.927200000000001,0.0,0.45000121314505037,3.0487916626853462e-05,0.45000088783282416,3.043699339636333e-05,1.5000007326727618,-6.327316241202179e-07,7.326727617940065e-07,0,0,FOLLOWING,1.5000007326727582,0.4499999999999845,0
7.68,3.441599301901716,0.00015268950201465333,-0.00010116540148652702,4.9416,0.0,0.45000116362103415,3.0197896347061715e-05,0.4500008352630511,3.014748200300906e-05,1.5000007058696416,-6.275521306646129e-07,7.058696416262222e-07,0,0,FOLLOWING,1.500000705869639,0.4499999999999873,0
7.712,3.4559993269745677,0.00015124850573766053,-0.0001002098589741627,4.9559999999999995,0.0,0.4500011170214741,2.9910615175962915e-05,0.45000078579748987,2.9860703509146597e-05,1.5000006806507986,-6.224326007540692e-07,6.806507986123478e-07,0,0,FOLLOWING,1.5000006806507968,0.44999999999998935,0
7.744,3.470399350559394,0.00014982123317698492,-9.92634067078194e-05,4.9704,0.0,0.45000107317378724,2.962604838923571e-05,0.4500007392529507,2.9576633321009015e-05,1.5000006569227364,-6.173718336056515e-07,6.569227364305874e-07,0,0,FOLLOWING,1.5000006569227347,0.4499999999999914,0
7.776,3.4847993727441247,0.00014840755376390664,-9.832595880317064e-05,4.9848,0.0,0.45000103191557345,2.9344171422233483e-05,0.45000069545705895,2.9295247018075502e-05,1.5000006345974728,-6.123686768399253e-07,6.345974727928194e-07,0,0,FOLLOWING,1.500000634597471,0.44999999999999346,0
7.808,3.4991993936114976,0.00014700733816413965,-9.739743015282302e-05,4.9992,0.0,0.45000099309401537,2.906495987333971e-05,0.4500006542475997,2.9016520321184452e-05,1.5000006135922186,-6.074220234823118e-07,6.135922185901421e-07,0,0,FOLLOWING,1.5000006135922177,0.44999999999999485,0
7.84,3.513599413239368,0.00014562045826656888,-9.647773642160617e-05,5.0136,0.0,0.45000095656531236,2.878838950456005e-05,0.4500006154719372,2.8740429098368456e-05,1.5000005938290686,-6.025308092067887e-07,5.938290685847392e-07,0,0,FOLLOWING,1.5000005938290677,0.4499999999999955,0
7.872,3.527999431700995,0.00014424678717214032,-9.556679404035216e-05,5.0280000000000005,0.0,0.45000092219414894,2.8514436244482987e-05,0.45000057898643536,2.8466949412048146e-05,1.5000005752347148,-5.976940111888034e-07,5.752347147502945e-07,0,0,FOLLOWING,1.5000005752347139,0.4499999999999962,0
7.904,3.5423994490653126,0.00014288619918284738,-9.466452020153693e-05,5.042400000000001,0.0,0.45000088985319425,2.8243076189266644e-05,0.4500005446559432,2.819605746085529e-05,1.500000557740174,-5.929106451579651e-07,5.57740174045307e-07,0,0,FOLLOWING,1.5000005577401732,0.44999999999999685,0
7.936,3.5567994653971873,0.00014153856979068423,-9.377083285384453e-05,5.0568,0.0,0.45000085942263013,2.7974285605007292e-05,0.4500005123532744,2.792772961328775e-05,1.5000005412805326,-5.881797635034553e-07,5.41280532617705e-07,0,0,FOLLOWING,1.5000005412805326,0.44999999999999685,0
7.968,3.5711994807576546,0.0001402037756667425,-9.288565069650112e-05,5.0712,0.0,0.45000083078970876,2.770804092773934e-05,0.4500004819587528,2.766194241490074e-05,1.5000005257947095,-5.835004537023956e-07,5.257947095493876e-07,0,0,FOLLOWING,1.5000005257947095,0.44999999999999685,0
8.0,3.5855994952041472,0.00013888169465042037,-9.20088931749989e-05,5.0855999999999995,0.0,0.45000080384833513,2.7444318767185415e-05,0.45000045335976413,2.7398672544881722e-05,1.5000005112252253,-5.788718354320614e-07,5.112252252637006e-07,0,0,FOLLOWING,1.5000005112252262,0.4499999999999962,0
8.032,3.5999995087907086,0.00013757220573859394,-9.114048047347722e-05,5.1,0.0,0.45000077849867404,2.7183095904980016e-05,0.4500004264503359,2.7137896920508856e-05,1.5000004975179928,-5.742930609967464e-07,4.975179928035089e-07,0,0,FOLLOWING,1.5000004975179937,0.4499999999999955,0
8.064,3.6143995215681906,0.00013627518907504053,-9.028033351143396e-05,5.1,0.0,0.4469313948819151,2.0282509313950135e-05,0.45000040113075246,2.687959256182786e-05,1.4856004846821191,-1.450377854963513e-06,-0.014399515317880862,0,0,FOLLOWING,1.495680484639996,0.4387499999999947,0
8.096,3.628705509166813,0.00013499901489415363,-8.963306821422836e-05,5.1,0.0,0.4392425073572872,5.387745323462115e-06,0.4470597096732447,2.0227040589039377e-05,1.4712944970266222,-2.1221958450089157e-06,-0.028705502973377817,0,0,FOLLOWING,1.488178496956355,0.41990624999999476,0
8.128,3.642771330187402,0.00013375336507854773,-8.944618822076188e-05,5.1,0.0,0.42642662619285104,-1.4456368500701286e-05,0.4395511362422191,5.840001038351901e-06,1.457228675950949,-2.3399311946201845e-06,-0.04277132404905104,0,0,FOLLOWING,1.478453375862826,0.39621796874999493,0
8.16,3.656432679211083,0.0001325457543507639,-8.987451072948163e-05,5.1,0.0,0.40865596106897284,-3.364148609345345e-05,0.42690816115055513,-1.338507039123266e-05,1.443567326873973,-1.9436899664497016e-06,-0.056432673126026955,0,0,FOLLOWING,1.4672998992755506,0.36973072265624535,0
8.192,3.66952972852464,0.0001313816443039567,-9.090023097547867e-05,5.1,0.0,0.38651245306145376,-4.588184711609403e-05,0.4092713056934138,-3.2053732713906204e-05,1.430470277508738,-9.448402254964886e-07,-0.0695297224912621,0,0,FOLLOWING,1.455365046343033,0.3419463823242146,0
8.224,3.6819208652298987,0.0001302664938325006,-9.231095979241803e-05,5.1,0.0,0.36091245306145375,-4.568646733223621e-05,0.38721001576343206,-4.408522594446038e-05,1.418079140753321,4.4972985675430655e-07,-0.08192085924667891,0,0,FOLLOWING,1.443165077869629,0.3139486845336881,0
8.256,3.6934936175185302,0.00012920763551688697,-9.372337596956139e-05,5.1,0.0,0.33531245306145374,-2.925391484609463e-05,0.36163505356035663,-4.41379361769102e-05,1.4065063884162499,1.8591393313557623e-06,-0.09349361158375014,0,0,FOLLOWING,1.4310989949020372,0.2865015789669773,0
8.288,3.7042429745777277,0.0001282083305017882,-9.463495197488067e-05,5.1,0.0,0.30971245306145373,5.333281643180341e-06,0.33590637732898265,-2.8486683877264962e-05,1.3957570313106091,2.779186389595552e-06,-0.10424296868939087,0,0,FOLLOWING,1.4193894911928717,0.2601260655961051,0
8.32,3.7141693154842814,0.00012727677345749733,-9.448191666737884e-05,5.1,0.0,0.2841124530614537,5.820839640197701e-05,0.3101893290996411,4.782385708650982e-06,1.3858306903603632,2.6404135734272834e-06,-0.11416930963963678,0,0,FOLLOWING,1.4082002361230845,0.23516005459659148,0
8.352,3.7232733676992904,0.00012642530051801623,-9.269427147344297e-05,5.1,0.0,0.2585124530614537,0.0001279840388779263,0.2844945934279995,5.5863883356041835e-05,1.3767266381055496,8.639130010659529e-07,-0.12327336189445037,0,0,FOLLOWING,1.397652905340496,0.21180484553201692,0
8.384,3.731555752789631,0.00012566844691529918,-8.874331417096611e-05,5.1,0.0,0.2329124530614537,0.000212093530215106,0.25881892225399816,0.00012346730862051422,1.3684442529806289,-3.0897632950778567e-06,-0.13155574701937112,0,0,FOLLOWING,1.3878370685652175,0.19016107804851415,0
8.416,3.7390169703961846,0.00012497916296369112,-8.235165757003149e-05,5.1,0.0,0.20731245306145368,0.00030723493202364536,0.23315857599933187,0.00019973764906952037,1.3609830353422374,-9.47840929624408e-06,-0.1390169646577626,0,0,FOLLOWING,1.3788176143819524,0.17025641385884935,0
8.448,3.7456574192795395,0.00012441439593356525,-7.297519217021007e-05,5.1,0.0,0.18171245306145367,0.00040950318011330944,0.20751046027227127,0.00029301284540853657,1.3543425864350194,-1.888812022554225e-05,-0.14565741356498063,0,0,FOLLOWING,1.3706405354172644,0.15206673857961298,0
8.48,3.7514774174123136,0.0001239814966465134,-6.038971378746551e-05,5.1,0.0,0.1561124530614537,0.0005147552272442506,0.18187209731531126,0.00039329469664247025,1.3485225882870386,-3.154904786032027e-05,-0.15147741171296136,0,0,FOLLOWING,1.3633374475044262,0.13553229741965722,0
8.512,3.7564772183183917,0.0001236803599879845,-4.449880846492086e-05,5.1,0.0,0.13051245306145368,0.0006188361127251123,0.15624151040522335,0.0004965894886058679,1.3435227873744149,-4.755795553263999e-05,-0.15647721262558512,0,0,FOLLOWING,1.356929112275895,0.12056988117219682,0
8.544,3.7606570241324677,0.0001235030778863674,-2.5334681543402232e-05,5.1,0.0,0.10491245306145366,0.0007178421160766292,0.1306171233730998,0.0005988778640044101,1.3393429815617455,-6.687700714397233e-05,-0.16065701843825453,0,0,FOLLOWING,1.3514281743194898,0.1070819427696694,0
8.576,3.7640169960159438,0.000123433203674709,-3.0508950022362648e-06,5.1,0.0,0.07931245306145367,0.0008082219922503538,0.10499767951459867,0.0006963674310968182,1.335983009686133,-8.934040260813906e-05,-0.16401699031386707,0,0,FOLLOWING,1.3468412801242686,0.09496333731865801,0
8.608,3.7665572624622246,0.00012344557099112487,2.2088147604346564e-05,5.1,0.0,0.05371245306145367,0.0008868675106761752,0.07938217684742994,0.0007855943911784609,1.3334427432518596,-0.00011466472938273546,-0.16655725674814037,0,0,FOLLOWING,1.3431707113052873,0.08410623006998397,0
8.64,3.7682779259189587,0.00012350666029153922,4.972062184524233e-05,5.1,0.0,0.028112453061453668,0.0009511672277252212,0.05376981648433675,0.0008635143396224204,1.3317220798081726,-0.0001424626904353932,-0.1682779201918274,0,0,FOLLOWING,1.3404156369909639,0.0744035992441622,0
8.672,3.7691790680683126,0.00012357545626265088,7.940246462942854e-05,5.1,0.0,0.002512453061453667,0.000999031051835413,0.028159961470495654,0.0009275573139528153,1.330820937669083,-0.0001722590262767654,-0.16917906233091706,0,0,FOLLOWING,1.3385730683128807,0.0657516676849833,0
8.704,3.7692607540371927,0.0001236047225180652,0.0001106234041105156,5.1,0.0,0.0,0.0010288927083006976,0.0025521039642842514,0.0009756542848221529,1.3307392517032732,-0.00020350765813517967,-0.16926074829672677,0,0,FOLLOWING,1.3376385805037254,0.0580515239014329,0
8.736,3.7692303773862745,0.00012362102791677184,0.00014282352326137963,5.1,0.0,0.0,0.0010427711692033424,-0.0009316616833084377,0.0010062539847248372,1.330769628355575,-0.00023571790968296105,-0.169230371644425,0,0,FOLLOWING,1.3368995126456824,0.051210135155412326,0
8.768,3.769199674450498,0.00012363279448151764,0.00017550282320177274,5.1,0.0,0.0,0.001043037395075656,-0.000941685236135332,0.0010212283346041717,1.330800331292312,-0.00026840390817467637,-0.169199668707688,0,0,FOLLOWING,1.3362383573179266,0.04514090965431238,0
8.8,3.7691745651101582,0.0001236412644009517,0.00020823335751165174,5.1,0.0,0.0,0.001031863038600232,-0.0007701228951430681,0.0010228293185758656,1.3308254406333302,-0.00030113905408443394,-0.1691745593666698,0,0,FOLLOWING,1.3356432152231603,0.03976392906218407,0
8.832,3.769154486010061,0.00012364726816530783,0.00024065374101017554,5.1,0.0,0.0,0.001011200615571803,-0.000615840076381203,0.001013137047804101,1.3308455197338986,-0.00033356254711106633,-0.16915448026610136,0,0,FOLLOWING,1.3351086739539333,0.0350059444211393,0
8.864,3.769138473288539,0.00012365145379067958,0.00027246279921979685,5.1,0.0,0.0,0.0009827957455426724,-0.0004911199840598173,0.0009940330999563274,1.3308615324557405,-0.00036537363250567343,-0.16913846754425954,0,0,FOLLOWING,1.3346298735614175,0.030800206561880015,0
8.896,3.769125708151705,0.0001236543146852093,0.0003034134764954447,5.1,0.0,0.0,0.0009482016362285051,-0.00039151316335191665,0.0009672086783855666,1.3308742975927852,-0.00039632556825856585,-0.1691257024072148,0,0,FOLLOWING,1.3342020609907708,0.02708618489635182,0
8.928,3.769115532856334,0.00012365622214502054,0.0003333071035363925,5.1,0.0,0.0,0.0009087930922051393,-0.00031208001506766403,0.0009341758497263329,1.3308844728882896,-0.00042621991816603336,-0.1691155271117104,0,0,FOLLOWING,1.3338206378059416,0.023809215108073,0
8.96,3.769107422501357,0.00012365745264797756,0.00036198802930464117,5.1,0.0,0.0,0.0008657799111122062,-0.0002487461308490182,0.0008962789307900222,1.3308925832433458,-0.00045490120230057713,-0.1691074167566542,0,0,FOLLOWING,1.3334812251018235,0.020920105878575665,0
8.992,3.769100958534663,0.0001236582098866471,0.0003893386137131615,5.1,0.0,0.0,0.0008202197288461073,-0.00019824967715284866,0.0008547057615751242,1.3308990472100821,-0.00048225190441224844,-0.16910095278991788,0,0,FOLLOWING,1.333179706880675,0.018374726770963374,0
9.024000000000001,3.769095807238825,0.0001236586422838229,0.000415274576247654,5.1,0.0,0.0,0.0007730303564890917,-0.0001579886857020367,0.0008104988274998956,1.330904198505938,-0.0005081878322134573,-0.169095801494062,0,0,FOLLOWING,1.3329122541532468,0.01613359322636087,0
9.056000000000001,3.7690917025394897,0.0001236588567280665,0.0004397406945633704,5.1,0.0,0.0,0.0007250016245240276,-0.00012588847284423805,0.0007645661957028251,1.3309083032052758,-0.0005326538250984912,-0.16909169679472424,0,0,FOLLOWING,1.3326753346451032,0.014161459914480501,0
9.088000000000001,3.769088432294727,0.0001236589292127049,0.00046270684561700124,5.1,0.0,0.0,0.0006768067314902213,-0.00010029487485479408,0.0007176922190142579,1.330911573450031,-0.0005556198023133452,-0.16908842654996903,0,0,FOLLOWING,1.332465712158626,0.01242693009830231,0
9.120000000000001,3.76908582736313,0.00012365891298362662,0.00048416438023117725,5.1,0.0,0.0,0.0006290130838173731,-7.988902087739545e-05,0.000670547955580544,1.3309141783816152,-0.0005770771428797166,-0.1690858216183848,0,0,FOLLOWING,1.332280438710633,0.010902085974519663,0
9.152000000000001,3.7690837528877386,0.00012365884471407347,0.0005041228203021965,5.1,0.0,0.0,0.0005820926090651419,-6.361937107736343e-05,0.0006237012513822746,1.3309162528569913,-0.0005970353868341193,-0.16908374714300867,0,0,FOLLOWING,1.3321168418120792,0.009562142938509072,0
9.184000000000001,3.769082100535604,0.00012365874907862984,0.0005226068648217745,5.1,0.0,0.0,0.0005364315214507892,-5.0672757506724074e-05,0.0005776263906271341,1.33091790520911,-0.0006155192441447647,-0.16908209479088998,0,0,FOLLOWING,1.3319725094785702,0.008385129239838973,0
9.216000000000001,3.769080780452465,0.00012365864198808163,0.0005396536944895238,5.1,0.0,0.0,0.0004923395160656508,-4.0483840791502744e-05,0.000532713426685931,1.3309192252922333,-0.0006325659011930127,-0.16908077470776672,0,0,FOLLOWING,1.331845275175017,0.007351591419773818,0
9.248,3.7690797247042482,0.00012365853367512776,0.0005553105642503245,5.1,0.0,0.0,0.0004500584256615432,-3.237828712117917e-05,0.0004892771797260098,1.3309202810404355,-0.0006482226158695061,-0.16907971895956453,0,0,FOLLOWING,1.3317331916054764,0.006444325160234361,0
9.28,3.7690788800436463,0.0001236584303889552,0.0005696326436115962,5.1,0.0,0.0,0.0004097702834073938,-2.590538792729241e-05,0.00044756497983536564,1.330921125701024,-0.0006625445586597084,-0.16907887429897595,0,0,FOLLOWING,1.331634515979519,0.005648130649550978,0
9.312,3.769078204033475,0.00012365833559602863,0.0005826811221997859,5.1,0.0,0.0,0.0003716047984681666,-2.0733700315322954e-05,0.0004077649557428374,1.330921801711184,-0.000675592918831981,-0.1690781982888161,0,0,FOLLOWING,1.3315476930321342,0.004949591225833808,0
9.344,3.769077662800764,0.00012365825090281416,0.000594521543199824,5.1,0.0,0.0,0.000335646256937656,-1.6600640405517716e-05,0.0003700131561588048,1.3309223429438848,-0.0006874332384135416,-0.16907765705611522,0,0,FOLLOWING,1.3314713377115301,0.00433687384858609,0
9.376,3.769077229300498,0.00012365817672023134,0.0006052223522268959,5.1,0.0,0.0,0.0003019398579092485,-1.3296857530056832e-05,0.0003344002820347085,1.3309227764441418,-0.0006981339614402616,-0.1690772235558582,0,0,FOLLOWING,1.3314042187552833,0.0037995498382975925,0
9.408,3.7690768819359017,0.0001236581127260738,0.0006148536447276558,5.1,0.0,0.0,0.00027049749878032734,-1.0655302915525329e-05,0.0003009778906083813,1.3309231238087305,-0.0007077651816089995,-0.16907687619126954,0,0,FOLLOWING,1.33134524334254,0.003328434285138386,0
9.44,3.7690766034582723,0.00012365805818034687,0.000623486095250895,5.1,0.0,0.0,0.00024130302791239568,-8.542658850140051e-06,0.0002697640788248047,1.3309234022863536,-0.0007163975717083923,-0.16907659771364636,0,0,FOLLOWING,1.3312934428876853,0.0029154425407986284,0
9.472,3.769076380089322,0.00012365801213559162,0.0006311900523453607,5.1,0.0,0.0,0.00021431698616381807,-6.85251679948537e-06,0.00024074865918486123,1.330923625655299,-0.0007241014786134311,-0.16907637434470102,0,0,FOLLOWING,1.3312479599888634,0.002553462256240823,0
9.504,3.7690762008209484,0.00012365797357291272,0.0006380347833878869,5.1,0.0,0.0,0.00018948086154580712,-5.499937433845162e-06,0.0002138978450678157,1.330923804923668,-0.0007309461681669112,-0.16907619507633198,0,0,FOLLOWING,1.3312080365114567,0.0022362395006438438,0
9.536,3.7690760568565342,0.00012365794148669877,0.0006440878543048353,5.1,0.0,0.0,0.00016672088333942892,-4.417111521327115e-06,0.00018915846614746813,1.3309239488880786,-0.0007369992049255242,-0.16907605111192137,0,0,FOLLOWING,1.3311730027641289,0.001958277584209922,0
9.568,3.7690759411651373,0.0001236579149338274,0.0006494146298930012,5.1,0.0,0.0,0.00014595138349331202,-3.549898696201423e-06,0.0001664617371255799,1.3309240645794727,-0.00074232595248661,-0.16907593542052735,0,0,FOLLOWING,1.3311422677104043,0.0017147473031008502,0
9.6,3.7690758481257345,0.00012365789305941263,0.000654077881257646,5.1,0.0,0.0,0.00012707775404752187,-2.8550663773264138e-06,0.00014572660514220508,1.3309241576188728,-0.0007469891809207005,-0.16907584238112716,0,0,FOLLOWING,1.3311153101499489,0.0015014074237474201,0
9.632,3.76907577324331,0.00012365787510714463,0.000658137487729542,5.1,0.0,0.0,0.00010999902976161642,-2.298087106235926e-06,0.0001268627022448764,1.3309242325012958,-0.0007510487686765115,-0.16907576749870423,0,0,FOLLOWING,1.3310916707991955,0.0013145343226060988,0
9.664,3.7690757129222554,0.00012365786042009726,0.0006616502215011465,5.1,0.0,0.0,9.461012512415289e-05,-1.8513812942072458e-06,0.00010977293036144296,1.3309242928223484,-0.000754561487201904,-0.16907570717765164,0,0,FOLLOWING,1.3310709451995784,0.0011508597937418385,0
9.696,3.7690756642854994,0.00012365784843555353,0.0006646696041025216,5.1,0.0,0.0,8.080375454958771e-05,-1.4929152245152727e-06,9.435570629221882e-05,1.330924341459103,-0.0007575808574032909,-0.169075658540897,0,0,FOLLOWING,1.3310527773824326,0.0010075161286929714,0
9.728,3.7690756285802474,0.00012365784035499016,0.0006672438930739862,5.1,0.0,0.0,6.847290249252887e-05,-1.0962238472132016e-06,8.04465303576775e-05,1.3309243771643542,-0.0007601551378107955,-0.1690756228356458,0,0,FOLLOWING,1.3310368506718702,0.000881987659941448,0
9.76,3.7690755990819023,0.00012365783345775664,0.000669422404403781,5.1,0.0,0.0,5.751012130898563e-05,-9.057453737713827e-07,6.807847905571986e-05,1.3309244066626986,-0.000762333641899036,-0.16907559333730138,0,0,FOLLOWING,1.331022894641457,0.000772068040317027,0
9.792,3.7690755746822915,0.0001236578275855151,0.0006712485194888812,5.1,0.0,0.0,4.781001540483545e-05,-7.492634975634098e-07,5.7066096409154605e-05,1.3309244310623087,-0.0007641597508686579,-0.16907556893769127,0,0,FOLLOWING,1.331010666971468,0.0006758226055721533,0
9.824,3.7690755544831283,0.0001236578226000011,0.0006727623401221493,5.1,0.0,0.0,3.927013776733303e-05,-6.203408462417301e-07,4.7306894789495425e-05,1.3309244512614713,-0.0007656735663459285,-0.1690755487385287,0,0,FOLLOWING,1.3309999548241829,0.0005915552361113591,0
9.856,3.769075537746569,0.00012365781837710203,0.0006740007695505233,5.1,0.0,0.0,3.1791704799475334e-05,-5.140562480330473e-07,3.870091963660239e-05,1.33092446799803,-0.0007669119914330243,-0.1690755320019699,0,0,FOLLOWING,1.3309905713291597,0.000517779196585923,0
9.888,3.769075523866262,0.00012365781480690882,0.0006749976179062472,5.1,0.0,0.0,2.5280150285145296e-05,-4.263764038548393e-07,3.115151111632721e-05,1.3309244818783368,-0.0007679088361372792,-0.16907551812166322,0,0,FOLLOWING,1.3309823524640807,0.0004531914890037032,0
9.92,3.7690755123436777,0.0001236578117931542,0.0006757837267334121,5.1,0.0,0.0,1.9645537921525973e-05,-3.539939017289007e-07,2.4565900848864857e-05,1.3309244934009208,-0.000768694941895651,-0.16907550659907922,0,0,FOLLOWING,1.3309751543002513,0.0003966503064712208,0
9.952,3.7690755027687284,0.00012365780925225773,0.0006763871079385607,5.1,0.0,0.0,1.4802850495289502e-05,-2.9419567357893585e-07,1.8855662660885804e-05,1.3309245029758698,-0.0007692983205232555,-0.16907549702413016,0,0,FOLLOWING,1.3309688505722272,0.0003471552210368841,0
9.984,3.7690754948039,0.0001236578071120175,0.0006768330930899939,5.1,0.0,0.0,1.0672172398015934e-05,-2.447554012801027e-07,1.3937035982280529e-05,1.3309245109406977,-0.0007697443035105824,-0.16907548905930225,0,0,FOLLOWING,1.3309633305350657,0.000303829780707073,0
10.016,3.769075488171249,0.0001236578053105207,0.0006771444895413612,5.1,0.0,0.0,7.178780794294145e-06,-2.0384549756485357e-07,9.731139105221695e-06,1.3309245175733486,-0.0007700556981453595,-0.16907548242665138,0,0,FOLLOWING,1.3309584970764645,0.00026590622795895277,0
10.048,3.7690754826417523,0.00012365780379490731,0.0006773417403560374,5.1,0.0,0.0,4.253159393737055e-06,-1.6996508915763527e-07,6.164087958634652e-06,1.3309245231028453,-0.0007702529474352568,-0.16907547689715474,0,0,FOLLOWING,1.3309542650545072,0.00023271208533616393,0
10.08,3.7690754780265765,0.00012365780158557396,0.0006774684567394897,5.1,0.0,0.0,1.8201353096013619e-06,-1.4188110161674056e-07,3.9598869828834295e-06,1.3309245277180208,-0.000770379661836527,-0.16907547228197917,0,0,FOLLOWING,1.3309505598348728,0.00020365838336690236,0
10.112,3.76907547416992,0.0001236577998178242,0.0006775563777145702,5.1,0.0,0.0,-1.9507717197069375e-07,-1.185799261106982e-07,2.747530471256806e-06,1.330924531574677,-0.0007704675812141642,-0.16907546842532306,0,0,FOLLOWING,1.3309473160042415,0.00017822933240406385,0
10.144,3.7690754709431458,0.00012365779840678597,0.00067760943522852,5.1,0.0,0.0,-1.855131377581436e-06,-9.922808086513053e-08,1.6580473109357742e-06,1.3309245348014513,-0.0007705206374426605,-0.16907546519854866,0,0,FOLLOWING,1.3309444762391747,0.0001559732634197751,0
10.176,3.7690754682399628,0.00012365779728284044,0.0006776313627734853,5.1,0.0,0.0,-3.212694047534029e-06,-8.313976376617774e-08,6.852357801638066e-07,1.3309245375046341,-0.0007705425639544331,-0.16907546249536587,0,0,FOLLOWING,1.330941990312126,0.00013649468354572024,0
10.208,3.7690754659724774,0.00012365779638972207,0.0006776256841549163,5.1,0.0,0.0,-4.3121935521438155e-06,-6.975039535037505e-08,-1.77456830285816e-07,1.3309245397721194,-0.0007705368845065209,-0.16907546022788056,0,0,FOLLOWING,1.3309398142182618,0.00011944731054498659,0
10.24,3.7690754640679485,0.00012365779568193188,0.0006775957071155138,5.1,0.0,0.0,-5.191245128846973e-06,-5.8594921482796135e-08,-9.367824813185513e-07,1.3309245416766482,-0.0007705069068023609,-0.1690754583233518,0,0,FOLLOWING,1.3309379094086924,0.00010452796668118593,0
10.272,3.7690754624661222,0.00012365779512274745,0.0006775445209643526,5.1,0.0,0.0,-5.881813803818263e-06,-4.929003308184359e-08,-1.5995672237867366e-06,1.3309245432784744,-0.0007704557201192295,-0.16907545672152557,0,0,FOLLOWING,1.3309362421173483,9.147122680995482e-05,0
10.304,3.769075461117045,0.00012365779468250727,0.000677474997375322,5.1,0.0,0.0,-6.411164259050439e-06,-4.1519591018335255e-08,-2.172612157205353e-06,1.3309245446275517,-0.0007703861961052428,-0.16907545537244828,0,0,FOLLOWING,1.330934782770235,8.004472822999091e-05,0
10.336,3.7690754599792604,0.00012365779433734595,0.000677389793674056,5.1,0.0,0.0,-6.802637643602932e-06,-3.5022676742666515e-08,-2.6626156645611866e-06,1.330924545765336,-0.000770300992065209,-0.16907545423466397,0,0,FOLLOWING,1.3309335054671187,7.004506101836111e-05,0
10.368,3.769075459018333,0.0001236577940680109,0.0006772913580529227,5.1,0.0,0.0,-7.076287799639426e-06,-2.9583789661379896e-08,-3.0761131604152867e-06,1.3309245467262634,-0.000770202556174627,-0.16907545327373663,0,0,FOLLOWING,1.3309323875268713,6.12941674446998e-05,0
10.4,3.7690754582056276,0.00012365779385900325,0.0006771819362582403,5.1,0.0,0.0,-7.249403259614266e-06,-2.5024804977035238e-08,-3.4194310838263086e-06,1.3309245475389688,-0.0007700931341661706,-0.16907545246103117,0,0,FOLLOWING,1.3309314090887387,5.3636187757513075e-05,0
10.432,3.7690754575173075,0.00012365779369789866,0.0006770635793748996,5.1,0.0,0.0,-7.336936403969032e-06,-2.119837466421987e-08,-3.6986526043950836e-06,1.330924548227289,-0.0007699747771137315,-0.1690754517727111,0,0,FOLLOWING,1.3309305527627284,4.693469728246577e-05,0
10.464,3.769075456933508,0.00012365779357472064,0.0006769381524043335,5.1,0.0,0.0,-7.3518571356741585e-06,-1.7982503791317598e-08,-3.919592830193737e-06,1.3309245488110886,-0.0007698493500098598,-0.16907545118891143,0,0,FOLLOWING,1.330929803323111,4.107028651782694e-05,0
10.496,3.7690754564376565,0.00012365779348146624,0.0006768073433853284,5.1,0.0,0.0,-7.30544515202297e-06,-1.5276102325047587e-08,-4.087781843903528e-06,1.33092454930694,-0.0007697185408861722,-0.16907545069306007,0,0,FOLLOWING,1.3309291474397698,3.593844182002369e-05,0
10.528,3.769075456015909,0.00012365779341171886,0.0006766726728556284,5.1,0.0,0.0,-7.207532234616123e-06,-1.2995322486063549e-08,-4.208454053131437e-06,1.3309245497286875,-0.0007695838702746252,-0.16907545027131254,0,0,FOLLOWING,1.3309285734427618,3.144768948544428e-05,0
10.56,3.7690754556566883,0.000123657793360405,0.0006765355034889124,5.1,0.0,0.0,-7.066703820671445e-06,-1.1070551998167743e-08,-4.28654270987199e-06,1.330924550087908,-0.000769446700844277,-0.1690754499120919,0,0,FOLLOWING,1.3309280711160012,2.751797061430138e-05,0
10.592,3.7690754553502996,0.00012365779332342832,0.0006763970497735351,5.1,0.0,0.0,-6.890467366712562e-06,-9.443938944535329e-09,-4.326678605539077e-06,1.3309245503942968,-0.0007693082470797282,-0.1690754496057032,0,0,FOLLOWING,1.3309276315165013,2.4079218139169127e-05,0
10.624,3.7690754550886143,0.00012365779329755435,0.0006762583876263418,5.1,0.0,0.0,-6.6853935947744675e-06,-8.06735344095353e-09,-4.333192099791748e-06,1.3309245506559821,-0.0007691695848948261,-0.16907544934401786,0,0,FOLLOWING,1.3309272468160098,2.1070110952827732e-05,0
10.656,3.769075454864808,0.00012365779328020707,0.0006761204638546734,5.1,0.0,0.0,-6.457235557983516e-06,-6.900712435835292e-09,-4.310117864639179e-06,1.3309245508797884,-0.0007690316610944998,-0.16907544912021155,0,0,FOLLOWING,1.3309269101622916,1.843698314814235e-05,0
10.688,3.7690754546731444,0.00012365779326935892,0.000675984105399577,5.1,0.0,0.0,-6.211029528754319e-06,-5.910594157554692e-09,-4.261201721763564e-06,1.330924551071452,-0.0007688953026178727,-0.16907544892854798,0,0,FOLLOWING,1.3309266155576251,1.613286910621903e-05,0
10.72,3.769075454508793,0.00012365779326342635,0.0006758500283063482,5.1,0.0,0.0,-5.951180954903892e-06,-5.069100325771746e-09,-4.189909163396176e-06,1.3309245512358032,-0.0007687612255087132,-0.16907544876419678,0,0,FOLLOWING,1.3309263577523904,1.4116667549121114e-05,0
10.752,3.7690754543676834,0.00012365779326114094,0.0006757188463820274,5.1,0.0,0.0,-5.681538114541626e-06,-4.352914528931551e-09,-4.099435135030499e-06,1.330924551376913,-0.0007686300435728243,-0.169075448623087,0,0,FOLLOWING,1.3309261321518757,1.2352409770363122e-05,0
10.784,3.769075454246379,0.00012365779326152184,0.000675591079508921,5.1,0.0,0.0,-5.405455604323839e-06,-3.742525836721785e-09,-3.992714784579426e-06,1.3309245514982173,-0.0007685022766915358,-0.1690754485017827,0,0,FOLLOWING,1.3309259347346682,1.080861908132836e-05,0
10.816,3.7690754541419746,0.00012365779326381076,0.0006754671615922257,5.1,0.0,0.0,-5.125849392126375e-06,-3.221587361076658e-09,-3.872434896724903e-06,1.3309245516026218,-0.0007683783587692721,-0.1690754483973782,0,0,FOLLOWING,1.3309257619812043,9.457750122273688e-06,0
10.848,3.7690754540520106,0.0001236577932673997,0.0006753474481280158,5.1,0.0,0.0,-4.8452448411468104e-06,-2.7763846027647065e-09,-3.741045756561892e-06,1.3309245516925858,-0.0007682586453014786,-0.16907544830741417,0,0,FOLLOWING,1.3309256108111953,8.27569809795593e-06,0
10.88,3.7690754539744016,0.00012365779327186394,0.0006752322233805333,5.1,0.0,0.0,-4.565818846591047e-06,-2.3953972640089904e-09,-3.6007733588271086e-06,1.3309245517701949,-0.0007681434205519322,-0.16907544822980514,0,0,FOLLOWING,1.330925478528858,7.241369228180318e-06,0
10.912,3.769075453907379,0.00012365779327685092,0.0006751217071671262,5.1,0.0,0.0,-4.289437015378007e-06,-2.068934215901863e-09,-3.4536316689679833e-06,1.3309245518372173,-0.0007680329043375934,-0.16907544816278275,0,0,FOLLOWING,1.330925362774951,6.3363047888143195e-06,0
10.944,3.7690754538494375,0.0001236577932821059,0.0006750160612487711,5.1,0.0,0.0,-4.0176866449389105e-06,-1.7888322547858474e-09,-3.3014349486000784e-06,1.330924551895159,-0.0007679272584191418,-0.1690754481048411,0,0,FOLLOWING,1.3309252614847988,5.544352061805938e-06,0
10.976,3.769075453799296,0.00012365779328743663,0.0006749153953314571,5.1,0.0,0.0,-3.7519061206198564e-06,-1.5482061112551688e-09,-3.145809916061233e-06,1.3309245519453006,-0.0007678265925023328,-0.16907544805469943,0,0,FOLLOWING,1.3309251728515346,4.8513763516577915e-06,0
11.008000000000001,3.769075453755862,0.00012365779329268837,0.0006748197726829834,5.1,0.0,0.0,-3.4932112363614344e-06,-1.3412396072130198e-09,-2.988207764801142e-06,1.3309245519887343,-0.0007677309698547727,-0.16907544801126573,0,0,FOLLOWING,1.3309250952939282,4.245008945371624e-06,0
11.040000000000001,3.7690754537182043,0.00012365779329777922,0.0006747292153748932,5.1,0.0,0.0,-3.2425188545718517e-06,-1.163012760980546e-09,-2.8299158778188938e-06,1.3309245520263921,-0.0007676404125478788,-0.16907544797360785,0,0,FOLLOWING,1.330925027428228,3.714426536807218e-06,0
11.072000000000001,3.7690754536855247,0.00012365779330263875,0.0006746437091590315,5.1,0.0,0.0,-3.0005682471349597e-06,-1.0093583017119332e-09,-2.6720692456740785e-06,1.3309245520590718,-0.000767554906333387,-0.16907544794092821,0,0,FOLLOWING,1.3309249680435116,3.250158187347878e-06,0
11.104000000000001,3.769075453657142,0.00012365779330724113,0.0006745632079903914,5.1,0.0,0.0,-2.7679404006463084e-06,-8.767411594566982e-10,-2.515661520003261e-06,1.3309245520874544,-0.0007674744051662236,-0.16907544791254558,0,0,FOLLOWING,1.3309249160801058,2.843916387426109e-06,0
11.136000000000001,3.769075453632471,0.0001236577933115473,0.0006744876382100047,5.1,0.0,0.0,-2.5450755218686272e-06,-7.621583644891102e-10,-2.3615556370886283e-06,1.3309245521121253,-0.00076739883538735,-0.16907544788787465,0,0,FOLLOWING,1.330924870610708,2.488449217837879e-06,0
11.168000000000001,3.76907545361101,0.0001236577933155292,0.0006744169023991293,5.1,0.0,0.0,-2.3322889401237865e-06,-6.630554989118516e-10,-2.2104940898540933e-06,1.3309245521335864,-0.0007673280995779683,-0.1690754478664136,0,0,FOLLOWING,1.330924830823857,2.177410968514665e-06,0
11.200000000000001,3.769075453592327,0.00012365779331921007,0.0006743508829221382,5.1,0.0,0.0,-2.129785573018505e-06,-5.772557762461845e-10,-2.0631086559704244e-06,1.3309245521522692,-0.0007672620801024387,-0.16907544784773076,0,0,FOLLOWING,1.330924796009464,1.905248919367181e-06,0
11.232000000000001,3.7690754535760527,0.00012365779332258888,0.0006742894451700586,5.1,0.0,0.0,-1.937673097045974e-06,-5.029027263684422e-10,-1.919929752483657e-06,1.3309245521685438,-0.0007672006423517616,-0.16907544783145623,0,0,FOLLOWING,1.3309247655461562,1.667104261900993e-06,0
11.264,3.769075453561866,0.0001236577933256639,0.0006742324405214944,5.1,0.0,0.0,-1.7559739436826747e-06,-4.3841102471288246e-10,-1.7813952676325114e-06,1.3309245521827306,-0.0007671436377045174,-0.16907544781726935,0,0,FOLLOWING,1.3309247388901946,1.4587253949616188e-06,0
11.296,3.7690754535494917,0.0001236577933284723,0.0006741797090342913,5.1,0.0,0.0,-1.584636225600849e-06,-3.8242416228972396e-10,-1.6478589750885902e-06,1.3309245521951047,-0.0007670909062185606,-0.16907544780489525,0,0,FOLLOWING,1.3309247155657784,1.276392053480852e-06,0
11.328,3.7690754535386923,0.00012365779333100175,0.0006741310818843908,5.1,0.0,0.0,-1.4235436843340434e-06,-3.337797891885608e-10,-1.519598434391507e-06,1.330924552205904,-0.0007670422790698068,-0.1690754477940959,0,0,FOLLOWING,1.3309246951565574,1.116848912976482e-06,0
11.36,3.769075453529262,0.00012365779333329123,0.0006740863835655584,5.1,0.0,0.0,-1.272524739609929e-06,-2.9148255277105303e-10,-1.396822463514763e-06,1.3309245522153343,-0.0007669975807520364,-0.16907544778466566,0,0,FOLLOWING,1.3309246772982075,9.772474915814629e-07,0
11.392,3.7690754535210234,0.00012365779333537417,0.0006740454338654813,5.1,0.0,0.0,-1.131360711874759e-06,-2.546759897033678e-10,-1.2796781274136345e-06,1.330924552223573,-0.000766956631052949,-0.1690754477764269,0,0,FOLLOWING,1.3309246616719288,8.550953087682675e-07,0
11.424,3.7690754535138216,0.0001236577933372377,0.000674008049631914,5.1,0.0,0.0,-9.997932819082796e-07,-2.2262538936784373e-10,-1.1682572989824367e-06,1.3309245522307749,-0.0007669192468202792,-0.16907544776922512,0,0,FOLLOWING,1.3309246479987582,7.482113980184011e-07,0
11.456,3.769075453507524,0.00012365779333890797,0.0006739740463429175,5.1,0.0,0.0,-8.775312459697859e-07,-1.9469664453886328e-10,-1.0626027811397308e-06,1.3309245522370725,-0.000766885243532098,-0.1690754477629275,0,0,FOLLOWING,1.3309246360345965,6.546873754642645e-07,0
11.488,3.7690754535020137,0.00012365779334042856,0.0006739432394947945,5.1,0.0,0.0,-7.642566183146968e-07,-1.7034476635852924e-10,-9.627140038431897e-07,1.3309245522425828,-0.0007668544366847328,-0.16907544775741723,0,0,FOLLOWING,1.3309246255658473,5.728533747773112e-07,0
11.52,3.7690754534971913,0.00012365779334177845,0.0006739154458207203,5.1,0.0,0.0,-6.596301303365202e-07,-1.4909802936467653e-10,-8.685523148256807e-07,1.3309245522474051,-0.0007668266430113362,-0.16907544775259487,0,0,FOLLOWING,1.3309246164056054,5.012482397615049e-07,0
11.552,3.769075453492969,0.00012365779334297405,0.0006738904843530804,5.1,0.0,0.0,-5.632961711033951e-07,-1.3055071796250377e-10,-7.800458637450841e-07,1.3309245522516275,-0.0007668016815443,-0.16907544774837246,0,0,FOLLOWING,1.3309246083903281,4.385934396633552e-07,0
11.584,3.7690754534892705,0.00012365779334405974,0.0006738681773411991,5.1,0.0,0.0,-4.7488721029284494e-07,-1.1435123459099222e-10,-6.970941212850973e-07,1.330924552255326,-0.0007667793745329762,-0.1690754477446741,0,0,FOLLOWING,1.330924601376909,3.8377024368042155e-07,0
11.616,3.7690754534860305,0.0001236577933450081,0.000673848351035828,5.1,0.0,0.0,-3.940277427878764e-07,-1.0019452216416219e-10,-6.195720428501527e-07,1.330924552258566,-0.0007667595482280915,-0.16907544774143402,0,0,FOLLOWING,1.3309245952401272,3.357997508246571e-07,0
11.648,3.7690754534831905,0.00012365779334587117,0.0006738308363519838,5.1,0.0,0.0,-3.203377907361184e-07,-8.781776175341789e-11,-5.473338701319318e-07,1.330924552261406,-0.0007667420335446975,-0.16907544773859406,0,0,FOLLOWING,1.3309245898704132,2.9382541223644396e-07,0
11.68,3.7690754534807005,0.00012365779334662068,0.0006738154694205142,5.1,0.0,0.0,-2.5343599727942617e-07,-7.699205851910899e-11,-4.802166084222858e-07,1.330924552263896,-0.0007667266666136172,-0.16907544773610406,0,0,FOLLOWING,1.3309245851718903,2.5709773994409694e-07,0
11.712,3.7690754534785174,0.00012365779334728668,0.0006738020920372977,5.1,0.0,0.0,-1.9294234347709735e-07,-6.751900269288714e-11,-4.180432255130961e-07,1.330924552266079,-0.0007667132892307488,-0.1690754477339209,0,0,FOLLOWING,1.3309245810606645,2.2496092590085931e-07,0
11.744,3.769075453476602,0.00012365779334790142,0.0006737905520216054,5.1,0.0,0.0,-1.3848051889939222e-07,-5.922681183084076e-11,-3.6062549039286613e-07,1.3309245522679944,-0.0007667017492153846,-0.16907544773200556,0,0,FOLLOWING,1.330924577463329,1.9684113260144007e-07,0
11.776,3.769075453474922,0.00012365779334841872,0.000673780703489794,5.1,0.0,0.0,-8.967997310448384e-08,-5.1964816679138944e-11,-3.0776661910517595e-07,1.3309245522696744,-0.0007666919006838446,-0.16907544773032557,0,0,FOLLOWING,1.33092457431565,1.7223624919294345e-07,0
11.808,3.7690754534734476,0.00012365779334887403,0.0006737724070556625,5.1,0.0,0.0,-4.617767609257048e-08,-4.5603712572834646e-11,-2.5926356660537553e-07,1.3309245522711488,-0.0007666836042499523,-0.1690754477288512,0,0,FOLLOWING,1.330924571561424,1.5070692434227698e-07,0
11.84,3.7690754534721536,0.00012365779334930205,0.0006737655299624194,5.1,0.0,0.0,-7.61961094555755e-09,-4.0029238826603605e-11,-2.1490916384622098e-07,1.3309245522724429,-0.0007666767271569404,-0.16907544772755712,0,0,FOLLOWING,1.3309245691514708,1.3186872389826124e-07,0
11.872,3.7690754534710176,0.0001236577933496815,0.0006737599461551408,5.1,0.0,0.0,2.6337976766900017e-08,-3.514347874057667e-11,-1.744939774548511e-07,1.3309245522735789,-0.0007666711433498676,-0.16907544772642114,0,0,FOLLOWING,1.3309245670427576,1.1538526555000143e-07,0
11.904,3.7690754534700197,0.00012365779335000255,0.0006737555363006712,5.1,0.0,0.0,5.60275507618279e-08,-3.0859285065619364e-11,-1.3780795217326787e-07,1.3309245522745767,-0.0007666667334955696,-0.16907544772542327,0,0,FOLLOWING,1.3309245651976314,1.0096221321421345e-07,0
11.936,3.769075453469143,0.00012365779335028748,0.0006737521877601064,5.1,0.0,0.0,8.176945756890302e-08,-2.71015771851406e-11,-1.0464189264555478e-07,1.3309245522754534,-0.0007666633849551576,-0.16907544772454663,0,0,FOLLOWING,1.330924563583145,8.834202151698107e-08,0
11.968,3.769075453468374,0.00012365779335056002,0.0006737497945207479,5.1,0.0,0.0,1.03871280750478e-07,-2.380547338158376e-11,-7.478872995878785e-08,1.3309245522762225,-0.0007666609917159502,-0.16907544772377747,0,0,FOLLOWING,1.330924562170468,7.729933669487651e-08,0
12.0,3.7690754534676976,0.0001236577933507826,0.0006737482570930462,5.1,0.0,0.0,1.226273585999773e-07,-2.0913293586796676e-11,-4.804461567160343e-08,1.3309245522768989,-0.0007666594542883686,-0.16907544772310112,0,0,FOLLOWING,1.3309245609343754,6.763697411816424e-08,0
12.032,3.7690754534671034,0.00012365779335098663,0.0006737474823759694,5.1,0.0,0.0,1.383184488229872e-07,-1.8374823984592585e-11,-2.4209908659224488e-08,1.330924552277493,-0.0007666586795714035,-0.16907544772250693,0,0,FOLLOWING,1.3309245598527952,5.9182396108255463e-08,0
12.064,3.7690754534665816,0.00012365779335116354,0.0006737473834978208,5.1144,0.0,0.0,-1.8931225995479643e-05,-1.6146383944716576e-11,-3.089942140222477e-09,1.3453245522165265,-0.0007656640836885308,-0.15467544778347353,0,0,FOLLOWING,1.3352445588878263,0.01125005178463121,0
12.096,3.769075453466123,0.00012365779335162306,0.0006733307848189388,5.1288,0.0,0.0,-6.701848849903712e-05,-1.4190344324360862e-11,-1.3018708715060984e-05,1.359724552156799,-0.0007642740522078614,-0.1402754478432009,0,0,FOLLOWING,1.342840558027352,0.03009379531158056,0
12.128,3.7690754534657196,0.0001236577933520167,0.0006714075617902009,5.1432,0.0,0.0,-0.0001469022712024988,-1.2472116214947186e-11,-6.0100719648076804e-05,1.3741245520982777,-0.0007613977983594362,-0.12587544790172234,0,0,FOLLOWING,1.3528998572604445,0.05378207089765552,0
12.16,3.769075453465365,0.00012365779335233158,0.0006669948224094591,5.1576,0.0,0.0,-0.0002562159148580728,-1.0963101901887889e-11,-0.00013789810564840605,1.3885245520409295,-0.0007560517953913415,-0.1114754479590705,0,0,FOLLOWING,1.364791984077201,0.08026931203546664,0
12.192,3.769075453465054,0.0001236577933525599,0.0006591783904961164,5.172000000000001,0.0,0.0,-0.00038903055321398337,-9.637676366611597e-12,-0.0002442634972932024,1.4029245519847229,-0.0007473212584341964,-0.09707544801527712,0,0,FOLLOWING,1.3780297870311355,0.10805364803104742,0
12.224,3.7690754534647795,0.0001236577933527551,0.0006472238226280427,5.186400000000001,0.0,0.0,-0.0005385535684994742,-8.473504623624386e-12,-0.0003735802458817534,1.417324551929628,-0.0007344711601142117,-0.08267544807037197,0,0,FOLLOWING,1.3922386182062938,0.13605134202717784,0
12.256,3.7690754534645388,0.0001236577933528969,0.0006306045264277033,5.2008,0.0,0.0,-0.0006974188253762474,-7.450319752929555e-12,-0.0005193530062725588,1.431724551875612,-0.00071697434759522,-0.0682754481243879,0,0,FOLLOWING,1.4071319483559792,0.16349844427378887,0
12.288,3.769075453464327,0.00012365779335300303,0.0006090207667504916,5.2152,0.0,0.0,-0.0008546593705435853,-6.5512281292498786e-12,-0.0006744924899390432,1.4461245518226489,-0.0006945305475974074,-0.053875448177351126,0,0,FOLLOWING,1.422492094533142,0.1898739547395717,0
12.32,3.769075453464141,0.0001236577933530883,0.0005825118382776554,5.2296,0.0,0.0,-0.0009994827736657431,-5.761323348035664e-12,-0.0008284040148246507,1.4605245517707075,-0.0006671785378897279,-0.0394754482292925,0,0,FOLLOWING,1.4381550082741597,0.2148399631971298,0
12.352,3.769075453463977,0.0001236577933531305,0.000551452150976985,5.244,0.0,0.0256,-0.001121757420289625,-5.066752773869715e-12,-0.000970615228223986,1.4749245517197624,-0.000635292231714548,-0.025075448280237556,0,0,FOLLOWING,1.4539982864654029,0.23819517003749258,0
12.384,3.7698596164418574,0.00012409004603669793,0.0005165319932223838,5.2584,0.0,0.0512,-0.0012125273496380966,0.024525159061995074,-0.0010912549103479152,1.4885403887304374,-0.0005998955667739622,-0.01145961126956263,0,0,FOLLOWING,1.469147574877276,0.2598389355748098,0
12.416,3.771466619826926,0.0001249179721674934,0.00047869968888403696,5.2728,0.0,0.07680000000000001,-0.0012657770373519662,0.050236830093967864,-0.0011822595111193768,1.5013333853699544,-0.0005619043744847949,0.0013333853699544207,0,0,FOLLOWING,1.4834988078443012,0.2797435980615618,0
12.448,3.773898793209147,0.00012607576972577936,0.00043913939197083053,5.2872,0.0,0.1024,-0.0012783659687176652,0.07601994509384934,-0.0012362593875407265,1.5133012120426501,-0.0005224511403976014,0.013301212042650112,0,0,FOLLOWING,1.497003264384715,0.29793327185074914,0
12.48,3.7771552263103514,0.00012749241568688164,0.00039911390965621893,5.3016000000000005,0.0,0.128,-0.0012497501457970905,0.10177513825170514,-0.001250796585691503,1.5244447790208742,-0.00048274594250518065,0.024444779020874163,0,0,FOLLOWING,1.5096299209620705,0.31446771170691173,0
12.512,3.78123492286631,0.000129098350286856,0.0003599071733670614,5.316000000000001,0.0,0.15360000000000001,-0.0011816333130204705,0.12749977310553007,-0.001225210929362865,1.5347650825633112,-0.00044402320643674773,0.034765082563311234,0,0,FOLLOWING,1.5213587586756063,0.32943012681355344,0
12.544,3.7861370621107704,0.00013083013701432121,0.0003227542142564699,5.330400000000001,0.0,0.17920000000000003,-0.0010775718277329619,0.15319923280997805,-0.0011610305184290078,1.5442629434312027,-0.00040747433120762514,0.04426294343120274,0,0,FOLLOWING,1.5321777515606534,0.3429180642178641,0
12.576,3.791860987054381,0.00013263454850731836,0.00028878311792483594,5.3448,0.0,0.20480000000000004,-0.0009425620837375032,0.17887854095325711,-0.0010615973776469684,1.5529390186096934,-0.00037419184748803316,0.05293901860969341,0,0,FOLLOWING,1.5420807489480721,0.35503666879543455,0
12.608,3.798406173618557,0.00013447197734301792,0.00025896960065851756,5.3592,0.0,0.23040000000000008,-0.0007826340029294265,0.20454177437204346,-0.0009316730340901236,1.5607938321742372,-0.000345125744242232,0.06079383217423717,0,0,FOLLOWING,1.5510658648005338,0.3658937752798484,0
12.64,3.8057722039234623,0.00013631898942317552,0.00023410409286843382,5.3736,0.0,0.25600000000000006,-0.000604468516385342,0.23019219055577586,-0.0007770476663432535,1.5678278020028473,-0.0003210517725949907,0.06782780200284733,0,0,FOLLOWING,1.559134245415137,0.37559640543694117,0
12.672,3.813958744785598,0.0001381699004141865,0.0002147706488349298,5.388,0.0,0.2816000000000001,-0.0004150515657721757,0.2558323874302152,-0.0006041705310687194,1.5740412612787034,-0.00030255100376627616,0.07404126127870336,0,0,FOLLOWING,1.5662891311559768,0.38424833641098255,0
12.704,3.822965530553945,0.0001400373256836008,0.000201336602211733,5.4024,0.0,0.3072000000000001,-0.00022137231980363166,0.28146443643474484,-0.0004198141563880935,1.5794344756541163,-0.00028999955596236576,0.07943447565411632,0,0,FOLLOWING,1.5725351473100404,0.39194847968253693,0
12.736,3.8327923494220015,0.00014191150831220138,0.0001937833120995584,5.4168,0.0,0.3328000000000001,-3.0076676955006735e-05,0.3070899889035846,-0.00023603869098543076,1.5840076569349366,-0.0002833734778293382,0.08400765693493661,0,0,FOLLOWING,1.577877773044602,0.3987898679805617,0
12.768,3.8434390325168786,0.00014388243440833034,0.00019224238906787096,5.4312000000000005,0.0,0.3584000000000001,0.00015252456408355723,0.3327103622512511,-4.8151965031905834e-05,1.587760974002414,-0.0002828620962915334,0.0877609740024139,0,0,FOLLOWING,1.5823229483270624,0.4048590930896655,0
12.8,3.854905445194074,0.0001460110283152795,0.00019645376449057956,5.445600000000001,0.0,0.3840000000000001,0.0003207428755259577,0.3583266061149646,0.00013160738349919516,1.5906945615071568,-0.0002882445029853245,0.09069456150715682,0,0,FOLLOWING,1.585876787224293,0.41023607333879664,0
12.832,3.8671914800984952,0.0001483686796174887,0.00020597885757388747,5.460000000000001,0.0,0.4096000000000001,0.0004696285500656533,0.38393955758214565,0.0002976611258105699,1.59280852681171,-0.00029912795700081914,0.09280852681171003,0,0,FOLLOWING,1.5885453728607883,0.414994057679719,0
12.864,3.880297051631208,0.00015103463001897729,0.00022022310654365012,5.474400000000001,0.0,0.4352000000000001,0.0005950496208881144,0.4095498840476407,0.00044513484169309486,1.594102955523745,-0.0003149689507324415,0.09410295552374492,0,0,FOLLOWING,1.590334614654098,0.41919979527637163,0
12.896,3.894222091537282,0.00015409205414863925,0.00023846096710678546,5.4888,0.0,0.46080000000000015,0.0006937388900249727,0.43515811759044987,0.0005699353042251106,1.5945779159080622,-0.00033509597807187565,0.0945779159080622,0,0,FOLLOWING,1.5912501527172034,0.42291381671211836,0
12.928,3.9089665453881834,0.00015762389935737575,0.00025986253293369275,5.5032000000000005,0.0,0.48640000000000017,0.0007633145266346337,0.4607646823990655,0.000668801178603742,1.5942334624040553,-0.0003587338107805981,0.09423346240405528,0,0,FOLLOWING,1.5912972976682835,0.42619078629933854,0
12.96,3.924530369777921,0.00016170868263083764,0.00028352094914663476,5.517600000000001,0.0,0.5120000000000002,0.0008022794842780851,0.48636991664632634,0.0007393278040644338,1.59306963842941,-0.0003850285537156143,0.09306963842941007,0,0,FOLLOWING,1.590480996730769,0.42907989535290925,0
12.992,3.9409135300887113,0.00016641640454215296,0.00030847995014397913,5.532000000000001,0.0,0.5245669032238264,0.000810004550540613,0.5119740899370133,0.000779971079363908,1.5910864786142798,-0.0004130728852750181,0.09108647861427976,0,0,FOLLOWING,1.5888058190842775,0.4316252743065863,0
13.024000000000001,3.957716752835672,0.0001716815889926393,0.0003337594027936001,5.5464,0.0,0.5311226216842492,0.000789188088599365,0.525090772750622,0.0007899850917975741,1.5886832564407425,-0.00044182473842974487,0.08868325644074249,0,0,FOLLOWING,1.5866752009172038,0.43386640771649515,0
13.056000000000001,3.9747362096214482,0.0001774575868125506,0.00035846022930239614,5.5608,0.0,0.5361642501690334,0.0007439015282822858,0.5318443985952825,0.0007719025909145556,1.5860638003060201,-0.00047034575821274524,0.08606380030602012,0,0,FOLLOWING,1.584296768975247,0.4358385409105191,0
13.088000000000001,3.9919152465978085,0.00018371884766136076,0.0003818096343415476,5.575200000000001,0.0,0.5398720610890105,0.0006783137260687591,0.5368323058921296,0.0007296701560945666,1.5832847640612395,-0.000497846150478031,0.08328476406123952,0,0,FOLLOWING,1.5817306254488168,0.4375730706235728,0
13.120000000000001,4.009210622506541,0.00019042702662671931,0.0004031635357575123,5.589600000000001,0.0,0.5424125944840524,0.0005965078835250795,0.540469247438011,0.0006673102244697872,1.580389388966092,-0.0005236572750960763,0.08038938896609205,0,0,FOLLOWING,1.5790231287219598,0.43909791465712067,0
13.152000000000001,4.0265851388048555,0.00019753207017264208,0.00042200457868453147,5.604000000000001,0.0,0.5439386062602062,0.0005023788326988429,0.5429436440645775,0.0005887830419629965,1.5774148735631408,-0.0005472297645246451,0.0774148735631408,0,0,FOLLOWING,1.5762142846830394,0.44043785761417636,0
13.184000000000001,4.044006530999735,0.00020497499800022477,0.00043793707360350676,5.6184,0.0,0.5445894112743107,0.0003995588049710995,0.5444096580644355,0.0004978906500736757,1.5743934823434194,-0.0005681300659386818,0.07439348234341936,0,0,FOLLOWING,1.5733388781402562,0.44161487124376003,0
13.216000000000001,4.061446977686919,0.0002126907208179724,0.0004506791987172089,5.6328000000000005,0.0,0.5444913737870132,0.0002913648729921824,0.5450061445308586,0.00039819140801513236,1.5713530367074733,-0.0005860343458412979,0.07135303670747328,0,0,FOLLOWING,1.5704269868833463,0.44264840900337493,0
13.248000000000001,4.078882683488554,0.00022061062250566254,0.000460053405783501,5.647200000000001,0.0,0.5437584972856495,0.0001807651191276547,0.5448589269336119,0.0002929438535271555,1.568317332027773,-0.0006007204880939203,0.06831733202777301,0,0,FOLLOWING,1.5675044215146647,0.4435556752100212,0
13.280000000000001,4.096293485746975,0.0002286648268577984,0.0004659756718386018,5.661600000000001,0.0,0.5424930870484598,7.036084079952648e-05,0.5440815366689589,0.00018507063872934726,1.565306530955059,-0.0006120587700363557,0.0653065309550589,0,0,FOLLOWING,1.5645931407225697,0.4443518696744235,0
13.312000000000001,4.113662482290616,0.00023678412027875248,0.00046844412915603807,5.676000000000001,0.0,0.5407864631195438,-3.7617858896431424e-05,0.542775871638983,7.713910144071791e-05,1.562337535652601,-0.000620001725246388,0.06233753565260103,0,0,FOLLOWING,1.5617116443724262,0.4450504090576446,0
13.344,4.130975681548939,0.00024490152918370055,0.00046752751390119755,5.6904,0.0,0.5387197041271646,-0.0001413056363956697,0.5410328949257209,-2.8644399458471975e-05,1.5594243376814776,-0.0006245736265420345,0.05942433768147759,0,0,FOLLOWING,1.5588753429499849,0.4456631263994582,0
13.376,4.1482216760891975,0.0002529535683576834,0.00046335378750022395,5.7048,0.0,0.5363644050169887,-0.00023918698743605502,0.538933366938579,-0.0001304290859196844,1.5565783444640588,-0.0006258599474828882,0.05657834446405885,0,0,FOLLOWING,1.5560969021849804,0.44620045037874095,0
13.408,4.165391340119715,0.0002608811871980844,0.0004560992053142775,5.7192,0.0,0.5337834343481476,-0.000330074970048481,0.5365485945243916,-0.00022670578197088958,1.5538086817809842,-0.0006239970884209382,0.05380868178098419,0,0,FOLLOWING,1.5533865622756136,0.4466715659047705,0
13.44,4.182477551024479,0.0002686304464442172,0.00044597803644564444,5.7336,0.0,0.5310316792628673,-0.00041308544345082987,0.5339411820555686,-0.00031628656565988117,1.5511224722368426,-0.0006191625867279084,0.05112247223684263,0,0,FOLLOWING,1.5507524316607348,0.4470845576253716,0
13.472,4.199474934593984,0.00027615296016032917,0.00043323307727977784,5.748,0.0,0.5281567685431847,-0.00048760843122113643,0.5311657720132886,-0.0003982799648363071,1.5485250900295948,-0.000611565971852886,0.04852509002959482,0,0,FOLLOWING,1.5482007557184008,0.4474465378891578,0
13.504,4.216379633295001,0.0002834061375602835,0.0004181270496026018,5.7623999999999995,0.0,0.525199766277339,-0.0005532779575169796,0.5282697650038983,-0.0004720633143563835,1.5460203926810592,-0.0006014403748919677,0.046020392681059175,0,0,FOLLOWING,1.545736161113107,0.4477637606265783,0
13.536,4.233189096670533,0.0002903532576217552,0.0004009349314747119,5.7768,0.0,0.5221958305525278,-0.0006099414597109387,0.5252940113599884,-0.0005372536077027282,1.5436109306371946,-0.0005890349595135738,0.04361093063719457,0,0,FOLLOWING,1.543361876778726,0.4480417225271083,0
13.568,4.249901892773255,0.00029696340695421064,0.000381937234631583,5.7912,0.0,0.5191748332591924,-0.00065762965565123,0.5222734684567056,-0.0005936779183596414,1.5412981358348592,-0.0005746082058649812,0.041298135834859195,0,0,FOLLOWING,1.541079932719504,0.4482852527943021,0
13.6,4.266517539403302,0.00030321130848179437,0.00036141421510157415,5.8056,0.0,0.5161619385333897,-0.0006965275424326321,0.5192378196108048,-0.0006413442370709649,1.5390824904642,-0.0005584220508230505,0.03908249046419998,0,0,FOLLOWING,1.5388913379469176,0.4484985926614805,0
13.632,4.283036353836865,0.00030907706544355915,0.0003396409830326983,5.82,0.0,0.5131781385839872,-0.0007269470275459926,0.5162120519257415,-0.0006804133718546512,1.5369636772401982,-0.0005407368658460778,0.03696367724019822,0,0,FOLLOWING,1.5367962389545062,0.4486854657519692,0
13.664,4.299459319687982,0.0003145458421753854,0.0003168834624679129,5.8344,0.0,0.5102407466620653,-0.0007493015425493373,0.5132169917097378,-0.0007111723873585148,1.5349407125409789,-0.0005218072369218278,0.03494071254097886,0,0,FOLLOWING,1.534794060174548,0.44884914027151174,0
13.696,4.315787969535382,0.0003196075002123187,0.0002933951410977947,5.8488,0.0,0.5073638477468748,-0.0007640828628666047,0.5102697971382576,-0.000734009918266017,1.5330120637810403,-0.0005018784988473359,0.03301206378104027,0,0,FOLLOWING,1.5328836278672568,0.4489924839284039,0
13.728,4.332024281962687,0.0003242562055027189,0.0002694145431351981,5.8632,0.0,0.5045587081644968,-0.0007718402532788105,0.5073844086757455,-0.0007493935718849851,1.5311757523710885,-0.00048118396766024657,0.031175752371088494,0,0,FOLLOWING,1.5310632788720042,0.4491180123900181,0
13.76,4.348170591697883,0.0003284900199864054,0.00024516335464151945,5.8776,0.0,0.5018341458420054,-0.0007731619748584014,0.5045719584334699,-0.000757849539141293,1.529429443578571,-0.00045994280974561005,0.029429443578570913,0,0,FOLLOWING,1.5293309556072545,0.4492279320033975,0
13.792,4.364229511592683,0.00033234600401927387,0.00022099364740788476,5.892,0.0,0.49919686367524263,-0.0007687406626531631,0.5018411404171432,-0.0007553031125994105,1.5277705245560278,-0.0004385302481595432,0.027770524556027798,0,0,FOLLOWING,1.5276842886534325,0.44932417743267866,0
13.824,4.380203865254432,0.00033579692155305226,0.0001969426571051368,5.9064,0.0,0.4966517465669203,-0.0007591830685981114,0.49919854244271644,-0.000751593206887386,1.5261961716869434,-0.0004169647817126137,0.026196171686943437,0,0,FOLLOWING,1.5261206681300183,0.44940844479735786,0
13.856,4.39609662918045,0.0003388441645148173,0.00017315188605455533,5.9208,0.0,0.49420212713486694,-0.0007450823487360482,0.4966489445383451,-0.0007434614012138037,1.5247034084712558,-0.00039538800451627574,0.02470340847125585,0,0,FOLLOWING,1.5246373051452218,0.44948222083269984,0
13.888,4.41191088337618,0.0003414976904504845,0.00014976956561074456,5.9352,0.0,0.49185002108444464,-0.0007270244966921525,0.49419558319974216,-0.000730697364175743,1.5232891549030507,-0.00037395398405279325,0.023289154903050724,0,0,FOLLOWING,1.5232312843217908,0.4495468085366225,0
13.92,4.427649769491771,0.0003437694050605058,0.00012692495530091074,5.9496,0.0,0.489596334865996,-0.0007055793568095937,0.4918403864768099,-0.0007138939604619532,1.521950269332561,-0.0003527992265636652,0.021950269332561057,0,0,FOLLOWING,1.5218996084371739,0.44960334971595267,0
13.952,4.443316455589509,0.00034567270981198235,0.00010472891603668557,5.964,0.0,0.48744104817658457,-0.000681293442057967,0.4895841812408775,-0.0006936261471939436,1.5206835836986203,-0.000332042945394554,0.020683583698620334,0,0,FOLLOWING,1.520639236105727,0.4496528447985851,0
13.984,4.458914106735953,0.0003472222127166701,8.327470653121037e-05,5.9784,0.0,0.4853833736727708,-0.0006546844068407628,0.4874268752179176,-0.0006704439936996986,1.5194859329364339,-0.00031178765832112374,0.01948593293643386,0,0,FOLLOWING,1.5194471133451093,0.4496961702364627,0
14.016,4.474445860689025,0.0003484334631024163,6.263893814332402e-05,5.9928,0.0,0.4834218961409911,-0.0006262369743984901,0.48536761621640045,-0.0006448677304389406,1.5183541792904083,-0.0002921199583908054,0.01835417929040828,0,0,FOLLOWING,1.5183201997899631,0.4497340937870653,0
14.048,4.489914808022525,0.00034932270746131317,4.2882646776150195e-05,6.0072,0.0,0.48155469324090905,-0.000596400128260023,0.4834049308075392,-0.0006173840910174935,1.5172852321895436,-0.00027311141532694464,0.017285232189543587,0,0,FOLLOWING,1.5172554902402247,0.4497672879278104,0
14.08,4.505323976098472,0.0003499066673525531,2.405244530208548e-05,6.0216,0.0,0.47977943979467486,-0.0005655853899282606,0.4815368445804338,-0.0005884437957204627,1.5162760642750066,-0.0002548195718843293,0.016276064275006608,0,0,FOLLOWING,1.516250032160207,0.44979634162813653,0
14.112,4.520676316361017,0.00035020233974914714,6.181724707157079e-06,6.0360000000000005,0.0,0.4780934974470117,-0.0005341660185932777,0.4797609859511004,-0.0005584600290234921,1.5153237241061381,-0.00023728900382874755,0.015323724106138137,0,0,FOLLOWING,1.5153009396783725,0.4498217706776616,0
14.144,4.535974694484221,0.00035022681963530546,-1.0708123315199816e-05,6.0504,0.0,0.4764939913718182,-0.0005024769826549561,0.4780746753553915,-0.0005278077692951186,1.514425346012601,-0.00022055241632064676,0.014425346012600926,0,0,FOLLOWING,1.5144054045764517,0.44984402674538715,0
14.176,4.551221882959746,0.0003499971442204058,-2.660648538851543e-05,6.0648,0.0,0.474977875554016,-0.0004708155669307009,0.4764750015056804,-0.000496823839363928,1.5135781575066156,-0.00020463175335304717,0.013578157506615618,0,0,FOLLOWING,1.513560704700501,0.4498635053241607,0
14.208,4.566420555759551,0.0003495301578147345,-4.151232622144338e-05,6.0792,0.0,0.4735419880331482,-0.0004394424932744951,0.4749588862431178,-0.00046580755476357654,1.512779484620205,-0.00018953930058748499,0.01277948462020495,0,0,FOLLOWING,1.5127642101752667,0.4498805526961983,0
14.24,4.581573284753097,0.00034884239619275013,-5.5433024689475e-05,6.0936,0.0,0.47218309735963304,-0.00040858344578629006,0.473523139374552,-0.0004350218585344,1.51202675548793,-0.00017527876531114043,0.012026755487930085,0,0,FOLLOWING,1.512013387756939,0.4498954720392197,0
14.272,4.596682537598697,0.00034794998912758345,-6.838325856653461e-05,6.1080000000000005,0.0,0.47089794138677604,-0.00037843090463260707,0.4721645047464543,-0.0004046948415357515,1.511317502455494,-0.0001618463203512921,0.0113175024554939,0,0,FOLLOWING,1.5113058036175395,0.449908528778354,0
14.304,4.611750676864546,0.00034686857970173644,-8.038394736747813e-05,6.1224,0.0,0.469683259402442,-0.0003491462046429916,0.470879698679929,-0.00037502155841545435,1.5106493629586633,-0.00014923160158452405,0.010649362958663255,0,0,FOLLOWING,1.510639124816784,0.44991995527628864,0
14.336,4.62677996016718,0.0003456132589661959,-9.146126023359822e-05,6.1368,0.0,0.46853581849402076,-0.00032086174617616966,0.46966544177110653,-0.00034616606020767204,1.5100200793847858,-0.00013741865116768346,0.010020079384785774,0,0,FOLLOWING,1.5100111196837047,0.4499299549429354,0
14.368,4.641772541143627,0.00034419851452673425,-0.0001016456935780483,6.1512,0.0,0.4674524349391163,-0.0002936832962480275,0.46851848495041315,-0.00031826357433409005,1.5094274981005962,-0.0001263868008232039,0.009427498100596177,0,0,FOLLOWING,1.5094196573006007,0.44993870583601503,0
14.4,4.656730471098824,0.00034267148517294366,-0.00011111047096289795,6.1656,0.0,0.46642999103711724,-0.0002676349455599494,0.467435630473619,-0.00029577424701174987,1.5088695678123418,-0.00011599430696393669,0.008869567812341828,0,0,FOLLOWING,1.5088627062631057,0.4499463638152706,0
14.432,4.6716557011836795,0.0003410133129314991,-0.00011976493999019714,6.180000000000001,0.0,0.46546544915970445,-0.0002427812681840496,0.4664137489581386,-0.00027045209835080717,1.508344337365238,-0.00010631958685748711,0.008344337365238097,0,0,FOLLOWING,1.5083383328302638,0.44995306530536816,0
14.464,4.686550085014565,0.00033922800936896753,-0.00012761413966223118,6.1944,0.0,0.46455586185797987,-0.00021917998440122867,0.4654497925644387,-0.00024528744765782293,1.5078499531442864,-9.736050819525238e-05,0.007849953144286381,0,0,FOLLOWING,1.5078446986326708,0.4499589297158018,0
14.496,4.701415381609631,0.0003373285492854458,-0.00013470055798542893,6.2088,0.0,0.46369837947045567,-0.0001968672809030557,0.4645408052176399,-0.0002214505457606978,1.5073846561347337,-8.908343154114532e-05,0.007384656134733714,0,0,FOLLOWING,1.5073800580022585,0.44996406156021024,0
14.528,4.716253258562552,0.0003353271830729928,-0.00014106726427360775,6.2232,0.0,0.46289025559242175,-0.0001758607826051812,0.46368393003203556,-0.00019895955577626316,1.5069467787461055,-8.145365721462789e-05,0.0069467787461054975,0,0,FOLLOWING,1.5069427550323398,0.44996855231229155,0
14.56,4.731065295385595,0.0003332352586290204,-0.00014675741969569795,6.2376000000000005,0.0,0.46212885067392756,-0.0001561622079786989,0.46287641457260964,-0.00017781734911353526,1.5065347414690944,-7.443579422341978e-05,0.006534741469094385,0,0,FOLLOWING,1.5065312204412704,0.4499724820309413,0
14.592,4.745852986962788,0.0003310632641744367,-0.00015181387462422126,6.252000000000001,0.0,0.4614116340559122,-0.00013775978269691002,0.46211561429751097,-0.0001580142141998202,1.5061470494224003,-6.799418924797302e-05,0.006147049422400297,0,0,FOLLOWING,1.50614396830043,0.44997592078322285,0
14.624,4.760617747063787,0.00032882087638701283,-0.00015627882153089302,6.2664,0.0,0.4607361847131155,-0.00012063042728173281,0.46139899445735294,-0.000139529592256667,1.50578228883887,-6.209330399991732e-05,0.005782288838870109,0,0,FOLLOWING,1.505779592679048,0.4499789298902392,0
14.656,4.77536091187756,0.0003265170066345749,-0.00016019350042287172,6.2808,0.0,0.4601001909350997,-0.00010474173125096797,0.46072413071667584,-0.00012233371923713087,1.5054391235318283,-5.669803912244722e-05,0.005439123531828294,0,0,FOLLOWING,1.5054367642495046,0.44998156301789466,0
14.688,4.790083743532372,0.00032415984533454127,-0.00016359795340168144,6.2952,0.0,0.4595014491439568,-9.005372587387071e-05,0.4600887087272922,-0.0001063891609449471,1.5051162913750995,-5.177400801959423e-05,0.005116291375099502,0,0,FOLLOWING,1.5051142268890827,0.4499838671318061,0
14.72,4.804787433574818,0.0003217569046425068,-0.00016653082465211547,6.3096000000000005,0.0,0.45893786201858705,-7.652046748714744e-05,0.4594905228508021,-9.16522327488751e-05,1.5048126008239864,-4.7287764398789894e-05,0.004812600823986379,0,0,FOLLOWING,1.5048107943075348,0.4499858833332494,0
14.752,4.81947310638612,0.0003193150596156777,-0.0001690292020069088,6.324000000000001,0.0,0.45840743607036005,-6.409144325717857e-05,0.4589274741990536,-7.807429884655799e-05,1.5045269274989868,-4.320698744016111e-05,0.004526927498986755,0,0,FOLLOWING,1.5045253467241424,0.44998764759092824,0
14.784,4.834141822518436,0.00031684058794610937,-0.00017112849619281914,6.3384,0.0,0.45790827879313334,-5.2712811191371304e-05,0.4583975681361102,-6.560294982460327e-05,1.504258210849492,-3.950062851704975e-05,0.004258210849491961,0,0,FOLLOWING,1.5042568276131436,0.44998919138152915,0
14.816,4.848794581937878,0.00031433920831861487,-0.00017286235388828928,6.3528,0.0,0.4574385954916174,-4.2328486105229025e-05,0.45789891136377386,-5.418305928287558e-05,1.5040054509107859,-3.613902334523826e-05,0.004005450910785857,0,0,FOLLOWING,1.504004240532293,0.44999054225041185,0
14.848,4.863432327164194,0.0003118161174201931,-0.0001742626008456796,6.3672,0.0,0.45699668587562686,-3.288108309737778e-05,0.4574297086936248,-4.3757723361685426e-05,1.5037677051643676,-3.309397330060693e-05,0.0037677051643676407,0,0,FOLLOWING,1.5037666460458365,0.44999172430236956,0
14.88,4.878055946299876,0.0003092760256037972,-0.00017535921146111217,6.381600000000001,0.0,0.45658094049353465,-2.4312729862153842e-05,0.4569882595921998,-3.426908723687753e-05,1.5035440855088567,-3.0338799502180612e-05,0.0035440855088566536,0,0,FOLLOWING,1.5035431587502617,0.4499927586311803,0
14.912,4.89266627594375,0.0003067231911958908,-0.00017618030136908017,6.396000000000001,0.0,0.45618983706598615,-1.65657588819812e-05,0.45657295457190716,-2.5659064649228367e-05,1.5033337553464143,-2.7848373057406413e-05,0.0033337553464143355,0,0,FOLLOWING,1.5033329444087389,0.44999366369556903,0
14.944,4.907264103986047,0.00030416145342785354,-0.00017675213984873472,6.4104,0.0,0.45582193677038163,-9.583290204457424e-06,0.45618227148792023,-1.7869957023522592e-05,1.5031359267876805,-2.5599124653053433e-05,0.0031359267876804875,0,0,FOLLOWING,1.503135217198092,0.4499944556482509,0
14.976,4.921850172283541,0.00030159426396571623,-0.00017709917905236422,6.4248,0.0,0.455475880517597,-3.309715093398798e-06,0.4558147717909003,-1.0844979165287222e-05,1.5029498579766505,-2.3569036450064024e-05,0.002949857976650483,0,0,FOLLOWING,1.502949237070462,0.4499951486239222,0
15.008000000000001,4.936425179214656,0.0002990247170145484,-0.0001772440972910223,6.4392000000000005,0.0,0.45515038525467844,2.3089096061252376e-06,0.4554690967764266,-4.5286985490713e-06,1.50277485053557,-2.1737619019461638e-05,0.002774850535570028,0,0,FOLLOWING,1.5027743072304154,0.4499957549912938,0
15.040000000000001,4.9509897821154984,0.0002964555779744276,-0.00017720785386022913,6.453600000000001,0.0,0.4548442403206607,7.324547033091575e-06,0.4551439638643513,1.1326040524142845e-06,1.5026102471289156,-2.008587581060268e-05,0.002610247128915555,0,0,FOLLOWING,1.5026097717271145,0.44999628557367183,0
15.072000000000001,4.96554459959862,0.0002938893106312844,-0.00017700975311523678,6.468000000000001,0.0,0.4545563038770547,1.178693698970316e-05,0.45483816293468193,6.1906455180284745e-06,1.5024554291446388,-1.859625742227128e-05,0.00245542914463881,0,0,FOLLOWING,1.50245501316023,0.4499967498419942,0
15.104000000000001,4.980090213757017,0.00029132810287279897,-0.0001766675157341402,6.4824,0.0,0.4542854994298125,1.5743415436691383e-05,0.454550552741165,1.0694915757002336e-05,1.502309814490174,-1.7252607724258497e-05,0.002309814490174089,0,0,FOLLOWING,1.5023094504975503,0.44999715608376917,0
15.136000000000001,4.994627172256359,0.00028877389092711754,-0.00017619735532777443,6.4968,0.0,0.45403081245557686,1.9238789086470676e-05,0.45428005741894717,1.4692510621076747e-05,1.502172855500221,-1.6040103662638788e-05,0.0021728555002209493,0,0,FOLLOWING,1.5021725370016616,0.44999751155091794,0
15.168000000000001,5.009155990318862,0.0002862283821310627,-0.00017561405877079126,6.5112000000000005,0.0,0.4537912871416643,2.2315257911939868e-05,0.45402566309881065,1.8228015617058776e-05,1.5020440369528711,-1.4945190373471477e-05,0.002044036952871142,0,0,FOLLOWING,1.5020437582626214,0.4499978225891492,0
15.200000000000001,5.0236771526025255,0.000283693076242727,-0.00017493106882625022,6.525600000000001,0.0,0.453566023246424,2.5012378966040833e-05,0.4537864146371006,2.1343434234074674e-05,1.5019228741903832,-1.3955513038076876e-05,0.0019228741903831725,0,0,FOLLOWING,1.501922630333206,0.4499980947511824,0
15.232000000000001,5.0381911149796155,0.00028116928532250353,-0.00017416056781682334,6.540000000000001,0.0,0.4533541730842812,2.7367065439697234e-05,0.45356141246776044,2.407815523658376e-05,1.5018089113407007,-1.305984673915619e-05,0.001808911340700714,0,0,FOLLOWING,1.5018086979631033,0.44999833289582597,0
15.264000000000001,5.052698306218456,0.00027865815221392374,-0.00017331356128217707,6.5544,0.0,0.4531549386378415,2.9413615427939832e-05,0.45334980958049337,2.646895309609607e-05,1.5017017196356683,-1.2248025396106247e-05,0.0017017196356683417,0,0,FOLLOWING,1.5017015329282177,0.4499985412746804,0
15.296000000000001,5.067199129572618,0.0002761606676632207,-0.0001723999607125442,6.5688,0.0,0.45296756879785494,3.1183765392918244e-05,0.4531508086272432,2.8550016860087873e-05,1.5016008958218514,-1.1510870713036399e-05,0.0016008958218514113,0,0,FOLLOWING,1.5016007324511889,0.4499987236080122,0
15.328000000000001,5.0816939642816426,0.0002736776861228374,-0.00017142866460731154,6.583200000000001,0.0,0.4527913567305451,3.270676380257637e-05,0.4529636591576768,3.035300249513916e-05,1.501506060659808,-1.0840121918880886e-05,0.0015060606598080728,0,0,FOLLOWING,1.5015059177091645,0.44999888315114434,0
15.36,5.096183166987401,0.00027120994028936103,-0.00017040763722954381,6.597600000000001,0.0,0.45262563737077927,3.400946090595072e-05,0.4527876549828681,3.190710488886412e-05,1.50141685750774,-1.0228366960827621e-05,0.0014168575077400103,0,0,FOLLOWING,1.5014167324248744,0.4499990227525588,0
15.392,5.110667073070142,0.00026875805443097624,-0.00016934398455949564,6.612,0.0,0.4524697850387274,3.511641104066617e-05,0.45262213166567716,3.323914538146971e-05,1.5013329509854454,-9.668975683593275e-06,0.0013329509854453914,0,0,FOLLOWING,1.5013328415370972,0.4499991449047347,0
15.424,5.125145997908205,0.0002663225565629714,-0.00016824402705164221,6.6264,0.0,0.4523232111770144,3.6049984303016596e-05,0.45246646413525876,3.4373671655776194e-05,1.5012540257146145,-9.156035428187123e-06,0.0012540257146145262,0,0,FOLLOWING,1.5012539299466368,0.44999925178863986,0
15.456,5.139620238065267,0.0002639038895322776,-0.00016711336890329632,6.6408,0.0,0.4521853622048755,3.683048478523669e-05,0.4523200644226322,3.53330667501364e-05,1.5011797851315756,-8.684289382159335e-06,0.0011797851315755725,0,0,FOLLOWING,1.5011797013340578,0.44999934531265684,0
15.488,5.154090072408891,0.00026150242107363423,-0.0001659569636249239,6.6552,0.0,0.45205571748546275,3.7476272971422496e-05,0.4521823795137097,3.613766463034481e-05,1.5011099503687593,-8.249077932566455e-06,0.0011099503687592716,0,0,FOLLOWING,1.5011098770455,0.44999942714665264,0
15.52,5.168555763164001,0.000259118452900878,-0.00016477917577306715,6.6696,0.0,0.4519337874021852,3.800389019481543e-05,0.4520528893159039,3.680587010815485e-05,1.50104425920122,-7.84628320287488e-06,0.001044259201220088,0,0,FOLLOWING,1.501044195043024,0.44999949875178347,0
15.552,5.183017556904783,0.0002567522288967791,-0.0001635838387831131,6.684,0.0,0.451819111539794,3.8428183384040286e-05,0.451931104734057,3.735428072112301e-05,1.5009824650547365,-7.4722768787840186e-06,0.0009824650547365366,0,0,FOLLOWING,1.5009824089160393,0.4499995614065801,0
15.584,5.197475685488388,0.00025440394246476573,-0.0001623743088822318,6.6984,0.0,0.45171125696582354,3.876242859944689e-05,0.4518165658514247,3.779780922732199e-05,1.5009243360721154,-7.123871384929674e-06,0.0009243360721153948,0,0,FOLLOWING,1.5009242869505346,0.44999961622977397,0
15.616,5.21193036693363,0.0002520737431037717,-0.00016115351511772536,6.7128,0.0,0.45160981660795674,3.901845211906618e-05,0.4517088402111966,3.81498049987421e-05,1.500869654234488,-6.79827441819891e-06,0.0008696542344879266,0,0,FOLLOWING,1.500869611252929,0.4499996642002647,0
15.648,5.226381806247783,0.00024976174226703975,-0.0001599240055731965,6.7272,0.0,0.4515144077228926,3.9206748047446486e-05,0.45160752119414566,3.842217315198839e-05,1.5008182145345232,-6.493046806026144e-06,0.0008182145345232428,0,0,FOLLOWING,1.500818176925518,0.4499997061746019,0
15.68,5.240830196204385,0.000247468018562724,-0.00015868798987574736,6.7416,0.0,0.4514246704523341,3.933659165471997e-05,0.4515122264879204,3.862549045355243e-05,1.5007698241986174,-6.20606362530289e-06,0.0007698241986173748,0,0,FOLLOWING,1.500769791290625,0.4499997429022728,0
15.712,5.255275718074852,0.0002451926223525418,-0.00015744737812655186,6.756,0.0,0.45134026646179864,3.9416147798910904e-05,0.4514225966435603,3.8769117089429184e-05,1.5007243019552836,-5.93547848737932e-06,0.0007243019552836127,0,0,FOLLOWING,1.5007242731606993,0.44999977503908545,0
15.744,5.26971854231656,0.0002429355798012849,-0.0001562038164048106,6.7704,0.0,0.4512608776580469,3.9452573974961704e-05,0.45133829371492984,3.88613037469293e-05,1.5006814773470727,-5.679690874710601e-06,0.0006814773470726898,0,0,FOLLOWING,1.500681452151739,0.44999980315887733,0
15.776,5.2841588292199,0.00024069689642868786,-0.0001549587190107658,6.7848,0.0,0.45118620498104806,3.9452117654745526e-05,0.4512589999767987,3.890929351904005e-05,1.5006411900835133,-5.43731639817587e-06,0.0006411900835132656,0,0,FOLLOWING,1.5006411680375396,0.44999982776375935,0
15.808,5.298596729516704,0.00023847656021058858,-0.00015371329762544158,6.7992,0.0,0.45111596726653447,3.942020771417908e-05,0.45118441671759163,3.891941825679654e-05,1.5006032894326982,-5.207159829080139e-06,0.0006032894326981619,0,0,FOLLOWING,1.500603270142425,0.4499998492930828,0
15.84,5.313032384952296,0.0002362745442748691,-0.00015246858757110804,6.8136,0.0,0.4510499001753355,3.936153984105159e-05,0.4511142631026525,3.8897189171655395e-05,1.5005676336492189,-4.988190752562956e-06,0.0005676336492188572,0,0,FOLLOWING,1.5005676167701927,0.44999986813128184,0
15.872,5.327465928823302,0.00023409080923325875,-0.00015122547135865334,6.828,0.0,0.45098775518583895,3.928015591666186e-05,0.45104827510437073,3.884738161964056e-05,1.5005340894363661,-4.779521684004944e-06,0.0005340894363661253,0,0,FOLLOWING,1.5005340746671891,0.4499998846147388,0
15.904,5.34189748648326,0.00023192530518918183,-0.0001499846997158253,6.8424000000000005,0.0,0.450929298646067,3.917951742297514e-05,0.45098620449544996,3.877411382417095e-05,1.5005025314405178,-4.580388481654438e-06,0.0005025314405178172,0,0,FOLLOWING,1.5005025185174643,0.4499998990377897,0
15.936,5.3563271758179,0.00022977797345608965,-0.00014874691027422777,6.8568,0.0,0.4508743108820309,3.9062573006552905e-05,0.4509278179017357,3.868092003998029e-05,1.5004728417758595,-4.390132900925755e-06,0.0004728417758594894,0,0,FOLLOWING,1.500472830468169,0.44999991165798,0
15.968,5.370755107691935,0.00022764874802079442,-0.00014751264410735706,6.8712,0.0,0.45082258535915826,3.8931820365048805e-05,0.4508728959113695,3.8570817708131294e-05,1.5004449095775934,-4.208187121471406e-06,0.00044490957759335537,0,0,FOLLOWING,1.5004448996833482,0.4499999227006641,0
16.0,5.385181386369034,0.0002255375567816663,-0.00014628236029412916,6.8856,0.0,0.4507739278937612,3.8789362676538985e-05,0.45082123223696824,3.844636915942285e-05,1.5004186305819656,-4.034060092843227e-06,0.00041863058196556224,0,0,FOLLOWING,1.500418621924489,0.44999993236302666,0
16.032,5.399606109906581,0.00022344432258910907,-0.00014505644868129642,6.9,0.0,0.45072815591165194,3.8636959809718656e-05,0.45077263292785885,3.8309737899109175e-05,1.5003939067315053,-3.867325543967633e-06,0.0003939067315053002,0,0,FOLLOWING,1.5003938991562031,0.44999994081760464,0
16.064,5.414029370526754,0.00022136896411434386,-0.0001438352410067787,6.9144000000000005,0.0,0.45068509775116644,3.847607458477379e-05,0.45072691562941364,3.816273982831925e-05,1.5003706458039505,-3.7076115120975885e-06,0.00037064580395052005,0,0,FOLLOWING,1.5003706391755531,0.44999994821536965,0
16.096,5.428451254965298,0.00021931139656862936,-0.00014261902054473746,6.9288,0.0,0.45064459200799745,3.8307914366973885e-05,0.4506839088867675,3.8006889439594494e-05,1.5003487610634716,-3.5545912454787237e-06,0.0003487610634715921,0,0,FOLLOWING,1.5003487552636188,0.4499999546884202,0
16.128,5.44287184479937,0.00021727153229392245,-0.00014140803041677377,6.9432,0.0,0.4506064869193767,3.813346828529518e-05,0.4506434514903427,3.784344150053212e-05,1.5003281709328276,-3.4079753496571625e-06,0.00032817093282755394,0,0,FOLLOWING,1.500328165857951,0.4499999603523451,0
16.16,5.457291216755701,0.00021524928124326038,-0.00014020248070574487,6.9576,0.0,0.45057063978528156,3.795354037213391e-05,0.4506053918606984,3.767342847193174e-05,1.5003087986852048,-3.2675050534065344e-06,0.00030879868520483633,0,0,FOLLOWING,1.5003087942446833,0.4499999653082842,0
16.192,5.471709443000247,0.00021324455136734798,-0.00013900255451064668,6.972,0.0,0.45053691642446725,3.776877892372157e-05,0.4505695874703235,3.7497693599517004e-05,1.500290572154564,-3.132946467087331e-06,0.0002905721545640727,0,0,FOLLOWING,1.5002905682691041,0.4499999696447348,0
16.224,5.4861265914104544,0.00021125724892211034,-0.00013780841305116533,6.986400000000001,0.0,0.45050519066325245,3.757970237177549e-05,0.4505359043003198,3.731692061175965e-05,1.5002734234633768,-3.004085734931958e-06,0.00027342346337677625,0,0,FOLLOWING,1.5002734200635968,0.44999997343913223,0
16.256,5.500542725831199,0.0002092872787098578,-0.0001366201999414202,7.0008,0.0,0.4504753438550981,3.738672195593059e-05,0.45050421632972465,3.7131659682652465e-05,1.5002572887666854,-2.880724970407734e-06,0.000257288766685404,0,0,FOLLOWING,1.5002572857918766,0.44999997675923126,0
16.288,5.514957906315349,0.0002073345442658231,-0.00013543804473040822,7.0152,0.0,0.45044726442913674,3.719016147228792e-05,0.4504744050556617,3.694235034730109e-05,1.5002421080115431,-2.7626788852119744e-06,0.00024210801154311845,0,0,FOLLOWING,1.5002421054085835,0.4499999796643199,0
16.32,5.529372189349912,0.00020539894799964314,-0.0001342620658027475,7.0296,0.0,0.45042084746591476,3.69902743694676e-05,0.4504463590423607,3.6749341492562164e-05,1.5002278247108618,-2.6497720249004644e-06,0.00022782471086180145,0,0,FOLLOWING,1.5002278224332712,0.4499999822062741,0
16.352,5.543785628068616,0.00020348039130073207,-0.0001330923727291761,7.0440000000000005,0.0,0.45039599429870614,3.6787258440856225e-05,0.4504199734974074,3.655290855221126e-05,1.5002143857308352,-2.5418365278550984e-06,0.0002143857308352093,0,0,FOLLOWING,1.5002143837379422,0.44999998443048517,0
16.384,5.558198272451754,0.0002015787746146886,-0.00013192906813495135,7.058400000000001,0.0,0.45037261213886,3.658126836114661e-05,0.45039514987354384,3.635326857252599e-05,1.5002017410910933,-2.4387103443982985e-06,0.0002017410910932771,0,0,FOLLOWING,1.5002017393473113,0.4499999863766707,0
16.416,5.5726101695140375,0.0001996939974974458,-0.00013077224916245545,7.0728,0.0,0.4503506137237321,3.637242628447742e-05,0.4503717954944186,3.615059289337119e-05,1.5001898437768446,-2.3402358443941524e-06,0.0001898437768446115,0,0,FOLLOWING,1.500189842251035,0.4499999880795828,0
16.448,5.587021363481226,0.00019782595865246952,-0.00012962200858781812,7.0872,0.0,0.45032991698583275,3.616083072858582e-05,0.4503498232029793,3.5945017960144916e-05,1.5001786495622578,-2.2462587572306405e-06,0.00017864956225777107,0,0,FOLLOWING,1.5001786482271737,0.44999998956963183,0
16.48,5.601431895956149,0.00019597455595549113,-0.00012847843564615499,7.1016,0.0,0.45031044474191123,3.5946563929319573e-05,0.4503291510309867,3.573665442953997e-05,1.5001681168444256,-2.1566273927270017e-06,0.00016811684442563646,0,0,FOLLOWING,1.5001681156762268,0.4499999908734257,0
16.512,5.6158418060748225,0.00019413968647057287,-0.0001273416166148236,7.1160000000000005,0.0,0.4502921244007655,3.5729697859328745e-05,0.4503097018884979,3.552559473150547e-05,1.5001582064872592,-2.0711920962420175e-06,0.00015820648725917152,0,0,FOLLOWING,1.500158205465084,0.44999999201424573,0
16.544,5.630251130653198,0.00019232124646106503,-0.00012621163519758451,7.130400000000001,0.0,0.45027488768865354,3.551029906942758e-05,0.4502914032719993,3.531191929094847e-05,1.5001488816747333,-1.989804897602112e-06,0.00014888167473325886,0,0,FOLLOWING,1.5001488807803296,0.4499999930124639,0
16.576,5.6446599043251595,0.00019051913139730254,-0.00012508857274855554,7.1448,0.0,0.4502586703912272,3.528843251091966e-05,0.45027418699018956,3.5095701534211e-05,1.5001401077728904,-1.9123193163208803e-06,0.00014010777289041876,0,0,FOLLOWING,1.500140106990287,0.4499999938859048,0
16.608,5.659068159672257,0.00018873323596389703,-0.00012397250836770646,7.1592,0.0,0.45024341211099883,3.506416448079758e-05,0.4502579889061952,3.4877011903414416e-05,1.5001318522001108,-1.8385902933815764e-06,0.00013185220011080467,0,0,FOLLOWING,1.5001318515153326,0.4499999946501663,0
16.64,5.6734759273457,0.00018696345406748118,-0.00012286351889778506,7.1736,0.0,0.4502290560393922,3.483756480883295e-05,0.45024274869535363,3.465592093675484e-05,1.5001240843051147,-1.7684742203759134e-06,0.00012408430511468005,0,0,FOLLOWING,1.5001240837059338,0.4499999953188953,0
16.672,5.687883236181049,0.0001852096788465891,-0.00012176167884460157,7.188000000000001,0.0,0.45021554874250036,3.4608708407546374e-05,0.4502284096175219,3.443250166352849e-05,1.5001167752522697,-1.7018290452928817e-06,0.00011677525226971852,0,0,FOLLOWING,1.500116774727986,0.44999999590403345,0
16.704,5.702290113306086,0.00018347180268438762,-0.00012066706024593121,7.202400000000001,0.0,0.4502028399597144,3.437767628532306e-05,0.450214918303131,3.4206831209830936e-05,1.500109897913727,-1.6385144302745968e-06,0.00010989791372706392,0,0,FOLLOWING,1.5001098974549785,0.44999999641602945,0
16.736,5.716696584242221,0.00018174971722499574,-0.00011957973250089046,7.2168,0.0,0.4501908824144485,3.414455610991259e-05,0.4502022245520364,3.397899203374698e-05,1.500103426768007,-1.578391950059869e-06,0.00010342676800689787,0,0,FOLLOWING,1.5001034263666027,0.44999999686402525,0
16.768,5.7311026729998655,0.0001800433133932864,-0.00011849976217929333,7.2312,0.0,0.45017963163622654,3.390944240955207e-05,0.4501902811444759,3.3749072550980724e-05,1.5000973378046318,-1.5213253116242245e-06,9.733780463183628e-05,0,0,FOLLOWING,1.5000973374534026,0.4499999972560221,0
16.8,5.745508402168123,0.00017835248141912172,-0.00011742721282122908,7.2456000000000005,0.0,0.450169045793443,3.367243647585857e-05,0.4501790436633963,3.3517167440430476e-05,1.5000916084344327,-1.467180585486714e-06,9.16084344326773e-05,0,0,FOLLOWING,1.500091608127107,0.4499999975990192,0
16.832,5.759913792999119,0.0001766771108653513,-0.00011636214473497786,7.260000000000001,0.0,0.45015908553615314,3.343364603441362e-05,0.4501684703273851,3.328337769613149e-05,1.5000862174052176,-1.4158264401901126e-06,8.621740521763677e-05,0,0,FOLLOWING,1.5000862171363074,0.4499999978991423,0
16.864,5.774318865487323,0.0001750170906600149,-0.00011530461480568994,7.274400000000001,0.0,0.45014971384828445,3.31931847394884e-05,0.4501585218336947,3.3047810290890406e-05,1.5000811447224531,-1.3671343678928454e-06,8.114472245313031e-05,0,0,FOLLOWING,1.500081144487156,0.4499999981617503,0
16.896,5.788723638444134,0.00017337230913184228,-0.00011425467631418359,7.2888,0.0,0.4501408959087034,3.295117153080519e-05,0.4501491612105973,3.28105778600843e-05,1.5000763715746752,-1.3209789011738596e-06,7.637157467521583e-05,0,0,FOLLOWING,1.500076371368791,0.44999999839153176,0
16.928,5.803128129568038,0.0001717426540495795,-0.00011321237877702641,7.3032,0.0,0.45013259896059915,3.2707729903652056e-05,0.45014035367866484,3.257179803654719e-05,1.5000718802633375,-1.2772378102979785e-06,7.18802633374871e-05,0,0,FOLLOWING,1.5000718800831891,0.4499999985925904,0
16.96,5.817532355510579,0.0001701280126642186,-0.00011217776780726162,7.3176000000000005,0.0,0.45012479218868373,3.2462987113272376e-05,0.4501320665202689,3.233159280541409e-05,1.5000676541368334,-1.2357922810193256e-06,6.765413683340604e-05,0,0,FOLLOWING,1.500067653979204,0.4499999987685163,0
16.992,5.831936331938416,0.00016852827175403056,-0.00011115088499652821,7.332000000000001,0.0,0.45011744660373665,3.2217073355766956e-05,0.45012426895695923,3.20900878355674e-05,1.5000636775284422,-1.1965270721576407e-06,6.367752844216312e-05,0,0,FOLLOWING,1.500063677390516,0.4499999989224515,0
17.024,5.846340073591681,0.00016694331767181284,-0.00011013176782534305,7.346400000000001,0.0,0.45011053493405373,3.197012093458795e-05,0.45011693203414926,3.1847411599573464e-05,1.5000599356979727,-1.1593306458345174e-06,5.9935697972690605e-05,0,0,FOLLOWING,1.500059935577287,0.44999999905714516,0
17.056,5.8607435943388735,0.00016537303639424007,-0.0001091204495976219,7.3608,0.0,0.45010403152337847,3.172226344420418e-05,0.4501100285126849,3.160369461621856e-05,1.5000564147768642,-1.124095274263032e-06,5.641477686424423e-05,0,0,FOLLOWING,1.5000564146712652,0.44999999917500155,0
17.088,5.8751469072284905,0.00016381731357248912,-0.00010811695940001712,7.3752,0.0,0.45009791223493284,3.1473634976661754e-05,0.45010353276691895,3.135906867498045e-05,1.5000531017165641,-1.0907171220006756e-06,5.31017165641412e-05,0,0,FOLLOWING,1.5000531016241643,0.449999999278126,0
17.12,5.889550024537594,0.0001622760345840513,-0.00010712132208391539,7.389600000000001,0.0,0.45009215436117345,3.1224369369395636e-05,0.4500974206888487,3.111366612791439e-05,1.5000499842399513,-1.05909630580459e-06,4.998423995128398e-05,0,0,FOLLOWING,1.5000499841591013,0.44999999936836005,0
17.152,5.903952957817483,0.0001607490845854597,-0.00010613355827471082,7.404000000000001,0.0,0.4500867365389351,3.0974599499423836e-05,0.45009166959797553,3.086761903728574e-05,1.50004705079567,-1.0291369273250758e-06,4.7050795670022794e-05,0,0,FOLLOWING,1.5000470507249266,0.44999999944731495,0
17.184,5.918355717936668,0.0001592363485650157,-0.0001051536844003619,7.418400000000001,0.0,0.45008163866963224,3.072445663260876e-05,0.45008625815656744,3.0621058572962124e-05,1.5000442905151548,-1.0007470860549906e-06,4.429051515475457e-05,0,0,FOLLOWING,1.500044290453254,0.44999999951640063,0
17.216,5.932758315121284,0.0001577377113958009,-0.0001041817127397534,7.4328,0.0,0.45007684184421876,3.0474069830551308e-05,0.4500811662899506,3.037411439349041e-05,1.500041693172214,-9.738388722337678e-07,4.169317221403013e-05,0,0,FOLLOWING,1.5000416931180511,0.44999999957685016,0
17.248,5.947160758993111,0.00015625305788814732,-0.00010321765149323979,7.4472000000000005,0.0,0.4500723282726197,3.0223565419262854e-05,0.45007637511155424,3.012691395294827e-05,1.5000392491450156,-9.483283368076985e-07,3.9249145015629594e-05,0,0,FOLLOWING,1.5000392490976224,0.44999999962974396,0
17.28,5.961563058605333,0.00015478227284171576,-0.00010226150486487076,7.461600000000001,0.0,0.45006808121736586,2.997306652000968e-05,0.45007186685244654,2.987958213585429e-05,1.5000369493803216,-9.241354490734593e-07,3.694938032161588e-05,0,0,FOLLOWING,1.5000369493388526,0.4499999996760264,0
17.312,5.975965222476187,0.00015332524109666214,-0.00010131327316142724,7.476000000000001,0.0,0.4500640849311769,2.9722692639961368e-05,0.4500676247950339,2.9632240731863683e-05,1.500034785359842,-9.011840365544798e-07,3.4785359841915664e-05,0,0,FOLLOWING,1.5000347853235563,0.4499999997165238,0
17.344,5.990367258620606,0.00015188184758344335,-0.00010037295290885354,7.490400000000001,0.0,0.4500603245982632,2.9472559326788114e-05,0.4500636332107317,2.93850078921172e-05,1.5000327490685925,-8.794017062486851e-07,3.274906859251914e-05,0,0,FOLLOWING,1.500032749036842,0.44999999975195937,0
17.376,6.004769174579991,0.0001504519773717957,-9.94405369721908e-05,7.5048,0.0,0.4500567862791158,2.922277787950931e-05,0.4500598773013103,2.9137998019837453e-05,1.5000308329651202,-8.587197615209167e-07,3.083296512018663e-05,0,0,FOLLOWING,1.5000308329373389,0.4499999997829651,0
17.408,6.0191709774502185,0.00014903551571774244,-9.851601468923253e-05,7.5192000000000005,0.0,0.45005345685858333,2.8973455113817047e-05,0.45005634314380194,2.8891321341515607e-05,1.5000290299535006,-8.39073103676009e-07,2.9029953500625538e-05,0,0,FOLLOWING,1.500029029929192,0.4499999998100955,0
17.44,6.033572673907986,0.00014763234810940293,-9.759937201227289e-05,7.533600000000001,0.0,0.4500503239970321,2.872469318345357e-05,0.4500530176385853,2.864508365400328e-05,1.5000273333569858,-8.204001243774877e-07,2.7333356985792534e-05,0,0,FOLLOWING,1.500027333335716,0.4499999998338341,0
17.472,6.047974270235601,0.00014624236031067392,-9.669059165260001e-05,7.548000000000001,0.0,0.4500473760844113,2.8476589446984552e-05,0.4500498884606434,2.8399386238741e-05,1.5000257368932202,-8.026425936566542e-07,2.5736893220162926e-05,0,0,FOLLOWING,1.5000257368746084,0.44999999985460565,0
17.504,6.062375772344298,0.00014486543840339108,-9.578965323038266e-05,7.562400000000001,0.0,0.4500446021970453,2.822923638174441e-05,0.45004694401366907,2.815432569321067e-05,1.5000242346509216,-7.857455412859472e-07,2.423465092160626e-05,0,0,FOLLOWING,1.500024234634636,0.4499999998727814,0
17.536,6.076777185796176,0.00014350146882742123,-9.489653343071097e-05,7.5768,0.0,0.450041992056993,2.798272153725634e-05,0.45004417338692126,2.790999373861381e-05,1.5000228210679443,-7.696571304053804e-07,2.2821067944267526e-05,0,0,FOLLOWING,1.5000228210536952,0.4499999998886846,0
17.568,6.0911785158248355,0.0001421503384187827,-9.401120615521653e-05,7.591200000000001,0.0,0.4500395359938192,2.7737127527732104e-05,0.4500415663146032,2.7666477358034746e-05,1.5000214909106415,-7.543285340557814e-07,2.1490910641519534e-05,0,0,FOLLOWING,1.5000214908981733,0.44999999990259987,0
17.6,6.105579767354795,0.00014081193444581374,-9.313364268008952e-05,7.605600000000001,0.0,0.45003722490863673,2.7492532057335795e-05,0.45003911313772305,2.7423858596514563e-05,1.50002023925445,-7.397138038281188e-07,2.023925444993857e-05,0,0,FOLLOWING,1.5000202392435404,0.4499999999147755,0
17.632,6.1199809450197655,0.00013948614464321434,-9.226381180963866e-05,7.620000000000001,0.0,0.4500350502402791,2.7249007974461392e-05,0.45003680476814667,2.7182214700350697e-05,1.5000190614656146,-7.257697413795539e-07,1.9061465614589324e-05,0,0,FOLLOWING,1.5000190614560684,0.4499999999254295,0
17.664,6.134382053179825,0.0001381728572442486,-9.14016800279704e-05,7.634400000000001,0.0,0.4500330039334833,2.7006623349695112e-05,0.4500346326548129,2.6941618175861752e-05,1.5000179531840123,-7.124557704417487e-07,1.7953184012320378e-05,0,0,FOLLOWING,1.50001795317566,0.44999999993475187,0
17.696,6.1487830959375955,0.0001368719610108437,-9.054721165315869e-05,7.6488000000000005,0.0,0.4500310784089571,2.676544158279152e-05,0.4500325887519799,2.6702136711565818e-05,1.5000169103069791,-6.997338047865621e-07,1.6910306979145417e-05,0,0,FOLLOWING,1.5000169102996712,0.44999999994290785,0
17.728,6.1631840771534545,0.00013558334526163015,-8.9700368982354e-05,7.663200000000001,0.0,0.4500292665352224,2.6525521520702635e-05,0.4500306654892954,2.646383346131977e-05,1.5000159289740957,-6.875681237395153e-07,1.5928974095746895e-05,0,0,FOLLOWING,1.5000159289677018,0.44999999995004447,0
17.76,6.177585000459846,0.00013430689989814068,-8.886111243553891e-05,7.677600000000001,0.0,0.4500275616021267,2.628691759455472e-05,0.45002885574370033,2.6226767086621324e-05,1.5000150055528758,-6.759252476885001e-07,1.5005552875813066e-05,0,0,FOLLOWING,1.5000150055472812,0.44999999995628875,0
17.792,6.191985869274748,0.00013304251542912897,-8.802940069469385e-05,7.692000000000001,0.0,0.4500259572959254,2.6049679971428143e-05,0.4500271528129592,2.599099190003632e-05,1.5000141366253013,-6.647738168066988e-07,1.4136625301253147e-05,0,0,FOLLOWING,1.5000141366204054,0.44999999996175244,0
17.824,6.2063866868143425,0.00013179008299294933,-8.720519084002721e-05,7.706400000000001,0.0,0.45002444767583993,2.581385471146626e-05,0.4500255503907737,2.5756557956939452e-05,1.5000133189751494,-6.54084471304989e-07,1.3318975149445578e-05,0,0,FOLLOWING,1.5000133189708658,0.44999999996653334,0
17.856,6.220787456104935,0.00013054949437827978,-8.638843848055072e-05,7.7208000000000006,0.0,0.45002302715200415,2.5579483938010918e-05,0.4500240425433748,2.5523511232231485e-05,1.500012549576075,-6.438297361287363e-07,1.2549576074993851e-05,0,0,FOLLOWING,1.5000125495723269,0.4499999999707161,0
17.888,6.235188179994169,0.00012932064204295677,-8.557909787737447e-05,7.735200000000001,0.0,0.4500216904647186,2.534660601010646e-05,0.4500226236874723,2.5291893847833158e-05,1.5000118255803976,-6.339839115767981e-07,1.182558039758419e-05,0,0,FOLLOWING,1.5000118255771182,0.44999999997437634,0
17.92,6.249588861161583,0.0001281034191312708,-8.477712206222914e-05,7.749600000000001,0.0,0.45002043266493047,2.5115255697372163e-05,0.45002128856957707,2.5061744221852116e-05,1.500011144308539,-6.245229675761584e-07,1.1144308539101644e-05,0,0,FOLLOWING,1.5000111443056703,0.4499999999775786,0
17.952,6.263989502128533,0.00012689771948960882,-8.398246295568888e-05,7.764000000000001,0.0,0.4500192490958725,2.488546436000642e-05,0.4500200322464605,2.483309707793336e-05,1.5000105032391076,-6.154244370665815e-07,1.0503239107562123e-05,0,0,FOLLOWING,1.5000105032365967,0.44999999998038054,0
17.984,6.278390105267542,0.00012570343768074734,-8.319507146952654e-05,7.778400000000001,0.0,0.45001813537578556,2.4657260126225032e-05,0.45001885006684234,2.4605983941112712e-05,1.5000098999995426,-6.066673242747108e-07,9.89999954259524e-06,0,0,FOLLOWING,1.5000098999973452,0.44999999998283274,0
18.016000000000002,6.29279067281108,0.00012452046899638332,-8.241489761255065e-05,7.792800000000001,0.0,0.450017087381668,2.4430668069304794e-05,0.4500177376541188,2.438043302902662e-05,1.5000093323573378,-5.982320082556622e-07,9.332357337799024e-06,0,0,FOLLOWING,1.5000093323554158,0.44999999998497825,0
18.048000000000002,6.3071912068598435,0.00012334870946862752,-8.164189058758858e-05,7.807200000000001,0.0,0.4500161012339816,2.4205710381863813e-05,0.4500166908901447,2.4156469528589024e-05,1.5000087982117623,-5.901001545283537e-07,8.79821176225093e-06,0,0,FOLLOWING,1.500008798210081,0.4499999999868552,0
18.080000000000002,6.321591709390532,0.00012218805588007427,-8.087599888369506e-05,7.821600000000001,0.0,0.4500151732822665,2.3982406545997037e-05,0.4500157058999517,2.3934115745189862e-05,1.500008295586082,-5.822546304708583e-07,8.295586082063267e-06,0,0,FOLLOWING,1.5000082955846104,0.4499999999884976,0
18.112000000000002,6.33599218226317,0.00012103840577251967,-8.011717035919026e-05,7.836000000000001,0.0,0.4500143000916056,2.3760773502424905e-05,0.4500147790373686,2.3713391389289103e-05,1.5000078226202376,-5.746794289249846e-07,7.822620237574185e-06,0,0,FOLLOWING,1.5000078226189497,0.44999999998993534,0
18.144000000000002,6.350392627227997,0.00011989965745483856,-7.936535232667479e-05,7.850400000000001,0.0,0.4500134784298897,2.354082580898383e-05,0.4500139068715224,2.3494313514618078e-05,1.5000073775639569,-5.673595892065928e-07,7.377563956856292e-06,0,0,FOLLOWING,1.5000073775628298,0.44999999999119333,0
18.176000000000002,6.364793045931949,0.00011877171000958432,-7.862049162646575e-05,7.864800000000001,0.0,0.4500127052558361,2.332257580030096e-05,0.4500130861741108,2.3276896880039968e-05,1.50000695877027,-5.602811287911395e-07,6.9587702700157905e-06,0,0,FOLLOWING,1.5000069587692841,0.4499999999922931,0
18.208000000000002,6.379193439924759,0.00011765446329850024,-7.788253469750616e-05,7.879200000000001,0.0,0.4500119777077153,2.3106033734047553e-05,0.4500123139074296,2.306115402849387e-05,1.500006564689413,-5.534309767510245e-07,6.564689412957847e-06,0,0,FOLLOWING,1.5000065646885496,0.44999999999325624,0
18.240000000000002,6.393593810664693,0.00011654781796722754,-7.715142764466545e-05,7.893600000000001,0.0,0.4500112930927452,2.2891207938179213e-05,0.4500115872131018,2.2847095399778463e-05,1.5000061938630875,-5.467969102207466e-07,6.193863087533558e-06,0,0,FOLLOWING,1.5000061938623326,0.4499999999940993,0
18.272000000000002,6.407994159523954,0.00011545167544921482,-7.642711629877643e-05,7.908000000000001,0.0,0.45001064887711123,2.2678104945939026e-05,0.45001090340152067,2.2634729557539385e-05,1.5000058449190603,-5.403674975508553e-07,5.844919060304932e-06,0,0,FOLLOWING,1.5000058449183993,0.44999999999483686,0
18.304000000000002,6.422394487793758,0.00011436593796864317,-7.570954627666277e-05,7.922400000000001,0.0,0.4500100426765775,2.246672962849219e-05,0.4500102599418479,2.242406318956076e-05,1.5000055165660833,-5.341320407750342e-07,5.5165660832745544e-06,0,0,FOLLOWING,1.500005516565505,0.4499999999954822,0
18.336000000000002,6.436794796689118,0.0001132905085425679,-7.499866302996705e-05,7.936800000000001,0.0,0.45000947224765236,2.2257085316113034e-05,0.45000965445265295,2.2215101457751607e-05,1.5000052075891142,-5.280805287178009e-07,5.207589114153421e-06,0,0,FOLLOWING,1.5000052075886088,0.4499999999960463,0
18.368000000000002,6.451195087353343,0.00011222529098255118,-7.429441189792339e-05,7.951200000000001,0.0,0.45000893547927645,2.2049173917200925e-05,0.4500090846930781,2.2007847874878947e-05,1.5000049168448166,-5.222035857835864e-07,4.9168448166270196e-06,0,0,FOLLOWING,1.5000049168443743,0.44999999999654033,0
18.400000000000002,6.465595360862266,0.00011117018989548555,-7.359673815258431e-05,7.965600000000001,0.0,0.45000843038500243,2.1842996029401245e-05,0.45000854855454053,2.1802304540365086e-05,1.5000046432573262,-5.164924277201887e-07,4.643257326186756e-06,0,0,FOLLOWING,1.500004643256939,0.4499999999969726,0
18.432000000000002,6.479995618228232,0.00011012511068389095,-7.290558703832773e-05,7.980000000000001,0.0,0.4500079550956359,2.1638551041647247e-05,0.4500080440529357,2.1598472319040723e-05,1.5000043858142709,-5.109388227208785e-07,4.385814270868593e-06,0,0,FOLLOWING,1.5000043858139325,0.44999999999735074,0
18.464,6.494395860403844,0.00010908995954555987,-7.22209038138289e-05,7.9944000000000015,0.0,0.4500075078523112,2.143583723343865e-05,0.45000756932125935,2.1396350764116523e-05,1.5000041435630194,-5.055350495994436e-07,4.143563019365359e-06,0,0,FOLLOWING,1.5000041435627218,0.4499999999976824,0
18.496,6.508796088285489,0.00010806464347285638,-7.15426337844284e-05,8.0088,0.0,0.4500070869999783,2.1234851864251587e-05,0.45000712260271086,2.119593841729839e-05,1.500003915607157,-5.002738653120999e-07,3.915607156956824e-06,0,0,FOLLOWING,1.5000039156068976,0.44999999999797247,0
18.528,6.523196302716655,0.00010704907025139674,-7.087072233637891e-05,8.0232,0.0,0.45000669098127133,2.1035591261172236e-05,0.45000670224418976,2.0997232750086408e-05,1.5000037011031695,-4.951484701640885e-07,3.7011031694955676e-06,0,0,FOLLOWING,1.500003701102944,0.44999999999822504,0
18.56,6.537596504491056,0.0001060431484582998,-7.020511496807285e-05,8.0376,0.0,0.45000631833074195,2.0838050896859135e-05,0.45000630669015124,2.080023025810967e-05,1.500003499257318,-4.901524757262355e-07,3.499257317907123e-06,0,0,FOLLOWING,1.5000034992571207,0.4499999999984457,0
18.592,6.551996694355564,0.0001050467874602481,-6.954575731398032e-05,8.052,0.0,0.4500059676694332,2.0642225463163303e-05,0.45000593447687276,2.0604926688944518e-05,1.5000033093227032,-4.852798798937356e-07,3.309322703204387e-06,0,0,FOLLOWING,1.500003309322531,0.4499999999986386,0
18.624,6.566396873012982,0.00010405989741093722,-6.889259517347339e-05,8.0664,0.0,0.4500056376997725,2.044810894159039e-05,0.4500055842270164,2.0411316889401802e-05,1.5000031305964976,-4.805250366312865e-07,3.130596497591398e-06,0,0,FOLLOWING,1.5000031305963466,0.4499999999988079,0
18.656,6.5807970411246375,0.00010308238924827604,-6.824557453235883e-05,8.0808,0.0,0.45000532720076664,2.0255694667052165e-05,0.45000525464452806,2.0219395033397968e-05,1.5000029624173483,-4.7588263282512917e-07,2.962417348317814e-06,0,0,FOLLOWING,1.500002962417215,0.4499999999989564,0
18.688,6.595197199312836,0.00010211417469151431,-6.76046415813237e-05,8.095199999999998,0.0,0.45000503502348166,2.0064975384117803e-05,0.45000494450986117,2.0029154718422953e-05,1.500002804162924,-4.713476681571108e-07,2.804162924086029e-06,0,0,FOLLOWING,1.5000028041628086,0.44999999999908546,0
18.72,6.609597348163159,0.0001011551662375916,-6.696974273854718e-05,8.1096,0.0,0.4500047600867896,1.9875943304844178e-05,0.4500046526754242,1.9840588835350528e-05,1.5000026552476249,-4.669154302766588e-07,2.655247624883117e-06,0,0,FOLLOWING,1.5000026552475219,0.44999999999920065,0
18.752,6.6239974882266335,0.00010020527715781839,-6.634082466362548e-05,8.123999999999999,0.0,0.45000450137336406,1.9688590156934855e-05,0.45000437806134663,1.9653689839896652e-05,1.5000025151203924,-4.6258147886803636e-07,2.515120392398984e-06,0,0,FOLLOWING,1.5000025151203036,0.44999999999930057,0
18.784,6.638397620021774,9.926442149392554e-05,-6.571783427645519e-05,8.1384,0.0,0.4500042579259156,1.9502907232293865e-05,0.4500041196515095,1.9468449597672816e-05,1.5000023832626967,-4.583416243216876e-07,2.3832626967479342e-06,0,0,FOLLOWING,1.5000023832626168,0.4499999999993894,0
18.816,6.652797744036494,9.833251405412363e-05,-6.510071876828397e-05,8.1528,0.0,0.4500040288436475,1.931888542728978e-05,0.45000387648974016,1.9284859628960846e-05,1.5000022591865945,-4.5419191423470005e-07,2.2591865944665557e-06,0,0,FOLLOWING,1.500002259186527,0.4499999999994657,0
18.848,6.667197860729921,9.740947040884574e-05,-6.448942561629037e-05,8.1672,0.0,0.45000381327892025,1.9136515283217175e-05,0.4500036476763029,1.9102910998420043e-05,1.5000021424329422,-4.5012861615662214e-07,2.1424329421648736e-06,0,0,FOLLOWING,1.5000021424328818,0.44999999999953233,0
18.88,6.681597970534087,9.649520688644769e-05,-6.388390259445847e-05,8.1816,0.0,0.45000361043411674,1.8955787023600124e-05,0.4500034323645495,1.8922594430875517e-05,1.5000020325696835,-4.4614820400282375e-07,2.0325696834522233e-06,0,0,FOLLOWING,1.5000020325696302,0.449999999999592,0
18.912,6.695998073855533,9.558964056873401e-05,-6.328409778255272e-05,8.196,0.0,0.4500034195586866,1.8776690585377133e-05,0.4500032297578025,1.874390037069342e-05,1.5000019291902562,-4.422473462398918e-07,1.9291902562112995e-06,0,0,FOLLOWING,1.50000192919021,0.44999999999964335,0
18.944,6.710398171076811,9.469268928622052e-05,-6.268995957824417e-05,8.2104,0.0,0.45000323994637004,1.8599215650283444e-05,0.45000303910638656,1.8566818883291113e-05,1.5000018319120871,-4.384228907347712e-07,1.8319120871357342e-06,0,0,FOLLOWING,1.5000018319120463,0.44999999999968915,0
18.976,6.724798262557899,9.380427161349595e-05,-6.210143670303977e-05,8.2248,0.0,0.45000307093258357,1.8423351673075358e-05,0.45000285970487663,1.8391339848795126e-05,1.5000017403751784,-4.3467185585751786e-07,1.740375178416187e-06,0,0,FOLLOWING,1.500001740375143,0.4499999999997294,0
19.008,6.739198348637534,9.292430686429342e-05,-6.151847821025055e-05,8.2392,0.0,0.4500029118919598,1.8249087905609764e-05,0.45000269088946765,1.8217452898331734e-05,1.5000016542407721,-4.309914193437506e-07,1.654240772142046e-06,0,0,FOLLOWING,1.5000016542407402,0.4499999999997641,0
19.04,6.753598429634467,9.205271508659224e-05,-6.094103349168717e-05,8.253599999999999,0.0,0.4500027622360331,1.8076413422305238e-05,0.4500025320355233,1.8045147453783556e-05,1.5000015731900962,-4.273789084416994e-07,1.5731900961934997e-06,0,0,FOLLOWING,1.5000015731900695,0.44999999999979323,0
19.072,6.76799850584864,9.118941705756056e-05,-6.036905228314453e-05,8.268,0.0,0.4500026214110631,1.7905317140471452e-05,0.45000238255526814,1.787441276564567e-05,1.5000014969231945,-4.2383179115652734e-07,1.4969231945105577e-06,0,0,FOLLOWING,1.5000014969231696,0.449999999999821,0
19.104,6.782398577562295,9.033433427849012e-05,-5.980248467012115e-05,8.282399999999999,0.0,0.4500024888959833,1.7735787838862256e-05,0.4500022418956136,1.7705237905678885e-05,1.5000014251577993,-4.2034766724875604e-07,1.4251577993285025e-06,0,0,FOLLOWING,1.5000014251577798,0.4499999999998432,0
19.136,6.796798645041022,8.948738896960292e-05,-5.924128109065886e-05,8.296800000000001,0.0,0.450002364200474,1.756781417820245e-05,0.4500021095361099,1.7537611856904902e-05,1.5000013576283073,-4.1692426201915767e-07,1.3576283073302164e-06,0,0,FOLLOWING,1.5000013576282896,0.449999999999864,0
19.168,6.811198708534739,8.864850406483213e-05,-5.8685392340848e-05,8.3112,0.0,0.45000224686314705,1.7401384714411784e-05,0.4500019849870046,1.737152343030799e-05,1.500001294084777,-4.135594174066014e-07,1.2940847768927455e-06,0,0,FOLLOWING,1.5000012940847627,0.44999999999988066,0
19.2,6.825598768278619,8.781760320668006e-05,-5.813476957803738e-05,8.3256,0.0,0.45000213644983933,1.7236487915579032e-05,0.45000186778744955,1.72069613365605e-05,1.5000012342920226,-4.1025108542540496e-07,1.2342920225894005e-06,0,0,FOLLOWING,1.5000012342920102,0.44999999999989454,0
19.232,6.839998824493955,8.699461074069534e-05,-5.758936432254166e-05,8.34,0.0,0.45000203255200605,1.7073112175975466e-05,0.45000175750379623,1.7043914232981016e-05,1.50000117802873,-4.06997322847641e-07,1.1780287298979175e-06,0,0,FOLLOWING,1.5000011780287192,0.44999999999990703,0
19.264,6.854398877388986,8.61794517103542e-05,-5.704912846081196e-05,8.3544,0.0,0.4500019347852083,1.6911245826910383e-05,0.4500016537279699,1.6882370677802467e-05,1.5000011250866447,-4.037962846857815e-07,1.1250866447376495e-06,0,0,FOLLOWING,1.500001125086634,0.44999999999991813,0
19.296,6.86879892715966,8.537205185156823e-05,-5.651401424742304e-05,8.3688,0.0,0.45000184278769206,1.6750877149560336e-05,0.4500015560759907,1.672231916716397e-05,1.5000010752698008,-4.0064621860579015e-07,1.0752698007543415e-06,0,0,FOLLOWING,1.50000107526979,0.44999999999992923,0
19.328,6.883198973990368,8.45723375873947e-05,-5.5983974306936205e-05,8.383199999999999,0.0,0.4500017562190476,1.659199438523255e-05,0.4500014641865363,1.6563748138984036e-05,1.5000010283937895,-3.9754545959540895e-07,1.028393789459514e-06,0,0,FOLLOWING,1.5000010283937824,0.44999999999993756,0
19.36,6.897599018054615,8.378023602250959e-05,-5.54589616352095e-05,8.3976,0.0,0.4500016747589514,1.643458574543091e-05,0.4500013777195775,1.6406645990240817e-05,1.5000009842850932,-3.9449242502223646e-07,9.842850932084701e-07,0,0,FOLLOWING,1.500000984285086,0.4499999999999459,0
19.392,6.911999059515674,8.299567493800731e-05,-5.493892959975341e-05,8.411999999999999,0.0,0.45000159810597923,1.6278639419553542e-05,0.4500012963551831,1.6251001106793985e-05,1.5000009427804177,-3.9148561086209963e-07,9.427804177342125e-07,0,0,FOLLOWING,1.5000009427804124,0.44999999999995144,0
19.424,6.92639909852718,8.22185827857002e-05,-5.4423831941388755e-05,8.426400000000001,0.0,0.45000152597649284,1.6124143584366697e-05,0.4500012197922688,1.6096801822697017e-05,1.500000903726118,-3.8852358628619504e-07,9.037261179400957e-07,0,0,FOLLOWING,1.5000009037261108,0.4499999999999584,0
19.456,6.9407991352337035,8.144888868286579e-05,-5.391362277313737e-05,8.4408,0.0,0.4500014581035899,1.5971086411110177e-05,0.45000114774753985,1.59440365066678e-05,1.5000008669776017,-3.8560499131302543e-07,8.669776017100617e-07,0,0,FOLLOWING,1.5000008669775964,0.44999999999996393,0
19.488,6.955199169771285,8.068652240685304e-05,-5.34082565827817e-05,8.4552,0.0,0.4500013942361161,1.5819456072602775e-05,0.4500010799544006,1.57926934474367e-05,1.500000832398818,-3.8272853069248983e-07,8.323988180958253e-07,0,0,FOLLOWING,1.5000008323988128,0.4499999999999695,0
19.52,6.969599202267939,7.993141438949942e-05,-5.290768823048716e-05,8.4696,0.0,0.4500013341377357,1.5669240748768708e-05,0.45000101616199345,1.564276100803665e-05,1.5000007998617368,-3.798929725999008e-07,7.998617368443206e-07,0,0,FOLLOWING,1.5000007998617315,0.44999999999997503,0
19.552,6.9839992328441225,7.918349571186914e-05,-5.241187295089895e-05,8.484,0.0,0.450001277586058,1.5520428633743046e-05,0.4500009561342548,1.5494227485973904e-05,1.500000769245885,-3.7709714306609273e-07,7.692458849906103e-07,0,0,FOLLOWING,1.5000007692458797,0.4499999999999806,0
19.584,6.99839926161319,7.844269809866388e-05,-5.192076635030745e-05,8.4984,0.0,0.45000122437181356,1.5373007940806046e-05,0.4500008996490637,1.5347081267337163e-05,1.500000740437895,-3.743399251187945e-07,7.404378949971147e-07,0,0,FOLLOWING,1.5000007404378914,0.44999999999998475,0
19.616,7.012799288681803,7.770895391300543e-05,-5.143432440856572e-05,8.5128,0.0,0.4500011742980802,1.5226966906922712e-05,0.4500008464973931,1.5201310678291433e-05,1.50000071333109,-3.71620253417204e-07,7.133310899742895e-07,0,0,FOLLOWING,1.5000007133310882,0.4499999999999875,0
19.648,7.027199314150331,7.698219615089451e-05,-5.095250347681941e-05,8.5272,0.0,0.4500011271795545,1.5082293799058752e-05,0.4500007964825511,1.5056904115944932e-05,1.500000687825088,-3.689371128565188e-07,6.878250879971404e-07,0,0,FOLLOWING,1.5000006878250862,0.4499999999999889,0
19.68,7.0415993381132225,7.626235843585078e-05,-5.047526027716855e-05,8.541599999999999,0.0,0.4500010828418662,1.493897691694378e-05,0.4500007494194499,1.491384998797229e-05,1.5000006638254249,-3.6628953535945626e-07,6.638254248514386e-07,0,0,FOLLOWING,1.5000006638254249,0.4499999999999889,0
19.712,7.055999360659349,7.554937501359246e-05,-5.0002551901652085e-05,8.556000000000001,0.0,0.4500010411209344,1.479700459780828e-05,0.4500007051339215,1.4772136733782593e-05,1.50000064124322,-3.63676597369016e-07,6.412432200786355e-07,0,0,FOLLOWING,1.5000006412432183,0.4499999999999903,0
19.744,7.070399381872343,7.484318074663657e-05,-4.953433580967261e-05,8.5704,0.0,0.4500010018623586,1.4656365219541575e-05,0.4500006634620798,1.46317528732608e-05,1.500000619994823,-3.6109741884781516e-07,6.199948230367625e-07,0,0,FOLLOWING,1.500000619994823,0.4499999999999903,0
19.776,7.084799401830896,7.414371110896767e-05,-4.9070569829183326e-05,8.584800000000001,0.0,0.4500009649208488,1.4517047205231394e-05,0.4500006242497042,1.4492686889202246e-05,1.5000006000015347,-3.5855115855735055e-07,6.000015346785403e-07,0,0,FOLLOWING,1.500000600001533,0.4499999999999917,0
19.808,7.099199420609061,7.345090218081834e-05,-4.861121215435578e-05,8.5992,0.0,0.4500009301596869,1.437903902454549e-05,0.45000058735168097,1.4354927337282972e-05,1.5000005811892831,-3.56037012931702e-07,5.811892831442123e-07,0,0,FOLLOWING,1.5000005811892831,0.4499999999999917,0
19.84,7.11359943827652,7.276469064321483e-05,-4.8156221342757434e-05,8.6136,0.0,0.4500008974502216,1.4242329198863345e-05,0.45000055263144456,1.4218462861380636e-05,1.5000005634883797,-3.5355421528143e-07,5.634883797345225e-07,0,0,FOLLOWING,1.5000005634883797,0.4499999999999917,0
19.872,7.127999454898842,7.20850137728865e-05,-4.7705556316630266e-05,8.628,0.0,0.45000086667139216,1.4106906302065644e-05,0.45000051996050344,1.4083282065415865e-05,1.5000005468332405,-3.5110203113928543e-07,5.468332404667819e-07,0,0,FOLLOWING,1.5000005468332405,0.4499999999999917,0
19.904,7.142399470537728,7.141180943688301e-05,-4.7259176357984195e-05,8.6424,0.0,0.45000083770928095,1.3972758965271245e-05,0.4500004892179245,1.3949373706640968e-05,1.5000005311621538,-3.48679759594151e-07,5.311621538162115e-07,0,0,FOLLOWING,1.5000005311621538,0.4499999999999917,0
19.936,7.156799485251237,7.074501608747272e-05,-4.681704110969435e-05,8.6568,0.0,0.4500008104566917,1.3839875876837168e-05,0.45000046028994084,1.381672650801799e-05,1.500000516417049,-3.462867288079395e-07,5.164170489013742e-07,0,0,FOLLOWING,1.500000516417049,0.4499999999999917,0
19.968,7.171199499094004,7.00845727568289e-05,-4.637911057186396e-05,8.671199999999999,0.0,0.45000078481275213,1.370824578610868e-05,0.4500004330694688,1.3685329306170301e-05,1.5000005025432768,-3.4392229612434676e-07,5.025432767702398e-07,0,0,FOLLOWING,1.5000005025432785,0.4499999999999903,0
20.0,7.185599512117437,6.943041905198397e-05,-4.594534510087217e-05,8.6856,0.0,0.4500007606825426,1.3577857505985158e-05,0.4500004074557615,1.355517096747267e-05,1.500000489489424,-3.4158584566983666e-07,4.894894241047609e-07,0,0,FOLLOWING,1.500000489489424,0.4499999999999903,0
20.032,7.199999524369914,6.878249514969954e-05,-4.551570540653275e-05,8.7,0.0,0.45000073797674334,1.3448699912130578e-05,0.45000038335400816,1.3426240447096082e-05,1.5000004772070954,-3.3927678778809475e-07,4.772070953951157e-07,0,0,FOLLOWING,1.5000004772070972,0.4499999999999889,0
20.064,7.2143995358969555,6.814074179121992e-05,-4.5090152550606536e-05,8.7,0.0,0.4469313565904209,6.788814054124891e-06,0.45000036067499466,1.3298526746692312e-05,1.4856004656657655,-7.773221775840119e-07,-0.014399534334234465,0,0,FOLLOWING,1.4956804656552358,0.4387499999999874,0
20.096,7.228705522315645,6.750934004472679e-05,-4.4869949608028374e-05,8.7,0.0,0.4392424707755778,-7.701539735628495e-06,0.4470596714558311,6.8813419816926944e-06,1.4712944792331644,-1.014365885088409e-06,-0.028705520766835635,0,0,FOLLOWING,1.4881784792155937,0.41990624999998605,0
20.128,7.242771342210022,6.68916225617337e-05,-4.509752723944852e-05,8.7,0.0,0.4264265908017611,-2.695920061215576e-05,0.4395510997468743,-7.111799872112795e-06,1.4572286593252506,-8.057852964154975e-07,-0.042771340674749414,0,0,FOLLOWING,1.4784533593032112,0.3962179687499855,0
20.16,7.256432690144398,6.628820775392015e-05,-4.5922041501338985e-05,8.7,0.0,0.40865592642280923,-4.538132433474908e-05,0.4269081258565468,-2.5766063159125875e-05,1.4435673113775693,2.3207825602684223e-09,-0.05643268862243067,0,0,FOLLOWING,1.4672998838529527,0.3697307226562345,0
20.192,7.269529738391069,6.569812747497348e-05,-4.732017825488666e-05,8.7,0.0,0.38651241882557186,-5.6702293427098496e-05,0.40927127115003387,-4.369174993876347e-05,1.4304702631176107,1.3925353027810543e-06,-0.06952973688238928,0,0,FOLLOWING,1.4553650320293041,0.34194638232420377,0
20.224,7.281920874040866,6.512143582308811e-05,-4.90746492328493e-05,8.7,0.0,0.36091241882557185,-5.5459412528256915e-05,0.3872099816297081,-5.482717153301123e-05,1.4180791274543962,3.1523628207527572e-06,-0.08192087254560376,0,0,FOLLOWING,1.4431650646487173,0.3139486845336766,0
20.256,7.29349362527222,6.456148558578291e-05,-5.0798102520359597e-05,8.7,0.0,0.33531241882557183,-3.7883168591434924e-05,0.361635019428195,-5.385785151304207e-05,1.4065063762095311,4.896081242329638e-06,-0.09349362379046888,0,0,FOLLOWING,1.4310989827718401,0.28650157896696576,0
20.288,7.30424298127163,6.402225723547673e-05,-5.1984968230694e-05,8.7,0.0,0.3097124188255718,-2.0886146549554182e-06,0.33590634318028395,-3.708949597333293e-05,1.3957570201966945,6.115768698453928e-06,-0.10424297980330555,0,0,FOLLOWING,1.4193894801525473,0.26012606559609425,0
20.32,7.314169321115598,6.351284424656277e-05,-5.206943894854118e-05,8.7,0.0,0.2841124188255718,5.2026481098563534e-05,0.3101892949352588,-2.6396893530721428e-06,1.3858306803398035,6.239277176380615e-06,-0.1141693196601965,0,0,FOLLOWING,1.408200226172247,0.23516005459658199,0
20.352,7.323273372264816,6.304642034935006e-05,-5.048044326406563e-05,8.7,0.0,0.2585124188255718,0.00012304646416715236,0.2844945592503392,4.965607201262097e-05,1.3767266291787712,4.686006637969521e-06,-0.1232733708212288,0,0,FOLLOWING,1.3976528964790136,0.2118048455320095,0
20.384,7.331555756286447,6.25968395089645e-05,-4.6862190098003365e-05,8.7,0.0,0.23291241882557182,0.00020846710161482996,0.25881888815003656,0.00011306893730673751,1.3684442451452385,1.1191210962036287e-06,-0.13155575485476145,0,0,FOLLOWING,1.38783706079045,0.19016107804850882,0
20.416,7.339016972818892,6.222410818472144e-05,-4.056697516651388e-05,8.7,0.0,0.20731241882557178,0.00030485027353766014,0.23315854173076694,0.00019672388392492663,1.3609830286035496,-5.152998483888744e-06,-0.13901697139645042,0,0,FOLLOWING,1.3788176076990903,0.1702564138588447,0
20.448,7.345657420623519,6.19409039099341e-05,-3.125205324280022e-05,8.7,0.0,0.18171241882557176,0.00040828003652274947,0.20751042600197625,0.0002910898775605869,1.3543425807929148,-1.4482980721253158e-05,-0.1456574192070852,0,0,FOLLOWING,1.3706405298262687,0.15206673857960765,0
20.48,7.351477417672938,6.175414668412114e-05,-1.8694971565956953e-05,8.7,0.0,0.15611241882557175,0.0005146110105855861,0.18187206305252634,0.0003924075249278955,1.3485225837410437,-2.7098956878599004e-05,-0.15147741625895628,0,0,FOLLOWING,1.3633374430049994,0.1355322974196519,0
20.512,7.356477217491062,6.166414844179776e-05,-2.8011774044244077e-06,8.7,0.0,0.13051241882557174,0.0006196864922866456,0.15624147614992828,0.000496679947383705,1.3435227839240476,-4.3096182284068775e-05,-0.15647721607595244,0,0,FOLLOWING,1.356929108867791,0.12056988117219149,0
20.544,7.360657022212907,6.166332214276707e-05,1.6395065070180474e-05,8.7,0.0,0.10491241882557174,0.0007195961559806188,0.1306170891244328,0.0005998816219051304,1.3393429792065814,-6.243504371783088e-05,-0.1606570207934186,0,0,FOLLOWING,1.3514281720025516,0.10708194276966407,0
20.576,7.364016993000532,6.173542655556128e-05,3.8737815164802364e-05,8.7,0.0,0.07931241882557175,0.0008107844534892797,0.10499764527156848,0.0006982101599073352,1.3359830084258564,-8.49475545014374e-05,-0.16401699157414362,0,0,FOLLOWING,1.3468412788984618,0.09496333731865407,0
20.608,7.366557258348361,6.185539679517668e-05,6.396006292510368e-05,8.7,0.0,0.05371241882557175,0.0008901409906202239,0.07938214260895068,0.0007881946465504696,1.3334427430863047,-0.00011034780408464805,-0.16655725691369527,0,0,FOLLOWING,1.3431707111707252,0.08410623006998003,0
20.64,7.368277920705401,6.198972370309632e-05,9.16972334113108e-05,8.7,0.0,0.02811241882557175,0.0009550540923339845,0.05376978224922186,0.0008667861728902547,1.3317220807373642,-0.0001382457773020596,-0.1682779192626358,0,0,FOLLOWING,1.340415637947942,0.07440359924415897,0
20.672,7.369179061755502,6.20973241096742e-05,0.00012150244302996274,8.7,0.0,0.0025124188255717488,0.0010034351345241364,0.028159927237518773,0.0009314125883011561,1.3308209396932562,-0.00016816335907064408,-0.1691790603067438,0,0,FOLLOWING,1.338573070361889,0.06575166768498078,0
20.704,7.36926074662753,6.213082813716239e-05,0.0001528625938516328,8.7,0.0,0.0,0.0010337207637369367,0.0025520697322329797,0.0009800046883022787,1.330739254822881,-0.00019955155108691375,-0.1692607451771191,0,0,FOLLOWING,1.337638583645459,0.05805152390143246,0
20.736,7.36923036992916,6.214649200874318e-05,0.00018521499076171822,8.7,0.0,0.0,0.0010479348161472465,-0.0009316631149443223,0.0010110127019019334,1.3307696315219493,-0.00023191465279131946,-0.16923036847805073,0,0,FOLLOWING,1.3368995158317287,0.05121013515541327,0
20.768,7.369199666997782,6.21574704712656e-05,0.00021805697655485058,8.7,0.0,0.0,0.0010484540504451811,-0.0009416850832298188,0.001026312291941533,1.3308003344538062,-0.0002647638106941554,-0.1691996655461938,0,0,FOLLOWING,1.3362383604968837,0.04514090965431471,0
20.8,7.369174557665079,6.216528191547176e-05,0.00025095809724470943,8.7,0.0,0.0,0.00103745648791032,-0.0007701226473195087,0.0010281601584525612,1.3308254437868474,-0.00029766991976681916,-0.16917455621315258,0,0,FOLLOWING,1.3356432183921558,0.039763929062187786,0
20.832,7.369154478571491,6.217075504092057e-05,0.0002835546360943575,8.7,0.0,0.0,0.0010169013646425444,-0.0006158398664816306,0.001018641912309644,1.330845522880669,-0.00033026986637064244,-0.16915447711933096,0,0,FOLLOWING,1.335108677114407,0.035005944421144415,0
20.864,7.369138465855214,6.217451475583368e-05,0.0003155432791020618,8.7,0.0,0.0,0.0009885411900266523,-0.0004911198155384737,0.000999645131062443,1.3308615355971036,-0.0003622607723314042,-0.16913846440289637,0,0,FOLLOWING,1.3346298767148992,0.030800206561885823,0
20.896,7.369125700722577,6.21770338967228e-05,0.0003466750323834813,8.7,0.0,0.0,0.0009539360777175276,-0.00039151302892527246,0.0009728673074498779,1.3308743007298445,-0.0003933939703667633,-0.16912569927015553,0,0,FOLLOWING,1.3342020641385355,0.027086184896357626,0
20.928,7.369115525430562,6.217866710939702e-05,0.0003767494934301309,8.7,0.0,0.0,0.0009144676273911821,-0.00031207990793557193,0.0009398269148499594,1.330884476021925,-0.00042346930138662003,-0.16911552397807506,0,0,FOLLOWING,1.3338206409490247,0.023809215108079502,0
20.96,7.3691074150782665,6.217967752733059e-05,0.00040560948221820864,8.7,0.0,0.0,0.0008713522183750687,-0.00024874604549043455,0.0009018746516989492,1.330892586374259,-0.0004523297646711653,-0.1691074136257411,0,0,FOLLOWING,1.333481228241068,0.02092010587858286,0
20.992,7.369100951113716,6.218025815164194e-05,0.0004331360293954111,8.7,0.0,0.0,0.0008256537743463859,-0.00019824960915064318,0.0008602045990651878,1.3308990503388292,-0.0004798565212001298,-0.16910094966117084,0,0,FOLLOWING,1.3331797100167637,0.01837472677097126,0
21.024,7.369095799819591,6.218054883271512e-05,0.0004592437174744335,8.7,0.0,0.0,0.0007782960394503519,-0.00015798863153035028,0.0008158652513761354,1.3309042016329626,-0.0005059642468551685,-0.16909579836703736,0,0,FOLLOWING,1.3329122572867378,0.016133593226369446,0
21.056,7.369091695121623,6.218064958118946e-05,0.00048387636975582595,8.7,0.0,0.0,0.0007300743789896957,-0.0001258884296928162,0.0007697703825139452,1.3309083063309302,-0.0005305968307432786,-0.16909169366906984,0,0,FOLLOWING,1.3326753377764489,0.014161459914488384,0
21.088,7.369088424877954,6.218063086898756e-05,0.000507003080144823,8.7,0.0,0.0,0.0006816670995066029,-0.0001002948404890989,0.0007227096984860544,1.3309115765745954,-0.0005537234122736071,-0.16908842342540464,0,0,FOLLOWING,1.332465715288197,0.012426930098309499,0
21.12,7.369085819947229,6.218054150776298e-05,0.0005286145752654925,8.7,0.0,0.0,0.0006336462727847949,-7.988899350620183e-05,0.0006753592215606461,1.330914181505313,-0.000575334748808204,-0.16908581849468707,0,0,FOLLOWING,1.3322804418387315,0.010902085974527546,0
21.152,7.369083745472535,6.218041460879293e-05,0.0005487198985233464,8.7,0.0,0.0,0.0005864880439446545,-6.361934928440186e-05,0.0006282913510667663,1.3309162559799987,-0.0005954399038971091,-0.16908374402000126,0,0,FOLLOWING,1.3321168449389558,0.009562142938516954,0
21.184,7.369082093038675,6.218027197315288e-05,0.0005673434023695459,8.7,0.0,0.0,0.0005405824003754967,-5.067529944731518e-05,0.0005819844946446533,1.3309179084138505,-0.0006140632425660597,-0.1690820915861495,0,0,FOLLOWING,1.3319725126867088,0.008385129239846162,0
21.216,7.369080772957069,6.218012719701258e-05,0.000584522039611146,8.7,0.0,0.0,0.0004962423778725898,-4.0483791677024635e-05,0.0005368324134072507,1.3309192284954479,-0.0006312417246891992,-0.16908077150455214,0,0,FOLLOWING,1.331845278381217,0.007351591419781007,0
21.248,7.369079717214466,6.21799886601043e-05,0.0006003029440303153,8.7,0.0,0.0,0.00045371273205496097,-3.2378113154642666e-05,0.0004931532628245713,1.3309202842380439,-0.0006470224879572626,-0.16907971576195613,0,0,FOLLOWING,1.3317331948057056,0.0064443251602402125,0
21.28,7.369078872559166,6.217986113625048e-05,0.0006147412557333882,8.7,0.0,0.0,0.00041317802261536725,-2.5905223748950164e-05,0.000451197240532349,1.3309211288933365,-0.0006614606741940247,-0.16907887110666353,0,0,FOLLOWING,1.331634519174132,0.005648130649556135,0
21.312,7.369078196553657,6.217974690956922e-05,0.0006278982153062178,8.7,0.0,0.0,0.0003747701126444932,-2.0733555988030544e-05,0.0004111549865228948,1.3309218048988398,-0.0006746175242117588,-0.16907819510116018,0,0,FOLLOWING,1.3315476962218096,0.0049495912258375775,0
21.344,7.369077655325016,6.217964663704376e-05,0.0006398394856586174,8.7,0.0,0.0,0.0003385750954094749,-1.660051438516122e-05,0.0003731646984265609,1.330922346127475,-0.0006865587002248051,-0.16907765387252494,0,0,FOLLOWING,1.3314713408968921,0.004336873848588473,0
21.376,7.369077221828306,6.217955996701182e-05,0.0006506336900668926,8.7,0.0,0.0,0.0003046396575457033,-1.3296747502871185e-05,0.0003373188877014645,1.3309227796241812,-0.0006973528242958442,-0.16907722037581885,0,0,FOLLOWING,1.3314042219368754,0.0037995498382985874,0
21.408,7.369076874466814,6.217948596492371e-05,0.0006603511495534379,8.7,0.0,0.0,0.00027297689205595967,-1.0655206793850548e-05,0.00030367060891685045,1.3309231269856687,-0.0007070702159869515,-0.16907687301433127,0,0,FOLLOWING,1.3313452465208397,0.003328434285137993,0
21.44,7.369076595991899,6.21794233992648e-05,0.0006690628029761091,8.7,0.0,0.0,0.00024357157865764094,-8.54257482194641e-06,0.00027223916943379633,1.3309234054605807,-0.0007157818126251778,-0.16907659453941926,0,0,FOLLOWING,1.331293446063106,0.0029154425407975416,0
21.472,7.369076372625323,6.21793709280824e-05,0.0006768392935890519,8.7,0.0,0.0,0.00021638495252457904,-6.852443300124507e-06,0.00024301533163839862,1.330923628827154,-0.0007235582559727132,-0.16907637117284602,0,0,FOLLOWING,1.3312479631617642,0.0025534622562397363,0
21.504,7.369076193359028,6.217932721608987e-05,0.0006837502063708138,8.7,0.0,0.0,0.00019135898530196305,-5.499873110035801e-06,0.00021596602441965879,1.330923808093447,-0.0007304691296184049,-0.1690761919065531,0,0,FOLLOWING,1.331208039682152,0.002236239500642757,0
21.536,7.369076049396433,6.21792910037854e-05,0.0006898634410605268,8.7,0.0,0.0,0.00016842020444436036,-4.417055199726902e-06,0.00019103858404683868,1.3309239520560396,-0.0007365823320462581,-0.16907604794396036,0,0,FOLLOWING,1.3311730059328932,0.0019582775842088354,0
21.568,7.36907593370663,6.217926114455146e-05,0.0006952447065750202,8.7,0.0,0.0,0.0001474830784847699,-3.5498493594267563e-06,0.00016816454732363037,1.3309240677458416,-0.0007419635710647747,-0.1690759322541584,0,0,FOLLOWING,1.3311422708774778,0.0017147473030997634,0
21.6,7.369075840668623,6.217923662036096e-05,0.0006999571232913967,8.7,0.0,0.0,0.000128452996827217,-2.8550231397236003e-06,0.00014726302238403274,1.3309241607838471,-0.0007466759660888404,-0.16907583921615288,0,0,FOLLOWING,1.3311153133155393,0.0015014074237456394,0
21.632,7.369075765787422,6.21792165442878e-05,0.0007040609205040879,8.7,0.0,0.0,0.0001112288731478353,-2.2980492003837534e-06,0.00012824366289485153,1.3309242356650468,-0.0007507797455887005,-0.1690757643349532,0,0,FOLLOWING,1.3310916739634857,0.001314534322605012,0
21.664,7.369075705467441,6.217920015458216e-05,0.0007076132172566449,8.7,0.0,0.0,9.570540152780128e-05,-1.851348049878025e-06,0.00011100927351630327,1.3309242959850272,-0.0007543320279093439,-0.16907570401497285,0,0,FOLLOWING,1.331070948362728,0.0011508597937414456,0
21.696,7.369075656831628,6.217918680475058e-05,0.0007106678756129244,8.7,0.0,0.0,8.177499411119574e-05,-1.4928860604524462e-06,9.545807363303904e-05,1.3309243446208399,-0.0007573866745278873,-0.16907565537916014,0,0,FOLLOWING,1.3310527805445818,0.001007516128693966,0
21.728,7.369075621127149,6.217917777881923e-05,0.0007132734621107587,8.7,0.0,0.0,6.933027665488428e-05,-1.0961998796131719e-06,8.142457805675821e-05,1.3309243803253181,-0.0007599922529907033,-0.16907561967468188,0,0,FOLLOWING,1.3310368538331958,0.0008819876599438305,0
21.76,7.369075591629493,6.217917009646345e-05,0.000715479641463833,8.7,0.0,0.0,5.8263377172075806e-05,-9.057240434719121e-07,6.894310478323369e-05,1.3309244098229733,-0.0007621984255361404,-0.16907559017702667,0,0,FOLLOWING,1.3310228978020495,0.0007720680403194094,0
21.792,7.369075567230494,6.217916357183747e-05,0.0007173301017681466,8.7,0.0,0.0,4.846843769434035e-05,-7.492445270397616e-07,5.78268845095931e-05,1.3309244342219724,-0.0007640488800816614,-0.16907556577802763,0,0,FOLLOWING,1.3310106701314097,0.0006758226055738418,0
21.824,7.369075547031875,6.217915804426634e-05,0.0007188652375094564,8.7,0.0,0.0,3.984252173034397e-05,-6.203239882377792e-07,4.7972991915800664e-05,1.330924454420591,-0.0007655840109607676,-0.16907554557940907,0,0,FOLLOWING,1.3309999579835459,0.0005915552361123537,0
21.856,7.3690755302958,6.217915337089224e-05,0.000720122229668408,8.7,0.0,0.0,3.228633868773524e-05,-5.140412790020275e-07,3.928100496716638e-05,1.3309244711566663,-0.0007668409990208668,-0.16907552884333366,0,0,FOLLOWING,1.330990574488009,0.0005177791965862238,0
21.888,7.369075516415922,6.217914942634664e-05,0.0007211351505141398,8.7,0.0,0.0,2.570480616710768e-05,-4.2636312194192256e-07,3.165377642907599e-05,1.3309244850365438,-0.0007678539164156166,-0.16907551496345619,0,0,FOLLOWING,1.3309823556224751,0.00045319148900400393,0
21.92,7.3690755048937175,6.217914610148283e-05,0.0007219350877630045,8.7,0.0,0.0,2.0007469652363407e-05,-3.539821244523997e-07,2.4998039026997996e-05,1.3309244965587481,-0.0007686538507618621,-0.16907550344125188,0,0,FOLLOWING,1.330975157458243,0.0003966503064708277,0
21.952,7.369075495319105,6.217914330189454e-05,0.0007225502834013059,8.7,0.0,0.0,1.510879776252317e-05,-2.941852362044418e-07,1.9224863696904406e-05,1.33092450613336,-0.0007692690439605794,-0.1690754938666399,0,0,FOLLOWING,1.3309688537298614,0.0003471552210351032,0
21.984,7.369075487354576,6.217914094655835e-05,0.0007230062830519024,8.7,0.0,0.0,1.0928369853943698e-05,-2.4474615669807384e-07,1.4249989081138096e-05,1.3309245140978896,-0.0007697250415619018,-0.1690754859021104,0,0,FOLLOWING,1.3309633336923834,0.0003038297807052921,0
22.016000000000002,7.369075480722189,6.217913896618122e-05,0.0007233260923387874,8.7,0.0,0.0,7.390971373797736e-06,-2.0383731408364398e-07,9.994040215142234e-06,1.3309245207302767,-0.0007700448491280023,-0.16907547926972333,0,0,FOLLOWING,1.330958500233504,0.0002659062279557841,0
22.048000000000002,7.369075475192926,6.217913730171897e-05,0.000723530337185285,8.7,0.0,0.0,4.42661100936317e-06,-1.6995784684702778e-07,6.382651453059584e-06,1.3309245262595388,-0.0007702490925298031,-0.16907547374046117,0,0,FOLLOWING,1.3309542682112985,0.00023271208533091358,0
22.080000000000002,7.3690754705779575,6.217913494087777e-05,0.0007236597287455833,8.7,0.0,0.0,1.960967689013671e-06,-1.418746982964554e-07,4.043486259318688e-06,1.3309245308745077,-0.000770378482154269,-0.16907546912549232,0,0,FOLLOWING,1.3309505629914444,0.00020365838336026422,0
22.112000000000002,7.369075466721483,6.21791330494867e-05,0.0007237500153740496,8.7,0.0,0.0,-8.175134372028252e-08,-1.185742647807035e-07,2.8214571395658515e-06,1.3309245347309817,-0.0007704687672262529,-0.1690754652690183,0,0,FOLLOWING,1.3309473191606207,0.00017822933239673182,0
22.144000000000002,7.3690754634948705,6.217913153756247e-05,0.0007238051480218345,8.7,0.0,0.0,-1.7650283210200952e-06,-9.922307651382922e-08,1.7228952432831661e-06,1.3309245379575945,-0.0007705238986247803,-0.16907546204240553,0,0,FOLLOWING,1.330944479395384,0.00015597326341174918,0
22.176000000000002,7.369075460791831,6.217913033131092e-05,0.0007238288795357285,8.7,0.0,0.0,-3.1422136500829765e-06,-8.313534186351801e-08,7.416098091813202e-07,1.3309245406606338,-0.0007705476291374648,-0.16907545933936619,0,0,FOLLOWING,1.3309419934681839,0.00013649468353630655,0
22.208000000000002,7.369075458524471,6.217912937104434e-05,0.0007238247531072307,8.7,0.0,0.0,-4.258300872021759e-06,-6.974648933902387e-08,-1.2895089054707147e-07,1.3309245429279937,-0.0007705435019078737,-0.16907545707200633,0,0,FOLLOWING,1.330939817374186,0.00011944731053418511,0
22.240000000000002,7.369075456620054,6.217912860849053e-05,0.0007237960956320779,8.7,0.0,0.0,-5.151373631321088e-06,-5.859147230581933e-08,-8.95546098533758e-07,1.3309245448324105,-0.0007705148437929207,-0.16907545516758948,0,0,FOLLOWING,1.3309379125644976,0.00010452796666969057,0
22.272000000000002,7.369075455018327,6.217912800464843e-05,0.0007237460151329484,8.7,0.0,0.0,-5.853786258839886e-06,-4.928698848334444e-08,-1.5650155977928766e-06,1.3309245464341382,-0.0007704647627838654,-0.16907545356586184,0,0,FOLLOWING,1.3309362452730507,9.147122679845945e-05,0
22.304000000000002,7.3690754536693355,6.217912752797386e-05,0.0007236774014058061,8.7,0.0,0.0,-6.39312799559556e-06,-4.151690344138495e-08,-2.1441789732022207e-06,1.3309245477831293,-0.0007703961486512171,-0.1690754522168707,0,0,FOLLOWING,1.3309347859258465,8.004472821780166e-05,0
22.336000000000002,7.369075452531629,6.217912715309621e-05,0.0007235929291930981,8.7,0.0,0.0,-6.793011476584354e-06,-3.502030467123086e-08,-2.6397566471194842e-06,1.3309245489208361,-0.0007703116761169057,-0.16907545107916389,0,0,FOLLOWING,1.3309335086226495,7.004506100547797e-05,0
22.368000000000002,7.369075451570769,6.2179126859512e-05,0.0007234950633179549,8.7,0.0,0.0,-7.0737184493356335e-06,-2.9581697260275714e-08,-3.0583085982247107e-06,1.330924549881696,-0.0007702138099874473,-0.16907545011830405,0,0,FOLLOWING,1.3309323906823307,6.129416743042888e-05,0
22.400000000000002,7.369075450758123,6.217912663074253e-05,0.0007233860653165728,8.7,0.0,0.0,-7.252729493994543e-06,-2.5022959311042987e-08,-3.4061875431878117e-06,1.330924550694342,-0.0007701048117856517,-0.1690754493056581,0,0,FOLLOWING,1.3309314122441338,5.3636187742548266e-05,0
22.432000000000002,7.369075450069856,6.217912645351675e-05,0.0007232680011909839,8.7,0.0,0.0,-7.345159468007323e-06,-2.119674645290066e-08,-3.689503924659553e-06,1.3309245513826091,-0.000769986747502743,-0.16907544861739088,0,0,FOLLOWING,1.3309305559180686,4.693469726750096e-05,0
22.464000000000002,7.369075449486103,6.217912631721239e-05,0.0007231427499699963,8.7,0.0,0.0,-7.364116300655958e-06,-1.7981068693750622e-08,-3.9141006558581425e-06,1.3309245519663617,-0.0007698614961588509,-0.16907544803363828,0,0,FOLLOWING,1.330929806478401,4.107028650355602e-05,0
22.496000000000002,7.3690754489902925,6.21791262132538e-05,0.0007230120128270282,8.7,0.0,0.0,-7.32099743833915e-06,-1.5274836869637074e-08,-4.0855357177516595e-06,1.3309245524621722,-0.0007697307589203685,-0.16907544753782777,0,0,FOLLOWING,1.3309291505950158,3.593844180575277e-05,0
22.528,7.36907544856858,6.217912613479716e-05,0.000722877322550428,8.7,0.0,0.0,-7.225735540084496e-06,-1.2994207481015426e-08,-4.20907114375758e-06,1.3309245528838847,-0.0007695960685700163,-0.16907544711611533,0,0,FOLLOWING,1.330928576597971,3.144768947325454e-05,0
22.56,7.369075448209392,6.217912607635434e-05,0.0007227400531957487,8.7,0.0,0.0,-7.087002830297186e-06,-1.1069568655988721e-08,-4.289667333727217e-06,1.330924553243073,-0.0007694587991588172,-0.1690754467569271,0,0,FOLLOWING,1.3309280742711762,2.7517970603499412e-05,0
22.592,7.369075447903031,6.217912603357453e-05,0.0007226014297883511,8.7,0.0,0.0,-6.912381738331302e-06,-9.443072494569098e-09,-4.331981481176742e-06,1.330924553549434,-0.0007693201757085226,-0.16907544645056594,0,0,FOLLOWING,1.3309276346716485,2.407921812906105e-05,0
22.624,7.36907544764137,6.21791260029939e-05,0.0007224625379637112,8.7,0.0,0.0,-6.7085080087830045e-06,-8.06658992865346e-09,-4.340369519992977e-06,1.330924553811095,-0.0007691812838517207,-0.16907544618890502,0,0,FOLLOWING,1.3309272499711304,2.1070110943413544e-05,0
22.656,7.369075447417585,6.217912598180024e-05,0.0007223243334614608,8.7,0.0,0.0,-6.481191298428517e-06,-6.900039332989145e-09,-4.318890695327476e-06,1.3309245540348795,-0.0007690430793256909,-0.16907544596512047,0,0,FOLLOWING,1.3309269133173884,1.843698314011594e-05,0
22.688,7.369075447225941,6.217912596782198e-05,0.000722187651401493,8.7,0.0,0.0,-6.2355173241749636e-06,-5.910000855671223e-09,-4.271314373996548e-06,1.3309245542265236,-0.0007689063972484933,-0.16907544577347644,0,0,FOLLOWING,1.3309266187127016,1.6132869098886507e-05,0
22.72,7.369075447061607,6.217912595934276e-05,0.0007220532152919905,8.7,0.0,0.0,-5.975934859808556e-06,-5.068577787313951e-09,-4.201128421951897e-06,1.3309245543908579,-0.0007687719611268513,-0.16907544560914212,0,0,FOLLOWING,1.330926360907449,1.4116667543176369e-05,0
22.752,7.369075446920512,6.217912595498052e-05,0.0007219216457218425,8.7,0.0,0.0,-5.706330251733765e-06,-4.3524542367829756e-09,-4.111549067125233e-06,1.330924554531953,-0.0007686403915484729,-0.16907544546804698,0,0,FOLLOWING,1.33092613530692,1.2352409765806155e-05,0
22.784,7.36907544679922,6.21791259536648e-05,0.0007217934687123746,8.7,0.0,0.0,-5.4300916228121e-06,-3.742120120117248e-09,-4.005531545881697e-06,1.3309245546532444,-0.0007685122145337588,-0.16907544534675556,0,0,FOLLOWING,1.3309259378896998,1.0808619077465283e-05,0
22.816,7.369075446694827,6.217912595458098e-05,0.0007216691237026389,8.7,0.0,0.0,-5.150164523031969e-06,-3.221229865330494e-09,-3.885781554236171e-06,1.3309245547576374,-0.0007683878695210471,-0.16907544524236262,0,0,FOLLOWING,1.3309257651362227,9.4577501191045e-06,0
22.848,7.369075446604874,6.217912595706442e-05,0.0007215489711538552,8.7,0.0,0.0,-4.8691004540866725e-06,-2.7760697164208254e-09,-3.754767149489412e-06,1.3309245548475912,-0.0007682677169709716,-0.1690754451524088,0,0,FOLLOWING,1.3309256139662031,8.275698094786743e-06,0
22.88,7.369075446527274,6.217912596061725e-05,0.0007214332997639283,8.7,0.0,0.0,-4.589099428442562e-06,-2.3951203272520373e-09,-3.614730935216071e-06,1.3309245549251905,-0.0007681520455809903,-0.16907544507480954,0,0,FOLLOWING,1.3309254816838556,7.241369226398909e-06,0
22.912,7.36907544646026,6.217912596487147e-05,0.0007213223332872816,8.7,0.0,0.0,-4.312047506667796e-06,-2.0686906917444195e-09,-3.467702395207671e-06,1.3309245549922044,-0.0007680410791051877,-0.1690754450077956,0,0,FOLLOWING,1.33092536592994,6.3363047877268e-06,0
22.944,7.369075446402325,6.217912596951469e-05,0.0007212162369613861,8.7,0.0,0.0,-4.0395500816414105e-06,-1.7886188743171376e-09,-3.315510184235258e-06,1.3309245550501394,-0.0007679349827807474,-0.1690754449498606,0,0,FOLLOWING,1.3309252646397824,5.544352060718419e-06,0
22.976,7.36907544635219,6.217912597435381e-05,0.0007211151235404751,8.7,0.0,0.0,-3.7729615374370104e-06,-1.5480182119144999e-09,-3.159794403461993e-06,1.3309245551002744,-0.0007678338693617123,-0.1690754448997256,0,0,FOLLOWING,1.3309251760065104,4.851376350570272e-06,0
23.008,7.369075446308762,6.217912597921107e-05,0.0007210190589452279,8.7,0.0,0.0,-3.5134117960567374e-06,-1.3410747275090825e-09,-3.0020186014798775e-06,1.3309245551437028,-0.0007677378047685902,-0.16907544485629722,0,0,FOLLOWING,1.3309250984488985,4.2450089442841044e-06,0
23.04,7.3690754462711086,6.217912598397132e-05,0.0007209280675360392,8.7,0.0,0.0,-3.2618301737493966e-06,-1.1628684310911958e-09,-2.843481537145231e-06,1.3309245551813562,-0.0007676468133616564,-0.16907544481864378,0,0,FOLLOWING,1.3309250305831943,3.7144265357196987e-06,0
23.072,7.369075446238433,6.217912598857286e-05,0.0007208421370194927,8.7,0.0,0.0,-3.018966894305795e-06,-1.0092312068506215e-09,-2.6853286420838748e-06,1.3309245552140314,-0.0007675608828474204,-0.1690754447859686,0,0,FOLLOWING,1.3309249711984725,3.2501581855664694e-06,0
23.104,7.369075446210054,6.217912599295961e-05,0.0007207612229983364,8.7,0.0,0.0,-2.7854125454341223e-06,-8.766294690553891e-10,-2.528563161133435e-06,1.3309245552424105,-0.000767479968828564,-0.1690754447575895,0,0,FOLLOWING,1.330924919235063,2.8439163856447005e-06,0
23.136,7.369075446185387,6.217912599707867e-05,0.0007206852531817263,8.7,0.0,0.0,-2.5616157183776156e-06,-7.620601428835593e-10,-2.3740567690605515e-06,1.3309245552670779,-0.0007674039990141828,-0.16907544473292213,0,0,FOLLOWING,1.3309248737656614,2.4884492160564704e-06,0
23.168,7.3690754461639285,6.217912600091798e-05,0.0007206141312651016,8.7,0.0,0.0,-2.3478990299672216e-06,-6.629689937123827e-10,-2.2225598945286855e-06,1.3309245552885363,-0.0007673328770996896,-0.16907544471146374,0,0,FOLLOWING,1.3309248339788067,2.1774109667332564e-06,0
23.2,7.369075446145248,6.217912600447972e-05,0.0007205477404968819,8.7,0.0,0.0,-2.14447369562529e-06,-5.771799014120237e-10,-2.074711506867566e-06,1.3309245553072164,-0.0007672664863334903,-0.16907544469278357,0,0,FOLLOWING,1.3309247991644118,1.9052489182796619e-06,0
23.232,7.369075446128975,6.217912600775507e-05,0.000720485946944208,8.7,0.0,0.0,-1.951452796397929e-06,-5.028366093815147e-10,-1.93104852105041e-06,1.3309245553234896,-0.0007672046927827062,-0.16907544467651037,0,0,FOLLOWING,1.3309247687011019,1.6671042615073632e-06,0
23.264,7.369075446114791,6.21791260107714e-05,0.0007204286024744704,8.7,0.0,0.0,-1.7688633621714056e-06,-4.3835216029561067e-10,-1.792014679306839e-06,1.3309245553376738,-0.000767147348314737,-0.16907544466232616,0,0,FOLLOWING,1.330924742045139,1.4587253945680007e-06,0
23.296,7.369075446102419,6.21791260135293e-05,0.000720375547467821,8.7,0.0,0.0,-1.5966573774502607e-06,-3.8237249236336257e-10,-1.6579689577913085e-06,1.3309245553500462,-0.0007670942933097254,-0.16907544464995383,0,0,FOLLOWING,1.3309247187207212,1.276392051699455e-06,0
23.328,7.369075446091621,6.217912601603279e-05,0.0007203266132737578,8.7,0.0,0.0,-1.4347218010632719e-06,-3.3373544984191987e-10,-1.529193564479034e-06,1.3309245553608438,-0.0007670453591171642,-0.16907544463915625,0,0,FOLLOWING,1.3309246983114975,1.1168489105011958e-06,0
23.36,7.369075446082192,6.217912601826806e-05,0.0007202816244285925,8.7,0.0,0.0,-1.2828876815708012e-06,-2.9144359550254465e-10,-1.4059014114204418e-06,1.3309245553702727,-0.0007670003702733475,-0.16907544462972735,0,0,FOLLOWING,1.3309246804531463,9.772474898000662e-07,0
23.392,7.369075446073955,6.21791260203254e-05,0.0007202404006465223,8.7,0.0,0.0,-1.1409384399779812e-06,-2.546426334190429e-10,-1.2882431896990714e-06,1.3309245553785096,-0.0007669591464925338,-0.16907544462149038,0,0,FOLLOWING,1.3309246648268656,8.550953069868708e-07,0
23.424,7.369075446066754,6.217912602216902e-05,0.0007202027586012059,8.7,0.0,0.0,-1.0086173850910436e-06,-2.225968328736137e-10,-1.1763139161338758e-06,1.330924555385711,-0.0007669215044483499,-0.16907544461428903,0,0,FOLLOWING,1.3309246511536945,7.48211395543115e-07,0
23.456,7.369075446060457,6.21791260238323e-05,0.0007201685135088063,8.7,0.0,0.0,-8.856345185327306e-07,-1.946721551933172e-10,-1.0701591374861122e-06,1.3309245553920082,-0.000766887259356979,-0.16907544460799184,0,0,FOLLOWING,1.3309246391895315,6.546873736828678e-07,0
23.488,7.369075446054947,6.217912602532343e-05,0.0007201374805289452,8.7,0.0,0.0,-7.716726844824709e-07,-1.7032308392270303e-10,-9.697806206631637e-07,1.3309245553975175,-0.0007668562263780448,-0.16907544460248247,0,0,FOLLOWING,1.3309246287207812,5.728533743836933e-07,0
23.52,7.369075446050125,6.217912602666546e-05,0.0007201094759951179,8.7,0.0,0.0,-6.663931115105924e-07,-1.4907871561744685e-10,-8.751416821050424e-07,1.3309245554023394,-0.0007668282218450566,-0.16907544459766055,0,0,FOLLOWING,1.3309246195605398,5.012482400617764e-07,0
23.552,7.369075446045904,6.217912602785833e-05,0.0007200843184869872,8.7,0.0,0.0,-5.694403921701962e-07,-1.305340339459136e-10,-7.861721290846497e-07,1.330924555406561,-0.000766803064337674,-0.16907544459343904,0,0,FOLLOWING,1.3309246115452615,4.385934392697373e-07,0
23.584,7.369075446042206,6.217912602893521e-05,0.0007200618297571223,8.7,0.0,0.0,-4.804469420744087e-07,-1.1433597770245223e-10,-7.027728082789886e-07,1.3309245554102584,-0.0007667805756084885,-0.16907544458974155,0,0,FOLLOWING,1.3309246045318417,3.8377024328680364e-07,0
23.616,7.369075446038967,6.2179126029883e-05,0.0007200418355250931,8.7,0.0,0.0,-3.990369773372264e-07,-1.0018188000710439e-10,-6.248197509153169e-07,1.3309245554134976,-0.0007667605813770576,-0.16907544458650237,0,0,FOLLOWING,1.3309245983950588,3.357997504310392e-07,0
23.648,7.369075446036127,6.217912603072297e-05,0.00072002416614773,8.7,0.0,0.0,-3.2483004706889797e-07,-8.780722593675815e-11,-5.521680425946924e-07,1.330924555416338,-0.0007667429120002259,-0.16907544458366197,0,0,FOLLOWING,1.3309245930253455,2.9382541114893667e-07,0
23.68,7.369075446033637,6.217912603148108e-05,0.0007200086571771423,8.7,0.0,0.0,-2.5744415431977245e-07,-7.698280757107516e-11,-4.846553308669303e-07,1.3309245554188276,-0.0007667274030301205,-0.1690754445811724,0,0,FOLLOWING,1.3309245883268221,2.5709773885658964e-07,0
23.712,7.369075446031455,6.217912603214505e-05,0.0007199951498178534,8.7,0.0,0.0,-1.9649849869345489e-07,-6.751086855017555e-11,-4.2210497777708047e-07,1.3309245554210098,-0.0007667138956712539,-0.16907544457899015,0,0,FOLLOWING,1.3309245842155943,2.2496092481335202e-07,0
23.744,7.369075446029539,6.217912603273484e-05,0.0007199834912880604,8.7,0.0,0.0,-1.41615869029277e-07,-5.922021442591001e-11,-3.643290560386804e-07,1.3309245554229256,-0.0007667022371418367,-0.16907544457707435,0,0,FOLLOWING,1.3309245806182595,1.9684113220782217e-07,0
23.776,7.36907544602786,6.217912603325995e-05,0.000719973535101403,8.7,0.0,0.0,-9.242471661562566e-08,-5.195953085550871e-11,-3.1113083304176594e-07,1.3309245554246052,-0.000766692280955515,-0.1690754445753948,0,0,FOLLOWING,1.330924577470581,1.7223624879932554e-07,0
23.808,7.369075446026384,6.217912603372756e-05,0.000719965141269077,8.7,0.0,0.0,-4.856093352502048e-08,-4.559913718109316e-11,-2.623072601852347e-07,1.3309245554260805,-0.0007666838871234885,-0.16907544457391954,0,0,FOLLOWING,1.3309245747163547,1.5070692464254846e-07,0
23.84,7.36907544602509,6.21791260341471e-05,0.00071995817643747,8.7,0.0,0.0,-9.669363070797514e-09,-4.0025241410421955e-11,-2.1765098771781103e-07,1.3309245554273745,-0.0007666769222921514,-0.16907544457262547,0,0,FOLLOWING,1.3309245723064025,1.3186872419853272e-07,0
23.872,7.369075446023954,6.217912603451395e-05,0.0007199525139633118,8.7,0.0,0.0,2.4594935980211466e-08,-3.513953767181469e-11,-1.7695231743792778e-07,1.3309245554285105,-0.0007666712598182289,-0.16907544457148949,0,0,FOLLOWING,1.3309245701976902,1.1538526515638353e-07,0
23.904,7.369075446022957,6.217912603484669e-05,0.0007199480339357452,8.7,0.0,0.0,5.456564775544009e-08,-3.085519748987881e-11,-1.400008614588967e-07,1.330924555429508,-0.0007666667797908771,-0.16907544457049206,0,0,FOLLOWING,1.3309245683525643,1.0096221212670615e-07,0
23.936,7.369075446022081,6.21791260351431e-05,0.0007199446231523777,8.7,0.0,0.0,8.056435993678333e-08,-2.7098110958461578e-11,-1.0658698023706472e-07,1.3309245554303837,-0.0007666633690077018,-0.16907544456961632,0,0,FOLLOWING,1.330924566738078,8.834201834780561e-08,0
23.968,7.369075446021311,6.217912603540306e-05,0.0007199421750531501,8.7,0.0,0.0,1.0289990754640198e-07,-2.3802447885819962e-11,-7.650310086030094e-08,1.3309245554311537,-0.0007666609209086425,-0.16907544456884627,0,0,FOLLOWING,1.330924565325401,7.729933213792227e-08,0
24.0,7.369075446020635,6.217912603562759e-05,0.0007199405896180449,8.7,0.0,0.0,1.21867881242059e-07,-2.090958632122983e-11,-4.954484703810194e-08,1.3309245554318296,-0.0007666593354736822,-0.16907544456817036,0,0,FOLLOWING,1.330924564089308,6.763696817343123e-08,0
24.032,7.369075446020041,6.217912603584362e-05,0.000719939773235094,8.7,0.0,0.0,1.3775028304593372e-07,-1.8371813248527594e-11,-2.5511967220607335e-08,1.3309245554324238,-0.0007666585190908727,-0.16907544456757617,0,0,FOLLOWING,1.330924563007726,5.918238946963306e-08,0
24.064,7.369075446019519,6.217912603602546e-05,0.0007199396385408854,8.714400000000001,0.0,0.0,-1.9065615157931397e-05,-1.61439875778783e-11,-4.209194018328458e-09,1.3453245554174011,-0.0007661583192360216,-0.15467544458259885,0,0,FOLLOWING,1.335244562056644,0.011250051784626652,0
24.096,7.36907544601906,6.217912603653093e-05,0.0007195188432150779,8.7288,0.0,0.0,-6.748719976785157e-05,-1.4187217998061523e-11,-1.3149853931482131e-05,1.3597245554026403,-0.0007652480505101463,-0.14027544459735974,0,0,FOLLOWING,1.3428405612203698,0.030093795311575314,0
24.128,7.369075446018657,6.217912603689689e-05,0.0007175811058640146,8.7432,0.0,0.0,-0.00014792477182008757,-1.246994949486069e-11,-6.055429222074685e-05,1.3741245553881452,-0.0007628310985333855,-0.12587544461185485,0,0,FOLLOWING,1.3528998604850917,0.05378207089765096,0
24.16,7.369075446018303,6.217912603719518e-05,0.0007131367196585967,8.7576,0.0,0.0,-0.0002579993552803714,-1.096193795496464e-11,-0.00013888706891953647,1.3885245553739103,-0.0007579174373040492,-0.11147544462608971,0,0,FOLLOWING,1.3647919873386403,0.08026931203546347,0
24.192,7.369075446017992,6.217912603743215e-05,0.0007052650499529537,8.772,0.0,0.0,-0.00039175100829511836,-9.636426459632131e-12,-0.00024598967830261547,1.4029245553599312,-0.0007495861261079267,-0.09707544464006879,0,0,FOLLOWING,1.3780297903327832,0.10805364803104495,0
24.224,7.369075446017718,6.217912603762034e-05,0.000693226136018028,8.7864,0.0,0.0,-0.0005423500143946067,-8.472476646230241e-12,-0.00037621606047097156,1.4173245553462053,-0.0007370969105862267,-0.08267544465379473,0,0,FOLLOWING,1.3922386215502482,0.13605134202717536,0
24.256,7.369075446017478,6.217912603778411e-05,0.0006764890029959092,8.8008,0.0,0.0,-0.0007023945684087185,-7.449506829799995e-12,-0.000523035406953422,1.431724555332728,-0.0007199185340643906,-0.06827544466727198,0,0,FOLLOWING,1.4071319517433616,0.1634984442737878,0
24.288,7.369075446017266,6.217912603790275e-05,0.0006547506313297823,8.8152,0.0,0.0,-0.0008608757665336796,-6.550892021005338e-12,-0.0006793241145932166,1.4461245553194948,-0.0006977477063938486,-0.0538754446805052,0,0,FOLLOWING,1.4224920979643607,0.189873954739572,0
24.32,7.369075446017079,6.217912603798275e-05,0.0006280483286536222,8.8296,0.0,0.0,-0.0010069617470726162,-5.760948833758597e-12,-0.0008344469586795865,1.460524555306501,-0.0006706214752884058,-0.03947544469349906,0,0,FOLLOWING,1.4381550117491169,0.2148399631971301,0
24.352,7.369075446016915,6.21791260380715e-05,0.0005967557430865095,8.844000000000001,0.0,0.0256,-0.0011304855927758675,-5.066164004377456e-12,-0.0009778932990520714,1.474924555293744,-0.0006389132390976231,-0.025075444706256,0,0,FOLLOWING,1.453998289983642,0.23819517003749288,0
24.384,7.369859608974397,6.264690606476717e-05,0.0005615635008664543,8.8584,0.0,0.05120000000000001,-0.001222462198885098,0.024525159061456636,-0.0010997575497560708,1.4885403923438854,-0.0006036496319553231,-0.011459607656114645,0,0,FOLLOWING,1.469147578439852,0.2598389355748087,0
24.416,7.37146661232058,6.354718723540082e-05,0.0005234210080883704,8.872800000000002,0.0,0.07680000000000001,-0.0012768521390048705,0.05023683009401979,-0.0011919528999139247,1.501333389024308,-0.00056574817387243,0.0013333890243079072,0,0,FOLLOWING,1.4834988114523453,0.2797435980615614,0
24.448,7.373898785648742,6.481370855243468e-05,0.00048351459779879917,8.8872,0.0,0.1024,-0.0012904962560963777,0.07601994509685402,-0.0012470754315116407,1.5133012157392225,-0.0005263439485573588,0.013301215739222494,0,0,FOLLOWING,1.4970032680392218,0.29793327185074875,0
24.48,7.377155218684219,6.637475277196096e-05,0.00044310967577585874,8.9016,0.0,0.128,-0.0012628367662154262,0.10177513825938869,-0.001262654078955738,1.5244447827607686,-0.00048664995584604145,0.024444782760768557,0,0,FOLLOWING,1.5096299246638278,0.31446771170691135,0
24.512,7.381234915166149,6.815998460365185e-05,0.00040349321377424396,8.916,0.0,0.15360000000000001,-0.0011955680536139823,0.1274997731190395,-0.0012380148619870743,1.5347650863473672,-0.0004479039090867581,0.03476508634736719,0,0,FOLLOWING,1.5213587624251543,0.3294301268135524,0
24.544,7.386137054331288,7.01051342894082e-05,0.00036590358763647675,8.9304,0.0,0.17920000000000003,-0.001092241043541146,0.15319923282965056,-0.0011746763690194946,1.5442629472599996,-0.0004113007361194319,0.044262947259999574,0,0,FOLLOWING,1.5321777553582896,0.34291806421786164,0
24.576,7.391860979192744,7.215609564617271e-05,0.000331472409462901,8.9448,0.0,0.20480000000000004,-0.000957850100988268,0.1788785409784284,-0.0010759749431050237,1.552939022483595,-0.0003779366264266409,0.052939022483595055,0,0,FOLLOWING,1.5420807527938958,0.35503666879543144,0
24.608,7.398406165673704,7.427234850998499e-05,0.00030117899722415463,8.9592,0.0,0.23040000000000008,-0.0007984259983727032,0.20454177440100976,-0.0009466697617133269,1.5607938360934672,-0.00034876526186748084,0.060793836093467224,0,0,FOLLOWING,1.5510658686945178,0.36589377527984324,0
24.64,7.405772195895334,7.642952382047695e-05,0.00027581736758376885,8.973600000000001,0.0,0.25600000000000006,-0.0006206528923170159,0.23019219058591003,-0.000792551485603531,1.5678278059675856,-0.0003245660398294304,0.06782780596758564,0,0,FOLLOWING,1.5591342493572173,0.37559640543693673,0
24.672,7.413958736674336,7.862099142853642e-05,0.00025597507051720604,8.988,0.0,0.2816000000000001,-0.00043152185264696804,0.25583238745823905,-0.0006200722013181974,1.574041265289164,-0.0003059235650039655,0.074041265289164,0,0,FOLLOWING,1.5662891351461417,0.38424833641097744,0
24.704,7.422965522358811,8.084845979845983e-05,0.0002419810851951321,9.002400000000002,0.0,0.3072000000000001,-0.00023800578608204308,0.28146443637258056,-0.00043731187453460897,1.5794344797104356,-0.0002931693179913346,0.0794344797104356,0,0,FOLLOWING,1.572535151348201,0.39194847968253255,0
24.736,7.432792341141367,8.312191405193622e-05,0.00023390931470287544,9.0168,0.0,0.3328000000000001,-4.678831854379142e-05,0.3070899888654731,-0.0002522412330824592,1.5840076610395737,-0.00028638501676831406,0.08400766103957369,0,0,FOLLOWING,1.5778777771330166,0.39878986798055593,0
24.768,7.443439024147306,8.551970815504565e-05,0.00023184607264692725,9.0312,0.0,0.3584000000000001,0.00013581286155231158,0.3327103622102139,-6.447452552241784e-05,1.587760978155818,-0.00028570790032310985,0.08776097815581796,0,0,FOLLOWING,1.5823229524659765,0.4048590930896597,0
24.8,7.454905436729757,8.810168659053587e-05,0.00023553393637579245,9.0456,0.0,0.38400000000000006,0.0003041016851168779,0.35832660606669375,0.00011524756346731799,1.5906945657100284,-0.0002909196078521098,0.09069456571002843,0,0,FOLLOWING,1.5858767914142187,0.4102360733387902,0
24.832,7.467191471530967,9.093841565697758e-05,0.00024453673607695016,9.06,0.0,0.4096000000000001,0.00045312046409229373,0.3839395575245752,0.0002813393895879635,1.5928085310650129,-0.00030162986053778966,0.09280853106501286,0,0,FOLLOWING,1.588545377102513,0.41499405767971254,0
24.864,7.480297042949195,9.410834705519148e-05,0.0002582620415899039,9.0744,0.0,0.4352000000000001,0.0005787290711874881,0.40954988398026343,0.0004289178001829064,1.5941029598286633,-0.0003172973419948228,0.09410295982866335,0,0,FOLLOWING,1.5903346189486438,0.4191997952763659,0
24.896,7.494222082726721,9.769389555983525e-05,0.0002759861604591347,9.0888,0.0,0.46080000000000015,0.0006776521828471734,0.43515811751417915,0.0005538808256183002,1.5945779202659516,-0.0003372524644630544,0.09457792026595158,0,0,FOLLOWING,1.59125015706578,0.42291381671211403,0
24.928,7.5089665364323865,0.00010177728184971362,0.0002968807635415235,9.103200000000001,0.0,0.48640000000000017,0.0007475000494766941,0.4607646823160805,0.0006529585485733282,1.5942334668163907,-0.00036072165261913955,0.09423346681639067,0,0,FOLLOWING,1.5912973020722356,0.42619078629933493,0
24.96,7.5245303606578835,0.00010643633125034762,0.00032004030803613057,9.1176,0.0,0.5120000000000002,0.0007867680468750157,0.48636991655977496,0.0007237380238860462,1.5930696428977336,-0.00038685240994520346,0.09306964289773356,0,0,FOLLOWING,1.590481001191522,0.42907989535290425,0
24.992,7.540913520783537,0.0001117403882425486,0.00034450958830806514,9.132000000000001,0.0,0.5245669486276642,0.0007948198269429854,0.5119740898506575,0.0007646672721078005,1.5910864831401714,-0.000414738573041736,0.09108648314017143,0,0,FOLLOWING,1.5888058236033078,0.43162527430658204,0
25.024,7.5577167447186655,0.0001176089705296747,0.00036930932016958427,9.1464,0.0,0.5311226646334832,0.0007743476589240968,0.5250908161683253,0.000774993786648786,1.5886832596345841,-0.00044333853267865833,0.08868325963458412,0,0,FOLLOWING,1.586675204104814,0.4338664077164916,0
25.056,7.574736202670769,0.00012398798009374717,0.0003935410542333929,9.160800000000002,0.0,0.5361642902730924,0.0007294176479795627,0.5318444417708011,0.0007572434289954806,1.5860638021755133,-0.0004717144417414889,0.08606380217551335,0,0,FOLLOWING,1.5842967708390712,0.4358385409105183,0
25.088,7.591915240713016,0.0001308498900892434,0.0004164324311792153,9.1752,0.0,0.539872098080808,0.0006641938850114018,0.536832346366136,0.0007153567624426123,1.583284764694001,-0.0004990770022355699,0.08328476469400092,0,0,FOLLOWING,1.5817306260764168,0.43757307062357276,0
25.12,7.6092106175742416,0.00013815492779517113,0.000437339642558819,9.1896,0.0,0.542412628203419,0.0005827553554295959,0.5404692847556585,0.0006533511505261735,1.5803893884643923,-0.0005247579262929142,0.08038938846439225,0,0,FOLLOWING,1.579023128215558,0.43909791465712134,0
25.152,7.626585134708312,0.00014585187648755157,0.0004557454657684473,9.204,0.0,0.5439386366367848,0.0004889932136641227,0.5429436780577376,0.000575182419369227,1.5774148720346106,-0.0005482080634535122,0.07741487203461062,0,0,FOLLOWING,1.5762142831502257,0.44043785761417703,0
25.184,7.644006527622455,0.00015388080567661048,0.0004712542215580667,9.2184,0.0,0.5445894383118818,0.000386536531880329,0.5444096886701435,0.0004846487985574299,1.5743934798976806,-0.0005689939593595828,0.07439347989768064,0,0,FOLLOWING,1.5733388756906135,0.4416148712437614,0
25.216,7.661446974915134,0.00016217586146953194,0.0004835839946515844,9.232800000000001,0.0,0.544491397549421,0.00027869971419688017,0.5450061717599963,0.0003853054054750902,1.5713530334537724,-0.0005867917769288666,0.07135303345377242,0,0,FOLLOWING,1.5704269836260931,0.4426484090033763,0
25.248,7.678882681213119,0.00017066782551511097,0.0004925570564503588,9.2472,0.0,0.5437585178843073,0.00016844863200719357,0.5448589508557277,0.0002804080631661896,1.5683173280731095,-0.0006013793099554253,0.06831732807310953,0,0,FOLLOWING,1.567504417556772,0.44355567521002054,0
25.28,7.696293483864801,0.0001792863607036267,0.0004980891321203575,9.261600000000001,0.0,0.5424931046313743,5.8382792811784157e-05,0.544081557399989,0.00017287718912654536,1.5653065264027095,-0.0006126266735357483,0.06530652640270951,0,0,FOLLOWING,1.5645931361672867,0.4443518696744222,0
25.312,7.7136624807057075,0.00018796191471821613,0.000500178044398726,9.276,0.0,0.5407864778617715,-4.926910744648991e-05,0.5427758893305874,6.527831924957347e-05,1.562337530600966,-0.0006204861797984711,0.06233753060096592,0,0,FOLLOWING,1.5617116393181323,0.4450504090576426,0
25.344,7.730975680173081,0.00019662728008434612,0.0004988921745961745,9.290400000000002,0.0,0.5387197162226093,-0.0001526427883165285,0.5410329097559639,-4.01836036726547e-05,1.5594243322232537,-0.0006249818325182317,0.05942433222325372,0,0,FOLLOWING,1.5588753374893523,0.44566312639945754,0
25.376,7.748221674842366,0.00020521882688412805,0.0004943590949017517,9.3048,0.0,0.536364414671433,-0.00025022350279435557,0.5389333791039177,-0.00014165887596023292,1.556578338685629,-0.0006261987989361296,0.05657833868562889,0,0,FOLLOWING,1.5560968964043753,0.4462004503787417,0
25.408,7.765391338930238,0.000213677434976517,0.0004867546466671215,9.3192,0.0,0.5337834417734124,-0.00034082479718241154,0.5365486042328474,-0.0002376390957184347,1.5538086757620626,-0.0006242731449115768,0.05380867576206261,0,0,FOLLOWING,1.5533865562547313,0.4466715659047726,0
25.44,7.782477549829012,0.0002219491582409572,0.00047629266861284175,9.3336,0.0,0.5310316846719878,-0.00042356278503577173,0.5339411895209399,-0.0003269368525844459,1.551122466050273,-0.0006193820531431986,0.05112246605027293,0,0,FOLLOWING,1.550752425472403,0.4470845576253751,0
25.472,7.799474933337322,0.00022998565552156792,0.0004632155176498964,9.348,0.0,0.5281567721464941,-0.0004978275431943599,0.531165777450404,-0.00040866095852690784,1.5485250837413176,-0.0006117346851995833,0.04852508374131759,0,0,FOLLOWING,1.5482007494285421,0.447446537889162,0
25.504,7.816379631929776,0.00023774442276589607,0.0004477854732607831,9.362400000000001,0.0,0.5251997682793568,-0.0005632529784723851,0.5282697686247132,-0.0004821888367881972,1.546020386350195,-0.0006015637971444533,0.0460203863501949,0,0,FOLLOWING,1.5457361547808248,0.44776376062658463,0
25.536,7.833189095156813,0.0002451888592053889,0.00043027707372069997,9.376800000000001,0.0,0.5221958311495498,-0.0006196862682741828,0.525294013370498,-0.0005471374021515177,1.5436109243162224,-0.0005891181756940098,0.04361092431622238,0,0,FOLLOWING,1.5433618704564895,0.448041722527116,0
25.568,7.8499018910780824,0.0002522881979394312,0.000410970397993402,9.391200000000001,0.0,0.5191748326374863,-0.0006671577533078714,0.5222734690545545,-0.0006033335089182778,1.5412981295698824,-0.0005746559265915754,0.041298129569882436,0,0,FOLLOWING,1.5410799264534,0.4482852527943098,0
25.6,7.866517537500188,0.0002590173283788073,0.0003901452800863799,9.4056,0.0,0.5161619368679145,-0.0007058519593328644,0.5192378189834856,-0.0006507848118665245,1.5390824842952568,-0.0005584386186465202,0.03908248429525685,0,0,FOLLOWING,1.5388913317769737,0.4484985926614862,0
25.632,7.883036351705255,0.0002653565349458816,0.0003680764219225472,9.420000000000002,0.0,0.513178136037553,-0.0007360802488797843,0.5162120502493152,-0.0006896516878971736,1.5369636712016288,-0.0005407262647498083,0.0369636712016288,0,0,FOLLOWING,1.5367962329150473,0.4486854657519742,0
25.664,7.899459317312711,0.00027129117339402267,0.0003450293555289646,9.4344,0.0,0.5102407433848601,-0.0007582554531754148,0.5132169891479976,-0.0007202206951226792,1.5349407066617993,-0.0005217731044106247,0.03494070666179927,0,0,FOLLOWING,1.5347940542945813,0.4488491402715147,0
25.696,7.915787966906133,0.00027681130318659276,0.00032125719464841976,9.448800000000002,0.0,0.5073638438762975,-0.0007728687080352299,0.5102697938422696,-0.0007428799036010779,1.533012058085355,-0.0005018241401142802,0.03301205808535501,0,0,FOLLOWING,1.5328836221708733,0.44899248392840757,0
25.728,7.932024279073457,0.000281911291635029,0.00029699810897144334,9.4632,0.0,0.5045587038252354,-0.0007804686133895523,0.5073844047836872,-0.0007580963135976131,1.5311757468784883,-0.0004811123713625839,0.031175746878488342,0,0,FOLLOWING,1.5310632733787892,0.44911801239002036,0
25.76,7.948170588546476,0.00028658940296233485,0.0002724734503728695,9.4776,0.0,0.501834141146312,-0.0007816427523492407,0.5045719540706983,-0.0007663954805487976,1.5294294383045468,-0.0004598566649637812,0.029429438304546807,0,0,FOLLOWING,1.5293309503326877,0.4492279320033998,0
25.792,7.964229508179262,0.00029084738315345916,0.00024788645923745243,9.492,0.0,0.49919685829991034,-0.0007770015398595515,0.5018411354214635,-0.0007683433873477153,1.527770519505591,-0.00043826019743761394,0.027770519505591063,0,0,FOLLOWING,1.527684283602518,0.44932417743268027,0
25.824,7.98020386157144,0.00029472584440961067,0.00022357116628851106,9.506400000000001,0.0,0.49665174064465517,-0.0007672464751227182,0.49919853708255535,-0.0007598526805313746,1.5261961668860178,-0.0004166825451768328,0.02619616688601778,0,0,FOLLOWING,1.526120663328673,0.4494084447973595,0
25.856,7.996096625222304,0.00029819983351919775,0.00019954275947810788,9.520800000000001,0.0,0.49420212087906884,-0.0007529799520757448,0.49664893867129545,-0.0007508874896488411,1.5247034039384975,-0.0003951216731540333,0.02470340393849746,0,0,FOLLOWING,1.524637300612095,0.44948222083270145,0
25.888,8.011910879142983,0.00030127352068817743,0.0001759246187907738,9.535200000000001,0.0,0.49185001467423806,-0.0007347818962662148,0.4941955769781864,-0.0007380667197252878,1.5232891506496997,-0.00037370290830579864,0.02328915064969972,0,0,FOLLOWING,1.5232312800681165,0.4495468085366241,0
25.92,8.027649764988888,0.0003039589901500669,0.00015284585510457808,9.549600000000002,0.0,0.4895963284455897,-0.000713217131183836,0.4918403800823869,-0.0007212112321333022,1.5219502653639672,-0.00035256262580866845,0.02195026536396716,0,0,FOLLOWING,1.5218996044682982,0.4496033497159543,0
25.952,8.043316450826516,0.0003062699242140501,0.00013041722289672904,9.564000000000002,0.0,0.487441041860432,-0.0006888280556624062,0.48958417482332844,-0.0007008946600622776,1.5206835800152951,-0.0003318200198425025,0.020683580015295133,0,0,FOLLOWING,1.5206392324221567,0.4496528447985867,0
25.984,8.058914101725641,0.00030822118179050633,0.00010873189749176558,9.5784,0.0,0.4853833675500877,-0.0006621289555170446,0.487426868896155,-0.0006776663526871031,1.5194859295350298,-0.00031157759544338855,0.01948592953502981,0,0,FOLLOWING,1.5194471099434914,0.4496961702364629,0
26.016000000000002,8.074445855446555,0.00030982853524353694,8.78664277155124e-05,9.5928,0.0,0.483421890279687,-0.0006336017986837325,0.4853676100829484,-0.0006520458889047977,1.5183541761645554,-0.00029192193877968387,0.01835417616455537,0,0,FOLLOWING,1.518320196663924,0.44973409378706414,0
26.048000000000002,8.089914802564714,0.00031110843146551505,6.788180533082362e-05,9.6072,0.0,0.48155468769100324,-0.0006036933188094827,0.4834049249326705,-0.0006245194277024752,1.5172852293305612,-0.00027292461971500123,0.017285229330561203,0,0,FOLLOWING,1.5172554873810802,0.44976728792780857,0
26.080000000000002,8.105323970443205,0.00031207777388273737,4.88246149513699e-05,9.6216,0.0,0.47977943459126055,-0.0005728132046708289,0.48153683901580724,-0.0005955371931968057,1.5162760616724968,-0.0002546431884780418,0.016276061672496844,0,0,FOLLOWING,1.5162500295575558,0.4497963416281347,0
26.112000000000002,8.120676310526767,0.00031275372592770394,3.0728232750072804e-05,9.636000000000001,0.0,0.47809349261281897,-0.0005413332274068791,0.47976098073291795,-0.0005655119497948058,1.5153237217484812,-0.00023712223533804808,0.015323721748481178,0,0,FOLLOWING,1.5153009373205906,0.4498217706776605,0
26.144000000000002,8.135974688489648,0.00031315353602336815,1.3614046771852173e-05,9.650400000000001,0.0,0.4764939869194276,-0.0005095871523297133,0.4780746705070909,-0.000534818327058566,1.5144253438873658,-0.00022039448630885915,0.014425343887365827,0,0,FOLLOWING,1.5144054024511089,0.44984402674538815,0
26.176000000000002,8.151221876823385,0.0003132943836383568,-2.507324165641979e-06,9.664800000000001,0.0,0.4749778714877603,-0.0004778712967987215,0.4764749970402504,-0.0005037928638336175,1.513578155600899,-0.00020448191171635734,0.013578155600898922,0,0,FOLLOWING,1.5135607027946916,0.4498635053241617,0
26.208000000000002,8.166420549499554,0.0003131932456011932,-1.7634832105341486e-05,9.679200000000002,0.0,0.47354198435074213,-0.0004464456099781226,0.4749588821651046,-0.00047273464994234863,1.5127794829209065,-0.00018939682807676706,0.01277948292090647,0,0,FOLLOWING,1.512764208475888,0.4498805526961993,0
26.240000000000002,8.181573278387042,0.0003128667816080849,-3.177583767143184e-05,9.693600000000002,0.0,0.47218309405356373,-0.00041553516413096584,0.47352313568175936,-0.0004419064539195566,1.512026753981972,-0.0001751429771026625,0.01202675398197206,0,0,FOLLOWING,1.5120133862509098,0.4498954720392214,0
26.272000000000002,8.196682531143441,0.0003123312376874959,-4.494499622185346e-05,9.708000000000002,0.0,0.47089793844548344,-0.0003853319602475678,0.47216450143134875,-0.0004115362365128656,1.511317501129992,-0.0001617165687221083,0.01131750112999197,0,0,FOLLOWING,1.5113058022919756,0.44990852877835713,0
26.304000000000002,8.211750670336114,0.00031160236628326074,-5.716320192904929e-05,9.7224,0.0,0.46968325681131606,-0.0003559969631676078,0.4708796957308713,-0.00038181896094602444,1.5106493618010712,-0.00014910727775486874,0.010649361801071233,0,0,FOLLOWING,1.5106391236591399,0.44991995527629247,0
26.336000000000002,8.226779953580692,0.0003106953615689733,-6.845659670698556e-05,9.7368,0.0,0.46853581623623636,-0.0003276622928933332,0.4696654391734,-0.00035291861937043214,1.5100200783829922,-0.00013729918641738165,0.010020078382992237,0,0,FOLLOWING,1.5100111186818648,0.44992995494293997,0
26.368000000000002,8.241772534513254,0.0003096248085990792,-7.885564874910813e-05,9.7512,0.0,0.4674524329963308,-0.00030043350940505635,0.46851848268711116,-0.00032497040821190346,1.5094274972429995,-0.00012627166696229476,0.009427497242999516,0,0,FOLLOWING,1.5094196564429634,0.44993870583602097,0
26.400000000000002,8.256730464437869,0.0003084046449258778,-8.839430349926177e-05,9.765600000000001,0.0,0.4664299896750041,-0.0002743919380385762,0.46743562864525606,-0.0002980829917053795,1.5088695670802397,-0.00011600020070565555,0.008869567080239671,0,0,FOLLOWING,1.508862705530969,0.44994636381527725,0
26.432000000000002,8.271655694513498,0.00030704813335366343,-9.710920828072383e-05,9.780000000000001,0.0,0.4654654486216782,-0.0002495969912848198,0.466413747726135,-0.0002723408037152431,1.5083443367388352,-0.00010645713131131374,0.008344336738835167,0,0,FOLLOWING,1.5083383322038326,0.4499530653053748,0
26.464000000000002,8.28655007836382,0.0003056086352435735,-0.00010520961588242553,9.794400000000001,0.0,0.4645558619446041,-0.00022601817324839778,0.4654497919992913,-0.0002531376800046778,1.5078499526063178,-9.746879837733234e-05,0.007849952606317823,0,0,FOLLOWING,1.5078446980946774,0.4499589297158085,0
26.496000000000002,8.301415375000662,0.00030404960248732883,-0.00011254114050978163,9.808800000000002,0.0,0.46369838001380564,-0.00020369986537479196,0.4645408052833618,-0.0002291100915015316,1.5073846556637627,-8.916557277448187e-05,0.007384655663762674,0,0,FOLLOWING,1.5073800575312668,0.44996406156021623,0
26.528000000000002,8.316253252012084,0.0003023827159231898,-0.0001191471638109666,9.823200000000002,0.0,0.46289025645710896,-0.00018266607626572632,0.4636839305663598,-0.00020643819216664325,1.5069467783258532,-8.151202488866211e-05,0.00694677832585322,0,0,FOLLOWING,1.5069427546120708,0.44996855231229616,0
26.560000000000002,8.331065288905641,0.0003006197792814952,-0.0001250712542267674,9.837600000000002,0.0,0.462128851751906,-0.0001629236700920621,0.4628764154369881,-0.00018512780240787925,1.5065347410877785,-7.447262158152403e-05,0.006534741087778517,0,0,FOLLOWING,1.5065312200599386,0.44997248203094525,0
26.592000000000002,8.345852980561569,0.0002987716946249928,-0.00013035662043056517,9.852000000000002,0.0,0.46141163526208956,-0.0001444650173313041,0.46211561538088525,-0.0001651676800839913,1.506147049071837,-6.8011591204914e-05,0.006147049071836941,0,0,FOLLOWING,1.5061439679498538,0.4499759207832268,0
26.624000000000002,8.360617740746502,0.0002968484865362852,-0.00013504577343622276,9.8664,0.0,0.4607361859815696,-0.00012727036527080158,0.4613989956723881,-0.0001465360242387031,1.5057822885137129,-6.209327563047026e-05,0.005782288513712874,0,0,FOLLOWING,1.5057795923538797,0.44997892989024174,0
26.656,8.375360905647058,0.00029485935890226724,-0.00013918023920667582,9.8808,0.0,0.46010019221581916,-0.00011130996132221091,0.46072413199587936,-0.00012920205272951468,1.5054391232289164,-5.6682453769633316e-05,0.005439123228916376,0,0,FOLLOWING,1.5054367639465818,0.44998156301789793,0
26.688,8.390083737389688,0.00029281274912658313,-0.0001428003186306378,9.895199999999999,0.0,0.45950145040004375,-9.654594801272116e-05,0.4600887100195588,-0.00011312748251509222,1.50511629109293,-5.174461633980813e-05,0.005116291092930103,0,0,FOLLOWING,1.5051142266069044,0.4499838671318087,0
26.72,8.404787427519622,0.0002907163790210378,-0.00014594489163008846,9.9096,0.0,0.45893786322386265,-8.293404666047543e-05,0.4594905241185221,-9.826790878252689e-05,1.5048126005622837,-4.7246194569482814e-05,0.00481260056228372,0,0,FOLLOWING,1.5048107940458237,0.449985883333252,0
26.752,8.41947310041709,0.00028857730273818444,-0.00014865126188540325,9.924,0.0,0.4584074372073236,-7.042504563593689e-05,0.45892747541557877,-8.457407427998712e-05,1.5045269272583401,-4.315474655439862e-05,0.004526927258340141,0,0,FOLLOWING,1.5045253464834876,0.44998764759093224,0
26.784,8.434141816633547,0.0002864019520651229,-0.00015095503853930543,9.9384,0.0,0.4579082798512309,-5.896610825967881e-05,0.45839756928365727,-7.199302492886244e-05,1.50425821063108,-3.943910508003419e-05,0.004258210631080006,0,0,FOLLOWING,1.5042568273947245,0.4499891913815359,0
26.816,8.448794576134654,0.00028419617932736585,-0.0001528900511938411,9.9528,0.0,0.4574385964657759,-4.850191465660064e-05,0.45789891243166836,-6.046915024895499e-05,1.5040054507161358,-3.6069490730214314e-05,0.004005450716135783,0,0,FOLLOWING,1.5040042403376381,0.44999054225041935,0
26.848,8.463432321439885,0.0002819652980962268,-0.0001544882945973096,9.9672,0.0,0.45699668676502614,-3.897565123405716e-05,0.45742970967672264,-4.9945111183533406e-05,1.5037677049951916,-3.3017593986308204e-05,0.003767704995191634,0,0,FOLLOWING,1.5037666458766556,0.44999172430237705,0
26.88,8.478055940651624,0.00027971412184976717,-0.00015577989948307484,9.9816,0.0,0.4565809413005797,-3.0329860855320907e-05,0.45698826048971963,-4.036265735615107e-05,1.503544085366899,-3.0256629931342538e-05,0.003544085366899097,0,0,FOLLOWING,1.5035431586083003,0.44999275863118854,0
26.912,8.49266627036869,0.00027744700069763477,-0.00015679312623530502,9.996,0.0,0.4561898377954562,-2.2507166166955507e-05,0.45657295538629417,-3.166334042023612e-05,1.5033337552333552,-2.7761368937032055e-05,0.003333755233355218,0,0,FOLLOWING,1.5033329442956769,0.44999366369557725,0
26.944,8.507264098481404,0.0002751678562582252,-0.00015755437819102094,10.0104,0.0,0.4558219374287291,-1.5450877947939842e-05,0.456182272224039,-2.3789127699843178e-05,1.5031359267050584,-2.5508146565675273e-05,0.003135926705058356,0,0,FOLLOWING,1.5031352171154673,0.44999445564825985,0
26.976,8.521850166846683,0.00027288021475125717,-0.0001580882316518451,10.024799999999999,0.0,0.4554758811123752,-9.105499731987265e-06,0.4558147724552863,-1.668292437244406e-05,1.5029498579258034,-2.3474855640442284e-05,0.0029498579258033786,0,0,FOLLOWING,1.5029492370196142,0.44999514862392975,0
27.008,8.536425173843146,0.0002705872383561895,-0.00015841747985898244,10.0392,0.0,0.45515038579408,-3.417139337318847e-06,0.4554690973767274,-1.0289009823435179e-05,1.5027748505176068,-2.1640923251177105e-05,0.0027748505176068416,0,0,FOLLOWING,1.502774307212451,0.44999575499129996,0
27.04,8.550989776807112,0.0002682917548760913,-0.00015856318843117972,10.0536,0.0,0.45484424081315183,1.6661626825885555e-06,0.45514396440885124,-4.553395866885634e-06,1.5026102471446956,-1.998727521130024e-05,0.002610247144695599,0,0,FOLLOWING,1.5026097717428948,0.4499962855736766,0
27.072,8.565544594351374,0.0002659962857416054,-0.0001585447599990504,10.068,0.0,0.45455630433108496,6.194178301733979e-06,0.4548381634319312,5.758858660284858e-07,1.5024554291947563,-1.8496290246087697e-05,0.0024554291947562756,0,0,FOLLOWING,1.5024550132103478,0.4499967498419976,0
27.104,8.580090208569164,0.00026370307238413423,-0.00015838000598018717,10.0824,0.0,0.4542854998535941,1.0214302262667731e-05,0.45455055319969007,5.1485607758968536e-06,1.5023098145749672,-1.7151745979323017e-05,0.0023098145749671506,0,0,FOLLOWING,1.5023094505823429,0.44999715608377255,0
27.136,8.594627167126388,0.00026141410101190697,-0.00015808522367018733,10.0968,0.0,0.4540308128569178,1.3771419182696655e-05,0.4542800578470354,9.211945171659364e-06,1.5021728556197733,-1.5938758558882302e-05,0.0021728556197733173,0,0,FOLLOWING,1.5021725371212136,0.44999751155091994,0
27.168,8.609155985245492,0.00025913112581955064,-0.0001576752770209318,10.1112,0.0,0.4537912875278496,1.6907820051099206e-05,0.45402566350434187,1.2810831043068367e-05,1.502044037107029,-1.4843717564642749e-05,0.00204403710702894,0,0,FOLLOWING,1.5020437584167783,0.44999782258914983,0
27.2,8.623677147584692,0.00025685569066830803,-0.0001571636796962126,10.1256,0.0,0.45356602362413356,1.9663161242454584e-05,0.45378641502740463,1.5987414892933026e-05,1.5019228743787687,-1.3854217628640362e-05,0.001922874378768702,0,0,FOLLOWING,1.5019226305215907,0.449998094751183,0
27.232,8.63819111001645,0.0002545891492751378,-0.00015656267914434117,10.14,0.0,0.4533541734595407,2.207445976686194e-05,0.45356141284955587,1.8781265955988957e-05,1.501808911562739,-1.2958988049389683e-05,0.0018089115627391017,0,0,FOLLOWING,1.5018086981851402,0.4499983328958273,0
27.264,8.652698301309275,0.0002523326839564584,-0.00015588334065084184,10.1544,0.0,0.4531549390159974,2.417611904645709e-05,0.45334980995984436,2.1229326820889568e-05,1.5017017198906026,-1.214782146453076e-05,0.0017017198906026376,0,0,FOLLOWING,1.5017015331831505,0.44999854127468314,0
27.296,8.6671991247169,0.00025008732297327255,-0.0001551356304457689,10.1688,0.0,0.45296756918356834,2.5999980063041844e-05,0.45315080900953086,2.3365942972985867e-05,1.5016008961087626,-1.1411502535770013e-05,0.0016008961087625728,0,0,FOLLOWING,1.5016007327381002,0.4499987236080135,0
27.328,8.681693959479013,0.0002478539565308069,-0.00015432849712592838,10.1832,0.0,0.45279135712780316,2.7575393232442342e-05,0.45296365954758455,2.5222915453361703e-05,1.501506060977642,-1.0741737419127181e-05,0.0015060609776420542,0,0,FOLLOWING,1.501505918026999,0.449998883151145,0
27.36,8.696183162237602,0.00024563335148861874,-0.00015346995075223214,10.1976,0.0,0.4526256377829201,2.89293068653033e-05,0.45278765538438376,2.6829573510826947e-05,1.5014168578553326,-1.0131084695864688e-05,0.0014168578553326316,0,0,FOLLOWING,1.5014167327724692,0.4499990227525574,0
27.392,8.710667068373029,0.0002434261648399614,-0.00015256713913865247,10.212,0.0,0.4524697854684705,3.008636852600925e-05,0.4526221320821655,2.8212862364329276e-05,1.5013329513615334,-9.572888285504081e-06,0.001332951361533441,0,0,FOLLOWING,1.5013328419131857,0.44999914490473186,0
27.424,8.72514599326371,0.0002412329560225579,-0.00015162642092954868,10.2264,0.0,0.45232321162650196,3.1069036055381754e-05,0.4524664645694389,2.9397443566256994e-05,1.5012540261178655,-9.061212784577273e-06,0.0012540261178655143,0,0,FOLLOWING,1.5012539303498884,0.44999925178863637,0
27.456,8.739620233473401,0.0002390541981239117,-0.00015065343517735758,10.2408,0.0,0.4521853626757145,3.1897695398797055e-05,0.4523200648766594,3.0405804366041226e-05,1.5011797855605984,-8.59078156047378e-06,0.0011797855605983898,0,0,FOLLOWING,1.5011797017630795,0.44999934531265406,0
27.488,8.754090067869717,0.00023689028804532204,-0.00014965316719812942,10.2552,0.0,0.45205571797877114,3.2590782786970055e-05,0.4521823799891969,3.1258374027469686e-05,1.5011099508221217,-8.156917865150875e-06,0.0011099508221217302,0,0,FOLLOWING,1.5011098774988625,0.4499994271466506,0
27.52,8.76855575867762,0.0002347415556904281,-0.00014863001058795062,10.2696,0.0,0.4519337879186389,3.316490912869736e-05,0.452052889813953,3.197364380095719e-05,1.501044259677469,-7.755489129219925e-06,0.0010442596774689061,0,0,FOLLOWING,1.5010441955192728,0.44999949875178213,0
27.552,8.78301755247132,0.0002326082722420981,-0.0001475878253155536,10.284,0.0,0.45181911207967546,3.363498481828092e-05,0.45193110525533625,3.256828954270774e-05,1.5009824655524124,-7.382854563468388e-06,0.000982465552412437,0,0,FOLLOWING,1.5009824094137159,0.44999956140657876,0
27.584,8.797475681107981,0.00023049065759210525,-0.00014652999188633512,10.2984,0.0,0.45171125752906693,3.401434342503112e-05,0.45181656639620477,3.30572944832015e-05,1.5009243365897618,-7.035816115501881e-06,0.000924336589761765,0,0,FOLLOWING,1.500924287468181,0.44999961622977197,0
27.616,8.811930362606425,0.00022838888698632846,-0.0001454594615980993,10.3128,0.0,0.4516098171941944,3.43148629981095e-05,0.45170884077941437,3.345407136079951e-05,1.5008696547706606,-6.7115728030572755e-06,0.0008696547706605884,0,0,FOLLOWING,1.5008696117891016,0.44999966420026205,0
27.648,8.82638180197392,0.00022630309694627243,-0.00014437880297568943,10.3272,0.0,0.45151440833149736,3.45470839550425e-05,0.4516075217854206,3.377058183148926e-05,1.5008182150878036,-6.407678377478263e-06,0.0008182150878035532,0,0,FOLLOWING,1.5008181774787983,0.44999970617459856,0
27.68,8.840830191983985,0.0002242333905260691,-0.00014329024448008455,10.3416,0.0,0.45142467108246126,3.4720322730071494e-05,0.45151222710162925,3.401745289186885e-05,1.5007698247676224,-6.122002261408651e-06,0.0007698247676224401,0,0,FOLLOWING,1.5007697918596299,0.44999974290226946,0
27.712,8.855275713908023,0.00022217984196132212,-0.00014219571362579788,10.356,0.0,0.4513402671124216,3.484278053436343e-05,0.45142259727883655,3.4204089119720684e-05,1.5007243025386627,-5.852693664676708e-06,0.0007243025386627355,0,0,FOLLOWING,1.5007242737440785,0.4499997750390821,0
27.744,8.86971853820338,0.0002201425007636465,-0.00014109687265389498,10.3704,0.0,0.4512608783279939,3.4921646753005575e-05,0.45133829437073697,3.433878031091122e-05,1.500681477943525,-5.598148767224962e-06,0.0006814779435249108,0,0,FOLLOWING,1.5006814527481915,0.4499998031588747,0
27.776,8.884158825160416,0.00021812139531245738,-0.00013999515093393483,10.3848,0.0,0.4511862056690337,3.496319664265792e-05,0.45125900065195873,3.442880370056758e-05,1.5006411906917894,-5.356980830457768e-06,0.0006411906917893617,0,0,FOLLOWING,1.500641168645814,0.44999982776375813,0
27.808,8.898596725510933,0.00021611653599191305,-0.0001388917742659968,10.3992,0.0,0.4511159679711885,3.497288311018723e-05,0.4511844174108159,3.448052083538127e-05,1.5006032900515944,-5.127993098091968e-06,0.0006032900515944295,0,0,FOLLOWING,1.5006032707613204,0.4499998492930823,0
27.84,8.913032381000214,0.00021412791791838244,-0.00013778779127040353,10.4136,0.0,0.45104990089522917,3.495542247142522e-05,0.451114263812557,3.4499468583146205e-05,1.5005676342775938,-4.910154329477561e-06,0.0005676342775937648,0,0,FOLLOWING,1.500567617398566,0.44999986813128273,0
27.872,8.927465924924855,0.00021215552330085925,-0.00013668409705557677,10.428,0.0,0.45098775591950613,3.491487416458957e-05,0.4510482758295212,3.449044419110083e-05,1.5005340900731279,-4.702576803567729e-06,0.0005340900731278797,0,0,FOLLOWING,1.5005340753039484,0.4499998846147418,0
27.904,8.941897482638346,0.00021019932347315028,-0.00013558145434222063,10.442400000000001,0.0,0.45092929939202836,3.485471448271148e-05,0.450986205234365,3.4457584775704475e-05,1.500502532084641,-4.504496641558048e-06,0.0005025320846410164,0,0,FOLLOWING,1.5005025191615866,0.4499998990377948,0
27.936,8.956327172026384,0.0002082592806350191,-0.00013448051225293988,10.4568,0.0,0.45087431163880753,3.477790444151986e-05,0.45092781865293097,3.44044402777962e-05,1.5004728424263687,-4.315256264209494e-06,0.00047284242636869145,0,0,FOLLOWING,1.5004728311186797,0.4499999116579844,0
27.968,8.970755103953639,0.00020633534933508195,-0.0001333818229275836,10.4712,0.0,0.45082258612528847,3.468695195410179e-05,0.4508728966733577,3.43340414086928e-05,1.5004449102335782,-4.13428884574692e-06,0.0004449102335781774,0,0,FOLLOWING,1.5004449003393345,0.44999992270066647,0
28.0,8.98518138268374,0.00020442747772626688,-0.0001322858561625505,10.4856,0.0,0.45077392866781407,3.4583968528660115e-05,0.4508212330082947,3.4248961401387437e-05,1.5004186312425714,-3.961104586959019e-06,0.00041863124257135453,0,0,FOLLOWING,1.5004186225850968,0.44999993236302765,0
28.032,8.999606106274038,0.00020253560862200975,-0.00013119301223379627,10.5,0.0,0.4507281566922364,3.447072072661052e-05,0.4507726337070776,3.415137276985719e-05,1.5003939073959294,-3.7952786668406203e-06,0.0003939073959293715,0,0,FOLLOWING,1.500393899820629,0.4499999408176036,0
28.064,9.014029366946671,0.00020065968037868932,-0.00013010363307631596,10.5144,0.0,0.45068509853694194,3.4348676650826825e-05,0.4507269164151418,3.404309866924076e-05,1.5003706464714495,-3.6364407173016867e-06,0.00037064647144946505,0,0,FOLLOWING,1.5003706398430539,0.44999994821536654,0
28.096,9.02845125143735,0.00019879962762722403,-0.00012901801197942212,10.5288,0.0,0.4506445927976793,3.4219047751409766e-05,0.45068390967764504,3.392565927721485e-05,1.5003487617333524,-3.484265677185434e-06,0.00034876173335240956,0,0,FOLLOWING,1.5003487559334996,0.4499999546884164,0
28.128,9.0428718413232,0.00019695538187445978,-0.00012793640193255177,10.5432,0.0,0.4506064877117424,3.4082826230827675e-05,0.45064345228508584,3.3800313964961134e-05,1.500328171604447,-3.338465904881353e-06,0.0003281716044469807,0,0,FOLLOWING,1.5003281665295696,0.4499999603523413,0
28.16,9.057291213330917,0.00019512687199338904,-0.00012685902278108895,10.5576,0.0,0.45057064057917473,3.394081835494944e-05,0.45060539265807403,3.366809848420075e-05,1.5003087993579707,-3.1987844029962435e-06,0.00030879935797067937,0,0,FOLLOWING,1.5003087949174478,0.4499999653082811,0
28.192,9.071709439626428,0.00019331402461832757,-0.00012578606730154947,10.572000000000001,0.0,0.45053691721880057,3.3793673968397624e-05,0.45056958826917765,3.352985873712132e-05,1.5002905728279312,-3.064989056729661e-06,0.00029057282793121253,0,0,FOLLOWING,1.5002905689424704,0.44999996964473316,0
28.224,9.086126588087156,0.000191516764460117,-0.0001247177063348495,10.586400000000001,0.0,0.4505051914570086,3.3641912499820454e-05,0.45053590509956565,3.3386280211254775e-05,1.5002734241368407,-2.9368677575049714e-06,0.00027342413684072753,0,0,FOLLOWING,1.5002734207370607,0.4499999734391313,0
28.256,9.100542722557948,0.00018973501455437535,-0.00012365409307552256,10.6008,0.0,0.45047534464732936,3.3485945755510706e-05,0.4505042171283461,3.323791435608715e-05,1.5002572894397852,-2.814224322890169e-06,0.00025728943978520213,0,0,FOLLOWING,1.5002572864649772,0.44999997675922965,0
28.288,9.11495790309165,0.00018796869645424342,-0.00012259536663033582,10.6152,0.0,0.4504472652189667,3.33260977735487e-05,0.4504744058527018,3.3085201414348056e-05,1.5002421086838595,-2.69687510719209e-06,0.0002421086838595432,0,0,FOLLOWING,1.5002421060809,0.4499999796643183,0
28.32,9.12937218617525,0.00018621773037749709,-0.00012154165492792173,10.6296,0.0,0.450420848252536,3.316262201143635e-05,0.4504463598369448,3.292849070277348e-05,1.5002278253820094,-2.58464622788189e-06,0.0002278253820093834,0,0,FOLLOWING,1.500227823104418,0.44999998220627246,0
28.352,9.143785624942458,0.00018448203531705568,-0.00012049307707650069,10.644,0.0,0.45039599508137895,3.299571611591211e-05,0.450419974288735,3.276805785924999e-05,1.5002143864004613,-2.47737131697227e-06,0.0002143864004613416,0,0,FOLLOWING,1.5002143844075684,0.44999998443048356,0
28.384,9.158198269373546,0.00018276152912206177,-0.00011944974524275691,10.6584,0.0,0.45037261291691155,3.282553452817657e-05,0.4503951506608673,3.2604119806803714e-05,1.5002017417588824,-2.3748897292399647e-06,0.0002017417588824344,0,0,FOLLOWING,1.5002017400151004,0.4499999863766698,0
28.416,9.172610166483217,0.0001810561285562752,-0.00011841176611135638,10.6728,0.0,0.45035061449655245,3.2652199138480694e-05,0.4503717962770673,3.2436847858512306e-05,1.500189844442508,-2.2770451524579364e-06,0.00018984444250791377,0,0,FOLLOWING,1.5001898429166973,0.44999998807958264,0
28.448,9.187021360497216,0.00017936574933928297,-0.00011737924200768107,10.6872,0.0,0.4503299177528725,3.2475808215082225e-05,0.4503498239803485,3.2266378242010825e-05,1.500178650225532,-2.183684540877246e-06,0.00017865022553209542,0,0,FOLLOWING,1.5001786488904472,0.4499999895696324,0
28.48,9.201431893018363,0.00017769030617471892,-0.00011635227172408839,10.701600000000001,0.0,0.45031044550267807,3.22964438025745e-05,0.4503291518025223,3.2092821364322745e-05,1.5001681175050738,-2.09465733458593e-06,0.00016811750507383927,0,0,FOLLOWING,1.5001681163368739,0.44999999087342696,0
28.512,9.215841803182657,0.00017602971276993394,-0.00011533095109547833,10.716000000000001,0.0,0.4502921251548238,3.21141777660393e-05,0.45030970265370224,3.191626964599907e-05,1.5001582071450743,-2.0098149220523927e-06,0.00015820714507430722,0,0,FOLLOWING,1.5001582061228982,0.44999999201424773,0
28.544,9.230251127806053,0.0001743838818498501,-0.00011431537338904228,10.730400000000001,0.0,0.4502748884356182,3.192907665944884e-05,0.4502914040304454,3.173680332793785e-05,1.500148882329522,-1.9290102829241717e-06,0.0001488823295219266,0,0,FOLLOWING,1.5001488814351174,0.4499999930124673,0
28.576,9.244659901522425,0.0001727527251680276,-0.0001133056295185578,10.7448,0.0,0.4502586711307609,3.174120556733347e-05,0.4502741877415007,3.155449595431969e-05,1.5001401084244803,-1.85209780284679e-06,0.0001401084244803119,0,0,FOLLOWING,1.5001401076418779,0.4499999938859075,0
28.608,9.259068156913317,0.00017113615351638475,-0.00011230180813953565,10.7592,0.0,0.4502434128428094,3.1550631059257883e-05,0.4502579896500113,3.1369418095990965e-05,1.5001318528483525,-1.7789332050660068e-06,0.00013185284835248723,0,0,FOLLOWING,1.500131852163574,0.4499999946501684,0
28.64,9.273475924629937,0.00016953407673591563,-0.00011130399564049362,10.7736,0.0,0.45022905676322994,3.1357423389937684e-05,0.4502427494313985,3.1181640596478964e-05,1.5001240849498723,-1.709373585201396e-06,0.0001240849498722607,0,0,FOLLOWING,1.500124084350691,0.44999999531889734,0
28.672,9.287883233507845,0.00016794640372910327,-0.00011031227606174895,10.788,0.0,0.45021554945815406,3.116165805236746e-05,0.45022841034555244,3.099123683705582e-05,1.5001167758934215,-1.6432775183522223e-06,0.00011677589342151684,0,0,FOLLOWING,1.500116775369139,0.44999999590403483,0
28.704,9.302290110674821,0.00016637304247497302,-0.00010932673095526408,10.8024,0.0,0.450202840667008,3.096341679290997e-05,0.4502149190229291,3.0798284578807234e-05,1.500109898551166,-1.5805052257220119e-06,0.0001098985511660544,0,0,FOLLOWING,1.5001098980924183,0.44999999641602945,0
28.736,9.316696581652275,0.000164813900047886,-0.00010834743921050114,10.8168,0.0,0.45019088311323957,3.076278817301967e-05,0.45020222526342385,3.060286702486837e-05,1.5001034274016418,-1.5209187766164456e-06,0.00010342740164182018,0,0,FOLLOWING,1.5001034270002385,0.44999999686402525,0
28.768,9.331102670450624,0.00016326888263983207,-0.00010737447685947066,10.8312,0.0,0.45017963232640157,3.0559867767207846e-05,0.4501902818473219,3.040507347060443e-05,1.5000973384343759,-1.4643823125462839e-06,9.733843437587097e-05,0,0,FOLLOWING,1.5000973380831475,0.4499999972560214,0
28.8,9.34550839965897,0.00016173789558663002,-0.00010640791687204129,10.845600000000001,0.0,0.4501690464749162,3.035475806179022e-05,0.45017904435756745,3.020499960794833e-05,1.5000916090602145,-1.4107622827071593e-06,9.160906021454807e-05,0,0,FOLLOWING,1.5000916087528906,0.4499999975990179,0
28.832,9.359913790529443,0.00016022084339843885,-0.00010544782894777832,10.860000000000001,0.0,0.450159086208862,3.014756811797131e-05,0.45016847101281393,3.0002747633880462e-05,1.500086218026972,-1.3599276849064306e-06,8.621802697206249e-05,0,0,FOLLOWING,1.5000862177580638,0.4499999978991389,0
28.864,9.374318863056516,0.0001587176297937291,-0.00010449427932225805,10.874400000000001,0.0,0.4501497145121895,2.993841305946414e-05,0.45015852251030447,2.979842579805732e-05,1.5000811453401268,-1.3117502934798805e-06,8.114534012682029e-05,0,0,FOLLOWING,1.5000811451048306,0.4499999981617455,0
28.896,9.38872363605159,0.00015722815773718508,-0.00010354733057979261,10.8888,0.0,0.4501408965637853,2.9727413421948912e-05,0.4501491618783623,2.9592148202482134e-05,1.5000763721882209,-1.266104882637295e-06,7.637218822087455e-05,0,0,FOLLOWING,1.5000763719823376,0.4499999983915256,0
28.928,9.403128127213161,0.0001557523294810073,-0.00010260704149095239,10.9032,0.0,0.4501325996068558,2.9514694410753213e-05,0.45014035433756433,2.938403402658622e-05,1.5000718808727138,-1.2228694265467306e-06,7.188087271381427e-05,0,0,FOLLOWING,1.5000718806925646,0.4499999985925842,0
28.96,9.417532353192778,0.00015429004660909084,-0.00010167346686751923,10.9176,0.0,0.45012479282612944,2.930038510149144e-05,0.4501320671703071,2.917420698251437e-05,1.5000676547420042,-1.1819252832248913e-06,6.76547420042084e-05,0,0,FOLLOWING,1.5000676545843739,0.44999999876851154,0
28.992,9.431936329657104,0.00015284121008403662,-0.00010074665744404815,10.932,0.0,0.45011744723239944,2.908461760596658e-05,0.4501242695981432,2.896279448359875e-05,1.500063678129378,-1.1431573530732109e-06,6.367812937790873e-05,0,0,FOLLOWING,1.500063677991451,0.44999999892244813,0
29.024,9.446340071346276,0.00015140572029646748,-9.982665978412732e-05,10.9464,0.0,0.4501105355539737,2.886752623294026e-05,0.4501169326664968,2.8749926872557328e-05,1.5000599362946503,-1.1064542136600641e-06,5.9936294650286825e-05,0,0,FOLLOWING,1.5000599361739628,0.44999999905714316,0
29.056,9.4607435921288,0.0001499834771161167,-9.891351621188082e-05,10.9608,0.0,0.4501040321346079,2.8649246661534754e-05,0.45011002913625836,2.8535736632643376e-05,1.5000564153692666,-1.071708229890658e-06,5.641536926659363e-05,0,0,FOLLOWING,1.5000564152636657,0.44999999917500166,0
29.088,9.475146905053185,0.00014857437994448552,-9.800726476687478e-05,10.975200000000001,0.0,0.4500979128375321,2.8429915137924887e-05,0.450103533381761,2.8320357656292268e-05,1.500053102304671,-1.0388156413048484e-06,5.3102304671037714e-05,0,0,FOLLOWING,1.5000531022122703,0.4499999992781275,0
29.12,9.489550022396493,0.00014717832776850755,-9.710793918679338e-05,10.989600000000001,0.0,0.4500921549552116,2.8209667715254724e-05,0.4500974212950203,2.810392437731237e-05,1.5000499848237543,-1.0076766217955921e-06,4.998482375428992e-05,0,0,FOLLOWING,1.5000499847429034,0.44999999936836227,0
29.152,9.503952955710037,0.0001457952192148773,-9.621556891364224e-05,11.004000000000001,0.0,0.45008673712448727,2.7988639539936837e-05,0.4500916701955492,2.7886571035661668e-05,1.5000470513751571,-9.781953157971896e-07,4.7051375157147746e-05,0,0,FOLLOWING,1.500047051304412,0.44999999944731855,0
29.184,9.51835571586233,0.00014442495260488631,-9.533017911988402e-05,11.018400000000002,0.0,0.45008163924677996,2.776696419025547e-05,0.4500862587456161,2.766843105455619e-05,1.500044291090321,-9.502798544603345e-07,4.429109032089151e-05,0,0,FOLLOWING,1.5000442910284202,0.44999999951640496,0
29.216,9.532758313079519,0.00014306742600890638,-9.445179075716268e-05,11.0328,0.0,0.45007684241304774,2.754477307872113e-05,0.4500811668705564,2.7449636334580166e-05,1.500041693743054,-9.238423486162921e-07,4.169374305407203e-05,0,0,FOLLOWING,1.5000416936888912,0.4499999995768538,0
29.248,9.547160756983388,0.00014172253730086902,-9.358042062509887e-05,11.0472,0.0,0.45007232883322007,2.7322194913439708e-05,0.45007637568381426,2.7230316626463928e-05,1.5000392497115296,-8.987988613025659e-07,3.924971152957646e-05,0,0,FOLLOWING,1.5000392496641364,0.4499999996297476,0
29.28,9.561563056627127,0.00014039018421176181,-9.271608144839306e-05,11.0616,0.0,0.45006808176983143,2.709935522086463e-05,0.4500718674164436,2.7010599271460682e-05,1.5000369499425124,-8.750693709887788e-07,3.6949942512354284e-05,0,0,FOLLOWING,1.5000369499010433,0.44999999967603005,0
29.312,9.575965220528989,0.00013907026438262127,-9.185878198461443e-05,11.076,0.0,0.4500640854756035,2.6876375932103103e-05,0.45006762535087835,2.679060824242409e-05,1.5000347859177083,-8.52577703465494e-07,3.478591770833539e-05,0,0,FOLLOWING,1.5000347858814227,0.4499999997165268,0
29.344,9.590367256703907,0.00013776267541608985,-9.10085271305999e-05,11.0904,0.0,0.4500603251347489,2.6653375031789515e-05,0.4500636337584967,2.6570464187236986e-05,1.5000327496221408,-8.312514638696307e-07,3.274962214083743e-05,0,0,FOLLOWING,1.5000327495903902,0.44999999975196237,0
29.376,9.604769172693292,0.00013646731492664404,-9.01653180443563e-05,11.104800000000001,0.0,0.4500567868077612,2.6430466261236536e-05,0.4500598778411012,2.6350283944339934e-05,1.5000308335143577,-8.110219520492171e-07,3.083351435773096e-05,0,0,FOLLOWING,1.500030833486577,0.4499999997829681,0
29.408,9.619170975593025,0.00013518408058959196,-8.932915228284642e-05,11.119200000000001,0.0,0.4500534573794897,2.620775888375862e-05,0.45005634367572034,2.6130180046358423e-05,1.5000290304984363,-7.918240609659762e-07,2.9030498436277696e-05,0,0,FOLLOWING,1.5000290304741284,0.4499999998100978,0
29.44,9.633572672079818,0.00013391287018818472,-8.850002393933955e-05,11.133600000000001,0.0,0.450050324510301,2.5985357499733497e-05,0.450053018162738,2.59102607337158e-05,1.500027333897626,-7.735961740390105e-07,2.733389762599181e-05,0,0,FOLLOWING,1.5000273338763561,0.44999999983383576,0
29.472,9.647974268435982,0.00013265358165892436,-8.76779237874087e-05,11.148000000000001,0.0,0.45004737659014493,2.576336190765163e-05,0.45004988897712994,2.5690629746918935e-05,1.500025737429576,-7.562800544153991e-07,2.573742957601155e-05,0,0,FOLLOWING,1.5000257374109651,0.44999999985460665,0
29.504,9.662375770572762,0.00013140611313516108,-8.686283943490635e-05,11.162400000000002,0.0,0.45004460269534574,2.5541867018851074e-05,0.45004694452259214,2.5471386014736445e-05,1.5000242351830022,-7.39820722916353e-07,2.423518300220806e-05,0,0,FOLLOWING,1.5000242351667183,0.449999999872781,0
29.536,9.676777184052257,0.00013017036298867122,-8.605475547390647e-05,11.1768,0.0,0.4500419925479622,2.5320962803832003e-05,0.45004417388837814,2.5252623780243677e-05,1.5000228215957645,-7.241663384756288e-07,2.282159576449949e-05,0,0,FOLLOWING,1.5000228215815163,0.44999999988868217,0
29.568,9.691178514108083,0.00012894622986922411,-8.525365364275424e-05,11.1912,0.0,0.45003953647755907,2.5100734287125055e-05,0.45004156680870916,2.5034432222467254e-05,1.5000214914342147,-7.092680649511192e-07,2.149143421470434e-05,0,0,FOLLOWING,1.5000214914217482,0.44999999990259604,0
29.6,9.705579765664764,0.0001277336127421781,-8.445951297396384e-05,11.2056,0.0,0.4500372253852482,2.4881261565449602e-05,0.45003911362456483,2.4816895898624832e-05,1.5000202397737885,-6.950799506046822e-07,2.0239773788510718e-05,0,0,FOLLOWING,1.50002023976288,0.449999999914771,0
29.632,9.719980943356015,0.00012653241092394637,-8.367230995108394e-05,11.22,0.0,0.4500350507098631,2.4662619862978216e-05,0.4500368052478277,2.460009446389082e-05,1.5000190619807348,-6.815587970386458e-07,1.9061980734758066e-05,0,0,FOLLOWING,1.5000190619711904,0.4499999999254236,0
29.664,9.734382051541923,0.00012534252411546036,-8.289201866854599e-05,11.2344,0.0,0.4500330043961396,2.4444879608706868e-05,0.4500346331274398,2.4384102578175462e-05,1.5000179536949314,-6.686640236673786e-07,1.7953694931405195e-05,0,0,FOLLOWING,1.500017953686579,0.4499999999347453,0
29.696,9.748783094325116,0.000124163852433544,-8.21186109748984e-05,11.248800000000001,0.0,0.45003107886478516,2.4228106538299385e-05,0.45003258921764466,2.4168990425324382e-05,1.5000169108137145,-6.563575472748838e-07,1.691081371446579e-05,0,0,FOLLOWING,1.5000169108064045,0.4499999999429027,0
29.728,9.763184075565981,0.00012299629644048544,-8.135205662429267e-05,11.263200000000001,0.0,0.4500292669843208,2.401236181389284e-05,0.45003066594810326,2.3954823455241594e-05,1.5000159294766633,-6.446036519911482e-07,1.5929476663290032e-05,0,0,FOLLOWING,1.5000159294702664,0.4499999999500414,0
29.76,9.777584998896968,0.00012183975717139009,-8.05923234213233e-05,11.277600000000001,0.0,0.4500275620445928,2.3797702159495457e-05,0.4500288561957503,2.3741662591583168e-05,1.500015006051293,-6.33368864317121e-07,1.5006051292898448e-05,0,0,FOLLOWING,1.5000150060456956,0.4499999999562878,0
29.792,9.79198586773606,0.00012069413615967392,-7.983937736085732e-05,11.292000000000002,0.0,0.4500259577318565,2.3584180011582134e-05,0.45002715325835424,2.3529564388332233e-05,1.5000141371195879,-6.22621831809821e-07,1.4137119587864788e-05,0,0,FOLLOWING,1.5000141371146907,0.44999999996175427,0
29.824,9.806386685299447,0.00011955933546082535,-7.909318276311208e-05,11.306400000000002,0.0,0.45002444810533104,2.3371843676795516e-05,0.4500255508296061,2.331858117828989e-05,1.5000133194653238,-6.12333205262644e-07,1.3319465323791135e-05,0,0,FOLLOWING,1.5000133194610392,0.44999999996653656,0
29.856,9.82078745461344,0.00011843525767416857,-7.835370240578637e-05,11.3208,0.0,0.45002302757514934,2.3160737499713e-05,0.4500240429757346,2.3108761165163986e-05,1.5000125500621584,-6.02475522402669e-07,1.2550062158389608e-05,0,0,FOLLOWING,1.5000125500584103,0.4499999999707193,0
29.888,9.83518817852569,0.00011732180596310616,-7.762089764813636e-05,11.3352,0.0,0.45002169088161015,2.2950902037521814e-05,0.45002262411346416,2.2900148675283094e-05,1.500011826062409,-5.93023098540915e-07,1.1826062408903937e-05,0,0,FOLLOWING,1.500011826059128,0.4499999999743803,0
29.92,9.849588859715745,0.00011621888407336454,-7.68947285516078e-05,11.3496,0.0,0.4500204330756599,2.2742374232523036e-05,0.4500212889892808,2.269278426522483e-05,1.500011144786499,-5.839519192511517e-07,1.114478649899553e-05,0,0,FOLLOWING,1.5000111447836284,0.44999999997758466,0
29.952,9.86398950070496,0.00011512639634996593,-7.617515399696792e-05,11.364,0.0,0.4500192495005306,2.2535187595293693e-05,0.4500200326599669,2.2486704831192778e-05,1.5000105037130387,-5.752395356216577e-07,1.0503713038678697e-05,0,0,FOLLOWING,1.5000105037105267,0.449999999980388,0
29.984,9.878390103865868,0.00011404424775237929,-7.546213178828622e-05,11.378400000000001,0.0,0.4500181357744622,2.2329372378967115e-05,0.45001885047426177,2.2281944019988857e-05,1.5000099004694676,-5.668649713728551e-07,9.90046946758305e-06,0,0,FOLLOWING,1.50000990046727,0.4499999999828402,0
30.016000000000002,9.89279067143095,0.00011297234386843502,-7.475561875903371e-05,11.392800000000001,0.0,0.4500170877744505,2.2124955757263368e-05,0.450017738055539,2.2078532162819153e-05,1.500009332823275,-5.588086269633663e-07,9.332823275087776e-06,0,0,FOLLOWING,1.500009332821353,0.4499999999849857,0
30.048000000000002,9.9071912055009,0.00011191059092677917,-7.405557087081737e-05,11.407200000000001,0.0,0.4500161016209566,2.1921961999953824e-05,0.45001669128563476,2.1876496505431097e-05,1.500008798673736,-5.510521900244939e-07,8.798673736043483e-06,0,0,FOLLOWING,1.5000087986720538,0.44999999998686335,0
30.080000000000002,9.921591708052427,0.00011085889580785619,-7.336194330385379e-05,11.421600000000002,0.0,0.4500151736635203,2.172041264319407e-05,0.4500157062896031,2.167586146627773e-05,1.500008296044117,-5.435785530164737e-07,8.296044117006574e-06,0,0,FOLLOWING,1.5000082960426444,0.4499999999885065,0
30.112000000000002,9.93599218094556,0.00010981716605408766,-7.26746905450851e-05,11.436000000000002,0.0,0.4500143004672236,2.1520326657093533e-05,0.4500147794212783,2.147664871018129e-05,1.5000078230743579,-5.363717326511676e-07,7.823074357871107e-06,0,0,FOLLOWING,1.50000782307307,0.4499999999899442,0
30.144000000000002,9.950392625930547,0.00010878530987828209,-7.199376646827788e-05,11.450400000000002,0.0,0.45001347879995535,2.132172060756135e-05,0.45001390724977697,2.1278877398882297e-05,1.5000073780141832,-5.294167961013024e-07,7.378014183156978e-06,0,0,FOLLOWING,1.500007378013057,0.44999999999120155,0
30.176000000000002,9.964793044654328,0.00010776323617151006,-7.13191244137667e-05,11.4648,0.0,0.4500127056204315,2.112460881242839e-05,0.4500130865467833,2.1082564202129473e-05,1.5000069592166256,-5.226997871609501e-07,6.959216625634923e-06,0,0,FOLLOWING,1.5000069592156415,0.44999999999230067,0
30.208000000000002,9.979193438666641,0.00010675085450962661,-7.065071725878458e-05,11.4792,0.0,0.4500119780669218,2.0929003493621837e-05,0.45001231427460947,2.0887723591844654e-05,1.5000065651319243,-5.162076608731499e-07,6.5651319243187345e-06,0,0,FOLLOWING,1.5000065651310628,0.4499999999932624,0
30.240000000000002,9.99359380942576,0.00010574807515896608,-6.998849748109702e-05,11.4936,0.0,0.4500112934466425,2.073491491927371e-05,0.45001158757486304,2.0694368051388925e-05,1.5000061943017762,-5.099282242614154e-07,6.194301776174527e-06,0,0,FOLLOWING,1.500006194301023,0.4499999999941034,0
30.272000000000002,10.00799415830389,0.00010475480908100489,-6.933241722591866e-05,11.508000000000001,0.0,0.450010649225779,2.0542351542868828e-05,0.45001090375795366,2.050250797297668e-05,1.5000058453539542,-5.038500730504899e-07,5.845353954203603e-06,0,0,FOLLOWING,1.5000058453532952,0.4499999999948389,0
30.304000000000002,10.022394486592255,0.0001037709679363677,-6.868242836188464e-05,11.522400000000001,0.0,0.45001004302009323,2.035132013469523e-05,0.4500102602930306,2.0312151999717613e-05,1.5000055169972044,-4.979625388606063e-07,5.516997204413343e-06,0,0,FOLLOWING,1.500005516996627,0.44999999999548285,0
30.336000000000002,10.03679479550587,0.00010279646408803751,-6.803848253201496e-05,11.536800000000001,0.0,0.45000947258609386,2.0161825902636427e-05,0.45000965479865485,2.0123307182082424e-05,1.5000052080164905,-4.922556408425686e-07,5.208016490509948e-06,0,0,FOLLOWING,1.500005208015986,0.4499999999960463,0
30.368000000000002,10.051195086188052,0.0001018312106036732,-6.740053120851923e-05,11.551200000000001,0.0,0.45000893581271983,1.9973872613950526e-05,0.4500090850339924,1.9935978857900553e-05,1.5000049172684697,-4.867200328481458e-07,4.917268469739611e-06,0,0,FOLLOWING,1.5000049172680292,0.44999999999653895,0
30.400000000000002,10.065595359714637,0.00010087512125752446,-6.676852573921721e-05,11.565600000000002,0.0,0.4500084307135231,1.9787462705009618e-05,0.45000854889042885,1.9750170914349638e-05,1.5000046436772843,-4.813469586852091e-07,4.643677284255077e-06,0,0,FOLLOWING,1.5000046436768988,0.44999999999696916,0
30.432000000000002,10.079995617097978,9.992811053153542e-05,-6.614241738371356e-05,11.580000000000002,0.0,0.4500079554193075,1.9602597384723218e-05,0.45000804438387804,1.9565886108154706e-05,1.5000043862305563,-4.7612821705250816e-07,4.386230556319148e-06,0,0,FOLLOWING,1.5000043862302188,0.44999999999734663,0
30.464000000000002,10.09439585929068,9.89900936157936e-05,-6.552215735904576e-05,11.594400000000002,0.0,0.45000750817120716,1.9419276733816877e-05,0.45000756964731353,1.9383125769539213e-05,1.5000041439756593,-4.7105611653778384e-07,4.143975659287591e-06,0,0,FOLLOWING,1.5000041439753626,0.4499999999976769,0
30.496000000000002,10.108796087189134,9.806098640891601e-05,-6.490769687245492e-05,11.6088,0.0,0.4500070873141707,1.9237499794636886e-05,0.4500071229239767,1.9201890204638372e-05,1.5000039160161769,-4.661234434290138e-07,3.9160161768858615e-06,0,0,FOLLOWING,1.5000039160159175,0.4499999999979656,0
30.528000000000002,10.123196301636835,9.714070551730065e-05,-6.429898715540435e-05,11.6232,0.0,0.45000669129083215,1.9057264658389135e-05,0.4500067025607247,1.9022178656509676e-05,1.500003701508597,-4.6132342749830577e-07,3.701508596964942e-06,0,0,FOLLOWING,1.5000037015083696,0.44999999999821955,0
30.560000000000002,10.137596503427497,9.62291682545203e-05,-6.36959794957089e-05,11.6376,0.0,0.4500063186357429,1.8878568544285677e-05,0.4500063070020351,1.884398936416799e-05,1.5000034996591807,-4.5664970975023043e-07,3.4996591806724098e-06,0,0,FOLLOWING,1.5000034996589817,0.4499999999984416,0
30.592000000000002,10.151996693308005,9.532629264003345e-05,-6.309862526453226e-05,11.652000000000001,0.0,0.450005967969944,1.8701407875138584e-05,0.45000593478418044,1.8667319722961494e-05,1.5000033097210232,-4.5209631482762933e-07,3.3097210232480023e-06,0,0,FOLLOWING,1.5000033097208492,0.4499999999986359,0
30.624000000000002,10.16639687198116,9.44319973975182e-05,-6.250687593998035e-05,11.666400000000001,0.0,0.450005637995862,1.8525778345058876e-05,0.45000558452980954,1.8492166390945183e-05,1.5000031309913024,-4.476576265515127e-07,3.1309913024468727e-06,0,0,FOLLOWING,1.5000031309911497,0.4499999999988066,0
30.656000000000002,10.180797040108297,9.35462019528983e-05,-6.192068313147381e-05,11.680800000000001,0.0,0.45000532749250277,1.8351674983405375e-05,0.45000525494288635,1.8318525264534443e-05,1.5000029628086624,-4.4332836246122704e-07,2.9628086624100547e-06,0,0,FOLLOWING,1.5000029628085274,0.44999999999895646,0
30.688000000000002,10.195197198311725,9.266882643207837e-05,-6.133999860500496e-05,11.695200000000002,0.0,0.45000503531093144,1.8179092214983445e-05,0.4500049448038423,1.8146391450863063e-05,1.5000028045507754,-4.391035472597426e-07,2.8045507753926557e-06,0,0,FOLLOWING,1.5000028045506564,0.4499999999990883,0
30.72,10.209597347177029,9.179979165857412e-05,-6.0764774295197826e-05,11.709600000000002,0.0,0.45000476037001863,1.8008023914125225e-05,0.4500046529650922,1.7975759680192633e-05,1.5000026556320352,-4.349784993719721e-07,2.6556320351645013e-06,0,0,FOLLOWING,1.5000026556319304,0.44999999999920487,0
30.752,10.22399748725524,9.09390191504504e-05,-6.0194962329782396e-05,11.724,0.0,0.45000450165243777,1.783846345501969e-05,0.45000437834677004,1.780662391795949e-05,1.5000025155013912,-4.309488046138295e-07,2.5155013911870583e-06,0,0,FOLLOWING,1.5000025155013024,0.4499999999993048,0
30.784,10.238397619064878,9.008643111743357e-05,-5.963051504229949e-05,11.7384,0.0,0.450004258200897,1.767040376046383e-05,0.45000411993276734,1.7638977732575257e-05,1.500002383640306,-4.270103017345371e-07,2.3836403060251143e-06,0,0,FOLLOWING,1.5000023836402279,0.4499999999993922,0
30.816,10.25279774309386,8.924195045766546e-05,-5.907138498775881e-05,11.7528,0.0,0.4500040291145998,1.750383734173195e-05,0.45000387676688036,1.7472814203138848e-05,1.5000022595608458,-4.231590647545244e-07,2.2595608457631755e-06,0,0,FOLLOWING,1.5000022595607783,0.44999999999946855,0
30.848,10.267197859801314,8.840550075432023e-05,-5.851752495353759e-05,11.767199999999999,0.0,0.45000381354590574,1.7338756340418768e-05,0.4500036479493987,1.730812606816427e-05,1.5000021428038588,-4.193913899615888e-07,2.1428038587956166e-06,0,0,FOLLOWING,1.5000021428038002,0.4499999999995338,0
30.88,10.281597969619282,8.757700627181676e-05,-5.796888797545477e-05,11.7816,0.0,0.45000361069719574,1.7175152562584925e-05,0.45000343263365306,1.7144905563847847e-05,1.5000020329372907,-4.157037774504425e-07,2.0329372907301746e-06,0,0,FOLLOWING,1.5000020329372392,0.44999999999959067,0
30.912,10.295998072954307,8.675639195233525e-05,-5.74254273443058e-05,11.796,0.0,0.4500034198179192,1.7013017514284142e-05,0.45000323002297965,1.698314472217368e-05,1.5000019295545801,-4.120929223957865e-07,1.9295545801156777e-06,0,0,FOLLOWING,1.5000019295545357,0.44999999999964063,0
30.944,10.310398170188941,8.594358341165327e-05,-5.68870966188867e-05,11.8104,0.0,0.4500032402018159,1.6852342430774393e-05,0.4500030393677002,1.6822835168123287e-05,1.500001832273155,-4.085556993733714e-07,1.8322731549780258e-06,0,0,FOLLOWING,1.500001832273116,0.44999999999968504,0
30.976,10.32479826168317,8.513850693532593e-05,-5.635384963337698e-05,11.8248,0.0,0.4500030711843007,1.669311830592651e-05,0.45000285996238126,1.666396829596461e-05,1.5000017407330146,-4.0508915254347516e-07,1.7407330146212985e-06,0,0,FOLLOWING,1.500001740732979,0.4499999999997239,0
31.008,10.339198347775733,8.434108947444083e-05,-5.582564050282133e-05,11.8392,0.0,0.45000291214000676,1.653533591531679e-05,0.45000269114321834,1.6506535328658844e-05,1.5000016545954038,-4.01690487444211e-07,1.6545954037994193e-06,0,0,FOLLOWING,1.5000016545953736,0.4499999999997586,0
31.04,10.353598428785387,8.355125864150929e-05,-5.530242363458261e-05,11.8536,0.0,0.45000276248046645,1.6378985842280258e-05,0.4500025322855871,1.635052713126374e-05,1.5000015735415477,-3.983570568978341e-07,1.5735415477280412e-06,0,0,FOLLOWING,1.500001573541521,0.44999999999978774,0
31.072,10.367998505012071,8.276894270587365e-05,-5.4784153730449285e-05,11.868,0.0,0.4500026216519396,1.6224058497647955e-05,0.4500023828016996,1.619593450297878e-05,1.5000014972714928,-3.950863559322169e-07,1.4972714927896646e-06,0,0,FOLLOWING,1.5000014972714697,0.4499999999998141,0
31.104,10.382398576738037,8.19940705896611e-05,-5.427078579571288e-05,11.8824,0.0,0.45000248913335816,1.6070544140471082e-05,0.45000224213847706,1.6042747959334517e-05,1.5000014255029703,-3.9187601009209246e-07,1.4255029703313937e-06,0,0,FOLLOWING,1.5000014255029508,0.4499999999998363,0
31.136,10.396798644228877,8.122657186311208e-05,-5.376227514000619e-05,11.8968,0.0,0.45000236443440134,1.59184328957846e-05,0.45000210977545607,1.5890957989665072e-05,1.500001357970374,-3.887237715651727e-07,1.3579703739274862e-06,0,0,FOLLOWING,1.5000013579703562,0.44999999999985574,0
31.168,10.411198707734513,8.046637674003069e-05,-5.325857738709179e-05,11.9112,0.0,0.45000224709368014,1.5767714771581292e-05,0.4500019852228847,1.5740554777415032e-05,1.500001294423763,-3.856275064349741e-07,1.2944237630652111e-06,0,0,FOLLOWING,1.5000012944237489,0.4499999999998724,0
31.2,10.425598767490118,7.97134160733334e-05,-5.275964847371195e-05,11.9256,0.0,0.4500021366770312,1.5618379672825238e-05,0.4500018680199172,1.5591528541969493e-05,1.5000012346279554,-3.8258519293193785e-07,1.2346279554265038e-06,0,0,FOLLOWING,1.500001234627943,0.44999999999988627,0
31.232,10.43999882371699,7.896762135027656e-05,-5.226544465368021e-05,11.94,0.0,0.4500020327759091,1.547041741684691e-05,0.4500017577328964,1.5443869374850716e-05,1.5000011783616356,-3.795949142251868e-07,1.1783616356009219e-06,0,0,FOLLOWING,1.500001178361625,0.44999999999989876,0
31.264,10.454398876623372,7.822892468791714e-05,-5.1775922502482625e-05,11.9544,0.0,0.450001935005874,1.5323817743606583e-05,0.45000165395376573,1.5297567223792912e-05,1.5000011254165473,-3.7665485085467874e-07,1.1254165472873723e-06,0,0,FOLLOWING,1.5000011254165366,0.44999999999990986,0
31.296,10.468798926405217,7.749725882825156e-05,-5.1291038921451275e-05,11.9688,0.0,0.4500018430051705,1.5178570331286778e-05,0.4500015562985259,1.5152611906106798e-05,1.500001075596723,-3.737632733728823e-07,1.075596723021377e-06,0,0,FOLLOWING,1.5000010755967124,0.44999999999992096,0
31.328,10.483198973246914,7.677255713365363e-05,-5.0810751134129765e-05,11.9832,0.0,0.4500017564333889,1.5034664803002962e-05,0.45000146440585825,1.5008993352684249e-05,1.50000102871776,-3.7091854298988404e-07,1.0287177600876163e-06,0,0,FOLLOWING,1.5000010287177494,0.44999999999993207,0
31.36,10.497599017321974,7.605475358193154e-05,-5.033501669351631e-05,11.9976,0.0,0.45000167497020505,1.4892090739238029e-05,0.45000137793575534,1.48667012680663e-05,1.5000009846061333,-3.681191010837458e-07,9.846061332918765e-07,0,0,FOLLOWING,1.5000009846061244,0.4499999999999418,0
31.392,10.511999058793673,7.534378276174172e-05,-4.986379348058033e-05,12.012,0.0,0.4500015983141941,1.4750837686724102e-05,0.4500012965682558,1.4725725403155118e-05,1.5000009430985546,-3.653634676717255e-07,9.430985545844095e-07,0,0,FOLLOWING,1.5000009430985475,0.4499999999999501,0
31.424,10.526399097815649,7.463957986761081e-05,-4.939703970630625e-05,12.0264,0.0,0.4500015261817171,1.46108951651532e-05,0.4500012200022832,1.4586055444979473e-05,1.5000009040413733,-3.626502360897383e-07,9.040413733174546e-07,0,0,FOLLOWING,1.500000904041368,0.44999999999995705,0
31.456,10.540799134532476,7.394208069529916e-05,-4.8934713912446184e-05,12.0408,0.0,0.45000145830586974,1.447225267665115e-05,0.45000114795453583,1.4447681057050786e-05,1.5000008672900014,-3.599780691883648e-07,8.672900013717566e-07,0,0,FOLLOWING,1.500000867289996,0.4499999999999626,0
31.488,10.555199169080195,7.325122163681653e-05,-4.84767749731131e-05,12.0552,0.0,0.45000139443549714,1.4334899711698768e-05,0.45000108015843504,1.4310591853091983e-05,1.5000008327083836,-3.573456944531761e-07,8.32708383580183e-07,0,0,FOLLOWING,1.50000083270838,0.44999999999996676,0
31.52,10.569599201586822,7.256693967569126e-05,-4.8023182093234416e-05,12.0696,0.0,0.4500013343342637,1.4198825757421534e-05,0.4500010163631122,1.4174777495151345e-05,1.5000008001684966,-3.547519024314411e-07,8.001684965730504e-07,0,0,FOLLOWING,1.500000800168493,0.4499999999999709,0
31.552,10.583999232172825,7.18891723821927e-05,-4.757389481055643e-05,12.084,0.0,0.4500012777797764,1.4064020301537047e-05,0.450000956332512,1.4040227582638538e-05,1.5000007695498578,-3.52195541575024e-07,7.695498578375037e-07,0,0,FOLLOWING,1.5000007695498543,0.4499999999999751,0
31.584,10.598399260951552,7.121785790838822e-05,-4.7128872993772426e-05,12.0984,0.0,0.4500012245627663,1.393047283886833e-05,0.45000089984449504,1.3906931773460823e-05,1.5000007407391076,-3.496755168457479e-07,7.407391076075243e-07,0,0,FOLLOWING,1.500000740739104,0.44999999999997925,0
31.616,10.612799288029674,7.055293498349064e-05,-4.6688076845175864e-05,12.1128,0.0,0.45000117448631033,1.3798172877462397e-05,0.4500008466900477,1.3774879642612223e-05,1.500000713629564,-3.4719078398902527e-07,7.136295641085866e-07,0,0,FOLLOWING,1.5000007136295623,0.449999999999982,0
31.648,10.627199313507559,6.989434290884835e-05,-4.6251466897487254e-05,12.1272,0.0,0.45000112736510445,1.3667109941353477e-05,0.4500007966724621,1.3644060864247756e-05,1.5000006881208472,-3.447403493922474e-07,6.88120847192053e-07,0,0,FOLLOWING,1.5000006881208454,0.4499999999999834,0
31.68,10.641599337479658,6.92420215532859e-05,-4.581900401518453e-05,12.1416,0.0,0.45000108302477826,1.353727357707631e-05,0.4500007496066672,1.3514465070947995e-05,1.5000006641184944,-3.423232656725832e-07,6.641184944200518e-07,0,0,FOLLOWING,1.5000006641184926,0.4499999999999848,0
31.712,10.655999360034846,6.859591134827658e-05,-4.539064939300313e-05,12.156,0.0,0.45000104130124996,1.3408653357416258e-05,0.4500007053184776,1.3386081942165442e-05,1.5000006415336202,-3.3993862998076517e-07,6.415336202270083e-07,0,0,FOLLOWING,1.5000006415336185,0.4499999999999862,0
31.744,10.67039938125676,6.795595328311123e-05,-4.496636455604588e-05,12.1704,0.0,0.4500010020401179,1.328123888397512e-05,0.4500006636440311,1.325890115391976e-05,1.5000006202825782,-3.3758558069161654e-07,6.202825781898014e-07,0,0,FOLLOWING,1.5000006202825764,0.4499999999999876,0
31.776,10.68479940122409,6.732208890018832e-05,-4.454611135602541e-05,12.184800000000001,0.0,0.45000096509609167,1.315501979151337e-05,0.4500006244290788,1.3132912499653977e-05,1.5000006002866644,-3.3526329804072153e-07,6.002866643761706e-07,0,0,FOLLOWING,1.5000006002866626,0.44999999999998896,0
31.808,10.699199420010894,6.669426029024978e-05,-4.4129851974184334e-05,12.1992,0.0,0.45000093033245264,1.3029985751502852e-05,0.4500005875285234,1.300810568155689e-05,1.5000005814718131,-3.3297099804674104e-07,5.814718131436081e-07,0,0,FOLLOWING,1.5000005814718131,0.44999999999998896,0
31.84,10.713599437686854,6.60724100876487e-05,-4.371754891717275e-05,12.2136,0.0,0.450000897620549,1.2906126474100512e-05,0.45000055280580525,1.2884470530644635e-05,1.5000005637683327,-3.3070793349560315e-07,5.637683326842335e-07,0,0,FOLLOWING,1.5000005637683327,0.44999999999998896,0
31.872,10.727999454317546,6.545648146555889e-05,-4.3309165017876725e-05,12.228,0.0,0.450000866839319,1.2783431711898492e-05,0.4500005201324114,1.27619968520418e-05,1.500000547110637,-3.284733899345529e-07,5.471106370169565e-07,0,0,FOLLOWING,1.500000547110637,0.44999999999998896,0
31.904,10.742399469964669,6.48464181314199e-05,-4.290466343409394e-05,12.2424,0.0,0.4500008378748444,1.2661891263871578e-05,0.45000048938741966,1.2640674492262177e-05,1.5000005314370168,-3.2626668397412866e-07,5.314370168374438e-07,0,0,FOLLOWING,1.5000005314370168,0.44999999999998896,0
31.936,10.756799484686285,6.424216432211883e-05,-4.2504007644204665e-05,12.2568,0.0,0.45000081061992847,1.2541494974390353e-05,0.4500004604570606,1.252049343309838e-05,1.5000005166894,-3.2408716441902595e-07,5.16689399931991e-07,0,0,FOLLOWING,1.5000005166894,0.44999999999998896,0
31.968,10.771199498537033,6.364366479942802e-05,-4.2107161451528215e-05,12.2712,0.0,0.4500007849736983,1.2422232739339734e-05,0.4500004332342471,1.2401443520205993e-05,1.5000005028131387,-3.219342048829728e-07,5.028131386808354e-07,0,0,FOLLOWING,1.5000005028131387,0.44999999999998896,0
32.0,10.785599511568321,6.305086484529487e-05,-4.1714088974106776e-05,12.2856,0.0,0.45000076084123364,1.2304094505132135e-05,0.45000040761823473,1.2283514918495928e-05,1.5000004897568158,-3.198072108762882e-07,4.897568157691268e-07,0,0,FOLLOWING,1.5000004897568158,0.44999999999998896,0
32.032000000000004,10.79999952382853,6.246371025725439e-05,-4.132475465077911e-05,12.3,0.0,0.45000073813321445,1.2187070271668037e-05,0.45000038351421506,1.216669760307367e-05,1.5000004774720415,-3.1770561068547175e-07,4.774720414602029e-07,0,0,FOLLOWING,1.5000004774720432,0.4499999999999876,0
32.064,10.814399535363183,6.1882147343959e-05,-4.093912323570133e-05,12.3,0.0,0.44693135671588097,5.549296100366203e-06,0.4500003608329725,1.205098172027313e-05,1.485600465925657,-7.155132437618579e-07,-0.014399534074343023,0,0,FOLLOWING,1.4956804659169713,0.4387499999999862,0
32.096000000000004,10.828705521788468,6.130997237074328e-05,-4.0758149841675436e-05,12.3,0.0,0.439242470828396,-8.9039089032165e-06,0.44705967158401494,5.65541858710791e-06,1.4712944794889498,-9.126191601784848e-07,-0.028705520511050242,0,0,FOLLOWING,1.488178479474458,0.419906249999987,0
32.128,10.842771341687094,6.074993476944205e-05,-4.1023799163115306e-05,12.3,0.0,0.42642659073952127,-2.8107699828675926e-05,0.4395510998040796,-8.301540197438577e-06,1.4572286595791992,-6.648777563884328e-07,-0.042771340420800774,0,0,FOLLOWING,1.4784533595610196,0.3962179687499852,0
32.160000000000004,10.856432689622007,6.0202019478958706e-05,-4.188470726313313e-05,12.3,0.0,0.4086559262102045,-4.6459737682309e-05,0.4269081258001683,-2.6903370644864545e-05,1.4435673116333152,1.810617100248368e-07,-0.0564326883666848,0,0,FOLLOWING,1.4672998841130114,0.3697307226562372,0
32.192,10.869529737864363,5.966466773835063e-05,-4.3317053946898054e-05,12.3,0.0,0.38651241843856476,-5.7696255064440846e-05,0.4092712709441976,-4.4760810383412744e-05,1.4304702633799387,1.6072265684009764e-06,-0.06952973662006134,0,0,FOLLOWING,1.4553650322961527,0.34194638232420477,0
32.224000000000004,10.881920873504207,5.913743717927723e-05,-4.5103100943663854e-05,12.3,0.0,0.36091241843856475,-5.635715495107737e-05,0.3872099812496527,-5.5813922401486656e-05,1.4180791277288833,3.4006063225566162e-06,-0.08192087227111666,0,0,FOLLOWING,1.4431650649277616,0.3139486845336807,0
32.256,10.89349362472526,5.862331501899116e-05,-4.685512609622257e-05,12.3,0.0,0.3353124184385648,-3.867585607923255e-05,0.361635019039868,-5.475072281374767e-05,1.4065063764964538,5.175034192200792e-06,-0.09349362350354617,0,0,FOLLOWING,1.4310989830632317,0.2865015789669668,0
32.288000000000004,10.904242980714272,5.8126347806292805e-05,-4.8067280058549484e-05,12.3,0.0,0.3097124184385648,-2.7703989173843983e-06,0.3359063427917629,-3.787975465790413e-05,1.395757020496065,6.422246596754207e-06,-0.10424297950393502,0,0,FOLLOWING,1.4193894804562135,0.26012606559609824,0
32.32,10.914169320547733,5.765571157825141e-05,-4.817356836234781e-05,12.3,0.0,0.2841124184385648,5.145859700760191e-05,0.31018929454713806,-3.3214899953033764e-06,1.3858306806516134,6.569848369820084e-06,-0.11416931934838659,0,0,FOLLOWING,1.4082002264881226,0.2351600545965846,0
32.352000000000004,10.923273371686285,5.7224657005704906e-05,-4.6602821043984704e-05,12.3,0.0,0.25851241843856476,0.00012259288103895946,0.2844945588625285,4.9085809269604266e-05,1.3767266295030078,5.037084029919185e-06,-0.12327337049699216,0,0,FOLLOWING,1.3976528968070578,0.2118048455320147,0
32.384,10.931555755697001,5.6807106282581674e-05,-4.2999229344302683e-05,12.3,0.0,0.23291241843856475,0.00020812594561794544,0.2588188877566839,0.00011261076502350735,1.3684442454820929,1.487047546289769e-06,-0.13155575451790713,0,0,FOLLOWING,1.387837061130834,0.1901610780485116,0
32.416000000000004,10.939016972218262,5.646312447909988e-05,-3.67151424403629e-05,12.3,0.0,0.20731241843856474,0.0003046177467973779,0.2331585413381676,0.00019637613151560535,1.360983028952982,-4.771873410771305e-06,-0.13901697104701793,0,0,FOLLOWING,1.378817608051772,0.17025641385884968,0
32.448,10.945657420011395,5.620543775636257e-05,-2.7407928999092643e-05,12.3,0.0,0.18171241843856473,0.00040815077110314653,0.20751042561034105,0.0002908489859105353,1.354342581154873,-1.4092233924654895e-05,-0.14565741884512695,0,0,FOLLOWING,1.3706405301912,0.15206673857961198,0
32.480000000000004,10.95147741704898,5.6041004739078603e-05,-1.4855299715215092e-05,12.3,0.0,0.15611241843856472,0.0005145789215239067,0.18187206266174408,0.00039226838610587284,1.3485225841154773,-2.670203526406343e-05,-0.15147741588452268,0,0,FOLLOWING,1.3633374433821446,0.13553229741965805,0
32.512,10.956477216854934,5.597016624659384e-05,1.0371114331187858e-06,12.3,0.0,0.1305124184385647,0.0006197449458242115,0.15624147575990716,0.0004966367267589748,1.343522784310905,-4.2696372382303466e-05,-0.156477215689095,0,0,FOLLOWING,1.3569291092571112,0.12056988117219598,0
32.544000000000004,10.96065702156429,5.598535494439907e-05,2.0234835643216126e-05,12.3,0.0,0.10491241843856472,0.0007197376235572842,0.13061708873508784,0.0005999279247934853,1.3393429796058223,-6.203544669892921e-05,-0.16065702039417773,0,0,FOLLOWING,1.3514281724040227,0.10708194276967006,0
32.576,10.964016992339173,5.607034077834161e-05,4.258169911522981e-05,12.3,0.0,0.07931241843856472,0.0008110007833716083,0.10499764488281674,0.0006983387017480785,1.3359830088374451,-8.455105083894216e-05,-0.16401699116255486,0,0,FOLLOWING,1.3468412793120643,0.09496333731865872,0
32.608000000000004,10.966557257674099,5.620006218747537e-05,6.781043870898665e-05,12.3,0.0,0.053712418438564724,0.0008904236529509016,0.07938214222070199,0.0007883975153038181,1.3334427435102223,-0.00010995702691281894,-0.1665572564897777,0,0,FOLLOWING,1.3431707115964562,0.08410623006998588,0
32.64,10.968277920018199,5.634100627908029e-05,9.555621385318674e-05,12.3,0.0,0.028112418438564723,0.0009553943957112645,0.053769781861375036,0.0008670550675803302,1.331722081173608,-0.0001378630938639438,-0.1682779188263921,0,0,FOLLOWING,1.3404156383858132,0.07440359924416375,0
32.672000000000004,10.969179061055478,5.645207996978954e-05,0.0001253718696458405,12.3,0.0,0.002512418438564722,0.0010038244135152194,0.028159926849968566,0.0009317390305385215,1.3308209401418432,-0.0001677908595218958,-0.16917905985815684,0,0,FOLLOWING,1.338573070811932,0.06575166768498651,0
32.704,10.969260745914978,5.648589821245302e-05,0.0001567440370595462,12.3,0.0,0.0,0.0010341505376991096,0.002552069344864879,0.000980380206271245,1.3307392552838513,-0.0001991910438680788,-0.16926074471614871,0,0,FOLLOWING,1.337638584107727,0.058051523901437335,0
32.736000000000004,10.969230369216008,5.650144294439974e-05,0.00018910975507167342,12.3,0.0,0.0,0.0010483969868953851,-0.0009316631314263772,0.00101142898605411,1.3307696319834534,-0.000231567473976156,-0.16923036801654656,0,0,FOLLOWING,1.3368995162943866,0.051210135155418904,0
32.768,10.969199666284638,5.651230090439691e-05,0.0002219661119996516,12.3,0.0,0.0,0.0010489410051648489,-0.0009416850817169137,0.0010267613897297536,1.3308003349152575,-0.00026443101033091026,-0.1691996650847425,0,0,FOLLOWING,1.3362383609593593,0.045140909654319675,0
32.8,10.96917455695199,5.652001343066008e-05,0.00025488241401562105,12.3,0.0,0.0,0.0010379611648792767,-0.0007701226447033133,0.0010286345747754352,1.330825444248211,-0.0002973523064360949,-0.16917455575178897,0,0,FOLLOWING,1.3356432188544274,0.039763929062192144,0
32.832,10.969154477858453,5.652540710997278e-05,0.00028749472137206165,12.3,0.0,0.0,0.001017417296016663,-0.0006158398642865777,0.0010191346780661077,1.3308455233419583,-0.00032996802585072416,-0.16915447665804173,0,0,FOLLOWING,1.3351086775765,0.0350059444211493,0
32.864,10.969138465142217,5.6529103171937384e-05,0.0003194995153207869,12.3,0.0,0.0,0.0009890625256127764,-0.0004911198137941931,0.0010001498479138603,1.3308615360583365,-0.0003619750859623127,-0.16913846394166354,0,0,FOLLOWING,1.3346298771768428,0.03080020656189024,0
32.896,10.969125700009617,5.6531571320982654e-05,0.00035064761633218694,12.3,0.0,0.0,0.0009544575928162704,-0.00039151302754928617,0.0009733781739736633,1.3308743011910305,-0.00039312463409967344,-0.16912569880896955,0,0,FOLLOWING,1.3342020646003492,0.027086184896362456,0
32.928,10.969115524717628,5.653316368151569e-05,0.00038073845568246755,12.3,0.0,0.0,0.0009149847174987223,-0.00031207990686526717,0.0009403387368123054,1.3308844764830774,-0.0004232163451593275,-0.1691155235169226,0,0,FOLLOWING,1.3338206414107332,0.02380921510808258,0
32.96,10.969107414365359,5.653414136913519e-05,0.00040961470646726515,12.3,0.0,0.0,0.0008718608832744991,-0.0002487460446490067,0.0009023828390785953,1.3308925868353805,-0.0004520930716977492,-0.16910741316461952,0,0,FOLLOWING,1.3334812287026803,0.02092010587858487,0
32.992,10.969100950400827,5.6534695770157774e-05,0.0004371572713526412,12.3,0.0,0.0,0.0008261505938526937,-0.00019824960849634457,0.0008607051524334638,1.3308990507999299,-0.00047963584683376426,-0.16910094920007013,0,0,FOLLOWING,1.333179710478297,0.0183747267709716,0
33.024,10.96909579910672,5.65349654421757e-05,0.0004632806230612611,12.3,0.0,0.0,0.0007787781428103478,-0.00015798863102492545,0.0008163547397928003,1.3309042020940445,-0.0005057592367512817,-0.16909579790595552,0,0,FOLLOWING,1.3329122577482007,0.016133593226368648,0
33.056,10.969091694408764,5.6535049360421044e-05,0.00048792849238109027,12.3,0.0,0.0,0.0007305394096799179,-0.00012588842930322797,0.0007702459149595246,1.330908306792,-0.0005304070381147888,-0.169091693208,0,0,FOLLOWING,1.3326753382378544,0.01416145991448598,0
33.088,10.969088424165106,5.6535017167116815e-05,0.0005110698969114573,12.3,0.0,0.0,0.0006821131769316714,-0.0001002948401806251,0.0007231688904001175,1.3309115770356539,-0.000553548314080267,-0.16908842296434612,0,0,FOLLOWING,1.332465715749551,0.012426930098305899,0
33.12,10.96908581923439,5.653491700904825e-05,0.0005326955020073236,12.3,0.0,0.0,0.000634071952148892,-7.9888993272653e-05,0.0006758001582830374,1.3309141819663628,-0.000575173760780194,-0.1690858180336372,0,0,FOLLOWING,1.3322804423000414,0.010902085974522389,0
33.152,10.969083744759702,5.653478146439055e-05,0.0005528143036064709,12.3,0.0,0.0,0.0005868922753610499,-6.361934909302009e-05,0.0006287125492305093,1.3309162564410433,-0.0005952923943261455,-0.16908374355895672,0,0,FOLLOWING,1.3321168454002272,0.009562142938510557,0
33.184,10.969082092318237,5.6534631905752216e-05,0.0005714506191990793,12.3,0.0,0.0,0.0005409644880674055,-5.0675536031304e-05,0.0005823848617188335,1.330917908882501,-0.0006139285448062439,-0.16908209111749906,0,0,FOLLOWING,1.3319725131555586,0.008385129239839634,0
33.216,10.969080772236735,5.6534481585406574e-05,0.0005886413778883963,12.3,0.0,0.0,0.0004966019403040971,-4.048378827548458e-05,0.0005372112086476913,1.330919228963995,-0.0006311191484187802,-0.16908077103600494,0,0,FOLLOWING,1.331845278849939,0.007351591419774594,0
33.248,10.969079716494624,5.6534338607772685e-05,0.0006044336998889862,12.3,0.0,0.0,0.0004540496632811159,-3.2378097972570046e-05,0.0004935100622435257,1.3309202847060986,-0.0006469113292965643,-0.16907971529390142,0,0,FOLLOWING,1.3317331952739142,0.006444325160233699,0
33.28,10.969078871839791,5.6534207527168665e-05,0.0006188827204714261,12.3,0.0,0.0,0.0004134924555209404,-2.5905209291894803e-05,0.0004515318930122846,1.3309211293609255,-0.0006613602244323978,-0.16907887063907445,0,0,FOLLOWING,1.3316345196418558,0.0056481306495497095,0
33.312,10.969078195834696,5.653409045203745e-05,0.0006320496830429399,12.3,0.0,0.0,0.0003750623843052869,-2.073354322148413e-05,0.0004114675802316014,1.3309218053660155,-0.0006745270774631861,-0.16907819463398455,0,0,FOLLOWING,1.3315476966891036,0.004949591225831074,0
33.344,10.969077654606417,5.653398789856613e-05,0.0006440002599026566,12.3,0.0,0.0,0.0003388457147919445,-1.6600503195207795e-05,0.0003734555267801169,1.3309223465942888,-0.0006864775599947563,-0.16907765340571124,0,0,FOLLOWING,1.3314713413638097,0.004336873848582037,0
33.376,10.969077221110023,5.653389940220894e-05,0.0006548030892672124,12.3,0.0,0.0,0.0003048892756782023,-1.3296737698775251e-05,0.00033758841758517065,1.330922780090679,-0.0006972803090315011,-0.1690772199093209,0,0,FOLLOWING,1.3314042224034643,0.003799549838292092,0
33.408,10.969076873748811,5.653382393790437e-05,0.0006645285117031545,12.3,0.0,0.0,0.00027320627474013165,-1.0655198202353424e-05,0.0003039194510854688,1.3309231274518873,-0.0007070056636804755,-0.16907687254811266,0,0,FOLLOWING,1.331345246987138,0.0033284342851315502,0
33.44,10.96907659527414,5.653376020160062e-05,0.0006732474893564186,12.3,0.0,0.0,0.00024378158172733494,-8.542567290174641e-06,0.00027246805163979736,1.3309234059265551,-0.0007157245845572833,-0.16907659407344489,0,0,FOLLOWING,1.3312934465291506,0.002915442540791053,0
33.472,10.969076371907777,5.653370679324723e-05,0.0006810306917247224,12.3,0.0,0.0,0.0002165764996181058,-6.852436695112446e-06,0.0002432250739934284,1.3309236292929163,-0.0007235077396679487,-0.1690763707070837,0,0,FOLLOWING,1.331247963627588,0.0025534622562332875,0
33.504,10.969076192641667,5.6533662330995024e-05,0.0006879477322804541,12.3,0.0,0.0,0.00019153304807340097,-5.499867314836929e-06,0.00021615751735620556,1.3309238085590238,-0.0007304247410952592,-0.1690761914409762,0,0,FOLLOWING,1.3312080401477826,0.0022362395006362726,0
33.536,10.969076048679238,5.653362551807244e-05,0.0006940665408730468,12.3,0.0,0.0,0.00016857778511600774,-4.417050113589489e-06,0.00019121276851183407,1.3309239525214516,-0.0007365435174335553,-0.16907604747854843,0,0,FOLLOWING,1.3311730063983522,0.001958277584202382,0
33.568,10.969075932989579,5.6533595178000074e-05,0.000699452857589292,12.3,0.0,0.0,0.00014762519461774236,-3.5498448944189453e-06,0.0001683223973783591,1.330924068211109,-0.0007419298076612726,-0.16907593178889102,0,0,FOLLOWING,1.3311422713427865,0.0017147473030932826,0
33.6,10.9690758399517,5.65335702688536e-05,0.0007041698345474851,12.3,0.0,0.0,0.00012858066817455897,-2.855019220218281e-06,0.00014740552994078613,1.3309241612489875,-0.0007466467629344496,-0.1690758387510125,0,0,FOLLOWING,1.331115313780716,0.0015014074237391824,0
33.632,10.96907576507061,5.6533549884533506e-05,0.0007082777329351075,12.3,0.0,0.0,0.00011134311044265262,-2.298045757926598e-06,0.0001283718246114616,1.3309242361300764,-0.0007507546436163017,-0.16907576386992362,0,0,FOLLOWING,1.331091674428547,0.001314534322598534,0
33.664,10.969075704750727,5.653353324802962e-05,0.000711833703474702,12.3,0.0,0.0,9.580719705717834e-05,-1.851345026975061e-06,0.00011112407936123499,1.330924296449958,-0.0007543105997308038,-0.1690757035500421,0,0,FOLLOWING,1.3310709488276866,0.0011508597937349857,0
33.696,10.969075656114999,5.653351970048924e-05,0.0007148916393919261,12.3,0.0,0.0,8.186531392158365e-05,-1.492883404202061e-06,9.556049741255665e-05,1.3309243450856856,-0.0007573685239167561,-0.16907565491431442,0,0,FOLLOWING,1.331052781009452,0.0010075161286874903,0
33.728,10.96907562041059,5.6533510531277676e-05,0.000717500135518561,12.3,0.0,0.0,6.941005513082939e-05,-1.096197694079274e-06,8.151550395678187e-05,1.3309243807900937,-0.0007599770120145174,-0.16907561920990632,0,0,FOLLOWING,1.3310368542979927,0.0008819876599373687,0
33.76,10.969075590912997,5.6533502731433064e-05,0.0007197088886102022,12.3,0.0,0.0,5.833351077025391e-05,-9.057220946931727e-07,6.902353411344144e-05,1.330924410287687,-0.000762185758304262,-0.16907558971231307,0,0,FOLLOWING,1.3310228982667818,0.0007720680403129354,0
33.792,10.969075566514055,5.653349611040745e-05,0.0007215616149498326,12.3,0.0,0.0,4.852978125373929e-05,-7.492427925207573e-07,5.789769811324154e-05,1.3309244346866282,-0.0007640384788904356,-0.16907556531337176,0,0,FOLLOWING,1.3310106705960818,0.0006758226055673784,0
33.824,10.969075546315487,5.653349050367557e-05,0.0007230987359558904,12.3,0.0,0.0,3.9895885807800866e-05,-6.203224455840408e-07,4.803503143917867e-05,1.3309244548851962,-0.0007655755950391901,-0.16907554511480383,0,0,FOLLOWING,1.3309999584481635,0.0005915552361072687,0
33.856,10.969075529579456,5.653348576538468e-05,0.0007243574581934439,12.3,0.0,0.0,3.233248779470129e-05,-5.140399100257835e-07,3.933506992347454e-05,1.3309244716212272,-0.000766834313182458,-0.16907552837877282,0,0,FOLLOWING,1.3309905749525823,0.0005177791965825348,0
33.888,10.969075515699616,5.6533481767522545e-05,0.0007253718780972404,12.3,0.0,0.0,2.574445779383273e-05,-4.263619076895336e-07,3.170062199359724e-05,1.3309244855010665,-0.0007678487296394518,-0.16907551449893354,0,0,FOLLOWING,1.3309823560870087,0.0004531914890003078,0
33.92,10.969075504177448,5.6533478398826496e-05,0.000726173106099909,12.3,0.0,0.0,2.0041293965916618e-05,-3.539810474194425e-07,2.5038375083368234e-05,1.3309244970232343,-0.0007686499547432923,-0.16907550297676566,0,0,FOLLOWING,1.3309751579227387,0.0003966503064671378,0
33.952,10.969075494602867,5.6533475563251196e-05,0.000726789405435877,12.3,0.0,0.0,1.5137417879498116e-05,-2.941842813257728e-07,1.9259354248993458e-05,1.3309245065978155,-0.0007692662516431541,-0.16907549340218453,0,0,FOLLOWING,1.330968854194325,0.0003471552210314078,0
33.984,10.969075486638364,5.6533473178304226e-05,0.000727246341511141,12.3,0.0,0.0,1.0952362595180792e-05,-2.44745311192669e-07,1.4279252351990848e-05,1.330924514562319,-0.0007697231856722811,-0.16907548543768103,0,0,FOLLOWING,1.33096333415682,0.0003038297807016015,0
34.016,10.969075480006001,5.6533471173570635e-05,0.000727566938286864,12.3,0.0,0.0,7.4108684176167e-06,-2.038365646079759e-07,1.0018649241345643e-05,1.3309245211946812,-0.0007700437807300589,-0.1690754788053188,0,0,FOLLOWING,1.330958500697915,0.0002659062279520892,0
34.048,10.96907547447676,5.653346948907447e-05,0.0007277718386112422,12.3,0.0,0.0,4.442900365851427e-06,-1.6995718353269655e-07,6.4031351368179765e-06,1.330924526723922,-0.0007702486796123112,-0.16907547327607797,0,0,FOLLOWING,1.3309542686756854,0.0002327120853286102,0
34.08,10.96907546986181,5.653346711201571e-05,0.0007279014812476714,12.3,0.0,0.0,1.9742181419262667e-06,-1.4187411161056535e-07,4.051332388407445e-06,1.3309245313388722,-0.0007703783203154319,-0.16907546866112777,0,0,FOLLOWING,1.3309505634558139,0.0002036583833593454,0
34.112,10.969075466005354,5.6533465207250417e-05,0.0007279919902547769,12.3,0.0,0.0,-7.106460491370881e-08,-1.1857374348919669e-07,2.828406472044255e-06,1.3309245351953285,-0.0007704688277682982,-0.1690754648046715,0,0,FOLLOWING,1.330947319624972,0.0001782293323958158,0
34.144,10.969075462778754,5.65334636842727e-05,0.0007280473183215568,12.3,0.0,0.0,-1.7565071372918935e-06,-9.922261688320964e-08,1.729002086867323e-06,1.330924538421928,-0.0007705241545877997,-0.16907546157807207,0,0,FOLLOWING,1.3309444798597212,0.0001559732634108307,0
34.176,10.969075460075727,5.653346246890896e-05,0.0007280712200670054,12.3,0.0,0.0,-3.135523387974167e-06,-8.313493429703083e-08,7.469295452672871e-07,1.330924541124955,-0.0007705480553338078,-0.16907545887504494,0,0,FOLLOWING,1.3309419939325082,0.0001364946835353902,0
34.208,10.969075457808382,5.653346150111137e-05,0.000728067240463363,12.3,0.0,0.0,-4.2531594073626114e-06,-6.974612816110147e-08,-1.243626138250954e-07,1.3309245433923005,-0.0007705440749306405,-0.16907545660769951,0,0,FOLLOWING,1.330939817838496,0.00011944731053326689,0
34.24,10.969075455903974,5.6533460732299774e-05,0.000728038708166337,12.3,0.0,0.0,-5.147542353554931e-06,-5.8591153218187175e-08,-8.916342820628829e-07,1.3309245452967076,-0.0007705155419951826,-0.16907545470329244,0,0,FOLLOWING,1.3309379130287973,0.000104527966668774,0
34.272,10.969075454302256,5.6533460123265046e-05,0.0007279887329224934,12.3,0.0,0.0,-5.851062718515636e-06,-4.928670596164099e-08,-1.5617263701041346e-06,1.3309245468984254,-0.0007704655662426169,-0.16907545310157457,0,0,FOLLOWING,1.3309362457373402,9.147122679754143e-05,0
34.304,10.969075452953273,5.6533459642313715e-05,0.0007279202061983706,12.3,0.0,0.0,-6.391339887171846e-06,-4.15166542821169e-08,-2.141460128834317e-06,1.3309245482474086,-0.0007703970391140746,-0.16907545175259142,0,0,FOLLOWING,1.3309347863901277,8.00447282168849e-05,0
34.336,10.969075451815572,5.6533459263860797e-05,0.0007278358043439166,12.3,0.0,0.0,-6.7920117064980895e-06,-3.502008486673565e-08,-2.637557951689592e-06,1.33092454938511,-0.0007703126369389572,-0.16907545061488993,0,0,FOLLOWING,1.3309335090869252,7.00450610045601e-05,0
34.368,10.969075450854719,5.653345896733368e-05,0.0007277379937186953,12.3,0.0,0.0,-7.0733810868967226e-06,-2.9581501991777494e-08,-3.0565820381701913e-06,1.3309245503459628,-0.0007702148260602722,-0.1690754496540372,0,0,FOLLOWING,1.3309323911465991,6.129416742951197e-05,0
34.4,10.969075450042077,5.653345873610183e-05,0.0007276290373193023,12.3,0.0,0.0,-7.2529464406514255e-06,-2.5022787861588474e-08,-3.404887481027802e-06,1.3309245511586052,-0.0007701058694612057,-0.1690754488413948,0,0,FOLLOWING,1.3309314127083984,5.363618774163051e-05,0
34.432,10.969075449353815,5.653345855685466e-05,0.000727511002527688,12.3,0.0,0.0,-7.345837710374748e-06,-2.119659281358754e-08,-3.6885872379523173e-06,1.330924551846867,-0.0007699878345129467,-0.1690754481531329,0,0,FOLLOWING,1.3309305563823277,4.693469726658395e-05,0
34.464,10.969075448770065,5.653345841881974e-05,0.0007273857696721475,12.3,0.0,0.0,-7.365175640301126e-06,-1.798093236194087e-08,-3.9135267356419595e-06,1.330924552430617,-0.000769862601535062,-0.16907544756938298,0,0,FOLLOWING,1.3309298069426574,4.107028650263836e-05,0
34.496,10.969075448274259,5.6533458313441075e-05,0.0007272550411438583,12.3,0.0,0.0,-7.3223686091414455e-06,-1.5274716264172832e-08,-4.085266509035721e-06,1.330924552926423,-0.000769731872911772,-0.1690754470735769,0,0,FOLLOWING,1.3309291510592676,3.593844180483568e-05,0
34.528,10.96907544785255,5.6533458233798266e-05,0.0007271203508681098,12.3,0.0,0.0,-7.227358642573244e-06,-1.299409935088855e-08,-4.209071117145682e-06,1.330924553348132,-0.0007695971825627244,-0.16907544665186802,0,0,FOLLOWING,1.3309285770622192,3.1447689472337444e-05,0
34.56,10.969075447493363,5.6533458174363164e-05,0.0007269830739577998,12.3,0.0,0.0,-7.088826024116744e-06,-1.1069474531996056e-08,-4.289903447188099e-06,1.3309245537073184,-0.0007694599055962938,-0.16907544629268156,0,0,FOLLOWING,1.3309280747354226,2.7517970602582757e-05,0
34.592,10.969075447187006,5.653345813074801e-05,0.0007268444364168712,12.3,0.0,0.0,-6.91436014575908e-06,-9.442988489225693e-09,-4.332423154015868e-06,1.330924554013676,-0.0007693212680128171,-0.16907544598632396,0,0,FOLLOWING,1.330927635135891,2.407921812814401e-05,0
34.624,10.969075446925348,5.653345809945532e-05,0.0007267055247850719,12.3,0.0,0.0,-6.710602791897658e-06,-8.06651527364981e-09,-4.340988493728456e-06,1.3309245542753334,-0.0007691823563491548,-0.1690754457246666,0,0,FOLLOWING,1.3309272504353693,2.1070110942496838e-05,0
34.656,10.969075446701567,5.6533458077682695e-05,0.0007265672956335634,12.3,0.0,0.0,-6.483368878453352e-06,-6.899975720052728e-09,-4.319660984640113e-06,1.3309245544991153,-0.0007690441271741454,-0.1690754455008847,0,0,FOLLOWING,1.3309269137816246,1.8436983139198938e-05,0
34.688,10.969075446509923,5.6533458063221226e-05,0.0007264305848443754,12.3,0.0,0.0,-6.237748717639372e-06,-5.909944802359118e-09,-4.272212162123183e-06,1.3309245546907593,-0.0007689074163679754,-0.16907544530924068,0,0,FOLLOWING,1.3309266191769378,1.6132869097969763e-05,0
34.72,10.96907544634559,5.6533458054325056e-05,0.0007262961166216602,12.3,0.0,0.0,-5.978195111161283e-06,-5.068528666119213e-09,-4.202131959857194e-06,1.3309245548550919,-0.0007687729481333312,-0.16907544514490813,0,0,FOLLOWING,1.3309263613716835,1.4116667542259401e-05,0
34.752,10.969075446204496,5.6533458049613087e-05,0.0007261645121871054,12.3,0.0,0.0,-5.708597945888226e-06,-4.352410105534048e-09,-4.11263857983982e-06,1.3309245549961861,-0.0007686413436907329,-0.16907544500381388,0,0,FOLLOWING,1.3309261357711533,1.2352409764889385e-05,0
34.784,10.969075446083208,5.6533458048010825e-05,0.0007260362981357725,12.3,0.0,0.0,-5.432348464418197e-06,-3.742082808875484e-09,-4.006689104152222e-06,1.330924555117474,-0.0007685131296343252,-0.16907544488252602,0,0,FOLLOWING,1.3309259383539296,1.0808619076548342e-05,0
34.816,10.969075445978815,5.653345804867602e-05,0.0007259119144239207,12.3,0.0,0.0,-5.152394970478265e-06,-3.221197891865532e-09,-3.886990995374717e-06,1.330924555221867,-0.0007683887459196414,-0.16907544477813308,0,0,FOLLOWING,1.3309257656004525,9.457750118187708e-06,0
34.848,10.969075445888862,5.6533458050943694e-05,0.0007257917219775834,12.3,0.0,0.0,-4.8712914003667996e-06,-2.776041408585454e-09,-3.7560139480365697e-06,1.3309245553118199,-0.0007682685534721372,-0.16907544468818014,0,0,FOLLOWING,1.330925614430432,8.275698093869818e-06,0
34.88,10.969075445811264,5.653345805432036e-05,0.0007256760099105554,12.3,0.0,0.0,-4.591239921341606e-06,-2.3950958772018064e-09,-3.6160020946196096e-06,1.3309245553894182,-0.0007681528414051697,-0.16907544461058177,0,0,FOLLOWING,1.3309254821480836,7.2413692254820984e-06,0
34.912,10.969075445744249,5.653345805841291e-05,0.0007255650023471571,12.3,0.0,0.0,-4.314128501650363e-06,-2.0686697940894657e-09,-3.4689863561996226e-06,1.330924555456433,-0.0007680418338427076,-0.16907544454356693,0,0,FOLLOWING,1.330925366394169,6.336304786809889e-06,0
34.944,10.969075445686313,5.6533458062931826e-05,0.0007254588648511817,12.3,0.0,0.0,-4.041564223304195e-06,-1.7885990265204693e-09,-3.316796749238089e-06,1.330924555514369,-0.0007679356963482784,-0.16907544448563105,0,0,FOLLOWING,1.3309252651040122,5.544352059801595e-06,0
34.976,10.969075445636179,5.653345806764879e-05,0.0007253577104636678,12.3,0.0,0.0,-3.7749029647342634e-06,-1.5480003504704622e-09,-3.1610746098087054e-06,1.330924555564503,-0.0007678345419627086,-0.16907544443549694,0,0,FOLLOWING,1.330925176470739,4.851376349653372e-06,0
35.008,10.969075445592752,5.653345807240186e-05,0.0007252616053564405,12.3,0.0,0.0,-3.5152759691154044e-06,-1.3410587728044283e-09,-3.0032846008508405e-06,1.3309245556079297,-0.0007677384368576667,-0.16907544439207034,0,0,FOLLOWING,1.3309250989131256,4.245008943367272e-06,0
35.04,10.969075445555099,5.653345807709565e-05,0.0007251705741063345,12.3,0.0,0.0,-3.263613718665386e-06,-1.162853820377795e-09,-2.8447265658110194e-06,1.330924555645583,-0.0007676474056098856,-0.1690754443544169,0,0,FOLLOWING,1.3309250310474214,3.714426534802807e-06,0
35.072,10.969075445522426,5.6533458081631576e-05,0.0007250846046048194,12.3,0.0,0.0,-3.02066746337981e-06,-1.0092195743180976e-09,-2.68654692235014e-06,1.3309245556782556,-0.0007675614361107358,-0.16907544432174437,0,0,FOLLOWING,1.3309249716626967,3.2501581846496295e-06,0
35.104,10.969075445494047,5.653345808595224e-05,0.0007250036526123636,12.3,0.0,0.0,-2.787028692118716e-06,-8.766209232067514e-10,-2.5297497642430093e-06,1.3309245557066347,-0.0007674804841206206,-0.1690754442933653,0,0,FOLLOWING,1.3309249196992872,2.8439163847278153e-06,0
35.136,10.969075445469379,5.6533458090036135e-05,0.0007249276459672039,12.3,0.0,0.0,-2.5631467835202587e-06,-7.620526702646125e-10,-2.37520766124421e-06,1.330924555731303,-0.000767404477477742,-0.16907544426869703,0,0,FOLLOWING,1.3309248742298867,2.4884492151396246e-06,0
35.168,10.96907544544792,5.653345809383513e-05,0.0007248564884727754,12.3,0.0,0.0,-2.3493450402643133e-06,-6.629627325097371e-10,-2.2236717008883976e-06,1.3309245557527614,-0.0007673333199854832,-0.16907544424723864,0,0,FOLLOWING,1.330924834443032,2.177410965816376e-06,0
35.2,10.96907544542924,5.653345809735965e-05,0.000724790063462387,12.3,0.0,0.0,-2.145835271402778e-06,-5.771740850536573e-10,-2.075781574637984e-06,1.3309245557714415,-0.0007672668949771468,-0.16907544422855847,0,0,FOLLOWING,1.330924799628637,1.9052489173628116e-06,0
35.232,10.969075445412969,5.6533458100601624e-05,0.0007247282370684569,12.3,0.0,0.0,-1.952731068108839e-06,-5.028314299890605e-10,-1.9320748103142518e-06,1.330924555787713,-0.0007672050685851332,-0.16907544421228704,0,0,FOLLOWING,1.3309247691653252,1.6671042605904865e-06,0
35.264,10.969075445398783,5.653345810358497e-05,0.0007246708612081194,12.3,0.0,0.0,-1.7700598959667468e-06,-4.3834849656245857e-10,-1.7929956355468832e-06,1.330924555801899,-0.0007671476927265846,-0.16907544419810105,0,0,FOLLOWING,1.3309247425093642,1.458725393651147e-06,0
35.296,10.969075445386412,5.6533458106315566e-05,0.000724617776294185,12.3,0.0,0.0,-1.5977741072853586e-06,-3.82369039002797e-10,-1.6589035604532362e-06,1.3309245558142695,-0.000767094607814307,-0.1690754441857305,0,0,FOLLOWING,1.3309247191849445,1.276392050782581e-06,0
35.328,10.969075445375614,5.6533458108800246e-05,0.0007245688136944462,12.3,0.0,0.0,-1.4357609673712656e-06,-3.3373290820607446e-10,-1.530081241834005e-06,1.330924555825068,-0.0007670456452160905,-0.16907544417493203,0,0,FOLLOWING,1.3309246987757217,1.1168489095843393e-06,0
35.36,10.969075445366185,5.6533458111049084e-05,0.0007245237979526531,12.3,0.0,0.0,-1.28385177679452e-06,-2.9144054357918756e-10,-1.4067419310393493e-06,1.3309245558344969,-0.0007670006294756861,-0.16907544416550313,0,0,FOLLOWING,1.3309246809173705,9.77247488883194e-07,0
35.392,10.969075445357948,5.653345811306961e-05,0.0007244825487780211,12.3,0.0,0.0,-1.1418301589399998e-06,-2.546402143909388e-10,-1.2890367072478568e-06,1.3309245558427338,-0.0007669593803023095,-0.16907544415726616,0,0,FOLLOWING,1.33092466529109,8.550953060700122e-07,0
35.424,10.969075445350747,5.6533458114891964e-05,0.0007244448828305172,12.3,0.0,0.0,-1.0094395805954638e-06,-2.2259375218858213e-10,-1.1770608595013801e-06,1.3309245558499352,-0.0007669217143559449,-0.1690754441500648,0,0,FOLLOWING,1.3309246516179187,7.482113946262446e-07,0
35.456,10.96907544534445,5.65334581165383e-05,0.0007244106153039218,12.3,0.0,0.0,-8.863901620227412e-07,-1.9466899485524464e-10,-1.0708602061023028e-06,1.3309245558562324,-0.0007668874468303855,-0.16907544414376763,0,0,FOLLOWING,1.3309246396537557,6.546873727660078e-07,0
35.488,10.969075445338941,5.653345811801364e-05,0.0007243795613291335,12.3,0.0,0.0,-7.723648308545369e-07,-1.7031948468205084e-10,-9.704367121345068e-07,1.3309245558617409,-0.0007668563928565299,-0.16907544413825915,0,0,FOLLOWING,1.3309246291850048,5.728533734668242e-07,0
35.52,10.969075445334118,5.6533458119337024e-05,0.0007243515372048687,12.3,0.0,0.0,-6.670248681018399e-07,-1.4907588927900687e-10,-8.757538832805509e-07,1.3309245558665637,-0.0007668283687331056,-0.16907544413343634,0,0,FOLLOWING,1.3309246200247642,5.012482391449152e-07,0
35.552,10.969075445329898,5.6533458120533874e-05,0.0007243263614703401,12.3,0.0,0.0,-5.700148912095626e-07,-1.3053076332026075e-10,-7.867417040220706e-07,1.3309245558707843,-0.0007668031929993413,-0.1690754441292157,0,0,FOLLOWING,1.330924612009485,4.385934383528692e-07,0
35.584,10.9690754453262,5.6533458121598466e-05,0.0007243038558329388,12.3,0.0,0.0,-4.809673159219647e-07,-1.143355219972978e-10,-7.033011687932988e-07,1.3309245558744827,-0.000766780687362622,-0.16907544412551734,0,0,FOLLOWING,1.330924604996066,3.837702423699416e-07,0
35.616,10.969075445322959,5.6533458122538e-05,0.0007242838459652386,12.3,0.0,0.0,-3.995063377145929e-07,-1.0018073969676727e-10,-6.253083656341616e-07,1.3309245558777227,-0.0007667606774955244,-0.16907544412227726,0,0,FOLLOWING,1.3309245988592842,3.3579974951417183e-07,0
35.648,10.969075445320119,5.6533458123381294e-05,0.0007242661621736201,12.3,0.0,0.0,-3.252514666811732e-07,-8.78048131671375e-11,-5.526184880746859e-07,1.3309245558805631,-0.0007667429937044489,-0.16907544411943687,0,0,FOLLOWING,1.3309245934895706,2.9382541023207396e-07,0
35.68,10.96907544531763,5.6533458124149465e-05,0.0007242506399572071,12.3,0.0,0.0,-2.5782065082650674e-07,-7.698076536137537e-11,-4.850692629047812e-07,1.3309245558830518,-0.0007667274714885335,-0.1690754441169482,0,0,FOLLOWING,1.3309245887910464,2.570977379397228e-07,0
35.712,10.969075445315447,5.6533458124810984e-05,0.0007242371204656691,12.3,0.0,0.0,-1.968330206582294e-07,-6.750829747690174e-11,-4.224841105651225e-07,1.330924555885235,-0.0007667139519974229,-0.16907544411476505,0,0,FOLLOWING,1.3309245846798194,2.2496092389648875e-07,0
35.744,10.969075445313532,5.653345812540543e-05,0.0007242254508644435,12.3,0.0,0.0,-1.4191128571442097e-07,-5.92176159143846e-11,-3.6467503829643777e-07,1.3309245558871499,-0.0007667022823965829,-0.16907544411285014,0,0,FOLLOWING,1.3309245810824837,1.9684113129095577e-07,0
35.776,10.969075445311852,5.6533458125946415e-05,0.0007242154846106778,12.3,0.0,0.0,-9.268380781299723e-08,-5.1957273452330486e-11,-3.1144543018089854e-07,1.3309245558888303,-0.0007666923161431699,-0.1690754441111697,0,0,FOLLOWING,1.330924577934806,1.7223624788246188e-07,0
35.808,10.969075445310377,5.653345812642412e-05,0.0007242070816616947,12.3,0.0,0.0,-4.878638255477479e-08,-4.5595859572333526e-11,-2.625921557216983e-07,1.3309245558903047,-0.0007666839131944989,-0.16907544410969533,0,0,FOLLOWING,1.330924575180579,1.507069237256824e-07,0
35.84,10.969075445309084,5.653345812683192e-05,0.0007242001086082868,12.3,0.0,0.0,-9.863750117053926e-09,-4.002318065690092e-11,-2.179079189948185e-07,1.3309245558915979,-0.0007666769401413559,-0.16907544410840214,0,0,FOLLOWING,1.3309245727706258,1.3186872328166877e-07,0
35.872,10.969075445307947,5.653345812719422e-05,0.0007241944387535303,12.3,0.0,0.0,2.4429138099355513e-08,-3.513857341318789e-11,-1.771829611431963e-07,1.3309245558927347,-0.0007666712702868354,-0.16907544410726527,0,0,FOLLOWING,1.3309245706619144,1.1538526423951775e-07,0
35.904,10.969075445306949,5.653345812752285e-05,0.0007241899521335543,12.3,0.0,0.0,5.442607701430261e-08,-3.085512050947087e-11,-1.4020687424740493e-07,1.330924555893733,-0.0007666667836670744,-0.16907544410626696,0,0,FOLLOWING,1.3309245688167894,1.0096221120984197e-07,0
35.936,10.969075445306073,5.653345812781318e-05,0.0007241865354941024,12.3,0.0,0.0,8.044876734414081e-08,-2.7098414504401332e-11,-1.0676998286902667e-07,1.3309245558946088,-0.0007666633670278128,-0.16907544410539121,0,0,FOLLOWING,1.3309245672023031,8.834201743094002e-08,0
35.968,10.969075445305304,5.653345812805682e-05,0.0007241840822244237,12.3,0.0,0.0,1.0280615840955919e-07,-2.3801698858999494e-11,-7.666467746205414e-08,1.330924555895378,-0.0007666609137582925,-0.16907544410462205,0,0,FOLLOWING,1.3309245657896251,7.72993312210579e-08,0
36.0,10.969075445304627,5.653345812829766e-05,0.000724182492256571,12.3,0.0,0.0,1.217939549243044e-07,-2.091019015229961e-11,-4.9686495390899155e-08,1.3309245558960547,-0.0007666593237905992,-0.16907544410394526,0,0,FOLLOWING,1.330924564553533,6.763696725656577e-08,0
36.032000000000004,10.969075445304034,5.653345812849939e-05,0.0007241816719309659,12.3,0.0,0.0,1.3769427288300937e-07,-1.8372247466860775e-11,-2.563517516416193e-08,1.330924555896648,-0.0007666585034651266,-0.16907544410335196,0,0,FOLLOWING,1.3309245634719502,5.9182388552768544e-08,0
36.064,10.969075445303512,5.653345812867515e-05,0.0007241815338393113,12.314400000000003,0.0,0.0,-1.907795978070622e-05,-1.6144545183582415e-11,-4.315364205012239e-09,1.3453245558843205,-0.0007662037045475181,-0.15467544411567946,0,0,FOLLOWING,1.3352445625216829,0.011250051784626984,0
36.096000000000004,10.969075445303051,5.653345812919063e-05,0.0007237603529137093,12.328800000000001,0.0,0.0,-6.753024522691833e-05,-1.4187427287785915e-11,-1.3161903925058966e-05,1.3597245558721993,-0.0007653374928582144,-0.14027544412780069,0,0,FOLLOWING,1.34284056168683,0.03009379531157355,0
36.128,10.969075445302648,5.653345812956801e-05,0.0007218212825102207,12.343200000000001,0.0,0.0,-0.0001480186720364754,-1.2468525084885669e-11,-6.0595950109038325e-05,1.3741245558602868,-0.0007629627190011236,-0.1258754441397132,0,0,FOLLOWING,1.3528998609534075,0.05378207089765183,0
36.160000000000004,10.969075445302295,5.653345812986489e-05,0.0007173739899831965,12.3576,0.0,0.0,-0.0002581631331176061,-1.095873083136837e-11,-0.00013897789146972785,1.3885245558485784,-0.0007580887601378622,-0.11147544415142163,0,0,FOLLOWING,1.3647919878091135,0.08026931203545862,0
36.192,10.969075445301982,5.653345813011993e-05,0.0007094972475956756,12.372000000000002,0.0,0.0,-0.00039200083291067195,-9.635240605815898e-12,-0.00024614819961130276,1.40292455583708,-0.0007497941102531892,-0.09707544416292002,0,0,FOLLOWING,1.3780297908056167,0.10805364803104317,0
36.224000000000004,10.969075445301707,5.653345813028629e-05,0.0006974505879556344,12.3864,0.0,0.0,-0.0005426986481398132,-8.469424114476258e-12,-0.0003764581137558425,1.417324555825781,-0.0007373380349859576,-0.08267544417421901,0,0,FOLLOWING,1.3922386220255656,0.1360513420271691,0
36.256,10.969075445301467,5.653345813041878e-05,0.0006807026337541334,12.400800000000002,0.0,0.0,-0.0007028514980093347,-7.445100024597538e-12,-0.0005233735688091445,1.4317245558146827,-0.0007201889007986634,-0.06827544418531728,0,0,FOLLOWING,1.4071319522212256,0.16349844427378457,0
36.288000000000004,10.969075445301256,5.653345813055114e-05,0.0006589500638216118,12.4152,0.0,0.0,-0.0008614466263518884,-6.546766937536631e-12,-0.000679767810418103,1.4461245558037783,-0.0006980431404989031,-0.0538754441962217,0,0,FOLLOWING,1.4224920984447962,0.1898739547395631,0
36.32,10.969075445301069,5.653345813063952e-05,0.0006322300033188603,12.429600000000002,0.0,0.0,-0.0010076485504435637,-5.7551185641717e-12,-0.0008350018907606667,1.4605245557930717,-0.0006709376429271918,-0.03947544420692828,0,0,FOLLOWING,1.4381550122321154,0.21483996319712675,0
36.352000000000004,10.969075445300906,5.653345813070593e-05,0.0006009160304009606,12.444,0.0,0.0256,-0.0011312871111386594,-5.060747698620547e-12,-0.0009785616537643276,1.4749245557825512,-0.00063924575914736,-0.025075444217448783,0,0,FOLLOWING,1.4539982904691793,0.23819517003748694,0
36.384,10.969859608256435,5.700450067911396e-05,0.0005656988023219732,12.458400000000003,0.0,0.0512,-0.001223374527356411,0.02452515906142147,-0.0011005383578351006,1.4885403928350778,-0.0006039943708987024,-0.011459607164922225,0,0,FOLLOWING,1.4691475789280488,0.25983893557480797,0
36.416000000000004,10.971466611598883,5.791142630630054e-05,0.0005275278245688738,12.472800000000001,0.0,0.07680000000000001,-0.001277869177759319,0.05023683009402919,-0.0011928430553880046,1.5013333895180365,-0.0005661011532678728,0.0013333895180365207,0,0,FOLLOWING,1.4834988119433368,0.2797435980615557,0
36.448,10.973898784921838,5.918793186630917e-05,0.00048758963029129124,12.487200000000001,0.0,0.1024,-0.0012916101933721318,0.07601994509714242,-0.0012480686812250973,1.5133012162356367,-0.0005267014285548454,0.013301216235636737,0,0,FOLLOWING,1.4970032685331287,0.29793327185074364,0
36.480000000000004,10.977155217950957,6.0762236364291196e-05,0.00044714986389795923,12.5016,0.0,0.128,-0.0012640385242750104,0.10177513826011364,-0.0012637429657489357,1.524444783259992,-0.00048700846490969373,0.02444478325999211,0,0,FOLLOWING,1.5096299251607581,0.31446771170690024,0
36.512,10.981234914425695,6.256393329254282e-05,0.00040749577634276667,12.516000000000002,0.0,0.15360000000000001,-0.0011968476951729201,0.12749977312030789,-0.0012391906609137957,1.5347650868495006,-0.00044826027759832944,0.03476508684950064,0,0,FOLLOWING,1.5213587629251875,0.32943012681354295,0
36.544000000000004,10.986137053583084,6.452867637506681e-05,0.00036986605060980053,12.5304,0.0,0.17920000000000003,-0.0010935881324865252,0.15319923283148298,-0.0011759294819196325,1.544262947765116,-0.00041165211851179384,0.04426294776511597,0,0,FOLLOWING,1.5321777558614906,0.3429180642178493,0
36.576,10.991860978436463,6.660227872582126e-05,0.00033539262264223703,12.544800000000002,0.0,0.20480000000000004,-0.0009592540149048448,0.1788785409807752,-0.001077295249892367,1.5529390229917546,-0.00037828051312613315,0.05293902299175457,0,0,FOLLOWING,1.5420807533003065,0.35503666879542184,0
36.608000000000004,10.998406164909188,6.874413636277082e-05,0.0003050551411568291,12.5592,0.0,0.23040000000000008,-0.0007998761929553943,0.20454177440370408,-0.0009480469265654533,1.5607938366047078,-0.0003490994824226432,0.06079383660470783,0,0,FOLLOWING,1.5510658692041683,0.3658937752798338,0
36.64,11.005772195122518,7.09297943672473e-05,0.00027964795214376954,12.573600000000003,0.0,0.2560000000000001,-0.000622139119469129,0.2301921905887207,-0.0007939752170499983,1.5678278064819455,-0.00032488875862659536,0.06782780648194553,0,0,FOLLOWING,1.5591342498701344,0.3755964054369311,0
36.672000000000004,11.013958735893176,7.31525357349759e-05,0.00025975892659223834,12.588000000000001,0.0,0.28160000000000013,-0.00043303433519910805,0.25583238746085213,-0.0006215324676642292,1.5740412658066827,-0.0003062332709124421,0.07404126580668269,0,0,FOLLOWING,1.5662891356623558,0.3842483364109709,0
36.704,11.02296552156891,7.540427530579666e-05,0.00024567671566668884,12.602400000000003,0.0,0.30720000000000014,-0.0002395130762022172,0.2814644362896683,-0.00044006855517413594,1.5794344802310425,-0.00029341802831893025,0.07943448023104249,0,0,FOLLOWING,1.572535151867625,0.3919484796825282,0
36.736000000000004,11.032792340342853,7.771506316055202e-05,0.00023756262809479682,12.616800000000001,0.0,0.33280000000000015,-4.82889561135538e-05,0.30708998886857014,-0.0002535636576582308,1.5840076615635883,-0.0002866249306817786,0.0840076615635883,0,0,FOLLOWING,1.5778777776559647,0.3987898679805522,0
36.768,11.043439023339904,8.015272868653983e-05,0.00023545626504027696,12.631200000000002,0.0,0.35840000000000016,0.00013432104969485833,0.33271036221568173,-6.582213096512502e-05,1.5877609786832174,-0.0002859378739201328,0.08776097868321742,0,0,FOLLOWING,1.5823229529924137,0.4048590930896567,0
36.800000000000004,11.054905435912891,8.277685267820053e-05,0.0002391004385072831,12.6456,0.0,0.38400000000000023,0.0003026213363105749,0.3583266060702756,0.00011388218027944599,1.5906945662408871,-0.00029113862011192484,0.09069456624088712,0,0,FOLLOWING,1.5858767919442103,0.41023607333878515,0
36.832,11.067191470703806,8.565796054606808e-05,0.0002480592249729285,12.660000000000002,0.0,0.40960000000000024,0.0004516544125906642,0.3839395575260864,0.00027996392522485283,1.5928085315994502,-0.0003018371643096427,0.09280853159945024,0,0,FOLLOWING,1.5885453776361633,0.41499405767970937,0
36.864000000000004,11.080297042110658,8.887446447715916e-05,0.0002617404151443314,12.6744,0.0,0.43520000000000025,0.000577280145489646,0.40954988397990755,0.00042753915463462325,1.594102960366808,-0.0003174924379012242,0.09410296036680799,0,0,FOLLOWING,1.5903346194860786,0.4191997952763609,0
36.896,11.094222081875472,9.25087354305293e-05,0.0002794205118581447,12.688800000000002,0.0,0.46080000000000026,0.0006762230577194039,0.43515811751223427,0.0005525050999356198,1.594577920807957,-0.0003374350712442101,0.0945779208079569,0,0,FOLLOWING,1.591250157607137,0.4229138167121108,0
36.928,11.108966535566852,9.664294743957653e-05,0.00030027135605950627,12.7032,0.0,0.4864000000000003,0.0007460931421881472,0.4607646823128557,0.0006515910565131125,1.5942334673624121,-0.000360891678915141,0.09423346736241212,0,0,FOLLOWING,1.5912973026176658,0.4261907862993335,0
36.96,11.124530359776276,0.00010135487769279504,0.0003233875505740683,12.7176,0.0,0.5120000000000002,0.0007853854488352062,0.48636991655563266,0.0007223833150577965,1.5930696434479419,-0.0003870099277739792,0.09306964344794189,0,0,FOLLOWING,1.590481001741191,0.4290798953529025,0
36.992,11.1409135198839,0.00010671382205359534,0.00034781401197343163,12.732000000000001,0.0,0.5245669527440834,0.0007934632634043481,0.5119740898459861,0.0007633291644756348,1.5910864836947367,-0.00041488379304893686,0.09108648369473671,0,0,FOLLOWING,1.588805824157378,0.43162527430658193,0
37.024,11.157716743925475,0.00011263793054752277,0.00037257155847381936,12.7464,0.0,0.5311226685513109,0.0007730185186206977,0.5250908201073166,0.00077367548012953,1.5886832600675496,-0.00044347173944324825,0.08868326006754956,0,0,FOLLOWING,1.5866752045373254,0.4338664077164898,0
37.056,11.174736201982755,0.00011907242642920331,0.00039676182204844026,12.760800000000001,0.0,0.5361642939568462,0.0007281170007669147,0.5318444457102978,0.0007559474661918586,1.586063802486878,-0.0004718359939413706,0.08606380248687806,0,0,FOLLOWING,1.584296771150016,0.43583854091051677,0
37.088,11.191915240121828,0.00012598960408203753,0.0004196125065860843,12.7752,0.0,0.5398721015052246,0.0006629224904815978,0.5368323500842577,0.0007140851178333253,1.583284764890972,-0.0004991873291377796,0.08328476489097203,0,0,FOLLOWING,1.5817306262730024,0.43757307062356965,0
37.12,11.209210617070328,0.00013334956123717094,0.00044047985119631533,12.7896,0.0,0.5424126313522246,0.0005815136789395739,0.5404692882102907,0.0006521053093700461,1.5803893885555345,-0.0005248575130314684,0.08038938855553446,0,0,FOLLOWING,1.579023128306343,0.4390979146571184,0
37.152,11.226585134281768,0.00014110097514304564,0.0004588466668659899,12.803999999999998,0.0,0.5439386395013718,0.0004877814482089349,0.5429436812319395,0.0005739634306899667,1.577414872029026,-0.0005482974371314661,0.07741487202902597,0,0,FOLLOWING,1.5762142831443136,0.44043785761417115,0
37.184,11.24400652726333,0.00014918382831033102,0.0004743172956384976,12.8184,0.0,0.5445894408900724,0.0003853546237504446,0.5444096915560216,0.00048345732728850664,1.5743934798047299,-0.0005690736767129937,0.07439347980472988,0,0,FOLLOWING,1.5733388755973579,0.44161487124375703,0
37.216,11.261446974613651,0.00015753219653617727,0.0004866098328186043,12.832799999999999,0.0,0.5444913998443378,0.0002775473907163928,0.5450061743560388,0.00038414178192490916,1.571353033282852,-0.0005868624135330377,0.07135303328285203,0,0,FOLLOWING,1.5704269834548943,0.44264840900337044,0
37.248,11.278882680959839,0.00016607680584418945,0.0004955465511705008,12.8472,0.0,0.5437585199033569,0.00016732543003250555,0.5448589531655913,0.0002792723296819816,1.5683173278335052,-0.0006014414508870015,0.06831732783350519,0,0,FOLLOWING,1.5675044173169084,0.44355567521001893,0
37.28,11.296293483650752,0.00017474727634395366,0.0005010431693860972,12.8616,0.0,0.54249310638534,5.728808698535204e-05,0.5440815594315207,0.00017176914322573742,1.5653065261034427,-0.0006126809053776127,0.06530652610344267,0,0,FOLLOWING,1.5645931358677876,0.4443518696744191,0
37.312,11.313662480522474,0.00018347402408899652,0.0005030974971570176,12.876000000000001,0.0,0.5407864793640148,-5.033607741368308e-05,0.5427758910948975,6.419755314352707e-05,1.562337530250717,-0.0006205330838712866,0.06233753025071698,0,0,FOLLOWING,1.5617116389676675,0.4450504090576409,0
37.344,11.330975680012884,0.00019218981957953537,0.0005017778973246314,12.8904,0.0,0.5387197174883722,-0.00015368289185700867,0.5410329112666886,-4.123766722980568e-05,1.5594243318302448,-0.0006250219792227896,0.05942433183024476,0,0,FOLLOWING,1.5588753370961521,0.44566312639945305,0
37.376,11.348221674698092,0.0002008310190726833,0.0004972119192189759,12.904800000000002,0.0,0.5363644157172376,-0.00025123769453077536,0.5389333803765323,-0.00014268695136529928,1.5565783382576015,-0.0006262327430951926,0.0565783382576015,0,0,FOLLOWING,1.556096895976171,0.44620045037873723,0
37.408,11.365391338795465,0.00020933849553727448,0.0004895753778690547,12.9192,0.0,0.5337834426165504,-0.000341814095022899,0.5365486052840621,-0.00023864200558882217,1.5538086753062086,-0.0006243014220065724,0.053808675306208587,0,0,FOLLOWING,1.55338655579872,0.4466715659047653,0
37.44,11.382477549698011,0.0002176583017664182,0.0004790820830346672,12.9336,0.0,0.5310316853300917,-0.0004245282504243954,0.5339411903682172,-0.0003279155019653418,1.551122465573232,-0.0006194051763503734,0.05112246557323208,0,0,FOLLOWING,1.550752424995217,0.4470845576253665,0
37.472,11.399474933205054,0.0002257421003181433,0.00046597436074868556,12.947999999999999,0.0,0.5281567726371824,-0.0004987702635313143,0.5311657781115317,-0.0004096163123720799,1.5485250832491486,-0.0006117531431265881,0.048525083249148615,0,0,FOLLOWING,1.5482007489362442,0.44744653788915056,0
37.504,11.416379631791862,0.0002335473947697206,0.00045051445834453036,12.9624,0.0,0.5251997686199473,-0.0005641740516883055,0.5282697691174553,-0.0004831218997632836,1.5460203858483925,-0.0006015780521986477,0.04602038584839252,0,0,FOLLOWING,1.5457361542789048,0.44776376062657464,0
37.536,11.433189095009514,0.00024103759512581843,0.00043297688122568103,12.976799999999999,0.0,0.5221958313568286,-0.0006205867894664152,0.5252940137123059,-0.0005480492015009202,1.5436109238097104,-0.0005891286629910479,0.043610923809710433,0,0,FOLLOWING,1.5433618699498721,0.44804172252710456,0
37.568,11.449901890918255,0.00024818194773321465,0.0004136416752433182,12.991200000000001,0.0,0.5191748327275331,-0.000668038803341986,0.5222734692623141,-0.0006042250794107961,1.5412981290630452,-0.0005746630533439693,0.0412981290630452,0,0,FOLLOWING,1.5410799259464667,0.44828525279430115,0
37.6,11.466517537325252,0.00025495535714859126,0.00039278864145928904,13.0056,0.0,0.5161619368559698,-0.0007067145952777626,0.5192378190733976,-0.0006516571830529869,1.5390824837919501,-0.0005584427639638151,0.03908248379195012,0,0,FOLLOWING,1.5388913312735826,0.4484985926614789,0
37.632,11.483036351513148,0.00026133812434810545,0.00037069244936058086,13.020000000000001,0.0,0.5131781359379236,-0.0007369254961370567,0.5162120502367146,-0.0006905058733990131,1.5369636707052108,-0.0005407277797906726,0.03696367070521078,0,0,FOLLOWING,1.5367962324185525,0.4486854657519683,0
37.664,11.499459317101842,0.0002673156226317364,0.0003476185993355142,13.0344,0.0,0.5102407432108609,-0.000759084299164788,0.5132169890472683,-0.0007210576836489632,1.5349407061751625,-0.0005217723128356957,0.03494070617516254,0,0,FOLLOWING,1.5347940538078761,0.4488491402715102,0
37.696,11.51578796667534,0.00027287792965467907,0.00032382017451334583,13.048800000000002,0.0,0.5073638436402184,-0.0007736820972770175,0.5102697936668101,-0.0007437006518230299,1.533012057610956,-0.000501821338783983,0.03301205761095605,0,0,FOLLOWING,1.5328836216964132,0.44899248392840585,0
37.728,11.532024278821968,0.00027801943127668397,0.00029953531518261674,13.0632,0.0,0.5045587035383305,-0.000781267443846545,0.5073844045458591,-0.0007589017403258993,1.5311757464183762,-0.0004811078312407239,0.03117574641837617,0,0,FOLLOWING,1.5310632729186247,0.44911801239002,0
37.76,11.548170588273853,0.00028273841038832086,0.00027498534516664066,13.0776,0.0,0.501834140818809,-0.0007824278728819757,0.5045719537818159,-0.0007671864623921184,1.5294294378604059,-0.0004598506321813176,0.02942943786040586,0,0,FOLLOWING,1.5293309498884988,0.44922793200340083,0
37.792,11.564229507885376,0.00028703663156889176,0.0002503734782488985,13.091999999999999,0.0,0.49919685794103325,-0.0007777737486611456,0.5018411350918196,-0.0007691207555947643,1.5277705190787605,-0.00043825289447866223,0.02777051907876049,0,0,FOLLOWING,1.5276842831756485,0.44932417743267994,0
37.824,11.580203861256084,0.0002909415692573697,0.00022597870412846335,13.1064,0.0,0.4966517401059973,-0.0007679763239087676,0.4991985366206888,-0.0007623365239302222,1.5261961664752788,-0.00041661053600591715,0.02619616647527878,0,0,FOLLOWING,1.526120662917896,0.44940844479736053,0
37.856,11.596096624881548,0.0002944552357748158,0.0002019341121189233,13.1208,0.0,0.49420212020725873,-0.0007536775980359067,0.49664893814908667,-0.0007513932747471858,1.5247034035514844,-0.00039505707421063236,0.02470340355148437,0,0,FOLLOWING,1.5246373002250522,0.4494822208327011,0
37.888,11.611910878773593,0.00029756812528396425,0.00017829949161708342,13.135200000000001,0.0,0.4918500139200683,-0.0007354554373516386,0.4941955763219484,-0.0007385817034417789,1.5232891502907493,-0.000373645284712045,0.023289150290749294,0,0,FOLLOWING,1.5232312797091383,0.44954680853662515,0
37.92,11.62764976458908,0.00030029208488480835,0.00015520391840614153,13.1496,0.0,0.48959632764940986,-0.0007138728934425526,0.491840379337648,-0.0007217365212402384,1.5219502650358485,-0.0003525113427891198,0.021950265035848515,0,0,FOLLOWING,1.5218996041401551,0.44960334971595395,0
37.952,11.643316450395771,0.0003026408479197964,0.00013275816070147336,13.164000000000001,0.0,0.48744104105380276,-0.0006894709328795458,0.4895841740317869,-0.0007014298251547655,1.5206835797194644,-0.00033177448069976993,0.02068357971946444,0,0,FOLLOWING,1.5206392321263014,0.44965284479858914,0
37.984,11.658914101264445,0.0003046293226112726,0.00011105541071774917,13.1784,0.0,0.48538336675724425,-0.0006627626883300369,0.4874268680909339,-0.0006782108655770357,1.5194859292718774,-0.00031153724393742714,0.019485929271877422,0,0,FOLLOWING,1.5194471096803186,0.44969617023646674,0
38.016,11.674445854956144,0.00030627332149780784,9.017223700693552e-05,13.192800000000002,0.0,0.48342188951879506,-0.0006342292019271649,0.48536760928945666,-0.0006525991328366407,1.5183541759336696,-0.0002918862563242288,0.018354175933669614,0,0,FOLLOWING,1.5183201964330184,0.44973409378707213,0
38.048,11.689914802046872,0.00030758932439538776,7.016965340315736e-05,13.2072,0.0,0.48155468697522935,-0.0006043164667725402,0.4834049241699306,-0.0006250807126956119,1.5172852291309167,-0.0002728931233194858,0.01728522913091668,0,0,FOLLOWING,1.5172554871814214,0.44976728792781656,0
38.08,11.705323969900107,0.0003085942620951281,5.109426838247949e-05,13.2216,0.0,0.4797794339296826,-0.0005734335821288757,0.48153683829760247,-0.000596105773348873,1.516276061502625,-0.00025461542924528805,0.01627606150262495,0,0,FOLLOWING,1.5162500293876717,0.4497963416281427,0
38.112,11.720676309960833,0.000309305321116161,3.2979483226483076e-05,13.235999999999999,0.0,0.47809349201120355,-0.0005419518527255542,0.47976098006871143,-0.0005660870402996062,1.5153237216066062,-0.00023709779725647408,0.015323721606606222,0,0,FOLLOWING,1.5153009371787085,0.4498217706776657,0
38.144,11.735974687903441,0.00030973976964817387,1.5846711818659863e-05,13.2504,0.0,0.47649398638088664,-0.0005102046777436285,0.4780746699029157,-0.0005353991203343722,1.5144253437715198,-0.00022037298515495575,0.014425343771519827,0,0,FOLLOWING,1.5144054023352538,0.44984402674539337,0
38.176,11.75122187621952,0.0003099148043230962,-2.934009182437381e-07,13.2648,0.0,0.474977871013306,-0.00047848808997782066,0.4764749964993704,-0.0005043785439972673,1.513578155508999,-0.00020446299396009965,0.013578155508999101,0,0,FOLLOWING,1.5135607027027855,0.4498635053241655,0
38.208,11.76642054888063,0.0003098474170645376,-1.5439781054520755e-05,13.279200000000001,0.0,0.4735419839397539,-0.0004470618202457249,0.4749588816886221,-0.00047332440527194665,1.5127794828508379,-0.00018938016973370756,0.012779482850837853,0,0,FOLLOWING,1.5127642084058106,0.4498805526962045,0
38.24,11.781573277755596,0.00030955428100039995,-2.9599763708723315e-05,13.2936,0.0,0.4721830937041767,-0.00041615077606513593,0.473523135269066,-0.0004424994873044828,1.512026753931625,-0.0001751282825099742,0.012026753931625,0,0,FOLLOWING,1.5120133862005587,0.44989547203922525,0
38.272,11.796682530501903,0.00030905165423445694,-4.2787979478060666e-05,13.308000000000002,0.0,0.47089793815491304,-0.0003859468369132991,0.47216450108059604,-0.00041213177413427945,1.511317501097325,-0.0001617035692295988,0.011317501097324989,0,0,FOLLOWING,1.5113058022593033,0.44990852877836235,0
38.304,11.811750669686784,0.000308355300165256,-5.5025298729869274e-05,13.3224,0.0,0.4696832565761224,-0.00035661088082426947,0.4708796954392666,-0.0003824162588590331,1.5106493617841166,-0.00014909573035021536,0.010649361784116573,0,0,FOLLOWING,1.5106391236421806,0.4499199552762963,0
38.336,11.82677995292572,0.0003074804229858999,-6.633784069402946e-05,13.336800000000002,0.0,0.46853581605254446,-0.00032827496869123094,0.46966543893744706,-0.00035351696867027096,1.5100200783798954,-0.00013728887229688848,0.01002007837989538,0,0,FOLLOWING,1.5100111186787641,0.4499299549429452,0
38.368,11.841772533854623,0.000306441616982414,-7.675605212276114e-05,13.3512,0.0,0.4674524328600069,-0.0003010446233350845,0.4685184825029139,-0.00032556913883954896,1.509427497252027,-0.00012626239006500724,0.009427497252026962,0,0,FOLLOWING,1.509419656451991,0.4499387058360234,0
38.4,11.856730463777394,0.00030525282826926285,-8.631385834049654e-05,13.3656,0.0,0.4664299895817963,-0.00027500115015794476,0.46743562850862796,-0.0002986814749133947,1.5088695670997918,-0.00011599178623433639,0.008869567099791809,0,0,FOLLOWING,1.50886270555052,0.4499463638152783,0
38.432,11.871655693852825,0.00030392732764104153,-9.504788792089821e-05,13.379999999999999,0.0,0.46546544856732963,-0.00025020395509065294,0.46641374763279286,-0.00027293845356614105,1.5083443367674443,-0.0001064494242571863,0.008344336767444283,0,0,FOLLOWING,1.5083383322324428,0.4499530653053717,0
38.464,11.886550077704438,0.00030251848395778985,-0.00010316737630160863,13.394400000000001,0.0,0.4645558619249195,-0.00022662254589474648,0.46544979194800296,-0.00025373395426153396,1.507849952642559,-9.746166205669219e-05,0.007849952642559055,0,0,FOLLOWING,1.5078446981309166,0.44995892971580537,0
38.496,11.901415374343891,0.000300989756186218,-0.00011051792172434304,13.4088,0.0,0.46369838002474323,-0.00020430131533406067,0.46454080526655706,-0.00022970449129177292,1.5073846557064456,-8.915888740787924e-05,0.007384655706445642,0,0,FOLLOWING,1.5073800575739495,0.44996406156021174,0
38.528,11.91625325135908,0.0002993528318718381,-0.00011714289126010696,13.423200000000001,0.0,0.46289025649482785,-0.00018326428890544678,0.46368393057986285,-0.00020703026194846406,1.506946778373928,-8.150568620568879e-05,0.0069467783739280975,0,0,FOLLOWING,1.5069427546601424,0.44996855231229305,0
38.56,11.931065288257418,0.00029761952113166966,-0.0001230858401109687,13.4376,0.0,0.46212885181279784,-0.00016351835158445738,0.4628764154769984,-0.00018571712846729595,1.5065347411403038,-7.446653949248025e-05,0.006534741140303835,0,0,FOLLOWING,1.5065312201124643,0.44997248203094076,0
38.592,11.945852979918993,0.00029580073213377785,-0.00012838996501967552,13.452000000000002,0.0,0.46141163534280083,-0.00014505589721518992,0.46211561544383534,-0.00016575388958566095,1.5061470491279982,-6.800568851667916e-05,0.006147049127998239,0,0,FOLLOWING,1.5061439680060122,0.4499759207832237,0
38.624,11.960617740110317,0.00029390649531819366,-0.0001330977663184723,13.4664,0.0,0.46073618607901223,-0.00012785719794905503,0.4613989957549772,-0.00014711878337974485,1.50578228857279,-6.208748683186007e-05,0.005782288572790062,0,0,FOLLOWING,1.5057795924129558,0.44997892989023863,0
38.656,11.975360905017887,0.00029194602020759516,-0.00013725076048479618,13.480800000000002,0.0,0.4601001923271754,-0.00011189252671566724,0.4607241320950287,-0.0001297810650863461,1.5054391232902942,-5.667672387566604e-05,0.005439123290294168,0,0,FOLLOWING,1.5054367640079567,0.4499815630178962,0
38.688,11.990083736768042,0.0002899277496428628,-0.0001408892400532561,13.4952,0.0,0.4595014505227644,-9.712405155622625e-05,0.4600887101324735,-0.00011370248702060972,1.5051162911560798,-5.173889980506662e-05,0.005116291156079811,0,0,FOLLOWING,1.5051142266700532,0.449983867131807,0
38.72,12.00478742690592,0.0002878594106922355,-0.00014405207765623304,13.5096,0.0,0.45893786335566045,-8.350751879741362e-05,0.45949052424267683,-9.883867763575399e-05,1.504812600626758,-4.7240454269629334e-05,0.0048126006267579235,0,0,FOLLOWING,1.5048107941102973,0.4499858833332517,0
38.752,12.01947309981166,0.0002857480625989079,-0.00014677657068332966,13.524,0.0,0.45840743734616257,-7.09937409341974e-05,0.45892747554870184,-8.514041089350667e-05,1.5045269273237638,-4.3148952833286136e-05,0.0045269273237638075,0,0,FOLLOWING,1.5045253465489123,0.44998764759092913,0
38.784,12.034141816036644,0.00028360014208675773,-0.00014909832291287514,13.538400000000001,0.0,0.4579082799953143,-5.952990425031305e-05,0.4583975694237312,-7.2554761664768e-05,1.5042582106971452,-3.943323486760601e-05,0.004258210697145159,0,0,FOLLOWING,1.5042568274607873,0.4499891913815342,0
38.816,12.048794575546458,0.0002814215062734347,-0.00015105115944141488,13.5528,0.0,0.4574385966135334,-4.9060710480041e-05,0.4578989125768957,-6.1026146309915783e-05,1.5040054507825904,-3.606352672490481e-05,0.004005450782590403,0,0,FOLLOWING,1.5040042404040923,0.4499905422504176,0
38.848,12.063432320860523,0.0002792174733863942,-0.00015266707130163007,13.567200000000001,0.0,0.4569966869150963,-3.9529366161201234e-05,0.4574297098255684,-5.0497250456132655e-05,1.503767705061833,-3.3011523903552864e-05,0.0037677050618329933,0,0,FOLLOWING,1.5037666459432948,0.4499917243023781,0
38.88,12.07805594008116,0.00027699286142914714,-0.00015397618623519933,13.5816,0.0,0.45658094145179506,-3.087843273696933e-05,0.4569882606408042,-4.090984634997561e-05,1.5035440854335707,-3.0250445813373366e-05,0.003544085433570654,0,0,FOLLOWING,1.5035431586749717,0.4499927586311882,0
38.912,12.092666269807152,0.0002747520249123269,-0.00015500676229164735,13.596000000000002,0.0,0.4561898379468273,-2.305054985245963e-05,0.4565729555384712,-3.220550617747922e-05,1.503333755299941,-2.7755066525965015e-05,0.003333755299941066,0,0,FOLLOWING,1.5033329443622607,0.4499936636955797,0
38.944,12.107264097928775,0.0002724988897346502,-0.00015578520107310082,13.6104,0.0,0.4558219375794268,-1.5989043709770577e-05,0.45618227237632536,-2.432621600491854e-05,1.5031359267714681,-2.5501724729112672e-05,0.0031359267714681227,0,0,FOLLOWING,1.5031352171818768,0.4499944556482609,0
38.976,12.121850166302918,0.0002702369862791797,-0.00015633607767756393,13.624800000000002,0.0,0.4554758812617157,-9.638431721883637e-06,0.45581477260684733,-1.7214897612166766e-05,1.5029498579919829,-2.3468315861113347e-05,0.002949857991982885,0,0,FOLLOWING,1.5029492370857882,0.44999514862393497,0
39.008,12.13642517330817,0.0002679694807752818,-0.00015668218462174395,13.6392,0.0,0.4551503859415105,-3.9448340969114624e-06,0.4554690975268888,-1.0815845357175625e-05,1.502774850583514,-2.16342691646134e-05,0.0027748505835138992,0,0,FOLLOWING,1.5027743072783581,0.44999575499130656,0
39.04,12.15098977628083,0.00026569920496584057,-0.00015684458722665644,13.6536,0.0,0.45484424095823345,1.1436976464156917e-06,0.4551439645570689,-5.075084390481865e-06,1.5026102472103144,-1.9980512191995206e-05,0.0026102472103144425,0,0,FOLLOWING,1.5026097718085114,0.4499962855736846,0
39.072,12.165544593833673,0.0002634286841133665,-0.00015684268819770566,13.668,0.0,0.4545563044734797,5.676925864900934e-06,0.45483816357777057,5.9342015414816656e-08,1.5024554292600807,-1.8489425043610475e-05,0.002455429260080688,0,0,FOLLOWING,1.5024550132756722,0.4499967498420042,0
39.104,12.180090208059914,0.00026116016337706207,-0.00015669429935748455,13.682400000000001,0.0,0.45428549999305345,9.702236943533017e-06,0.45455055334281685,4.637148942038141e-06,1.5023098146400091,-1.714478639395909e-05,0.0023098146400091224,0,0,FOLLOWING,1.502309450647383,0.44999715608378055,0
39.136,12.194627166625452,0.0002588956325910169,-0.00015641571868758877,13.6968,0.0,0.4540308129932694,1.3264508314255371e-05,0.4542800579871877,8.705643917129397e-06,1.5021728556845466,-1.5931713162873842e-05,0.002172855684546615,0,0,FOLLOWING,1.5021725371859886,0.44999751155092654,0
39.168,12.209155984752721,0.0002566368494769408,-0.00015602181107569137,13.711200000000002,0.0,0.4537912876609873,1.6406024862389598e-05,0.4540256636413443,1.2309611124383929e-05,1.5020440371715622,-1.4836595452024336e-05,0.0020440371715622074,0,0,FOLLOWING,1.5020437584813113,0.4499978225891578,0
39.2,12.223677147099934,0.00025438536132684554,-0.0001555260913236391,13.7256,0.0,0.4535660237540059,1.9166437847594077e-05,0.4537864151611744,1.5491240745893643e-05,1.5019228744430868,-1.3847028209839756e-05,0.0019228744430868083,0,0,FOLLOWING,1.5019226305859106,0.44999809475118824,0
39.232,12.23819110953955,0.00025214252519542785,-0.00015494080819429784,13.740000000000002,0.0,0.45335417358614366,2.158276006230469e-05,0.4535614129800343,1.8290096500772687e-05,1.5018089116268782,-1.2951740869649868e-05,0.0018089116268782401,0,0,FOLLOWING,1.5018086982492793,0.4499983328958325,0
39.264,12.252698300840077,0.00024990952664665086,-0.0001542770284328728,13.7544,0.0,0.4531549391393642,2.368939152219696e-05,0.45334981008704,2.0743116442479602e-05,1.5017017199545897,-1.2140526051742452e-05,0.0017017199545896755,0,0,FOLLOWING,1.501701533247139,0.4499985412746856,0
39.296,12.267199124255248,0.00024768739710176295,-0.0001535447198464049,13.768800000000002,0.0,0.4529675693037642,2.5518170529339715e-05,0.4531508091334739,2.2884642390549127e-05,1.5016008961726353,-1.1404168274445255e-05,0.0016008961726352577,0,0,FOLLOWING,1.5016007328019711,0.44999872360801874,0
39.328,12.28169395902475,0.0002454770298420657,-0.00015275283269782435,13.7832,0.0,0.4527913572449175,2.7098445465630526e-05,0.45296365966833124,2.47464726005179e-05,1.5015060610414275,-1.0734373451264822e-05,0.0015060610414274755,0,0,FOLLOWING,1.5015059180907846,0.44999888315114883,0
39.36,12.296183161790577,0.0002432791947219255,-0.00015190937878813504,13.797600000000001,0.0,0.45262563789706095,2.845716317562758e-05,0.45278765550203515,2.635793400970259e-05,1.5014168579190628,-1.0123699835774873e-05,0.001416857919062764,0,0,FOLLOWING,1.5014167328361978,0.4499990227525626,0
39.392,12.310667067933087,0.00024109455165132582,-0.00015102150772404446,13.812,0.0,0.45246978557976103,2.961897025915366e-05,0.4526221321968316,2.7745970191945224e-05,1.5013329514252374,-9.565490955151242e-06,0.001332951425237372,0,0,FOLLOWING,1.5013328419768914,0.4499991449047357,0
39.424,12.325145992830713,0.0002389236629095348,-0.000150095579978945,13.826400000000001,0.0,0.452323211735073,3.0606324024320645e-05,0.45246646468124946,2.8935241565328396e-05,1.5012540261815663,-9.053810964460945e-06,0.0012540261815663367,0,0,FOLLOWING,1.5012539304135872,0.4499992517886416,0
39.456,12.339620233047205,0.00023676700435326808,-0.00014913723645238152,13.8408,0.0,0.4521853627817034,3.143961025663266e-05,0.45232006498574145,2.994823481444021e-05,1.5011797856243143,-8.583382758080787e-06,0.0011797856243143112,0,0,FOLLOWING,1.5011797018267972,0.4499993453126579,0
39.488,12.354090067450183,0.00023462497558400996,-0.00014815146432082017,13.855200000000002,0.0,0.4520557180823178,3.2137265343716116e-05,0.4521823800956675,3.080537878719243e-05,1.5011099508858767,-8.149529087997934e-06,0.0011099508858767315,0,0,FOLLOWING,1.5011098775626155,0.4499994271466558,0
39.52,12.368555758264616,0.00023249790913905198,-0.0001471426590366624,13.8696,0.0,0.45193378801988376,3.271590061832481e-05,0.45205288991797876,3.1525164862160525e-05,1.5010442597412748,-7.748116874752031e-06,0.0010442597412747556,0,0,FOLLOWING,1.5010441955830787,0.44999949875178596,0
39.552,12.38301755206472,0.0002303860787713553,-0.00014611468241635626,13.884000000000002,0.0,0.45181911217875637,3.319042711938083e-05,0.4519311053570696,3.2124269164279406e-05,1.5009824656162836,-7.375504813367245e-06,0.0009824656162835677,0,0,FOLLOWING,1.5009824094775832,0.44999956140658537,0
39.584,12.397475680707663,0.0002282897068820733,-0.00014507091679102864,13.8984,0.0,0.4517112576261191,3.3574179239437285e-05,0.4518165664957745,3.2617675611063584e-05,1.5009243366537028,-7.028494343353349e-06,0.0009243366537028397,0,0,FOLLOWING,1.500924287532122,0.4499996162297786,0
39.616,12.41193036221227,0.00022620897116833224,-0.00014401431526429233,13.912800000000002,0.0,0.45160981728934746,3.3879035994783325e-05,0.45170884087694535,3.3018797563431986e-05,1.5008696548346814,-6.704283979876949e-06,0.000869654834681377,0,0,FOLLOWING,1.5008696118531186,0.4499996642002728,0
39.648,12.426381801585816,0.00022414401054735307,-0.00014294744813484367,13.927200000000001,0.0,0.45151440842487434,3.411553888000975e-05,0.4516075218810529,3.3339597675982796e-05,1.5008182151519012,-6.400426989336107e-06,0.0008182151519011693,0,0,FOLLOWING,1.500818177542896,0.4499997061746093,0
39.68,12.440830191601826,0.0002220949304159216,-0.00014187254560787778,13.941600000000001,0.0,0.4514246711741766,3.429300548813469e-05,0.4515122271954763,3.359070387146931e-05,1.500769824831794,-6.114792324819404e-06,0.0007698248317939971,0,0,FOLLOWING,1.5007697919237997,0.4499997429022816,0
39.712,12.455275713531702,0.00022006180730167055,-0.00014079153690522286,13.956,0.0,0.4513402672025842,3.441963824732694e-05,0.45142259737101825,3.3781521880827555e-05,1.500724302602907,-5.84552874942926e-06,0.0007243026029069011,0,0,FOLLOWING,1.5007242738083244,0.4499997750390929,0
39.744,12.469718537832797,0.00021804469295988219,-0.00013970608593754782,13.970400000000001,0.0,0.4512608784167035,3.450262779599219e-05,0.4513382944613572,3.392034267842549e-05,1.500681478007837,-5.591032020179742e-06,0.000681478007837022,0,0,FOLLOWING,1.5006814528125034,0.4499998031588855,0
39.776,12.484158824795477,0.0002160436179675761,-0.00013861762370709607,13.9848,0.0,0.451186205756382,3.454825066088555e-05,0.4512590007411332,3.4014444653088685e-05,1.5006411907561568,-5.349914998824869e-06,0.000641190756156762,0,0,FOLLOWING,1.5006411687101848,0.44999982776376474,0
39.808,12.498596725151543,0.00021405859486245038,-0.0001375273776054391,13.999200000000002,0.0,0.4511159680572594,3.456196102271905e-05,0.45118441749862126,3.407019063878519e-05,1.500603290116012,-5.120980557140453e-06,0.0006032901160120119,0,0,FOLLOWING,1.500603270825738,0.4499998492930889,0
39.84,12.513032380646287,0.0002120896208723863,-0.00013643639780688385,14.0136,0.0,0.45104990098009834,3.454847645932723e-05,0.451114263899082,3.409311867542042e-05,1.500567634342044,-4.903197106830075e-06,0.0005676343420439878,0,0,FOLLOWING,1.5005676174630198,0.44999986813128656,0
39.872,12.527465924576301,0.00021013668027757788,-0.0001353455809311281,14.028000000000002,0.0,0.45098775600324253,3.4511857650206444e-05,0.4510482759148471,3.408802734486658e-05,1.5005340901376036,-4.695676608818109e-06,0.0005340901376036378,0,0,FOLLOWING,1.500534075368424,0.4499998846147456,0
39.904,12.541897482295088,0.00020819974644495706,-0.0001342556911755136,14.0424,0.0,0.4509292994746919,3.44555821004554e-05,0.45098620531855566,3.4059054846034656e-05,1.5005025321491186,-4.497654888368287e-06,0.0005025321491185508,0,0,FOLLOWING,1.5005025192260657,0.44999989903779586,0
39.936,12.556327171688338,0.00020627878357073556,-0.00013316737909725167,14.056800000000003,0.0,0.4508743117204527,3.438261199918537e-05,0.4509278187360462,3.400975243323372e-05,1.5004728424908407,-4.308474099844439e-06,0.00047284249084067476,0,0,FOLLOWING,1.5004728311831483,0.44999991165798825,0
39.968,12.570755103620726,0.0002043737481648835,-0.00013208119823838202,14.071200000000001,0.0,0.45082258620596366,3.4295456393588594e-05,0.4508728967554518,3.3943151830780624e-05,1.5004449102980226,-4.127567171233735e-06,0.00044491029802262716,0,0,FOLLOWING,1.5004449004037792,0.4499999227006703,0
40.0,12.585181382355888,0.0002024845903082023,-0.00013099761975786514,14.085600000000001,0.0,0.4507739287475599,3.419622787860356e-05,0.4508212330894111,3.386182751006473e-05,1.50041863130697,-3.954444084766732e-06,0.0004186313069700631,0,0,FOLLOWING,1.5004186226494938,0.4499999323630329,0
40.032000000000004,12.599606105951171,0.00020061125470997778,-0.0001299170452607518,14.1,0.0,0.4507281567710888,3.40866940540252e-05,0.45077263378726184,3.3767953030907315e-05,1.5003939074602652,-3.7886798226587635e-06,0.0003939074602652415,0,0,FOLLOWING,1.5003938998849666,0.4499999408176074,0
40.064,12.614029366628717,0.00019875368159182367,-0.00012883981798209485,14.114400000000002,0.0,0.450685098614931,3.396832401334236e-05,0.45072691649441915,3.3663352455851715e-05,1.500370646535707,-3.6299038376657645e-06,0.00037064653570695327,0,0,FOLLOWING,1.5003706399073096,0.44999994821537176,0
40.096000000000004,12.628451251124238,0.00019691180742035966,-0.00012776623247612114,14.1288,0.0,0.45064459287483116,3.384233014536165e-05,0.45068390975606115,3.354954706081421e-05,1.500348761797511,-3.4777909133125657e-06,0.00034876179751108793,0,0,FOLLOWING,1.5003487559976598,0.44999995468842025,0
40.128,12.64287184101486,0.00019508556550993432,-0.00012669654296832843,14.143200000000002,0.0,0.4506064877880788,3.3709705539545595e-05,0.45064345236266223,3.342779711864998e-05,1.5003281716684922,-3.332053270530038e-06,0.00032817166849219426,0,0,FOLLOWING,1.500328166593615,0.4499999603523465,0
40.160000000000004,12.657291213027285,0.0001932748865138889,-0.0001256309705129613,14.1576,0.0,0.45057064065471286,3.3571257302769356e-05,0.4506053927348379,3.3299139231087794e-05,1.5003087994218793,-3.192433790836401e-06,0.0003087994218793355,0,0,FOLLOWING,1.5003087949813605,0.44999996530828357,0
40.192,12.671709439327437,0.0001914796988208262,-0.00012456970906777804,14.172000000000002,0.0,0.4505369172935544,3.342763606796318e-05,0.450569588345151,3.31644201633789e-05,1.5002905728916904,-3.0587002553573723e-06,0.00029057289169043266,0,0,FOLLOWING,1.5002905690062316,0.4499999696447342,0
40.224000000000004,12.68612658779274,0.0001896999288708121,-0.00012351293063167995,14.1864,0.0,0.4505051915309879,3.327936200866096e-05,0.4505359051747527,3.3024326129840934e-05,1.5002734242004285,-2.9306404643015215e-06,0.0002734242004285292,0,0,FOLLOWING,1.500273420800652,0.4499999734391282,0
40.256,12.700542722268043,0.00018793550140451686,-0.00012246078953346513,14.200800000000003,0.0,0.45047534472054296,3.312684762926368e-05,0.45050421720275063,3.287940932123747e-05,1.5002572895031916,-2.808058157502852e-06,0.0002572895031915934,0,0,FOLLOWING,1.5002572865283819,0.4499999767592279,0
40.288000000000004,12.714957902806194,0.00018618633965669645,-0.0001214134259889194,14.215200000000001,0.0,0.4504472652914207,3.2970417623919467e-05,0.4504744059263478,3.2730110769231705e-05,1.5002421087470599,-2.6907696266318233e-06,0.00024210874705987706,0,0,FOLLOWING,1.500242106144102,0.4499999796643152,0
40.32,12.729372185894182,0.00018445236550431541,-0.00012037096901942167,14.229600000000001,0.0,0.45042084832423374,3.281032606514442e-05,0.45044635990983395,3.25767802990561e-05,1.5002278254449894,-2.5786009329417284e-06,0.000227825444989449,0,0,FOLLOWING,1.500227823167398,0.44999998220626936,0
40.352000000000004,12.743785624665714,0.00018273349957770166,-0.00011933353880329073,14.244,0.0,0.4503959951523232,3.264677117719038e-05,0.4504199743608544,3.2419694256363745e-05,1.500214386463206,-2.471385665106754e-06,0.00021438646320603993,0,0,FOLLOWING,1.5002143844703149,0.44999998443047906,0
40.384,12.758198269101065,0.00018102966134229566,-0.00011830124855954564,14.258400000000002,0.0,0.4503726129871036,3.247990794225726e-05,0.450395150732224,3.22590701192795e-05,1.5002017418213804,-2.3689631426799244e-06,0.00020174182138044117,0,0,FOLLOWING,1.5002017400775967,0.4499999863766667,0
40.416000000000004,12.77261016621494,0.0001793407691577808,-0.00011727420600762645,14.2728,0.0,0.4503506145659925,3.230985875823933e-05,0.4503717963476738,3.209507974966189e-05,1.50018984450474,-2.27117702631191e-06,0.0001898445047399111,0,0,FOLLOWING,1.500189842978931,0.44999998807957814,0
40.448,12.787021360233082,0.0001776667403197922,-0.00011625251449397551,14.287200000000002,0.0,0.45032991782156084,3.213672237241857e-05,0.4503498240501946,3.192785980369561e-05,1.500178650287491,-2.177874247434025e-06,0.0001786502874909779,0,0,FOLLOWING,1.500178648952406,0.4499999895696293,0
40.480000000000004,12.801431892758313,0.000176007491088777,-0.00011523627381247735,14.3016,0.0,0.45031044557061317,3.1960581277227604e-05,0.4503291518716132,3.1757521298820254e-05,1.500168117566743,-2.0889042336043318e-06,0.00016811756674295353,0,0,FOLLOWING,1.5001681163985452,0.4499999908734211,0
40.512,12.815841802926636,0.00017436293671019496,-0.00011422558078860116,14.316000000000003,0.0,0.45029212522200385,3.178150776071852e-05,0.45030970272203646,3.158415699802299e-05,1.5001582072064423,-2.0041183625820136e-06,0.000158207206442329,0,0,FOLLOWING,1.5001582061842662,0.44999999201424323,0
40.544000000000004,12.830251127554,0.00017273299142894145,-0.00011322052966411635,14.330400000000001,0.0,0.45027488850204095,3.1599568775556954e-05,0.450291404098016,3.1407847641920656e-05,1.5001488823905762,-1.9233696103122745e-06,0.00014888239057619934,0,0,FOLLOWING,1.5001488814961734,0.44999999301246,0
40.576,12.84465990127428,0.0001711175685006482,-0.00011222121231879558,14.344800000000003,0.0,0.4502586711964258,3.1414829784439905e-05,0.4502741878082999,3.122866704291976e-05,1.5001401084852186,-1.8465123582794425e-06,0.00014010848521861519,0,0,FOLLOWING,1.5001401077026144,0.449999993885903,0
40.608000000000004,12.859068156669027,0.00016951658020212404,-0.00011122771835768894,14.359200000000001,0.0,0.4502434129077147,3.122735771575612e-05,0.45025798971605946,3.10466862861004e-05,1.5001318529087562,-1.7734023332676655e-06,0.00013185290875616928,0,0,FOLLOWING,1.5001318522239797,0.4499999946501625,0
40.64,12.873475924389444,0.00016792993784230152,-0.00011024013510858591,14.373600000000001,0.0,0.4502290568273732,3.103722316350538e-05,0.4502427494966786,3.086197653585771e-05,1.5001240850099347,-1.7038966359108303e-06,0.0001240850099346602,0,0,FOLLOWING,1.5001240844107533,0.44999999531889145,0
40.672000000000004,12.887883233271094,0.00016635755177507404,-0.00010925854753951235,14.388,0.0,0.4502155495215332,3.084450194516346e-05,0.4502284104100617,3.0674611534809253e-05,1.5001167759531333,-1.6378538492081056e-06,0.00011677595313330791,0,0,FOLLOWING,1.5001167754288505,0.44999999590402756,0
40.704,12.902290110441754,0.00016479933141479275,-0.0001082830381199447,14.402400000000002,0.0,0.45020284072962297,3.064927611519232e-05,0.45021491908667577,3.0484669362622436e-05,1.5001098986105244,-1.5751342039142823e-06,0.00010989861052435046,0,0,FOLLOWING,1.5001098981517749,0.44999999641602495,0
40.736000000000004,12.916696581422839,0.0001632551852552649,-0.00010731368664727805,14.4168,0.0,0.4501908831750895,3.0451634533277013e-05,0.45020222532640874,3.029223352184194e-05,1.5001034274606342,-1.5155997799137924e-06,0.00010342746063418673,0,0,FOLLOWING,1.500103427059231,0.44999999686401937,0
40.768,12.931102670224764,0.0001617250208924827,-0.00010635057005302326,14.431200000000002,0.0,0.4501796323874865,3.0251673058343284e-05,0.4501902819095387,3.0097393571347543e-05,1.500097338493,-1.4591147293244302e-06,9.733849300008757e-05,0,0,FOLLOWING,1.50009733814177,0.4499999972560183,0
40.800000000000004,12.945508399436632,0.0001602087450510579,-0.00010539376219571901,14.4456,0.0,0.45016904653523593,3.0049494452634286e-05,0.450179044419021,2.9900245541525197e-05,1.5000916091184606,-1.4055455144047573e-06,9.16091184606227e-05,0,0,FOLLOWING,1.5000916088111367,0.4499999975990134,0
40.832,12.959913790310573,0.00015870626361503198,-0.00010444333365498196,14.460000000000003,0.0,0.45015908626841805,2.9845208043808055e-05,0.4501684710734884,2.970089189868543e-05,1.50008621808484,-1.3547611463455645e-06,8.621808483999516e-05,0,0,FOLLOWING,1.5000862178159298,0.4499999978991372,0
40.864000000000004,12.974318862841061,0.00015721748166211232,-0.00010349935153805606,14.474400000000001,0.0,0.4501497145709829,2.9638929214728356e-05,0.45015852257021666,2.94994411544736e-05,1.5000811453976064,-1.3066334130188985e-06,8.114539760639694e-05,0,0,FOLLOWING,1.500081145162312,0.4499999981617424,0
40.896,12.988723635839502,0.00015574230350192542,-0.0001025618792947258,14.488800000000003,0.0,0.4501408966218173,2.9430778752725928e-05,0.45014916193750876,2.929600760450109e-05,1.500076372245311,-1.2610371002620584e-06,7.637224531098497e-05,0,0,FOLLOWING,1.500076372039426,0.44999999839152527,0
40.928000000000004,13.003128127004384,0.00015428063271737542,-0.00010163097654938689,14.503200000000001,0.0,0.4501325996641288,2.9220882110239347e-05,0.4501403543959408,2.909071079216665e-05,1.5000718809294082,-1.2178501973557804e-06,7.18809294082412e-05,0,0,FOLLOWING,1.500071880749261,0.4499999985925825,0
40.96,13.017532352987262,0.00015283237220917013,-0.0001007066989618604,14.517600000000002,0.0,0.4501247928826452,2.9009368603480668e-05,0.4501320672279103,2.8883674610425337e-05,1.5000676547983,-1.176954075193554e-06,6.765479830006527e-05,0,0,FOLLOWING,1.5000676546406697,0.4499999987685098,0
40.992,13.031936329454794,0.0001513974242431374,-9.978909810724424e-05,14.532,0.0,0.45011744728816133,2.879637058149519e-05,0.45012426965499075,2.867502670688088e-05,1.500063678185275,-1.1382336466472651e-06,6.367818527497349e-05,0,0,FOLLOWING,1.500063678047348,0.4499999989224464,0
41.024,13.046340071147124,0.00014997569049959424,-9.88782213815025e-05,14.546399999999998,0.0,0.4501105356089856,2.858202258614205e-05,0.4501169327226038,2.8464897679461252e-05,1.5000599363501437,-1.101577501977217e-06,5.993635014367449e-05,0,0,FOLLOWING,1.5000599362294598,0.44999999905713867,0
41.056,13.060743591932761,0.0001485670721246575,-9.797411193288448e-05,14.5608,0.0,0.45010403218887285,2.8366460525101427e-05,0.4501100291916127,2.8253420269254184e-05,1.5000564154243543,-1.066878019159663e-06,5.64154243543058e-05,0,0,FOLLOWING,1.5000564153187534,0.44999999917499717,0
41.088,13.075146904860205,0.0001471714697832242,-9.707680862004319e-05,14.575199999999999,0.0,0.4500979128910546,2.8149820873106062e-05,0.45010353343637044,2.8040728526145283e-05,1.5000531023593524,-1.034031448119598e-06,5.310235935240826e-05,0,0,FOLLOWING,1.5000531022669534,0.44999999927812023,0
41.12,13.089550022206527,0.0001457887837126645,-9.618634599182765e-05,14.5896,0.0,0.4500921550079964,2.7932239907515724e-05,0.4500974213488894,2.7826957131507366e-05,1.500049984878027,-1.0029379732884644e-06,4.998487802709839e-05,0,0,FOLLOWING,1.5000499847971764,0.4499999993683564,0
41.152,13.103952955523035,0.00014441891377751072,-9.530275429356723e-05,14.604,0.0,0.4500867371765399,2.771385299718235e-05,0.4500916702486775,2.7612240570330735e-05,1.500047051429021,-9.735017498921556e-07,4.705142902095005e-05,0,0,FOLLOWING,1.5000470513582793,0.4499999994473099,0
41.184,13.118355715678248,0.00014306175952422622,-9.442605949441946e-05,14.618400000000001,0.0,0.4500816392981053,2.7494793941842647e-05,0.45008625879801484,2.739671247298453e-05,1.5000442911437737,-9.456309188139229e-07,4.4291143773689257e-05,0,0,FOLLOWING,1.500044291081873,0.4499999995163963,0
41.216,13.132758312898307,0.00014171722023609648,-9.355628333780646e-05,14.6328,0.0,0.4500768424636521,2.7275194374472754e-05,0.45008116692221434,2.718050489370109e-05,1.5000416937960965,-9.192375980665834e-07,4.1693796096531344e-05,0,0,FOLLOWING,1.5000416937419354,0.4499999995768438,0
41.248,13.147160756804999,0.0001403851949876533,-9.269344340382355e-05,14.647200000000002,0.0,0.45007232888311083,2.7055183221078335e-05,0.45007637573474757,2.6963747936442316e-05,1.5000392497641655,-8.942378616202879e-07,3.92497641654721e-05,0,0,FOLLOWING,1.500039249716772,0.44999999962973897,0
41.28,13.16156305645152,0.0001390655826985771,-9.183755319764364e-05,14.6616,0.0,0.4500680818190141,2.6834886225617852e-05,0.45007186746666544,2.6746568942533684e-05,1.5000369499947332,-8.705516915539281e-07,3.694999473324856e-05,0,0,FOLLOWING,1.5000369499532662,0.4499999996760186,0
41.312,13.175965220356115,0.00013775828218661254,-9.098862224416401e-05,14.676,0.0,0.4500640855240847,2.6614425537098265e-05,0.45006762540038414,2.6529092295588052e-05,1.5000347859695196,-8.481029229906217e-07,3.478596951955737e-05,0,0,FOLLOWING,1.500034785933234,0.4499999997165154,0
41.344,13.190367256533724,0.0001364631922193304,-9.014665620188473e-05,14.690399999999999,0.0,0.4500603251825359,2.639391935410629e-05,0.45006363380728687,2.6311438820518862e-05,1.5000327496735397,-8.26819168744212e-07,3.274967353972258e-05,0,0,FOLLOWING,1.500032749641793,0.44999999975194815,0
41.376,13.204769172525756,0.00013518021156467262,-8.931165698690483e-05,14.7048,0.0,0.4500567868548608,2.6173481633683258e-05,0.45005987788919405,2.6093725467358698e-05,1.5000308335653492,-8.066317327628543e-07,3.083356534916426e-05,0,0,FOLLOWING,1.500030833537567,0.4499999997829553,0
41.408,13.219170975428096,0.00013390923903983202,-8.848362290588682e-05,14.719199999999999,0.0,0.4500534574259091,2.595322185329331e-05,0.4500563437231225,2.5876065030997664e-05,1.5000290305490156,-7.874755132430435e-07,2.9030549015596208e-05,0,0,FOLLOWING,1.500029030524708,0.4499999998100836,0
41.44,13.23357267191745,0.0001326501735586594,-8.766254879337384e-05,14.733600000000001,0.0,0.45005032455604865,2.5733244825884882e-05,0.4500530182094572,2.5658566015167184e-05,1.5000273339477999,-7.692889001698922e-07,2.7333947799856873e-05,0,0,FOLLOWING,1.5000273339265282,0.4499999998338243,0
41.472,13.247974268276137,0.00013140291417703962,-8.684842615964337e-05,14.748,0.0,0.45004737663522826,2.5513650562124392e-05,0.45004988902317444,2.5441332303167926e-05,1.5000257374793393,-7.520136607502203e-07,2.5737479339316138e-05,0,0,FOLLOWING,1.5000257374607284,0.4499999998545952,0
41.504,13.262375770415392,0.00013016736013675764,-8.604124334090988e-05,14.762400000000001,0.0,0.45004460273977365,2.5294534183946858e-05,0.4500469445679697,2.5224463084469145e-05,1.500024235232365,-7.355948212805813e-07,2.423523236494418e-05,0,0,FOLLOWING,1.5000242352160775,0.44999999987277234,0
41.536,13.276777183897329,0.00012894341090709352,-8.5240985654981e-05,14.7768,0.0,0.4500419925917432,2.5075985873238934e-05,0.4500441739330971,2.5008052684285637e-05,1.5000228216447213,-7.199805418610492e-07,2.2821644721338075e-05,0,0,FOLLOWING,1.5000228216304732,0.4499999998886749,0
41.568,13.291178513955552,0.00012773096622442718,-8.444763555181669e-05,14.791200000000002,0.0,0.45003953652070167,2.4858090861970246e-05,0.4500415668527784,2.479219072285673e-05,1.5000214914827714,-7.051219946954066e-07,2.1491482771418546e-05,0,0,FOLLOWING,1.5000214914703014,0.44999999990259154,0
41.6,13.305579765514594,0.000126529926130119,-8.366117277577723e-05,14.8056,0.0,0.4500372254277605,2.4640929455680787e-05,0.4500391136679984,2.4576961750169948e-05,1.5000202398219418,-6.909732293913453e-07,2.0239821941769875e-05,0,0,FOLLOWING,1.5000202398110332,0.4499999999147665,0
41.632,13.319980943208165,0.00012534019100601926,-8.288157451485402e-05,14.82,0.0,0.45003505075175315,2.4424577085587394e-05,0.45003680529062307,2.4362445652756493e-05,1.50001906202849,-6.774910495376685e-07,1.9062028489891247e-05,0,0,FOLLOWING,1.5000190620189437,0.4499999999254205,0
41.664,13.334382051396355,0.00012416166160805544,-8.210881555481653e-05,14.834399999999999,0.0,0.4500330044374158,2.420910438457232e-05,0.4500346331696098,2.414871750004859e-05,1.500017953742288,-6.64634882942882e-07,1.795374228796831e-05,0,0,FOLLOWING,1.5000179537339373,0.4499999999347408,0
41.696,13.348783094181798,0.00012299423909781137,-8.13428684358437e-05,14.8488,0.0,0.450031078905455,2.3994577292383057e-05,0.45003258925919853,2.3935847466751557e-05,1.5000169108606738,-6.523666479126125e-07,1.6910860673791106e-05,0,0,FOLLOWING,1.500016910853364,0.4499999999428996,0
41.728,13.36318407542487,0.00012183782507211693,-8.058370359252804e-05,14.863199999999999,0.0,0.4500292670243926,2.378105717129289e-05,0.45003066598904284,2.372390135243937e-05,1.500015929523228,-6.406506347041613e-07,1.5929523228042086e-05,0,0,FOLLOWING,1.500015929516835,0.44999999995003553,0
41.76,13.377584998758028,0.00012069232159052014,-7.983128950843429e-05,14.877600000000001,0.0,0.4500275620840748,2.3568600947222586e-05,0.45002885623609423,2.3512940126732608e-05,1.50001500609747,-6.294533708961198e-07,1.5006097469960622e-05,0,0,FOLLOWING,1.5000150060918727,0.4499999999562819,0
41.792,13.391985867599258,0.00011955763120086986,-7.908559284808335e-05,14.892,0.0,0.4500259577707557,2.3357261254414793e-05,0.45002715329810583,2.3303020634749725e-05,1.5000141371653721,-6.18743507965427e-07,1.4137165372130056e-05,0,0,FOLLOWING,1.5000141371604765,0.4499999999617456,0
41.824,13.406386685164748,0.00011843365696333514,-7.834657859514659e-05,14.906400000000001,0.0,0.45002444814365605,2.3147086597477243e-05,0.4500255508687672,2.309419540303847e-05,1.5000133195107228,-6.084917005069892e-07,1.3319510722809014e-05,0,0,FOLLOWING,1.5000133195064365,0.4499999999665293,0
41.856,13.420787454480807,0.00011732030247213643,-7.761421018544872e-05,14.9208,0.0,0.4500230276129086,2.2938121517373447e-05,0.4500240430143239,2.2886512801806736e-05,1.500012550107172,-5.986704890277936e-07,1.2550107171938052e-05,0,0,FOLLOWING,1.5000125501034238,0.44999999997071205,0
41.888,13.435188178395094,0.00011621747187581405,-7.688844962826512e-05,14.935200000000002,0.0,0.45002169091881156,2.2730406764518804e-05,0.45002262415148003,2.2680017410721204e-05,1.500011826107039,-5.892541933796332e-07,1.1826107038981348e-05,0,0,FOLLOWING,1.5000118261037563,0.4499999999743758,0
41.92,13.449588859587147,0.0001151250698957964,-7.616925763084084e-05,14.9496,0.0,0.45002043311231194,2.2523979474245144e-05,0.45002128902674154,2.2474749918229754e-05,1.5000111448307478,-5.802188017560081e-07,1.1144830747822354e-05,0,0,FOLLOWING,1.5000111448278775,0.4499999999775788,0
41.952,13.463989500578332,0.0001140430018433047,-7.545659370987384e-05,14.964,0.0,0.4500192495366402,2.2318873346015446e-05,0.4500200326968813,2.227074752892848e-05,1.5000105037569065,-5.715418715376223e-07,1.050375690647698e-05,0,0,FOLLOWING,1.500010503754393,0.4499999999803835,0
41.984,13.478390103741177,0.0001129711736347122,-7.475041630221267e-05,14.978399999999999,0.0,0.4500181358100372,2.2115118821256868e-05,0.4500188505106208,2.2068043988110964e-05,1.5000099005129561,-5.6320242982216e-07,9.900512956129148e-06,0,0,FOLLOWING,1.5000099005107588,0.4499999999828357,0
42.016,13.492790671308159,0.0001119094918055486,-7.405068287004368e-05,14.9928,0.0,0.45001708780949956,2.191274326060169e-05,0.45001773809135537,2.1866669753973344e-05,1.5000093328663944,-5.551808784932244e-07,9.332866394373696e-06,0,0,FOLLOWING,1.5000093328644688,0.44999999998498397,0
42.048,13.507191205379982,0.0001108578635228747,-7.335734999225688e-05,15.0072,0.0,0.45001610165548783,2.171177111875977e-05,0.45001669132093325,2.1666652429521486e-05,1.5000087987164816,-5.474589119635584e-07,8.798716481628333e-06,0,0,FOLLOWING,1.5000087987147994,0.44999999998686163,0
42.08,13.52159170793335,0.00010981619659668326,-7.267037346621167e-05,15.021600000000001,0.0,0.4500151736975416,2.151222411465407e-05,0.45001570632437643,2.14680164375906e-05,1.5000082960864944,-5.400194238080937e-07,8.296086494441468e-06,0,0,FOLLOWING,1.50000829608502,0.44999999998850754,0
42.112,13.535992180828297,0.00010878439948977109,-7.198970838558122e-05,15.036,0.0,0.45001430050074176,2.1314121400569284e-05,0.4500147794555446,2.127078376837568e-05,1.5000078231163645,-5.32846436248553e-07,7.823116364491511e-06,0,0,FOLLOWING,1.5000078231150766,0.4499999999899439,0
42.144,13.550392625815066,0.00010776238132665656,-7.131530922993676e-05,15.050400000000002,0.0,0.450013478832978,2.111747972202396e-05,0.45001390728353796,2.107497361256082e-05,1.5000073780558267,-5.259250172073485e-07,7.378055826734453e-06,0,0,FOLLOWING,1.500007378054697,0.449999999991204,0
42.176,13.564793044540599,0.00010675005190124004,-7.064712993614382e-05,15.0648,0.0,0.4500127056529669,2.092231357586627e-05,0.45001308658005157,2.088060292969691e-05,1.5000069592579082,-5.192412146678142e-07,6.959257908167871e-06,0,0,FOLLOWING,1.5000069592569223,0.4499999999923045,0
42.208,13.579193438554636,0.0001057473216834574,-6.998512397245192e-05,15.079200000000002,0.0,0.45001197809897775,2.072863536027746e-05,0.45001231430737804,2.0687686364039006e-05,1.5000065651728482,-5.127819876231312e-07,6.565172848249645e-06,0,0,FOLLOWING,1.5000065651719832,0.4499999999932704,0
42.24,13.59359380931545,0.00010475410182522167,-6.932924440326199e-05,15.0936,0.0,0.450011293478227,2.0536455519446247e-05,0.45001158760716026,2.0496236535851725e-05,1.500006194342342,-5.065351458337863e-07,6.19434234194749e-06,0,0,FOLLOWING,1.5000061943415888,0.4499999999941114,0
42.272,13.607994158195249,0.00010377030416504647,-6.867944395508223e-05,15.108,0.0,0.4500106492568979,2.0345782680150948e-05,0.4500109037897669,2.030626400428317e-05,1.5000058453941632,-5.004892874779099e-07,5.8453941631508854e-06,0,0,FOLLOWING,1.5000058453935023,0.4499999999948483,0
42.304,13.622394486485254,0.00010279584123211948,-6.8035675071658e-05,15.122399999999999,0.0,0.45001004305075415,2.015662378518357e-05,0.45001026032438085,2.011777760567403e-05,1.5000055170370605,-4.94633747227154e-07,5.517037060531749e-06,0,0,FOLLOWING,1.500005517036485,0.44999999999549084,0
42.336,13.636794795400483,0.00010183062624968763,-6.739788996781717e-05,15.136800000000001,0.0,0.45000947261630314,1.996898421453687e-05,0.4500096548295451,1.9930784493695598e-05,1.5000052080559976,-4.889585451132235e-07,5.208055997574235e-06,0,0,FOLLOWING,1.5000052080554913,0.44999999999605567,0
42.368,13.651195086084252,0.00010087457313739269,-6.676604068148031e-05,15.1512,0.0,0.4500089358424846,1.9782867906196582e-05,0.4500090850644184,1.974529019669944e-05,1.500004917307629,-4.834543365009455e-07,4.917307629082046e-06,0,0,FOLLOWING,1.5000049173071885,0.44999999999654694,0
42.4,13.6655953596124,9.992759651328378e-05,-6.614007911723853e-05,15.165600000000001,0.0,0.4500084307428502,1.9598277464301837e-05,0.4500085489204181,1.9561298881230733e-05,1.500004643716099,-4.781123702470095e-07,4.643716098984285e-06,0,0,FOLLOWING,1.5000046437157117,0.4499999999969799,0
42.432,13.679995616997275,9.898961169493002e-05,-6.551995709030089e-05,15.18,0.0,0.45000795544820404,1.941521426533181e-05,0.45000804441342795,1.9378813340479147e-05,1.5000043862690302,-4.729244458647662e-07,4.386269030209888e-06,0,0,FOLLOWING,1.5000043862686927,0.449999999997356,0
42.464,13.694395859191488,9.80605347002197e-05,-6.490562636822586e-05,15.194400000000002,0.0,0.45000750819968005,1.9233678556002728e-05,0.45000756967645233,1.919783506352809e-05,1.5000041440137946,-4.678828726690908e-07,4.144013794560308e-06,0,0,FOLLOWING,1.5000041440134961,0.4499999999976891,0
42.496,13.708796087091429,9.714028224735443e-05,-6.429703870195817e-05,15.2088,0.0,0.4500070873422265,1.9053669544256818e-05,0.4500071229526801,1.901836456955252e-05,1.5000039160539747,-4.629804390570726e-07,3.916053974650779e-06,0,0,FOLLOWING,1.5000039160537153,0.44999999999797774,0
42.528,13.723196301540593,9.622877175467244e-05,-6.369414586258505e-05,15.223200000000002,0.0,0.45000669131847704,1.8875185484724793e-05,0.4500067025890139,1.884040122910287e-05,1.50000370154606,-4.582103759324691e-07,3.7015460601086403e-06,0,0,FOLLOWING,1.500003701545831,0.4499999999982331,0
42.56,13.737596503332696,9.53259213398645e-05,-6.309689967175884e-05,15.2376,0.0,0.4500063186629828,1.869822375984616e-05,0.45000630702990607,1.8663943462017655e-05,1.5000034996963074,-4.5356632603994117e-07,3.4996963074185317e-06,0,0,FOLLOWING,1.5000034996961102,0.44999999999845375,0
42.592,13.751996693214618,9.44316498187339e-05,-6.250525202855591e-05,15.252,0.0,0.4500059679967848,1.8522780952305123e-05,0.4500059348116442,1.84889888487956e-05,1.5000033097578214,-4.490423165385741e-07,3.309757821368109e-06,0,0,FOLLOWING,1.5000033097576473,0.44999999999864804,0
42.624,13.766396871889167,9.354587670363208e-05,-6.191915493410461e-05,15.266399999999999,0.0,0.45000563802230903,1.834885291588743e-05,0.4500055845568668,1.83155342003144e-05,1.5000031310277693,-4.4463273357417816e-07,3.1310277692764288e-06,0,0,FOLLOWING,1.5000031310276183,0.44999999999881596,0
42.656,13.780797040017674,9.266852220169919e-05,-6.13385605169385e-05,15.280800000000001,0.0,0.4500053275185619,1.81764348370608e-05,0.4500052549695423,1.8143575535157573e-05,1.5000029628448062,-4.403322959777782e-07,2.9628448061647106e-06,0,0,FOLLOWING,1.5000029628446712,0.44999999999896584,0
42.688,13.795197198222448,9.179950721264784e-05,-6.0763421054550005e-05,15.2952,0.0,0.4500050353366092,1.800552129616051e-05,0.4500049448301082,1.7973108198365576e-05,1.500002804586596,-4.36136032446301e-07,2.8045865960724115e-06,0,0,FOLLOWING,1.5000028045864806,0.4499999999990949,0
42.72,13.809597347089076,9.09387533262138e-05,-6.019368899291645e-05,15.309600000000001,0.0,0.45000476039532106,1.7836106323245974e-05,0.4500046529909747,1.7804126924780782e-05,1.5000026556675397,-4.3203926051185265e-07,2.6556675396527396e-06,0,0,FOLLOWING,1.5000026556674366,0.4499999999992101,0
42.752,13.823997487168594,9.00861828195614e-05,-5.962931696354275e-05,15.324,0.0,0.45000450167736944,1.7668183445864985e-05,0.4500043783722807,1.76366259166669e-05,1.500002515536575,-4.2803756795363414e-07,2.515536575042887e-06,0,0,FOLLOWING,1.500002515536488,0.44999999999930723,0
42.784,13.838397618979513,8.924171865409223e-05,-5.90702577978746e-05,15.338400000000002,0.0,0.45000425822546436,1.7501745738594348e-05,0.45000411995788947,1.7470598925876962e-05,1.500002383675179,-4.241267964259196e-07,2.3836751790184962e-06,0,0,FOLLOWING,1.5000023836751009,0.44999999999939466,0
42.816,13.852797743009758,8.840528447254787e-05,-5.8516464544188896e-05,15.3528,0.0,0.45000402913880777,1.7336785862514465e-05,0.45000387679164094,1.730603917643312e-05,1.5000022595954037,-4.2030302279690403e-07,2.259595403675263e-06,0,0,FOLLOWING,1.500002259595338,0.4499999999994682,0
42.848,13.867197859718456,8.75768045954615e-05,-5.7967890480211286e-05,15.367200000000002,0.0,0.45000381356976027,1.7173296107052418e-05,0.45000364797379305,1.714293949806416e-05,1.5000021428381087,-4.165625443121079e-07,2.142838108731837e-06,0,0,FOLLOWING,1.5000021428380483,0.4499999999995362,0
42.88,13.881597969537644,8.675620401765976e-05,-5.7424489123679464e-05,15.3816,0.0,0.4500036107207026,1.7011268426101208e-05,0.45000343265769704,1.698129239039109e-05,1.5000020329712327,-4.129018658383053e-07,2.032971232690528e-06,0,0,FOLLOWING,1.5000020329711812,0.4499999999995931,0
42.912,13.89599807287387,8.594340840474934e-05,-5.688621424733463e-05,15.396,0.0,0.4500034198410841,1.685069447058633e-05,0.45000323004667436,1.682108988455559e-05,1.5000019295882183,-4.093176826574721e-07,1.9295882183190116e-06,0,0,FOLLOWING,1.5000019295881721,0.44999999999964446,0
42.944,13.910398170109687,8.51383440890717e-05,-5.6353019882542865e-05,15.4104,0.0,0.4500032402246437,1.6691565618861166e-05,0.4500030393910509,1.6662323898531833e-05,1.5000018323064885,-4.058068742693105e-07,1.8323064885361617e-06,0,0,FOLLOWING,1.5000018323064495,0.4499999999996875,0
42.976,13.924798261605078,8.434093806583381e-05,-5.5824860332443266e-05,15.424800000000001,0.0,0.45000307120679767,1.653387300512874e-05,0.45000285998538786,1.6504985939410314e-05,1.5000017407660517,-4.0236648877463126e-07,1.7407660517498869e-06,0,0,FOLLOWING,1.5000017407660144,0.4499999999997291,0
43.008,13.939198347698786,8.355111798906405e-05,-5.5301690179405954e-05,15.4392,0.0,0.45000291216217736,1.6377607546087033e-05,0.45000269116590835,1.6349067281222296e-05,1.5000016546281405,-3.9899373282659535e-07,1.6546281405016572e-06,0,0,FOLLOWING,1.5000016546281103,0.4499999999997624,0
43.04,13.953598428709565,8.27688121674663e-05,-5.478346428978749e-05,15.453600000000002,0.0,0.4500027625023168,1.6222759961653172e-05,0.45000253230795495,1.619455904939212e-05,1.5000015735739929,-3.9568596420722893e-07,1.5735739928857129e-06,0,0,FOLLOWING,1.5000015735739645,0.44999999999979434,0
43.072,13.96799850493736,8.199394956006056e-05,-5.4270137824802265e-05,15.468,0.0,0.45000262167347344,1.606932080081928e-05,0.4500023828237457,1.6041452029612574e-05,1.500001497303641,-3.9244067814152593e-07,1.4973036410736995e-06,0,0,FOLLOWING,1.500001497303618,0.4499999999998193,0
43.104,13.982398576664416,8.122645977188411e-05,-5.376166623808498e-05,15.482400000000002,0.0,0.4500024891545808,1.5917280457244942e-05,0.4500022421601943,1.5889737083748508e-05,1.5000014255348302,-3.892555069524207e-07,1.4255348301794868e-06,0,0,FOLLOWING,1.500001425534807,0.4499999999998443,0
43.136,13.996798644156327,8.046627304971867e-05,-5.325800529003068e-05,15.4968,0.0,0.45000236445531827,1.5766629189586626e-05,0.4500021097968542,1.5739404625539e-05,1.5000013580019456,-3.86128202951916e-07,1.358001945561682e-06,0,0,FOLLOWING,1.5000013580019278,0.44999999999986373,0
43.168,14.011198707663018,7.971332027747703e-05,-5.275911104522311e-05,15.511200000000002,0.0,0.45000224711429665,1.5617357137287513e-05,0.4500019852439755,1.5590445149087857e-05,1.5000012944550536,-3.8305663800963693e-07,1.2944550535909372e-06,0,0,FOLLOWING,1.5000012944550358,0.44999999999988316,0
43.2,14.025598767419662,7.896753297167855e-05,-5.226493987998809e-05,15.5256,0.0,0.4500021366973522,1.5469454336169974e-05,0.4500018680407056,1.544284891245504e-05,1.5000012346589604,-3.8003879305208334e-07,1.234658960402868e-06,0,0,FOLLOWING,1.500001234658948,0.44999999999989704,0
43.232,14.039998823647558,7.822884327698682e-05,-5.177544848551931e-05,15.540000000000001,0.0,0.4500020327959384,1.532291073284379e-05,0.4500017577533875,1.529660607601909e-05,1.5000011783923586,-3.770727520250667e-07,1.1783923585806377e-06,0,0,FOLLOWING,1.5000011783923461,0.4499999999999109,0
43.264,14.054398876554943,7.749718396145323e-05,-5.1290593868781935e-05,15.5544,0.0,0.45000193502561686,1.517771619773277e-05,0.45000165397396347,1.515170677192195e-05,1.5000011254469925,-3.7415669787913263e-07,1.1254469924892874e-06,0,0,FOLLOWING,1.5000011254469836,0.44999999999992063,0
43.296,14.068798926337777,7.677248841194166e-05,-5.081033335578205e-05,15.568800000000001,0.0,0.4500018430246312,1.5033860534351283e-05,0.45000155631845173,1.5008141030134476e-05,1.5000010756268942,-3.712889063050144e-07,1.0756268942202496e-06,0,0,FOLLOWING,1.5000010756268836,0.44999999999993173,0
43.328,14.083198973180448,7.605469062960164e-05,-5.0334624593695764e-05,15.5832,0.0,0.4500017564525719,1.4891333491936129e-05,0.45000146442549577,1.486589881409383e-05,1.5000010287476562,-3.6846774063837e-07,1.0287476561732234e-06,0,0,FOLLOWING,1.5000010287476508,0.44999999999993867,0
43.36,14.097599017256467,7.534372522487043e-05,-4.986342555727618e-05,15.597600000000002,0.0,0.4500016749891136,1.4750124777486288e-05,0.4500013779551077,1.4724969887018424e-05,1.500000984635759,-3.6569164216854655e-07,9.846357589271548e-07,0,0,FOLLOWING,1.5000009846357518,0.449999999999947,0
43.392,14.11199905872911,7.463952741291227e-05,-4.939669454163416e-05,15.612,0.0,0.45000159833283176,1.4610224060894615e-05,0.450001296587327,1.4585344237728632e-05,1.500000943127909,-3.629591343629569e-07,9.431279091032252e-07,0,0,FOLLOWING,1.5000009431279056,0.44999999999995116,0
43.424,14.126399097752012,7.394203300889188e-05,-4.893439017008259e-05,15.626400000000002,0.0,0.45000152620008804,1.4471620985803372e-05,0.4500012200210867,1.4447011609911089e-05,1.5000009040704638,-3.602688119125656e-07,9.04070463825235e-07,0,0,FOLLOWING,1.5000009040704585,0.4499999999999581,0
43.456,14.140799134469752,7.32511784232215e-05,-4.847647139209431e-05,15.6408,0.0,0.4500014583239785,1.4334305176907e-05,0.450001147973082,1.4309961811068147e-05,1.5000008673188256,-3.576193396455515e-07,8.673188256480557e-07,0,0,FOLLOWING,1.5000008673188239,0.4499999999999609,0
43.488,14.15519916901837,7.256690065672857e-05,-4.802289748493277e-05,15.655200000000002,0.0,0.4500013944533477,1.419826624567596e-05,0.4500010801767178,1.4174184597741437e-05,1.5000008327369494,-3.550094477099814e-07,8.32736949396562e-07,0,0,FOLLOWING,1.500000832736944,0.4499999999999664,0
43.52,14.169599201525886,7.188913729599615e-05,-4.75736280539707e-05,15.6696,0.0,0.45000133435185946,1.4063493799041125e-05,0.4500010163811408,1.4039669716516589e-05,1.500000800196797,-3.5243792818403797e-07,8.001967970461266e-07,0,0,FOLLOWING,1.5000008001967953,0.4499999999999692,0
43.552,14.183999232112757,7.121782650848018e-05,-4.712862303582691e-05,15.684000000000001,0.0,0.4500012777971219,1.3929977445907108e-05,0.4500009563502737,1.390640681595465e-05,1.5000007695779023,-3.499036287143485e-07,7.695779022931504e-07,0,0,FOLLOWING,1.5000007695778987,0.44999999999997337,0
43.584,14.198399260892343,7.055290703784533e-05,-4.6687842690689014e-05,15.6984,0.0,0.4500012245798646,1.379770679932335e-05,0.45000089986201003,1.3774385784530099e-05,1.5000007407668936,-3.4740545711423515e-07,7.407668936032508e-07,0,0,FOLLOWING,1.5000007407668918,0.44999999999997475,0
43.616,14.212799287971306,6.989431819912893e-05,-4.625124760979063e-05,15.712800000000001,0.0,0.45000117450316596,1.3666671484576419e-05,0.4500008467072981,1.3643596277053825e-05,1.5000007136571,-3.4494237068910115e-07,7.136571000820879e-07,0,0,FOLLOWING,1.5000007136570965,0.4499999999999789,0
43.648,14.22719931345002,6.924199987401037e-05,-4.581879871030528e-05,15.7272,0.0,0.4500011273817214,1.3536861142545339e-05,0.45000079668947846,1.3514028107905475e-05,1.5000006881481303,-3.425133782151672e-07,6.881481302567494e-07,0,0,FOLLOWING,1.5000006881481285,0.4499999999999803,0
43.68,14.241599337422937,6.859589250611508e-05,-4.539045724059932e-05,15.741600000000002,0.0,0.4500010830411607,1.3408265436609668e-05,0.4500007496234437,1.3385670927308498e-05,1.5000006641455301,-3.401175315788027e-07,6.641455301270582e-07,0,0,FOLLOWING,1.5000006641455266,0.44999999999998447,0
43.712,14.255999359978931,6.795593709618065e-05,-4.496618477195964e-05,15.756,0.0,0.4500010413174013,1.3280874052452103e-05,0.4500007053350182,1.32585146439962e-05,1.5000006415604048,-3.377539308492902e-07,6.415604048015666e-07,0,0,FOLLOWING,1.5000006415604048,0.44999999999998447,0
43.744,14.270399381201633,6.732207519738184e-05,-4.4545943205477956e-05,15.770400000000002,0.0,0.45000100205604276,1.3154676707137647e-05,0.45000066366033387,1.3132548951567338e-05,1.5000006203091223,-3.354217142975864e-07,6.203091222900525e-07,0,0,FOLLOWING,1.5000006203091205,0.44999999999998724,0
43.776,14.284799401169742,6.669424891059469e-05,-4.412969476347944e-05,15.7848,0.0,0.45000096511179366,1.3029663148521485e-05,0.45000062444516414,1.300776381147795e-05,1.5000006003129651,-3.331200638309528e-07,6.003129651155348e-07,0,0,FOLLOWING,1.500000600312967,0.44999999999998586,0
43.808,14.299199419957313,6.607240087968706e-05,-4.371740199429216e-05,15.799200000000003,0.0,0.45000093034793476,1.2905823158999081e-05,0.4500005875443902,1.2884149036135584e-05,1.5000005814978763,-3.3084819710068225e-07,5.81497876295245e-07,0,0,FOLLOWING,1.5000005814978745,0.44999999999998724,0
43.84,14.313599437634029,6.545647428690048e-05,-4.3309027768312757e-05,15.813600000000001,0.0,0.4500008976358148,1.2783146559848372e-05,0.45000055282144036,1.2761694560897613e-05,1.5000005637941551,-3.2860536837533603e-07,5.637941551395187e-07,0,0,FOLLOWING,1.500000563794157,0.44999999999998586,0
43.872,14.327999454265463,6.484641284815511e-05,-4.290453528149914e-05,15.828000000000001,0.0,0.4500008668543714,1.266162321478248e-05,0.45000052014782815,1.264039021197589e-05,1.5000005471362237,-3.263908619329651e-07,5.471362236608712e-07,0,0,FOLLOWING,1.5000005471362237,0.44999999999998586,0
43.904,14.342399469913317,6.424216080829735e-05,-4.250388804556581e-05,15.8424,0.0,0.4500008378896861,1.2541243030147104e-05,0.45000048940263243,1.252022612197593e-05,1.5000005314623668,-3.242039987125272e-07,5.314623667818097e-07,0,0,FOLLOWING,1.5000005314623686,0.4499999999999831,0
43.936,14.356799484635655,6.364366293656369e-05,-4.210704989414088e-05,15.856800000000002,0.0,0.45000081063456243,1.2421995959262707e-05,0.4500004604720562,1.2401192231096467e-05,1.5000005167145183,-3.2204412714601e-07,5.16714518283834e-07,0,0,FOLLOWING,1.5000005167145165,0.44999999999998447,0
43.968,14.371199498487112,6.305086452202846e-05,-4.171398497663847e-05,15.8712,0.0,0.450000784988128,1.230387200262189e-05,0.4500004332490232,1.2283278671026504e-05,1.5000005028380248,-3.1991062626439827e-07,5.028380247740216e-07,0,0,FOLLOWING,1.5000005028380266,0.4499999999999831,0
44.0,14.385599511519098,6.246371136896673e-05,-4.132465776048435e-05,15.885600000000002,0.0,0.45000076085546203,1.2186861211836862e-05,0.4500004076328047,1.2166475503900904e-05,1.5000004897814752,-3.178029003915957e-07,4.897814751547713e-07,0,0,FOLLOWING,1.5000004897814734,0.44999999999998447,0
44.032000000000004,14.399999523779995,6.188214979219432e-05,-4.093903302674895e-05,15.9,0.0,0.45000073814724467,1.2070953690823671e-05,0.450000383528582,1.2050772928324414e-05,1.5000004774964721,-3.1572038041674955e-07,4.774964721399044e-07,0,0,FOLLOWING,1.500000477496474,0.4499999999999831,0
44.064,14.414399535315324,6.13061266127169e-05,-4.055707586839258e-05,15.9,0.0,0.446931356727065,5.4352146137877835e-06,0.4500003608471296,1.1936161197737532e-05,1.4856004659496331,-7.098246444103506e-07,-0.014399534050366869,0,0,FOLLOWING,1.4956804659411085,0.4387499999999817,0
44.096000000000004,14.428705521741191,6.073940267990611e-05,-4.0379713053114297e-05,15.9,0.0,0.4392424708329055,-9.014571322099288e-06,0.4470596715954484,5.542588001031174e-06,1.4712944795125602,-9.03254797945629e-07,-0.028705520487439795,0,0,FOLLOWING,1.488178479498337,0.4199062499999825,0
44.128,14.442771341640183,6.018467374787574e-05,-4.0648866389670016e-05,15.9,0.0,0.4264265907334563,-2.8213404211009498e-05,0.43955109980898716,-8.41104067094604e-06,1.457228659602654,-6.519091395434172e-07,-0.04277134039734598,0,0,FOLLOWING,1.478453359584811,0.3962179687499807,0
44.160000000000004,14.456432689575124,5.964186645287663e-05,-4.151312408310477e-05,15.9,0.0,0.4086559261903187,-4.655899156051173e-05,0.4269081257946314,-2.7008045443249908e-05,1.443567311656947,1.975124117745494e-07,-0.05643268834305304,0,0,FOLLOWING,1.467299884137019,0.3697307226562341,0
44.192,14.469529737817062,5.910936767569109e-05,-4.2948619360922503e-05,15.9,0.0,0.3865124184026481,-5.778773624756342e-05,0.4092712709249185,-4.485920395914058e-05,1.430470263404186,1.626986045843393e-06,-0.06952973659581407,0,0,FOLLOWING,1.455365032320794,0.34194638232420166,0
44.224000000000004,14.48192087345597,5.858668935476477e-05,-4.4737572532732116e-05,15.9,0.0,0.36091241840264815,-5.643978039277581e-05,0.387209981214378,-5.5904740397500456e-05,1.4180791277542595,3.4234538599525067e-06,-0.08192087224574052,0,0,FOLLOWING,1.4431650649535355,0.3139486845336776,0
44.256,14.493493624676054,5.807678506153327e-05,-4.649222736636741e-05,15.9,0.0,0.33531241840264814,-3.87488125663064e-05,0.3616350190038183,-5.4832900395101454e-05,1.4065063765229857,5.200708147231085e-06,-0.09349362347701429,0,0,FOLLOWING,1.4310989830901533,0.2865015789669637,0
44.288000000000004,14.504242980664092,5.758370742628787e-05,-4.7706708792842e-05,15.9,0.0,0.3097124184026481,-2.8331481922963226e-06,0.3359063427557103,-3.795248798707271e-05,1.3957570205237526,6.450453874621969e-06,-0.10424297947624739,0,0,FOLLOWING,1.4193894804842755,0.26012606559609514,0
44.32,14.514169320496569,5.711664008502625e-05,-4.7815005130010093e-05,15.9,0.0,0.2841124184026481,5.140633077280496e-05,0.31018929451112126,-3.384241137623419e-06,1.3858306806804552,6.600273130317528e-06,-0.11416931931954477,0,0,FOLLOWING,1.408200226517319,0.23516005459658149,0
44.352000000000004,14.52327337163412,5.668884078982117e-05,-4.624593734263844e-05,15.9,0.0,0.2585124184026481,0.0001225511347294391,0.28449455882655705,4.903332380630943e-05,1.3767266295330052,5.069396125396348e-06,-0.12327337046699482,0,0,FOLLOWING,1.3976528968373867,0.2118048455320116,0
44.384,14.531555755643819,5.6274238014303386e-05,-4.264369504370648e-05,15.9,0.0,0.2329124184026481,0.0002080945467687951,0.2588188877201968,0.00011256859611584244,1.3684442455132584,1.5209103817288841e-06,-0.13155575448674162,0,0,FOLLOWING,1.3878370611623072,0.1901610780485085,0
44.416000000000004,14.539016972164037,5.593290222296026e-05,-3.636063233121181e-05,15.9,0.0,0.20731241840264808,0.0003045963458602567,0.23315854130174904,0.0001963441253904885,1.360983028985313,-4.736795812625064e-06,-0.1390169710146869,0,0,FOLLOWING,1.3788176080843861,0.17025641385884657,0
44.448,14.545657419956095,5.567756405255331e-05,-2.7054128355204885e-05,15.9,0.0,0.18171241840264807,0.0004081388740260452,0.20751042557399882,0.0002908268149762839,1.3543425811883687,-1.4056270772453135e-05,-0.1456574188116313,0,0,FOLLOWING,1.370640530224955,0.15206673857960887,0
44.480000000000004,14.551477416992578,5.551518568268953e-05,-1.4501908855417783e-05,15.9,0.0,0.15611241840264806,0.0005145759682625182,0.18187206262547978,0.00039225558021118947,1.3485225841501312,-2.6665503801120864e-05,-0.15147741584986885,0,0,FOLLOWING,1.3633374434170347,0.13553229741965495,0
44.512,14.556477216797397,5.5446110591156964e-05,1.3903750080059494e-06,15.9,0.0,0.13051241840264804,0.0006197503258240151,0.15624147572371794,0.0004966327489710179,1.3435227843467117,-4.26595750937019e-05,-0.15647721565328832,0,0,FOLLOWING,1.3569291092931326,0.12056988117219287,0
44.544000000000004,14.560657021505591,5.5462773257142153e-05,2.0588235596721324e-05,15.9,0.0,0.10491241840264806,0.000719750643909784,0.1306170886989612,0.0005999321865014977,1.339342979642778,-6.199866900772583e-05,-0.16065702035722196,0,0,FOLLOWING,1.3514281724411727,0.10708194276966695,0
44.576,14.564016992279292,5.5548944655229675e-05,4.29354776557761e-05,15.9,0.0,0.07931241840264806,0.0008110206938137429,0.10499764484674463,0.0006983505324824732,1.335983008875545,-8.451455785529836e-05,-0.1640169911244549,0,0,FOLLOWING,1.3468412793503401,0.09496333731865561,0
44.608000000000004,14.566557257613018,5.5679563530273904e-05,6.8164814743979e-05,15.9,0.0,0.053712418402648066,0.0008904496684180155,0.07938214218466559,0.0007884161869093803,1.3334427435494667,-0.00010992106098387516,-0.16655725645053332,0,0,FOLLOWING,1.3431707116358587,0.08410623006998277,0
44.64,14.568277919955918,5.582111664593342e-05,9.591138184043057e-05,15.9,0.0,0.02811241840264806,0.0009554257162713976,0.05376978182538081,0.0008670798160079374,1.3317220812139952,-0.00013782787286338726,-0.16827791878600484,0,0,FOLLOWING,1.3404156384263426,0.07440359924416064,0
44.672000000000004,14.569179060992004,5.593251000645669e-05,0.00012572799907395335,15.9,0.0,0.0025124184026480596,0.0010038602416266214,0.028159926813995494,0.0009317690755012491,1.330820940183378,-0.00016775657582238963,-0.16917905981662207,0,0,FOLLOWING,1.3385730708535937,0.0657516676849834,0
44.704,14.569260745850345,5.596635716846774e-05,0.00015710127246281418,15.9,0.0,0.0,0.0010341900928288838,0.0025520693089141626,0.0009804147679458718,1.3307392553265325,-0.0001991578639107259,-0.16926074467346752,0,0,FOLLOWING,1.3376385841505214,0.05805152390143423,0
44.736000000000004,14.56923036915132,5.598189093518706e-05,0.00018946821651367337,15.9,0.0,0.0,0.001048439523710871,-0.0009316631329680657,0.001011467299738097,1.3307696320261837,-0.00023153552072955214,-0.1692303679738163,0,0,FOLLOWING,1.3368995163372177,0.051210135155415795,0
44.768,14.569199666219948,5.599273780452084e-05,0.00022232589612016827,15.9,0.0,0.0,0.001048985823006447,-0.000941685081582998,0.0010268027234172292,1.3308003349579853,-0.00026440038043626135,-0.16919966504201467,0,0,FOLLOWING,1.3362383610021766,0.045140909654316566,0
44.800000000000004,14.569174556887305,5.6000441226735526e-05,0.0002552435953819221,15.9,0.0,0.0,0.001038007613808328,-0.0007701226444555103,0.0010286782386953292,1.3308254442909304,-0.00029732307431245853,-0.16917455570906959,0,0,FOLLOWING,1.335643218897226,0.039763929062190236,0
44.832,14.569154477793772,5.600582759413325e-05,0.00028785735402671856,15.9,0.0,0.0,0.0010174647807530894,-0.000615839864065727,0.0010191800308197957,1.330845523384672,-0.0003299402454116084,-0.1691544766153279,0,0,FOLLOWING,1.335108677619284,0.03500594442114634,0
44.864000000000004,14.569138465077542,5.6009517797648236e-05,0.00031986363446006607,15.9,0.0,0.0,0.0009891105077240126,-0.0004911198136189845,0.0010001963005531972,1.3308615361010436,-0.00036194879230321036,-0.16913846389895637,0,0,FOLLOWING,1.334629877219612,0.030800206561888213,0
44.896,14.569125699944944,5.6011981253581966e-05,0.000351013240067114,15.9,0.0,0.0,0.0009545055914384424,-0.00039151302740826567,0.0009734251925841527,1.330874301233733,-0.0003930998452545414,-0.16912569876626704,0,0,FOLLOWING,1.3342020646431065,0.027086184896359604,0
44.928000000000004,14.569115524652961,5.60135698542026e-05,0.00038110558682515945,15.9,0.0,0.0,0.0009150323088493963,-0.00031207990675132945,0.0009403858433025544,1.3308844765257741,-0.00042319306388174114,-0.16911552347422587,0,0,FOLLOWING,1.3338206414534781,0.023809215108080456,0
44.96,14.569107414300692,5.601454452942473e-05,0.00040998333431329015,15.9,0.0,0.0,0.000871907699187564,-0.00024874604456656197,0.0009024296110561125,1.330892586878077,-0.00045207128723919637,-0.169107413121923,0,0,FOLLOWING,1.3334812287454192,0.020920105878582104,0
44.992000000000004,14.569100950336164,5.6015096516926705e-05,0.0004375273734176318,15.9,0.0,0.0,0.0008261963195465964,-0.00019824960842585528,0.000860751221775016,1.3308990508426224,-0.0004796155366768962,-0.1691009491573776,0,0,FOLLOWING,1.3331797105210272,0.0183747267709694,0
45.024,14.569095799042055,5.601536425536127e-05,0.00046365216675641315,15.9,0.0,0.0,0.0007788225140714007,-0.00015798863097258445,0.0008163997907345898,1.3309042021367385,-0.0005057403682828397,-0.16909579786326145,0,0,FOLLOWING,1.332912257790928,0.016133593226365952,0
45.056,14.569091694344102,5.601544662461403e-05,0.0004883014366030397,15.9,0.0,0.0,0.0007305822096224983,-0.0001258884292558786,0.0007702896814214278,1.3309083068346907,-0.000530389570213366,-0.16909169316530925,0,0,FOLLOWING,1.3326753382805743,0.014161459914483284,0
45.088,14.569088424100444,5.601541319057092e-05,0.0005114441935341805,15.9,0.0,0.0,0.0006821542324729903,-0.00010029484014630993,0.0007232111529239584,1.3309115770783444,-0.0005535321986066702,-0.1690884229216556,0,0,FOLLOWING,1.332465715792267,0.012426930098303203,0
45.12,14.56908581916973,5.601531203878777e-05,0.0005330710972664372,15.9,0.0,0.0,0.0006341111303154364,-7.988899323413026e-05,0.0006758407406700018,1.3309141820090518,-0.0005751589439604806,-0.16908581799094824,0,0,FOLLOWING,1.332280442342753,0.010902085974519693,0
45.152,14.569083744695043,5.6015175698397954e-05,0.0005531911393687044,15.9,0.0,0.0,0.0005869294795250504,-6.361934907494416e-05,0.0006287513149528546,1.3309162564837322,-0.0005952788180201972,-0.16908374351626776,0,0,FOLLOWING,1.332116845442936,0.009562142938507861,0
45.184,14.569082092252877,5.6015025502617106e-05,0.0005718286341131522,15.9,0.0,0.0,0.0005409996541922534,-5.067555781598525e-05,0.0005824217102137172,1.3309179089258898,-0.0006139161476581167,-0.1690820910741102,0,0,FOLLOWING,1.3319725131989648,0.008385129239836938,0
45.216,14.569080772171386,5.6014874671958156e-05,0.0005890205084195079,15.9,0.0,0.0,0.0004966350332756246,-4.04837879599632e-05,0.0005372460716800806,1.3309192290073735,-0.0006311078668914958,-0.16908077099262653,0,0,FOLLOWING,1.3318452788933326,0.007351591419771898,0
45.248,14.56907971642932,5.601473128560353e-05,0.0006048138812577899,15.9,0.0,0.0,0.00045408067334852135,-3.2378096574528025e-05,0.0004935429009213591,1.3309202847494326,-0.0006469010986095684,-0.16907971525056742,0,0,FOLLOWING,1.3317331953172615,0.006444325160231003,0
45.28,14.569078871774533,5.601459987763536e-05,0.00061926388745063,15.9,0.0,0.0,0.0004135213949148894,-2.5905207958468188e-05,0.00045156269333726745,1.3309211294042134,-0.0006613509793576065,-0.16907887059578663,0,0,FOLLOWING,1.3316345196851553,0.005648130649547014,0
45.312,14.569078195769473,5.601448254033852e-05,0.0006324317706657941,15.9,0.0,0.0,0.00037508928404925845,-2.0733542044787032e-05,0.00041149635034566667,1.3309218054092677,-0.0006745187530333647,-0.16907819459073226,0,0,FOLLOWING,1.3315476967323663,0.004949591225828378,0
45.344,14.569077654541227,5.601437977695426e-05,0.0006443832040665019,15.9,0.0,0.0,0.000338870621729602,-1.6600502163679407e-05,0.0003734822936860741,1.3309223466375093,-0.0006864700921069704,-0.1690776533624907,0,0,FOLLOWING,1.3314713414070392,0.004336873848579341,0
45.376,14.569077221044862,5.601429111249989e-05,0.0006551868272424621,15.9,0.0,0.0,0.00030491224972887366,-1.3296736794636988e-05,0.0003376132241915557,1.3309227801338692,-0.0006972736349559811,-0.16907721986613078,0,0,FOLLOWING,1.3314042224466625,0.0037995498382893964,0
45.408,14.569076873683676,5.601421551360462e-05,0.0006649129825623687,15.9,0.0,0.0,0.00027322738638576124,-1.0655197409784414e-05,0.0003039423537093537,1.3309231274950528,-0.0007069997224896896,-0.16907687250494718,0,0,FOLLOWING,1.3313452470303104,0.0033284342851288545,0
45.44,14.569076595209026,5.6014151669582624e-05,0.000673632634311565,15.9,0.0,0.0,0.00024380090973718184,-8.542566595236275e-06,0.00027248911713768405,1.3309234059696993,-0.000715719317463183,-0.16907659403030073,0,0,FOLLOWING,1.3312934465723008,0.002915442540788357,0
45.472,14.569076371842682,5.601409817496155e-05,0.0006814164544066557,15.9,0.0,0.0,0.0002165941290011705,-6.8524360862016324e-06,0.0002432443779554988,1.330923629336041,-0.0007235030903013399,-0.16907637066395909,0,0,FOLLOWING,1.3312479636707177,0.0025534622562305917,0
45.504,14.569076192576592,5.601405364364172e-05,0.00068833405894093,15.9,0.0,0.0,0.000191549068258197,-5.499866779736043e-06,0.00021617514168566923,1.3309238086021289,-0.0007304206557078851,-0.1690761913978711,0,0,FOLLOWING,1.3312080401908923,0.002236239500633577,0
45.536,14.569076048614177,5.6014016775426726e-05,0.0006944533805343729,15.9,0.0,0.0,0.0001685922883448046,-4.417049644900097e-06,0.0001912287997883942,1.3309239525645424,-0.0007365399450477172,-0.16907604743545757,0,0,FOLLOWING,1.331173006441447,0.001958277584199686,0
45.568,14.56907593292453,5.601398639108891e-05,0.0006998401621454113,15.9,0.0,0.0,0.00014763827454360192,-3.5498444830264655e-06,0.00016833692534065728,1.3309240682541874,-0.0007419267001709053,-0.1690759317458126,0,0,FOLLOWING,1.3311422713858685,0.0017147473030905869,0
45.6,14.569075839886663,5.601396144651978e-05,0.0007045575588132295,15.9,0.0,0.0,0.0001285924186518375,-2.8550188595197344e-06,0.000147418645866581,1.3309241612920535,-0.0007466440751543844,-0.1690758387079465,0,0,FOLLOWING,1.3311153138237852,0.0015014074237364866,0
45.632,14.569075765005584,5.601394103382849e-05,0.0007086658346600237,15.9,0.0,0.0,0.00011135362449531644,-2.2980454421698896e-06,0.0001283836202105757,1.3309242361731317,-0.0007507523332960572,-0.16907576382686829,0,0,FOLLOWING,1.331091674471605,0.0013145343225958383,0
45.664,14.56907570468571,5.601392437460005e-05,0.0007122221433231318,15.9,0.0,0.0,9.58165660116674e-05,-1.8513447493698152e-06,0.00011113464572102453,1.3309242964930046,-0.000754308627534693,-0.1690757035069954,0,0,FOLLOWING,1.3310709488707357,0.00115085979373229,0
45.696,14.56907565604999,5.601391080888483e-05,0.0007152803808982368,15.9,0.0,0.0,8.187362668861448e-05,-1.4928831614946737e-06,9.556992422133413e-05,1.3309243451287252,-0.0007573668533791374,-0.16907565487127485,0,0,FOLLOWING,1.3310527810524935,0.0010075161286847946,0
45.728,14.569075620345588,5.6013901626489995e-05,0.0007178891448196496,15.9,0.0,0.0,6.941739770723981e-05,-1.096197492061503e-06,8.15238725435944e-05,1.330924380833126,-0.0007599756092722449,-0.16907561916687408,0,0,FOLLOWING,1.3310368543410267,0.000881987659934673,0
45.76,14.569075590848,5.6013893815833685e-05,0.0007200981347916326,15.9,0.0,0.0,5.833996566233819e-05,-9.057219170743405e-07,6.903093662412161e-05,1.3309244103307138,-0.0007621845924428609,-0.16907558966928615,0,0,FOLLOWING,1.3310228983098102,0.0007720680403102396,0
45.792,14.569075566449063,5.601388718595279e-05,0.0007219510696933528,15.9,0.0,0.0,4.853542713669208e-05,-7.49242633624266e-07,5.790421567854919e-05,1.3309244347296498,-0.0007640375215916282,-0.16907556527035017,0,0,FOLLOWING,1.331010670639105,0.0006758226055646827,0
45.824,14.569075546250499,5.601388157194563e-05,0.0007234883734194189,15.9,0.0,0.0,3.990079728195162e-05,-6.203223047322414e-07,4.804074143943564e-05,1.3309244549282142,-0.0007655748204608497,-0.1690755450717858,0,0,FOLLOWING,1.330999958491183,0.000591555236104573,0
45.856,14.569075529514471,5.601387682766373e-05,0.0007247472548892094,15.9,0.0,0.0,3.233673522325062e-05,-5.140397830428941e-07,3.934004593088096e-05,1.3309244716642417,-0.0007668336978367627,-0.16907552833575834,0,0,FOLLOWING,1.330990574995598,0.000517779196579839,0
45.888,14.569075515634635,5.6013872824908446e-05,0.0007257618127630501,15.9,0.0,0.0,2.574810721211173e-05,-4.263617937296652e-07,3.1704933557485724e-05,1.3309244855440774,-0.0007678482522641958,-0.16907551445592262,0,0,FOLLOWING,1.3309823561300205,0.000453191488997612,0
45.92,14.569075504112469,5.601386945219722e-05,0.0007265631595638019,15.9,0.0,0.0,2.0044407053950656e-05,-3.5398094446368074e-07,2.5042087523470993e-05,1.3309244970662435,-0.0007686495961664825,-0.1690755029337565,0,0,FOLLOWING,1.3309751579657487,0.00039665030646444206,0
45.952,14.569075494537891,5.601386661329596e-05,0.0007271795604808803,15.9,0.0,0.0,1.5140051987315522e-05,-2.9418418987614987e-07,1.9262528658688138e-05,1.330924506640821,-0.0007692659946477646,-0.16907549335917893,0,0,FOLLOWING,1.3309688542373315,0.000347155221028712,0
45.984,14.569075486573391,5.601386422564161e-05,0.0007276365827436705,15.9,0.0,0.0,1.095457081122042e-05,-2.44745227248185e-07,1.4281945712188996e-05,1.330924514605321,-0.0007697230148647199,-0.16907548539467898,0,0,FOLLOWING,1.3309633341998228,0.00030382978069890573,0
46.016,14.56907547994103,5.6013862218711597e-05,0.0007279572519986698,15.9,0.0,0.0,7.412699675836614e-06,-2.038364894804603e-07,1.0020914218725134e-05,1.3309245212376815,-0.0007700436824020693,-0.16907547876231854,0,0,FOLLOWING,1.330958500740914,0.00026590622794939346,0
46.048,14.569075474411793,5.601386053239238e-05,0.0007281622126522621,15.9,0.0,0.0,4.44439958110724e-06,-1.6995711683352964e-07,6.4050204247571704e-06,1.330924526766919,-0.0007702486416137879,-0.16907547323308103,0,0,FOLLOWING,1.3309542687186828,0.0002327120853273022,0
46.08,14.569075469796845,5.6013858153826754e-05,0.0007282918783969246,15.9,0.0,0.0,1.975437663877704e-06,-1.418740530427439e-07,4.052054520694005e-06,1.3309245313818672,-0.0007703783054253639,-0.16907546861813283,0,0,FOLLOWING,1.3309505634988092,0.0002036583833580374,0
46.112,14.56907546594039,5.601385624783026e-05,0.000728382407871924,15.9,0.0,0.0,-7.008104134936734e-08,-1.1857369364850648e-07,2.8290460937280936e-06,1.3309245352383219,-0.0007704688333463302,-0.16907546476167812,0,0,FOLLOWING,1.3309473196679655,0.00017822933239450782,0
46.144,14.569075462713792,5.6013854723828356e-05,0.0007284377539241828,15.9,0.0,0.0,-1.7557228863164733e-06,-9.922257025198403e-08,1.7295641330887567e-06,1.3309245384649193,-0.0007705241781514875,-0.16907546153508068,0,0,FOLLOWING,1.330944479902713,0.00015597326340952272,0
46.176,14.569075460010767,5.601385350760454e-05,0.0007284616713375224,15.9,0.0,0.0,-3.1349076508388695e-06,-8.313489308367266e-08,7.474191668656708e-07,1.3309245411679447,-0.0007705480945655333,-0.16907545883205533,0,0,FOLLOWING,1.3309419939754983,0.00013649468353408222,0
46.208,14.569075457743422,5.601385253910566e-05,0.0007284577052470089,15.9,0.0,0.0,-4.252686217899902e-06,-6.974609144861344e-08,-1.2394032854417524e-07,1.33092454343529,-0.000770544127675633,-0.1690754565647099,0,0,FOLLOWING,1.3309398178814857,0.00011944731053195891,0
46.24,14.569075455839014,5.601385176972319e-05,0.0007284291844708689,15.9,0.0,0.0,-5.147189750470365e-06,-5.8591119623212055e-08,-8.912742543791759e-07,1.3309245453396974,-0.0007705156062611909,-0.1690754546603026,0,0,FOLLOWING,1.3309379130717889,0.00010452796666746601,0
46.272,14.569075454237296,5.60138511602168e-05,0.0007283792189138256,15.9,0.0,0.0,-5.850812068586035e-06,-4.9286675728132685e-08,-1.5614236575920567e-06,1.3309245469414153,-0.000770465640195541,-0.16907545305858473,0,0,FOLLOWING,1.33093624578033,9.147122679484567e-05,0
46.304,14.569075452888315,5.601385067887851e-05,0.0007283107001970563,15.9,0.0,0.0,-6.391175331842218e-06,-4.1516626384104335e-08,-2.141209899046993e-06,1.3309245482903964,-0.0007703971210744572,-0.16907545170960359,0,0,FOLLOWING,1.3309347864331158,8.004472821418914e-05,0
46.336,14.569075451750615,5.601385030011687e-05,0.0007282263048176611,15.9,0.0,0.0,-6.79191970738182e-06,-3.502006061558125e-08,-2.637355606096094e-06,1.3309245494280961,-0.0007703127253745006,-0.16907545057190387,0,0,FOLLOWING,1.3309335091299095,7.004506100186434e-05,0
46.368,14.569075450789763,5.601385000332077e-05,0.0007281284992769199,15.9,0.0,0.0,-7.0733500535162444e-06,-2.9581482523878688e-08,-3.0564231481609517e-06,1.3309245503889489,-0.0007702149195803752,-0.16907544961105114,0,0,FOLLOWING,1.3309323911895836,6.129416742820399e-05,0
46.4,14.569075449977122,5.601384977189614e-05,0.0007280195467055401,15.9,0.0,0.0,-7.2529664236025976e-06,-2.5022768950326607e-08,-3.4047678556217484e-06,1.3309245512015895,-0.0007701059668094156,-0.16907544879841052,0,0,FOLLOWING,1.330931412751383,5.363618774171031e-05,0
46.432,14.56907544928886,5.601384959243316e-05,0.000727901514613305,15.9,0.0,0.0,-7.3459001489122676e-06,-2.119657904331953e-08,-3.688502882343592e-06,1.3309245518898514,-0.0007699879345605755,-0.16907544811014863,0,0,FOLLOWING,1.3309305564253122,4.693469726666375e-05,0
46.464,14.569075448705112,5.6013849454252815e-05,0.000727776283447913,15.9,0.0,0.0,-7.365273153255079e-06,-1.798091877183046e-08,-3.91347391850285e-06,1.3309245524735995,-0.0007698627032729015,-0.16907544752640047,0,0,FOLLOWING,1.33092980698564,4.1070286502718154e-05,0
46.496,14.569075448209306,5.601384934874449e-05,0.0007276455557122965,15.9,0.0,0.0,-7.322494821543218e-06,-1.5274704903975962e-08,-4.08524173801233e-06,1.3309245529694056,-0.000769731975442332,-0.1690754470305944,0,0,FOLLOWING,1.3309291511022503,3.5938441804915474e-05,0
46.528,14.569075447787597,5.601384926898534e-05,0.0007275108654361551,15.9,0.0,0.0,-7.22750804133417e-06,-1.2994089299902676e-08,-4.209071129418801e-06,1.3309245533911145,-0.0007695972850929279,-0.16907544660888552,0,0,FOLLOWING,1.3309285771052,3.144768947241724e-05,0
46.56,14.56907544742841,5.601384920945952e-05,0.0007273735878297122,15.9,0.0,0.0,-7.088993837778797e-06,-1.1069464567337075e-08,-4.289925201338095e-06,1.330924553750301,-0.0007694600074304017,-0.16907544624969906,0,0,FOLLOWING,1.3309280747784034,2.7517970604050333e-05,0
46.592,14.569075447122053,5.601384916576723e-05,0.0007272349489871436,15.9,0.0,0.0,-6.914542243728473e-06,-9.442979094275739e-09,-4.332463830271712e-06,1.3309245540566585,-0.0007693213685453169,-0.16907544594334145,0,0,FOLLOWING,1.330927635178872,2.4079218130999365e-05,0
46.624,14.569075446860396,5.601384913440226e-05,0.0007270960355318896,15.9,0.0,0.0,-6.710795599742862e-06,-8.066505367505525e-09,-4.34104547668866e-06,1.330924554318316,-0.0007691824550582224,-0.1690754456816841,0,0,FOLLOWING,1.3309272504783503,2.107011094673997e-05,0
46.656,14.569075446636614,5.601384911257879e-05,0.0007269578041112324,15.9,0.0,0.0,-6.4835693055712365e-06,-6.899965145599834e-09,-4.319731895539847e-06,1.3309245545420978,-0.0007690442236140916,-0.1690754454579022,0,0,FOLLOWING,1.3309269138246056,1.843698314482985e-05,0
46.688,14.56907544644497,5.601384909806833e-05,0.0007268210906772864,15.9,0.0,0.0,-6.23795409638181e-06,-5.909935056532956e-09,-4.272294810805312e-06,1.3309245547337418,-0.0007689075101631827,-0.16907544526625817,0,0,FOLLOWING,1.3309266192199203,1.6132869104988454e-05,0
46.72,14.569075446280639,5.6013849089124864e-05,0.0007266866194977649,15.9,0.0,0.0,-5.978403144483418e-06,-5.068519069649104e-09,-4.202224360055516e-06,1.3309245548980726,-0.0007687730389717451,-0.1690754451019274,0,0,FOLLOWING,1.3309263614146642,1.4116667549278093e-05,0
46.752,14.569075446139545,5.601384908438626e-05,0.0007265550118534638,15.9,0.0,0.0,-5.708806662682576e-06,-4.3524033979863515e-09,-4.112738884411609e-06,1.3309245550391668,-0.0007686414313194219,-0.16907544496083315,0,0,FOLLOWING,1.3309261358141342,1.2352409771908076e-05,0
46.784,14.569075446018257,5.601384908276949e-05,0.0007264267943921222,15.9,0.0,0.0,-5.432556180716768e-06,-3.7420750684699005e-09,-4.006795666919985e-06,1.3309245551604547,-0.0007685132138530303,-0.16907544483954529,0,0,FOLLOWING,1.3309259383969105,1.0808619083567033e-05,0
46.816,14.569075445913864,5.601384908341315e-05,0.0007263024071172172,15.9,0.0,0.0,-5.152600255706049e-06,-3.2211904010539793e-09,-3.8871023407838325e-06,1.3309245552648477,-0.0007683888265753078,-0.16907544473515235,0,0,FOLLOWING,1.3309257656434352,9.45775012381862e-06,0
46.848,14.569075445823911,5.601384908566679e-05,0.0007261822109987957,15.9,0.0,0.0,-4.871493048555506e-06,-2.77603503704272e-09,-3.756128700667016e-06,1.3309245553548006,-0.0007682686304557352,-0.1690754446451994,0,0,FOLLOWING,1.3309256144734147,8.275698098112952e-06,0
46.88,14.569075445746313,5.601384908903616e-05,0.0007260664951883578,15.9,0.0,0.0,-4.59143692492107e-06,-2.395088815368727e-09,-3.6161190761919908e-06,1.330924555432399,-0.000768152914645375,-0.16907544456760104,0,0,FOLLOWING,1.3309254821910663,7.241369228337454e-06,0
46.912,14.569075445679298,5.601384909310441e-05,0.0007259554838437235,15.9,0.0,0.0,-4.314320028515589e-06,-2.068662927054447e-09,-3.4691045198219493e-06,1.3309245554994138,-0.0007680419033016783,-0.1690754445005862,0,0,FOLLOWING,1.3309253664371514,6.336304788277466e-06,0
46.944,14.569075445621364,5.60138490976177e-05,0.0007258493425588106,15.9,0.0,0.0,-4.041749596646017e-06,-1.7885930081410027e-09,-3.316915153530616e-06,1.330924555557348,-0.0007679357620183245,-0.1690754444426521,0,0,FOLLOWING,1.3309252651469912,5.544352059881393e-06,0
46.976,14.56907544557123,5.601384910232452e-05,0.0007257481844011945,15.9,0.0,0.0,-3.7750816453605064e-06,-1.5479956353472894e-09,-3.1611924254987536e-06,1.330924555607482,-0.0007678346038626595,-0.16907544439251798,0,0,FOLLOWING,1.3309251765137182,4.85137634973317e-06,0
47.008,14.569075445527803,5.601384910709499e-05,0.0007256520755659579,15.9,0.0,0.0,-3.5154475395240864e-06,-1.3410546101131555e-09,-3.003401101142342e-06,1.3309245556509086,-0.000767738495029634,-0.16907544434909139,0,0,FOLLOWING,1.3309250989561046,4.24500894344707e-06,0
47.04,14.56907544549015,5.601384911178328e-05,0.0007255610406492065,15.9,0.0,0.0,-3.2637778684288153e-06,-1.1628499296153024e-09,-2.8448411484879135e-06,1.330924555688562,-0.0007676474601152146,-0.16907544431143795,0,0,FOLLOWING,1.3309250310904004,3.7144265348826052e-06,0
47.072,14.569075445457477,5.601384911631017e-05,0.0007254750675597214,15.9,0.0,0.0,-3.0208239764467617e-06,-1.0092168874896923e-09,-2.6866590464088958e-06,1.3309245557212346,-0.0007675614870280976,-0.16907544427876542,0,0,FOLLOWING,1.330924971705676,3.2501581847294277e-06,0
47.104,14.569075445429098,5.6013849120629434e-05,0.0007253941120717116,15.9,0.0,0.0,-2.787177434997723e-06,-8.76617830909187e-10,-2.5298590003055142e-06,1.3309245557496137,-0.0007674805315424357,-0.16907544425038634,0,0,FOLLOWING,1.3309249197422663,2.8439163848076134e-06,0
47.136,14.56907544540443,5.601384912471101e-05,0.0007253181020363916,15.9,0.0,0.0,-2.5632876953792412e-06,-7.620497550977441e-10,-2.3753136037530862e-06,1.330924555774282,-0.0007674045215094025,-0.16907544422571807,0,0,FOLLOWING,1.3309248742728657,2.4884492152194227e-06,0
47.168,14.569075445382971,5.6013849128506644e-05,0.0007252469412673701,15.9,0.0,0.0,-2.349478123568132e-06,-6.629589198299353e-10,-2.223774031924535e-06,1.3309245557957403,-0.0007673333607425541,-0.16907544420425968,0,0,FOLLOWING,1.330924834486011,2.177410965896174e-06,0
47.2,14.569075445364291,5.6013849132038785e-05,0.0007251805131050193,15.9,0.0,0.0,-2.145960583064306e-06,-5.771692801078613e-10,-2.0758800734614076e-06,1.3309245558144205,-0.0007672669325822666,-0.16907544418557952,0,0,FOLLOWING,1.330924799671616,1.9052489174426097e-06,0
47.232,14.56907544534802,5.6013849135287096e-05,0.0007251186836884629,15.9,0.0,0.0,-1.9528487123025367e-06,-5.028282381890683e-10,-1.9321692673848807e-06,1.330924555830692,-0.0007672051031676363,-0.1690754441693081,0,0,FOLLOWING,1.3309247692083042,1.6671042606702846e-06,0
47.264,14.569075445333834,5.60138491382671e-05,0.0007250613049390979,15.9,0.0,0.0,-1.770170016985127e-06,-4.383464017365558e-10,-1.7930859176545977e-06,1.330924555844878,-0.0007671477244200617,-0.1690754441551221,0,0,FOLLOWING,1.3309247425523432,1.4587253937309452e-06,0
47.296,14.569075445321463,5.601384914099559e-05,0.00072500821727297,15.9,0.0,0.0,-1.5978768833001204e-06,-3.8236643960961853e-10,-1.6589895665019752e-06,1.3309245558572484,-0.0007670946367555929,-0.16907544414275155,0,0,FOLLOWING,1.3309247192279234,1.2763920508623792e-06,0
47.328,14.569075445310665,5.601384914345809e-05,0.000724959252059748,15.9,0.0,0.0,-1.4358566049883475e-06,-3.3372929893452424e-10,-1.5301629131807151e-06,1.330924555868047,-0.0007670456715438796,-0.16907544413195308,0,0,FOLLOWING,1.330924698818701,1.1168489096641375e-06,0
47.36,14.569075445301236,5.601384914570227e-05,0.0007249142338428806,15.9,0.0,0.0,-1.283940505484854e-06,-2.91437794400065e-10,-1.4068192771148104e-06,1.3309245558774758,-0.0007670006533284001,-0.16907544412252418,0,0,FOLLOWING,1.3309246809603479,9.772474889629922e-07,0
47.392,14.569075445292999,5.601384914772957e-05,0.0007248729823322425,15.9,0.0,0.0,-1.1419122270609593e-06,-2.5463571335961384e-10,-1.2891097074384004e-06,1.3309245558857128,-0.0007669594018190246,-0.1690754441142872,0,0,FOLLOWING,1.3309246653340672,8.550953075375892e-07,0
47.424,14.569075445285797,5.60138491495574e-05,0.0007248353141855878,15.9,0.0,0.0,-1.0095152509383273e-06,-2.22589760616067e-10,-1.1771295829637783e-06,1.3309245558929141,-0.0007669217336735155,-0.16907544410708586,0,0,FOLLOWING,1.330924651660898,7.482113974816003e-07,0
47.456,14.5690754452795,5.601384915119345e-05,0.0007248010445951431,15.9,0.0,0.0,-8.864597083146532e-07,-1.9466497673076496e-10,-1.0709247013951471e-06,1.3309245558992113,-0.0007668874640841012,-0.16907544410078867,0,0,FOLLOWING,1.330924639696735,6.546873756213635e-07,0
47.488,14.569075445273992,5.6013849152677475e-05,0.0007247699886891856,15.9,0.0,0.0,-7.724285345206334e-07,-1.7031630021491147e-10,-9.704970611705453e-07,1.3309245559047198,-0.0007668564081790845,-0.1690754440952802,0,0,FOLLOWING,1.3309246292279837,5.728533763221799e-07,0
47.52,14.56907544526917,5.601384915401457e-05,0.0007247419627623949,15.9,0.0,0.0,-6.670830151378507e-07,-1.490719006953432e-10,-8.758102122112072e-07,1.3309245559095408,-0.0007668283822531459,-0.16907544409045916,0,0,FOLLOWING,1.3309246200677414,5.012482420002709e-07,0
47.552,14.56907544526495,5.60138491551841e-05,0.0007247167853503276,15.9,0.0,0.0,-5.700677695304183e-07,-1.3052867420549341e-10,-7.867941271064715e-07,1.3309245559137615,-0.0007668032048418239,-0.16907544408623854,0,0,FOLLOWING,1.3309246120524623,4.385934412082249e-07,0
47.584,14.569075445261252,5.601384915623876e-05,0.0007246942781571235,15.9,0.0,0.0,-4.810152137763881e-07,-1.1433190714416404e-10,-7.033497876250171e-07,1.3309245559174598,-0.0007667806976492953,-0.16907544408254016,0,0,FOLLOWING,1.330924605039043,3.837702452252973e-07,0
47.616,14.569075445258012,5.60138491571848e-05,0.0007246742668498801,15.9,0.0,0.0,-3.9954954113903313e-07,-1.0017783355516019e-10,-6.253533513578011e-07,1.3309245559207,-0.0007667606863426603,-0.16907544407930009,0,0,FOLLOWING,1.3309245989022613,3.357997523695275e-07,0
47.648,14.569075445255171,5.6013849158017835e-05,0.000724656581731328,15.9,0.0,0.0,-3.252902582179473e-07,-8.780213525644205e-11,-5.526599547550908e-07,1.3309245559235403,-0.0007667430012246443,-0.1690754440764597,0,0,FOLLOWING,1.3309245935325478,2.9382541308742964e-07,0
47.68,14.569075445252682,5.601384915877238e-05,0.0007246410582956291,15.9,0.0,0.0,-2.5785530801329893e-07,-7.697818613520479e-11,-4.851073655920963e-07,1.330924555926029,-0.0007667274777894335,-0.16907544407397102,0,0,FOLLOWING,1.3309245888340235,2.570977407950785e-07,0
47.712,14.5690754452505,5.6013849159433986e-05,0.0007246275376884707,15.9,0.0,0.0,-1.968638153313379e-07,-6.750573242173856e-11,-4.2251897369624285e-07,1.3309245559282121,-0.0007667139571827032,-0.16907544407178787,0,0,FOLLOWING,1.3309245847227984,2.2496092675184444e-07,0
47.744,14.569075445248584,5.601384916000859e-05,0.0007246158670682988,15.9,0.0,0.0,-1.41938481786378e-07,-5.921406191471023e-11,-3.647068803716251e-07,1.330924555930127,-0.0007667022865629026,-0.16907544406987296,0,0,FOLLOWING,1.3309245811254626,1.9684113275853268e-07,0
47.776,14.569075445246904,5.601384916056175e-05,0.0007246058998884617,15.9,0.0,0.0,-9.27076612372846e-08,-5.1952756416624166e-11,-3.1147436991118483e-07,1.3309245559318075,-0.0007666923193834279,-0.16907544406819253,0,0,FOLLOWING,1.330924577977785,1.7223624796226e-07,0
47.808,14.56907544524543,5.6013849161024036e-05,0.0007245974961004023,15.9,0.0,0.0,-4.880714016288059e-08,-4.5592852536827e-11,-2.626183768571116e-07,1.3309245559332818,-0.0007666839155956693,-0.16907544406671815,0,0,FOLLOWING,1.330924575223558,1.5070692241770173e-07,0
47.84,14.569075445244136,5.601384916143228e-05,0.0007245905222900249,15.9,0.0,0.0,-9.881649186013444e-09,-4.002120245289529e-11,-2.1793157428945663e-07,1.330924555934575,-0.0007666769417855577,-0.16907544406542496,0,0,FOLLOWING,1.3309245728136048,1.3186872058590933e-07,0
47.872,14.569075445243,5.6013849161801375e-05,0.0007245848517561137,15.9,0.0,0.0,2.4413870010595176e-08,-3.513608140327466e-11,-1.7720418472732618e-07,1.330924555935712,-0.0007666712712518877,-0.1690754440642881,0,0,FOLLOWING,1.3309245707048916,1.1538526015597953e-07,0
47.904,14.569075445242001,5.60138491621309e-05,0.0007245803645297578,15.9,0.0,0.0,5.44132223653436e-08,-3.085167542997857e-11,-1.4022582361729527e-07,1.3309245559367102,-0.0007666667840257479,-0.16907544406328978,0,0,FOLLOWING,1.3309245688597648,1.0096220712630375e-07,0
47.936,14.569075445241126,5.601384916240593e-05,0.0007245769473513442,15.9,0.0,0.0,8.04381192748726e-08,-2.709481897001639e-11,-1.0678682542579661e-07,1.330924555937586,-0.0007666633668475132,-0.16907544406241404,0,0,FOLLOWING,1.3309245672452767,8.834201612295937e-08,0
47.968,14.569075445240356,5.601384916266407e-05,0.0007245744936062963,15.9,0.0,0.0,1.0279752026380472e-07,-2.379799574971156e-11,-7.667953274360298e-08,1.3309245559383551,-0.000766660913102635,-0.16907544406164488,0,0,FOLLOWING,1.3309245658325988,7.72993326886348e-08,0
48.0,14.56907544523968,5.601384916289912e-05,0.0007245729032216293,15.9,0.0,0.0,1.2178714063822046e-07,-2.0905445237837477e-11,-4.9699520849527705e-08,1.330924555939032,-0.0007666593227181233,-0.16907544406096808,0,0,FOLLOWING,1.3309245645965067,6.763697149970026e-08,0
